DATE,temp_c,wind_speed_mps,wind_dir_deg,cloud_fraction
2023-01-01 00:00:00,17.75,4.1,185.0,0.375
2023-01-01 01:00:00,16.7,4.6,180.0,0.25
2023-01-01 02:00:00,16.1,3.1,170.0,0.25
2023-01-01 03:00:00,15.850000000000001,3.5999999999999996,175.0,0.25
2023-01-01 04:00:00,15.0,4.6,190.0,0.25
2023-01-01 05:00:00,15.0,6.2,729.3333333333334,0.25
2023-01-01 06:00:00,13.6,4.9,190.0,0.375
2023-01-01 07:00:00,13.3,4.1,170.0,0.5
2023-01-01 08:00:00,12.8,5.1,190.0,0.5
2023-01-01 09:00:00,12.25,3.8499999999999996,195.0,0.5
2023-01-01 10:00:00,12.2,3.1,190.0,
2023-01-01 11:00:00,13.3,3.6,170.0,
2023-01-01 12:00:00,13.05,4.35,180.0,0.75
2023-01-01 13:00:00,13.3,6.7,190.0,
2023-01-01 14:00:00,15.0,7.2,190.0,
2023-01-01 15:00:00,16.4,7.2,190.0,0.75
2023-01-01 16:00:00,21.1,7.2,190.0,
2023-01-01 17:00:00,22.2,6.7,180.0,
2023-01-01 18:00:00,23.049999999999997,6.45,175.0,0.75
2023-01-01 19:00:00,24.4,6.2,180.0,
2023-01-01 20:00:00,24.4,6.7,180.0,
2023-01-01 21:00:00,24.7,6.95,180.0,0.75
2023-01-01 22:00:00,24.4,5.7,180.0,
2023-01-01 23:00:00,21.7,4.6,160.0,
2023-01-02 00:00:00,20.549999999999997,4.1,155.0,0.75
2023-01-02 01:00:00,20.6,4.6,160.0,
2023-01-02 02:00:00,19.4,4.1,170.0,
2023-01-02 03:00:00,18.85,4.1,165.0,0.75
2023-01-02 04:00:00,18.3,4.6,170.0,
2023-01-02 05:00:00,17.8,3.6,584.5,
2023-01-02 06:00:00,18.5,4.475,175.0,0.75
2023-01-02 07:00:00,19.099999999999998,5.133333333333333,180.0,
2023-01-02 08:00:00,19.4,5.1,180.0,
2023-01-02 09:00:00,19.4,5.1,180.0,1.0
2023-01-02 10:00:00,17.8,4.6,140.0,
2023-01-02 11:00:00,18.95,3.6,150.0,
2023-01-02 12:00:00,18.6,3.8499999999999996,140.0,1.0
2023-01-02 13:00:00,18.95,4.1,130.0,
2023-01-02 14:00:00,19.23333333333333,4.6,133.33333333333334,
2023-01-02 15:00:00,20.333333333333332,4.1,153.33333333333334,0.75
2023-01-02 16:00:00,22.2,7.7,170.0,
2023-01-02 17:00:00,23.3,6.7,170.0,
2023-01-02 18:00:00,22.75,6.45,175.0,1.0
2023-01-02 19:00:00,24.4,7.2,170.0,
2023-01-02 20:00:00,25.0,11.3,190.0,
2023-01-02 21:00:00,25.3,10.05,190.0,1.0
2023-01-02 22:00:00,25.0,7.2,200.0,
2023-01-02 23:00:00,23.3,4.6,200.0,
2023-01-03 00:00:00,23.3,4.6,190.0,0.75
2023-01-03 01:00:00,21.1,4.6,200.0,0.5
2023-01-03 02:00:00,20.0,3.6,180.0,0.5
2023-01-03 03:00:00,20.7,6.166666666666667,246.66666666666666,0.5
2023-01-03 04:00:00,19.4,4.6,300.0,0.5
2023-01-03 05:00:00,17.8,5.1,634.5,0.25
2023-01-03 06:00:00,17.5,4.6,265.0,0.375
2023-01-03 07:00:00,17.2,3.6,250.0,
2023-01-03 08:00:00,16.7,3.1,250.0,
2023-01-03 09:00:00,16.95,3.5999999999999996,265.0,0.75
2023-01-03 10:00:00,16.7,3.6,260.0,
2023-01-03 11:00:00,16.1,3.6,240.0,
2023-01-03 12:00:00,15.55,4.65,245.0,1.0
2023-01-03 13:00:00,13.9,4.6,240.0,0.5
2023-01-03 14:00:00,15.0,5.1,250.0,0.5
2023-01-03 15:00:00,15.85,5.4,260.0,0.5
2023-01-03 16:00:00,17.8,5.7,280.0,
2023-01-03 17:00:00,18.3,6.2,270.0,
2023-01-03 18:00:00,18.85,5.95,270.0,0.75
2023-01-03 19:00:00,20.0,6.7,270.0,
2023-01-03 20:00:00,19.4,5.7,290.0,
2023-01-03 21:00:00,19.15,5.7,290.0,0.75
2023-01-03 22:00:00,18.9,5.1,310.0,
2023-01-03 23:00:00,17.8,3.6,300.0,
2023-01-04 00:00:00,16.950000000000003,3.8499999999999996,315.0,0.75
2023-01-04 01:00:00,16.1,3.6,300.0,
2023-01-04 02:00:00,13.3,4.1,320.0,
2023-01-04 03:00:00,12.2,3.3499999999999996,330.0,0.625
2023-01-04 04:00:00,10.6,2.6,320.0,0.25
2023-01-04 05:00:00,10.0,3.6,659.5,0.25
2023-01-04 06:00:00,8.6,3.1,325.0,0.25
2023-01-04 07:00:00,6.7,4.6,340.0,0.25
2023-01-04 08:00:00,6.7,2.6,340.0,0.0
2023-01-04 09:00:00,6.4,2.6,340.0,0.0
2023-01-04 10:00:00,5.6,3.1,320.0,0.0
2023-01-04 11:00:00,4.4,2.6,330.0,0.25
2023-01-04 12:00:00,4.15,1.3,664.5,0.25
2023-01-04 13:00:00,3.9,3.1,350.0,0.25
2023-01-04 14:00:00,6.7,4.1,350.0,0.25
2023-01-04 15:00:00,7.800000000000001,3.8499999999999996,180.0,0.25
2023-01-04 16:00:00,10.0,3.1,40.0,0.25
2023-01-04 17:00:00,10.6,0.0,999.0,0.5
2023-01-04 18:00:00,11.399999999999999,1.05,999.0,0.5
2023-01-04 19:00:00,13.3,0.0,999.0,0.5
2023-01-04 20:00:00,14.4,2.6,300.0,0.25
2023-01-04 21:00:00,14.4,3.3499999999999996,325.0,0.25
2023-01-04 22:00:00,13.3,3.6,360.0,0.25
2023-01-04 23:00:00,10.6,2.1,30.0,0.25
2023-01-05 00:00:00,10.6,1.05,514.5,0.25
2023-01-05 01:00:00,10.0,0.0,999.0,0.25
2023-01-05 02:00:00,10.6,0.0,999.0,0.0
2023-01-05 03:00:00,9.2,1.55,674.5,0.0
2023-01-05 04:00:00,7.8,2.6,330.0,0.0
2023-01-05 05:00:00,6.1,2.1,669.5,0.0
2023-01-05 06:00:00,6.1,2.1,330.0,0.0
2023-01-05 07:00:00,5.0,3.6,320.0,0.0
2023-01-05 08:00:00,4.4,3.6,320.0,0.0
2023-01-05 09:00:00,3.85,2.85,255.0,0.0
2023-01-05 10:00:00,2.2,2.1,250.0,0.0
2023-01-05 11:00:00,4.4,3.1,320.0,0.25
2023-01-05 12:00:00,3.6,2.85,325.0,0.25
2023-01-05 13:00:00,3.9,3.1,320.0,0.25
2023-01-05 14:00:00,5.6,3.6,350.0,0.25
2023-01-05 15:00:00,7.25,1.8,674.5,0.25
2023-01-05 16:00:00,10.6,1.5,999.0,
2023-01-05 17:00:00,12.2,1.5,340.0,
2023-01-05 18:00:00,13.3,2.3,350.0,0.625
2023-01-05 19:00:00,15.6,2.6,360.0,
2023-01-05 20:00:00,16.7,2.1,30.0,0.5
2023-01-05 21:00:00,16.15,2.6,70.0,0.375
2023-01-05 22:00:00,15.0,1.5,110.0,0.25
2023-01-05 23:00:00,12.8,0.0,999.0,0.25
2023-01-06 00:00:00,11.95,0.75,574.5,0.25
2023-01-06 01:00:00,10.6,0.0,999.0,0.25
2023-01-06 02:00:00,8.9,1.5,130.0,0.25
2023-01-06 03:00:00,9.15,1.5,135.0,0.25
2023-01-06 04:00:00,8.9,1.5,130.0,0.5
2023-01-06 05:00:00,8.3,1.5,559.5,
2023-01-06 06:00:00,8.600000000000001,2.3,140.0,0.75
2023-01-06 07:00:00,8.3,2.1,120.0,
2023-01-06 08:00:00,6.7,2.6,150.0,
2023-01-06 09:00:00,7.25,2.6,145.0,0.625
2023-01-06 10:00:00,5.0,3.6,130.0,0.25
2023-01-06 11:00:00,5.0,3.1,120.0,0.25
2023-01-06 12:00:00,5.0,3.35,125.0,0.25
2023-01-06 13:00:00,5.6,2.6,140.0,0.25
2023-01-06 14:00:00,10.6,4.6,150.0,0.25
2023-01-06 15:00:00,11.95,5.4,155.0,0.375
2023-01-06 16:00:00,14.7,6.7,175.0,
2023-01-06 17:00:00,15.6,5.7,170.0,
2023-01-06 18:00:00,17.25,7.725,177.5,0.75
2023-01-06 19:00:00,20.0,10.8,180.0,
2023-01-06 20:00:00,21.1,8.2,170.0,
2023-01-06 21:00:00,20.85,7.949999999999999,170.0,0.75
2023-01-06 22:00:00,20.6,7.2,170.0,0.5
2023-01-06 23:00:00,19.4,5.1,170.0,0.5
2023-01-07 00:00:00,19.15,5.4,175.0,0.5
2023-01-07 01:00:00,20.0,7.7,180.0,
2023-01-07 02:00:00,20.0,6.2,180.0,0.5
2023-01-07 03:00:00,19.45,5.15,175.0,0.5
2023-01-07 04:00:00,17.8,6.7,190.0,0.5
2023-01-07 05:00:00,17.8,7.2,594.5,0.25
2023-01-07 06:00:00,17.25,6.95,190.0,0.25
2023-01-07 07:00:00,15.6,5.7,200.0,0.25
2023-01-07 08:00:00,15.0,5.7,200.0,0.0
2023-01-07 09:00:00,15.3,4.9,210.0,0.0
2023-01-07 10:00:00,13.9,3.6,230.0,0.0
2023-01-07 11:00:00,13.9,3.6,250.0,0.25
2023-01-07 12:00:00,13.05,4.1,285.0,0.25
2023-01-07 13:00:00,10.6,6.7,310.0,0.5
2023-01-07 14:00:00,10.0,5.1,330.0,
2023-01-07 15:00:00,10.3,5.9,330.0,0.75
2023-01-07 16:00:00,12.2,6.2,330.0,
2023-01-07 17:00:00,13.3,4.1,320.0,
2023-01-07 18:00:00,13.850000000000001,4.35,320.0,0.75
2023-01-07 19:00:00,15.0,5.1,330.0,
2023-01-07 20:00:00,15.0,6.2,330.0,
2023-01-07 21:00:00,15.0,5.65,335.0,0.75
2023-01-07 22:00:00,15.0,2.1,330.0,
2023-01-07 23:00:00,14.4,6.7,340.0,
2023-01-08 00:00:00,13.850000000000001,6.2,335.0,0.75
2023-01-08 01:00:00,12.8,6.2,330.0,
2023-01-08 02:00:00,11.7,5.1,350.0,
2023-01-08 03:00:00,11.399999999999999,4.85,350.0,0.75
2023-01-08 04:00:00,10.6,5.7,350.0,
2023-01-08 05:00:00,10.0,5.1,674.5,
2023-01-08 06:00:00,9.15,4.6,345.0,0.75
2023-01-08 07:00:00,8.3,3.1,310.0,
2023-01-08 08:00:00,8.3,3.6,320.0,
2023-01-08 09:00:00,8.3,4.1,325.0,0.75
2023-01-08 10:00:00,7.8,3.6,340.0,
2023-01-08 11:00:00,6.1,4.1,350.0,
2023-01-08 12:00:00,5.85,4.35,340.0,0.625
2023-01-08 13:00:00,5.0,3.6,330.0,0.25
2023-01-08 14:00:00,6.7,4.6,350.0,0.25
2023-01-08 15:00:00,7.800000000000001,4.6,180.0,0.25
2023-01-08 16:00:00,10.0,3.6,30.0,0.0
2023-01-08 17:00:00,11.7,3.1,10.0,0.0
2023-01-08 18:00:00,12.5,2.85,20.0,0.0
2023-01-08 19:00:00,14.4,0.0,999.0,0.0
2023-01-08 20:00:00,16.1,2.1,999.0,0.0
2023-01-08 21:00:00,16.1,2.35,529.5,0.0
2023-01-08 22:00:00,15.0,2.1,30.0,0.0
2023-01-08 23:00:00,13.9,1.5,350.0,0.0
2023-01-09 00:00:00,12.25,1.5,190.0,0.0
2023-01-09 01:00:00,10.6,0.0,999.0,0.0
2023-01-09 02:00:00,8.3,0.0,999.0,0.25
2023-01-09 03:00:00,8.3,0.0,999.0,0.25
2023-01-09 04:00:00,8.3,0.0,999.0,0.25
2023-01-09 05:00:00,8.3,0.0,999.0,0.5
2023-01-09 06:00:00,7.5,1.05,594.5,0.375
2023-01-09 07:00:00,5.6,1.5,110.0,0.5
2023-01-09 08:00:00,6.1,1.5,170.0,0.5
2023-01-09 09:00:00,5.85,0.75,584.5,0.5
2023-01-09 10:00:00,5.0,0.0,999.0,
2023-01-09 11:00:00,5.0,0.0,999.0,0.5
2023-01-09 12:00:00,3.9,0.0,999.0,0.5
2023-01-09 13:00:00,5.0,0.0,999.0,0.25
2023-01-09 14:00:00,8.3,2.1,150.0,0.25
2023-01-09 15:00:00,10.0,3.5999999999999996,170.0,0.25
2023-01-09 16:00:00,15.6,5.1,190.0,0.5
2023-01-09 17:00:00,17.2,5.7,190.0,
2023-01-09 18:00:00,17.75,6.45,185.0,0.625
2023-01-09 19:00:00,20.6,7.7,190.0,0.25
2023-01-09 20:00:00,21.1,5.7,180.0,0.25
2023-01-09 21:00:00,20.85,6.2,185.0,0.25
2023-01-09 22:00:00,20.0,6.7,190.0,0.0
2023-01-09 23:00:00,18.3,4.6,160.0,0.0
2023-01-10 00:00:00,17.5,4.35,160.0,0.0
2023-01-10 01:00:00,14.4,3.6,170.0,0.0
2023-01-10 02:00:00,13.9,3.1,160.0,0.25
2023-01-10 03:00:00,13.350000000000001,2.85,165.0,0.25
2023-01-10 04:00:00,12.2,3.1,190.0,
2023-01-10 05:00:00,13.3,4.6,599.5,
2023-01-10 06:00:00,13.3,5.15,200.0,0.5
2023-01-10 07:00:00,11.7,4.1,200.0,0.0
2023-01-10 08:00:00,10.0,3.1,190.0,0.0
2023-01-10 09:00:00,9.7,3.35,190.0,0.0
2023-01-10 10:00:00,8.9,4.1,190.0,0.0
2023-01-10 11:00:00,8.3,3.1,190.0,0.0
2023-01-10 12:00:00,7.75,3.35,195.0,0.0
2023-01-10 13:00:00,7.8,3.1,190.0,0.25
2023-01-10 14:00:00,12.2,5.1,200.0,0.25
2023-01-10 15:00:00,14.45,5.9,205.0,0.25
2023-01-10 16:00:00,20.0,7.2,210.0,0.25
2023-01-10 17:00:00,22.8,8.2,210.0,0.25
2023-01-10 18:00:00,23.9,7.949999999999999,215.0,0.25
2023-01-10 19:00:00,27.2,8.8,210.0,0.5
2023-01-10 20:00:00,28.3,9.3,210.0,
2023-01-10 21:00:00,28.05,9.05,210.0,0.75
2023-01-10 22:00:00,27.2,5.1,210.0,
2023-01-10 23:00:00,22.8,5.1,200.0,0.5
2023-01-11 00:00:00,20.85,4.6,200.0,0.5
2023-01-11 01:00:00,20.0,4.6,180.0,0.5
2023-01-11 02:00:00,17.8,5.1,190.0,0.5
2023-01-11 03:00:00,18.05,5.65,195.0,0.5
2023-01-11 04:00:00,17.8,4.6,210.0,
2023-01-11 05:00:00,16.7,4.6,614.5,
2023-01-11 06:00:00,16.15,4.35,225.0,0.75
2023-01-11 07:00:00,15.6,4.6,220.0,
2023-01-11 08:00:00,15.6,4.6,230.0,
2023-01-11 09:00:00,15.0,4.6,225.0,0.75
2023-01-11 10:00:00,13.9,4.6,210.0,
2023-01-11 11:00:00,15.0,5.1,220.0,
2023-01-11 12:00:00,14.45,5.4,220.0,0.75
2023-01-11 13:00:00,12.8,4.6,220.0,
2023-01-11 14:00:00,17.2,4.6,220.0,0.5
2023-01-11 15:00:00,19.15,4.1,220.0,0.375
2023-01-11 16:00:00,25.0,7.7,240.0,0.25
2023-01-11 17:00:00,27.2,5.1,210.0,0.5
2023-01-11 18:00:00,27.2,6.95,210.0,0.5
2023-01-11 19:00:00,28.9,7.7,210.0,
2023-01-11 20:00:00,28.9,9.3,180.0,
2023-01-11 21:00:00,28.6,9.3,180.0,0.75
2023-01-11 22:00:00,26.1,9.8,180.0,0.5
2023-01-11 23:00:00,24.4,8.2,190.0,
2023-01-12 00:00:00,23.85,7.949999999999999,190.0,0.625
2023-01-12 01:00:00,22.2,6.2,210.0,0.25
2023-01-12 02:00:00,22.2,5.7,250.0,0.25
2023-01-12 03:00:00,22.766666666666666,7.233333333333333,280.0,0.375
2023-01-12 04:00:00,21.7,5.1,280.0,0.5
2023-01-12 05:00:00,20.6,9.8,644.5,0.5
2023-01-12 06:00:00,19.75,10.3,295.0,0.5
2023-01-12 07:00:00,15.0,12.4,300.0,
2023-01-12 08:00:00,12.75,12.100000000000001,310.0,0.25
2023-01-12 09:00:00,11.1,9.8,310.0,0.125
2023-01-12 10:00:00,8.9,9.3,320.0,0.0
2023-01-12 11:00:00,8.3,11.8,320.0,0.0
2023-01-12 12:00:00,8.05,11.05,320.0,0.25
2023-01-12 13:00:00,7.8,8.8,320.0,0.25
2023-01-12 14:00:00,8.9,10.3,320.0,0.25
2023-01-12 15:00:00,9.45,10.3,325.0,0.25
2023-01-12 16:00:00,11.7,7.7,330.0,0.25
2023-01-12 17:00:00,13.3,9.8,330.0,0.25
2023-01-12 18:00:00,13.600000000000001,10.3,330.0,0.25
2023-01-12 19:00:00,14.4,9.3,320.0,0.0
2023-01-12 20:00:00,14.4,10.3,330.0,0.0
2023-01-12 21:00:00,14.15,10.05,335.0,0.25
2023-01-12 22:00:00,12.8,8.8,340.0,0.25
2023-01-12 23:00:00,11.1,5.7,340.0,0.25
2023-01-13 00:00:00,10.25,5.15,340.0,0.25
2023-01-13 01:00:00,9.4,4.6,310.0,0.0
2023-01-13 02:00:00,7.2,3.6,340.0,0.0
2023-01-13 03:00:00,7.2,4.1,340.0,0.0
2023-01-13 04:00:00,7.2,4.6,310.0,0.0
2023-01-13 05:00:00,5.6,2.6,669.5,0.25
2023-01-13 06:00:00,5.6,3.1,330.0,0.25
2023-01-13 07:00:00,5.0,3.6,340.0,
2023-01-13 08:00:00,5.0,4.1,310.0,0.5
2023-01-13 09:00:00,4.45,3.8499999999999996,315.0,0.5
2023-01-13 10:00:00,2.8,3.6,320.0,
2023-01-13 11:00:00,1.1,3.1,320.0,
2023-01-13 12:00:00,1.1,2.85,165.0,0.5
2023-01-13 13:00:00,2.8,3.6,320.0,0.5
2023-01-13 14:00:00,5.0,3.6,350.0,0.25
2023-01-13 15:00:00,5.85,3.6,180.0,0.25
2023-01-13 16:00:00,8.9,3.1,350.0,0.25
2023-01-13 17:00:00,10.0,,999.0,0.25
2023-01-13 18:00:00,11.1,3.1,999.0,0.125
2023-01-13 19:00:00,12.8,3.6,320.0,0.25
2023-01-13 20:00:00,13.9,2.1,10.0,0.25
2023-01-13 21:00:00,14.15,2.35,504.5,0.25
2023-01-13 22:00:00,13.9,2.6,20.0,0.25
2023-01-13 23:00:00,10.6,2.1,80.0,0.25
2023-01-14 00:00:00,10.3,1.05,539.5,0.25
2023-01-14 01:00:00,9.4,1.5,90.0,0.25
2023-01-14 02:00:00,8.3,1.5,110.0,0.25
2023-01-14 03:00:00,8.3,1.5,130.0,0.125
2023-01-14 04:00:00,7.2,2.1,120.0,0.0
2023-01-14 05:00:00,6.1,2.1,569.5,0.0
2023-01-14 06:00:00,6.4,1.05,569.5,0.0
2023-01-14 07:00:00,6.1,2.1,150.0,0.0
2023-01-14 08:00:00,5.6,2.1,150.0,0.0
2023-01-14 09:00:00,5.3,2.35,135.0,0.0
2023-01-14 10:00:00,3.3,3.1,140.0,0.25
2023-01-14 11:00:00,3.3,2.6,160.0,0.25
2023-01-14 12:00:00,3.3,2.35,150.0,0.375
2023-01-14 13:00:00,3.9,2.6,150.0,
2023-01-14 14:00:00,6.7,2.1,160.0,
2023-01-14 15:00:00,7.800000000000001,2.85,170.0,0.75
2023-01-14 16:00:00,11.7,5.1,170.0,
2023-01-14 17:00:00,14.4,7.2,180.0,
2023-01-14 18:00:00,15.0,6.45,165.0,0.75
2023-01-14 19:00:00,16.7,6.2,160.0,
2023-01-14 20:00:00,16.7,8.2,160.0,
2023-01-14 21:00:00,16.7,8.2,165.0,0.625
2023-01-14 22:00:00,16.1,7.7,170.0,0.25
2023-01-14 23:00:00,14.4,6.2,160.0,0.25
2023-01-15 00:00:00,14.15,6.45,160.0,0.25
2023-01-15 01:00:00,12.8,5.7,160.0,0.25
2023-01-15 02:00:00,13.3,8.8,170.0,0.25
2023-01-15 03:00:00,13.05,8.25,175.0,0.25
2023-01-15 04:00:00,11.7,8.2,170.0,0.25
2023-01-15 05:00:00,11.1,5.7,584.5,0.25
2023-01-15 06:00:00,11.1,6.2,175.0,0.25
2023-01-15 07:00:00,10.6,7.2,180.0,0.25
2023-01-15 08:00:00,10.0,6.7,180.0,0.5
2023-01-15 09:00:00,10.0,6.95,180.0,0.25
2023-01-15 10:00:00,10.0,7.7,180.0,0.0
2023-01-15 11:00:00,10.0,6.2,170.0,0.25
2023-01-15 12:00:00,9.45,5.15,165.0,0.25
2023-01-15 13:00:00,10.6,6.7,170.0,0.25
2023-01-15 14:00:00,10.0,4.6,150.0,0.25
2023-01-15 15:00:00,11.95,5.4,160.0,0.25
2023-01-15 16:00:00,17.8,11.3,190.0,
2023-01-15 17:00:00,17.8,9.8,180.0,
2023-01-15 18:00:00,18.35,9.55,175.0,0.75
2023-01-15 19:00:00,21.1,10.3,170.0,
2023-01-15 20:00:00,20.0,13.9,190.0,
2023-01-15 21:00:00,20.55,11.05,185.0,0.75
2023-01-15 22:00:00,20.6,9.3,180.0,
2023-01-15 23:00:00,19.4,7.7,180.0,
2023-01-16 00:00:00,19.7,7.45,180.0,0.75
2023-01-16 01:00:00,19.4,9.3,170.0,
2023-01-16 02:00:00,19.4,10.3,170.0,
2023-01-16 03:00:00,19.4,10.3,175.0,1.0
2023-01-16 04:00:00,18.9,11.3,180.0,
2023-01-16 05:00:00,18.3,8.8,589.5,
2023-01-16 06:00:00,18.3,9.3,185.0,1.0
2023-01-16 07:00:00,18.3,7.2,190.0,
2023-01-16 08:00:00,18.3,8.2,190.0,
2023-01-16 09:00:00,18.05,8.5,195.0,1.0
2023-01-16 10:00:00,17.8,8.8,200.0,
2023-01-16 11:00:00,17.2,7.2,200.0,
2023-01-16 12:00:00,17.2,7.45,200.0,1.0
2023-01-16 13:00:00,17.2,6.7,210.0,
2023-01-16 14:00:00,18.3,6.7,220.0,
2023-01-16 15:00:00,18.6,6.95,215.0,0.75
2023-01-16 16:00:00,20.0,6.2,210.0,
2023-01-16 17:00:00,21.7,7.2,210.0,
2023-01-16 18:00:00,21.95,6.7,210.0,0.75
2023-01-16 19:00:00,23.9,6.7,230.0,
2023-01-16 20:00:00,24.4,6.7,230.0,
2023-01-16 21:00:00,24.15,7.2,215.0,0.75
2023-01-16 22:00:00,23.3,6.7,210.0,
2023-01-16 23:00:00,21.1,4.6,200.0,
2023-01-17 00:00:00,19.15,4.35,200.0,0.75
2023-01-17 01:00:00,16.7,3.1,190.0,
2023-01-17 02:00:00,17.2,3.1,200.0,0.5
2023-01-17 03:00:00,16.65,3.5999999999999996,205.0,0.5
2023-01-17 04:00:00,15.0,4.1,230.0,
2023-01-17 05:00:00,15.0,4.1,614.5,0.5
2023-01-17 06:00:00,13.9,4.1,230.0,0.375
2023-01-17 07:00:00,12.8,4.1,220.0,0.5
2023-01-17 08:00:00,12.2,0.0,999.0,0.5
2023-01-17 09:00:00,11.95,2.05,604.5,0.5
2023-01-17 10:00:00,9.4,0.0,999.0,
2023-01-17 11:00:00,11.1,4.6,210.0,0.5
2023-01-17 12:00:00,10.25,3.5999999999999996,205.0,0.5
2023-01-17 13:00:00,9.4,3.1,200.0,
2023-01-17 14:00:00,15.0,4.1,210.0,
2023-01-17 15:00:00,16.65,4.6,220.0,0.75
2023-01-17 16:00:00,18.3,3.6,220.0,
2023-01-17 17:00:00,20.0,4.1,220.0,
2023-01-17 18:00:00,20.55,3.3499999999999996,230.0,0.75
2023-01-17 19:00:00,22.8,1.5,210.0,
2023-01-17 20:00:00,25.0,2.1,999.0,
2023-01-17 21:00:00,25.3,2.1,564.5,0.75
2023-01-17 22:00:00,23.9,2.1,999.0,
2023-01-17 23:00:00,21.7,2.1,160.0,
2023-01-18 00:00:00,20.299999999999997,3.0999999999999996,150.0,0.75
2023-01-18 01:00:00,20.6,7.2,140.0,0.5
2023-01-18 02:00:00,17.2,3.6,150.0,0.5
2023-01-18 03:00:00,17.5,3.35,150.0,0.375
2023-01-18 04:00:00,16.7,4.1,140.0,0.25
2023-01-18 05:00:00,17.2,3.6,574.5,0.25
2023-01-18 06:00:00,17.2,3.6,150.0,0.25
2023-01-18 07:00:00,16.7,2.1,160.0,
2023-01-18 08:00:00,18.05,4.1,185.0,
2023-01-18 09:00:00,18.3,5.633333333333333,196.66666666666666,1.0
2023-01-18 10:00:00,18.9,7.2,210.0,
2023-01-18 11:00:00,18.6,5.4,230.0,
2023-01-18 12:00:00,18.3,6.3999999999999995,245.0,1.0
2023-01-18 13:00:00,16.7,7.7,320.0,
2023-01-18 14:00:00,16.7,3.6,290.0,
2023-01-18 15:00:00,16.4,3.6,270.0,0.75
2023-01-18 16:00:00,15.6,4.6,240.0,
2023-01-18 17:00:00,17.8,6.2,250.0,
2023-01-18 18:00:00,19.200000000000003,7.75,255.0,0.75
2023-01-18 19:00:00,21.7,6.2,260.0,0.25
2023-01-18 20:00:00,21.7,6.2,240.0,0.25
2023-01-18 21:00:00,21.7,6.95,250.0,0.25
2023-01-18 22:00:00,21.1,8.8,250.0,0.25
2023-01-18 23:00:00,19.4,5.7,270.0,0.25
2023-01-19 00:00:00,18.85,5.4,270.0,0.25
2023-01-19 01:00:00,17.2,4.1,260.0,0.0
2023-01-19 02:00:00,14.4,4.6,220.0,0.0
2023-01-19 03:00:00,14.15,4.85,225.0,0.0
2023-01-19 04:00:00,14.4,5.7,230.0,0.0
2023-01-19 05:00:00,13.9,6.2,609.5,0.0
2023-01-19 06:00:00,13.9,6.2,225.0,0.0
2023-01-19 07:00:00,13.3,5.7,260.0,0.0
2023-01-19 08:00:00,12.2,8.8,310.0,0.0
2023-01-19 09:00:00,11.399999999999999,8.5,315.0,0.0
2023-01-19 10:00:00,8.9,7.7,310.0,0.0
2023-01-19 11:00:00,7.8,6.7,320.0,0.0
2023-01-19 12:00:00,7.25,5.9,320.0,0.25
2023-01-19 13:00:00,7.2,5.7,310.0,0.25
2023-01-19 14:00:00,8.3,7.7,310.0,0.25
2023-01-19 15:00:00,8.850000000000001,7.45,315.0,0.25
2023-01-19 16:00:00,11.1,6.2,320.0,0.25
2023-01-19 17:00:00,12.2,4.1,330.0,
2023-01-19 18:00:00,12.5,3.3499999999999996,300.0,0.75
2023-01-19 19:00:00,14.4,3.1,330.0,
2023-01-19 20:00:00,15.6,4.1,290.0,
2023-01-19 21:00:00,15.6,4.35,310.0,0.75
2023-01-19 22:00:00,15.0,5.1,350.0,
2023-01-19 23:00:00,13.3,2.1,320.0,
2023-01-20 00:00:00,11.350000000000001,2.1,170.0,0.75
2023-01-20 01:00:00,9.4,1.5,40.0,
2023-01-20 02:00:00,10.6,1.5,40.0,
2023-01-20 03:00:00,10.0,1.8,35.0,0.75
2023-01-20 04:00:00,10.0,0.0,999.0,
2023-01-20 05:00:00,10.0,1.5,504.5,
2023-01-20 06:00:00,8.9,1.8,20.0,0.75
2023-01-20 07:00:00,7.8,0.0,999.0,
2023-01-20 08:00:00,7.2,0.0,999.0,
2023-01-20 09:00:00,6.65,1.05,504.5,0.75
2023-01-20 10:00:00,5.6,1.5,10.0,
2023-01-20 11:00:00,5.6,0.0,999.0,
2023-01-20 12:00:00,5.85,0.0,999.0,0.75
2023-01-20 13:00:00,5.0,2.6,40.0,
2023-01-20 14:00:00,8.3,2.6,60.0,0.5
2023-01-20 15:00:00,9.7,3.1,90.0,0.5
2023-01-20 16:00:00,12.8,4.1,140.0,0.5
2023-01-20 17:00:00,14.4,4.6,100.0,
2023-01-20 18:00:00,15.0,3.8499999999999996,95.0,0.75
2023-01-20 19:00:00,16.1,2.1,150.0,
2023-01-20 20:00:00,16.1,4.1,130.0,
2023-01-20 21:00:00,15.850000000000001,4.35,135.0,0.75
2023-01-20 22:00:00,15.6,5.1,130.0,
2023-01-20 23:00:00,12.2,3.6,120.0,
2023-01-21 00:00:00,12.5,3.6,130.0,0.75
2023-01-21 01:00:00,11.7,3.1,130.0,
2023-01-21 02:00:00,12.2,4.6,140.0,
2023-01-21 03:00:00,11.95,4.35,140.0,0.75
2023-01-21 04:00:00,11.1,4.6,150.0,
2023-01-21 05:00:00,10.6,4.1,569.5,
2023-01-21 06:00:00,10.6,3.5999999999999996,135.0,1.0
2023-01-21 07:00:00,10.0,5.1,140.0,
2023-01-21 08:00:00,8.3,4.1,130.0,0.5
2023-01-21 09:00:00,8.3,3.8499999999999996,140.0,0.5
2023-01-21 10:00:00,8.3,2.6,140.0,
2023-01-21 11:00:00,8.9,3.6,140.0,
2023-01-21 12:00:00,8.600000000000001,2.55,135.0,1.0
2023-01-21 13:00:00,8.9,4.1,130.0,
2023-01-21 14:00:00,8.9,4.1,160.0,
2023-01-21 15:00:00,8.9,4.1,155.0,1.0
2023-01-21 16:00:00,9.4,4.35,155.0,
2023-01-21 17:00:00,10.0,5.7,150.0,
2023-01-21 18:00:00,11.149999999999999,5.15,155.0,0.75
2023-01-21 19:00:00,13.3,4.6,180.0,0.5
2023-01-21 20:00:00,14.4,4.1,170.0,0.25
2023-01-21 21:00:00,14.7,3.5999999999999996,165.0,0.25
2023-01-21 22:00:00,14.4,4.1,120.0,0.25
2023-01-21 23:00:00,11.7,4.1,120.0,0.25
2023-01-22 00:00:00,10.55,3.3499999999999996,125.0,0.25
2023-01-22 01:00:00,8.9,3.6,150.0,0.25
2023-01-22 02:00:00,8.3,5.1,160.0,0.25
2023-01-22 03:00:00,8.850000000000001,2.55,579.5,0.25
2023-01-22 04:00:00,8.9,5.1,310.0,0.25
2023-01-22 05:00:00,8.9,8.2,659.5,0.0
2023-01-22 06:00:00,8.35,7.949999999999999,315.0,0.0
2023-01-22 07:00:00,6.7,5.7,320.0,0.25
2023-01-22 08:00:00,6.1,6.2,300.0,0.25
2023-01-22 09:00:00,5.85,5.65,295.0,0.375
2023-01-22 10:00:00,4.4,6.7,300.0,0.5
2023-01-22 11:00:00,4.4,6.2,290.0,
2023-01-22 12:00:00,4.4,6.033333333333334,300.0,0.75
2023-01-22 13:00:00,4.4,5.7,290.0,
2023-01-22 14:00:00,5.0,7.2,320.0,
2023-01-22 15:00:00,5.55,8.0,320.0,0.75
2023-01-22 16:00:00,6.7,7.7,320.0,0.5
2023-01-22 17:00:00,8.3,6.7,330.0,0.5
2023-01-22 18:00:00,9.15,6.2,330.0,0.375
2023-01-22 19:00:00,11.1,6.7,320.0,0.25
2023-01-22 20:00:00,12.2,6.7,340.0,0.25
2023-01-22 21:00:00,12.2,6.45,335.0,0.25
2023-01-22 22:00:00,11.7,7.7,340.0,0.25
2023-01-22 23:00:00,10.0,4.6,340.0,0.25
2023-01-23 00:00:00,8.6,4.1,350.0,0.125
2023-01-23 01:00:00,6.1,4.1,30.0,0.0
2023-01-23 02:00:00,6.7,0.0,999.0,0.0
2023-01-23 03:00:00,5.550000000000001,0.0,999.0,0.0
2023-01-23 04:00:00,6.1,0.0,999.0,0.0
2023-01-23 05:00:00,3.9,0.0,999.0,0.0
2023-01-23 06:00:00,3.9,0.75,554.5,0.0
2023-01-23 07:00:00,3.3,0.0,999.0,0.0
2023-01-23 08:00:00,1.1,3.1,60.0,0.0
2023-01-23 09:00:00,1.4,2.85,60.0,0.0
2023-01-23 10:00:00,2.2,0.0,999.0,0.0
2023-01-23 11:00:00,1.1,3.1,70.0,0.0
2023-01-23 12:00:00,1.6500000000000001,2.3,150.0,0.0
2023-01-23 13:00:00,2.2,1.5,250.0,0.25
2023-01-23 14:00:00,4.4,1.5,220.0,0.25
2023-01-23 15:00:00,5.25,1.5,180.0,0.25
2023-01-23 16:00:00,8.3,0.0,999.0,0.25
2023-01-23 17:00:00,8.9,1.5,80.0,0.0
2023-01-23 18:00:00,9.75,2.05,80.0,0.25
2023-01-23 19:00:00,11.1,4.6,90.0,0.25
2023-01-23 20:00:00,11.7,4.6,110.0,0.25
2023-01-23 21:00:00,11.7,3.05,554.5,0.25
2023-01-23 22:00:00,10.6,4.6,110.0,0.5
2023-01-23 23:00:00,10.6,4.6,100.0,
2023-01-24 00:00:00,10.3,3.8499999999999996,100.0,0.75
2023-01-24 01:00:00,10.0,2.6,100.0,
2023-01-24 02:00:00,9.4,3.1,80.0,
2023-01-24 03:00:00,9.4,3.5999999999999996,80.0,0.75
2023-01-24 04:00:00,9.4,3.6,90.0,
2023-01-24 05:00:00,9.4,4.1,539.5,
2023-01-24 06:00:00,9.15,4.1,90.0,1.0
2023-01-24 07:00:00,8.9,5.1,110.0,
2023-01-24 08:00:00,8.9,5.7,100.0,
2023-01-24 09:00:00,8.600000000000001,5.95,105.0,1.0
2023-01-24 10:00:00,6.7,4.6,120.0,
2023-01-24 11:00:00,6.7,3.1,70.0,
2023-01-24 12:00:00,6.95,4.1,85.0,1.0
2023-01-24 13:00:00,7.2,3.6,80.0,
2023-01-24 14:00:00,6.7,4.6,30.0,
2023-01-24 15:00:00,6.7,5.15,35.0,1.0
2023-01-24 16:00:00,6.1,5.675,57.5,
2023-01-24 17:00:00,6.099999999999999,4.6,43.333333333333336,
2023-01-24 18:00:00,6.1,5.9,190.0,1.0
2023-01-24 19:00:00,5.933333333333333,7.533333333333334,233.33333333333334,
2023-01-24 20:00:00,5.2,8.066666666666666,16.666666666666668,
2023-01-24 21:00:00,4.45,8.375,32.5,1.0
2023-01-24 22:00:00,4.4,6.3999999999999995,55.0,
2023-01-24 23:00:00,5.0,4.766666666666667,346.6666666666667,
2023-01-25 00:00:00,4.6000000000000005,5.5,323.3333333333333,1.0
2023-01-25 01:00:00,1.8666666666666665,8.233333333333333,310.0,
2023-01-25 02:00:00,1.8666666666666665,8.033333333333333,320.0,
2023-01-25 03:00:00,2.2,8.066666666666668,333.3333333333333,1.0
2023-01-25 04:00:00,2.8,5.7,310.0,
2023-01-25 05:00:00,2.8,8.2,654.5,
2023-01-25 06:00:00,2.8666666666666667,8.033333333333333,310.0,1.0
2023-01-25 07:00:00,2.8,7.7,310.0,
2023-01-25 08:00:00,2.8,5.7,310.0,
2023-01-25 09:00:00,2.8666666666666667,6.033333333333334,303.3333333333333,1.0
2023-01-25 10:00:00,3.15,5.65,310.0,
2023-01-25 11:00:00,3.3,6.2,310.0,
2023-01-25 12:00:00,3.3,6.45,315.0,1.0
2023-01-25 13:00:00,3.3,4.875,315.0,
2023-01-25 14:00:00,3.9,5.1,300.0,
2023-01-25 15:00:00,4.75,5.4,305.0,0.75
2023-01-25 16:00:00,5.6,5.15,300.0,
2023-01-25 17:00:00,5.0,6.2,300.0,
2023-01-25 18:00:00,4.7,6.2,305.0,1.0
2023-01-25 19:00:00,5.0,6.2,310.0,
2023-01-25 20:00:00,6.1,6.2,320.0,
2023-01-25 21:00:00,6.4,6.45,325.0,1.0
2023-01-25 22:00:00,6.7,4.6,330.0,
2023-01-25 23:00:00,5.85,3.6,325.0,0.25
2023-01-26 00:00:00,5.6,2.85,305.0,0.125
2023-01-26 01:00:00,5.0,3.6,240.0,0.0
2023-01-26 02:00:00,5.0,4.1,250.0,0.0
2023-01-26 03:00:00,4.7,4.35,255.0,0.0
2023-01-26 04:00:00,5.0,5.1,290.0,0.0
2023-01-26 05:00:00,4.4,4.6,649.5,0.0
2023-01-26 06:00:00,3.6,4.35,305.0,0.0
2023-01-26 07:00:00,2.8,3.1,300.0,0.0
2023-01-26 08:00:00,1.7,3.1,310.0,0.0
2023-01-26 09:00:00,1.4,3.1,320.0,0.0
2023-01-26 10:00:00,1.1,4.6,310.0,0.0
2023-01-26 11:00:00,1.7,4.1,300.0,0.0
2023-01-26 12:00:00,1.7,4.1,295.0,0.0
2023-01-26 13:00:00,2.2,4.1,300.0,0.0
2023-01-26 14:00:00,3.3,4.6,310.0,0.25
2023-01-26 15:00:00,4.15,4.35,305.0,0.25
2023-01-26 16:00:00,7.2,4.1,320.0,0.25
2023-01-26 17:00:00,8.3,4.1,310.0,0.25
2023-01-26 18:00:00,9.15,3.3499999999999996,305.0,0.25
2023-01-26 19:00:00,11.7,5.7,290.0,0.25
2023-01-26 20:00:00,12.2,7.2,310.0,0.25
2023-01-26 21:00:00,12.2,6.95,295.0,0.25
2023-01-26 22:00:00,11.7,4.6,320.0,0.25
2023-01-26 23:00:00,10.6,5.1,300.0,0.25
2023-01-27 00:00:00,9.75,4.35,295.0,0.125
2023-01-27 01:00:00,8.9,3.1,270.0,0.0
2023-01-27 02:00:00,7.8,3.1,270.0,0.0
2023-01-27 03:00:00,7.5,3.35,260.0,0.0
2023-01-27 04:00:00,6.7,4.1,250.0,0.0
2023-01-27 05:00:00,3.9,3.1,614.5,0.0
2023-01-27 06:00:00,3.3499999999999996,3.1,220.0,0.25
2023-01-27 07:00:00,1.7,4.1,200.0,0.25
2023-01-27 08:00:00,1.7,3.6,220.0,0.25
2023-01-27 09:00:00,1.4,3.35,220.0,0.25
2023-01-27 10:00:00,1.7,3.6,220.0,0.25
2023-01-27 11:00:00,-0.6,3.1,200.0,0.25
2023-01-27 12:00:00,0.0,3.8499999999999996,205.0,0.25
2023-01-27 13:00:00,1.1,4.6,200.0,0.25
2023-01-27 14:00:00,5.6,4.6,220.0,0.25
2023-01-27 15:00:00,7.8,5.15,220.0,0.25
2023-01-27 16:00:00,12.8,7.7,220.0,0.25
2023-01-27 17:00:00,14.4,6.7,220.0,0.25
2023-01-27 18:00:00,15.0,8.25,215.0,0.25
2023-01-27 19:00:00,16.1,6.7,210.0,0.25
2023-01-27 20:00:00,16.7,8.8,190.0,0.25
2023-01-27 21:00:00,16.7,8.5,195.0,0.25
2023-01-27 22:00:00,15.6,7.7,180.0,0.25
2023-01-27 23:00:00,13.3,5.1,170.0,0.25
2023-01-28 00:00:00,12.5,5.4,165.0,0.25
2023-01-28 01:00:00,11.1,7.7,170.0,0.25
2023-01-28 02:00:00,10.0,7.2,170.0,0.25
2023-01-28 03:00:00,9.45,6.7,175.0,0.25
2023-01-28 04:00:00,8.3,5.1,180.0,0.5
2023-01-28 05:00:00,7.8,6.2,594.5,0.5
2023-01-28 06:00:00,8.05,6.45,190.0,0.5
2023-01-28 07:00:00,8.9,8.8,190.0,
2023-01-28 08:00:00,8.3,6.7,180.0,0.5
2023-01-28 09:00:00,8.850000000000001,7.2,185.0,0.5
2023-01-28 10:00:00,10.0,7.2,180.0,
2023-01-28 11:00:00,10.6,5.95,185.0,
2023-01-28 12:00:00,10.6,5.4,175.0,1.0
2023-01-28 13:00:00,10.6,5.275,167.5,
2023-01-28 14:00:00,10.0,4.966666666666666,166.66666666666666,
2023-01-28 15:00:00,10.0,4.1,165.0,1.0
2023-01-28 16:00:00,11.1,4.1,180.0,
2023-01-28 17:00:00,12.8,4.6,170.0,
2023-01-28 18:00:00,14.575,6.175,182.5,1.0
2023-01-28 19:00:00,17.5,7.7,190.0,
2023-01-28 20:00:00,18.9,6.7,200.0,
2023-01-28 21:00:00,20.0,7.75,200.0,0.75
2023-01-28 22:00:00,19.4,8.8,190.0,
2023-01-28 23:00:00,17.2,7.2,180.0,
2023-01-29 00:00:00,16.65,6.7,175.0,0.75
2023-01-29 01:00:00,15.6,6.2,200.0,
2023-01-29 02:00:00,15.6,5.7,190.0,
2023-01-29 03:00:00,15.6,5.7,200.0,1.0
2023-01-29 04:00:00,14.4,2.6,180.0,
2023-01-29 05:00:00,13.9,3.6,594.5,
2023-01-29 06:00:00,13.600000000000001,4.35,195.0,0.75
2023-01-29 07:00:00,12.2,2.1,170.0,
2023-01-29 08:00:00,14.4,4.1,190.0,0.5
2023-01-29 09:00:00,13.3,3.8499999999999996,195.0,0.5
2023-01-29 10:00:00,12.2,4.1,210.0,
2023-01-29 11:00:00,12.75,4.85,335.0,
2023-01-29 12:00:00,11.95,4.1,320.0,0.75
2023-01-29 13:00:00,11.85,7.7,335.0,
2023-01-29 14:00:00,6.866666666666667,10.133333333333335,333.3333333333333,
2023-01-29 15:00:00,5.0,9.6,333.3333333333333,1.0
2023-01-29 16:00:00,3.15,7.45,350.0,
2023-01-29 17:00:00,2.8,6.2,20.0,
2023-01-29 18:00:00,2.5,8.25,170.0,1.0
2023-01-29 19:00:00,1.7,8.2,340.0,
2023-01-29 20:00:00,1.4,9.0,330.0,
2023-01-29 21:00:00,1.1,7.733333333333334,336.6666666666667,1.0
2023-01-29 22:00:00,1.1,6.7,340.0,
2023-01-29 23:00:00,1.1,7.2,340.0,
2023-01-30 00:00:00,0.55,7.45,340.0,1.0
2023-01-30 01:00:00,0.0,6.7,360.0,
2023-01-30 02:00:00,-0.6,7.7,340.0,
2023-01-30 03:00:00,-0.6,7.45,340.0,1.0
2023-01-30 04:00:00,-0.6,6.7,340.0,
2023-01-30 05:00:00,-1.1,6.7,669.5,
2023-01-30 06:00:00,-1.5,7.2,340.0,1.0
2023-01-30 07:00:00,-2.2,8.2,350.0,
2023-01-30 08:00:00,-2.2,8.2,350.0,
2023-01-30 09:00:00,-2.2,7.449999999999999,350.0,1.0
2023-01-30 10:00:00,-2.2,6.7,340.0,
2023-01-30 11:00:00,-2.2,6.2,345.0,
2023-01-30 12:00:00,-2.4,6.866666666666666,346.6666666666667,1.0
2023-01-30 13:00:00,-2.2,7.449999999999999,345.0,
2023-01-30 14:00:00,-2.2,8.8,350.0,
2023-01-30 15:00:00,-2.0333333333333337,7.233333333333334,350.0,1.0
2023-01-30 16:00:00,-1.85,5.4,345.0,
2023-01-30 17:00:00,-1.825,6.075,177.5,
2023-01-30 18:00:00,-1.7,6.366666666666667,336.6666666666667,1.0
2023-01-30 19:00:00,-1.8666666666666665,5.133333333333333,343.3333333333333,
2023-01-30 20:00:00,-1.9600000000000002,7.720000000000001,336.0,
2023-01-30 21:00:00,-1.925,6.625,338.75,1.0
2023-01-30 22:00:00,-2.2,6.533333333333334,346.6666666666667,
2023-01-30 23:00:00,-1.8,6.2,350.0,
2023-01-31 00:00:00,-1.9666666666666668,6.533333333333334,340.0,1.0
2023-01-31 01:00:00,-2.8,7.2,340.0,
2023-01-31 02:00:00,-2.8,7.2,340.0,
2023-01-31 03:00:00,-2.8,6.45,350.0,1.0
2023-01-31 04:00:00,-3.3,7.2,360.0,
2023-01-31 05:00:00,-3.3,5.1,674.5,
2023-01-31 06:00:00,-3.3,5.9,355.0,1.0
2023-01-31 07:00:00,-3.15,6.95,10.0,
2023-01-31 08:00:00,-3.3,6.45,10.0,
2023-01-31 09:00:00,-3.2249999999999996,7.075,97.5,1.0
2023-01-31 10:00:00,-3.15,5.7,180.0,
2023-01-31 11:00:00,-3.3,6.7,10.0,
2023-01-31 12:00:00,-3.3,6.95,185.0,1.0
2023-01-31 13:00:00,-3.3,6.2,360.0,
2023-01-31 14:00:00,-3.3,6.075,182.5,
2023-01-31 15:00:00,-3.3,5.34,282.0,1.0
2023-01-31 16:00:00,-3.2166666666666663,6.266666666666667,286.6666666666667,
2023-01-31 17:00:00,-2.8,7.2,345.0,
2023-01-31 18:00:00,-2.925,7.075,342.5,1.0
2023-01-31 19:00:00,-3.3,7.1,337.5,
2023-01-31 20:00:00,-3.05,6.95,350.0,
2023-01-31 21:00:00,-2.7999999999999994,6.7,350.0,1.0
2023-01-31 22:00:00,-2.8,6.95,345.0,
2023-01-31 23:00:00,-2.8,6.2,340.0,
2023-02-01 00:00:00,-2.5,5.15,350.0,1.0
2023-02-01 01:00:00,-2.2,4.6,340.0,
2023-02-01 02:00:00,-2.2,4.6,340.0,
2023-02-01 03:00:00,-1.9500000000000002,4.6,175.0,1.0
2023-02-01 04:00:00,-2.1,5.1,355.0,
2023-02-01 05:00:00,-1.7,5.1,782.6666666666666,
2023-02-01 06:00:00,-1.9500000000000002,4.85,345.0,1.0
2023-02-01 07:00:00,-2.2,4.6,330.0,
2023-02-01 08:00:00,-2.2,6.7,340.0,
2023-02-01 09:00:00,-2.2,5.65,340.0,1.0
2023-02-01 10:00:00,-2.2,4.1,350.0,
2023-02-01 11:00:00,-2.2,3.6,10.0,
2023-02-01 12:00:00,-2.2,4.65,185.0,1.0
2023-02-01 13:00:00,-2.2,5.7,360.0,
2023-02-01 14:00:00,-2.1333333333333333,3.933333333333333,126.66666666666667,
2023-02-01 15:00:00,-1.9500000000000002,3.7249999999999996,180.0,1.0
2023-02-01 16:00:00,-1.7,3.6,10.0,
2023-02-01 17:00:00,-1.1,3.1,10.0,
2023-02-01 18:00:00,-1.4,3.5999999999999996,170.0,1.0
2023-02-01 19:00:00,-1.7,4.35,185.0,
2023-02-01 20:00:00,-1.7,3.7249999999999996,352.5,
2023-02-01 21:00:00,-1.7,3.5999999999999996,350.0,1.0
2023-02-01 22:00:00,-1.1,5.95,325.0,
2023-02-01 23:00:00,-1.2666666666666666,3.6,123.33333333333333,
2023-02-02 00:00:00,-1.3250000000000002,3.4749999999999996,22.5,1.0
2023-02-02 01:00:00,-1.1,2.725,20.0,
2023-02-02 02:00:00,-0.6,3.5999999999999996,330.0,
2023-02-02 03:00:00,-0.7333333333333334,3.6,340.0,1.0
2023-02-02 04:00:00,-0.6,2.9749999999999996,340.0,
2023-02-02 05:00:00,-0.6,3.6,433.0,
2023-02-02 06:00:00,-0.6,4.266666666666667,216.66666666666666,1.0
2023-02-02 07:00:00,-0.6,4.6,340.0,
2023-02-02 08:00:00,-0.3,3.35,330.0,
2023-02-02 09:00:00,0.0,4.875,340.0,1.0
2023-02-02 10:00:00,0.0,3.3499999999999996,355.0,
2023-02-02 11:00:00,0.0,3.8499999999999996,340.0,
2023-02-02 12:00:00,0.0,4.266666666666667,230.0,1.0
2023-02-02 13:00:00,0.0,4.225,262.5,
2023-02-02 14:00:00,0.0,3.314285714285714,347.14285714285717,
2023-02-02 15:00:00,0.0,3.933333333333333,340.0,1.0
2023-02-02 16:00:00,0.0,4.1,330.0,
2023-02-02 17:00:00,0.6,4.6,330.0,
2023-02-02 18:00:00,0.6,5.133333333333333,333.3333333333333,1.0
2023-02-02 19:00:00,0.39999999999999997,4.433333333333333,340.0,
2023-02-02 20:00:00,0.6,4.6,330.0,
2023-02-02 21:00:00,0.9,4.6,336.6666666666667,1.0
2023-02-02 22:00:00,0.8500000000000001,3.9749999999999996,342.5,
2023-02-02 23:00:00,1.1,4.1,340.0,
2023-02-03 00:00:00,1.0833333333333333,3.1833333333333336,338.3333333333333,1.0
2023-02-03 01:00:00,1.4,3.35,325.0,
2023-02-03 02:00:00,1.7,3.35,345.0,
2023-02-03 03:00:00,1.4,3.1,335.0,0.625
2023-02-03 04:00:00,0.6,3.1,330.0,0.25
2023-02-03 05:00:00,0.6,3.6,654.5,0.25
2023-02-03 06:00:00,0.3,3.8499999999999996,315.0,0.25
2023-02-03 07:00:00,0.0,3.6,320.0,0.25
2023-02-03 08:00:00,0.0,2.1,330.0,0.5
2023-02-03 09:00:00,-0.3,2.85,335.0,0.25
2023-02-03 10:00:00,-0.6,2.6,330.0,0.0
2023-02-03 11:00:00,0.0,4.6,350.0,0.0
2023-02-03 12:00:00,-0.55,4.35,345.0,0.0
2023-02-03 13:00:00,-0.6,3.6,340.0,0.0
2023-02-03 14:00:00,1.1,4.6,340.0,0.0
2023-02-03 15:00:00,1.95,4.35,345.0,0.0
2023-02-03 16:00:00,4.4,4.1,350.0,0.0
2023-02-03 17:00:00,6.1,2.6,10.0,0.0
2023-02-03 18:00:00,6.949999999999999,2.6,10.0,0.0
2023-02-03 19:00:00,10.0,0.0,999.0,0.0
2023-02-03 20:00:00,10.6,0.0,999.0,0.0
2023-02-03 21:00:00,10.6,0.75,599.5,
2023-02-03 22:00:00,11.1,0.0,999.0,0.0
2023-02-03 23:00:00,10.0,0.0,999.0,0.0
2023-02-04 00:00:00,8.6,1.05,569.5,0.0
2023-02-04 01:00:00,7.2,1.5,170.0,0.25
2023-02-04 02:00:00,4.4,3.1,180.0,0.25
2023-02-04 03:00:00,5.0,1.55,589.5,0.25
2023-02-04 04:00:00,3.3,1.5,140.0,0.5
2023-02-04 05:00:00,3.3,0.0,999.0,0.5
2023-02-04 06:00:00,3.05,0.75,579.5,0.5
2023-02-04 07:00:00,2.8,0.0,999.0,0.25
2023-02-04 08:00:00,1.1,1.5,140.0,0.25
2023-02-04 09:00:00,0.8500000000000001,2.8,175.0,0.25
2023-02-04 10:00:00,0.6,3.1,180.0,0.25
2023-02-04 11:00:00,1.1,3.6,190.0,
2023-02-04 12:00:00,1.4,3.6,195.0,0.75
2023-02-04 13:00:00,2.2,3.1,180.0,
2023-02-04 14:00:00,4.4,4.1,170.0,
2023-02-04 15:00:00,5.550000000000001,4.9,175.0,0.75
2023-02-04 16:00:00,8.3,8.8,180.0,
2023-02-04 17:00:00,10.0,10.3,180.0,
2023-02-04 18:00:00,10.85,9.25,185.0,0.75
2023-02-04 19:00:00,12.8,6.7,170.0,
2023-02-04 20:00:00,13.9,6.2,170.0,
2023-02-04 21:00:00,14.15,6.45,170.0,0.625
2023-02-04 22:00:00,14.4,6.2,170.0,0.25
2023-02-04 23:00:00,12.8,5.1,160.0,0.25
2023-02-05 00:00:00,12.25,4.1,165.0,0.25
2023-02-05 01:00:00,11.1,3.1,170.0,0.25
2023-02-05 02:00:00,10.6,4.1,170.0,0.5
2023-02-05 03:00:00,10.3,3.8499999999999996,175.0,0.5
2023-02-05 04:00:00,9.4,4.6,190.0,0.5
2023-02-05 05:00:00,7.8,2.6,584.5,0.25
2023-02-05 06:00:00,7.5,3.1,175.0,0.125
2023-02-05 07:00:00,7.8,2.1,170.0,0.0
2023-02-05 08:00:00,5.6,3.6,190.0,0.0
2023-02-05 09:00:00,5.6,3.6,190.0,0.0
2023-02-05 10:00:00,6.7,2.1,180.0,0.0
2023-02-05 11:00:00,6.1,3.6,180.0,0.0
2023-02-05 12:00:00,6.1,3.35,175.0,0.0
2023-02-05 13:00:00,6.1,3.1,180.0,0.0
2023-02-05 14:00:00,8.9,3.6,200.0,0.0
2023-02-05 15:00:00,10.3,3.6,200.0,0.0
2023-02-05 16:00:00,14.4,2.1,190.0,0.0
2023-02-05 17:00:00,16.1,2.1,200.0,0.0
2023-02-05 18:00:00,16.65,2.6,185.0,0.25
2023-02-05 19:00:00,18.9,2.1,150.0,0.25
2023-02-05 20:00:00,20.6,4.1,180.0,0.25
2023-02-05 21:00:00,20.85,4.35,170.0,0.25
2023-02-05 22:00:00,21.1,5.7,190.0,0.25
2023-02-05 23:00:00,18.3,3.1,170.0,0.0
2023-02-06 00:00:00,16.95,3.35,155.0,0.0
2023-02-06 01:00:00,14.4,4.1,150.0,0.0
2023-02-06 02:00:00,15.0,4.1,160.0,0.0
2023-02-06 03:00:00,14.7,4.1,160.0,0.0
2023-02-06 04:00:00,13.3,3.6,150.0,0.0
2023-02-06 05:00:00,13.9,5.1,579.5,0.0
2023-02-06 06:00:00,13.350000000000001,4.35,160.0,0.0
2023-02-06 07:00:00,12.8,3.6,170.0,0.0
2023-02-06 08:00:00,10.6,2.6,150.0,0.0
2023-02-06 09:00:00,10.6,3.1,155.0,0.0
2023-02-06 10:00:00,12.8,5.1,160.0,0.0
2023-02-06 11:00:00,8.600000000000001,3.35,140.0,0.25
2023-02-06 12:00:00,10.733333333333334,4.133333333333334,146.66666666666666,0.25
2023-02-06 13:00:00,15.0,6.95,185.0,
2023-02-06 14:00:00,15.850000000000001,5.95,165.0,
2023-02-06 15:00:00,16.65,8.25,180.0,0.75
2023-02-06 16:00:00,17.8,8.8,190.0,
2023-02-06 17:00:00,19.4,9.8,180.0,
2023-02-06 18:00:00,20.25,10.8,180.0,0.75
2023-02-06 19:00:00,21.4,11.600000000000001,175.0,
2023-02-06 20:00:00,23.3,11.8,180.0,
2023-02-06 21:00:00,23.05,11.8,175.0,0.75
2023-02-06 22:00:00,21.7,11.3,180.0,
2023-02-06 23:00:00,21.1,10.8,180.0,
2023-02-07 00:00:00,20.85,9.25,175.0,0.75
2023-02-07 01:00:00,20.0,7.7,170.0,
2023-02-07 02:00:00,18.9,6.2,160.0,
2023-02-07 03:00:00,18.9,6.95,160.0,0.75
2023-02-07 04:00:00,17.8,6.2,160.0,
2023-02-07 05:00:00,17.8,5.95,439.6666666666667,
2023-02-07 06:00:00,17.5,6.45,160.0,1.0
2023-02-07 07:00:00,17.2,6.2,160.0,
2023-02-07 08:00:00,16.7,4.6,150.0,
2023-02-07 09:00:00,16.4,4.6,145.0,1.0
2023-02-07 10:00:00,16.1,3.6,130.0,
2023-02-07 11:00:00,15.6,3.6,120.0,
2023-02-07 12:00:00,15.6,4.266666666666667,133.33333333333334,1.0
2023-02-07 13:00:00,15.0,5.1,150.0,
2023-02-07 14:00:00,16.1,4.1,150.0,
2023-02-07 15:00:00,16.5,2.733333333333333,113.33333333333333,0.75
2023-02-07 16:00:00,15.033333333333333,5.5,26.666666666666668,
2023-02-07 17:00:00,12.1,5.4,185.0,
2023-02-07 18:00:00,12.2,6.2,15.0,1.0
2023-02-07 19:00:00,11.966666666666667,4.8,16.666666666666668,
2023-02-07 20:00:00,10.8,7.7,360.0,
2023-02-07 21:00:00,10.3,7.7,360.0,1.0
2023-02-07 22:00:00,9.799999999999999,7.366666666666666,126.66666666666667,
2023-02-07 23:00:00,8.9,7.2,10.0,
2023-02-08 00:00:00,8.9,7.2,15.0,1.0
2023-02-08 01:00:00,8.9,6.2,10.0,
2023-02-08 02:00:00,8.600000000000001,5.65,360.0,
2023-02-08 03:00:00,8.5,5.833333333333333,240.0,1.0
2023-02-08 04:00:00,8.9,5.65,345.0,
2023-02-08 05:00:00,8.92,6.82,443.1666666666667,
2023-02-08 06:00:00,9.066666666666668,5.8500000000000005,273.3333333333333,1.0
2023-02-08 07:00:00,8.3,5.9,330.0,
2023-02-08 08:00:00,8.200000000000001,5.666666666666667,326.6666666666667,
2023-02-08 09:00:00,8.05,5.95,330.0,1.0
2023-02-08 10:00:00,7.8,3.9333333333333336,326.6666666666667,
2023-02-08 11:00:00,7.5,4.1,335.0,
2023-02-08 12:00:00,7.8,3.933333333333333,213.33333333333334,1.0
2023-02-08 13:00:00,8.15,3.8499999999999996,290.0,
2023-02-08 14:00:00,8.24,3.9,308.0,
2023-02-08 15:00:00,8.3,4.62,292.0,1.0
2023-02-08 16:00:00,8.05,6.8,290.0,
2023-02-08 17:00:00,7.65,6.55,302.5,
2023-02-08 18:00:00,7.35,6.3,280.0,1.0
2023-02-08 19:00:00,7.8,7.449999999999999,285.0,
2023-02-08 20:00:00,7.2,8.8,280.0,
2023-02-08 21:00:00,7.2,8.925,280.0,1.0
2023-02-08 22:00:00,7.9,10.3,285.0,
2023-02-08 23:00:00,7.8,6.7,290.0,
2023-02-09 00:00:00,7.8,6.2,285.0,1.0
2023-02-09 01:00:00,6.95,5.7,290.0,0.375
2023-02-09 02:00:00,6.1,4.1,290.0,0.0
2023-02-09 03:00:00,5.55,3.3499999999999996,275.0,0.0
2023-02-09 04:00:00,4.4,3.1,260.0,0.0
2023-02-09 05:00:00,4.4,3.6,634.5,0.0
2023-02-09 06:00:00,3.6,2.55,215.0,0.0
2023-02-09 07:00:00,2.2,0.0,999.0,0.0
2023-02-09 08:00:00,1.7,2.1,140.0,0.0
2023-02-09 09:00:00,1.7,1.05,569.5,0.0
2023-02-09 10:00:00,1.1,1.5,120.0,0.0
2023-02-09 11:00:00,1.1,0.0,999.0,0.0
2023-02-09 12:00:00,1.4,1.05,564.5,0.0
2023-02-09 13:00:00,2.2,2.1,90.0,0.0
2023-02-09 14:00:00,5.6,2.6,110.0,0.25
2023-02-09 15:00:00,6.95,3.1,130.0,0.25
2023-02-09 16:00:00,10.0,1.5,210.0,0.5
2023-02-09 17:00:00,11.7,0.0,999.0,0.5
2023-02-09 18:00:00,12.8,0.0,999.0,0.375
2023-02-09 19:00:00,15.6,0.0,999.0,0.25
2023-02-09 20:00:00,16.7,2.1,30.0,0.25
2023-02-09 21:00:00,16.7,1.8,75.0,0.25
2023-02-09 22:00:00,16.7,3.1,330.0,0.25
2023-02-09 23:00:00,15.0,3.6,340.0,0.25
2023-02-10 00:00:00,13.9,4.9,175.0,0.25
2023-02-10 01:00:00,11.7,6.2,360.0,0.25
2023-02-10 02:00:00,10.6,5.1,340.0,0.25
2023-02-10 03:00:00,10.85,6.4,345.0,0.375
2023-02-10 04:00:00,10.0,6.7,340.0,
2023-02-10 05:00:00,9.4,6.7,674.5,
2023-02-10 06:00:00,9.4,6.45,355.0,0.75
2023-02-10 07:00:00,8.9,8.8,340.0,
2023-02-10 08:00:00,7.8,10.3,340.0,
2023-02-10 09:00:00,7.5,10.55,340.0,1.0
2023-02-10 10:00:00,7.2,8.2,350.0,
2023-02-10 11:00:00,6.7,6.7,340.0,
2023-02-10 12:00:00,6.7,7.2,340.0,1.0
2023-02-10 13:00:00,6.4,8.5,330.0,
2023-02-10 14:00:00,6.1,9.3,330.0,
2023-02-10 15:00:00,6.1,9.05,340.0,0.75
2023-02-10 16:00:00,5.6,9.3,340.0,
2023-02-10 17:00:00,6.1,8.8,330.0,
2023-02-10 18:00:00,6.5,7.566666666666667,336.6666666666667,1.0
2023-02-10 19:00:00,6.7,8.2,320.0,
2023-02-10 20:00:00,6.7,8.8,330.0,
2023-02-10 21:00:00,6.4,8.8,335.0,1.0
2023-02-10 22:00:00,5.6,8.25,335.0,
2023-02-10 23:00:00,4.7,6.2,330.0,
2023-02-11 00:00:00,4.4,5.65,330.0,1.0
2023-02-11 01:00:00,3.9,7.7,330.0,
2023-02-11 02:00:00,2.8,2.6,10.0,
2023-02-11 03:00:00,2.8,1.3,504.5,1.0
2023-02-11 04:00:00,3.3,0.0,999.0,
2023-02-11 05:00:00,3.9,2.6,654.5,
2023-02-11 06:00:00,3.9,2.35,325.0,0.75
2023-02-11 07:00:00,3.3,3.6,340.0,
2023-02-11 08:00:00,3.5,4.266666666666667,16.666666666666668,
2023-02-11 09:00:00,3.2999999999999994,4.3,230.0,1.0
2023-02-11 10:00:00,3.3,5.1,340.0,
2023-02-11 11:00:00,2.8,6.2,340.0,
2023-02-11 12:00:00,2.25,5.65,340.0,0.625
2023-02-11 13:00:00,1.7,4.85,340.0,0.5
2023-02-11 14:00:00,2.8,4.1,360.0,
2023-02-11 15:00:00,3.5,4.633333333333333,353.3333333333333,0.5
2023-02-11 16:00:00,6.7,3.6,10.0,0.25
2023-02-11 17:00:00,8.3,4.1,360.0,0.25
2023-02-11 18:00:00,8.850000000000001,4.1,335.0,0.25
2023-02-11 19:00:00,10.6,3.1,300.0,
2023-02-11 20:00:00,12.2,5.1,310.0,0.25
2023-02-11 21:00:00,12.5,4.6,320.0,0.25
2023-02-11 22:00:00,12.8,5.1,320.0,0.0
2023-02-11 23:00:00,11.7,3.1,330.0,0.0
2023-02-12 00:00:00,9.75,2.85,180.0,0.0
2023-02-12 01:00:00,8.9,1.5,360.0,0.0
2023-02-12 02:00:00,10.0,0.0,999.0,0.0
2023-02-12 03:00:00,9.45,1.55,629.5,0.0
2023-02-12 04:00:00,6.7,3.1,230.0,0.0
2023-02-12 05:00:00,3.9,0.0,999.0,0.0
2023-02-12 06:00:00,3.5999999999999996,1.05,604.5,0.0
2023-02-12 07:00:00,3.9,0.0,999.0,0.0
2023-02-12 08:00:00,2.2,0.0,999.0,0.25
2023-02-12 09:00:00,2.5,1.8,609.5,0.25
2023-02-12 10:00:00,1.1,2.6,220.0,0.5
2023-02-12 11:00:00,1.7,1.5,150.0,
2023-02-12 12:00:00,1.9500000000000002,0.75,574.5,0.75
2023-02-12 13:00:00,2.2,1.5,140.0,
2023-02-12 14:00:00,6.7,2.6,200.0,
2023-02-12 15:00:00,8.65,3.1,205.0,0.625
2023-02-12 16:00:00,13.3,4.1,190.0,0.25
2023-02-12 17:00:00,16.1,4.1,230.0,0.25
2023-02-12 18:00:00,16.950000000000003,4.6,225.0,0.25
2023-02-12 19:00:00,18.9,4.6,200.0,0.25
2023-02-12 20:00:00,19.4,4.6,180.0,0.25
2023-02-12 21:00:00,19.4,5.4,195.0,0.25
2023-02-12 22:00:00,18.9,5.1,180.0,0.25
2023-02-12 23:00:00,16.7,4.6,180.0,0.25
2023-02-13 00:00:00,15.85,4.35,170.0,0.25
2023-02-13 01:00:00,12.8,4.1,160.0,0.25
2023-02-13 02:00:00,11.7,3.1,170.0,0.25
2023-02-13 03:00:00,11.149999999999999,3.5999999999999996,175.0,0.25
2023-02-13 04:00:00,11.1,5.1,190.0,0.25
2023-02-13 05:00:00,8.9,4.6,599.5,0.5
2023-02-13 06:00:00,8.9,3.05,190.0,0.5
2023-02-13 07:00:00,7.8,2.1,200.0,0.25
2023-02-13 08:00:00,6.7,4.1,210.0,0.5
2023-02-13 09:00:00,6.7,3.3499999999999996,190.0,0.5
2023-02-13 10:00:00,5.6,2.6,190.0,
2023-02-13 11:00:00,5.0,3.1,190.0,
2023-02-13 12:00:00,5.3,2.6,190.0,0.75
2023-02-13 13:00:00,6.7,3.1,200.0,
2023-02-13 14:00:00,10.0,3.1,210.0,
2023-02-13 15:00:00,12.1,3.1,206.66666666666666,0.75
2023-02-13 16:00:00,15.0,3.1,210.0,
2023-02-13 17:00:00,16.7,2.1,210.0,
2023-02-13 18:00:00,17.25,2.6,195.0,0.75
2023-02-13 19:00:00,18.9,3.6,180.0,
2023-02-13 20:00:00,18.3,3.6,170.0,
2023-02-13 21:00:00,18.3,4.9,180.0,1.0
2023-02-13 22:00:00,17.2,5.1,170.0,
2023-02-13 23:00:00,16.1,5.7,160.0,
2023-02-14 00:00:00,15.850000000000001,5.15,155.0,1.0
2023-02-14 01:00:00,15.6,4.6,150.0,
2023-02-14 02:00:00,15.6,6.2,150.0,
2023-02-14 03:00:00,16.15,6.45,155.0,1.0
2023-02-14 04:00:00,16.7,11.8,150.0,
2023-02-14 05:00:00,16.7,10.3,579.5,
2023-02-14 06:00:00,16.4,9.55,165.0,0.75
2023-02-14 07:00:00,16.95,8.2,175.0,
2023-02-14 08:00:00,16.7,9.8,200.0,
2023-02-14 09:00:00,16.15,8.0,185.0,1.0
2023-02-14 10:00:00,15.200000000000001,7.866666666666667,173.33333333333334,
2023-02-14 11:00:00,12.1,8.6,277.5,
2023-02-14 12:00:00,11.825,6.175,280.0,1.0
2023-02-14 13:00:00,11.7,2.6,160.0,
2023-02-14 14:00:00,12.2,4.1,160.0,
2023-02-14 15:00:00,12.5,4.6,180.0,0.75
2023-02-14 16:00:00,16.7,12.4,230.0,0.25
2023-02-14 17:00:00,19.4,11.3,240.0,0.25
2023-02-14 18:00:00,19.7,12.100000000000001,225.0,0.125
2023-02-14 19:00:00,20.6,14.9,210.0,0.25
2023-02-14 20:00:00,21.1,14.4,220.0,0.25
2023-02-14 21:00:00,21.4,13.65,230.0,0.25
2023-02-14 22:00:00,21.7,10.8,240.0,0.25
2023-02-14 23:00:00,20.0,6.7,220.0,0.25
2023-02-15 00:00:00,18.6,5.65,215.0,0.25
2023-02-15 01:00:00,17.2,5.7,200.0,
2023-02-15 02:00:00,15.0,2.6,170.0,
2023-02-15 03:00:00,14.15,3.3499999999999996,180.0,0.75
2023-02-15 04:00:00,12.8,3.6,180.0,
2023-02-15 05:00:00,11.7,3.6,604.5,
2023-02-15 06:00:00,11.7,3.6,205.0,0.75
2023-02-15 07:00:00,11.1,3.6,190.0,
2023-02-15 08:00:00,10.0,3.6,190.0,
2023-02-15 09:00:00,10.0,1.8,594.5,0.75
2023-02-15 10:00:00,9.4,1.5,140.0,
2023-02-15 11:00:00,11.1,1.5,220.0,
2023-02-15 12:00:00,9.45,0.75,609.5,0.75
2023-02-15 13:00:00,8.3,0.0,999.0,
2023-02-15 14:00:00,13.9,2.6,110.0,
2023-02-15 15:00:00,15.55,3.1,130.0,0.5
2023-02-15 16:00:00,21.05,8.0,180.0,0.25
2023-02-15 17:00:00,21.1,8.2,150.0,0.25
2023-02-15 18:00:00,20.85,7.699999999999999,155.0,0.25
2023-02-15 19:00:00,23.9,9.3,170.0,0.25
2023-02-15 20:00:00,24.4,10.3,170.0,0.25
2023-02-15 21:00:00,24.15,9.8,170.0,0.25
2023-02-15 22:00:00,24.4,8.8,180.0,
2023-02-15 23:00:00,23.9,7.7,180.0,0.5
2023-02-16 00:00:00,23.6,7.2,175.0,0.375
2023-02-16 01:00:00,22.2,6.2,170.0,0.25
2023-02-16 02:00:00,22.2,6.7,170.0,0.25
2023-02-16 03:00:00,21.95,6.95,175.0,0.25
2023-02-16 04:00:00,21.1,9.8,220.0,
2023-02-16 05:00:00,14.4,9.3,644.5,0.25
2023-02-16 06:00:00,12.5,9.8,310.0,0.25
2023-02-16 07:00:00,8.9,9.3,310.0,
2023-02-16 08:00:00,7.2,12.9,320.0,
2023-02-16 09:00:00,6.95,11.350000000000001,320.0,0.75
2023-02-16 10:00:00,6.1,11.3,320.0,
2023-02-16 11:00:00,6.1,9.8,330.0,
2023-02-16 12:00:00,6.1,9.8,325.0,1.0
2023-02-16 13:00:00,5.0,9.3,320.0,
2023-02-16 14:00:00,4.4,9.8,320.0,
2023-02-16 15:00:00,4.7,9.3,320.0,0.75
2023-02-16 16:00:00,5.0,8.8,320.0,
2023-02-16 17:00:00,7.2,9.8,330.0,
2023-02-16 18:00:00,7.5,9.55,325.0,0.75
2023-02-16 19:00:00,8.3,8.2,330.0,
2023-02-16 20:00:00,7.8,9.8,350.0,
2023-02-16 21:00:00,7.5,9.8,345.0,0.75
2023-02-16 22:00:00,7.2,9.8,330.0,
2023-02-16 23:00:00,6.1,8.2,330.0,0.5
2023-02-17 00:00:00,5.55,7.699999999999999,330.0,0.5
2023-02-17 01:00:00,4.4,6.2,330.0,0.25
2023-02-17 02:00:00,3.9,5.7,330.0,0.25
2023-02-17 03:00:00,3.9,7.75,340.0,0.125
2023-02-17 04:00:00,2.8,8.8,340.0,0.0
2023-02-17 05:00:00,2.2,10.8,669.5,0.0
2023-02-17 06:00:00,1.9500000000000002,9.8,345.0,0.0
2023-02-17 07:00:00,1.1,8.8,360.0,0.0
2023-02-17 08:00:00,0.6,8.2,350.0,0.0
2023-02-17 09:00:00,0.3,6.6499999999999995,345.0,0.0
2023-02-17 10:00:00,0.0,5.7,340.0,0.0
2023-02-17 11:00:00,0.0,6.7,330.0,0.0
2023-02-17 12:00:00,-0.3,6.45,335.0,0.0
2023-02-17 13:00:00,0.0,5.1,350.0,0.0
2023-02-17 14:00:00,2.2,4.6,10.0,0.25
2023-02-17 15:00:00,3.05,4.85,20.0,0.375
2023-02-17 16:00:00,5.0,4.6,360.0,0.5
2023-02-17 17:00:00,7.2,2.1,999.0,0.5
2023-02-17 18:00:00,7.75,2.6,654.5,0.5
2023-02-17 19:00:00,8.9,2.1,10.0,0.5
2023-02-17 20:00:00,10.0,3.1,350.0,0.5
2023-02-17 21:00:00,10.0,3.1,330.0,0.5
2023-02-17 22:00:00,10.0,1.5,330.0,0.5
2023-02-17 23:00:00,8.3,3.6,50.0,0.25
2023-02-18 00:00:00,6.95,2.55,70.0,0.25
2023-02-18 01:00:00,6.7,0.0,999.0,0.5
2023-02-18 02:00:00,5.6,1.5,160.0,
2023-02-18 03:00:00,5.6,1.8,165.0,0.75
2023-02-18 04:00:00,3.9,0.0,999.0,
2023-02-18 05:00:00,3.3,1.5,569.5,
2023-02-18 06:00:00,2.75,2.55,175.0,0.75
2023-02-18 07:00:00,2.8,1.5,200.0,
2023-02-18 08:00:00,1.7,1.5,210.0,0.5
2023-02-18 09:00:00,1.15,2.05,195.0,0.5
2023-02-18 10:00:00,2.2,2.1,170.0,
2023-02-18 11:00:00,1.1,2.1,190.0,0.5
2023-02-18 12:00:00,0.25000000000000006,2.1,195.0,0.5
2023-02-18 13:00:00,2.8,2.6,190.0,
2023-02-18 14:00:00,5.6,4.6,190.0,
2023-02-18 15:00:00,7.25,5.9,190.0,0.75
2023-02-18 16:00:00,9.4,7.7,190.0,
2023-02-18 17:00:00,10.0,7.7,200.0,
2023-02-18 18:00:00,10.3,7.2,195.0,1.0
2023-02-18 19:00:00,11.7,6.7,180.0,
2023-02-18 20:00:00,10.0,9.8,170.0,
2023-02-18 21:00:00,10.3,8.75,185.0,1.0
2023-02-18 22:00:00,10.6,5.1,160.0,
2023-02-18 23:00:00,10.0,7.2,180.0,
2023-02-19 00:00:00,9.7,6.15,180.0,1.0
2023-02-19 01:00:00,8.9,4.6,170.0,
2023-02-19 02:00:00,8.9,6.2,170.0,
2023-02-19 03:00:00,8.9,6.7,180.0,1.0
2023-02-19 04:00:00,8.9,8.2,190.0,
2023-02-19 05:00:00,8.9,5.7,594.5,
2023-02-19 06:00:00,9.15,6.45,195.0,1.0
2023-02-19 07:00:00,7.8,5.7,190.0,
2023-02-19 08:00:00,7.2,3.6,180.0,
2023-02-19 09:00:00,7.2,4.1,190.0,0.75
2023-02-19 10:00:00,7.2,4.1,180.0,
2023-02-19 11:00:00,6.1,4.1,180.0,
2023-02-19 12:00:00,6.1,4.35,195.0,0.75
2023-02-19 13:00:00,6.7,3.6,180.0,
2023-02-19 14:00:00,8.9,4.1,190.0,
2023-02-19 15:00:00,10.55,5.4,205.0,0.75
2023-02-19 16:00:00,15.0,5.7,220.0,
2023-02-19 17:00:00,16.1,5.7,220.0,
2023-02-19 18:00:00,17.200000000000003,6.45,225.0,1.0
2023-02-19 19:00:00,20.6,6.2,230.0,
2023-02-19 20:00:00,21.7,6.7,200.0,
2023-02-19 21:00:00,21.7,6.7,210.0,0.75
2023-02-19 22:00:00,21.7,4.1,210.0,
2023-02-19 23:00:00,19.4,3.1,200.0,
2023-02-20 00:00:00,18.85,4.1,190.0,0.75
2023-02-20 01:00:00,18.3,6.7,190.0,
2023-02-20 02:00:00,17.2,5.7,190.0,
2023-02-20 03:00:00,16.95,6.45,195.0,1.0
2023-02-20 04:00:00,17.8,7.7,210.0,
2023-02-20 05:00:00,18.3,7.2,604.5,
2023-02-20 06:00:00,18.05,7.2,210.0,0.75
2023-02-20 07:00:00,18.3,7.7,220.0,
2023-02-20 08:00:00,17.2,4.6,220.0,
2023-02-20 09:00:00,17.2,4.1,235.0,1.0
2023-02-20 10:00:00,15.6,3.1,220.0,
2023-02-20 11:00:00,14.4,3.6,180.0,
2023-02-20 12:00:00,13.850000000000001,4.1,190.0,1.0
2023-02-20 13:00:00,14.4,4.6,210.0,
2023-02-20 14:00:00,15.0,6.2,210.0,
2023-02-20 15:00:00,17.2,6.95,220.0,0.75
2023-02-20 16:00:00,21.1,8.8,230.0,
2023-02-20 17:00:00,22.8,8.2,240.0,
2023-02-20 18:00:00,24.200000000000003,9.25,235.0,0.75
2023-02-20 19:00:00,25.0,8.2,240.0,
2023-02-20 20:00:00,26.1,6.7,240.0,
2023-02-20 21:00:00,25.85,5.65,225.0,0.75
2023-02-20 22:00:00,25.0,3.6,200.0,
2023-02-20 23:00:00,22.2,2.6,160.0,
2023-02-21 00:00:00,21.95,2.05,155.0,1.0
2023-02-21 01:00:00,20.6,3.6,190.0,
2023-02-21 02:00:00,20.6,3.6,210.0,
2023-02-21 03:00:00,21.15,3.35,250.0,1.0
2023-02-21 04:00:00,17.8,2.6,180.0,
2023-02-21 05:00:00,20.6,5.7,604.5,
2023-02-21 06:00:00,20.3,5.7,210.0,1.0
2023-02-21 07:00:00,20.0,5.7,220.0,
2023-02-21 08:00:00,18.9,5.1,240.0,
2023-02-21 09:00:00,18.049999999999997,4.85,235.0,0.75
2023-02-21 10:00:00,19.4,5.7,230.0,
2023-02-21 11:00:00,18.3,4.6,230.0,
2023-02-21 12:00:00,17.200000000000003,4.35,210.0,1.0
2023-02-21 13:00:00,18.3,5.7,210.0,
2023-02-21 14:00:00,20.6,6.7,210.0,
2023-02-21 15:00:00,21.950000000000003,5.9,215.0,0.75
2023-02-21 16:00:00,26.1,4.6,210.0,
2023-02-21 17:00:00,28.3,6.7,220.0,
2023-02-21 18:00:00,29.15,7.449999999999999,210.0,0.75
2023-02-21 19:00:00,31.1,9.3,200.0,
2023-02-21 20:00:00,31.7,9.8,200.0,
2023-02-21 21:00:00,30.6,8.8,190.0,
2023-02-21 22:00:00,29.4,8.8,180.0,
2023-02-21 23:00:00,27.2,8.8,180.0,0.5
2023-02-22 00:00:00,26.4,8.25,175.0,0.5
2023-02-22 01:00:00,24.4,8.8,170.0,0.5
2023-02-22 02:00:00,23.9,8.8,180.0,0.5
2023-02-22 03:00:00,23.35,9.55,175.0,0.5
2023-02-22 04:00:00,22.1,9.8,175.0,
2023-02-22 05:00:00,22.2,11.3,589.5,
2023-02-22 06:00:00,22.2,11.3,180.0,1.0
2023-02-22 07:00:00,22.2,11.3,180.0,
2023-02-22 08:00:00,22.2,9.8,180.0,
2023-02-22 09:00:00,22.2,9.8,205.0,1.0
2023-02-22 10:00:00,21.1,7.7,200.0,
2023-02-22 11:00:00,20.6,6.2,190.0,
2023-02-22 12:00:00,17.96,7.32,266.0,1.0
2023-02-22 13:00:00,16.1,4.1,250.0,
2023-02-22 14:00:00,15.4,4.1,186.66666666666666,
2023-02-22 15:00:00,17.133333333333336,5.333333333333333,173.33333333333334,0.75
2023-02-22 16:00:00,20.0,6.7,200.0,0.25
2023-02-22 17:00:00,22.8,8.8,240.0,0.25
2023-02-22 18:00:00,23.9,9.55,250.0,0.25
2023-02-22 19:00:00,25.6,9.8,230.0,0.25
2023-02-22 20:00:00,26.7,10.8,220.0,0.25
2023-02-22 21:00:00,26.7,10.8,210.0,0.25
2023-02-22 22:00:00,26.1,9.3,210.0,0.25
2023-02-22 23:00:00,25.0,5.7,220.0,0.25
2023-02-23 00:00:00,22.8,4.9,210.0,0.25
2023-02-23 01:00:00,20.6,3.6,160.0,0.25
2023-02-23 02:00:00,20.0,5.1,160.0,0.25
2023-02-23 03:00:00,19.45,4.6,170.0,0.25
2023-02-23 04:00:00,16.7,4.1,180.0,0.0
2023-02-23 05:00:00,16.7,2.1,574.5,0.0
2023-02-23 06:00:00,16.4,1.8,145.0,0.0
2023-02-23 07:00:00,16.7,4.1,180.0,0.0
2023-02-23 08:00:00,18.9,7.7,190.0,0.0
2023-02-23 09:00:00,18.933333333333334,7.033333333333334,246.66666666666666,0.25
2023-02-23 10:00:00,17.8,7.2,300.0,0.5
2023-02-23 11:00:00,14.4,5.1,350.0,0.25
2023-02-23 12:00:00,12.2,7.45,350.0,0.25
2023-02-23 13:00:00,7.8,8.2,10.0,
2023-02-23 14:00:00,7.8,8.2,360.0,
2023-02-23 15:00:00,8.05,9.25,360.0,0.75
2023-02-23 16:00:00,8.9,8.8,360.0,
2023-02-23 17:00:00,9.4,6.2,30.0,
2023-02-23 18:00:00,9.7,6.95,190.0,0.75
2023-02-23 19:00:00,10.6,7.2,350.0,
2023-02-23 20:00:00,11.1,8.2,360.0,
2023-02-23 21:00:00,10.85,7.949999999999999,360.0,0.75
2023-02-23 22:00:00,10.6,8.8,10.0,
2023-02-23 23:00:00,10.0,8.8,10.0,
2023-02-24 00:00:00,9.45,7.5,10.0,0.75
2023-02-24 01:00:00,8.3,6.2,10.0,
2023-02-24 02:00:00,8.3,6.7,20.0,
2023-02-24 03:00:00,8.3,7.75,20.0,0.75
2023-02-24 04:00:00,8.3,7.2,30.0,
2023-02-24 05:00:00,8.3,6.7,509.5,
2023-02-24 06:00:00,8.05,6.45,15.0,1.0
2023-02-24 07:00:00,7.8,5.7,20.0,
2023-02-24 08:00:00,7.2,6.7,10.0,
2023-02-24 09:00:00,6.95,6.2,20.0,1.0
2023-02-24 10:00:00,6.7,5.1,10.0,
2023-02-24 11:00:00,6.1,6.2,10.0,
2023-02-24 12:00:00,6.1,5.4,10.0,1.0
2023-02-24 13:00:00,6.1,7.2,350.0,
2023-02-24 14:00:00,6.7,7.2,350.0,
2023-02-24 15:00:00,6.95,6.95,355.0,1.0
2023-02-24 16:00:00,7.8,7.2,360.0,
2023-02-24 17:00:00,8.3,6.7,360.0,
2023-02-24 18:00:00,8.600000000000001,6.7,360.0,1.0
2023-02-24 19:00:00,8.9,6.2,20.0,
2023-02-24 20:00:00,8.3,6.2,10.0,
2023-02-24 21:00:00,8.05,5.95,180.0,1.0
2023-02-24 22:00:00,7.8,4.6,360.0,
2023-02-24 23:00:00,7.2,4.6,20.0,
2023-02-25 00:00:00,7.2,4.6,15.0,1.0
2023-02-25 01:00:00,7.2,5.1,350.0,
2023-02-25 02:00:00,6.05,5.1,360.0,
2023-02-25 03:00:00,6.099999999999999,4.766666666666667,243.33333333333334,1.0
2023-02-25 04:00:00,5.6,5.4,185.0,
2023-02-25 05:00:00,5.6,5.1,679.5,
2023-02-25 06:00:00,5.6,5.4,350.0,1.0
2023-02-25 07:00:00,4.4,6.2,350.0,
2023-02-25 08:00:00,4.4,5.4,350.0,
2023-02-25 09:00:00,4.1000000000000005,4.6,346.6666666666667,1.0
2023-02-25 10:00:00,3.9,5.133333333333333,340.0,
2023-02-25 11:00:00,3.9,4.65,340.0,
2023-02-25 12:00:00,3.9,4.966666666666666,336.6666666666667,1.0
2023-02-25 13:00:00,3.9,4.133333333333334,346.6666666666667,
2023-02-25 14:00:00,3.9,3.6,337.5,
2023-02-25 15:00:00,4.05,2.575,265.0,1.0
2023-02-25 16:00:00,5.0,3.1,330.0,
2023-02-25 17:00:00,6.1,3.1,10.0,
2023-02-25 18:00:00,6.4,1.55,504.5,1.0
2023-02-25 19:00:00,7.2,2.1,999.0,
2023-02-25 20:00:00,7.8,2.3,185.0,
2023-02-25 21:00:00,8.05,1.8,200.0,1.0
2023-02-25 22:00:00,8.3,1.5,60.0,
2023-02-25 23:00:00,8.9,0.0,999.0,
2023-02-26 00:00:00,8.600000000000001,0.0,999.0,1.0
2023-02-26 01:00:00,8.9,0.0,999.0,
2023-02-26 02:00:00,9.4,0.0,999.0,
2023-02-26 03:00:00,9.4,1.3,504.5,1.0
2023-02-26 04:00:00,9.15,2.55,350.0,
2023-02-26 05:00:00,9.4,0.0,999.0,
2023-02-26 06:00:00,9.15,0.0,999.0,1.0
2023-02-26 07:00:00,8.65,0.75,534.5,
2023-02-26 08:00:00,8.3,2.6,135.0,
2023-02-26 09:00:00,8.816666666666668,2.516666666666667,153.33333333333334,1.0
2023-02-26 10:00:00,9.4,0.5,672.6666666666666,
2023-02-26 11:00:00,9.3,1.275,332.25,
2023-02-26 12:00:00,9.4,2.06,289.8,
2023-02-26 13:00:00,10.0,1.05,559.5,
2023-02-26 14:00:00,10.0,1.5,130.0,
2023-02-26 15:00:00,10.933333333333332,2.066666666666667,143.33333333333334,1.0
2023-02-26 16:00:00,12.5,1.5,125.0,
2023-02-26 17:00:00,13.9,2.1,120.0,
2023-02-26 18:00:00,14.633333333333333,1.7,56.666666666666664,1.0
2023-02-26 19:00:00,15.9,2.766666666666667,146.66666666666666,
2023-02-26 20:00:00,21.166666666666668,7.233333333333334,163.33333333333334,
2023-02-26 21:00:00,23.6,10.05,180.0,0.75
2023-02-26 22:00:00,25.6,9.3,170.0,
2023-02-26 23:00:00,24.4,10.3,170.0,
2023-02-27 00:00:00,23.85,9.25,170.0,0.625
2023-02-27 01:00:00,22.8,11.8,170.0,0.5
2023-02-27 02:00:00,22.2,11.8,170.0,0.25
2023-02-27 03:00:00,22.2,13.700000000000001,176.66666666666666,0.25
2023-02-27 04:00:00,21.1,14.4,180.0,
2023-02-27 05:00:00,19.2,11.8,496.3333333333333,
2023-02-27 06:00:00,15.219999999999999,7.18,252.0,1.0
2023-02-27 07:00:00,16.1,4.1,240.0,
2023-02-27 08:00:00,15.850000000000001,8.8,255.0,
2023-02-27 09:00:00,15.850000000000001,8.8,260.0,1.0
2023-02-27 10:00:00,15.0,7.2,260.0,
2023-02-27 11:00:00,13.3,7.2,250.0,0.25
2023-02-27 12:00:00,12.75,6.45,250.0,0.25
2023-02-27 13:00:00,12.8,5.7,250.0,0.0
2023-02-27 14:00:00,14.4,6.7,260.0,0.0
2023-02-27 15:00:00,15.25,6.7,260.0,0.0
2023-02-27 16:00:00,18.3,5.7,270.0,0.0
2023-02-27 17:00:00,19.4,4.6,270.0,0.0
2023-02-27 18:00:00,20.25,3.5999999999999996,634.5,0.0
2023-02-27 19:00:00,22.2,0.0,999.0,0.25
2023-02-27 20:00:00,23.3,2.6,210.0,0.25
2023-02-27 21:00:00,23.3,2.05,200.0,0.25
2023-02-27 22:00:00,23.3,3.6,190.0,0.5
2023-02-27 23:00:00,22.2,3.1,230.0,
2023-02-28 00:00:00,20.549999999999997,2.85,200.0,0.625
2023-02-28 01:00:00,17.8,1.5,160.0,0.25
2023-02-28 02:00:00,14.4,3.1,170.0,0.25
2023-02-28 03:00:00,15.0,3.35,175.0,0.125
2023-02-28 04:00:00,15.6,2.6,180.0,0.0
2023-02-28 05:00:00,13.9,2.6,584.5,0.0
2023-02-28 06:00:00,13.600000000000001,2.6,185.0,0.0
2023-02-28 07:00:00,10.6,3.6,200.0,0.0
2023-02-28 08:00:00,10.0,4.1,200.0,0.0
2023-02-28 09:00:00,10.3,4.35,210.0,0.25
2023-02-28 10:00:00,10.6,5.1,220.0,0.5
2023-02-28 11:00:00,10.0,5.1,210.0,0.25
2023-02-28 12:00:00,10.85,5.4,230.0,0.375
2023-02-28 13:00:00,15.0,2.1,999.0,0.25
2023-02-28 14:00:00,16.1,3.1,230.0,0.25
2023-02-28 15:00:00,17.75,3.1,210.0,0.25
2023-02-28 16:00:00,22.2,4.1,220.0,0.25
2023-02-28 17:00:00,25.6,3.6,230.0,0.25
2023-02-28 18:00:00,26.4,3.6,220.0,0.375
2023-02-28 19:00:00,27.8,3.6,230.0,
2023-02-28 20:00:00,28.9,6.2,230.0,
2023-02-28 21:00:00,28.9,4.9,225.0,0.75
2023-02-28 22:00:00,28.9,5.1,220.0,
2023-02-28 23:00:00,25.6,3.6,170.0,
2023-03-01 00:00:00,24.450000000000003,3.35,170.0,0.75
2023-03-01 01:00:00,22.8,4.6,170.0,
2023-03-01 02:00:00,21.1,4.6,180.0,
2023-03-01 03:00:00,20.85,4.35,180.0,0.75
2023-03-01 04:00:00,20.6,4.1,180.0,
2023-03-01 05:00:00,20.0,3.6,729.3333333333334,
2023-03-01 06:00:00,20.85,6.45,190.0,1.0
2023-03-01 07:00:00,21.7,9.8,190.0,
2023-03-01 08:00:00,20.6,7.7,190.0,
2023-03-01 09:00:00,20.6,6.95,190.0,1.0
2023-03-01 10:00:00,20.3,5.65,200.0,
2023-03-01 11:00:00,19.4,3.6,170.0,
2023-03-01 12:00:00,19.15,2.85,145.0,1.0
2023-03-01 13:00:00,19.4,3.5999999999999996,170.0,
2023-03-01 14:00:00,19.7,3.3499999999999996,225.0,
2023-03-01 15:00:00,18.575,3.475,210.0,0.75
2023-03-01 16:00:00,19.4,3.1,300.0,
2023-03-01 17:00:00,20.6,0.0,999.0,
2023-03-01 18:00:00,20.85,1.05,514.5,1.0
2023-03-01 19:00:00,21.1,0.0,999.0,
2023-03-01 20:00:00,18.9,3.6,360.0,
2023-03-01 21:00:00,18.9,3.4333333333333336,246.66666666666666,1.0
2023-03-01 22:00:00,18.3,4.1,350.0,
2023-03-01 23:00:00,17.2,2.1,30.0,
2023-03-02 00:00:00,17.133333333333333,3.433333333333333,243.33333333333334,1.0
2023-03-02 01:00:00,16.4,2.1,185.0,
2023-03-02 02:00:00,15.0,0.0,999.0,
2023-03-02 03:00:00,15.0,1.3,669.5,0.75
2023-03-02 04:00:00,14.4,1.5,360.0,
2023-03-02 05:00:00,14.4,2.6,509.5,
2023-03-02 06:00:00,14.4,2.85,20.0,1.0
2023-03-02 07:00:00,13.9,3.1,50.0,
2023-03-02 08:00:00,14.4,1.5,40.0,
2023-03-02 09:00:00,14.7,1.275,287.25,1.0
2023-03-02 10:00:00,15.0,2.1,30.0,
2023-03-02 11:00:00,14.266666666666666,1.7,10.0,
2023-03-02 12:00:00,14.4,1.2,453.0,1.0
2023-03-02 13:00:00,15.0,0.0,999.0,
2023-03-02 14:00:00,17.2,0.0,999.0,
2023-03-02 15:00:00,18.6,0.0,999.0,1.0
2023-03-02 16:00:00,23.3,3.6,230.0,
2023-03-02 17:00:00,24.4,3.6,200.0,
2023-03-02 18:00:00,25.0,3.35,215.0,0.75
2023-03-02 19:00:00,27.8,9.3,150.0,
2023-03-02 20:00:00,26.7,9.3,170.0,
2023-03-02 21:00:00,26.95,10.05,170.0,0.75
2023-03-02 22:00:00,26.1,10.8,170.0,
2023-03-02 23:00:00,25.0,10.8,170.0,
2023-03-03 00:00:00,14.0,18.6625,331.25,
2023-03-03 01:00:00,12.9,12.9,350.0,
2023-03-03 02:00:00,12.2,7.7,30.0,
2023-03-03 03:00:00,12.8,2.1,999.0,
2023-03-03 04:00:00,12.8,8.2,310.0,
2023-03-03 05:00:00,12.866666666666667,5.666666666666667,469.75,
2023-03-03 06:00:00,11.7,3.6,290.0,
2023-03-03 07:00:00,12.033333333333331,4.466666666666666,286.6666666666667,
2023-03-03 08:00:00,10.366666666666667,9.433333333333334,283.3333333333333,
2023-03-03 09:00:00,9.15,8.225,287.5,1.0
2023-03-03 10:00:00,9.4,6.7,300.0,
2023-03-03 11:00:00,8.9,5.7,300.0,0.5
2023-03-03 12:00:00,8.600000000000001,6.2,305.0,0.25
2023-03-03 13:00:00,8.3,7.7,310.0,0.0
2023-03-03 14:00:00,9.4,7.2,310.0,0.0
2023-03-03 15:00:00,10.25,7.2,300.0,0.25
2023-03-03 16:00:00,12.8,7.2,300.0,0.25
2023-03-03 17:00:00,13.9,7.2,310.0,0.25
2023-03-03 18:00:00,14.45,6.95,305.0,0.125
2023-03-03 19:00:00,16.1,4.1,330.0,0.0
2023-03-03 20:00:00,17.2,6.2,290.0,0.0
2023-03-03 21:00:00,17.75,4.9,300.0,0.0
2023-03-03 22:00:00,18.3,1.5,320.0,0.0
2023-03-03 23:00:00,17.2,3.6,340.0,0.0
2023-03-04 00:00:00,16.65,2.85,330.0,0.0
2023-03-04 01:00:00,12.2,2.1,20.0,0.0
2023-03-04 02:00:00,12.8,1.5,120.0,0.0
2023-03-04 03:00:00,12.5,0.75,559.5,0.0
2023-03-04 04:00:00,11.1,2.1,140.0,0.0
2023-03-04 05:00:00,9.4,2.6,574.5,0.0
2023-03-04 06:00:00,9.15,2.05,130.0,0.0
2023-03-04 07:00:00,9.4,1.5,140.0,0.0
2023-03-04 08:00:00,8.9,3.1,120.0,0.0
2023-03-04 09:00:00,8.9,2.6,130.0,0.0
2023-03-04 10:00:00,8.3,2.6,150.0,0.0
2023-03-04 11:00:00,8.3,1.5,160.0,0.25
2023-03-04 12:00:00,7.2,2.05,175.0,0.125
2023-03-04 13:00:00,10.0,3.6,180.0,0.0
2023-03-04 14:00:00,12.8,4.1,170.0,0.0
2023-03-04 15:00:00,14.2,5.65,175.0,0.0
2023-03-04 16:00:00,17.8,7.7,170.0,0.0
2023-03-04 17:00:00,20.0,7.7,180.0,0.0
2023-03-04 18:00:00,20.55,7.45,175.0,0.0
2023-03-04 19:00:00,22.8,7.7,190.0,0.0
2023-03-04 20:00:00,24.4,6.2,180.0,0.0
2023-03-04 21:00:00,24.4,5.95,175.0,0.25
2023-03-04 22:00:00,23.9,5.1,160.0,0.25
2023-03-04 23:00:00,22.8,5.7,170.0,0.25
2023-03-05 00:00:00,21.4,5.4,160.0,0.25
2023-03-05 01:00:00,17.8,3.6,160.0,0.25
2023-03-05 02:00:00,17.2,3.1,160.0,0.25
2023-03-05 03:00:00,16.65,2.85,155.0,0.25
2023-03-05 04:00:00,15.6,2.1,120.0,0.0
2023-03-05 05:00:00,14.4,1.5,564.5,0.0
2023-03-05 06:00:00,14.15,1.8,135.0,0.0
2023-03-05 07:00:00,13.9,2.1,140.0,0.0
2023-03-05 08:00:00,13.3,2.6,150.0,0.0
2023-03-05 09:00:00,12.75,2.6,150.0,0.0
2023-03-05 10:00:00,10.6,3.1,140.0,0.0
2023-03-05 11:00:00,11.7,2.6,150.0,0.0
2023-03-05 12:00:00,12.25,2.6,155.0,0.0
2023-03-05 13:00:00,14.4,2.6,999.0,0.0
2023-03-05 14:00:00,17.2,7.7,180.0,0.25
2023-03-05 15:00:00,18.6,7.949999999999999,185.0,0.125
2023-03-05 16:00:00,22.2,10.8,190.0,0.0
2023-03-05 17:00:00,22.8,10.3,190.0,0.25
2023-03-05 18:00:00,23.6,10.55,185.0,0.25
2023-03-05 19:00:00,24.4,9.8,180.0,0.5
2023-03-05 20:00:00,25.6,10.3,180.0,
2023-03-05 21:00:00,25.6,10.3,180.0,0.75
2023-03-05 22:00:00,24.4,6.7,170.0,0.5
2023-03-05 23:00:00,22.8,7.2,180.0,0.5
2023-03-06 00:00:00,21.950000000000003,6.15,175.0,0.5
2023-03-06 01:00:00,21.1,6.2,170.0,
2023-03-06 02:00:00,20.0,4.6,170.0,
2023-03-06 03:00:00,20.0,5.15,170.0,0.75
2023-03-06 04:00:00,19.4,5.7,170.0,
2023-03-06 05:00:00,18.3,5.7,589.5,0.5
2023-03-06 06:00:00,18.3,5.95,180.0,0.5
2023-03-06 07:00:00,17.2,6.2,190.0,0.5
2023-03-06 08:00:00,17.2,7.2,190.0,
2023-03-06 09:00:00,16.65,6.95,190.0,0.75
2023-03-06 10:00:00,15.6,5.7,190.0,
2023-03-06 11:00:00,15.0,5.7,190.0,
2023-03-06 12:00:00,14.7,5.95,190.0,1.0
2023-03-06 13:00:00,15.0,4.6,170.0,
2023-03-06 14:00:00,17.2,6.7,190.0,
2023-03-06 15:00:00,18.6,6.2,185.0,0.75
2023-03-06 16:00:00,21.7,5.7,180.0,
2023-03-06 17:00:00,24.2,5.7,190.0,
2023-03-06 18:00:00,24.4,5.4,175.0,0.75
2023-03-06 19:00:00,25.6,3.1,150.0,
2023-03-06 20:00:00,27.2,3.1,999.0,
2023-03-06 21:00:00,27.2,4.1,574.5,0.75
2023-03-06 22:00:00,26.7,5.7,170.0,
2023-03-06 23:00:00,25.0,3.6,160.0,
2023-03-07 00:00:00,24.15,3.6,170.0,0.75
2023-03-07 01:00:00,21.7,3.1,160.0,
2023-03-07 02:00:00,21.1,2.6,130.0,
2023-03-07 03:00:00,21.1,3.3499999999999996,145.0,0.75
2023-03-07 04:00:00,20.0,3.1,160.0,0.5
2023-03-07 05:00:00,18.3,2.6,579.5,0.25
2023-03-07 06:00:00,18.3,2.05,155.0,0.25
2023-03-07 07:00:00,17.2,0.0,999.0,0.25
2023-03-07 08:00:00,17.2,0.0,999.0,0.0
2023-03-07 09:00:00,17.2,0.0,999.0,0.0
2023-03-07 10:00:00,16.7,0.0,999.0,0.0
2023-03-07 11:00:00,16.1,2.1,160.0,0.25
2023-03-07 12:00:00,15.850000000000001,1.8,130.0,0.25
2023-03-07 13:00:00,17.2,2.1,130.0,0.25
2023-03-07 14:00:00,20.6,3.6,180.0,0.25
2023-03-07 15:00:00,21.133333333333336,4.266666666666667,183.33333333333334,0.25
2023-03-07 16:00:00,20.6,5.4,175.0,
2023-03-07 17:00:00,21.1,5.15,180.0,
2023-03-07 18:00:00,21.65,4.65,175.0,1.0
2023-03-07 19:00:00,22.5,4.6,150.0,
2023-03-07 20:00:00,22.8,6.2,140.0,
2023-03-07 21:00:00,22.5,5.15,135.0,1.0
2023-03-07 22:00:00,22.2,4.1,120.0,
2023-03-07 23:00:00,21.1,3.1,110.0,
2023-03-08 00:00:00,20.25,2.85,120.0,0.75
2023-03-08 01:00:00,18.9,2.1,120.0,
2023-03-08 02:00:00,20.0,1.5,80.0,
2023-03-08 03:00:00,19.7,0.75,539.5,0.75
2023-03-08 04:00:00,20.0,4.6,330.0,
2023-03-08 05:00:00,18.05,5.4,563.0,
2023-03-08 06:00:00,17.166666666666668,4.466666666666667,130.0,1.0
2023-03-08 07:00:00,15.6,4.6,330.0,
2023-03-08 08:00:00,13.3,9.3,330.0,
2023-03-08 09:00:00,12.75,8.5,170.0,1.0
2023-03-08 10:00:00,12.2,1.5,10.0,
2023-03-08 11:00:00,12.9,0.75,659.5,
2023-03-08 12:00:00,12.800000000000002,3.0666666666666664,316.6666666666667,1.0
2023-03-08 13:00:00,12.5,4.6,335.0,
2023-03-08 14:00:00,11.1,6.2,340.0,
2023-03-08 15:00:00,11.1,5.95,340.0,1.0
2023-03-08 16:00:00,11.1,5.4,335.0,
2023-03-08 17:00:00,12.2,5.1,340.0,
2023-03-08 18:00:00,13.3,4.6,200.0,1.0
2023-03-08 19:00:00,13.350000000000001,4.35,335.0,
2023-03-08 20:00:00,12.2,4.1,350.0,
2023-03-08 21:00:00,12.666666666666666,3.6,240.0,1.0
2023-03-08 22:00:00,12.8,3.1,20.0,
2023-03-08 23:00:00,12.8,4.1,360.0,
2023-03-09 00:00:00,12.6,5.133333333333333,350.0,1.0
2023-03-09 01:00:00,12.2,5.4,20.0,
2023-03-09 02:00:00,12.8,5.1,20.0,
2023-03-09 03:00:00,12.800000000000002,4.1,40.0,1.0
2023-03-09 04:00:00,13.600000000000001,3.35,90.0,
2023-03-09 05:00:00,13.95,4.1,419.6666666666667,
2023-03-09 06:00:00,13.9,2.8,140.0,1.0
2023-03-09 07:00:00,13.9,2.1,190.0,
2023-03-09 08:00:00,13.933333333333332,2.4333333333333336,140.0,
2023-03-09 09:00:00,13.9,0.8666666666666667,712.6666666666666,1.0
2023-03-09 10:00:00,13.9,2.1,210.0,
2023-03-09 11:00:00,13.3,2.6,60.0,
2023-03-09 12:00:00,13.25,1.9666666666666668,153.33333333333334,1.0
2023-03-09 13:00:00,13.300000000000002,0.5,786.0,
2023-03-09 14:00:00,15.0,3.1,160.0,
2023-03-09 15:00:00,15.3,2.85,165.0,
2023-03-09 16:00:00,16.1,2.85,200.0,
2023-03-09 17:00:00,18.166666666666668,4.1,190.0,
2023-03-09 18:00:00,20.025,4.225,205.0,1.0
2023-03-09 19:00:00,21.1,2.6,210.0,
2023-03-09 20:00:00,20.0,3.5666666666666664,296.6666666666667,
2023-03-09 21:00:00,16.5,6.485714285714286,331.42857142857144,1.0
2023-03-09 22:00:00,15.24,6.92,346.0,
2023-03-09 23:00:00,14.275,5.0,360.0,
2023-03-10 00:00:00,13.919999999999998,6.9,352.0,1.0
2023-03-10 01:00:00,13.9,5.1,360.0,
2023-03-10 02:00:00,13.3,6.7,10.0,
2023-03-10 03:00:00,13.300000000000002,7.8999999999999995,10.0,1.0
2023-03-10 04:00:00,12.8,7.45,185.0,
2023-03-10 05:00:00,12.2,5.7,509.5,
2023-03-10 06:00:00,11.95,5.7,15.0,1.0
2023-03-10 07:00:00,11.05,5.7,20.0,
2023-03-10 08:00:00,10.6,6.45,20.0,0.5
2023-03-10 09:00:00,10.0,4.65,25.0,0.5
2023-03-10 10:00:00,8.9,4.6,20.0,0.5
2023-03-10 11:00:00,8.3,4.1,20.0,0.5
2023-03-10 12:00:00,8.05,3.5999999999999996,25.0,0.5
2023-03-10 13:00:00,9.4,6.2,20.0,0.25
2023-03-10 14:00:00,10.0,6.2,20.0,
2023-03-10 15:00:00,10.55,5.65,25.0,0.75
2023-03-10 16:00:00,12.8,3.6,20.0,0.5
2023-03-10 17:00:00,14.4,4.6,40.0,0.25
2023-03-10 18:00:00,14.7,4.1,200.0,0.375
2023-03-10 19:00:00,15.6,2.1,90.0,
2023-03-10 20:00:00,17.2,2.6,40.0,0.5
2023-03-10 21:00:00,18.049999999999997,1.3,519.5,0.5
2023-03-10 22:00:00,18.9,0.0,999.0,0.5
2023-03-10 23:00:00,18.3,2.1,100.0,
2023-03-11 00:00:00,17.200000000000003,2.35,110.0,0.625
2023-03-11 01:00:00,15.0,2.1,60.0,
2023-03-11 02:00:00,15.0,4.6,150.0,
2023-03-11 03:00:00,14.7,4.85,150.0,0.625
2023-03-11 04:00:00,13.9,5.1,150.0,0.25
2023-03-11 05:00:00,13.9,4.6,579.5,0.25
2023-03-11 06:00:00,13.6,3.933333333333333,156.66666666666666,0.25
2023-03-11 07:00:00,13.9,5.15,150.0,
2023-03-11 08:00:00,14.4,4.6,160.0,
2023-03-11 09:00:00,14.4,4.85,160.0,1.0
2023-03-11 10:00:00,14.4,5.4,165.0,
2023-03-11 11:00:00,15.0,5.7,160.0,
2023-03-11 12:00:00,15.366666666666667,5.833333333333333,163.33333333333334,1.0
2023-03-11 13:00:00,16.4,8.25,180.0,
2023-03-11 14:00:00,16.95,6.2,175.0,
2023-03-11 15:00:00,17.933333333333334,7.533333333333332,180.0,1.0
2023-03-11 16:00:00,20.0,5.7,180.0,
2023-03-11 17:00:00,21.599999999999998,7.2,183.33333333333334,
2023-03-11 18:00:00,23.35,7.699999999999999,185.0,0.75
2023-03-11 19:00:00,27.8,6.7,190.0,0.5
2023-03-11 20:00:00,30.0,10.3,220.0,0.5
2023-03-11 21:00:00,30.3,9.55,220.0,0.5
2023-03-11 22:00:00,31.1,8.8,210.0,0.5
2023-03-11 23:00:00,30.0,7.2,210.0,0.5
2023-03-12 00:00:00,27.8,5.65,200.0,0.5
2023-03-12 01:00:00,25.0,3.1,200.0,0.5
2023-03-12 02:00:00,23.3,3.1,180.0,
2023-03-12 03:00:00,23.6,5.6499999999999995,270.0,0.75
2023-03-12 04:00:00,21.7,8.8,10.0,
2023-03-12 05:00:00,19.4,7.7,509.5,
2023-03-12 06:00:00,18.299999999999997,7.949999999999999,15.0,0.75
2023-03-12 07:00:00,16.1,10.8,360.0,
2023-03-12 08:00:00,15.0,7.75,25.0,
2023-03-12 09:00:00,14.6,7.533333333333332,246.66666666666666,1.0
2023-03-12 10:00:00,13.9,7.7,10.0,
2023-03-12 11:00:00,13.600000000000001,7.5,30.0,
2023-03-12 12:00:00,13.05,6.45,190.0,0.75
2023-03-12 13:00:00,12.8,9.55,180.0,
2023-03-12 14:00:00,13.3,7.2,10.0,
2023-03-12 15:00:00,13.850000000000001,7.699999999999999,10.0,0.75
2023-03-12 16:00:00,14.4,8.2,10.0,
2023-03-12 17:00:00,16.7,9.8,10.0,
2023-03-12 18:00:00,17.25,9.55,185.0,0.75
2023-03-12 19:00:00,18.3,9.8,360.0,0.5
2023-03-12 20:00:00,17.8,10.3,360.0,0.5
2023-03-12 21:00:00,17.5,9.25,185.0,0.5
2023-03-12 22:00:00,16.7,11.3,10.0,
2023-03-12 23:00:00,15.6,9.8,10.0,
2023-03-13 00:00:00,14.75,9.55,10.0,0.75
2023-03-13 01:00:00,12.8,8.8,20.0,0.5
2023-03-13 02:00:00,11.7,5.7,10.0,
2023-03-13 03:00:00,11.399999999999999,6.7,10.0,0.75
2023-03-13 04:00:00,10.6,7.2,30.0,
2023-03-13 05:00:00,10.0,6.7,514.5,
2023-03-13 06:00:00,10.0,5.9,30.0,0.75
2023-03-13 07:00:00,8.9,4.1,30.0,
2023-03-13 08:00:00,8.3,5.1,30.0,
2023-03-13 09:00:00,8.3,5.9,30.0,0.75
2023-03-13 10:00:00,8.3,7.2,10.0,
2023-03-13 11:00:00,7.8,5.1,20.0,
2023-03-13 12:00:00,7.8,4.6,30.0,0.75
2023-03-13 13:00:00,8.3,4.6,40.0,
2023-03-13 14:00:00,9.4,5.7,60.0,
2023-03-13 15:00:00,9.7,5.7,55.0,0.75
2023-03-13 16:00:00,11.1,4.1,40.0,
2023-03-13 17:00:00,13.3,7.2,30.0,0.5
2023-03-13 18:00:00,13.600000000000001,7.2,25.0,0.5
2023-03-13 19:00:00,14.4,7.7,10.0,0.5
2023-03-13 20:00:00,14.4,5.1,30.0,0.25
2023-03-13 21:00:00,14.7,5.9,20.0,0.25
2023-03-13 22:00:00,13.9,7.2,20.0,0.25
2023-03-13 23:00:00,13.3,6.7,20.0,0.5
2023-03-14 00:00:00,12.2,5.65,25.0,0.5
2023-03-14 01:00:00,10.6,4.6,50.0,
2023-03-14 02:00:00,10.6,4.6,50.0,
2023-03-14 03:00:00,10.3,4.85,35.0,0.75
2023-03-14 04:00:00,9.4,4.6,10.0,
2023-03-14 05:00:00,8.3,4.6,514.5,
2023-03-14 06:00:00,7.75,4.6,35.0,0.75
2023-03-14 07:00:00,7.8,4.1,30.0,
2023-03-14 08:00:00,7.2,2.6,40.0,
2023-03-14 09:00:00,6.95,3.3499999999999996,45.0,0.75
2023-03-14 10:00:00,6.1,4.6,60.0,0.5
2023-03-14 11:00:00,5.6,0.0,999.0,0.25
2023-03-14 12:00:00,4.75,1.3,529.5,0.375
2023-03-14 13:00:00,7.2,3.1,70.0,0.5
2023-03-14 14:00:00,9.4,3.6,90.0,0.5
2023-03-14 15:00:00,10.25,3.8499999999999996,105.0,0.375
2023-03-14 16:00:00,12.8,4.1,120.0,0.25
2023-03-14 17:00:00,13.9,2.6,140.0,
2023-03-14 18:00:00,14.75,3.1,125.0,0.75
2023-03-14 19:00:00,16.7,0.0,999.0,0.5
2023-03-14 20:00:00,15.6,0.0,999.0,
2023-03-14 21:00:00,16.15,1.05,529.5,0.75
2023-03-14 22:00:00,16.7,4.1,110.0,
2023-03-14 23:00:00,15.6,4.1,110.0,
2023-03-15 00:00:00,14.75,3.5999999999999996,110.0,0.75
2023-03-15 01:00:00,12.8,3.1,130.0,
2023-03-15 02:00:00,12.2,2.1,160.0,0.5
2023-03-15 03:00:00,11.399999999999999,2.6,150.0,0.375
2023-03-15 04:00:00,10.6,2.6,170.0,0.25
2023-03-15 05:00:00,9.4,1.5,559.5,
2023-03-15 06:00:00,9.7,1.8,120.0,0.75
2023-03-15 07:00:00,8.9,2.6,150.0,0.5
2023-03-15 08:00:00,8.3,2.6,130.0,0.25
2023-03-15 09:00:00,8.05,2.85,140.0,0.25
2023-03-15 10:00:00,6.7,3.1,130.0,0.25
2023-03-15 11:00:00,6.7,3.1,120.0,0.25
2023-03-15 12:00:00,6.7,3.1,130.0,0.25
2023-03-15 13:00:00,10.0,4.1,150.0,0.5
2023-03-15 14:00:00,12.2,9.3,160.0,0.5
2023-03-15 15:00:00,13.3,9.05,155.0,0.5
2023-03-15 16:00:00,16.1,7.7,160.0,
2023-03-15 17:00:00,17.8,8.2,150.0,
2023-03-15 18:00:00,18.35,8.5,155.0,0.75
2023-03-15 19:00:00,19.4,8.2,160.0,
2023-03-15 20:00:00,19.4,9.8,160.0,
2023-03-15 21:00:00,19.7,8.5,155.0,0.75
2023-03-15 22:00:00,19.4,8.8,180.0,
2023-03-15 23:00:00,18.9,9.8,170.0,
2023-03-16 00:00:00,18.6,8.5,165.0,0.75
2023-03-16 01:00:00,18.3,8.8,160.0,
2023-03-16 02:00:00,18.9,7.7,160.0,
2023-03-16 03:00:00,18.6,8.25,165.0,0.75
2023-03-16 04:00:00,17.8,8.8,160.0,
2023-03-16 05:00:00,17.2,7.2,584.5,
2023-03-16 06:00:00,17.2,8.25,170.0,1.0
2023-03-16 07:00:00,16.7,8.25,170.0,
2023-03-16 08:00:00,16.7,8.8,170.0,
2023-03-16 09:00:00,16.7,8.25,170.0,1.0
2023-03-16 10:00:00,16.1,8.2,175.0,
2023-03-16 11:00:00,16.1,4.6,160.0,
2023-03-16 12:00:00,16.599999999999998,5.666666666666667,166.66666666666666,1.0
2023-03-16 13:00:00,17.2,9.8,180.0,
2023-03-16 14:00:00,16.866666666666664,7.033333333333334,183.33333333333334,
2023-03-16 15:00:00,17.2,7.866666666666666,176.66666666666666,1.0
2023-03-16 16:00:00,17.8,7.7,180.0,
2023-03-16 17:00:00,18.9,10.8,190.0,
2023-03-16 18:00:00,20.033333333333335,11.5,190.0,1.0
2023-03-16 19:00:00,21.1,9.8,200.0,
2023-03-16 20:00:00,21.7,9.55,190.0,
2023-03-16 21:00:00,20.87142857142857,8.1,197.14285714285714,0.75
2023-03-16 22:00:00,18.25,6.825,185.0,
2023-03-16 23:00:00,16.55,12.225,317.5,
2023-03-17 00:00:00,12.4,12.0,353.3333333333333,0.75
2023-03-17 01:00:00,9.4,11.3,350.0,
2023-03-17 02:00:00,7.8,12.9,340.0,
2023-03-17 03:00:00,7.5,12.9,345.0,1.0
2023-03-17 04:00:00,6.7,11.8,350.0,
2023-03-17 05:00:00,6.7,9.3,669.5,
2023-03-17 06:00:00,6.4,9.05,345.0,1.0
2023-03-17 07:00:00,6.05,10.8,350.0,
2023-03-17 08:00:00,5.6,12.4,360.0,
2023-03-17 09:00:00,5.85,10.3,355.0,1.0
2023-03-17 10:00:00,5.6,9.8,360.0,
2023-03-17 11:00:00,5.0,8.8,350.0,0.5
2023-03-17 12:00:00,4.7,9.05,355.0,0.375
2023-03-17 13:00:00,5.0,8.2,360.0,
2023-03-17 14:00:00,5.6,10.8,360.0,
2023-03-17 15:00:00,6.4,9.8,190.0,0.75
2023-03-17 16:00:00,8.3,9.8,10.0,
2023-03-17 17:00:00,9.4,8.2,10.0,0.5
2023-03-17 18:00:00,10.25,8.5,10.0,0.375
2023-03-17 19:00:00,10.6,6.7,30.0,0.25
2023-03-17 20:00:00,12.2,7.2,360.0,0.25
2023-03-17 21:00:00,12.2,6.15,185.0,0.25
2023-03-17 22:00:00,12.2,7.2,350.0,
2023-03-17 23:00:00,11.1,5.7,360.0,
2023-03-18 00:00:00,10.55,5.7,355.0,0.75
2023-03-18 01:00:00,8.9,4.1,340.0,
2023-03-18 02:00:00,8.3,3.6,360.0,
2023-03-18 03:00:00,8.05,3.35,360.0,0.75
2023-03-18 04:00:00,7.8,1.5,340.0,
2023-03-18 05:00:00,6.7,3.1,664.5,
2023-03-18 06:00:00,6.7,3.1,325.0,0.75
2023-03-18 07:00:00,7.2,1.5,320.0,
2023-03-18 08:00:00,6.1,1.5,330.0,
2023-03-18 09:00:00,6.1,1.8,320.0,0.75
2023-03-18 10:00:00,5.0,2.1,300.0,
2023-03-18 11:00:00,5.6,0.0,999.0,
2023-03-18 12:00:00,5.0,0.75,674.5,0.75
2023-03-18 13:00:00,6.7,3.6,340.0,
2023-03-18 14:00:00,7.8,5.7,360.0,
2023-03-18 15:00:00,8.05,6.45,190.0,0.75
2023-03-18 16:00:00,8.9,8.2,360.0,
2023-03-18 17:00:00,10.0,8.8,350.0,
2023-03-18 18:00:00,10.55,7.5,185.0,0.75
2023-03-18 19:00:00,11.7,6.2,350.0,
2023-03-18 20:00:00,12.2,5.1,360.0,
2023-03-18 21:00:00,12.2,6.6499999999999995,355.0,0.625
2023-03-18 22:00:00,12.2,7.7,340.0,0.5
2023-03-18 23:00:00,10.6,6.7,360.0,0.25
2023-03-19 00:00:00,10.0,6.2,360.0,0.25
2023-03-19 01:00:00,7.8,4.1,360.0,0.25
2023-03-19 02:00:00,6.7,3.6,360.0,0.0
2023-03-19 03:00:00,6.15,3.8499999999999996,190.0,0.0
2023-03-19 04:00:00,5.6,2.1,40.0,0.0
2023-03-19 05:00:00,3.9,2.1,514.5,0.0
2023-03-19 06:00:00,3.9,1.8,20.0,0.25
2023-03-19 07:00:00,2.8,2.6,30.0,0.5
2023-03-19 08:00:00,1.7,3.1,50.0,0.5
2023-03-19 09:00:00,1.7,3.5999999999999996,35.0,0.5
2023-03-19 10:00:00,1.1,3.6,20.0,0.5
2023-03-19 11:00:00,0.0,3.1,30.0,0.5
2023-03-19 12:00:00,0.0,2.85,35.0,0.5
2023-03-19 13:00:00,2.8,4.6,60.0,0.5
2023-03-19 14:00:00,4.4,4.1,80.0,
2023-03-19 15:00:00,5.0,4.1,75.0,0.75
2023-03-19 16:00:00,7.2,2.6,60.0,0.5
2023-03-19 17:00:00,8.3,2.1,70.0,
2023-03-19 18:00:00,8.600000000000001,1.05,534.5,0.625
2023-03-19 19:00:00,10.0,1.5,999.0,0.25
2023-03-19 20:00:00,10.6,2.1,150.0,0.25
2023-03-19 21:00:00,10.85,2.6,155.0,0.25
2023-03-19 22:00:00,11.1,2.1,999.0,0.0
2023-03-19 23:00:00,11.1,2.6,150.0,0.25
2023-03-20 00:00:00,9.7,3.1,140.0,0.25
2023-03-20 01:00:00,7.2,3.1,130.0,0.0
2023-03-20 02:00:00,6.7,3.1,130.0,0.0
2023-03-20 03:00:00,6.4,3.35,140.0,0.0
2023-03-20 04:00:00,5.6,2.6,150.0,0.0
2023-03-20 05:00:00,5.0,3.6,579.5,0.25
2023-03-20 06:00:00,5.3,3.6,160.0,0.375
2023-03-20 07:00:00,5.0,3.1,160.0,0.5
2023-03-20 08:00:00,4.4,2.6,130.0,0.25
2023-03-20 09:00:00,4.15,3.3499999999999996,145.0,0.375
2023-03-20 10:00:00,5.0,5.1,160.0,0.5
2023-03-20 11:00:00,5.0,4.1,170.0,
2023-03-20 12:00:00,5.3,4.1,170.0,0.75
2023-03-20 13:00:00,6.1,6.2,170.0,
2023-03-20 14:00:00,8.9,5.7,170.0,
2023-03-20 15:00:00,9.75,6.45,165.0,0.75
2023-03-20 16:00:00,11.1,5.7,170.0,
2023-03-20 17:00:00,11.1,9.8,180.0,
2023-03-20 18:00:00,11.399999999999999,9.55,180.0,1.0
2023-03-20 19:00:00,11.7,11.3,180.0,
2023-03-20 20:00:00,12.2,11.3,170.0,
2023-03-20 21:00:00,12.5,10.55,170.0,1.0
2023-03-20 22:00:00,11.7,9.8,160.0,
2023-03-20 23:00:00,11.7,8.2,150.0,
2023-03-21 00:00:00,11.399999999999999,6.6499999999999995,145.0,1.0
2023-03-21 01:00:00,11.1,5.1,150.0,
2023-03-21 02:00:00,11.1,6.7,160.0,
2023-03-21 03:00:00,11.1,6.95,160.0,1.0
2023-03-21 04:00:00,11.1,5.7,160.0,
2023-03-21 05:00:00,11.1,8.8,584.5,
2023-03-21 06:00:00,10.933333333333332,8.933333333333334,173.33333333333334,1.0
2023-03-21 07:00:00,10.6,9.8,170.0,
2023-03-21 08:00:00,10.0,9.3,170.0,
2023-03-21 09:00:00,10.0,8.0,170.0,1.0
2023-03-21 10:00:00,10.0,8.2,170.0,
2023-03-21 11:00:00,10.6,7.2,170.0,
2023-03-21 12:00:00,10.85,6.45,165.0,1.0
2023-03-21 13:00:00,11.399999999999999,6.2,170.0,
2023-03-21 14:00:00,11.85,5.4,160.0,1.0
2023-03-21 15:00:00,12.2,4.6,180.0,
2023-03-21 16:00:00,12.7,4.475,170.0,
2023-03-21 17:00:00,13.459999999999999,4.3,170.0,
2023-03-21 18:00:00,14.7,5.65,180.0,
2023-03-21 19:00:00,16.05,5.95,170.0,
2023-03-21 20:00:00,17.03333333333333,5.833333333333333,170.0,
2023-03-21 21:00:00,18.133333333333333,6.666666666666667,176.66666666666666,1.0
2023-03-21 22:00:00,17.8,8.2,190.0,
2023-03-21 23:00:00,20.6,7.7,180.0,
2023-03-22 00:00:00,20.3,6.95,175.0,0.75
2023-03-22 01:00:00,19.4,6.7,180.0,
2023-03-22 02:00:00,19.45,7.2,180.0,
2023-03-22 03:00:00,19.066666666666666,7.033333333333334,173.33333333333334,1.0
2023-03-22 04:00:00,18.9,5.7,180.0,
2023-03-22 05:00:00,18.9,6.95,453.0,
2023-03-22 06:00:00,19.45,7.2,180.0,1.0
2023-03-22 07:00:00,20.0,6.2,180.0,
2023-03-22 08:00:00,20.0,7.7,185.0,
2023-03-22 09:00:00,20.0,7.7,190.0,1.0
2023-03-22 10:00:00,20.0,7.2,180.0,
2023-03-22 11:00:00,20.0,7.7,190.0,
2023-03-22 12:00:00,20.3,7.2,185.0,1.0
2023-03-22 13:00:00,21.1,8.2,180.0,
2023-03-22 14:00:00,22.2,10.8,180.0,
2023-03-22 15:00:00,22.5,9.25,185.0,1.0
2023-03-22 16:00:00,24.45,8.75,190.0,
2023-03-22 17:00:00,26.1,9.3,195.0,
2023-03-22 18:00:00,27.200000000000003,9.55,190.0,1.0
2023-03-22 19:00:00,28.3,9.3,180.0,
2023-03-22 20:00:00,28.3,9.3,190.0,
2023-03-22 21:00:00,28.3,9.3,180.0,0.75
2023-03-22 22:00:00,28.3,9.8,200.0,
2023-03-22 23:00:00,26.1,8.8,170.0,
2023-03-23 00:00:00,25.55,8.25,170.0,0.75
2023-03-23 01:00:00,23.9,7.2,170.0,
2023-03-23 02:00:00,22.8,5.1,170.0,
2023-03-23 03:00:00,22.8,5.9,175.0,0.75
2023-03-23 04:00:00,21.7,6.7,180.0,
2023-03-23 05:00:00,21.1,6.2,589.5,
2023-03-23 06:00:00,21.066666666666666,6.533333333333334,180.0,0.75
2023-03-23 07:00:00,20.6,6.7,180.0,
2023-03-23 08:00:00,20.6,5.7,180.0,
2023-03-23 09:00:00,20.6,4.966666666666666,180.0,1.0
2023-03-23 10:00:00,21.1,5.1,170.0,
2023-03-23 11:00:00,21.1,4.1,170.0,
2023-03-23 12:00:00,21.5,4.6,170.0,1.0
2023-03-23 13:00:00,22.2,5.7,170.0,
2023-03-23 14:00:00,23.333333333333332,8.233333333333334,180.0,
2023-03-23 15:00:00,25.0,11.100000000000001,185.0,0.75
2023-03-23 16:00:00,27.2,11.05,185.0,
2023-03-23 17:00:00,28.3,10.3,190.0,
2023-03-23 18:00:00,28.3,10.05,190.0,0.75
2023-03-23 19:00:00,28.3,9.8,190.0,
2023-03-23 20:00:00,28.9,10.3,180.0,
2023-03-23 21:00:00,28.35,10.3,180.0,0.75
2023-03-23 22:00:00,27.8,8.8,170.0,
2023-03-23 23:00:00,27.2,6.2,170.0,
2023-03-24 00:00:00,26.65,7.5,170.0,1.0
2023-03-24 01:00:00,25.0,7.7,170.0,
2023-03-24 02:00:00,25.0,8.2,180.0,
2023-03-24 03:00:00,24.7,9.0,175.0,0.75
2023-03-24 04:00:00,23.3,8.8,180.0,0.5
2023-03-24 05:00:00,23.3,6.95,449.6666666666667,
2023-03-24 06:00:00,23.3,6.45,185.0,1.0
2023-03-24 07:00:00,23.3,5.1,190.0,
2023-03-24 08:00:00,23.3,6.2,180.0,
2023-03-24 09:00:00,23.3,6.45,180.0,1.0
2023-03-24 10:00:00,23.3,6.95,190.0,
2023-03-24 11:00:00,17.925,6.05,307.5,
2023-03-24 12:00:00,17.44,2.3600000000000003,411.8,1.0
2023-03-24 13:00:00,18.05,2.35,155.0,
2023-03-24 14:00:00,18.6,1.8,220.0,
2023-03-24 15:00:00,19.575,2.575,242.5,0.75
2023-03-24 16:00:00,18.9,9.3,290.0,
2023-03-24 17:00:00,17.75,8.1,292.5,
2023-03-24 18:00:00,17.033333333333335,7.533333333333334,290.0,0.75
2023-03-24 19:00:00,16.7,6.95,275.0,
2023-03-24 20:00:00,19.15,4.35,285.0,0.375
2023-03-24 21:00:00,20.549999999999997,4.35,285.0,0.25
2023-03-24 22:00:00,23.9,3.1,250.0,0.25
2023-03-24 23:00:00,23.9,5.1,260.0,0.25
2023-03-25 00:00:00,23.35,4.35,250.0,0.25
2023-03-25 01:00:00,20.6,3.1,210.0,0.25
2023-03-25 02:00:00,20.6,5.1,250.0,0.25
2023-03-25 03:00:00,20.3,4.85,245.0,0.25
2023-03-25 04:00:00,19.4,5.1,250.0,0.5
2023-03-25 05:00:00,19.4,5.7,629.5,0.25
2023-03-25 06:00:00,18.299999999999997,4.9,255.0,0.125
2023-03-25 07:00:00,17.8,4.1,250.0,0.0
2023-03-25 08:00:00,13.9,3.1,260.0,0.0
2023-03-25 09:00:00,12.5,3.1,240.0,0.0
2023-03-25 10:00:00,12.2,5.1,230.0,0.0
2023-03-25 11:00:00,13.3,5.1,240.0,0.0
2023-03-25 12:00:00,13.3,6.2,240.0,0.0
2023-03-25 13:00:00,15.0,6.7,240.0,0.0
2023-03-25 14:00:00,18.3,7.2,260.0,0.0
2023-03-25 15:00:00,19.15,7.45,265.0,0.0
2023-03-25 16:00:00,21.1,7.2,280.0,0.0
2023-03-25 17:00:00,22.2,5.7,260.0,0.0
2023-03-25 18:00:00,22.5,6.2,260.0,0.0
2023-03-25 19:00:00,23.9,5.1,250.0,0.0
2023-03-25 20:00:00,24.4,6.2,260.0,0.0
2023-03-25 21:00:00,24.4,6.2,260.0,0.0
2023-03-25 22:00:00,24.4,6.2,280.0,0.0
2023-03-25 23:00:00,23.3,4.1,210.0,0.0
2023-03-26 00:00:00,22.200000000000003,3.8499999999999996,210.0,0.0
2023-03-26 01:00:00,19.4,2.6,210.0,0.0
2023-03-26 02:00:00,18.3,1.5,220.0,0.0
2023-03-26 03:00:00,17.200000000000003,1.5,215.0,0.0
2023-03-26 04:00:00,15.0,2.1,210.0,0.0
2023-03-26 05:00:00,13.9,0.0,999.0,0.0
2023-03-26 06:00:00,13.600000000000001,0.0,999.0,0.0
2023-03-26 07:00:00,14.4,0.0,999.0,0.0
2023-03-26 08:00:00,12.8,0.0,999.0,0.0
2023-03-26 09:00:00,12.25,0.0,999.0,0.0
2023-03-26 10:00:00,10.0,4.1,360.0,0.0
2023-03-26 11:00:00,10.0,4.6,350.0,0.25
2023-03-26 12:00:00,10.0,4.6,350.0,0.25
2023-03-26 13:00:00,11.7,4.6,10.0,0.25
2023-03-26 14:00:00,13.3,5.1,30.0,0.25
2023-03-26 15:00:00,14.45,4.6,25.0,0.125
2023-03-26 16:00:00,18.3,3.1,999.0,0.25
2023-03-26 17:00:00,20.0,3.1,350.0,0.0
2023-03-26 18:00:00,21.4,1.55,674.5,0.25
2023-03-26 19:00:00,23.3,1.5,999.0,0.25
2023-03-26 20:00:00,24.4,3.6,320.0,0.25
2023-03-26 21:00:00,25.0,2.85,170.0,0.25
2023-03-26 22:00:00,25.0,4.6,310.0,0.25
2023-03-26 23:00:00,24.4,4.1,330.0,0.25
2023-03-27 00:00:00,23.299999999999997,4.6,335.0,0.25
2023-03-27 01:00:00,18.9,4.1,350.0,0.0
2023-03-27 02:00:00,18.3,7.7,340.0,0.0
2023-03-27 03:00:00,17.5,9.5,175.0,0.0
2023-03-27 04:00:00,15.0,7.7,20.0,0.0
2023-03-27 05:00:00,13.9,7.7,509.5,0.0
2023-03-27 06:00:00,13.05,6.95,20.0,0.25
2023-03-27 07:00:00,11.1,4.1,30.0,0.25
2023-03-27 08:00:00,10.0,2.1,40.0,0.5
2023-03-27 09:00:00,9.45,2.85,35.0,0.5
2023-03-27 10:00:00,9.4,5.1,20.0,0.25
2023-03-27 11:00:00,8.3,5.1,20.0,0.5
2023-03-27 12:00:00,8.3,5.65,25.0,0.5
2023-03-27 13:00:00,8.9,6.2,10.0,
2023-03-27 14:00:00,10.6,3.6,360.0,
2023-03-27 15:00:00,11.95,2.85,679.5,0.625
2023-03-27 16:00:00,15.6,3.1,40.0,0.5
2023-03-27 17:00:00,18.3,3.6,10.0,0.5
2023-03-27 18:00:00,19.15,3.1,15.0,0.5
2023-03-27 19:00:00,21.1,2.1,999.0,0.5
2023-03-27 20:00:00,22.2,4.1,60.0,
2023-03-27 21:00:00,21.65,3.8499999999999996,55.0,0.75
2023-03-27 22:00:00,20.6,3.6,50.0,
2023-03-27 23:00:00,17.966666666666665,3.1,126.66666666666667,
2023-03-28 00:00:00,16.133333333333333,1.9000000000000001,423.0,1.0
2023-03-28 01:00:00,16.1,1.5,200.0,
2023-03-28 02:00:00,16.1,3.1,310.0,
2023-03-28 03:00:00,16.1,3.1,310.0,0.75
2023-03-28 04:00:00,15.0,3.1,200.0,
2023-03-28 05:00:00,13.9,3.1,624.5,
2023-03-28 06:00:00,13.600000000000001,4.4,285.0,0.5
2023-03-28 07:00:00,12.8,6.7,340.0,0.25
2023-03-28 08:00:00,12.2,7.2,360.0,0.5
2023-03-28 09:00:00,11.649999999999999,7.45,355.0,0.5
2023-03-28 10:00:00,10.0,6.2,350.0,0.5
2023-03-28 11:00:00,10.0,7.2,10.0,0.5
2023-03-28 12:00:00,10.0,7.2,185.0,0.5
2023-03-28 13:00:00,9.4,7.7,360.0,
2023-03-28 14:00:00,11.7,9.8,350.0,
2023-03-28 15:00:00,11.95,8.75,180.0,0.75
2023-03-28 16:00:00,13.9,6.7,360.0,
2023-03-28 17:00:00,15.0,7.2,20.0,
2023-03-28 18:00:00,15.85,6.95,190.0,0.75
2023-03-28 19:00:00,17.2,5.1,360.0,
2023-03-28 20:00:00,17.8,7.2,20.0,
2023-03-28 21:00:00,17.5,6.95,20.0,0.75
2023-03-28 22:00:00,16.7,6.7,10.0,
2023-03-28 23:00:00,15.6,6.2,20.0,
2023-03-29 00:00:00,14.75,5.15,15.0,0.75
2023-03-29 01:00:00,12.8,3.6,20.0,
2023-03-29 02:00:00,11.7,2.6,20.0,0.5
2023-03-29 03:00:00,11.7,2.05,180.0,0.5
2023-03-29 04:00:00,11.1,2.6,360.0,
2023-03-29 05:00:00,10.6,2.1,679.5,
2023-03-29 06:00:00,10.6,2.1,190.0,0.75
2023-03-29 07:00:00,10.0,2.6,360.0,
2023-03-29 08:00:00,10.6,2.1,360.0,
2023-03-29 09:00:00,10.6,1.8,360.0,0.75
2023-03-29 10:00:00,10.0,2.1,10.0,
2023-03-29 11:00:00,10.0,2.1,70.0,
2023-03-29 12:00:00,10.3,2.1,115.0,1.0
2023-03-29 13:00:00,11.1,1.5,100.0,
2023-03-29 14:00:00,12.2,2.6,110.0,
2023-03-29 15:00:00,12.5,3.3499999999999996,135.0,1.0
2023-03-29 16:00:00,13.3,3.6,170.0,
2023-03-29 17:00:00,15.6,4.1,150.0,
2023-03-29 18:00:00,15.850000000000001,3.3499999999999996,170.0,0.75
2023-03-29 19:00:00,17.2,2.6,180.0,
2023-03-29 20:00:00,17.8,4.6,170.0,
2023-03-29 21:00:00,18.05,5.15,170.0,0.75
2023-03-29 22:00:00,18.3,5.7,150.0,
2023-03-29 23:00:00,17.2,6.2,150.0,
2023-03-30 00:00:00,16.95,6.2,150.0,1.0
2023-03-30 01:00:00,16.1,4.1,150.0,
2023-03-30 02:00:00,16.7,3.1,140.0,
2023-03-30 03:00:00,16.15,3.5999999999999996,140.0,0.75
2023-03-30 04:00:00,15.0,3.6,140.0,0.25
2023-03-30 05:00:00,16.1,4.1,574.5,
2023-03-30 06:00:00,16.1,3.8499999999999996,150.0,1.0
2023-03-30 07:00:00,16.1,3.6,160.0,
2023-03-30 08:00:00,16.1,4.6,150.0,
2023-03-30 09:00:00,16.1,4.35,155.0,1.0
2023-03-30 10:00:00,15.6,4.6,150.0,
2023-03-30 11:00:00,15.8,4.85,155.0,
2023-03-30 12:00:00,15.7,5.25,155.0,1.0
2023-03-30 13:00:00,15.850000000000001,5.95,150.0,
2023-03-30 14:00:00,16.7,6.2,150.0,1.0
2023-03-30 15:00:00,17.2,5.1,150.0,
2023-03-30 16:00:00,17.8,6.7,160.0,
2023-03-30 17:00:00,18.9,6.2,150.0,
2023-03-30 18:00:00,19.099999999999998,6.366666666666667,143.33333333333334,1.0
2023-03-30 19:00:00,21.1,6.7,160.0,
2023-03-30 20:00:00,21.7,8.8,160.0,
2023-03-30 21:00:00,21.7,7.75,157.5,1.0
2023-03-30 22:00:00,21.1,7.2,170.0,
2023-03-30 23:00:00,21.7,7.7,160.0,
2023-03-31 00:00:00,21.95,8.25,160.0,1.0
2023-03-31 01:00:00,22.2,12.9,160.0,
2023-03-31 02:00:00,22.8,9.8,180.0,
2023-03-31 03:00:00,22.8,9.8,175.0,1.0
2023-03-31 04:00:00,22.8,9.3,180.0,
2023-03-31 05:00:00,22.8,10.3,584.5,
2023-03-31 06:00:00,22.5,9.8,170.0,1.0
2023-03-31 07:00:00,22.2,11.3,180.0,
2023-03-31 08:00:00,22.2,9.3,180.0,
2023-03-31 09:00:00,22.2,10.450000000000001,185.0,0.75
2023-03-31 10:00:00,22.2,10.8,200.0,
2023-03-31 11:00:00,22.1,10.3,200.0,
2023-03-31 12:00:00,22.5,9.55,210.0,0.75
2023-03-31 13:00:00,21.85,5.7,195.0,
2023-03-31 14:00:00,23.9,7.7,180.0,0.5
2023-03-31 15:00:00,24.45,7.2,190.0,0.5
2023-03-31 16:00:00,26.7,7.7,230.0,
2023-03-31 17:00:00,28.35,8.5,250.0,
2023-03-31 18:00:00,29.666666666666668,9.133333333333335,273.3333333333333,0.5833333333333334
2023-03-31 19:00:00,29.4,11.3,300.0,0.5
2023-03-31 20:00:00,28.9,13.4,290.0,0.5
2023-03-31 21:00:00,28.9,12.100000000000001,280.0,0.5
2023-03-31 22:00:00,28.3,11.8,280.0,0.25
2023-03-31 23:00:00,26.1,9.3,290.0,0.25
2023-04-01 00:00:00,25.25,7.75,280.0,0.375
2023-04-01 01:00:00,22.8,6.2,280.0,0.5
2023-04-01 02:00:00,22.8,4.6,260.0,
2023-04-01 03:00:00,21.950000000000003,4.35,260.0,0.75
2023-04-01 04:00:00,20.0,4.1,260.0,0.25
2023-04-01 05:00:00,21.1,5.1,752.6666666666666,0.25
2023-04-01 06:00:00,20.85,5.65,260.0,0.25
2023-04-01 07:00:00,20.0,5.7,250.0,
2023-04-01 08:00:00,19.4,5.7,260.0,
2023-04-01 09:00:00,18.6,5.95,270.0,0.625
2023-04-01 10:00:00,16.7,8.2,330.0,0.25
2023-04-01 11:00:00,13.9,5.1,350.0,0.25
2023-04-01 12:00:00,13.600000000000001,4.1,345.0,0.25
2023-04-01 13:00:00,15.6,4.6,10.0,0.5
2023-04-01 14:00:00,16.1,8.8,20.0,0.5
2023-04-01 15:00:00,17.5,8.0,190.0,0.5
2023-04-01 16:00:00,20.0,6.2,10.0,
2023-04-01 17:00:00,21.1,5.7,20.0,
2023-04-01 18:00:00,21.4,4.4,30.0,0.75
2023-04-01 19:00:00,22.8,4.6,20.0,
2023-04-01 20:00:00,23.9,4.6,360.0,
2023-04-01 21:00:00,23.9,4.6,195.0,0.75
2023-04-01 22:00:00,23.9,2.1,70.0,
2023-04-01 23:00:00,23.3,0.0,999.0,
2023-04-02 00:00:00,21.1,1.8,564.5,0.75
2023-04-02 01:00:00,17.8,3.1,120.0,
2023-04-02 02:00:00,18.3,0.0,999.0,
2023-04-02 03:00:00,17.75,1.05,564.5,0.75
2023-04-02 04:00:00,16.7,1.5,140.0,
2023-04-02 05:00:00,16.7,2.1,564.5,
2023-04-02 06:00:00,16.4,2.1,120.0,0.75
2023-04-02 07:00:00,15.6,1.5,120.0,
2023-04-02 08:00:00,13.9,1.5,110.0,
2023-04-02 09:00:00,13.9,2.3,135.0,0.75
2023-04-02 10:00:00,13.9,4.6,150.0,
2023-04-02 11:00:00,15.0,3.6,140.0,
2023-04-02 12:00:00,14.7,3.8499999999999996,135.0,0.75
2023-04-02 13:00:00,16.7,4.6,140.0,
2023-04-02 14:00:00,19.4,5.7,150.0,
2023-04-02 15:00:00,20.799999999999997,6.2,160.0,1.0
2023-04-02 16:00:00,24.4,7.7,180.0,
2023-04-02 17:00:00,26.1,6.7,160.0,
2023-04-02 18:00:00,26.1,7.449999999999999,175.0,0.75
2023-04-02 19:00:00,25.6,6.7,180.0,
2023-04-02 20:00:00,24.2,6.2,175.0,
2023-04-02 21:00:00,22.900000000000002,6.533333333333334,178.33333333333334,1.0
2023-04-02 22:00:00,24.2,10.3,180.0,
2023-04-02 23:00:00,23.9,7.7,200.0,
2023-04-03 00:00:00,22.016666666666666,7.45,201.66666666666666,1.0
2023-04-03 01:00:00,19.233333333333334,3.266666666666667,153.33333333333334,0.4166666666666667
2023-04-03 02:00:00,19.4,2.1,140.0,0.0
2023-04-03 03:00:00,19.15,2.6,105.0,0.0
2023-04-03 04:00:00,18.3,3.6,100.0,0.0
2023-04-03 05:00:00,17.8,3.1,564.5,0.0
2023-04-03 06:00:00,18.05,3.35,135.0,0.0
2023-04-03 07:00:00,19.4,4.1,160.0,0.0
2023-04-03 08:00:00,19.4,5.1,170.0,0.25
2023-04-03 09:00:00,19.15,4.6,175.0,0.25
2023-04-03 10:00:00,18.3,4.6,200.0,0.25
2023-04-03 11:00:00,18.9,6.2,200.0,0.5
2023-04-03 12:00:00,19.15,5.65,200.0,0.375
2023-04-03 13:00:00,21.7,6.7,210.0,0.25
2023-04-03 14:00:00,23.3,7.7,200.0,0.25
2023-04-03 15:00:00,24.450000000000003,8.75,195.0,0.25
2023-04-03 16:00:00,27.8,8.2,200.0,0.25
2023-04-03 17:00:00,30.0,7.2,190.0,0.25
2023-04-03 18:00:00,31.1,7.45,195.0,0.25
2023-04-03 19:00:00,33.3,9.3,200.0,0.25
2023-04-03 20:00:00,32.8,9.3,180.0,0.25
2023-04-03 21:00:00,32.8,10.05,185.0,0.375
2023-04-03 22:00:00,32.8,9.3,180.0,
2023-04-03 23:00:00,31.7,8.2,170.0,
2023-04-04 00:00:00,30.549999999999997,8.2,165.0,0.75
2023-04-04 01:00:00,27.8,9.3,170.0,
2023-04-04 02:00:00,26.7,8.2,180.0,
2023-04-04 03:00:00,26.4,8.5,180.0,0.625
2023-04-04 04:00:00,25.0,9.3,170.0,0.25
2023-04-04 05:00:00,23.9,7.2,584.5,0.25
2023-04-04 06:00:00,23.6,8.5,175.0,0.25
2023-04-04 07:00:00,22.8,9.3,180.0,0.5
2023-04-04 08:00:00,22.2,9.8,190.0,
2023-04-04 09:00:00,22.35,9.425,182.5,1.0
2023-04-04 10:00:00,22.2,8.8,180.0,
2023-04-04 11:00:00,22.2,8.0,175.0,
2023-04-04 12:00:00,22.7,7.575,177.5,1.0
2023-04-04 13:00:00,23.05,7.699999999999999,180.0,
2023-04-04 14:00:00,23.9,10.3,170.0,
2023-04-04 15:00:00,24.45,10.8,180.0,1.0
2023-04-04 16:00:00,25.3,8.0,190.0,
2023-04-04 17:00:00,26.4,11.05,190.0,
2023-04-04 18:00:00,26.1,9.8,190.0,1.0
2023-04-04 19:00:00,26.7,8.8,180.0,
2023-04-04 20:00:00,26.7,8.2,170.0,
2023-04-04 21:00:00,27.25,7.949999999999999,170.0,1.0
2023-04-04 22:00:00,27.8,7.7,180.0,
2023-04-04 23:00:00,27.2,7.7,180.0,
2023-04-05 00:00:00,26.95,7.2,175.0,1.0
2023-04-05 01:00:00,26.1,8.2,160.0,
2023-04-05 02:00:00,25.6,9.8,170.0,
2023-04-05 03:00:00,25.119999999999997,10.0,170.0,1.0
2023-04-05 04:00:00,25.0,9.3,170.0,
2023-04-05 05:00:00,25.0,7.7,589.5,
2023-04-05 06:00:00,25.0,8.25,180.0,1.0
2023-04-05 07:00:00,25.0,8.2,180.0,
2023-04-05 08:00:00,25.0,5.1,240.0,
2023-04-05 09:00:00,24.549999999999997,4.35,235.0,1.0
2023-04-05 10:00:00,22.8,9.266666666666667,306.6666666666667,
2023-04-05 11:00:00,16.1,11.8,320.0,
2023-04-05 12:00:00,14.700000000000001,11.05,320.0,1.0
2023-04-05 13:00:00,12.2,10.3,330.0,
2023-04-05 14:00:00,11.1,9.8,320.0,
2023-04-05 15:00:00,11.399999999999999,9.8,325.0,0.75
2023-04-05 16:00:00,14.4,7.7,340.0,
2023-04-05 17:00:00,17.2,5.7,340.0,
2023-04-05 18:00:00,17.75,5.7,335.0,0.75
2023-04-05 19:00:00,17.8,6.2,330.0,
2023-04-05 20:00:00,18.9,5.1,320.0,
2023-04-05 21:00:00,19.15,5.4,340.0,0.75
2023-04-05 22:00:00,18.3,5.1,350.0,
2023-04-05 23:00:00,17.8,6.7,360.0,
2023-04-06 00:00:00,17.25,6.2,360.0,0.75
2023-04-06 01:00:00,14.4,4.1,10.0,
2023-04-06 02:00:00,14.4,5.1,360.0,
2023-04-06 03:00:00,14.15,5.65,355.0,0.75
2023-04-06 04:00:00,12.2,4.6,360.0,
2023-04-06 05:00:00,12.2,6.2,514.5,
2023-04-06 06:00:00,11.95,6.2,25.0,0.75
2023-04-06 07:00:00,11.1,4.6,40.0,
2023-04-06 08:00:00,10.6,6.2,30.0,
2023-04-06 09:00:00,10.3,6.2,25.0,1.0
2023-04-06 10:00:00,10.0,6.7,20.0,
2023-04-06 11:00:00,9.4,5.7,20.0,
2023-04-06 12:00:00,9.7,6.2,25.0,1.0
2023-04-06 13:00:00,11.1,6.2,40.0,
2023-04-06 14:00:00,11.7,4.6,40.0,
2023-04-06 15:00:00,12.5,4.6,45.0,1.0
2023-04-06 16:00:00,13.3,7.2,60.0,
2023-04-06 17:00:00,14.4,5.7,40.0,
2023-04-06 18:00:00,14.4,5.4,45.0,1.0
2023-04-06 19:00:00,14.4,6.2,40.0,
2023-04-06 20:00:00,14.4,6.2,70.0,
2023-04-06 21:00:00,14.7,6.45,55.0,1.0
2023-04-06 22:00:00,14.4,7.2,60.0,
2023-04-06 23:00:00,15.0,5.7,40.0,
2023-04-07 00:00:00,14.7,6.45,35.0,0.75
2023-04-07 01:00:00,14.4,5.7,60.0,
2023-04-07 02:00:00,13.9,4.6,60.0,
2023-04-07 03:00:00,13.9,5.65,60.0,1.0
2023-04-07 04:00:00,13.9,4.6,50.0,
2023-04-07 05:00:00,13.3,4.6,529.5,
2023-04-07 06:00:00,13.3,4.35,50.0,1.0
2023-04-07 07:00:00,12.8,5.1,30.0,
2023-04-07 08:00:00,12.8,5.7,30.0,
2023-04-07 09:00:00,12.25,4.9,25.0,1.0
2023-04-07 10:00:00,11.7,3.6,20.0,
2023-04-07 11:00:00,11.7,4.35,30.0,
2023-04-07 12:00:00,11.7,3.5999999999999996,30.0,1.0
2023-04-07 13:00:00,11.7,4.35,25.0,
2023-04-07 14:00:00,12.2,4.1,30.0,
2023-04-07 15:00:00,12.975,4.75,32.5,0.75
2023-04-07 16:00:00,14.4,5.15,45.0,
2023-04-07 17:00:00,13.9,3.6,50.0,
2023-04-07 18:00:00,15.0,4.65,50.0,1.0
2023-04-07 19:00:00,16.3,3.9333333333333336,43.333333333333336,
2023-04-07 20:00:00,16.1,4.6,50.0,
2023-04-07 21:00:00,16.1,3.5999999999999996,60.0,1.0
2023-04-07 22:00:00,16.1,3.6,80.0,
2023-04-07 23:00:00,15.6,3.1,70.0,
2023-04-08 00:00:00,15.6,3.6,67.5,1.0
2023-04-08 01:00:00,15.0,3.6,70.0,
2023-04-08 02:00:00,15.0,4.6,65.0,
2023-04-08 03:00:00,14.7,4.85,60.0,1.0
2023-04-08 04:00:00,14.4,2.6,80.0,
2023-04-08 05:00:00,15.0,3.6,549.5,
2023-04-08 06:00:00,14.7,3.6,90.0,1.0
2023-04-08 07:00:00,14.2,3.35,70.0,
2023-04-08 08:00:00,13.9,2.6,85.0,
2023-04-08 09:00:00,13.600000000000001,2.6,95.0,1.0
2023-04-08 10:00:00,13.3,3.1,90.0,
2023-04-08 11:00:00,13.3,3.6,60.0,
2023-04-08 12:00:00,13.05,3.1,85.0,1.0
2023-04-08 13:00:00,13.3,2.1,130.0,
2023-04-08 14:00:00,14.4,3.6,100.0,
2023-04-08 15:00:00,15.0,2.55,110.0,1.0
2023-04-08 16:00:00,17.8,0.0,999.0,
2023-04-08 17:00:00,18.35,2.35,574.5,0.5
2023-04-08 18:00:00,19.75,2.6,574.5,0.375
2023-04-08 19:00:00,21.7,1.5,999.0,0.25
2023-04-08 20:00:00,22.2,0.0,999.0,0.25
2023-04-08 21:00:00,22.5,1.3,999.0,0.25
2023-04-08 22:00:00,23.3,1.5,999.0,0.25
2023-04-08 23:00:00,22.8,2.6,360.0,0.25
2023-04-09 00:00:00,21.700000000000003,2.85,360.0,0.25
2023-04-09 01:00:00,20.0,1.5,90.0,
2023-04-09 02:00:00,18.3,2.6,130.0,0.5
2023-04-09 03:00:00,18.05,2.6,145.0,0.5
2023-04-09 04:00:00,16.7,1.5,150.0,0.5
2023-04-09 05:00:00,16.7,1.5,569.5,0.5
2023-04-09 06:00:00,15.85,0.75,569.5,0.375
2023-04-09 07:00:00,15.0,0.0,999.0,0.0
2023-04-09 08:00:00,13.9,0.0,999.0,0.0
2023-04-09 09:00:00,13.9,0.0,999.0,0.0
2023-04-09 10:00:00,12.8,0.0,999.0,0.5
2023-04-09 11:00:00,15.0,0.0,999.0,
2023-04-09 12:00:00,15.0,0.0,999.0,1.0
2023-04-09 13:00:00,15.6,0.0,999.0,
2023-04-09 14:00:00,16.1,1.5,100.0,
2023-04-09 15:00:00,16.950000000000003,1.8,105.0,0.75
2023-04-09 16:00:00,18.9,3.1,140.0,
2023-04-09 17:00:00,20.0,2.1,999.0,
2023-04-09 18:00:00,20.0,1.05,999.0,0.75
2023-04-09 19:00:00,20.6,1.5,60.0,
2023-04-09 20:00:00,22.2,2.6,90.0,
2023-04-09 21:00:00,21.95,2.35,95.0,1.0
2023-04-09 22:00:00,21.7,1.5,60.0,
2023-04-09 23:00:00,21.7,0.0,999.0,
2023-04-10 00:00:00,20.6,0.0,999.0,
2023-04-10 01:00:00,17.8,2.6,40.0,
2023-04-10 02:00:00,19.4,0.0,999.0,
2023-04-10 03:00:00,18.6,1.3,554.5,1.0
2023-04-10 04:00:00,17.2,4.6,130.0,
2023-04-10 05:00:00,16.1,4.6,564.5,
2023-04-10 06:00:00,15.55,3.5999999999999996,135.0,0.75
2023-04-10 07:00:00,15.0,1.5,120.0,
2023-04-10 08:00:00,13.9,1.5,80.0,
2023-04-10 09:00:00,13.9,1.5,90.0,0.75
2023-04-10 10:00:00,13.3,1.5,90.0,
2023-04-10 11:00:00,13.9,2.1,80.0,
2023-04-10 12:00:00,14.15,2.1,90.0,0.75
2023-04-10 13:00:00,16.1,3.6,100.0,
2023-04-10 14:00:00,17.8,3.1,120.0,
2023-04-10 15:00:00,18.35,2.85,115.0,0.75
2023-04-10 16:00:00,21.1,3.6,110.0,
2023-04-10 17:00:00,21.7,2.6,70.0,
2023-04-10 18:00:00,22.25,2.85,80.0,0.75
2023-04-10 19:00:00,22.8,2.1,30.0,
2023-04-10 20:00:00,22.8,4.6,70.0,
2023-04-10 21:00:00,23.35,4.85,85.0,0.75
2023-04-10 22:00:00,23.3,4.6,110.0,
2023-04-10 23:00:00,21.7,4.6,110.0,0.5
2023-04-11 00:00:00,20.85,4.1,105.0,0.375
2023-04-11 01:00:00,18.9,3.1,100.0,0.25
2023-04-11 02:00:00,18.3,2.6,90.0,0.25
2023-04-11 03:00:00,18.05,2.6,95.0,0.25
2023-04-11 04:00:00,16.7,3.6,130.0,0.25
2023-04-11 05:00:00,15.6,3.6,574.5,0.25
2023-04-11 06:00:00,15.6,3.1,150.0,0.25
2023-04-11 07:00:00,14.4,2.6,170.0,0.0
2023-04-11 08:00:00,12.8,0.0,999.0,0.0
2023-04-11 09:00:00,12.8,0.0,999.0,0.25
2023-04-11 10:00:00,12.2,0.0,999.0,0.25
2023-04-11 11:00:00,12.2,0.0,999.0,0.25
2023-04-11 12:00:00,13.05,0.0,999.0,0.125
2023-04-11 13:00:00,17.2,0.0,999.0,0.25
2023-04-11 14:00:00,18.9,1.5,190.0,0.25
2023-04-11 15:00:00,19.75,0.75,594.5,0.375
2023-04-11 16:00:00,21.7,3.6,100.0,0.5
2023-04-11 17:00:00,22.8,4.1,60.0,
2023-04-11 18:00:00,23.3,3.6,100.0,
2023-04-11 19:00:00,24.4,4.6,140.0,0.5
2023-04-11 20:00:00,23.9,3.6,90.0,0.5
2023-04-11 21:00:00,24.15,3.6,85.0,0.5
2023-04-11 22:00:00,23.9,4.1,100.0,0.25
2023-04-11 23:00:00,22.8,3.6,130.0,0.25
2023-04-12 00:00:00,21.4,3.35,130.0,0.25
2023-04-12 01:00:00,18.3,3.1,130.0,0.0
2023-04-12 02:00:00,18.9,2.1,140.0,0.0
2023-04-12 03:00:00,18.049999999999997,1.8,135.0,0.0
2023-04-12 04:00:00,17.8,2.1,140.0,0.0
2023-04-12 05:00:00,16.1,2.1,569.5,0.0
2023-04-12 06:00:00,15.850000000000001,1.8,140.0,0.0
2023-04-12 07:00:00,15.0,0.0,999.0,0.0
2023-04-12 08:00:00,13.9,1.5,130.0,0.0
2023-04-12 09:00:00,13.9,0.75,564.5,0.25
2023-04-12 10:00:00,13.3,0.0,999.0,0.25
2023-04-12 11:00:00,12.2,0.0,999.0,0.25
2023-04-12 12:00:00,13.05,0.0,999.0,0.25
2023-04-12 13:00:00,16.7,0.0,999.0,0.25
2023-04-12 14:00:00,19.4,1.5,170.0,0.0
2023-04-12 15:00:00,20.549999999999997,2.3,160.0,0.25
2023-04-12 16:00:00,22.2,5.1,140.0,0.5
2023-04-12 17:00:00,22.8,4.6,150.0,
2023-04-12 18:00:00,23.6,4.6,170.0,0.625
2023-04-12 19:00:00,25.6,4.6,160.0,0.5
2023-04-12 20:00:00,25.6,4.6,160.0,0.5
2023-04-12 21:00:00,25.6,4.85,150.0,0.5
2023-04-12 22:00:00,25.0,6.2,140.0,0.5
2023-04-12 23:00:00,24.4,6.2,140.0,0.5
2023-04-13 00:00:00,23.299999999999997,5.4,140.0,0.375
2023-04-13 01:00:00,21.1,4.1,160.0,0.25
2023-04-13 02:00:00,20.0,5.1,160.0,0.5
2023-04-13 03:00:00,19.45,4.6,155.0,0.375
2023-04-13 04:00:00,18.3,5.1,160.0,0.25
2023-04-13 05:00:00,17.8,4.6,574.5,0.5
2023-04-13 06:00:00,17.5,4.1,160.0,0.375
2023-04-13 07:00:00,15.6,3.1,200.0,0.25
2023-04-13 08:00:00,15.0,1.5,120.0,0.5
2023-04-13 09:00:00,14.7,1.8,140.0,0.5
2023-04-13 10:00:00,13.9,2.1,220.0,
2023-04-13 11:00:00,13.9,2.1,160.0,0.5
2023-04-13 12:00:00,13.9,2.1,140.0,0.5
2023-04-13 13:00:00,17.2,4.1,170.0,0.25
2023-04-13 14:00:00,20.0,4.1,160.0,0.25
2023-04-13 15:00:00,21.1,4.6,165.0,0.25
2023-04-13 16:00:00,23.3,3.6,200.0,0.25
2023-04-13 17:00:00,24.4,5.7,150.0,0.25
2023-04-13 18:00:00,24.7,5.7,155.0,0.375
2023-04-13 19:00:00,26.1,2.6,999.0,0.5
2023-04-13 20:00:00,25.6,3.6,170.0,0.5
2023-04-13 21:00:00,25.85,4.65,170.0,0.5
2023-04-13 22:00:00,26.7,5.1,170.0,0.5
2023-04-13 23:00:00,23.9,5.1,160.0,0.25
2023-04-14 00:00:00,23.35,5.9,165.0,0.25
2023-04-14 01:00:00,21.7,5.1,150.0,0.25
2023-04-14 02:00:00,20.6,4.6,150.0,0.5
2023-04-14 03:00:00,20.3,4.35,155.0,0.5
2023-04-14 04:00:00,19.4,4.1,170.0,0.5
2023-04-14 05:00:00,18.3,4.1,579.5,0.5
2023-04-14 06:00:00,18.3,4.35,160.0,0.375
2023-04-14 07:00:00,17.8,4.1,160.0,
2023-04-14 08:00:00,16.7,4.6,150.0,0.5
2023-04-14 09:00:00,16.4,3.8499999999999996,155.0,0.5
2023-04-14 10:00:00,15.6,3.6,160.0,0.5
2023-04-14 11:00:00,16.7,4.1,170.0,
2023-04-14 12:00:00,16.95,4.1,170.0,0.375
2023-04-14 13:00:00,19.4,4.6,170.0,0.25
2023-04-14 14:00:00,21.7,9.8,190.0,0.5
2023-04-14 15:00:00,22.400000000000002,10.633333333333335,193.33333333333334,0.5
2023-04-14 16:00:00,24.15,9.55,195.0,
2023-04-14 17:00:00,25.0,9.8,180.0,
2023-04-14 18:00:00,25.0,10.05,180.0,0.75
2023-04-14 19:00:00,25.6,9.8,180.0,
2023-04-14 20:00:00,25.6,9.8,190.0,
2023-04-14 21:00:00,26.15,9.8,185.0,1.0
2023-04-14 22:00:00,25.0,11.3,180.0,
2023-04-14 23:00:00,24.4,10.3,180.0,
2023-04-15 00:00:00,23.85,8.75,175.0,0.75
2023-04-15 01:00:00,22.9,7.949999999999999,170.0,
2023-04-15 02:00:00,22.8,10.3,170.0,
2023-04-15 03:00:00,22.8,9.0,175.0,1.0
2023-04-15 04:00:00,22.8,7.7,180.0,
2023-04-15 05:00:00,22.8,8.2,589.5,
2023-04-15 06:00:00,22.5,7.199999999999999,180.0,1.0
2023-04-15 07:00:00,21.7,6.7,170.0,
2023-04-15 08:00:00,21.1,5.1,180.0,
2023-04-15 09:00:00,21.3,6.0,180.0,1.0
2023-04-15 10:00:00,21.1,5.7,180.0,
2023-04-15 11:00:00,21.7,5.7,180.0,
2023-04-15 12:00:00,21.266666666666666,5.7,173.33333333333334,1.0
2023-04-15 13:00:00,22.25,6.7,175.0,0.5
2023-04-15 14:00:00,25.0,5.1,220.0,0.25
2023-04-15 15:00:00,25.975,6.3,250.0,0.375
2023-04-15 16:00:00,23.9,8.8,300.0,0.25
2023-04-15 17:00:00,23.3,9.3,290.0,0.25
2023-04-15 18:00:00,23.3,9.05,295.0,0.125
2023-04-15 19:00:00,25.0,11.3,340.0,0.0
2023-04-15 20:00:00,25.6,10.3,330.0,0.0
2023-04-15 21:00:00,25.6,9.25,330.0,0.25
2023-04-15 22:00:00,24.4,8.8,330.0,0.25
2023-04-15 23:00:00,23.9,10.3,330.0,0.25
2023-04-16 00:00:00,22.799999999999997,10.05,335.0,0.125
2023-04-16 01:00:00,20.6,8.2,340.0,0.0
2023-04-16 02:00:00,18.9,9.3,360.0,0.0
2023-04-16 03:00:00,18.049999999999997,8.75,360.0,0.0
2023-04-16 04:00:00,16.1,6.7,20.0,0.0
2023-04-16 05:00:00,15.0,6.2,509.5,0.0
2023-04-16 06:00:00,14.45,5.65,20.0,0.0
2023-04-16 07:00:00,12.8,5.1,10.0,0.0
2023-04-16 08:00:00,11.7,3.1,350.0,0.0
2023-04-16 09:00:00,11.149999999999999,3.35,180.0,0.0
2023-04-16 10:00:00,10.0,3.1,350.0,0.0
2023-04-16 11:00:00,10.0,3.6,320.0,0.0
2023-04-16 12:00:00,10.55,3.8499999999999996,315.0,0.0
2023-04-16 13:00:00,13.3,3.6,330.0,0.0
2023-04-16 14:00:00,15.0,2.6,330.0,0.0
2023-04-16 15:00:00,15.85,3.3499999999999996,335.0,0.0
2023-04-16 16:00:00,17.8,5.7,300.0,0.0
2023-04-16 17:00:00,19.4,4.6,360.0,0.0
2023-04-16 18:00:00,20.0,4.85,345.0,0.0
2023-04-16 19:00:00,22.2,7.7,330.0,0.0
2023-04-16 20:00:00,22.2,6.7,350.0,0.0
2023-04-16 21:00:00,22.5,6.95,350.0,0.0
2023-04-16 22:00:00,22.2,6.2,310.0,0.0
2023-04-16 23:00:00,21.7,5.1,320.0,0.0
2023-04-17 00:00:00,20.85,4.6,325.0,0.0
2023-04-17 01:00:00,19.4,2.1,340.0,0.0
2023-04-17 02:00:00,17.8,0.0,999.0,0.0
2023-04-17 03:00:00,17.25,0.0,999.0,0.0
2023-04-17 04:00:00,15.0,3.1,210.0,0.0
2023-04-17 05:00:00,13.9,3.1,599.5,0.0
2023-04-17 06:00:00,13.350000000000001,3.1,205.0,0.0
2023-04-17 07:00:00,12.8,2.6,220.0,0.0
2023-04-17 08:00:00,11.7,3.6,220.0,0.0
2023-04-17 09:00:00,11.7,3.35,220.0,0.0
2023-04-17 10:00:00,11.1,2.1,220.0,0.0
2023-04-17 11:00:00,10.6,3.1,200.0,0.0
2023-04-17 12:00:00,11.149999999999999,2.85,200.0,0.0
2023-04-17 13:00:00,16.1,2.6,220.0,0.0
2023-04-17 14:00:00,19.4,4.1,210.0,0.25
2023-04-17 15:00:00,20.799999999999997,4.1,205.0,0.125
2023-04-17 16:00:00,23.9,6.7,200.0,0.25
2023-04-17 17:00:00,25.6,6.2,170.0,0.25
2023-04-17 18:00:00,25.85,6.7,185.0,0.25
2023-04-17 19:00:00,26.7,7.2,180.0,0.5
2023-04-17 20:00:00,27.2,8.8,170.0,0.5
2023-04-17 21:00:00,26.65,8.25,170.0,0.5
2023-04-17 22:00:00,26.1,9.8,170.0,0.5
2023-04-17 23:00:00,24.4,8.2,160.0,0.5
2023-04-18 00:00:00,23.6,6.949999999999999,160.0,0.5
2023-04-18 01:00:00,21.7,5.7,160.0,
2023-04-18 02:00:00,20.0,4.6,160.0,
2023-04-18 03:00:00,19.7,5.15,165.0,0.75
2023-04-18 04:00:00,19.4,5.1,170.0,
2023-04-18 05:00:00,18.9,5.7,579.5,
2023-04-18 06:00:00,18.6,6.45,165.0,0.75
2023-04-18 07:00:00,17.8,6.2,180.0,
2023-04-18 08:00:00,17.8,5.7,180.0,
2023-04-18 09:00:00,17.25,5.7,175.0,0.625
2023-04-18 10:00:00,16.1,5.7,170.0,0.25
2023-04-18 11:00:00,16.1,4.6,170.0,0.25
2023-04-18 12:00:00,16.4,5.15,165.0,0.25
2023-04-18 13:00:00,18.3,5.7,180.0,0.25
2023-04-18 14:00:00,20.6,6.2,180.0,0.5
2023-04-18 15:00:00,21.133333333333336,7.566666666666666,176.66666666666666,0.5
2023-04-18 16:00:00,21.7,7.7,170.0,
2023-04-18 17:00:00,21.7,9.3,170.0,
2023-04-18 18:00:00,22.96666666666667,9.1,173.33333333333334,1.0
2023-04-18 19:00:00,22.9,7.699999999999999,165.0,
2023-04-18 20:00:00,22.8,8.5,165.0,
2023-04-18 21:00:00,22.233333333333334,8.933333333333334,160.0,1.0
2023-04-18 22:00:00,21.7,8.8,160.0,
2023-04-18 23:00:00,21.85,8.2,155.0,
2023-04-19 00:00:00,21.7,8.566666666666666,156.66666666666666,0.75
2023-04-19 01:00:00,20.6,6.2,140.0,0.25
2023-04-19 02:00:00,20.0,6.7,150.0,0.0
2023-04-19 03:00:00,20.3,8.25,155.0,0.25
2023-04-19 04:00:00,20.0,6.7,160.0,0.25
2023-04-19 05:00:00,20.0,6.7,584.5,0.25
2023-04-19 06:00:00,19.7,6.45,170.0,0.25
2023-04-19 07:00:00,18.9,7.7,170.0,0.25
2023-04-19 08:00:00,19.4,8.2,170.0,
2023-04-19 09:00:00,19.4,7.199999999999999,175.0,1.0
2023-04-19 10:00:00,20.0,7.7,170.0,
2023-04-19 11:00:00,20.0,6.2,170.0,
2023-04-19 12:00:00,20.0,5.95,165.0,1.0
2023-04-19 13:00:00,20.8,7.45,170.0,
2023-04-19 14:00:00,22.400000000000002,8.733333333333333,180.0,
2023-04-19 15:00:00,23.05,9.8,175.0,0.75
2023-04-19 16:00:00,25.0,9.8,170.0,
2023-04-19 17:00:00,26.825,10.825000000000001,180.0,
2023-04-19 18:00:00,27.575,10.175,177.5,0.75
2023-04-19 19:00:00,28.3,11.8,180.0,
2023-04-19 20:00:00,28.3,11.3,180.0,
2023-04-19 21:00:00,28.3,11.05,175.0,0.75
2023-04-19 22:00:00,27.8,10.8,170.0,
2023-04-19 23:00:00,26.7,8.2,170.0,0.5
2023-04-20 00:00:00,26.15,9.0,170.0,0.375
2023-04-20 01:00:00,25.0,10.3,170.0,0.25
2023-04-20 02:00:00,24.4,10.8,170.0,0.5
2023-04-20 03:00:00,24.4,11.05,170.0,0.5
2023-04-20 04:00:00,23.9,8.2,180.0,
2023-04-20 05:00:00,23.3,11.3,589.5,
2023-04-20 06:00:00,23.133333333333336,9.966666666666667,176.66666666666666,0.75
2023-04-20 07:00:00,22.8,7.7,170.0,
2023-04-20 08:00:00,22.2,7.7,190.0,
2023-04-20 09:00:00,22.025,7.825,177.5,1.0
2023-04-20 10:00:00,21.7,6.2,180.0,
2023-04-20 11:00:00,21.7,7.2,170.0,
2023-04-20 12:00:00,21.5,7.366666666666667,173.33333333333334,1.0
2023-04-20 13:00:00,22.833333333333332,7.533333333333334,186.66666666666666,
2023-04-20 14:00:00,25.0,8.2,190.0,
2023-04-20 15:00:00,25.85,8.2,190.0,0.75
2023-04-20 16:00:00,28.3,7.2,190.0,
2023-04-20 17:00:00,25.366666666666664,6.866666666666667,290.0,
2023-04-20 18:00:00,23.900000000000002,6.033333333333334,330.0,0.75
2023-04-20 19:00:00,26.65,5.7,325.0,
2023-04-20 20:00:00,27.2,7.2,340.0,
2023-04-20 21:00:00,26.4,6.95,335.0,0.75
2023-04-20 22:00:00,24.066666666666666,6.333333333333333,123.33333333333333,
2023-04-20 23:00:00,20.25,5.65,350.0,
2023-04-21 00:00:00,18.400000000000002,4.633333333333334,166.66666666666666,1.0
2023-04-21 01:00:00,17.783333333333335,4.783333333333333,110.0,
2023-04-21 02:00:00,17.8,4.1,30.0,
2023-04-21 03:00:00,17.400000000000002,3.933333333333333,53.333333333333336,1.0
2023-04-21 04:00:00,17.2,3.1,50.0,
2023-04-21 05:00:00,17.2,2.6,529.5,
2023-04-21 06:00:00,16.65,2.35,85.0,0.5
2023-04-21 07:00:00,15.0,3.6,10.0,0.25
2023-04-21 08:00:00,15.6,3.6,20.0,0.0
2023-04-21 09:00:00,15.3,3.6,35.0,0.0
2023-04-21 10:00:00,15.0,3.6,340.0,0.0
2023-04-21 11:00:00,13.9,5.7,340.0,0.25
2023-04-21 12:00:00,13.9,5.95,345.0,0.375
2023-04-21 13:00:00,16.1,5.7,360.0,0.5
2023-04-21 14:00:00,18.9,5.1,40.0,0.25
2023-04-21 15:00:00,20.0,6.4,40.0,0.25
2023-04-21 16:00:00,22.2,8.8,40.0,0.25
2023-04-21 17:00:00,23.3,7.2,10.0,0.25
2023-04-21 18:00:00,23.6,6.45,20.0,0.375
2023-04-21 19:00:00,23.9,4.1,40.0,0.5
2023-04-21 20:00:00,24.4,3.6,40.0,0.5
2023-04-21 21:00:00,24.15,4.35,190.0,0.5
2023-04-21 22:00:00,23.9,2.6,320.0,
2023-04-21 23:00:00,22.2,4.1,40.0,
2023-04-22 00:00:00,20.799999999999997,3.8499999999999996,50.0,0.75
2023-04-22 01:00:00,18.3,2.1,30.0,
2023-04-22 02:00:00,18.3,2.1,30.0,0.5
2023-04-22 03:00:00,17.75,2.35,50.0,0.375
2023-04-22 04:00:00,16.7,2.1,110.0,0.25
2023-04-22 05:00:00,15.0,2.1,574.5,0.5
2023-04-22 06:00:00,14.15,2.35,145.0,0.5
2023-04-22 07:00:00,12.8,1.5,150.0,0.25
2023-04-22 08:00:00,13.3,2.1,130.0,0.5
2023-04-22 09:00:00,13.600000000000001,1.05,564.5,0.5
2023-04-22 10:00:00,13.9,0.0,999.0,0.5
2023-04-22 11:00:00,13.9,0.0,999.0,0.5
2023-04-22 12:00:00,13.9,0.0,999.0,0.5
2023-04-22 13:00:00,16.1,1.5,70.0,
2023-04-22 14:00:00,18.3,1.5,999.0,
2023-04-22 15:00:00,19.15,2.55,549.5,0.75
2023-04-22 16:00:00,21.7,2.6,110.0,
2023-04-22 17:00:00,21.7,3.1,100.0,
2023-04-22 18:00:00,21.7,2.6,110.0,1.0
2023-04-22 19:00:00,22.8,3.6,60.0,
2023-04-22 20:00:00,19.45,10.3,15.0,
2023-04-22 21:00:00,19.15,9.3,25.0,1.0
2023-04-22 22:00:00,17.8,7.7,40.0,
2023-04-22 23:00:00,16.7,7.7,50.0,
2023-04-23 00:00:00,15.85,7.45,40.0,1.0
2023-04-23 01:00:00,13.9,5.7,30.0,
2023-04-23 02:00:00,12.8,8.2,30.0,
2023-04-23 03:00:00,12.5,8.75,30.0,1.0
2023-04-23 04:00:00,12.2,8.2,30.0,
2023-04-23 05:00:00,11.1,8.8,509.5,
2023-04-23 06:00:00,10.85,9.3,20.0,1.0
2023-04-23 07:00:00,8.3,6.7,30.0,
2023-04-23 08:00:00,8.9,3.6,50.0,
2023-04-23 09:00:00,8.9,4.9,45.0,1.0
2023-04-23 10:00:00,8.9,4.6,40.0,
2023-04-23 11:00:00,8.95,4.6,20.0,
2023-04-23 12:00:00,8.9,4.766666666666667,26.666666666666668,1.0
2023-04-23 13:00:00,8.9,5.1,20.0,
2023-04-23 14:00:00,9.233333333333334,4.933333333333333,16.666666666666668,
2023-04-23 15:00:00,9.4,4.75,25.0,1.0
2023-04-23 16:00:00,9.4,5.1,60.0,
2023-04-23 17:00:00,10.3,4.85,50.0,
2023-04-23 18:00:00,11.133333333333333,6.166666666666667,50.0,1.0
2023-04-23 19:00:00,11.1,5.1,50.0,
2023-04-23 20:00:00,13.3,3.6,90.0,
2023-04-23 21:00:00,13.600000000000001,3.8499999999999996,95.0,0.75
2023-04-23 22:00:00,14.4,4.6,50.0,
2023-04-23 23:00:00,13.9,4.1,40.0,0.5
2023-04-24 00:00:00,13.05,3.8499999999999996,45.0,0.5
2023-04-24 01:00:00,10.6,2.6,80.0,0.5
2023-04-24 02:00:00,11.1,2.1,80.0,
2023-04-24 03:00:00,10.85,2.35,95.0,0.75
2023-04-24 04:00:00,10.0,2.1,100.0,
2023-04-24 05:00:00,10.0,1.5,539.5,
2023-04-24 06:00:00,9.7,2.3,80.0,0.625
2023-04-24 07:00:00,8.9,2.1,80.0,
2023-04-24 08:00:00,8.9,1.5,50.0,
2023-04-24 09:00:00,8.05,1.8,50.0,0.625
2023-04-24 10:00:00,8.9,0.0,999.0,
2023-04-24 11:00:00,8.9,0.0,999.0,
2023-04-24 12:00:00,9.15,1.8,549.5,0.75
2023-04-24 13:00:00,11.1,4.6,90.0,
2023-04-24 14:00:00,13.3,2.1,140.0,
2023-04-24 15:00:00,14.45,4.4,130.0,0.75
2023-04-24 16:00:00,16.7,5.7,130.0,
2023-04-24 17:00:00,17.8,4.6,110.0,
2023-04-24 18:00:00,18.6,4.1,115.0,0.625
2023-04-24 19:00:00,20.0,4.6,120.0,0.5
2023-04-24 20:00:00,20.0,3.1,140.0,
2023-04-24 21:00:00,20.3,3.1,135.0,0.75
2023-04-24 22:00:00,20.6,4.6,130.0,
2023-04-24 23:00:00,19.4,4.6,110.0,
2023-04-25 00:00:00,19.15,5.15,125.0,0.75
2023-04-25 01:00:00,17.2,6.2,140.0,
2023-04-25 02:00:00,17.2,5.7,150.0,
2023-04-25 03:00:00,17.2,5.15,155.0,0.75
2023-04-25 04:00:00,17.8,3.1,150.0,
2023-04-25 05:00:00,17.2,3.1,574.5,
2023-04-25 06:00:00,16.95,2.85,145.0,1.0
2023-04-25 07:00:00,16.7,2.6,110.0,
2023-04-25 08:00:00,16.7,3.1,130.0,
2023-04-25 09:00:00,16.4,3.5999999999999996,120.0,1.0
2023-04-25 10:00:00,16.1,4.1,100.0,
2023-04-25 11:00:00,15.850000000000001,4.85,105.0,
2023-04-25 12:00:00,15.6,4.433333333333333,116.66666666666667,1.0
2023-04-25 13:00:00,15.200000000000001,3.933333333333333,133.33333333333334,
2023-04-25 14:00:00,15.6,5.7,140.0,
2023-04-25 15:00:00,15.6,5.7,135.0,1.0
2023-04-25 16:00:00,17.2,5.7,120.0,
2023-04-25 17:00:00,17.8,5.7,140.0,
2023-04-25 18:00:00,18.9,5.4,140.0,1.0
2023-04-25 19:00:00,21.7,5.1,160.0,
2023-04-25 20:00:00,21.1,5.7,130.0,
2023-04-25 21:00:00,21.1,6.2,130.0,0.75
2023-04-25 22:00:00,20.6,3.6,130.0,
2023-04-25 23:00:00,20.6,4.6,110.0,
2023-04-26 00:00:00,20.3,4.35,125.0,1.0
2023-04-26 01:00:00,18.9,4.6,120.0,
2023-04-26 02:00:00,18.3,3.1,100.0,
2023-04-26 03:00:00,18.3,2.85,100.0,1.0
2023-04-26 04:00:00,18.9,4.1,120.0,
2023-04-26 05:00:00,18.6,4.4,409.6666666666667,
2023-04-26 06:00:00,17.75,3.1,100.0,1.0
2023-04-26 07:00:00,16.266666666666666,4.966666666666666,50.0,
2023-04-26 08:00:00,15.0,4.6,125.0,
2023-04-26 09:00:00,14.233333333333334,4.433333333333333,46.666666666666664,1.0
2023-04-26 10:00:00,13.3,2.85,82.5,
2023-04-26 11:00:00,13.9,10.800000000000002,126.66666666666667,
2023-04-26 12:00:00,14.233333333333334,6.833333333333333,120.0,1.0
2023-04-26 13:00:00,15.0,3.1,90.0,
2023-04-26 14:00:00,14.4,4.1,60.0,
2023-04-26 15:00:00,14.4,3.266666666666667,76.66666666666667,1.0
2023-04-26 16:00:00,14.4,4.1,90.0,
2023-04-26 17:00:00,13.65,7.875,202.5,
2023-04-26 18:00:00,13.120000000000001,7.42,90.0,1.0
2023-04-26 19:00:00,15.25,6.95,55.0,
2023-04-26 20:00:00,16.85,4.6,90.0,
2023-04-26 21:00:00,16.4,4.35,90.0,1.0
2023-04-26 22:00:00,15.6,4.1,80.0,
2023-04-26 23:00:00,15.766666666666666,4.633333333333334,76.66666666666667,
2023-04-27 00:00:00,15.6,4.8,83.33333333333333,1.0
2023-04-27 01:00:00,15.733333333333334,3.1,70.0,
2023-04-27 02:00:00,15.6,2.6,50.0,
2023-04-27 03:00:00,15.6,3.3499999999999996,45.0,1.0
2023-04-27 04:00:00,15.6,4.1,10.0,
2023-04-27 05:00:00,15.6,2.85,456.3333333333333,
2023-04-27 06:00:00,15.6,2.1,15.0,1.0
2023-04-27 07:00:00,15.0,3.35,325.0,
2023-04-27 08:00:00,15.0,2.6,316.6666666666667,
2023-04-27 09:00:00,15.0,2.075,484.75,1.0
2023-04-27 10:00:00,15.533333333333333,2.766666666666667,296.6666666666667,
2023-04-27 11:00:00,15.6,4.85,280.0,
2023-04-27 12:00:00,15.7,5.525,292.5,1.0
2023-04-27 13:00:00,16.4,6.2,300.0,
2023-04-27 14:00:00,17.8,8.8,300.0,
2023-04-27 15:00:00,17.3,7.975,300.0,0.75
2023-04-27 16:00:00,18.3,9.8,330.0,
2023-04-27 17:00:00,17.3,8.225,320.0,
2023-04-27 18:00:00,17.225,7.574999999999999,320.0,0.75
2023-04-27 19:00:00,18.3,6.7,310.0,
2023-04-27 20:00:00,18.3,6.2,320.0,
2023-04-27 21:00:00,18.85,5.65,305.0,0.75
2023-04-27 22:00:00,20.0,6.7,320.0,
2023-04-27 23:00:00,19.4,4.6,310.0,0.5
2023-04-28 00:00:00,18.85,3.8499999999999996,320.0,0.5
2023-04-28 01:00:00,17.2,2.6,350.0,0.25
2023-04-28 02:00:00,16.1,0.0,999.0,0.25
2023-04-28 03:00:00,15.25,1.05,564.5,0.25
2023-04-28 04:00:00,13.9,0.0,999.0,0.25
2023-04-28 05:00:00,13.3,1.5,539.5,0.25
2023-04-28 06:00:00,13.05,1.5,90.0,0.125
2023-04-28 07:00:00,11.7,2.1,100.0,0.0
2023-04-28 08:00:00,12.2,0.0,999.0,0.25
2023-04-28 09:00:00,11.95,0.75,549.5,0.375
2023-04-28 10:00:00,11.1,1.5,100.0,
2023-04-28 11:00:00,10.6,3.6,60.0,0.5
2023-04-28 12:00:00,12.25,3.6,60.0,0.5
2023-04-28 13:00:00,16.1,5.7,70.0,
2023-04-28 14:00:00,17.2,4.6,100.0,
2023-04-28 15:00:00,18.049999999999997,4.35,100.0,0.75
2023-04-28 16:00:00,21.1,6.2,150.0,
2023-04-28 17:00:00,20.6,5.1,160.0,
2023-04-28 18:00:00,21.15,6.6499999999999995,155.0,0.75
2023-04-28 19:00:00,21.7,2.6,70.0,
2023-04-28 20:00:00,21.1,2.6,20.0,
2023-04-28 21:00:00,19.5,7.733333333333334,243.33333333333334,1.0
2023-04-28 22:00:00,17.2,11.3,360.0,
2023-04-28 23:00:00,16.7,8.2,360.0,
2023-04-29 00:00:00,16.7,9.75,350.0,1.0
2023-04-29 01:00:00,15.850000000000001,10.3,330.0,
2023-04-29 02:00:00,14.4,9.0,335.0,
2023-04-29 03:00:00,13.866666666666667,8.766666666666667,333.3333333333333,1.0
2023-04-29 04:00:00,13.3,9.3,335.0,
2023-04-29 05:00:00,12.9,7.949999999999999,556.3333333333334,
2023-04-29 06:00:00,12.8,8.2,335.0,1.0
2023-04-29 07:00:00,12.8,7.7,340.0,
2023-04-29 08:00:00,12.8,9.3,340.0,
2023-04-29 09:00:00,12.8,9.05,340.0,1.0
2023-04-29 10:00:00,12.8,7.7,340.0,
2023-04-29 11:00:00,11.7,8.2,320.0,
2023-04-29 12:00:00,11.7,8.5,325.0,1.0
2023-04-29 13:00:00,11.7,9.8,340.0,
2023-04-29 14:00:00,13.3,9.3,360.0,
2023-04-29 15:00:00,14.15,8.25,355.0,0.75
2023-04-29 16:00:00,17.1,8.75,335.0,
2023-04-29 17:00:00,19.4,10.8,330.0,0.5
2023-04-29 18:00:00,20.0,10.3,335.0,0.375
2023-04-29 19:00:00,21.7,11.8,330.0,0.25
2023-04-29 20:00:00,21.7,8.2,330.0,0.25
2023-04-29 21:00:00,21.95,9.0,325.0,0.25
2023-04-29 22:00:00,22.2,7.7,330.0,0.25
2023-04-29 23:00:00,21.7,7.7,330.0,0.25
2023-04-30 00:00:00,21.15,6.95,330.0,0.25
2023-04-30 01:00:00,18.9,4.1,320.0,0.25
2023-04-30 02:00:00,17.8,4.1,330.0,0.0
2023-04-30 03:00:00,17.8,3.8499999999999996,315.0,0.0
2023-04-30 04:00:00,16.1,4.6,260.0,0.0
2023-04-30 05:00:00,15.0,3.6,619.5,0.0
2023-04-30 06:00:00,14.45,3.8499999999999996,230.0,0.0
2023-04-30 07:00:00,13.9,3.1,230.0,0.0
2023-04-30 08:00:00,13.3,4.6,230.0,0.0
2023-04-30 09:00:00,12.75,3.05,205.0,0.0
2023-04-30 10:00:00,11.7,1.5,200.0,0.0
2023-04-30 11:00:00,10.0,1.5,250.0,0.0
2023-04-30 12:00:00,12.5,1.8,280.0,0.25
2023-04-30 13:00:00,18.9,4.1,240.0,0.25
2023-04-30 14:00:00,22.2,3.6,290.0,0.25
2023-04-30 15:00:00,23.049999999999997,4.9,310.0,0.25
2023-04-30 16:00:00,25.6,4.1,20.0,0.25
2023-04-30 17:00:00,25.6,4.1,30.0,0.25
2023-04-30 18:00:00,26.4,4.35,45.0,0.25
2023-04-30 19:00:00,27.8,2.6,70.0,0.25
2023-04-30 20:00:00,27.8,3.6,90.0,0.25
2023-04-30 21:00:00,27.8,3.8499999999999996,80.0,0.25
2023-04-30 22:00:00,26.7,4.1,30.0,0.25
2023-04-30 23:00:00,25.0,6.2,70.0,0.25
2023-05-01 00:00:00,23.9,6.2,70.0,0.25
2023-05-01 01:00:00,20.6,5.1,50.0,0.25
2023-05-01 02:00:00,20.0,5.7,30.0,0.25
2023-05-01 03:00:00,19.15,4.4,40.0,0.25
2023-05-01 04:00:00,18.3,5.1,30.0,0.25
2023-05-01 05:00:00,17.2,5.1,676.0,0.25
2023-05-01 06:00:00,16.1,4.1,45.0,0.25
2023-05-01 07:00:00,14.4,3.1,40.0,0.25
2023-05-01 08:00:00,13.9,3.6,20.0,0.5
2023-05-01 09:00:00,14.15,3.6,30.0,0.5
2023-05-01 10:00:00,12.8,3.6,50.0,0.5
2023-05-01 11:00:00,12.8,2.6,60.0,0.25
2023-05-01 12:00:00,13.600000000000001,2.85,65.0,0.125
2023-05-01 13:00:00,17.8,3.1,100.0,0.5
2023-05-01 14:00:00,18.9,3.1,90.0,
2023-05-01 15:00:00,19.45,3.8499999999999996,110.0,0.75
2023-05-01 16:00:00,22.8,2.6,999.0,0.25
2023-05-01 17:00:00,22.8,2.1,100.0,0.25
2023-05-01 18:00:00,23.35,2.35,65.0,0.25
2023-05-01 19:00:00,23.9,0.0,999.0,0.25
2023-05-01 20:00:00,25.0,4.1,50.0,0.25
2023-05-01 21:00:00,25.0,4.35,70.0,0.25
2023-05-01 22:00:00,24.4,4.1,100.0,0.5
2023-05-01 23:00:00,23.9,3.1,80.0,
2023-05-02 00:00:00,22.25,2.85,95.0,0.75
2023-05-02 01:00:00,20.0,2.6,100.0,
2023-05-02 02:00:00,18.9,3.1,100.0,
2023-05-02 03:00:00,18.35,2.6,95.0,0.625
2023-05-02 04:00:00,17.2,2.6,100.0,0.0
2023-05-02 05:00:00,16.7,1.5,554.5,0.25
2023-05-02 06:00:00,16.4,1.5,110.0,0.25
2023-05-02 07:00:00,15.6,1.5,90.0,0.25
2023-05-02 08:00:00,15.0,0.0,999.0,0.5
2023-05-02 09:00:00,14.7,1.05,534.5,0.5
2023-05-02 10:00:00,13.9,2.6,160.0,0.5
2023-05-02 11:00:00,13.9,1.5,150.0,0.5
2023-05-02 12:00:00,15.3,2.05,85.0,0.5
2023-05-02 13:00:00,18.9,2.1,40.0,
2023-05-02 14:00:00,21.1,4.1,110.0,0.5
2023-05-02 15:00:00,23.3,4.1,110.0,
2023-05-02 16:00:00,25.0,3.1,90.0,
2023-05-02 17:00:00,25.6,4.1,100.0,
2023-05-02 18:00:00,26.15,4.1,70.0,0.75
2023-05-02 19:00:00,27.8,4.1,100.0,
2023-05-02 20:00:00,26.7,2.1,140.0,
2023-05-02 21:00:00,26.7,2.6,125.0,0.75
2023-05-02 22:00:00,26.7,3.6,100.0,
2023-05-02 23:00:00,25.6,3.6,90.0,
2023-05-03 00:00:00,25.0,3.1,95.0,0.75
2023-05-03 01:00:00,22.8,3.1,70.0,
2023-05-03 02:00:00,22.8,1.5,90.0,
2023-05-03 03:00:00,21.950000000000003,0.75,544.5,0.75
2023-05-03 04:00:00,20.6,1.5,60.0,
2023-05-03 05:00:00,21.1,0.0,999.0,
2023-05-03 06:00:00,21.1,0.0,999.0,1.0
2023-05-03 07:00:00,19.4,2.6,70.0,
2023-05-03 08:00:00,18.3,2.1,60.0,
2023-05-03 09:00:00,18.85,2.35,70.0,1.0
2023-05-03 10:00:00,18.9,1.5,90.0,
2023-05-03 11:00:00,19.4,1.5,80.0,
2023-05-03 12:00:00,19.7,2.3,85.0,1.0
2023-05-03 13:00:00,21.1,5.1,110.0,
2023-05-03 14:00:00,22.2,6.2,110.0,
2023-05-03 15:00:00,22.75,5.4,100.0,0.75
2023-05-03 16:00:00,24.4,5.1,90.0,
2023-05-03 17:00:00,25.0,3.6,70.0,
2023-05-03 18:00:00,25.55,3.35,95.0,0.75
2023-05-03 19:00:00,26.7,1.5,999.0,
2023-05-03 20:00:00,27.8,4.1,70.0,0.5
2023-05-03 21:00:00,27.8,3.3499999999999996,65.0,0.5
2023-05-03 22:00:00,27.2,1.5,110.0,
2023-05-03 23:00:00,26.1,4.1,110.0,0.5
2023-05-04 00:00:00,25.25,4.6,120.0,0.5
2023-05-04 01:00:00,22.8,4.1,110.0,
2023-05-04 02:00:00,21.1,3.1,120.0,
2023-05-04 03:00:00,21.1,3.1,115.0,0.75
2023-05-04 04:00:00,20.6,2.6,100.0,
2023-05-04 05:00:00,19.4,2.6,564.5,
2023-05-04 06:00:00,19.15,2.35,120.0,0.75
2023-05-04 07:00:00,18.9,2.6,130.0,
2023-05-04 08:00:00,18.3,4.1,150.0,
2023-05-04 09:00:00,18.3,3.5999999999999996,145.0,1.0
2023-05-04 10:00:00,17.2,3.1,110.0,
2023-05-04 11:00:00,17.2,2.6,120.0,
2023-05-04 12:00:00,17.75,2.35,125.0,1.0
2023-05-04 13:00:00,20.0,2.6,150.0,
2023-05-04 14:00:00,21.7,3.6,160.0,
2023-05-04 15:00:00,22.5,4.35,165.0,1.0
2023-05-04 16:00:00,25.6,6.2,160.0,
2023-05-04 17:00:00,27.8,7.7,170.0,
2023-05-04 18:00:00,27.8,6.95,165.0,0.75
2023-05-04 19:00:00,28.3,7.2,180.0,
2023-05-04 20:00:00,27.2,6.7,170.0,
2023-05-04 21:00:00,26.65,7.75,160.0,1.0
2023-05-04 22:00:00,26.1,8.8,160.0,
2023-05-04 23:00:00,25.6,7.2,170.0,
2023-05-05 00:00:00,25.3,7.45,170.0,1.0
2023-05-05 01:00:00,24.4,4.6,180.0,
2023-05-05 02:00:00,23.9,3.1,140.0,
2023-05-05 03:00:00,23.7,3.6,76.66666666666667,1.0
2023-05-05 04:00:00,22.8,3.6,120.0,
2023-05-05 05:00:00,22.8,5.1,584.5,
2023-05-05 06:00:00,21.950000000000003,5.65,170.0,0.75
2023-05-05 07:00:00,20.6,3.1,170.0,
2023-05-05 08:00:00,20.85,5.65,180.0,
2023-05-05 09:00:00,21.4,6.7,180.0,1.0
2023-05-05 10:00:00,22.8,5.7,170.0,
2023-05-05 11:00:00,22.8,4.85,175.0,
2023-05-05 12:00:00,23.05,4.1,175.0,0.75
2023-05-05 13:00:00,25.133333333333336,6.333333333333333,193.33333333333334,0.5
2023-05-05 14:00:00,27.8,6.7,220.0,0.25
2023-05-05 15:00:00,28.35,5.9,210.0,0.25
2023-05-05 16:00:00,30.6,3.6,210.0,0.0
2023-05-05 17:00:00,32.8,4.6,190.0,0.25
2023-05-05 18:00:00,33.349999999999994,4.85,195.0,0.25
2023-05-05 19:00:00,34.4,4.6,170.0,0.25
2023-05-05 20:00:00,34.4,5.7,140.0,0.25
2023-05-05 21:00:00,34.4,5.95,150.0,0.375
2023-05-05 22:00:00,33.9,6.2,150.0,0.5
2023-05-05 23:00:00,31.7,6.7,140.0,
2023-05-06 00:00:00,31.15,7.75,155.0,0.75
2023-05-06 01:00:00,29.4,8.8,150.0,
2023-05-06 02:00:00,28.9,2.1,190.0,
2023-05-06 03:00:00,28.049999999999997,3.0999999999999996,200.0,0.75
2023-05-06 04:00:00,26.7,3.6,180.0,
2023-05-06 05:00:00,26.7,3.6,594.5,
2023-05-06 06:00:00,25.85,3.35,170.0,1.0
2023-05-06 07:00:00,23.9,3.6,160.0,
2023-05-06 08:00:00,23.3,4.1,210.0,
2023-05-06 09:00:00,22.5,3.5999999999999996,200.0,0.625
2023-05-06 10:00:00,22.2,4.1,210.0,0.25
2023-05-06 11:00:00,21.1,2.1,200.0,0.25
2023-05-06 12:00:00,22.5,3.5999999999999996,200.0,0.125
2023-05-06 13:00:00,25.6,6.7,200.0,0.25
2023-05-06 14:00:00,27.2,10.8,200.0,0.25
2023-05-06 15:00:00,27.75,8.75,185.0,0.25
2023-05-06 16:00:00,28.6,9.55,185.0,
2023-05-06 17:00:00,28.3,8.8,180.0,
2023-05-06 18:00:00,28.900000000000002,7.566666666666667,180.0,0.75
2023-05-06 19:00:00,30.0,6.7,170.0,
2023-05-06 20:00:00,30.6,6.2,190.0,
2023-05-06 21:00:00,30.6,6.7,180.0,0.75
2023-05-06 22:00:00,30.0,8.8,160.0,0.5
2023-05-06 23:00:00,28.3,7.2,170.0,
2023-05-07 00:00:00,28.05,7.45,170.0,1.0
2023-05-07 01:00:00,27.8,5.333333333333333,180.0,
2023-05-07 02:00:00,26.1,5.1,340.0,
2023-05-07 03:00:00,23.35,8.2,325.0,1.0
2023-05-07 04:00:00,20.0,6.7,330.0,
2023-05-07 05:00:00,20.55,6.2,459.6666666666667,
2023-05-07 06:00:00,20.7,5.833333333333333,110.0,1.0
2023-05-07 07:00:00,21.85,9.05,165.0,
2023-05-07 08:00:00,21.95,9.0,165.0,
2023-05-07 09:00:00,21.15,8.2,175.0,1.0
2023-05-07 10:00:00,20.0,5.7,190.0,
2023-05-07 11:00:00,20.0,6.2,180.0,
2023-05-07 12:00:00,20.85,6.45,170.0,0.75
2023-05-07 13:00:00,23.3,4.6,180.0,
2023-05-07 14:00:00,24.4,7.2,180.0,
2023-05-07 15:00:00,25.166666666666668,7.533333333333334,176.66666666666666,1.0
2023-05-07 16:00:00,26.4,8.0,185.0,
2023-05-07 17:00:00,26.1,7.2,180.0,
2023-05-07 18:00:00,26.75,7.2,177.5,1.0
2023-05-07 19:00:00,28.9,7.2,170.0,
2023-05-07 20:00:00,29.15,8.2,180.0,
2023-05-07 21:00:00,30.3,7.949999999999999,180.0,0.75
2023-05-07 22:00:00,28.9,8.2,170.0,
2023-05-07 23:00:00,27.8,5.7,180.0,
2023-05-08 00:00:00,27.25,5.7,170.0,0.75
2023-05-08 01:00:00,25.6,4.6,150.0,
2023-05-08 02:00:00,25.0,2.6,170.0,
2023-05-08 03:00:00,24.599999999999998,3.5999999999999996,190.0,1.0
2023-05-08 04:00:00,24.2,7.699999999999999,250.0,
2023-05-08 05:00:00,22.2,6.2,584.5,
2023-05-08 06:00:00,22.75,6.7,180.0,1.0
2023-05-08 07:00:00,22.8,8.2,190.0,
2023-05-08 08:00:00,22.8,4.1,170.0,
2023-05-08 09:00:00,22.25,3.8499999999999996,150.0,1.0
2023-05-08 10:00:00,22.2,3.6,140.0,
2023-05-08 11:00:00,21.7,4.6,150.0,
2023-05-08 12:00:00,21.95,3.8499999999999996,170.0,0.75
2023-05-08 13:00:00,23.9,3.6,180.0,
2023-05-08 14:00:00,24.099999999999998,4.1,176.66666666666666,
2023-05-08 15:00:00,23.6,3.35,160.0,0.75
2023-05-08 16:00:00,23.6,4.35,50.0,
2023-05-08 17:00:00,27.2,6.2,170.0,0.5
2023-05-08 18:00:00,28.049999999999997,6.7,170.0,0.375
2023-05-08 19:00:00,30.6,6.2,190.0,0.25
2023-05-08 20:00:00,30.6,6.2,170.0,0.25
2023-05-08 21:00:00,30.85,5.4,170.0,0.375
2023-05-08 22:00:00,31.1,3.6,180.0,0.25
2023-05-08 23:00:00,30.0,4.1,150.0,0.25
2023-05-09 00:00:00,29.45,4.9,150.0,0.25
2023-05-09 01:00:00,27.8,4.6,150.0,0.25
2023-05-09 02:00:00,27.8,6.7,140.0,
2023-05-09 03:00:00,26.700000000000003,6.45,155.0,0.625
2023-05-09 04:00:00,23.9,5.7,170.0,0.5
2023-05-09 05:00:00,23.3,7.2,594.5,0.5
2023-05-09 06:00:00,23.05,7.45,190.0,0.5
2023-05-09 07:00:00,22.8,5.1,170.0,
2023-05-09 08:00:00,22.8,6.2,170.0,
2023-05-09 09:00:00,22.5,4.9,160.0,1.0
2023-05-09 10:00:00,21.7,2.1,160.0,
2023-05-09 11:00:00,21.1,3.1,100.0,0.5
2023-05-09 12:00:00,21.4,3.35,110.0,0.5
2023-05-09 13:00:00,21.95,3.8499999999999996,125.0,
2023-05-09 14:00:00,23.9,5.1,140.0,
2023-05-09 15:00:00,25.333333333333332,6.0,160.0,0.6666666666666666
2023-05-09 16:00:00,26.7,6.2,170.0,
2023-05-09 17:00:00,27.9,6.2,160.0,
2023-05-09 18:00:00,28.05,6.95,160.0,0.75
2023-05-09 19:00:00,28.9,8.2,180.0,
2023-05-09 20:00:00,28.3,6.2,160.0,
2023-05-09 21:00:00,28.3,5.95,160.0,0.75
2023-05-09 22:00:00,27.8,4.1,140.0,
2023-05-09 23:00:00,27.2,4.1,140.0,
2023-05-10 00:00:00,26.65,4.1,145.0,0.75
2023-05-10 01:00:00,25.6,3.1,150.0,
2023-05-10 02:00:00,24.4,2.1,130.0,
2023-05-10 03:00:00,24.15,2.35,135.0,0.75
2023-05-10 04:00:00,23.9,3.1,160.0,
2023-05-10 05:00:00,23.9,3.6,584.5,
2023-05-10 06:00:00,23.35,3.1,170.0,1.0
2023-05-10 07:00:00,21.7,2.1,140.0,
2023-05-10 08:00:00,22.2,1.5,120.0,
2023-05-10 09:00:00,21.4,2.05,135.0,1.0
2023-05-10 10:00:00,20.6,2.1,110.0,
2023-05-10 11:00:00,21.1,1.5,10.0,
2023-05-10 12:00:00,21.4,0.75,504.5,1.0
2023-05-10 13:00:00,22.2,2.1,130.0,
2023-05-10 14:00:00,22.2,4.1,150.0,
2023-05-10 15:00:00,22.5,3.0999999999999996,150.0,1.0
2023-05-10 16:00:00,22.9,2.1,145.0,
2023-05-10 17:00:00,21.5,3.4333333333333336,146.66666666666666,
2023-05-10 18:00:00,20.742857142857144,3.242857142857143,180.0,1.0
2023-05-10 19:00:00,22.2,2.6,220.0,
2023-05-10 20:00:00,22.599999999999998,1.2,489.6666666666667,
2023-05-10 21:00:00,23.03333333333333,1.0,529.6666666666666,1.0
2023-05-10 22:00:00,23.3,0.0,999.0,
2023-05-10 23:00:00,21.866666666666664,3.0666666666666664,399.6666666666667,
2023-05-11 00:00:00,20.580000000000002,2.06,447.6,0.75
2023-05-11 01:00:00,21.1,0.0,999.0,
2023-05-11 02:00:00,20.0,3.1,170.0,
2023-05-11 03:00:00,20.0,2.85,160.0,0.75
2023-05-11 04:00:00,18.9,3.6,130.0,
2023-05-11 05:00:00,19.099999999999998,1.0,557.0,0.5
2023-05-11 06:00:00,18.85,2.05,125.0,1.0
2023-05-11 07:00:00,18.9,1.5,120.0,
2023-05-11 08:00:00,18.9,3.1,140.0,
2023-05-11 09:00:00,18.9,2.4333333333333336,136.66666666666666,1.0
2023-05-11 10:00:00,19.4,0.0,999.0,
2023-05-11 11:00:00,19.23333333333333,1.2,389.6666666666667,
2023-05-11 12:00:00,19.7,1.8,85.0,1.0
2023-05-11 13:00:00,20.533333333333335,0.5,699.3333333333334,
2023-05-11 14:00:00,21.1,4.1,150.0,
2023-05-11 15:00:00,22.4,5.525,155.0,1.0
2023-05-11 16:00:00,25.366666666666664,5.5,156.66666666666666,
2023-05-11 17:00:00,28.3,6.4,175.0,
2023-05-11 18:00:00,28.85,5.9,185.0,0.75
2023-05-11 19:00:00,30.0,6.7,170.0,
2023-05-11 20:00:00,30.6,9.3,160.0,
2023-05-11 21:00:00,30.6,8.25,165.0,0.75
2023-05-11 22:00:00,30.0,7.2,160.0,
2023-05-11 23:00:00,29.4,6.2,160.0,
2023-05-12 00:00:00,29.15,5.4,165.0,0.75
2023-05-12 01:00:00,27.8,3.6,160.0,
2023-05-12 02:00:00,27.2,5.15,150.0,
2023-05-12 03:00:00,26.866666666666664,7.199999999999999,163.33333333333334,0.75
2023-05-12 04:00:00,26.1,7.2,180.0,
2023-05-12 05:00:00,25.6,6.7,589.5,
2023-05-12 06:00:00,25.0,6.7,175.0,1.0
2023-05-12 07:00:00,24.7,7.75,180.0,
2023-05-12 08:00:00,25.0,6.7,180.0,
2023-05-12 09:00:00,25.0,6.7,180.0,1.0
2023-05-12 10:00:00,24.4,5.1,180.0,
2023-05-12 11:00:00,24.4,5.1,170.0,
2023-05-12 12:00:00,24.4,5.65,165.0,0.75
2023-05-12 13:00:00,25.6,6.2,160.0,
2023-05-12 14:00:00,25.6,6.2,170.0,
2023-05-12 15:00:00,26.15,6.7,170.0,1.0
2023-05-12 16:00:00,27.2,7.2,170.0,
2023-05-12 17:00:00,28.866666666666664,7.733333333333333,180.0,
2023-05-12 18:00:00,29.599999999999998,8.6,173.33333333333334,0.75
2023-05-12 19:00:00,31.7,9.3,180.0,0.5
2023-05-12 20:00:00,30.6,7.2,160.0,
2023-05-12 21:00:00,30.6,7.2,160.0,0.75
2023-05-12 22:00:00,30.6,8.2,150.0,
2023-05-12 23:00:00,28.9,7.7,150.0,
2023-05-13 00:00:00,28.35,6.7,155.0,0.75
2023-05-13 01:00:00,27.2,3.6,140.0,
2023-05-13 02:00:00,26.7,3.6,140.0,
2023-05-13 03:00:00,26.4,4.1,140.0,0.75
2023-05-13 04:00:00,26.7,4.6,140.0,
2023-05-13 05:00:00,26.1,7.2,589.5,
2023-05-13 06:00:00,25.900000000000002,6.0,173.33333333333334,1.0
2023-05-13 07:00:00,25.6,4.6,150.0,
2023-05-13 08:00:00,23.85,4.6,240.0,
2023-05-13 09:00:00,22.400000000000002,3.933333333333333,326.6666666666667,1.0
2023-05-13 10:00:00,21.1,2.1,330.0,
2023-05-13 11:00:00,21.1,4.1,200.0,
2023-05-13 12:00:00,21.4,3.3499999999999996,200.0,1.0
2023-05-13 13:00:00,22.2,2.1,130.0,
2023-05-13 14:00:00,23.9,3.6,190.0,
2023-05-13 15:00:00,24.75,3.8499999999999996,180.0,0.75
2023-05-13 16:00:00,26.7,3.1,140.0,
2023-05-13 17:00:00,27.8,5.1,180.0,
2023-05-13 18:00:00,28.35,4.35,195.0,0.75
2023-05-13 19:00:00,28.9,6.7,200.0,
2023-05-13 20:00:00,28.3,4.1,210.0,
2023-05-13 21:00:00,28.05,5.15,200.0,0.75
2023-05-13 22:00:00,27.8,4.1,180.0,
2023-05-13 23:00:00,27.2,3.6,210.0,
2023-05-14 00:00:00,26.95,3.35,205.0,0.75
2023-05-14 01:00:00,25.6,2.6,230.0,
2023-05-14 02:00:00,23.9,2.1,190.0,0.5
2023-05-14 03:00:00,23.6,1.05,594.5,0.5
2023-05-14 04:00:00,23.9,0.0,999.0,
2023-05-14 05:00:00,23.9,1.5,554.5,
2023-05-14 06:00:00,23.35,2.3,110.0,0.75
2023-05-14 07:00:00,20.98,5.36,106.0,
2023-05-14 08:00:00,21.1,2.1,100.0,
2023-05-14 09:00:00,21.1,1.2,409.6666666666667,1.0
2023-05-14 10:00:00,21.8,2.4333333333333336,120.0,
2023-05-14 11:00:00,21.1,1.9000000000000001,120.0,
2023-05-14 12:00:00,21.666666666666668,1.0,423.0,1.0
2023-05-14 13:00:00,22.2,3.6,130.0,
2023-05-14 14:00:00,22.9,3.5999999999999996,145.0,
2023-05-14 15:00:00,23.133333333333336,3.4333333333333336,150.0,1.0
2023-05-14 16:00:00,23.3,2.6,170.0,
2023-05-14 17:00:00,23.3,2.6,150.0,
2023-05-14 18:00:00,23.6,2.35,100.0,0.75
2023-05-14 19:00:00,22.8,2.6,110.0,
2023-05-14 20:00:00,21.7,2.1,130.0,
2023-05-14 21:00:00,21.95,2.6,245.0,1.0
2023-05-14 22:00:00,22.2,5.7,70.0,
2023-05-14 23:00:00,22.8,2.85,225.0,
2023-05-15 00:00:00,22.8,1.5333333333333332,739.3333333333334,1.0
2023-05-15 01:00:00,22.5,2.1,320.0,
2023-05-15 02:00:00,21.7,1.5,50.0,
2023-05-15 03:00:00,21.4,0.75,524.5,0.75
2023-05-15 04:00:00,21.1,0.0,999.0,0.0
2023-05-15 05:00:00,21.1,3.1,496.3333333333333,
2023-05-15 06:00:00,21.1,2.2333333333333334,283.3333333333333,0.75
2023-05-15 07:00:00,21.1,0.0,999.0,
2023-05-15 08:00:00,20.0,3.1,230.0,
2023-05-15 09:00:00,20.533333333333335,2.766666666666667,243.33333333333334,0.75
2023-05-15 10:00:00,20.0,2.85,260.0,0.5
2023-05-15 11:00:00,20.0,2.1,250.0,0.5
2023-05-15 12:00:00,20.55,1.05,624.5,0.5
2023-05-15 13:00:00,22.8,1.5,200.0,0.5
2023-05-15 14:00:00,24.4,2.6,210.0,0.25
2023-05-15 15:00:00,25.25,2.35,604.5,0.25
2023-05-15 16:00:00,27.2,2.1,999.0,
2023-05-15 17:00:00,28.9,1.5,999.0,0.5
2023-05-15 18:00:00,28.9,2.3,579.5,0.5
2023-05-15 19:00:00,29.15,2.6,235.0,
2023-05-15 20:00:00,24.15,3.3499999999999996,110.0,
2023-05-15 21:00:00,25.85,3.3499999999999996,135.0,1.0
2023-05-15 22:00:00,26.7,3.1,120.0,
2023-05-15 23:00:00,27.2,3.1,170.0,
2023-05-16 00:00:00,26.433333333333334,4.133333333333334,170.0,1.0
2023-05-16 01:00:00,23.9,7.2,210.0,
2023-05-16 02:00:00,23.3,4.6,250.0,
2023-05-16 03:00:00,23.3,4.35,265.0,0.75
2023-05-16 04:00:00,22.8,7.2,310.0,
2023-05-16 05:00:00,22.2,7.2,654.5,
2023-05-16 06:00:00,21.95,5.9,160.0,0.75
2023-05-16 07:00:00,21.1,1.5,60.0,
2023-05-16 08:00:00,21.1,2.6,195.0,
2023-05-16 09:00:00,21.1,3.766666666666667,346.6666666666667,1.0
2023-05-16 10:00:00,20.6,4.85,340.0,
2023-05-16 11:00:00,20.6,4.6,340.0,
2023-05-16 12:00:00,20.733333333333334,3.6,123.33333333333333,1.0
2023-05-16 13:00:00,22.2,4.6,20.0,
2023-05-16 14:00:00,23.3,5.7,340.0,
2023-05-16 15:00:00,23.6,4.9,345.0,0.75
2023-05-16 16:00:00,23.9,3.1,330.0,
2023-05-16 17:00:00,25.0,4.6,330.0,0.75
2023-05-16 18:00:00,24.4,4.6,340.0,
2023-05-16 19:00:00,25.8,5.1,320.0,
2023-05-16 20:00:00,25.0,5.1,320.0,
2023-05-16 21:00:00,25.55,5.4,330.0,0.75
2023-05-16 22:00:00,25.0,5.7,350.0,
2023-05-16 23:00:00,24.4,4.6,350.0,
2023-05-17 00:00:00,23.299999999999997,4.1,195.0,0.75
2023-05-17 01:00:00,21.1,3.6,30.0,
2023-05-17 02:00:00,20.0,3.1,40.0,
2023-05-17 03:00:00,19.7,2.3,45.0,0.75
2023-05-17 04:00:00,19.4,1.5,40.0,
2023-05-17 05:00:00,19.4,0.0,999.0,
2023-05-17 06:00:00,19.4,0.0,999.0,0.625
2023-05-17 07:00:00,18.9,0.0,999.0,0.25
2023-05-17 08:00:00,18.9,2.1,340.0,0.5
2023-05-17 09:00:00,18.35,2.1,175.0,0.5
2023-05-17 10:00:00,16.7,2.1,10.0,0.5
2023-05-17 11:00:00,16.7,2.6,20.0,0.5
2023-05-17 12:00:00,18.049999999999997,2.6,20.0,0.5
2023-05-17 13:00:00,21.1,4.1,20.0,0.5
2023-05-17 14:00:00,22.2,3.1,60.0,0.5
2023-05-17 15:00:00,22.75,3.1,529.5,0.375
2023-05-17 16:00:00,25.0,3.6,360.0,0.25
2023-05-17 17:00:00,26.1,3.1,10.0,0.25
2023-05-17 18:00:00,26.4,2.85,25.0,0.375
2023-05-17 19:00:00,27.8,3.1,999.0,0.5
2023-05-17 20:00:00,28.3,3.6,30.0,0.5
2023-05-17 21:00:00,28.3,1.8,514.5,0.5
2023-05-17 22:00:00,28.3,3.6,10.0,0.25
2023-05-17 23:00:00,28.3,1.5,40.0,0.25
2023-05-18 00:00:00,26.950000000000003,2.05,25.0,0.25
2023-05-18 01:00:00,23.9,3.1,40.0,0.5
2023-05-18 02:00:00,23.3,2.6,70.0,0.5
2023-05-18 03:00:00,22.75,2.85,85.0,0.5
2023-05-18 04:00:00,22.2,3.6,100.0,
2023-05-18 05:00:00,21.1,2.6,544.5,0.5
2023-05-18 06:00:00,20.85,2.35,90.0,0.5
2023-05-18 07:00:00,20.0,2.6,90.0,0.5
2023-05-18 08:00:00,19.4,3.1,110.0,0.5
2023-05-18 09:00:00,19.4,3.1,105.0,0.5
2023-05-18 10:00:00,18.3,0.0,999.0,0.5
2023-05-18 11:00:00,18.3,0.0,999.0,
2023-05-18 12:00:00,19.450000000000003,0.0,999.0,0.75
2023-05-18 13:00:00,22.2,1.5,170.0,
2023-05-18 14:00:00,24.4,0.0,999.0,
2023-05-18 15:00:00,24.7,1.3,519.5,0.75
2023-05-18 16:00:00,26.7,2.6,80.0,
2023-05-18 17:00:00,27.2,4.1,110.0,0.5
2023-05-18 18:00:00,28.9,2.6,170.0,0.5
2023-05-18 19:00:00,30.0,4.6,170.0,0.5
2023-05-18 20:00:00,30.6,3.6,150.0,0.5
2023-05-18 21:00:00,30.85,4.35,175.0,0.5
2023-05-18 22:00:00,29.4,4.1,130.0,
2023-05-18 23:00:00,28.3,3.6,130.0,
2023-05-19 00:00:00,28.05,4.1,130.0,0.75
2023-05-19 01:00:00,27.2,5.1,150.0,
2023-05-19 02:00:00,26.7,4.1,150.0,
2023-05-19 03:00:00,26.4,4.1,150.0,0.75
2023-05-19 04:00:00,25.6,4.1,140.0,
2023-05-19 05:00:00,23.9,3.1,564.5,
2023-05-19 06:00:00,23.6,2.85,130.0,1.0
2023-05-19 07:00:00,22.8,1.5,130.0,0.5
2023-05-19 08:00:00,22.8,2.1,190.0,
2023-05-19 09:00:00,22.5,2.35,185.0,0.75
2023-05-19 10:00:00,23.3,3.1,170.0,
2023-05-19 11:00:00,23.3,3.1,190.0,
2023-05-19 12:00:00,23.6,3.5999999999999996,200.0,0.75
2023-05-19 13:00:00,26.7,6.7,230.0,0.5
2023-05-19 14:00:00,27.8,4.6,230.0,0.25
2023-05-19 15:00:00,29.200000000000003,5.4,220.0,0.25
2023-05-19 16:00:00,31.1,5.7,200.0,0.5
2023-05-19 17:00:00,32.2,6.2,210.0,0.5
2023-05-19 18:00:00,32.5,6.45,210.0,0.5
2023-05-19 19:00:00,31.7,6.7,210.0,
2023-05-19 20:00:00,27.366666666666664,3.4333333333333336,406.3333333333333,
2023-05-19 21:00:00,24.45,2.8249999999999997,362.25,0.75
2023-05-19 22:00:00,23.333333333333332,2.733333333333333,433.0,
2023-05-19 23:00:00,21.8,3.266666666666667,133.33333333333334,
2023-05-20 00:00:00,22.075,2.325,367.25,0.75
2023-05-20 01:00:00,23.05,3.5999999999999996,230.0,
2023-05-20 02:00:00,23.3,5.1,230.0,
2023-05-20 03:00:00,23.5,6.166666666666667,290.0,0.75
2023-05-20 04:00:00,22.8,5.7,360.0,
2023-05-20 05:00:00,21.7,4.1,674.5,
2023-05-20 06:00:00,21.133333333333336,5.666666666666667,350.0,0.75
2023-05-20 07:00:00,20.0,7.2,10.0,
2023-05-20 08:00:00,19.4,9.3,350.0,
2023-05-20 09:00:00,18.85,8.75,355.0,1.0
2023-05-20 10:00:00,17.8,6.2,350.0,
2023-05-20 11:00:00,17.2,8.75,350.0,
2023-05-20 12:00:00,17.2,8.75,350.0,1.0
2023-05-20 13:00:00,18.3,9.3,350.0,0.25
2023-05-20 14:00:00,18.9,6.7,360.0,0.5
2023-05-20 15:00:00,19.75,5.65,350.0,0.5
2023-05-20 16:00:00,22.2,6.2,350.0,
2023-05-20 17:00:00,23.3,5.7,10.0,
2023-05-20 18:00:00,23.6,6.45,185.0,0.75
2023-05-20 19:00:00,24.4,4.6,10.0,0.5
2023-05-20 20:00:00,25.0,4.1,360.0,
2023-05-20 21:00:00,25.0,4.1,350.0,0.75
2023-05-20 22:00:00,24.4,4.6,30.0,
2023-05-20 23:00:00,23.9,4.1,40.0,
2023-05-21 00:00:00,23.049999999999997,4.1,35.0,0.75
2023-05-21 01:00:00,20.6,3.1,30.0,
2023-05-21 02:00:00,18.9,3.6,20.0,
2023-05-21 03:00:00,19.15,3.8499999999999996,25.0,0.75
2023-05-21 04:00:00,18.3,2.1,50.0,
2023-05-21 05:00:00,18.3,2.6,519.5,
2023-05-21 06:00:00,18.05,2.6,35.0,0.75
2023-05-21 07:00:00,17.8,2.1,10.0,
2023-05-21 08:00:00,17.2,2.1,10.0,
2023-05-21 09:00:00,16.95,2.35,180.0,0.75
2023-05-21 10:00:00,17.2,2.6,340.0,
2023-05-21 11:00:00,17.2,2.1,350.0,
2023-05-21 12:00:00,17.5,1.8,185.0,0.75
2023-05-21 13:00:00,18.9,2.1,50.0,
2023-05-21 14:00:00,20.6,1.5,50.0,
2023-05-21 15:00:00,20.85,0.75,524.5,1.0
2023-05-21 16:00:00,22.8,2.1,360.0,
2023-05-21 17:00:00,23.3,1.5,999.0,
2023-05-21 18:00:00,23.3,0.75,999.0,1.0
2023-05-21 19:00:00,23.9,0.0,999.0,
2023-05-21 20:00:00,23.3,4.1,330.0,
2023-05-21 21:00:00,23.3,3.8499999999999996,340.0,1.0
2023-05-21 22:00:00,23.3,1.5,999.0,
2023-05-21 23:00:00,23.9,2.1,60.0,
2023-05-22 00:00:00,22.799999999999997,2.35,200.0,0.625
2023-05-22 01:00:00,20.6,2.6,360.0,
2023-05-22 02:00:00,18.9,2.6,30.0,0.5
2023-05-22 03:00:00,19.15,2.85,25.0,0.5
2023-05-22 04:00:00,18.9,2.1,50.0,0.5
2023-05-22 05:00:00,18.9,2.6,544.5,0.5
2023-05-22 06:00:00,18.6,2.35,95.0,0.5
2023-05-22 07:00:00,18.3,2.1,100.0,0.25
2023-05-22 08:00:00,17.8,1.5,110.0,0.25
2023-05-22 09:00:00,17.5,1.8,130.0,0.25
2023-05-22 10:00:00,17.2,1.5,150.0,0.5
2023-05-22 11:00:00,16.1,0.0,999.0,
2023-05-22 12:00:00,17.775,1.8,342.25,0.75
2023-05-22 13:00:00,20.6,3.6,160.0,0.5
2023-05-22 14:00:00,21.7,2.6,150.0,
2023-05-22 15:00:00,22.5,2.35,574.5,0.625
2023-05-22 16:00:00,25.0,2.6,999.0,0.5
2023-05-22 17:00:00,25.6,0.0,999.0,0.5
2023-05-22 18:00:00,26.15,0.0,999.0,0.5
2023-05-22 19:00:00,26.7,2.6,999.0,0.5
2023-05-22 20:00:00,27.8,2.1,90.0,0.25
2023-05-22 21:00:00,28.05,1.05,544.5,0.25
2023-05-22 22:00:00,27.8,4.1,130.0,0.25
2023-05-22 23:00:00,26.7,3.6,120.0,0.25
2023-05-23 00:00:00,26.15,3.35,115.0,0.25
2023-05-23 01:00:00,23.9,3.1,140.0,0.5
2023-05-23 02:00:00,23.3,3.6,140.0,
2023-05-23 03:00:00,22.75,3.35,125.0,0.75
2023-05-23 04:00:00,22.2,0.0,999.0,
2023-05-23 05:00:00,21.7,2.1,564.5,
2023-05-23 06:00:00,21.15,1.8,115.0,1.0
2023-05-23 07:00:00,21.7,2.1,230.0,
2023-05-23 08:00:00,21.7,5.7,190.0,
2023-05-23 09:00:00,21.4,4.4,175.0,1.0
2023-05-23 10:00:00,20.6,2.6,120.0,
2023-05-23 11:00:00,21.7,4.1,290.0,
2023-05-23 12:00:00,21.4,3.3499999999999996,210.0,0.75
2023-05-23 13:00:00,22.2,5.7,140.0,
2023-05-23 14:00:00,23.3,2.6,130.0,
2023-05-23 15:00:00,23.6,3.3499999999999996,140.0,0.75
2023-05-23 16:00:00,26.7,4.6,150.0,0.5
2023-05-23 17:00:00,27.8,3.6,140.0,0.25
2023-05-23 18:00:00,27.8,3.6,130.0,0.375
2023-05-23 19:00:00,28.3,4.1,120.0,0.5
2023-05-23 20:00:00,28.9,4.1,120.0,0.5
2023-05-23 21:00:00,28.9,4.9,120.0,0.5
2023-05-23 22:00:00,28.9,5.1,140.0,0.5
2023-05-23 23:00:00,28.3,5.1,130.0,0.25
2023-05-24 00:00:00,27.5,5.65,125.0,0.25
2023-05-24 01:00:00,25.6,4.1,130.0,0.25
2023-05-24 02:00:00,23.9,3.1,130.0,
2023-05-24 03:00:00,23.9,3.5999999999999996,130.0,0.75
2023-05-24 04:00:00,23.3,3.6,110.0,
2023-05-24 05:00:00,22.8,2.1,579.5,
2023-05-24 06:00:00,22.5,2.35,140.0,1.0
2023-05-24 07:00:00,22.5,3.0999999999999996,205.0,
2023-05-24 08:00:00,20.0,3.6,260.0,
2023-05-24 09:00:00,19.599999999999998,3.266666666666667,173.33333333333334,1.0
2023-05-24 10:00:00,20.0,2.1,30.0,
2023-05-24 11:00:00,20.0,2.1,20.0,
2023-05-24 12:00:00,20.3,1.8,45.0,1.0
2023-05-24 13:00:00,21.7,2.6,30.0,
2023-05-24 14:00:00,24.4,4.6,110.0,
2023-05-24 15:00:00,24.7,4.1,100.0,0.75
2023-05-24 16:00:00,26.7,2.6,100.0,
2023-05-24 17:00:00,27.2,3.1,120.0,0.5
2023-05-24 18:00:00,28.049999999999997,1.55,559.5,0.5
2023-05-24 19:00:00,30.0,3.1,80.0,0.5
2023-05-24 20:00:00,29.4,3.1,50.0,
2023-05-24 21:00:00,29.7,3.5999999999999996,60.0,0.75
2023-05-24 22:00:00,29.4,4.1,100.0,0.5
2023-05-24 23:00:00,28.3,4.1,120.0,0.5
2023-05-25 00:00:00,27.75,4.35,115.0,0.375
2023-05-25 01:00:00,26.1,4.6,100.0,0.25
2023-05-25 02:00:00,24.4,4.1,110.0,0.25
2023-05-25 03:00:00,24.4,3.8499999999999996,110.0,0.25
2023-05-25 04:00:00,24.4,5.1,110.0,0.5
2023-05-25 05:00:00,22.8,4.6,554.5,
2023-05-25 06:00:00,22.8,4.6,110.0,0.75
2023-05-25 07:00:00,21.7,3.1,110.0,
2023-05-25 08:00:00,21.1,2.1,120.0,
2023-05-25 09:00:00,21.1,1.8,120.0,0.75
2023-05-25 10:00:00,20.6,0.0,999.0,
2023-05-25 11:00:00,20.0,1.5,120.0,
2023-05-25 12:00:00,20.55,0.75,559.5,0.75
2023-05-25 13:00:00,22.8,3.1,90.0,
2023-05-25 14:00:00,25.0,4.1,110.0,
2023-05-25 15:00:00,25.0,4.1,130.0,
2023-05-25 16:00:00,27.2,4.6,140.0,0.25
2023-05-25 17:00:00,27.2,3.1,100.0,
2023-05-25 18:00:00,27.2,2.6,120.0,0.75
2023-05-25 19:00:00,28.3,4.1,110.0,
2023-05-25 20:00:00,28.3,3.1,100.0,
2023-05-25 21:00:00,28.3,2.85,549.5,0.75
2023-05-25 22:00:00,27.8,2.1,90.0,
2023-05-25 23:00:00,27.8,4.1,100.0,0.5
2023-05-26 00:00:00,26.950000000000003,3.5999999999999996,100.0,0.5
2023-05-26 01:00:00,24.4,2.6,100.0,0.25
2023-05-26 02:00:00,24.4,2.6,100.0,0.25
2023-05-26 03:00:00,24.15,2.05,95.0,0.25
2023-05-26 04:00:00,23.3,1.5,60.0,0.0
2023-05-26 05:00:00,22.8,0.0,999.0,0.25
2023-05-26 06:00:00,22.8,0.0,999.0,0.25
2023-05-26 07:00:00,20.6,2.1,40.0,
2023-05-26 08:00:00,21.1,2.1,60.0,
2023-05-26 09:00:00,20.85,2.1,70.0,0.75
2023-05-26 10:00:00,20.0,2.6,90.0,0.5
2023-05-26 11:00:00,20.6,0.0,999.0,0.5
2023-05-26 12:00:00,21.4,0.0,999.0,0.5
2023-05-26 13:00:00,23.9,2.6,100.0,
2023-05-26 14:00:00,26.7,4.1,100.0,
2023-05-26 15:00:00,27.25,4.6,115.0,0.75
2023-05-26 16:00:00,28.9,5.7,130.0,
2023-05-26 17:00:00,30.0,5.7,90.0,
2023-05-26 18:00:00,29.7,4.4,125.0,0.75
2023-05-26 19:00:00,30.0,3.1,90.0,
2023-05-26 20:00:00,29.4,4.6,110.0,
2023-05-26 21:00:00,29.15,3.3499999999999996,115.0,0.75
2023-05-26 22:00:00,28.9,4.1,90.0,
2023-05-26 23:00:00,28.3,5.1,110.0,
2023-05-27 00:00:00,27.75,4.35,115.0,0.75
2023-05-27 01:00:00,26.7,3.1,110.0,
2023-05-27 02:00:00,25.6,2.1,100.0,
2023-05-27 03:00:00,25.6,2.35,100.0,0.75
2023-05-27 04:00:00,24.4,2.1,90.0,
2023-05-27 05:00:00,23.9,2.1,554.5,
2023-05-27 06:00:00,23.6,1.8,110.0,0.75
2023-05-27 07:00:00,22.8,2.1,120.0,
2023-05-27 08:00:00,22.2,1.5,110.0,
2023-05-27 09:00:00,21.95,1.5,130.0,0.75
2023-05-27 10:00:00,21.7,1.5,140.0,
2023-05-27 11:00:00,21.1,2.1,130.0,
2023-05-27 12:00:00,21.65,2.35,115.0,0.75
2023-05-27 13:00:00,23.9,4.1,120.0,
2023-05-27 14:00:00,24.4,3.6,110.0,
2023-05-27 15:00:00,25.25,4.35,105.0,1.0
2023-05-27 16:00:00,26.7,3.6,120.0,
2023-05-27 17:00:00,27.8,4.1,130.0,
2023-05-27 18:00:00,28.05,3.5999999999999996,155.0,1.0
2023-05-27 19:00:00,28.3,2.1,999.0,
2023-05-27 20:00:00,28.3,3.1,140.0,
2023-05-27 21:00:00,28.85,3.8499999999999996,135.0,1.0
2023-05-27 22:00:00,28.3,3.6,130.0,
2023-05-27 23:00:00,27.8,3.1,120.0,
2023-05-28 00:00:00,27.25,3.5999999999999996,125.0,1.0
2023-05-28 01:00:00,25.6,3.6,140.0,
2023-05-28 02:00:00,24.4,2.6,140.0,
2023-05-28 03:00:00,23.85,2.85,125.0,0.75
2023-05-28 04:00:00,22.8,2.6,120.0,
2023-05-28 05:00:00,23.3,1.5,569.5,0.5
2023-05-28 06:00:00,22.75,1.8,140.0,0.5
2023-05-28 07:00:00,21.1,2.6,120.0,
2023-05-28 08:00:00,20.0,1.5,90.0,0.5
2023-05-28 09:00:00,20.0,2.05,110.0,0.5
2023-05-28 10:00:00,20.0,3.6,130.0,0.5
2023-05-28 11:00:00,20.0,2.6,130.0,
2023-05-28 12:00:00,20.85,3.1,125.0,0.75
2023-05-28 13:00:00,23.9,5.1,130.0,
2023-05-28 14:00:00,26.1,4.6,120.0,
2023-05-28 15:00:00,26.65,5.15,145.0,1.0
2023-05-28 16:00:00,28.9,5.7,150.0,
2023-05-28 17:00:00,29.4,4.1,160.0,
2023-05-28 18:00:00,29.15,4.1,175.0,0.75
2023-05-28 19:00:00,29.4,4.6,150.0,
2023-05-28 20:00:00,26.7,4.6,240.0,
2023-05-28 21:00:00,23.633333333333336,4.6,223.33333333333334,1.0
2023-05-28 22:00:00,22.5,3.6,95.0,
2023-05-28 23:00:00,24.4,2.1,90.0,
2023-05-29 00:00:00,24.7,1.05,544.5,0.75
2023-05-29 01:00:00,22.8,4.6,20.0,
2023-05-29 02:00:00,21.7,2.6,30.0,
2023-05-29 03:00:00,21.7,2.05,25.0,0.75
2023-05-29 04:00:00,21.7,0.0,999.0,
2023-05-29 05:00:00,21.7,1.5,529.5,
2023-05-29 06:00:00,21.4,1.5,70.0,0.75
2023-05-29 07:00:00,21.7,0.0,999.0,
2023-05-29 08:00:00,21.7,1.5,140.0,
2023-05-29 09:00:00,21.4,2.3,160.0,0.75
2023-05-29 10:00:00,20.6,2.1,170.0,
2023-05-29 11:00:00,20.6,2.1,200.0,
2023-05-29 12:00:00,21.15,1.05,599.5,0.75
2023-05-29 13:00:00,23.9,3.1,180.0,
2023-05-29 14:00:00,26.1,3.1,160.0,
2023-05-29 15:00:00,26.950000000000003,3.5999999999999996,180.0,0.75
2023-05-29 16:00:00,28.9,4.1,170.0,0.5
2023-05-29 17:00:00,30.0,4.1,240.0,
2023-05-29 18:00:00,30.0,3.8499999999999996,205.0,0.625
2023-05-29 19:00:00,32.2,4.1,200.0,
2023-05-29 20:00:00,31.7,4.1,180.0,
2023-05-29 21:00:00,29.066666666666666,7.2,223.33333333333334,0.75
2023-05-29 22:00:00,28.0,5.4,260.0,
2023-05-29 23:00:00,26.7,2.1,20.0,
2023-05-30 00:00:00,26.7,3.3499999999999996,35.0,1.0
2023-05-30 01:00:00,23.9,6.2,100.0,
2023-05-30 02:00:00,22.8,4.6,80.0,
2023-05-30 03:00:00,22.5,4.1,105.0,0.75
2023-05-30 04:00:00,21.7,4.1,150.0,
2023-05-30 05:00:00,21.1,3.6,579.5,
2023-05-30 06:00:00,20.85,3.35,175.0,0.625
2023-05-30 07:00:00,20.6,2.1,190.0,0.5
2023-05-30 08:00:00,20.0,1.5,100.0,0.5
2023-05-30 09:00:00,19.7,1.5,85.0,0.5
2023-05-30 10:00:00,19.4,0.0,999.0,0.5
2023-05-30 11:00:00,20.0,1.5,120.0,
2023-05-30 12:00:00,20.55,1.8,140.0,0.75
2023-05-30 13:00:00,22.8,2.6,160.0,0.5
2023-05-30 14:00:00,25.0,2.6,190.0,0.5
2023-05-30 15:00:00,25.85,2.05,160.0,0.5
2023-05-30 16:00:00,28.3,2.1,999.0,0.5
2023-05-30 17:00:00,29.4,2.6,999.0,0.5
2023-05-30 18:00:00,30.0,2.85,599.5,0.5
2023-05-30 19:00:00,31.7,4.6,190.0,
2023-05-30 20:00:00,30.725,3.875,397.25,
2023-05-30 21:00:00,24.133333333333336,6.466666666666668,68.33333333333333,0.75
2023-05-30 22:00:00,22.8,2.55,85.0,
2023-05-30 23:00:00,25.0,3.1,110.0,
2023-05-31 00:00:00,25.3,3.35,130.0,0.625
2023-05-31 01:00:00,23.3,2.1,90.0,0.5
2023-05-31 02:00:00,23.9,0.0,999.0,0.25
2023-05-31 03:00:00,23.6,1.3,584.5,0.25
2023-05-31 04:00:00,23.3,2.6,170.0,0.25
2023-05-31 05:00:00,22.2,2.1,569.5,0.25
2023-05-31 06:00:00,22.2,1.05,569.5,0.25
2023-05-31 07:00:00,21.7,0.0,999.0,0.5
2023-05-31 08:00:00,21.1,2.1,130.0,0.5
2023-05-31 09:00:00,20.55,1.8,125.0,0.5
2023-05-31 10:00:00,20.0,0.0,999.0,0.5
2023-05-31 11:00:00,20.0,1.5,60.0,0.5
2023-05-31 12:00:00,21.1,0.75,529.5,0.375
2023-05-31 13:00:00,23.9,2.1,200.0,0.25
2023-05-31 14:00:00,26.1,2.6,180.0,0.25
2023-05-31 15:00:00,26.950000000000003,2.85,170.0,0.375
2023-05-31 16:00:00,29.4,1.5,210.0,
2023-05-31 17:00:00,30.0,2.6,190.0,0.5
2023-05-31 18:00:00,30.0,2.05,160.0,0.5
2023-05-31 19:00:00,31.1,2.6,200.0,
2023-05-31 20:00:00,31.7,3.6,160.0,0.5
2023-05-31 21:00:00,31.7,4.35,155.0,0.5
2023-05-31 22:00:00,31.7,5.1,170.0,0.5
2023-05-31 23:00:00,30.6,5.7,160.0,0.25
2023-06-01 00:00:00,30.0,5.7,160.0,0.25
2023-06-01 01:00:00,28.3,3.6,160.0,0.25
2023-06-01 02:00:00,26.7,3.1,140.0,
2023-06-01 03:00:00,25.6,3.1,130.0,
2023-06-01 04:00:00,25.0,3.1,150.0,
2023-06-01 05:00:00,25.0,3.6,716.0,0.25
2023-06-01 06:00:00,24.45,3.35,145.0,0.25
2023-06-01 07:00:00,22.8,2.6,130.0,0.25
2023-06-01 08:00:00,22.8,2.1,150.0,0.25
2023-06-01 09:00:00,22.8,2.6,155.0,0.25
2023-06-01 10:00:00,22.2,2.6,170.0,0.25
2023-06-01 11:00:00,21.7,0.0,999.0,0.0
2023-06-01 12:00:00,23.9,2.6,180.0,0.0
2023-06-01 13:00:00,25.6,1.5,200.0,0.0
2023-06-01 14:00:00,26.7,3.1,180.0,0.5
2023-06-01 15:00:00,27.25,3.5999999999999996,180.0,0.5
2023-06-01 16:00:00,28.9,2.6,999.0,
2023-06-01 17:00:00,30.0,5.1,150.0,
2023-06-01 18:00:00,30.0,4.35,140.0,0.75
2023-06-01 19:00:00,31.7,4.1,170.0,
2023-06-01 20:00:00,30.6,6.2,180.0,
2023-06-01 21:00:00,30.85,6.45,160.0,0.75
2023-06-01 22:00:00,30.6,4.6,150.0,
2023-06-01 23:00:00,30.0,5.7,170.0,
2023-06-02 00:00:00,29.7,4.4,175.0,0.75
2023-06-02 01:00:00,28.3,2.6,160.0,
2023-06-02 02:00:00,26.7,3.1,130.0,
2023-06-02 03:00:00,26.15,2.85,130.0,0.75
2023-06-02 04:00:00,25.6,3.1,150.0,
2023-06-02 05:00:00,25.6,3.6,574.5,
2023-06-02 06:00:00,25.3,3.35,150.0,0.625
2023-06-02 07:00:00,23.3,0.0,999.0,0.25
2023-06-02 08:00:00,22.8,2.1,100.0,0.25
2023-06-02 09:00:00,22.8,2.35,115.0,0.25
2023-06-02 10:00:00,22.2,0.0,999.0,0.25
2023-06-02 11:00:00,21.7,2.1,130.0,0.25
2023-06-02 12:00:00,23.049999999999997,2.1,115.0,0.375
2023-06-02 13:00:00,26.1,0.0,999.0,0.5
2023-06-02 14:00:00,28.3,3.6,200.0,
2023-06-02 15:00:00,28.85,3.8499999999999996,185.0,0.75
2023-06-02 16:00:00,30.6,3.6,170.0,
2023-06-02 17:00:00,30.6,5.7,130.0,0.5
2023-06-02 18:00:00,30.85,5.4,155.0,0.5
2023-06-02 19:00:00,31.1,5.7,160.0,0.5
2023-06-02 20:00:00,31.7,5.7,170.0,
2023-06-02 21:00:00,31.950000000000003,6.2,165.0,0.625
2023-06-02 22:00:00,31.7,7.2,150.0,0.5
2023-06-02 23:00:00,31.7,5.1,160.0,0.5
2023-06-03 00:00:00,30.85,5.4,160.0,0.5
2023-06-03 01:00:00,28.9,3.6,170.0,0.5
2023-06-03 02:00:00,28.3,3.6,170.0,
2023-06-03 03:00:00,27.5,3.35,160.0,0.75
2023-06-03 04:00:00,27.2,3.6,230.0,
2023-06-03 05:00:00,24.45,11.8,529.6666666666666,
2023-06-03 06:00:00,22.96666666666667,8.566666666666666,310.0,0.75
2023-06-03 07:00:00,21.7,2.6,350.0,
2023-06-03 08:00:00,20.6,2.6,50.0,
2023-06-03 09:00:00,20.0,2.6,60.0,0.75
2023-06-03 10:00:00,20.6,2.6,100.0,
2023-06-03 11:00:00,20.6,2.6,100.0,
2023-06-03 12:00:00,21.4,1.3,549.5,0.75
2023-06-03 13:00:00,24.4,1.5,60.0,
2023-06-03 14:00:00,26.1,2.1,70.0,
2023-06-03 15:00:00,27.200000000000003,1.05,534.5,0.625
2023-06-03 16:00:00,29.4,2.1,999.0,
2023-06-03 17:00:00,30.6,4.1,130.0,
2023-06-03 18:00:00,30.85,4.35,145.0,0.75
2023-06-03 19:00:00,32.2,2.1,190.0,
2023-06-03 20:00:00,32.8,4.1,230.0,
2023-06-03 21:00:00,32.8,2.05,614.5,0.75
2023-06-03 22:00:00,32.8,1.5,40.0,
2023-06-03 23:00:00,27.200000000000003,10.3,35.0,
2023-06-04 00:00:00,25.366666666666664,7.566666666666667,56.666666666666664,0.75
2023-06-04 01:00:00,23.3,4.6,110.0,
2023-06-04 02:00:00,22.8,2.6,80.0,
2023-06-04 03:00:00,22.5,2.35,70.0,0.75
2023-06-04 04:00:00,21.7,2.1,50.0,
2023-06-04 05:00:00,21.7,1.5,514.5,
2023-06-04 06:00:00,21.7,0.75,514.5,0.75
2023-06-04 07:00:00,20.6,2.1,60.0,
2023-06-04 08:00:00,20.0,2.1,70.0,
2023-06-04 09:00:00,19.7,2.1,55.0,0.75
2023-06-04 10:00:00,19.4,2.6,10.0,
2023-06-04 11:00:00,20.0,2.1,10.0,
2023-06-04 12:00:00,20.85,1.05,504.5,0.75
2023-06-04 13:00:00,22.8,0.0,999.0,
2023-06-04 14:00:00,25.6,3.6,10.0,
2023-06-04 15:00:00,26.4,3.8499999999999996,20.0,0.75
2023-06-04 16:00:00,27.8,4.1,350.0,
2023-06-04 17:00:00,28.9,5.7,30.0,
2023-06-04 18:00:00,29.45,4.15,25.0,0.75
2023-06-04 19:00:00,30.0,5.1,40.0,
2023-06-04 20:00:00,31.1,4.1,330.0,0.5
2023-06-04 21:00:00,30.55,4.6,195.0,0.5
2023-06-04 22:00:00,30.0,7.2,20.0,0.5
2023-06-04 23:00:00,28.9,4.6,50.0,
2023-06-05 00:00:00,28.35,4.35,55.0,0.75
2023-06-05 01:00:00,26.1,3.6,210.0,
2023-06-05 02:00:00,24.4,4.1,220.0,
2023-06-05 03:00:00,24.4,3.5999999999999996,230.0,0.625
2023-06-05 04:00:00,23.9,2.6,290.0,
2023-06-05 05:00:00,23.3,3.1,659.5,0.5
2023-06-05 06:00:00,23.3,3.1,320.0,0.5
2023-06-05 07:00:00,21.65,9.25,110.0,
2023-06-05 08:00:00,21.05,3.8499999999999996,105.0,
2023-06-05 09:00:00,20.933333333333334,3.1,163.33333333333334,1.0
2023-06-05 10:00:00,20.6,2.1,360.0,
2023-06-05 11:00:00,20.0,0.0,999.0,
2023-06-05 12:00:00,20.55,1.05,504.5,0.75
2023-06-05 13:00:00,21.7,4.1,360.0,
2023-06-05 14:00:00,22.8,2.1,40.0,
2023-06-05 15:00:00,23.9,2.6,45.0,1.0
2023-06-05 16:00:00,26.7,5.7,100.0,
2023-06-05 17:00:00,26.7,3.6,80.0,
2023-06-05 18:00:00,26.95,3.6,65.0,0.75
2023-06-05 19:00:00,28.9,3.6,80.0,
2023-06-05 20:00:00,30.0,3.1,999.0,
2023-06-05 21:00:00,29.7,3.1,549.5,0.75
2023-06-05 22:00:00,29.4,3.6,120.0,
2023-06-05 23:00:00,29.4,2.6,100.0,
2023-06-06 00:00:00,28.85,2.85,95.0,0.75
2023-06-06 01:00:00,27.2,2.1,90.0,
2023-06-06 02:00:00,26.1,3.6,70.0,
2023-06-06 03:00:00,25.55,3.1,70.0,0.625
2023-06-06 04:00:00,25.0,1.5,130.0,0.5
2023-06-06 05:00:00,23.3,2.1,584.5,0.5
2023-06-06 06:00:00,23.3,1.8,175.0,0.5
2023-06-06 07:00:00,23.3,2.1,220.0,
2023-06-06 08:00:00,23.3,3.1,999.0,
2023-06-06 09:00:00,23.05,2.6,639.5,0.75
2023-06-06 10:00:00,21.7,1.5,330.0,0.5
2023-06-06 11:00:00,21.1,0.0,999.0,0.5
2023-06-06 12:00:00,22.200000000000003,0.0,999.0,0.5
2023-06-06 13:00:00,25.6,2.6,20.0,
2023-06-06 14:00:00,27.8,3.6,330.0,
2023-06-06 15:00:00,28.6,3.35,345.0,0.75
2023-06-06 16:00:00,30.6,1.5,90.0,0.5
2023-06-06 17:00:00,31.7,2.6,10.0,0.5
2023-06-06 18:00:00,30.96666666666667,4.133333333333334,40.0,0.5
2023-06-06 19:00:00,27.2,4.1,200.0,
2023-06-06 20:00:00,27.8,2.6,130.0,
2023-06-06 21:00:00,27.03333333333333,3.5999999999999996,170.0,0.75
2023-06-06 22:00:00,26.7,2.6,220.0,
2023-06-06 23:00:00,27.8,0.0,999.0,
2023-06-07 00:00:00,27.25,0.0,999.0,0.75
2023-06-07 01:00:00,25.6,2.6,20.0,
2023-06-07 02:00:00,25.0,4.6,30.0,
2023-06-07 03:00:00,24.45,2.3,514.5,0.625
2023-06-07 04:00:00,23.3,0.0,999.0,0.25
2023-06-07 05:00:00,22.8,0.0,999.0,0.0
2023-06-07 06:00:00,22.25,1.05,679.5,0.5
2023-06-07 07:00:00,21.1,2.1,10.0,0.0
2023-06-07 08:00:00,21.1,0.0,999.0,0.25
2023-06-07 09:00:00,21.4,0.75,674.5,0.125
2023-06-07 10:00:00,20.6,2.1,350.0,0.25
2023-06-07 11:00:00,22.2,2.6,330.0,0.5
2023-06-07 12:00:00,22.75,2.35,345.0,0.5
2023-06-07 13:00:00,24.4,0.0,999.0,0.5
2023-06-07 14:00:00,27.2,1.5,999.0,0.5
2023-06-07 15:00:00,28.299999999999997,1.5,664.5,0.5
2023-06-07 16:00:00,30.0,1.5,999.0,
2023-06-07 17:00:00,31.1,0.0,999.0,
2023-06-07 18:00:00,31.4,1.55,514.5,0.75
2023-06-07 19:00:00,32.2,2.1,999.0,
2023-06-07 20:00:00,31.7,0.0,999.0,
2023-06-07 21:00:00,32.5,1.05,999.0,0.75
2023-06-07 22:00:00,32.2,0.0,999.0,
2023-06-07 23:00:00,31.1,0.0,999.0,
2023-06-08 00:00:00,28.333333333333332,5.133333333333333,473.0,0.75
2023-06-08 01:00:00,23.9,2.1,60.0,
2023-06-08 02:00:00,23.35,3.5999999999999996,155.0,
2023-06-08 03:00:00,22.5,4.1,150.0,0.75
2023-06-08 04:00:00,23.3,3.1,230.0,0.5
2023-06-08 05:00:00,22.2,2.1,659.5,
2023-06-08 06:00:00,22.5,2.35,165.0,0.75
2023-06-08 07:00:00,22.2,2.6,10.0,
2023-06-08 08:00:00,22.8,0.0,999.0,
2023-06-08 09:00:00,22.25,0.0,999.0,0.75
2023-06-08 10:00:00,21.1,0.0,999.0,
2023-06-08 11:00:00,21.7,0.0,999.0,0.5
2023-06-08 12:00:00,23.35,1.3,504.5,0.5
2023-06-08 13:00:00,26.1,2.6,360.0,
2023-06-08 14:00:00,27.8,3.1,350.0,
2023-06-08 15:00:00,28.35,1.55,674.5,0.75
2023-06-08 16:00:00,28.9,2.1,999.0,
2023-06-08 17:00:00,29.4,3.6,190.0,
2023-06-08 18:00:00,30.0,3.1,594.5,0.75
2023-06-08 19:00:00,31.7,2.1,999.0,0.5
2023-06-08 20:00:00,32.8,1.5,999.0,
2023-06-08 21:00:00,32.5,1.8,999.0,0.75
2023-06-08 22:00:00,32.2,2.6,170.0,
2023-06-08 23:00:00,29.4,8.2,180.0,
2023-06-09 00:00:00,27.75,9.15,187.5,0.75
2023-06-09 01:00:00,24.15,6.7,200.0,
2023-06-09 02:00:00,24.4,4.6,210.0,
2023-06-09 03:00:00,24.4,3.05,205.0,0.75
2023-06-09 04:00:00,24.4,2.6,220.0,
2023-06-09 05:00:00,22.8,1.5,584.5,
2023-06-09 06:00:00,22.5,1.8,170.0,0.625
2023-06-09 07:00:00,22.2,1.5,130.0,0.25
2023-06-09 08:00:00,21.7,2.1,170.0,0.25
2023-06-09 09:00:00,21.4,2.1,165.0,0.375
2023-06-09 10:00:00,21.1,2.6,180.0,0.5
2023-06-09 11:00:00,21.7,2.1,180.0,0.5
2023-06-09 12:00:00,22.5,3.0999999999999996,190.0,0.375
2023-06-09 13:00:00,25.6,3.1,210.0,0.25
2023-06-09 14:00:00,27.8,0.0,999.0,0.25
2023-06-09 15:00:00,28.9,0.0,999.0,0.25
2023-06-09 16:00:00,31.7,1.5,220.0,0.25
2023-06-09 17:00:00,33.3,3.6,200.0,0.5
2023-06-09 18:00:00,33.599999999999994,3.1,170.0,0.5
2023-06-09 19:00:00,34.4,4.6,190.0,0.5
2023-06-09 20:00:00,34.4,2.6,170.0,0.5
2023-06-09 21:00:00,34.7,1.3,584.5,0.5
2023-06-09 22:00:00,35.0,0.0,999.0,0.25
2023-06-09 23:00:00,34.4,2.1,170.0,0.5
2023-06-10 00:00:00,33.599999999999994,2.85,170.0,0.5
2023-06-10 01:00:00,31.7,3.6,160.0,
2023-06-10 02:00:00,30.6,4.1,150.0,0.5
2023-06-10 03:00:00,30.0,4.35,145.0,0.5
2023-06-10 04:00:00,28.9,3.6,160.0,
2023-06-10 05:00:00,28.3,5.7,584.5,
2023-06-10 06:00:00,28.05,4.9,175.0,1.0
2023-06-10 07:00:00,27.8,4.6,170.0,
2023-06-10 08:00:00,27.2,3.6,170.0,
2023-06-10 09:00:00,27.5,4.35,180.0,1.0
2023-06-10 10:00:00,27.8,7.2,200.0,
2023-06-10 11:00:00,26.7,6.7,210.0,
2023-06-10 12:00:00,26.95,5.65,200.0,0.75
2023-06-10 13:00:00,28.9,4.6,200.0,
2023-06-10 14:00:00,31.7,6.2,320.0,0.5
2023-06-10 15:00:00,31.8,7.400000000000001,113.33333333333333,0.25
2023-06-10 16:00:00,32.8,2.6,40.0,0.5
2023-06-10 17:00:00,32.2,6.2,80.0,0.5
2023-06-10 18:00:00,32.2,6.2,90.0,0.5
2023-06-10 19:00:00,33.3,6.2,140.0,0.5
2023-06-10 20:00:00,33.9,5.7,110.0,0.5
2023-06-10 21:00:00,34.15,6.2,120.0,0.5
2023-06-10 22:00:00,32.8,5.1,110.0,
2023-06-10 23:00:00,29.4,4.1,120.0,
2023-06-11 00:00:00,28.85,4.35,115.0,0.75
2023-06-11 01:00:00,26.7,4.1,130.0,
2023-06-11 02:00:00,25.0,4.1,120.0,0.25
2023-06-11 03:00:00,24.7,3.5999999999999996,145.0,0.25
2023-06-11 04:00:00,24.4,6.2,210.0,0.0
2023-06-11 05:00:00,23.9,5.7,599.5,0.25
2023-06-11 06:00:00,23.9,4.65,200.0,0.25
2023-06-11 07:00:00,23.3,3.6,180.0,0.5
2023-06-11 08:00:00,22.8,5.1,190.0,0.5
2023-06-11 09:00:00,22.5,3.8499999999999996,185.0,0.5
2023-06-11 10:00:00,23.3,5.7,210.0,0.25
2023-06-11 11:00:00,23.9,3.6,220.0,0.25
2023-06-11 12:00:00,24.45,3.8499999999999996,240.0,0.25
2023-06-11 13:00:00,26.7,2.6,260.0,0.25
2023-06-11 14:00:00,28.3,4.1,250.0,0.25
2023-06-11 15:00:00,29.15,4.35,250.0,0.25
2023-06-11 16:00:00,32.2,3.1,260.0,0.0
2023-06-11 17:00:00,33.3,2.6,290.0,0.25
2023-06-11 18:00:00,33.849999999999994,3.1,265.0,0.25
2023-06-11 19:00:00,35.6,0.0,999.0,0.25
2023-06-11 20:00:00,35.6,2.1,230.0,0.25
2023-06-11 21:00:00,35.85,2.1,614.5,0.375
2023-06-11 22:00:00,37.2,1.5,999.0,
2023-06-11 23:00:00,33.9,4.6,90.0,
2023-06-12 00:00:00,32.65,4.625,127.5,0.75
2023-06-12 01:00:00,23.3,5.1,170.0,
2023-06-12 02:00:00,24.15,5.8999999999999995,155.0,
2023-06-12 03:00:00,23.9,2.55,100.0,1.0
2023-06-12 04:00:00,23.9,4.1,230.0,
2023-06-12 05:00:00,22.2,0.0,999.0,0.5
2023-06-12 06:00:00,22.5,0.0,999.0,0.5
2023-06-12 07:00:00,23.3,2.6,10.0,
2023-06-12 08:00:00,24.4,3.1,320.0,
2023-06-12 09:00:00,24.15,3.35,175.0,1.0
2023-06-12 10:00:00,22.8,3.1,60.0,0.5
2023-06-12 11:00:00,22.8,5.1,70.0,
2023-06-12 12:00:00,23.05,4.6,60.0,0.75
2023-06-12 13:00:00,23.9,5.1,40.0,
2023-06-12 14:00:00,24.4,6.2,50.0,
2023-06-12 15:00:00,24.266666666666666,7.366666666666666,33.333333333333336,1.0
2023-06-12 16:00:00,20.6,10.3,20.0,
2023-06-12 17:00:00,23.35,8.75,70.0,
2023-06-12 18:00:00,26.1,6.7,85.0,0.75
2023-06-12 19:00:00,28.3,6.2,100.0,
2023-06-12 20:00:00,28.3,3.6,90.0,
2023-06-12 21:00:00,29.15,4.9,110.0,0.5
2023-06-12 22:00:00,29.4,4.6,100.0,
2023-06-12 23:00:00,29.4,3.1,90.0,
2023-06-13 00:00:00,29.15,3.1,90.0,0.75
2023-06-13 01:00:00,27.2,4.1,90.0,0.25
2023-06-13 02:00:00,25.6,4.1,70.0,0.5
2023-06-13 03:00:00,25.3,3.5999999999999996,75.0,0.5
2023-06-13 04:00:00,23.9,4.6,80.0,0.5
2023-06-13 05:00:00,23.3,4.1,534.5,0.5
2023-06-13 06:00:00,23.05,3.8499999999999996,75.0,0.375
2023-06-13 07:00:00,22.2,4.1,80.0,0.5
2023-06-13 08:00:00,22.8,4.6,60.0,
2023-06-13 09:00:00,22.400000000000002,4.1,53.333333333333336,1.0
2023-06-13 10:00:00,22.2,4.6,60.0,
2023-06-13 11:00:00,22.03333333333333,8.566666666666668,173.33333333333334,
2023-06-13 12:00:00,21.86,7.82,381.8,1.0
2023-06-13 13:00:00,21.4,5.125,30.0,
2023-06-13 14:00:00,20.85,3.8499999999999996,70.0,
2023-06-13 15:00:00,21.1,3.6,73.33333333333333,1.0
2023-06-13 16:00:00,21.7,4.1,80.0,
2023-06-13 17:00:00,22.75,4.1,90.0,
2023-06-13 18:00:00,24.03333333333333,3.4333333333333336,86.66666666666667,1.0
2023-06-13 19:00:00,24.8,2.066666666666667,60.0,
2023-06-13 20:00:00,25.6,1.8,45.0,
2023-06-13 21:00:00,25.725,2.6,55.0,1.0
2023-06-13 22:00:00,25.55,2.6,60.0,
2023-06-13 23:00:00,25.0,2.35,50.0,
2023-06-14 00:00:00,25.0,1.9000000000000001,63.333333333333336,1.0
2023-06-14 01:00:00,25.3,1.5,55.0,
2023-06-14 02:00:00,25.0,0.0,999.0,
2023-06-14 03:00:00,25.3,1.3,509.5,0.75
2023-06-14 04:00:00,24.4,1.5,50.0,
2023-06-14 05:00:00,25.0,2.35,343.0,
2023-06-14 06:00:00,24.45,2.6,190.0,1.0
2023-06-14 07:00:00,24.23333333333333,2.2333333333333334,243.33333333333334,
2023-06-14 08:00:00,24.2,3.1,10.0,
2023-06-14 09:00:00,24.066666666666663,2.4333333333333336,36.666666666666664,0.75
2023-06-14 10:00:00,24.099999999999998,1.2,406.3333333333333,
2023-06-14 11:00:00,23.9,2.1,130.0,
2023-06-14 12:00:00,24.433333333333334,2.4333333333333336,143.33333333333334,1.0
2023-06-14 13:00:00,25.6,2.6,190.0,
2023-06-14 14:00:00,26.1,4.1,200.0,
2023-06-14 15:00:00,26.65,3.3499999999999996,190.0,1.0
2023-06-14 16:00:00,28.133333333333336,0.0,999.0,
2023-06-14 17:00:00,29.4,3.1,350.0,
2023-06-14 18:00:00,30.15,3.475,187.5,0.625
2023-06-14 19:00:00,30.53333333333333,4.6,20.0,0.5
2023-06-14 20:00:00,31.7,5.1,350.0,0.5
2023-06-14 21:00:00,32.25,4.35,350.0,0.5
2023-06-14 22:00:00,31.7,3.1,30.0,
2023-06-14 23:00:00,32.2,3.6,20.0,
2023-06-15 00:00:00,31.400000000000002,1.8,509.5,0.625
2023-06-15 01:00:00,28.9,2.6,10.0,0.5
2023-06-15 02:00:00,28.9,3.6,40.0,
2023-06-15 03:00:00,28.475,3.1,55.0,0.5833333333333334
2023-06-15 04:00:00,27.2,1.5,100.0,0.25
2023-06-15 05:00:00,26.1,0.0,999.0,0.0
2023-06-15 06:00:00,25.6,1.5,150.0,0.0
2023-06-15 07:00:00,24.4,1.5,50.0,0.0
2023-06-15 08:00:00,24.4,2.1,50.0,
2023-06-15 09:00:00,24.4,2.1,170.0,
2023-06-15 10:00:00,24.4,1.5,130.0,
2023-06-15 11:00:00,24.7,0.75,549.5,0.5
2023-06-15 12:00:00,26.1,3.1,140.0,
2023-06-15 13:00:00,28.3,2.6,150.0,
2023-06-15 14:00:00,29.4,3.6,170.0,0.25
2023-06-15 15:00:00,30.25,3.35,165.0,0.375
2023-06-15 16:00:00,31.7,2.1,150.0,0.5
2023-06-15 17:00:00,32.2,6.2,170.0,
2023-06-15 18:00:00,32.2,5.15,160.0,0.625
2023-06-15 19:00:00,33.3,6.2,130.0,0.5
2023-06-15 20:00:00,33.3,6.2,150.0,
2023-06-15 21:00:00,33.599999999999994,6.2,150.0,0.75
2023-06-15 22:00:00,33.3,7.7,140.0,
2023-06-15 23:00:00,32.8,7.7,140.0,
2023-06-16 00:00:00,32.25,7.949999999999999,145.0,0.75
2023-06-16 01:00:00,31.7,6.7,140.0,
2023-06-16 02:00:00,31.1,6.2,170.0,
2023-06-16 03:00:00,30.85,5.65,115.0,1.0
2023-06-16 04:00:00,25.0,5.1,80.0,
2023-06-16 05:00:00,24.2,3.3499999999999996,349.6666666666667,
2023-06-16 06:00:00,24.266666666666666,4.266666666666667,66.66666666666667,0.75
2023-06-16 07:00:00,24.45,6.2,55.0,
2023-06-16 08:00:00,23.45,7.7,120.0,
2023-06-16 09:00:00,23.35,7.45,125.0,0.75
2023-06-16 10:00:00,22.2,9.3,150.0,
2023-06-16 11:00:00,22.8,7.7,160.0,0.25
2023-06-16 12:00:00,23.35,7.7,160.0,0.125
2023-06-16 13:00:00,26.1,5.7,170.0,0.25
2023-06-16 14:00:00,27.2,4.6,175.0,
2023-06-16 15:00:00,27.75,3.8499999999999996,190.0,1.0
2023-06-16 16:00:00,30.0,4.85,225.0,
2023-06-16 17:00:00,32.2,2.6,220.0,
2023-06-16 18:00:00,32.75,2.85,609.5,0.75
2023-06-16 19:00:00,35.0,2.6,30.0,
2023-06-16 20:00:00,35.0,2.1,999.0,
2023-06-16 21:00:00,35.0,3.5999999999999996,679.5,0.75
2023-06-16 22:00:00,33.3,7.2,360.0,0.5
2023-06-16 23:00:00,30.6,8.2,10.0,0.5
2023-06-17 00:00:00,29.75,7.949999999999999,15.0,0.5
2023-06-17 01:00:00,27.8,5.1,30.0,0.5
2023-06-17 02:00:00,26.7,3.1,30.0,0.5
2023-06-17 03:00:00,26.7,3.1,40.0,0.5
2023-06-17 04:00:00,26.7,0.0,999.0,
2023-06-17 05:00:00,25.0,2.6,529.5,0.25
2023-06-17 06:00:00,24.7,2.85,55.0,0.25
2023-06-17 07:00:00,23.9,2.1,60.0,0.25
2023-06-17 08:00:00,24.4,2.1,60.0,
2023-06-17 09:00:00,24.4,3.0999999999999996,45.0,0.75
2023-06-17 10:00:00,23.3,2.6,40.0,
2023-06-17 11:00:00,23.9,2.1,50.0,0.5
2023-06-17 12:00:00,24.45,2.6,85.0,0.5
2023-06-17 13:00:00,27.2,3.6,120.0,
2023-06-17 14:00:00,27.8,3.8499999999999996,90.0,
2023-06-17 15:00:00,28.333333333333332,2.9,113.33333333333333,0.625
2023-06-17 16:00:00,30.6,5.1,140.0,0.5
2023-06-17 17:00:00,32.2,5.1,170.0,
2023-06-17 18:00:00,32.75,4.85,160.0,0.625
2023-06-17 19:00:00,34.4,5.1,140.0,0.5
2023-06-17 20:00:00,35.0,4.1,160.0,0.5
2023-06-17 21:00:00,35.0,4.6,145.0,0.5
2023-06-17 22:00:00,34.4,5.1,180.0,
2023-06-17 23:00:00,33.3,5.1,150.0,
2023-06-18 00:00:00,32.75,5.65,150.0,0.75
2023-06-18 01:00:00,31.7,5.1,160.0,
2023-06-18 02:00:00,31.1,8.2,170.0,
2023-06-18 03:00:00,30.55,5.8999999999999995,185.0,1.0
2023-06-18 04:00:00,27.8,3.1,30.0,
2023-06-18 05:00:00,29.4,4.1,579.5,
2023-06-18 06:00:00,28.85,3.3499999999999996,170.0,0.75
2023-06-18 07:00:00,27.8,3.1,180.0,
2023-06-18 08:00:00,26.700000000000003,8.75,15.0,
2023-06-18 09:00:00,25.6,5.65,30.0,0.75
2023-06-18 10:00:00,25.0,5.1,60.0,
2023-06-18 11:00:00,23.9,3.1,70.0,0.75
2023-06-18 12:00:00,24.4,3.6,45.0,
2023-06-18 13:00:00,25.0,2.6,70.0,
2023-06-18 14:00:00,26.1,2.1,20.0,
2023-06-18 15:00:00,27.233333333333334,1.7,672.6666666666666,0.6666666666666666
2023-06-18 16:00:00,29.15,4.1,20.0,
2023-06-18 17:00:00,29.15,3.3499999999999996,674.5,0.375
2023-06-18 18:00:00,30.0,2.35,679.5,0.25
2023-06-18 19:00:00,31.7,5.7,20.0,0.25
2023-06-18 20:00:00,32.8,0.0,999.0,0.25
2023-06-18 21:00:00,33.05,1.55,679.5,0.25
2023-06-18 22:00:00,33.9,2.6,999.0,0.25
2023-06-18 23:00:00,33.3,1.5,999.0,0.0
2023-06-19 00:00:00,32.5,2.3,519.5,0.0
2023-06-19 01:00:00,29.4,2.6,40.0,0.0
2023-06-19 02:00:00,27.8,2.6,20.0,0.0
2023-06-19 03:00:00,27.5,3.1,20.0,0.0
2023-06-19 04:00:00,26.1,3.1,40.0,0.0
2023-06-19 05:00:00,25.6,2.6,524.5,0.0
2023-06-19 06:00:00,25.3,2.35,75.0,0.0
2023-06-19 07:00:00,24.4,2.1,110.0,0.0
2023-06-19 08:00:00,23.9,2.6,130.0,0.0
2023-06-19 09:00:00,23.9,2.85,140.0,0.25
2023-06-19 10:00:00,23.9,3.1,110.0,0.25
2023-06-19 11:00:00,23.9,2.1,110.0,0.25
2023-06-19 12:00:00,25.299999999999997,2.85,110.0,0.125
2023-06-19 13:00:00,27.8,5.1,120.0,0.25
2023-06-19 14:00:00,28.9,4.6,110.0,0.25
2023-06-19 15:00:00,30.0,4.85,120.0,0.25
2023-06-19 16:00:00,32.8,3.6,150.0,0.25
2023-06-19 17:00:00,33.9,6.7,150.0,0.25
2023-06-19 18:00:00,34.75,6.95,165.0,0.25
2023-06-19 19:00:00,35.6,7.7,150.0,0.25
2023-06-19 20:00:00,36.7,5.1,160.0,0.25
2023-06-19 21:00:00,36.7,5.65,155.0,0.25
2023-06-19 22:00:00,36.1,5.7,150.0,0.25
2023-06-19 23:00:00,35.6,7.2,130.0,0.25
2023-06-20 00:00:00,35.0,6.15,135.0,0.25
2023-06-20 01:00:00,33.9,5.7,150.0,0.25
2023-06-20 02:00:00,32.8,4.6,150.0,0.25
2023-06-20 03:00:00,32.5,3.8499999999999996,130.0,0.125
2023-06-20 04:00:00,30.6,4.1,120.0,0.0
2023-06-20 05:00:00,30.6,2.6,549.5,0.25
2023-06-20 06:00:00,30.3,4.15,110.0,0.25
2023-06-20 07:00:00,29.4,4.1,140.0,
2023-06-20 08:00:00,28.9,3.6,150.0,
2023-06-20 09:00:00,28.6,3.6,145.0,0.625
2023-06-20 10:00:00,27.8,4.6,160.0,
2023-06-20 11:00:00,27.2,5.7,140.0,
2023-06-20 12:00:00,27.5,5.15,145.0,0.75
2023-06-20 13:00:00,28.3,5.4,160.0,
2023-06-20 14:00:00,28.3,6.7,170.0,
2023-06-20 15:00:00,29.233333333333334,6.366666666666667,166.66666666666666,1.0
2023-06-20 16:00:00,31.05,5.15,170.0,0.5
2023-06-20 17:00:00,32.8,4.1,170.0,0.25
2023-06-20 18:00:00,33.599999999999994,4.1,175.0,0.25
2023-06-20 19:00:00,35.0,5.1,150.0,0.25
2023-06-20 20:00:00,36.1,4.6,170.0,0.5
2023-06-20 21:00:00,36.400000000000006,4.35,140.0,0.5
2023-06-20 22:00:00,36.1,4.1,130.0,0.5
2023-06-20 23:00:00,35.6,5.1,130.0,0.5
2023-06-21 00:00:00,34.75,4.6,125.0,0.5
2023-06-21 01:00:00,33.3,5.1,100.0,
2023-06-21 02:00:00,32.2,5.7,110.0,
2023-06-21 03:00:00,31.950000000000003,5.4,115.0,0.75
2023-06-21 04:00:00,31.1,4.1,120.0,
2023-06-21 05:00:00,30.6,3.1,559.5,
2023-06-21 06:00:00,30.3,3.35,105.0,0.75
2023-06-21 07:00:00,29.4,5.7,110.0,0.25
2023-06-21 08:00:00,28.9,4.6,110.0,0.5
2023-06-21 09:00:00,28.933333333333334,5.133333333333333,116.66666666666667,0.5
2023-06-21 10:00:00,28.9,4.1,130.0,
2023-06-21 11:00:00,28.3,3.6,120.0,
2023-06-21 12:00:00,28.6,3.1,120.0,1.0
2023-06-21 13:00:00,29.45,4.6,125.0,
2023-06-21 14:00:00,31.1,4.1,120.0,
2023-06-21 15:00:00,31.95,4.6,100.0,0.75
2023-06-21 16:00:00,33.3,5.1,110.0,
2023-06-21 17:00:00,32.2,4.6,100.0,
2023-06-21 18:00:00,32.150000000000006,4.875,97.5,0.75
2023-06-21 19:00:00,32.0,4.9,65.0,
2023-06-21 20:00:00,30.03333333333333,5.916666666666667,46.666666666666664,
2023-06-21 21:00:00,27.525,6.925,100.0,1.0
2023-06-21 22:00:00,26.7,5.1,100.0,
2023-06-21 23:00:00,28.3,3.1,90.0,
2023-06-22 00:00:00,28.85,3.8499999999999996,95.0,0.625
2023-06-22 01:00:00,28.3,3.6,110.0,0.5
2023-06-22 02:00:00,27.8,2.1,100.0,
2023-06-22 03:00:00,27.25,2.1,80.0,0.75
2023-06-22 04:00:00,26.7,2.6,20.0,
2023-06-22 05:00:00,27.2,3.1,504.5,
2023-06-22 06:00:00,26.4,3.8499999999999996,70.0,1.0
2023-06-22 07:00:00,26.1,4.6,90.0,
2023-06-22 08:00:00,26.1,4.1,100.0,
2023-06-22 09:00:00,26.1,3.3499999999999996,100.0,1.0
2023-06-22 10:00:00,25.6,3.1,90.0,
2023-06-22 11:00:00,26.1,3.1,100.0,
2023-06-22 12:00:00,26.4,3.35,95.0,0.75
2023-06-22 13:00:00,27.8,5.1,110.0,
2023-06-22 14:00:00,28.9,4.6,100.0,0.5
2023-06-22 15:00:00,29.433333333333334,4.933333333333333,110.0,0.5
2023-06-22 16:00:00,30.0,4.266666666666667,103.33333333333333,
2023-06-22 17:00:00,30.0,3.35,190.0,
2023-06-22 18:00:00,30.566666666666666,2.2333333333333334,439.6666666666667,0.75
2023-06-22 19:00:00,31.1,5.1,170.0,
2023-06-22 20:00:00,31.7,3.6,110.0,
2023-06-22 21:00:00,31.7,3.1,130.0,1.0
2023-06-22 22:00:00,31.7,4.1,110.0,
2023-06-22 23:00:00,31.7,2.6,90.0,
2023-06-23 00:00:00,31.1,4.1,100.0,
2023-06-23 01:00:00,30.6,4.1,100.0,
2023-06-23 02:00:00,29.4,3.1,90.0,
2023-06-23 03:00:00,29.15,4.65,110.0,0.75
2023-06-23 04:00:00,28.3,3.6,130.0,
2023-06-23 05:00:00,27.8,4.1,569.5,0.5
2023-06-23 06:00:00,27.25,3.5999999999999996,135.0,0.375
2023-06-23 07:00:00,26.7,4.1,150.0,0.25
2023-06-23 08:00:00,26.1,2.6,100.0,0.5
2023-06-23 09:00:00,26.1,2.6,95.0,0.5
2023-06-23 10:00:00,25.6,2.6,100.0,0.5
2023-06-23 11:00:00,25.6,3.1,100.0,0.5
2023-06-23 12:00:00,26.15,3.1,115.0,0.5
2023-06-23 13:00:00,28.3,5.7,120.0,0.5
2023-06-23 14:00:00,28.9,5.1,130.0,
2023-06-23 15:00:00,28.53333333333333,4.933333333333333,146.66666666666666,0.75
2023-06-23 16:00:00,27.5,4.35,145.0,
2023-06-23 17:00:00,30.6,7.2,140.0,0.5
2023-06-23 18:00:00,30.900000000000002,5.833333333333333,150.0,0.5
2023-06-23 19:00:00,31.066666666666666,2.766666666666667,156.66666666666666,
2023-06-23 20:00:00,30.733333333333334,3.266666666666667,130.0,
2023-06-23 21:00:00,31.95,3.8499999999999996,85.0,0.75
2023-06-23 22:00:00,28.9,8.2,40.0,
2023-06-23 23:00:00,28.3,5.1,100.0,
2023-06-24 00:00:00,28.05,4.35,110.0,0.625
2023-06-24 01:00:00,26.1,2.6,160.0,0.25
2023-06-24 02:00:00,26.1,4.6,170.0,0.25
2023-06-24 03:00:00,26.1,3.8499999999999996,165.0,0.375
2023-06-24 04:00:00,26.1,0.0,999.0,0.5
2023-06-24 05:00:00,26.1,4.1,584.5,
2023-06-24 06:00:00,26.4,4.6,180.0,0.75
2023-06-24 07:00:00,26.1,6.7,160.0,
2023-06-24 08:00:00,26.7,4.1,150.0,
2023-06-24 09:00:00,26.15,3.8499999999999996,130.0,0.75
2023-06-24 10:00:00,24.4,1.5,110.0,
2023-06-24 11:00:00,25.6,0.0,999.0,
2023-06-24 12:00:00,26.700000000000003,1.8,599.5,0.625
2023-06-24 13:00:00,29.4,5.7,190.0,0.25
2023-06-24 14:00:00,31.1,5.7,170.0,0.0
2023-06-24 15:00:00,31.650000000000002,6.2,170.0,0.0
2023-06-24 16:00:00,33.3,6.7,180.0,0.25
2023-06-24 17:00:00,34.4,8.2,160.0,0.25
2023-06-24 18:00:00,35.0,8.5,175.0,0.25
2023-06-24 19:00:00,36.1,9.3,170.0,0.25
2023-06-24 20:00:00,37.2,8.2,190.0,0.0
2023-06-24 21:00:00,36.95,8.5,175.0,0.0
2023-06-24 22:00:00,36.7,5.7,160.0,0.0
2023-06-24 23:00:00,36.1,8.2,170.0,0.0
2023-06-25 00:00:00,35.55,7.449999999999999,165.0,0.0
2023-06-25 01:00:00,33.3,7.2,160.0,0.0
2023-06-25 02:00:00,32.2,6.2,160.0,0.0
2023-06-25 03:00:00,31.950000000000003,6.45,165.0,0.0
2023-06-25 04:00:00,31.1,6.7,170.0,0.0
2023-06-25 05:00:00,30.6,6.2,584.5,0.0
2023-06-25 06:00:00,30.3,6.7,175.0,0.0
2023-06-25 07:00:00,29.4,7.7,190.0,0.25
2023-06-25 08:00:00,28.9,4.6,200.0,0.5
2023-06-25 09:00:00,28.6,5.9,190.0,0.5
2023-06-25 10:00:00,27.8,7.2,170.0,0.5
2023-06-25 11:00:00,27.8,4.1,170.0,0.5
2023-06-25 12:00:00,28.05,4.9,175.0,0.5
2023-06-25 13:00:00,30.0,7.2,180.0,0.5
2023-06-25 14:00:00,31.7,6.2,200.0,
2023-06-25 15:00:00,32.5,6.7,200.0,0.625
2023-06-25 16:00:00,35.0,6.2,180.0,0.25
2023-06-25 17:00:00,35.6,5.7,180.0,0.25
2023-06-25 18:00:00,36.150000000000006,6.2,185.0,0.25
2023-06-25 19:00:00,37.2,8.2,170.0,0.0
2023-06-25 20:00:00,37.8,7.7,180.0,0.0
2023-06-25 21:00:00,37.2,6.7,180.0,
2023-06-25 22:00:00,36.7,8.8,170.0,0.0
2023-06-25 23:00:00,36.7,6.7,170.0,0.0
2023-06-26 00:00:00,36.150000000000006,7.2,170.0,0.0
2023-06-26 01:00:00,34.4,5.7,170.0,0.25
2023-06-26 02:00:00,33.3,6.7,180.0,0.0
2023-06-26 03:00:00,33.05,6.45,180.0,0.0
2023-06-26 04:00:00,32.8,6.7,200.0,0.0
2023-06-26 05:00:00,32.2,6.2,594.5,0.0
2023-06-26 06:00:00,31.650000000000002,5.4,190.0,0.0
2023-06-26 07:00:00,30.6,4.6,180.0,0.0
2023-06-26 08:00:00,29.4,2.6,160.0,0.0
2023-06-26 09:00:00,28.85,3.1,165.0,0.0
2023-06-26 10:00:00,27.8,3.6,150.0,0.25
2023-06-26 11:00:00,27.8,3.6,150.0,0.25
2023-06-26 12:00:00,28.35,4.35,160.0,0.25
2023-06-26 13:00:00,30.0,4.1,180.0,0.0
2023-06-26 14:00:00,31.7,4.6,170.0,0.0
2023-06-26 15:00:00,32.5,4.85,160.0,0.0
2023-06-26 16:00:00,35.6,6.2,200.0,0.25
2023-06-26 17:00:00,36.7,4.6,200.0,0.25
2023-06-26 18:00:00,36.95,5.9,195.0,0.25
2023-06-26 19:00:00,37.2,5.1,180.0,0.25
2023-06-26 20:00:00,37.8,5.666666666666667,166.66666666666666,0.16666666666666666
2023-06-26 21:00:00,37.8,7.449999999999999,165.0,0.25
2023-06-26 22:00:00,37.2,7.7,160.0,0.0
2023-06-26 23:00:00,36.1,7.2,170.0,0.0
2023-06-27 00:00:00,35.55,6.15,165.0,0.0
2023-06-27 01:00:00,33.9,6.2,160.0,0.0
2023-06-27 02:00:00,32.8,5.1,150.0,0.0
2023-06-27 03:00:00,32.5,5.9,150.0,0.0
2023-06-27 04:00:00,31.7,4.6,170.0,0.0
2023-06-27 05:00:00,30.6,5.1,584.5,0.0
2023-06-27 06:00:00,30.3,4.85,165.0,0.0
2023-06-27 07:00:00,28.9,3.1,160.0,0.0
2023-06-27 08:00:00,28.3,4.1,160.0,0.0
2023-06-27 09:00:00,28.05,3.8499999999999996,155.0,0.0
2023-06-27 10:00:00,26.7,4.6,150.0,0.25
2023-06-27 11:00:00,26.7,6.7,170.0,0.25
2023-06-27 12:00:00,26.95,5.4,175.0,0.25
2023-06-27 13:00:00,29.4,7.2,200.0,0.25
2023-06-27 14:00:00,30.6,9.3,200.0,0.25
2023-06-27 15:00:00,31.7,7.75,205.0,0.25
2023-06-27 16:00:00,35.0,5.7,190.0,0.25
2023-06-27 17:00:00,35.6,4.6,200.0,0.25
2023-06-27 18:00:00,36.400000000000006,5.4,195.0,0.25
2023-06-27 19:00:00,38.3,4.6,190.0,0.0
2023-06-27 20:00:00,38.9,6.2,160.0,0.0
2023-06-27 21:00:00,38.9,5.4,165.0,0.0
2023-06-27 22:00:00,38.3,7.7,170.0,0.0
2023-06-27 23:00:00,37.8,6.7,180.0,0.0
2023-06-28 00:00:00,36.95,6.95,170.0,0.0
2023-06-28 01:00:00,34.4,6.7,160.0,0.0
2023-06-28 02:00:00,33.3,6.2,180.0,0.0
2023-06-28 03:00:00,33.05,6.2,180.0,0.0
2023-06-28 04:00:00,31.7,5.1,180.0,0.0
2023-06-28 05:00:00,31.1,6.2,594.5,0.0
2023-06-28 06:00:00,30.85,6.45,190.0,0.0
2023-06-28 07:00:00,29.4,7.2,190.0,0.0
2023-06-28 08:00:00,28.9,5.1,190.0,0.0
2023-06-28 09:00:00,28.35,5.65,190.0,0.0
2023-06-28 10:00:00,27.2,4.1,170.0,0.25
2023-06-28 11:00:00,26.7,3.1,180.0,0.25
2023-06-28 12:00:00,26.95,3.5999999999999996,170.0,0.25
2023-06-28 13:00:00,28.3,5.7,170.0,0.25
2023-06-28 14:00:00,30.0,6.2,170.0,0.0
2023-06-28 15:00:00,31.1,6.2,185.0,0.0
2023-06-28 16:00:00,33.9,7.2,180.0,0.0
2023-06-28 17:00:00,35.0,6.7,180.0,0.0
2023-06-28 18:00:00,35.55,7.2,175.0,0.0
2023-06-28 19:00:00,37.8,8.2,170.0,0.25
2023-06-28 20:00:00,37.8,7.2,160.0,0.0
2023-06-28 21:00:00,37.8,7.2,170.0,0.0
2023-06-28 22:00:00,37.2,7.7,160.0,0.25
2023-06-28 23:00:00,36.7,6.7,160.0,0.25
2023-06-29 00:00:00,35.85,6.7,165.0,0.25
2023-06-29 01:00:00,33.9,7.2,170.0,0.0
2023-06-29 02:00:00,32.8,6.7,160.0,0.0
2023-06-29 03:00:00,32.25,6.2,165.0,0.0
2023-06-29 04:00:00,30.6,4.1,170.0,0.0
2023-06-29 05:00:00,29.4,4.6,584.5,0.0
2023-06-29 06:00:00,29.4,4.6,170.0,0.0
2023-06-29 07:00:00,28.9,4.6,180.0,0.0
2023-06-29 08:00:00,28.9,6.2,190.0,0.0
2023-06-29 09:00:00,28.35,5.65,195.0,0.0
2023-06-29 10:00:00,27.2,4.6,190.0,0.0
2023-06-29 11:00:00,26.7,4.6,190.0,0.0
2023-06-29 12:00:00,27.25,5.9,195.0,0.0
2023-06-29 13:00:00,29.4,7.2,200.0,0.0
2023-06-29 14:00:00,31.1,7.2,210.0,0.0
2023-06-29 15:00:00,32.8,5.1,200.0,0.0
2023-06-29 16:00:00,34.4,6.2,200.0,
2023-06-29 17:00:00,35.6,5.1,220.0,0.0
2023-06-29 18:00:00,36.1,4.1,200.0,0.0
2023-06-29 19:00:00,37.2,6.2,150.0,0.0
2023-06-29 20:00:00,38.3,6.2,200.0,0.0
2023-06-29 21:00:00,38.05,5.65,180.0,0.0
2023-06-29 22:00:00,37.2,5.7,180.0,0.0
2023-06-29 23:00:00,36.7,7.7,170.0,0.25
2023-06-30 00:00:00,35.0,5.1,160.0,0.25
2023-06-30 01:00:00,33.9,6.7,150.0,0.25
2023-06-30 02:00:00,32.2,5.7,140.0,0.25
2023-06-30 03:00:00,31.950000000000003,5.95,145.0,0.25
2023-06-30 04:00:00,31.1,5.1,160.0,0.0
2023-06-30 05:00:00,30.6,5.7,584.5,0.0
2023-06-30 06:00:00,30.0,5.15,165.0,0.0
2023-06-30 07:00:00,29.4,5.1,170.0,0.0
2023-06-30 08:00:00,28.9,5.7,190.0,0.0
2023-06-30 09:00:00,28.6,5.95,195.0,0.0
2023-06-30 10:00:00,27.2,6.2,190.0,0.0
2023-06-30 11:00:00,26.7,4.1,170.0,0.0
2023-06-30 12:00:00,26.95,4.9,180.0,0.25
2023-06-30 13:00:00,28.3,6.7,200.0,0.25
2023-06-30 14:00:00,29.4,6.7,210.0,0.25
2023-06-30 15:00:00,30.25,6.2,205.0,0.375
2023-06-30 16:00:00,32.8,5.1,190.0,0.25
2023-06-30 17:00:00,33.9,6.2,170.0,0.5
2023-06-30 18:00:00,34.45,6.2,165.0,0.375
2023-06-30 19:00:00,36.1,7.2,180.0,0.25
2023-06-30 20:00:00,34.4,7.7,170.0,
2023-06-30 21:00:00,35.0,7.2,165.0,0.75
2023-06-30 22:00:00,36.1,6.7,160.0,
2023-06-30 23:00:00,35.0,8.2,150.0,0.5
2023-07-01 00:00:00,34.45,7.699999999999999,150.0,0.375
2023-07-01 01:00:00,32.2,6.7,150.0,0.5
2023-07-01 02:00:00,31.7,7.2,140.0,0.5
2023-07-01 03:00:00,31.4,6.45,145.0,0.5
2023-07-01 04:00:00,30.6,5.1,160.0,
2023-07-01 05:00:00,30.0,4.1,719.3333333333334,
2023-07-01 06:00:00,30.0,4.9,165.0,1.0
2023-07-01 07:00:00,30.0,6.2,170.0,
2023-07-01 08:00:00,29.4,6.2,230.0,
2023-07-01 09:00:00,29.15,5.4,215.0,1.0
2023-07-01 10:00:00,28.3,4.6,200.0,
2023-07-01 11:00:00,27.8,4.6,190.0,
2023-07-01 12:00:00,27.8,4.35,195.0,0.75
2023-07-01 13:00:00,28.3,2.6,240.0,
2023-07-01 14:00:00,29.4,4.1,330.0,
2023-07-01 15:00:00,30.25,3.0999999999999996,664.5,0.75
2023-07-01 16:00:00,31.1,3.6,290.0,
2023-07-01 17:00:00,29.4,8.2,320.0,
2023-07-01 18:00:00,28.85,5.6499999999999995,315.0,0.75
2023-07-01 19:00:00,27.8,3.1,240.0,
2023-07-01 20:00:00,28.3,3.1,210.0,
2023-07-01 21:00:00,28.3,4.1,195.0,0.75
2023-07-01 22:00:00,29.4,7.2,170.0,
2023-07-01 23:00:00,29.4,6.7,320.0,
2023-07-02 00:00:00,28.85,4.4,300.0,0.75
2023-07-02 01:00:00,27.8,0.0,999.0,
2023-07-02 02:00:00,27.2,4.1,330.0,
2023-07-02 03:00:00,26.95,3.8499999999999996,330.0,0.75
2023-07-02 04:00:00,26.7,4.6,330.0,
2023-07-02 05:00:00,25.6,2.6,659.5,
2023-07-02 06:00:00,25.3,1.3,659.5,0.75
2023-07-02 07:00:00,24.4,0.0,999.0,
2023-07-02 08:00:00,23.9,2.1,190.0,0.5
2023-07-02 09:00:00,24.45,1.8,215.0,0.5
2023-07-02 10:00:00,23.9,2.6,220.0,0.5
2023-07-02 11:00:00,23.9,3.6,190.0,
2023-07-02 12:00:00,24.75,2.85,195.0,0.75
2023-07-02 13:00:00,27.8,2.6,240.0,
2023-07-02 14:00:00,28.15,7.699999999999999,210.0,
2023-07-02 15:00:00,27.766666666666666,6.333333333333333,213.33333333333334,0.75
2023-07-02 16:00:00,28.9,5.1,200.0,
2023-07-02 17:00:00,28.9,4.1,210.0,
2023-07-02 18:00:00,29.75,3.8499999999999996,195.0,0.75
2023-07-02 19:00:00,31.1,2.6,190.0,
2023-07-02 20:00:00,32.2,3.1,999.0,
2023-07-02 21:00:00,32.5,3.5999999999999996,579.5,0.75
2023-07-02 22:00:00,32.8,5.1,160.0,
2023-07-02 23:00:00,32.2,5.7,150.0,0.5
2023-07-03 00:00:00,31.1,4.1,160.0,
2023-07-03 01:00:00,30.6,4.1,150.0,
2023-07-03 02:00:00,29.4,3.6,160.0,0.5
2023-07-03 03:00:00,29.15,3.35,170.0,0.5
2023-07-03 04:00:00,28.3,2.6,180.0,0.25
2023-07-03 05:00:00,26.7,1.5,574.5,0.0
2023-07-03 06:00:00,26.7,1.5,140.0,0.25
2023-07-03 07:00:00,26.7,2.1,140.0,0.25
2023-07-03 08:00:00,25.6,0.0,999.0,0.5
2023-07-03 09:00:00,25.85,1.05,574.5,0.5
2023-07-03 10:00:00,25.6,1.5,150.0,0.5
2023-07-03 11:00:00,25.6,2.6,180.0,0.5
2023-07-03 12:00:00,26.4,2.6,185.0,0.5
2023-07-03 13:00:00,29.4,4.1,190.0,
2023-07-03 14:00:00,31.1,3.6,200.0,0.5
2023-07-03 15:00:00,32.2,3.8499999999999996,200.0,0.5
2023-07-03 16:00:00,34.4,5.7,200.0,0.5
2023-07-03 17:00:00,35.6,4.6,230.0,
2023-07-03 18:00:00,35.85,5.15,210.0,0.75
2023-07-03 19:00:00,36.7,6.2,180.0,
2023-07-03 20:00:00,37.2,6.7,210.0,
2023-07-03 21:00:00,36.95,5.65,185.0,0.75
2023-07-03 22:00:00,36.1,7.7,180.0,
2023-07-03 23:00:00,35.6,7.7,170.0,
2023-07-04 00:00:00,35.0,8.25,170.0,0.75
2023-07-04 01:00:00,33.15,6.45,160.0,
2023-07-04 02:00:00,27.866666666666664,8.4,43.333333333333336,
2023-07-04 03:00:00,25.15,9.3,62.5,0.75
2023-07-04 04:00:00,24.599999999999998,8.066666666666666,66.66666666666667,0.5
2023-07-04 05:00:00,25.6,4.1,549.5,0.5
2023-07-04 06:00:00,24.75,3.3499999999999996,105.0,0.5
2023-07-04 07:00:00,25.0,4.6,160.0,0.25
2023-07-04 08:00:00,24.4,4.1,140.0,0.25
2023-07-04 09:00:00,24.4,4.1,155.0,0.25
2023-07-04 10:00:00,24.4,3.6,160.0,0.25
2023-07-04 11:00:00,24.4,3.6,180.0,0.5
2023-07-04 12:00:00,25.25,3.1,180.0,0.375
2023-07-04 13:00:00,27.8,5.7,180.0,0.25
2023-07-04 14:00:00,30.0,4.1,200.0,0.25
2023-07-04 15:00:00,30.85,4.6,210.0,0.375
2023-07-04 16:00:00,33.3,4.6,200.0,0.5
2023-07-04 17:00:00,34.4,4.1,180.0,0.5
2023-07-04 18:00:00,34.7,4.6,175.0,0.5
2023-07-04 19:00:00,36.1,5.1,150.0,0.5
2023-07-04 20:00:00,36.7,6.2,180.0,0.5
2023-07-04 21:00:00,36.400000000000006,5.95,170.0,0.5
2023-07-04 22:00:00,36.1,6.7,160.0,
2023-07-04 23:00:00,35.0,7.2,160.0,
2023-07-05 00:00:00,34.45,6.45,165.0,0.75
2023-07-05 01:00:00,32.8,5.1,160.0,
2023-07-05 02:00:00,32.2,4.1,160.0,
2023-07-05 03:00:00,31.650000000000002,5.15,165.0,0.75
2023-07-05 04:00:00,30.6,6.2,170.0,
2023-07-05 05:00:00,30.0,4.6,579.5,
2023-07-05 06:00:00,29.45,5.15,165.0,0.75
2023-07-05 07:00:00,28.3,4.6,170.0,
2023-07-05 08:00:00,27.8,5.1,180.0,0.25
2023-07-05 09:00:00,27.8,5.1,185.0,0.25
2023-07-05 10:00:00,27.2,3.6,170.0,0.25
2023-07-05 11:00:00,26.7,3.1,160.0,0.25
2023-07-05 12:00:00,27.25,4.4,170.0,0.25
2023-07-05 13:00:00,29.4,7.7,200.0,0.25
2023-07-05 14:00:00,30.6,6.2,200.0,0.25
2023-07-05 15:00:00,31.400000000000002,5.15,210.0,0.25
2023-07-05 16:00:00,32.8,3.1,200.0,
2023-07-05 17:00:00,34.4,2.6,230.0,0.25
2023-07-05 18:00:00,34.7,3.5999999999999996,190.0,0.375
2023-07-05 19:00:00,36.1,4.6,160.0,0.5
2023-07-05 20:00:00,35.6,6.2,190.0,0.5
2023-07-05 21:00:00,35.85,5.4,175.0,0.5
2023-07-05 22:00:00,36.1,3.6,160.0,0.25
2023-07-05 23:00:00,35.6,4.6,160.0,0.5
2023-07-06 00:00:00,35.0,5.4,150.0,0.375
2023-07-06 01:00:00,33.3,5.1,130.0,0.25
2023-07-06 02:00:00,32.2,6.7,140.0,0.25
2023-07-06 03:00:00,31.950000000000003,5.9,150.0,0.25
2023-07-06 04:00:00,30.6,7.7,170.0,0.25
2023-07-06 05:00:00,30.0,7.7,594.5,0.25
2023-07-06 06:00:00,29.7,7.7,190.0,0.25
2023-07-06 07:00:00,28.3,5.1,180.0,
2023-07-06 08:00:00,28.3,5.1,260.0,
2023-07-06 09:00:00,28.05,4.85,230.0,0.75
2023-07-06 10:00:00,27.2,2.6,190.0,
2023-07-06 11:00:00,27.2,3.6,150.0,
2023-07-06 12:00:00,27.2,3.1,180.0,0.5
2023-07-06 13:00:00,28.9,3.6,210.0,0.5
2023-07-06 14:00:00,31.1,4.6,240.0,
2023-07-06 15:00:00,31.1,3.8499999999999996,260.0,0.75
2023-07-06 16:00:00,32.2,0.0,999.0,0.5
2023-07-06 17:00:00,32.8,2.1,310.0,
2023-07-06 18:00:00,33.05,1.05,654.5,0.75
2023-07-06 19:00:00,35.0,3.1,100.0,
2023-07-06 20:00:00,35.6,3.1,999.0,0.5
2023-07-06 21:00:00,35.6,3.8499999999999996,569.5,0.5
2023-07-06 22:00:00,36.1,6.2,140.0,
2023-07-06 23:00:00,33.9,6.2,180.0,
2023-07-07 00:00:00,34.025,4.875,175.0,0.75
2023-07-07 01:00:00,33.15,4.85,185.0,
2023-07-07 02:00:00,31.7,6.2,170.0,
2023-07-07 03:00:00,31.15,5.95,170.0,0.75
2023-07-07 04:00:00,29.4,5.1,180.0,0.5
2023-07-07 05:00:00,28.9,4.1,589.5,0.5
2023-07-07 06:00:00,28.35,3.8499999999999996,175.0,0.375
2023-07-07 07:00:00,27.2,5.1,180.0,0.25
2023-07-07 08:00:00,27.2,6.2,190.0,0.0
2023-07-07 09:00:00,26.65,5.65,190.0,0.0
2023-07-07 10:00:00,26.1,6.2,190.0,0.0
2023-07-07 11:00:00,25.6,6.7,190.0,0.25
2023-07-07 12:00:00,26.15,6.7,190.0,0.25
2023-07-07 13:00:00,27.8,5.7,200.0,0.25
2023-07-07 14:00:00,28.9,5.7,210.0,0.5
2023-07-07 15:00:00,29.15,4.65,220.0,0.5
2023-07-07 16:00:00,30.6,6.2,210.0,
2023-07-07 17:00:00,31.7,7.2,190.0,
2023-07-07 18:00:00,32.25,5.9,200.0,0.75
2023-07-07 19:00:00,33.9,8.2,190.0,0.5
2023-07-07 20:00:00,34.4,7.2,170.0,0.5
2023-07-07 21:00:00,34.7,8.25,165.0,0.375
2023-07-07 22:00:00,35.0,8.2,180.0,0.25
2023-07-07 23:00:00,34.4,8.8,190.0,0.25
2023-07-08 00:00:00,33.849999999999994,8.0,180.0,0.25
2023-07-08 01:00:00,32.2,5.1,170.0,0.25
2023-07-08 02:00:00,31.1,4.1,150.0,
2023-07-08 03:00:00,31.1,4.1,150.0,0.75
2023-07-08 04:00:00,30.6,4.6,170.0,
2023-07-08 05:00:00,29.4,4.6,584.5,
2023-07-08 06:00:00,29.15,4.35,165.0,0.625
2023-07-08 07:00:00,28.3,4.1,170.0,
2023-07-08 08:00:00,28.3,5.1,190.0,
2023-07-08 09:00:00,28.05,5.9,195.0,0.75
2023-07-08 10:00:00,27.8,5.1,210.0,
2023-07-08 11:00:00,27.2,5.7,210.0,
2023-07-08 12:00:00,27.2,5.4,205.0,0.75
2023-07-08 13:00:00,27.8,5.7,200.0,
2023-07-08 14:00:00,28.9,6.2,220.0,
2023-07-08 15:00:00,30.0,5.65,220.0,1.0
2023-07-08 16:00:00,32.8,5.1,240.0,
2023-07-08 17:00:00,32.8,5.7,230.0,
2023-07-08 18:00:00,33.349999999999994,3.9000000000000004,215.0,0.75
2023-07-08 19:00:00,34.4,5.1,250.0,
2023-07-08 20:00:00,35.6,2.6,210.0,
2023-07-08 21:00:00,35.6,2.85,225.0,0.625
2023-07-08 22:00:00,36.1,1.5,999.0,0.5
2023-07-08 23:00:00,36.1,3.1,200.0,0.5
2023-07-09 00:00:00,35.85,2.85,190.0,0.5
2023-07-09 01:00:00,33.9,2.6,160.0,0.5
2023-07-09 02:00:00,29.4,6.7,100.0,0.5
2023-07-09 03:00:00,29.15,6.45,110.0,0.375
2023-07-09 04:00:00,27.2,7.2,130.0,0.25
2023-07-09 05:00:00,26.7,3.6,559.5,0.25
2023-07-09 06:00:00,26.4,3.8499999999999996,125.0,0.375
2023-07-09 07:00:00,26.1,3.6,120.0,0.5
2023-07-09 08:00:00,26.1,3.6,150.0,
2023-07-09 09:00:00,26.4,4.35,160.0,0.75
2023-07-09 10:00:00,27.2,4.1,170.0,
2023-07-09 11:00:00,28.05,6.45,190.0,
2023-07-09 12:00:00,24.46,7.42,310.0,1.0
2023-07-09 13:00:00,24.15,1.55,559.5,
2023-07-09 14:00:00,26.7,1.5,999.0,
2023-07-09 15:00:00,26.7,4.35,664.5,1.0
2023-07-09 16:00:00,26.7,3.1,360.0,
2023-07-09 17:00:00,28.3,0.0,999.0,
2023-07-09 18:00:00,28.85,1.05,679.5,0.75
2023-07-09 19:00:00,30.6,3.6,20.0,0.5
2023-07-09 20:00:00,31.7,5.7,20.0,0.5
2023-07-09 21:00:00,31.7,4.4,15.0,0.375
2023-07-09 22:00:00,32.2,4.6,50.0,0.25
2023-07-09 23:00:00,32.2,6.7,40.0,0.25
2023-07-10 00:00:00,31.1,5.9,40.0,0.25
2023-07-10 01:00:00,28.9,4.6,30.0,0.5
2023-07-10 02:00:00,28.3,6.2,50.0,
2023-07-10 03:00:00,28.05,5.15,55.0,0.75
2023-07-10 04:00:00,27.2,3.1,100.0,
2023-07-10 05:00:00,27.2,4.1,539.5,
2023-07-10 06:00:00,26.95,4.1,75.0,0.75
2023-07-10 07:00:00,26.7,2.6,70.0,
2023-07-10 08:00:00,26.1,3.6,100.0,0.5
2023-07-10 09:00:00,25.85,3.35,90.0,0.5
2023-07-10 10:00:00,25.6,2.6,80.0,
2023-07-10 11:00:00,25.6,2.6,80.0,
2023-07-10 12:00:00,25.600000000000005,2.6,73.33333333333333,0.75
2023-07-10 13:00:00,26.7,3.6,90.0,
2023-07-10 14:00:00,27.03333333333333,3.1,103.33333333333333,
2023-07-10 15:00:00,27.833333333333332,3.933333333333333,126.66666666666667,1.0
2023-07-10 16:00:00,30.6,2.6,999.0,
2023-07-10 17:00:00,31.7,1.8,599.5,0.375
2023-07-10 18:00:00,32.5,1.5,599.5,0.5
2023-07-10 19:00:00,35.0,2.6,230.0,0.5
2023-07-10 20:00:00,35.6,4.1,120.0,
2023-07-10 21:00:00,35.6,4.6,115.0,0.625
2023-07-10 22:00:00,35.6,4.6,100.0,0.5
2023-07-10 23:00:00,35.6,5.1,100.0,0.25
2023-07-11 00:00:00,35.0,4.85,105.0,0.25
2023-07-11 01:00:00,32.8,5.1,110.0,0.25
2023-07-11 02:00:00,32.2,5.7,120.0,0.25
2023-07-11 03:00:00,31.950000000000003,4.9,120.0,0.25
2023-07-11 04:00:00,31.1,6.7,130.0,0.25
2023-07-11 05:00:00,30.6,4.6,569.5,0.25
2023-07-11 06:00:00,30.0,4.6,135.0,0.25
2023-07-11 07:00:00,30.0,6.2,150.0,0.25
2023-07-11 08:00:00,29.4,5.7,180.0,0.25
2023-07-11 09:00:00,29.4,5.15,185.0,0.25
2023-07-11 10:00:00,27.8,6.2,200.0,
2023-07-11 11:00:00,28.3,4.1,190.0,
2023-07-11 12:00:00,27.775,3.475,117.5,0.75
2023-07-11 13:00:00,25.6,8.2,50.0,
2023-07-11 14:00:00,25.6,6.7,50.0,
2023-07-11 15:00:00,25.85,5.9,75.0,1.0
2023-07-11 16:00:00,26.7,6.7,130.0,
2023-07-11 17:00:00,28.9,6.7,140.0,
2023-07-11 18:00:00,29.45,5.9,150.0,0.75
2023-07-11 19:00:00,32.8,4.6,200.0,0.5
2023-07-11 20:00:00,34.4,5.7,170.0,0.5
2023-07-11 21:00:00,34.7,4.65,175.0,0.5
2023-07-11 22:00:00,35.6,5.1,200.0,
2023-07-11 23:00:00,36.1,3.1,190.0,0.5
2023-07-12 00:00:00,35.0,3.5999999999999996,150.0,0.375
2023-07-12 01:00:00,31.7,3.1,110.0,0.25
2023-07-12 02:00:00,31.7,4.1,120.0,0.0
2023-07-12 03:00:00,31.4,4.1,120.0,0.0
2023-07-12 04:00:00,30.0,3.6,130.0,0.0
2023-07-12 05:00:00,29.4,4.1,564.5,0.0
2023-07-12 06:00:00,29.15,3.8499999999999996,140.0,0.0
2023-07-12 07:00:00,28.9,4.6,170.0,0.0
2023-07-12 08:00:00,29.4,6.2,180.0,0.0
2023-07-12 09:00:00,29.15,5.95,180.0,0.0
2023-07-12 10:00:00,28.3,5.1,180.0,0.25
2023-07-12 11:00:00,27.8,6.2,180.0,0.25
2023-07-12 12:00:00,28.05,6.95,185.0,0.125
2023-07-12 13:00:00,30.0,7.7,190.0,0.0
2023-07-12 14:00:00,31.7,6.7,200.0,0.0
2023-07-12 15:00:00,32.5,7.2,190.0,0.25
2023-07-12 16:00:00,35.6,7.7,180.0,0.25
2023-07-12 17:00:00,36.7,7.2,200.0,0.25
2023-07-12 18:00:00,37.25,6.15,200.0,0.25
2023-07-12 19:00:00,38.9,5.7,190.0,0.25
2023-07-12 20:00:00,40.0,6.2,210.0,0.25
2023-07-12 21:00:00,40.3,7.199999999999999,195.0,0.25
2023-07-12 22:00:00,40.0,9.3,190.0,0.25
2023-07-12 23:00:00,39.4,7.7,160.0,0.25
2023-07-13 00:00:00,38.599999999999994,7.2,160.0,0.375
2023-07-13 01:00:00,36.7,4.6,160.0,0.5
2023-07-13 02:00:00,35.6,6.2,150.0,0.5
2023-07-13 03:00:00,35.0,5.95,155.0,0.375
2023-07-13 04:00:00,33.3,5.7,160.0,0.25
2023-07-13 05:00:00,32.8,7.2,584.5,0.5
2023-07-13 06:00:00,32.25,7.45,175.0,0.375
2023-07-13 07:00:00,31.1,7.7,180.0,0.0
2023-07-13 08:00:00,30.0,7.7,180.0,0.25
2023-07-13 09:00:00,29.45,7.949999999999999,185.0,0.375
2023-07-13 10:00:00,28.3,6.7,180.0,
2023-07-13 11:00:00,27.8,5.7,180.0,
2023-07-13 12:00:00,27.8,6.2,180.0,
2023-07-13 13:00:00,28.3,4.1,180.0,
2023-07-13 14:00:00,28.9,4.6,180.0,
2023-07-13 15:00:00,29.75,5.15,185.0,0.75
2023-07-13 16:00:00,32.8,7.2,180.0,
2023-07-13 17:00:00,35.0,7.2,180.0,
2023-07-13 18:00:00,35.85,7.2,185.0,0.5
2023-07-13 19:00:00,37.8,7.7,200.0,0.25
2023-07-13 20:00:00,38.3,7.2,180.0,0.25
2023-07-13 21:00:00,38.849999999999994,7.2,180.0,0.25
2023-07-13 22:00:00,39.4,8.2,170.0,0.25
2023-07-13 23:00:00,39.4,6.2,170.0,0.25
2023-07-14 00:00:00,38.599999999999994,6.95,165.0,0.25
2023-07-14 01:00:00,36.7,5.7,140.0,
2023-07-14 02:00:00,35.0,6.2,140.0,
2023-07-14 03:00:00,35.0,6.45,155.0,0.75
2023-07-14 04:00:00,33.9,5.7,170.0,
2023-07-14 05:00:00,32.8,6.2,584.5,
2023-07-14 06:00:00,32.5,8.0,180.0,0.75
2023-07-14 07:00:00,31.7,5.7,200.0,
2023-07-14 08:00:00,30.6,6.7,190.0,
2023-07-14 09:00:00,30.6,5.4,215.0,1.0
2023-07-14 10:00:00,30.0,4.1,190.0,
2023-07-14 11:00:00,29.4,5.1,170.0,
2023-07-14 12:00:00,29.4,5.9,175.0,0.75
2023-07-14 13:00:00,30.0,8.2,190.0,
2023-07-14 14:00:00,31.7,9.8,190.0,
2023-07-14 15:00:00,32.8,8.75,205.0,0.75
2023-07-14 16:00:00,33.9,2.1,220.0,
2023-07-14 17:00:00,36.1,6.2,190.0,
2023-07-14 18:00:00,36.650000000000006,5.95,180.0,0.75
2023-07-14 19:00:00,38.3,3.1,999.0,
2023-07-14 20:00:00,38.9,5.1,200.0,0.5
2023-07-14 21:00:00,38.9,4.85,185.0,0.5
2023-07-14 22:00:00,39.4,6.2,160.0,0.5
2023-07-14 23:00:00,38.9,7.7,150.0,0.5
2023-07-15 00:00:00,38.349999999999994,7.7,155.0,0.5
2023-07-15 01:00:00,36.7,6.2,160.0,0.5
2023-07-15 02:00:00,35.6,6.2,160.0,0.5
2023-07-15 03:00:00,35.0,6.45,160.0,0.5
2023-07-15 04:00:00,33.3,4.6,170.0,
2023-07-15 05:00:00,32.8,8.2,589.5,0.5
2023-07-15 06:00:00,32.25,8.75,185.0,0.5
2023-07-15 07:00:00,31.1,7.7,200.0,0.5
2023-07-15 08:00:00,30.0,7.2,190.0,0.25
2023-07-15 09:00:00,29.7,6.45,190.0,0.375
2023-07-15 10:00:00,28.3,3.1,150.0,
2023-07-15 11:00:00,28.3,4.6,170.0,0.5
2023-07-15 12:00:00,28.3,4.85,170.0,0.375
2023-07-15 13:00:00,29.4,5.7,210.0,0.5
2023-07-15 14:00:00,30.6,5.1,210.0,
2023-07-15 15:00:00,31.95,4.85,225.0,0.75
2023-07-15 16:00:00,35.0,2.1,999.0,
2023-07-15 17:00:00,36.1,3.1,999.0,
2023-07-15 18:00:00,36.650000000000006,3.35,669.5,0.75
2023-07-15 19:00:00,37.2,6.2,360.0,
2023-07-15 20:00:00,35.6,6.2,10.0,
2023-07-15 21:00:00,35.0,5.4,15.0,0.75
2023-07-15 22:00:00,35.0,3.1,50.0,
2023-07-15 23:00:00,35.0,4.1,50.0,
2023-07-16 00:00:00,34.15,4.9,40.0,0.625
2023-07-16 01:00:00,32.2,4.6,30.0,0.25
2023-07-16 02:00:00,31.1,5.1,20.0,0.25
2023-07-16 03:00:00,30.85,4.85,25.0,0.25
2023-07-16 04:00:00,30.0,3.6,50.0,0.25
2023-07-16 05:00:00,29.4,4.1,539.5,0.25
2023-07-16 06:00:00,29.15,3.8499999999999996,75.0,0.25
2023-07-16 07:00:00,28.3,3.6,60.0,0.5
2023-07-16 08:00:00,27.8,1.5,100.0,0.5
2023-07-16 09:00:00,27.8,2.05,90.0,0.5
2023-07-16 10:00:00,26.7,2.6,60.0,
2023-07-16 11:00:00,27.2,2.6,70.0,
2023-07-16 12:00:00,27.75,2.6,95.0,0.75
2023-07-16 13:00:00,29.4,0.0,999.0,
2023-07-16 14:00:00,27.18,7.92,282.0,
2023-07-16 15:00:00,24.299999999999997,6.8,215.0,1.0
2023-07-16 16:00:00,28.3,4.1,40.0,
2023-07-16 17:00:00,26.7,4.1,50.0,
2023-07-16 18:00:00,26.133333333333336,4.266666666666667,76.66666666666667,1.0
2023-07-16 19:00:00,27.8,4.1,110.0,
2023-07-16 20:00:00,30.0,4.1,120.0,0.5
2023-07-16 21:00:00,30.3,4.35,115.0,0.375
2023-07-16 22:00:00,30.6,5.1,100.0,0.25
2023-07-16 23:00:00,31.1,4.1,100.0,0.25
2023-07-17 00:00:00,30.55,4.35,105.0,0.25
2023-07-17 01:00:00,28.3,3.1,120.0,0.0
2023-07-17 02:00:00,27.8,3.1,90.0,0.0
2023-07-17 03:00:00,27.5,3.35,95.0,0.0
2023-07-17 04:00:00,26.7,5.1,140.0,0.0
2023-07-17 05:00:00,25.6,3.1,564.5,0.0
2023-07-17 06:00:00,25.0,2.85,125.0,0.0
2023-07-17 07:00:00,24.4,2.6,150.0,0.0
2023-07-17 08:00:00,25.0,3.1,160.0,0.0
2023-07-17 09:00:00,24.45,2.85,145.0,0.0
2023-07-17 10:00:00,23.9,2.1,120.0,0.25
2023-07-17 11:00:00,23.3,2.6,140.0,0.25
2023-07-17 12:00:00,24.450000000000003,3.1,145.0,0.125
2023-07-17 13:00:00,28.3,3.6,180.0,0.0
2023-07-17 14:00:00,31.1,4.6,200.0,0.0
2023-07-17 15:00:00,32.2,4.85,210.0,0.0
2023-07-17 16:00:00,35.6,4.6,240.0,0.0
2023-07-17 17:00:00,37.2,5.7,240.0,0.0
2023-07-17 18:00:00,37.75,5.7,245.0,0.0
2023-07-17 19:00:00,40.0,0.0,999.0,0.25
2023-07-17 20:00:00,40.6,3.6,180.0,0.25
2023-07-17 21:00:00,40.6,4.35,185.0,0.25
2023-07-17 22:00:00,41.1,3.6,170.0,0.25
2023-07-17 23:00:00,40.6,4.6,160.0,0.25
2023-07-18 00:00:00,40.0,4.1,165.0,0.25
2023-07-18 01:00:00,36.7,5.7,150.0,0.5
2023-07-18 02:00:00,35.6,5.1,160.0,
2023-07-18 03:00:00,35.3,5.9,170.0,0.75
2023-07-18 04:00:00,33.9,6.2,180.0,
2023-07-18 05:00:00,33.3,7.2,589.5,0.25
2023-07-18 06:00:00,32.75,6.95,185.0,0.25
2023-07-18 07:00:00,31.7,7.2,200.0,0.25
2023-07-18 08:00:00,30.6,4.1,200.0,0.25
2023-07-18 09:00:00,29.450000000000003,3.5999999999999996,200.0,0.25
2023-07-18 10:00:00,28.3,3.6,180.0,0.25
2023-07-18 11:00:00,28.3,4.6,200.0,0.25
2023-07-18 12:00:00,28.85,4.85,200.0,0.25
2023-07-18 13:00:00,31.1,7.2,200.0,0.0
2023-07-18 14:00:00,33.3,8.2,210.0,0.0
2023-07-18 15:00:00,34.15,7.949999999999999,205.0,0.0
2023-07-18 16:00:00,36.7,8.2,210.0,0.0
2023-07-18 17:00:00,39.4,8.2,200.0,0.0
2023-07-18 18:00:00,40.0,8.5,200.0,0.0
2023-07-18 19:00:00,41.7,7.7,200.0,0.25
2023-07-18 20:00:00,41.7,7.7,180.0,0.0
2023-07-18 21:00:00,41.95,8.25,190.0,0.0
2023-07-18 22:00:00,41.1,8.8,180.0,0.0
2023-07-18 23:00:00,40.8,8.2,175.0,0.25
2023-07-19 00:00:00,39.45,7.199999999999999,175.0,0.125
2023-07-19 01:00:00,36.7,7.2,170.0,0.25
2023-07-19 02:00:00,35.0,6.2,170.0,0.0
2023-07-19 03:00:00,34.7,6.2,170.0,0.0
2023-07-19 04:00:00,33.3,8.8,180.0,0.0
2023-07-19 05:00:00,32.8,5.7,589.5,0.0
2023-07-19 06:00:00,32.5,6.2,180.0,0.0
2023-07-19 07:00:00,30.6,6.7,180.0,0.0
2023-07-19 08:00:00,30.0,6.7,180.0,0.0
2023-07-19 09:00:00,29.7,6.7,180.0,0.0
2023-07-19 10:00:00,28.9,5.1,190.0,0.0
2023-07-19 11:00:00,28.3,5.7,190.0,0.5
2023-07-19 12:00:00,28.6,5.95,195.0,0.5
2023-07-19 13:00:00,30.0,7.2,200.0,0.25
2023-07-19 14:00:00,32.2,8.8,200.0,0.25
2023-07-19 15:00:00,33.05,8.5,200.0,0.25
2023-07-19 16:00:00,36.1,7.2,190.0,0.25
2023-07-19 17:00:00,37.2,7.7,200.0,0.25
2023-07-19 18:00:00,37.75,7.949999999999999,200.0,0.375
2023-07-19 19:00:00,39.4,7.2,170.0,0.5
2023-07-19 20:00:00,40.0,7.7,190.0,0.25
2023-07-19 21:00:00,40.0,6.7,185.0,0.25
2023-07-19 22:00:00,40.0,4.6,170.0,0.25
2023-07-19 23:00:00,39.4,6.7,170.0,0.25
2023-07-20 00:00:00,38.599999999999994,6.45,165.0,0.125
2023-07-20 01:00:00,35.6,5.1,140.0,0.0
2023-07-20 02:00:00,34.4,5.7,160.0,0.0
2023-07-20 03:00:00,33.599999999999994,5.15,155.0,0.0
2023-07-20 04:00:00,32.8,5.7,170.0,0.0
2023-07-20 05:00:00,31.7,5.7,584.5,0.0
2023-07-20 06:00:00,31.7,5.95,170.0,0.0
2023-07-20 07:00:00,31.1,7.2,190.0,0.0
2023-07-20 08:00:00,30.0,7.2,200.0,0.25
2023-07-20 09:00:00,30.0,6.7,200.0,0.25
2023-07-20 10:00:00,29.4,3.1,200.0,
2023-07-20 11:00:00,28.9,5.1,170.0,
2023-07-20 12:00:00,28.3,6.7,190.0,
2023-07-20 13:00:00,29.4,6.7,190.0,
2023-07-20 14:00:00,31.1,5.7,200.0,
2023-07-20 15:00:00,31.650000000000002,6.2,210.0,0.75
2023-07-20 16:00:00,34.4,5.1,230.0,
2023-07-20 17:00:00,35.6,2.6,250.0,
2023-07-20 18:00:00,36.400000000000006,2.6,624.5,0.75
2023-07-20 19:00:00,37.8,1.5,999.0,
2023-07-20 20:00:00,38.3,3.6,190.0,
2023-07-20 21:00:00,38.599999999999994,3.6,190.0,0.75
2023-07-20 22:00:00,38.9,5.1,200.0,
2023-07-20 23:00:00,38.3,4.6,190.0,0.5
2023-07-21 00:00:00,37.75,5.15,165.0,0.5
2023-07-21 01:00:00,35.0,4.6,140.0,0.25
2023-07-21 02:00:00,34.4,5.1,140.0,0.25
2023-07-21 03:00:00,33.599999999999994,4.35,140.0,0.25
2023-07-21 04:00:00,32.2,4.1,150.0,0.25
2023-07-21 05:00:00,31.1,3.6,584.5,0.25
2023-07-21 06:00:00,30.85,4.1,175.0,0.25
2023-07-21 07:00:00,30.0,4.1,190.0,0.0
2023-07-21 08:00:00,30.0,6.7,210.0,0.0
2023-07-21 09:00:00,29.45,5.4,205.0,0.25
2023-07-21 10:00:00,28.3,4.6,200.0,0.5
2023-07-21 11:00:00,27.8,4.1,200.0,
2023-07-21 12:00:00,28.35,4.1,205.0,0.75
2023-07-21 13:00:00,30.0,5.7,200.0,
2023-07-21 14:00:00,31.1,4.6,260.0,
2023-07-21 15:00:00,32.2,4.6,270.0,0.75
2023-07-21 16:00:00,33.9,2.1,230.0,
2023-07-21 17:00:00,36.7,0.0,999.0,
2023-07-21 18:00:00,36.7,1.8,619.5,0.75
2023-07-21 19:00:00,37.2,1.5,999.0,
2023-07-21 20:00:00,37.8,1.5,110.0,
2023-07-21 21:00:00,38.05,0.75,554.5,0.75
2023-07-21 22:00:00,38.3,3.6,60.0,0.5
2023-07-21 23:00:00,36.7,7.2,10.0,0.5
2023-07-22 00:00:00,35.55,6.95,10.0,0.375
2023-07-22 01:00:00,32.8,6.7,20.0,0.25
2023-07-22 02:00:00,31.1,6.7,10.0,0.25
2023-07-22 03:00:00,30.55,6.45,15.0,0.25
2023-07-22 04:00:00,28.9,5.7,30.0,0.0
2023-07-22 05:00:00,27.8,6.2,514.5,0.0
2023-07-22 06:00:00,27.5,5.95,35.0,0.25
2023-07-22 07:00:00,26.7,4.1,40.0,0.25
2023-07-22 08:00:00,26.1,4.1,30.0,0.25
2023-07-22 09:00:00,25.85,3.8499999999999996,30.0,0.25
2023-07-22 10:00:00,25.6,4.6,20.0,
2023-07-22 11:00:00,25.6,4.1,10.0,
2023-07-22 12:00:00,25.6,4.35,10.0,0.75
2023-07-22 13:00:00,26.7,4.6,360.0,
2023-07-22 14:00:00,28.3,6.2,20.0,
2023-07-22 15:00:00,29.15,5.65,20.0,0.625
2023-07-22 16:00:00,31.7,4.6,30.0,0.5
2023-07-22 17:00:00,32.2,5.1,30.0,0.25
2023-07-22 18:00:00,32.5,4.6,195.0,0.25
2023-07-22 19:00:00,33.3,5.7,30.0,0.25
2023-07-22 20:00:00,33.9,5.1,360.0,0.25
2023-07-22 21:00:00,33.9,5.9,190.0,0.25
2023-07-22 22:00:00,33.3,5.7,40.0,0.25
2023-07-22 23:00:00,32.8,5.7,40.0,0.25
2023-07-23 00:00:00,31.95,6.45,35.0,0.25
2023-07-23 01:00:00,28.9,4.1,30.0,0.25
2023-07-23 02:00:00,28.3,5.1,50.0,0.0
2023-07-23 03:00:00,27.75,4.6,55.0,0.0
2023-07-23 04:00:00,26.1,3.6,80.0,0.0
2023-07-23 05:00:00,25.6,2.1,534.5,0.0
2023-07-23 06:00:00,25.6,1.8,70.0,0.0
2023-07-23 07:00:00,25.0,0.0,999.0,0.0
2023-07-23 08:00:00,24.4,0.0,999.0,0.0
2023-07-23 09:00:00,24.4,0.0,999.0,0.0
2023-07-23 10:00:00,23.3,0.0,999.0,0.0
2023-07-23 11:00:00,23.9,1.5,220.0,0.25
2023-07-23 12:00:00,24.45,0.75,609.5,0.25
2023-07-23 13:00:00,27.2,0.0,999.0,0.0
2023-07-23 14:00:00,28.9,0.0,999.0,0.25
2023-07-23 15:00:00,29.75,1.3,584.5,0.25
2023-07-23 16:00:00,32.2,2.1,100.0,0.25
2023-07-23 17:00:00,33.3,0.0,999.0,0.25
2023-07-23 18:00:00,33.599999999999994,1.3,604.5,0.25
2023-07-23 19:00:00,35.6,2.6,70.0,0.25
2023-07-23 20:00:00,36.1,2.6,999.0,0.25
2023-07-23 21:00:00,36.400000000000006,2.6,574.5,0.25
2023-07-23 22:00:00,36.1,0.0,999.0,0.0
2023-07-23 23:00:00,35.6,4.6,120.0,0.0
2023-07-24 00:00:00,34.75,4.6,125.0,0.0
2023-07-24 01:00:00,32.2,5.7,110.0,0.0
2023-07-24 02:00:00,30.6,4.1,120.0,0.0
2023-07-24 03:00:00,30.0,4.1,125.0,0.0
2023-07-24 04:00:00,28.3,4.1,130.0,0.0
2023-07-24 05:00:00,27.2,3.1,564.5,0.0
2023-07-24 06:00:00,27.2,3.35,135.0,0.0
2023-07-24 07:00:00,25.6,2.6,140.0,0.0
2023-07-24 08:00:00,25.6,3.1,160.0,0.0
2023-07-24 09:00:00,25.6,2.3,160.0,0.0
2023-07-24 10:00:00,25.0,2.6,160.0,0.0
2023-07-24 11:00:00,24.4,2.1,140.0,0.0
2023-07-24 12:00:00,25.549999999999997,1.05,569.5,0.0
2023-07-24 13:00:00,28.3,3.6,160.0,0.0
2023-07-24 14:00:00,30.6,2.6,210.0,0.25
2023-07-24 15:00:00,31.7,3.1,195.0,0.25
2023-07-24 16:00:00,35.0,4.6,180.0,0.25
2023-07-24 17:00:00,36.1,3.6,220.0,0.25
2023-07-24 18:00:00,36.650000000000006,4.1,175.0,0.25
2023-07-24 19:00:00,37.8,4.6,190.0,0.25
2023-07-24 20:00:00,38.9,5.7,110.0,0.25
2023-07-24 21:00:00,38.9,5.15,125.0,0.25
2023-07-24 22:00:00,38.3,6.2,130.0,0.0
2023-07-24 23:00:00,37.2,4.1,120.0,0.0
2023-07-25 00:00:00,36.400000000000006,4.6,120.0,0.0
2023-07-25 01:00:00,34.4,4.6,130.0,0.0
2023-07-25 02:00:00,33.3,5.1,140.0,0.0
2023-07-25 03:00:00,32.75,5.1,140.0,0.0
2023-07-25 04:00:00,31.7,5.1,140.0,0.0
2023-07-25 05:00:00,30.0,2.6,569.5,0.0
2023-07-25 06:00:00,29.7,3.1,150.0,0.0
2023-07-25 07:00:00,28.3,3.6,150.0,0.0
2023-07-25 08:00:00,28.3,4.1,180.0,0.0
2023-07-25 09:00:00,28.05,4.1,195.0,0.0
2023-07-25 10:00:00,27.2,4.1,210.0,0.0
2023-07-25 11:00:00,26.1,3.1,190.0,0.0
2023-07-25 12:00:00,26.950000000000003,2.85,180.0,0.0
2023-07-25 13:00:00,30.0,3.6,190.0,0.0
2023-07-25 14:00:00,31.7,5.1,210.0,0.0
2023-07-25 15:00:00,33.05,3.5999999999999996,210.0,0.0
2023-07-25 16:00:00,36.1,5.1,190.0,0.25
2023-07-25 17:00:00,37.2,7.2,190.0,0.25
2023-07-25 18:00:00,37.75,6.7,185.0,0.25
2023-07-25 19:00:00,39.4,7.2,190.0,0.25
2023-07-25 20:00:00,38.9,5.1,190.0,
2023-07-25 21:00:00,39.15,5.4,185.0,0.75
2023-07-25 22:00:00,38.9,6.2,170.0,0.5
2023-07-25 23:00:00,37.8,6.2,170.0,0.25
2023-07-26 00:00:00,37.25,6.45,160.0,0.25
2023-07-26 01:00:00,35.6,4.6,160.0,0.25
2023-07-26 02:00:00,33.9,4.1,160.0,0.0
2023-07-26 03:00:00,33.349999999999994,4.1,165.0,0.0
2023-07-26 04:00:00,31.7,4.6,180.0,0.0
2023-07-26 05:00:00,31.1,4.1,584.5,0.5
2023-07-26 06:00:00,30.55,4.35,175.0,0.5
2023-07-26 07:00:00,29.4,5.7,190.0,0.25
2023-07-26 08:00:00,28.9,4.1,200.0,0.25
2023-07-26 09:00:00,28.6,4.6,195.0,0.125
2023-07-26 10:00:00,27.8,5.1,190.0,0.0
2023-07-26 11:00:00,27.8,6.2,200.0,0.25
2023-07-26 12:00:00,28.05,5.65,200.0,0.25
2023-07-26 13:00:00,30.0,8.2,200.0,0.25
2023-07-26 14:00:00,31.7,6.7,190.0,0.25
2023-07-26 15:00:00,32.8,6.2,190.0,0.25
2023-07-26 16:00:00,35.6,6.2,210.0,0.5
2023-07-26 17:00:00,36.7,7.7,190.0,0.5
2023-07-26 18:00:00,36.95,7.2,185.0,0.5
2023-07-26 19:00:00,37.8,5.7,180.0,0.5
2023-07-26 20:00:00,38.3,6.2,140.0,0.5
2023-07-26 21:00:00,38.3,5.65,155.0,0.5
2023-07-26 22:00:00,37.8,6.7,190.0,0.5
2023-07-26 23:00:00,37.2,6.2,170.0,0.5
2023-07-27 00:00:00,36.400000000000006,5.65,150.0,0.5
2023-07-27 01:00:00,33.9,6.2,140.0,0.25
2023-07-27 02:00:00,33.3,5.1,140.0,0.25
2023-07-27 03:00:00,32.75,4.85,145.0,0.125
2023-07-27 04:00:00,31.7,5.1,160.0,0.0
2023-07-27 05:00:00,31.1,3.6,579.5,0.0
2023-07-27 06:00:00,30.25,3.1,160.0,0.25
2023-07-27 07:00:00,30.0,4.6,170.0,0.0
2023-07-27 08:00:00,28.9,4.1,170.0,0.0
2023-07-27 09:00:00,28.9,4.35,180.0,0.25
2023-07-27 10:00:00,28.3,5.7,190.0,0.25
2023-07-27 11:00:00,27.8,5.1,190.0,0.25
2023-07-27 12:00:00,28.35,5.1,190.0,0.25
2023-07-27 13:00:00,30.6,6.2,190.0,
2023-07-27 14:00:00,32.2,5.1,190.0,0.25
2023-07-27 15:00:00,33.05,4.85,205.0,0.375
2023-07-27 16:00:00,35.6,5.7,200.0,0.25
2023-07-27 17:00:00,36.1,4.6,170.0,0.25
2023-07-27 18:00:00,36.650000000000006,5.15,170.0,0.25
2023-07-27 19:00:00,38.3,7.2,140.0,0.25
2023-07-27 20:00:00,37.8,6.7,170.0,0.25
2023-07-27 21:00:00,37.8,6.2,170.0,0.25
2023-07-27 22:00:00,37.8,6.2,160.0,0.25
2023-07-27 23:00:00,36.7,7.2,160.0,0.25
2023-07-28 00:00:00,36.150000000000006,6.45,155.0,0.125
2023-07-28 01:00:00,33.9,5.1,140.0,0.0
2023-07-28 02:00:00,32.8,4.1,130.0,0.0
2023-07-28 03:00:00,32.5,4.1,135.0,0.0
2023-07-28 04:00:00,31.1,4.1,150.0,0.0
2023-07-28 05:00:00,31.1,4.6,579.5,0.0
2023-07-28 06:00:00,30.85,4.85,165.0,0.0
2023-07-28 07:00:00,30.0,5.7,180.0,0.0
2023-07-28 08:00:00,29.4,6.2,190.0,0.0
2023-07-28 09:00:00,28.85,5.65,195.0,0.0
2023-07-28 10:00:00,27.8,5.7,200.0,0.25
2023-07-28 11:00:00,27.2,3.6,200.0,0.5
2023-07-28 12:00:00,27.75,4.1,200.0,0.5
2023-07-28 13:00:00,30.6,5.7,200.0,0.0
2023-07-28 14:00:00,31.7,5.7,210.0,0.25
2023-07-28 15:00:00,32.8,6.2,210.0,0.125
2023-07-28 16:00:00,35.0,4.1,180.0,0.0
2023-07-28 17:00:00,36.1,5.1,210.0,0.25
2023-07-28 18:00:00,36.400000000000006,5.9,205.0,0.25
2023-07-28 19:00:00,36.1,5.7,170.0,0.25
2023-07-28 20:00:00,37.8,5.7,150.0,0.25
2023-07-28 21:00:00,38.05,4.4,155.0,0.25
2023-07-28 22:00:00,37.2,1.5,210.0,0.25
2023-07-28 23:00:00,36.7,4.1,140.0,0.25
2023-07-29 00:00:00,36.150000000000006,5.15,150.0,0.25
2023-07-29 01:00:00,35.0,5.1,150.0,0.0
2023-07-29 02:00:00,32.8,3.6,130.0,0.0
2023-07-29 03:00:00,32.8,3.8499999999999996,140.0,0.25
2023-07-29 04:00:00,32.2,3.1,160.0,0.0
2023-07-29 05:00:00,31.1,3.1,579.5,0.0
2023-07-29 06:00:00,30.55,2.3,145.0,0.0
2023-07-29 07:00:00,28.3,2.1,130.0,0.0
2023-07-29 08:00:00,28.9,2.6,180.0,0.0
2023-07-29 09:00:00,28.9,3.3499999999999996,190.0,0.0
2023-07-29 10:00:00,28.3,4.1,210.0,0.0
2023-07-29 11:00:00,27.2,4.1,200.0,0.0
2023-07-29 12:00:00,27.75,3.8499999999999996,195.0,0.0
2023-07-29 13:00:00,30.0,4.1,210.0,0.0
2023-07-29 14:00:00,32.2,4.6,240.0,0.25
2023-07-29 15:00:00,33.3,4.35,230.0,0.25
2023-07-29 16:00:00,35.6,2.6,210.0,0.25
2023-07-29 17:00:00,36.7,1.5,999.0,0.25
2023-07-29 18:00:00,36.95,1.5,654.5,0.375
2023-07-29 19:00:00,37.8,4.6,130.0,0.5
2023-07-29 20:00:00,37.8,4.6,110.0,0.5
2023-07-29 21:00:00,38.349999999999994,3.5999999999999996,554.5,0.5
2023-07-29 22:00:00,38.3,2.6,150.0,0.5
2023-07-29 23:00:00,37.2,4.6,160.0,0.25
2023-07-30 00:00:00,36.650000000000006,4.6,145.0,0.25
2023-07-30 01:00:00,34.4,4.6,160.0,0.5
2023-07-30 02:00:00,33.3,4.1,150.0,0.25
2023-07-30 03:00:00,32.75,3.5999999999999996,150.0,0.25
2023-07-30 04:00:00,30.6,2.6,120.0,0.0
2023-07-30 05:00:00,30.0,3.1,564.5,0.0
2023-07-30 06:00:00,30.0,2.6,125.0,0.0
2023-07-30 07:00:00,28.9,1.5,140.0,0.0
2023-07-30 08:00:00,27.8,0.0,999.0,0.0
2023-07-30 09:00:00,27.8,0.75,594.5,0.0
2023-07-30 10:00:00,27.2,1.5,190.0,0.0
2023-07-30 11:00:00,26.1,2.1,190.0,0.25
2023-07-30 12:00:00,27.5,3.3499999999999996,200.0,0.25
2023-07-30 13:00:00,30.6,4.6,210.0,0.25
2023-07-30 14:00:00,32.2,3.1,210.0,0.25
2023-07-30 15:00:00,33.6,3.1,230.0,0.375
2023-07-30 16:00:00,36.7,1.5,999.0,0.5
2023-07-30 17:00:00,37.8,2.1,999.0,0.5
2023-07-30 18:00:00,38.349999999999994,3.3499999999999996,594.5,0.375
2023-07-30 19:00:00,38.9,2.1,999.0,0.25
2023-07-30 20:00:00,39.4,4.6,190.0,0.25
2023-07-30 21:00:00,39.4,4.1,190.0,0.25
2023-07-30 22:00:00,38.9,2.1,999.0,0.25
2023-07-30 23:00:00,38.3,4.6,120.0,0.25
2023-07-31 00:00:00,37.5,4.6,130.0,0.25
2023-07-31 01:00:00,35.0,4.1,130.0,0.0
2023-07-31 02:00:00,33.3,3.6,150.0,0.0
2023-07-31 03:00:00,33.599999999999994,3.8499999999999996,155.0,0.0
2023-07-31 04:00:00,32.8,3.6,170.0,0.0
2023-07-31 05:00:00,31.7,2.6,569.5,0.0
2023-07-31 06:00:00,30.85,2.35,125.0,0.0
2023-07-31 07:00:00,29.4,2.1,100.0,0.0
2023-07-31 08:00:00,28.9,2.6,130.0,0.0
2023-07-31 09:00:00,28.9,2.35,125.0,0.0
2023-07-31 10:00:00,28.3,1.5,200.0,0.25
2023-07-31 11:00:00,27.2,1.5,130.0,0.25
2023-07-31 12:00:00,28.299999999999997,1.8,130.0,0.25
2023-07-31 13:00:00,31.7,1.5,150.0,0.5
2023-07-31 14:00:00,33.3,2.1,210.0,0.25
2023-07-31 15:00:00,35.0,2.85,220.0,0.375
2023-07-31 16:00:00,37.8,4.6,160.0,0.5
2023-07-31 17:00:00,38.3,4.6,160.0,0.5
2023-07-31 18:00:00,38.849999999999994,4.6,165.0,0.5
2023-07-31 19:00:00,40.0,4.1,190.0,
2023-07-31 20:00:00,40.0,2.6,999.0,
2023-07-31 21:00:00,40.0,3.3499999999999996,594.5,0.75
2023-07-31 22:00:00,40.0,4.6,180.0,
2023-07-31 23:00:00,38.9,5.1,190.0,0.5
2023-08-01 00:00:00,38.349999999999994,4.6,170.0,0.375
2023-08-01 01:00:00,36.1,4.1,130.0,0.25
2023-08-01 02:00:00,35.0,3.6,100.0,0.5
2023-08-01 03:00:00,34.45,3.8499999999999996,105.0,0.375
2023-08-01 04:00:00,33.3,5.7,110.0,0.0
2023-08-01 05:00:00,32.2,7.2,709.3333333333334,0.0
2023-08-01 06:00:00,31.650000000000002,5.9,135.0,0.0
2023-08-01 07:00:00,30.0,2.6,130.0,0.25
2023-08-01 08:00:00,28.9,2.6,140.0,0.25
2023-08-01 09:00:00,28.6,2.85,135.0,0.375
2023-08-01 10:00:00,28.3,2.1,150.0,0.0
2023-08-01 11:00:00,27.8,2.1,120.0,
2023-08-01 12:00:00,28.6,2.1,120.0,0.625
2023-08-01 13:00:00,31.7,3.1,160.0,0.25
2023-08-01 14:00:00,33.3,1.5,200.0,0.25
2023-08-01 15:00:00,34.45,1.8,190.0,0.25
2023-08-01 16:00:00,37.8,2.6,160.0,0.5
2023-08-01 17:00:00,38.9,2.6,200.0,0.5
2023-08-01 18:00:00,38.9,2.35,599.5,0.5
2023-08-01 19:00:00,40.6,4.1,200.0,0.5
2023-08-01 20:00:00,41.7,5.7,120.0,0.5
2023-08-01 21:00:00,41.400000000000006,4.15,559.5,0.5
2023-08-01 22:00:00,40.6,4.6,150.0,0.5
2023-08-01 23:00:00,39.4,4.6,140.0,0.5
2023-08-02 00:00:00,39.15,5.4,145.0,0.5
2023-08-02 01:00:00,36.7,5.1,140.0,0.25
2023-08-02 02:00:00,35.6,3.6,110.0,0.25
2023-08-02 03:00:00,35.0,3.8499999999999996,115.0,0.25
2023-08-02 04:00:00,33.3,4.6,120.0,0.25
2023-08-02 05:00:00,32.2,4.6,564.5,0.25
2023-08-02 06:00:00,32.2,4.35,140.0,0.25
2023-08-02 07:00:00,31.1,3.6,140.0,0.5
2023-08-02 08:00:00,30.0,1.5,110.0,0.25
2023-08-02 09:00:00,30.0,0.75,554.5,0.25
2023-08-02 10:00:00,29.4,2.1,180.0,0.5
2023-08-02 11:00:00,29.4,4.6,190.0,
2023-08-02 12:00:00,30.0,4.35,195.0,0.75
2023-08-02 13:00:00,32.2,5.7,210.0,
2023-08-02 14:00:00,33.9,6.2,220.0,
2023-08-02 15:00:00,35.0,6.45,210.0,0.75
2023-08-02 16:00:00,37.2,5.1,210.0,
2023-08-02 17:00:00,38.3,5.7,200.0,
2023-08-02 18:00:00,39.15,5.4,200.0,0.75
2023-08-02 19:00:00,40.0,4.1,170.0,0.5
2023-08-02 20:00:00,41.1,4.6,180.0,0.5
2023-08-02 21:00:00,41.1,5.65,175.0,0.375
2023-08-02 22:00:00,40.6,5.1,200.0,0.25
2023-08-02 23:00:00,39.4,7.2,180.0,0.25
2023-08-03 00:00:00,39.15,6.95,190.0,0.25
2023-08-03 01:00:00,37.2,4.6,180.0,0.25
2023-08-03 02:00:00,35.0,3.6,160.0,0.0
2023-08-03 03:00:00,35.0,4.35,165.0,0.0
2023-08-03 04:00:00,33.9,5.1,180.0,0.0
2023-08-03 05:00:00,33.9,6.2,599.5,0.0
2023-08-03 06:00:00,33.349999999999994,5.95,200.0,0.0
2023-08-03 07:00:00,32.2,6.7,190.0,0.0
2023-08-03 08:00:00,31.1,8.2,200.0,0.0
2023-08-03 09:00:00,30.85,6.949999999999999,205.0,0.0
2023-08-03 10:00:00,30.0,5.7,200.0,0.0
2023-08-03 11:00:00,30.0,5.1,210.0,0.25
2023-08-03 12:00:00,30.0,5.9,205.0,0.25
2023-08-03 13:00:00,31.1,7.7,210.0,0.0
2023-08-03 14:00:00,32.8,6.2,220.0,0.0
2023-08-03 15:00:00,33.9,6.7,205.0,0.25
2023-08-03 16:00:00,36.7,5.7,200.0,0.25
2023-08-03 17:00:00,37.8,3.1,999.0,0.25
2023-08-03 18:00:00,38.05,4.1,594.5,0.25
2023-08-03 19:00:00,38.9,2.6,230.0,0.25
2023-08-03 20:00:00,40.0,6.7,190.0,0.25
2023-08-03 21:00:00,40.3,6.2,180.0,0.25
2023-08-03 22:00:00,40.0,7.2,150.0,0.25
2023-08-03 23:00:00,38.9,6.7,170.0,0.25
2023-08-04 00:00:00,38.349999999999994,6.2,170.0,0.25
2023-08-04 01:00:00,36.7,4.6,170.0,0.25
2023-08-04 02:00:00,35.6,4.1,170.0,0.25
2023-08-04 03:00:00,35.0,4.1,170.0,0.125
2023-08-04 04:00:00,33.9,5.1,170.0,0.0
2023-08-04 05:00:00,33.3,4.6,584.5,0.0
2023-08-04 06:00:00,33.05,4.6,170.0,0.0
2023-08-04 07:00:00,32.8,8.2,190.0,0.0
2023-08-04 08:00:00,31.7,8.2,190.0,0.0
2023-08-04 09:00:00,31.4,7.949999999999999,190.0,0.0
2023-08-04 10:00:00,30.0,7.2,190.0,0.0
2023-08-04 11:00:00,29.4,6.2,200.0,0.25
2023-08-04 12:00:00,29.7,5.65,205.0,0.125
2023-08-04 13:00:00,31.1,5.7,220.0,0.0
2023-08-04 14:00:00,32.8,5.7,230.0,0.25
2023-08-04 15:00:00,33.599999999999994,5.4,215.0,0.25
2023-08-04 16:00:00,36.7,5.7,200.0,0.25
2023-08-04 17:00:00,37.2,3.6,190.0,0.25
2023-08-04 18:00:00,37.5,3.1,230.0,0.25
2023-08-04 19:00:00,38.9,3.1,200.0,0.25
2023-08-04 20:00:00,39.4,4.1,210.0,0.25
2023-08-04 21:00:00,39.7,3.8499999999999996,200.0,0.25
2023-08-04 22:00:00,40.0,3.6,200.0,0.25
2023-08-04 23:00:00,39.4,3.6,160.0,0.25
2023-08-05 00:00:00,38.849999999999994,4.65,150.0,0.25
2023-08-05 01:00:00,36.7,4.6,150.0,0.25
2023-08-05 02:00:00,35.6,4.1,150.0,0.25
2023-08-05 03:00:00,35.3,4.35,150.0,0.125
2023-08-05 04:00:00,33.9,4.6,160.0,0.0
2023-08-05 05:00:00,33.3,4.1,579.5,0.0
2023-08-05 06:00:00,33.05,4.6,165.0,0.0
2023-08-05 07:00:00,32.8,6.7,190.0,0.0
2023-08-05 08:00:00,31.7,5.7,200.0,0.0
2023-08-05 09:00:00,31.4,5.4,195.0,0.0
2023-08-05 10:00:00,30.0,4.6,180.0,0.0
2023-08-05 11:00:00,30.0,4.6,190.0,0.25
2023-08-05 12:00:00,30.0,5.4,190.0,0.25
2023-08-05 13:00:00,31.7,6.2,190.0,0.25
2023-08-05 14:00:00,33.9,6.7,200.0,0.25
2023-08-05 15:00:00,34.45,5.65,190.0,0.25
2023-08-05 16:00:00,37.2,5.7,190.0,0.25
2023-08-05 17:00:00,37.8,1.5,999.0,0.25
2023-08-05 18:00:00,38.599999999999994,2.55,589.5,0.375
2023-08-05 19:00:00,40.0,2.6,180.0,0.25
2023-08-05 20:00:00,40.6,4.1,100.0,0.25
2023-08-05 21:00:00,40.85,3.0999999999999996,549.5,0.25
2023-08-05 22:00:00,40.6,4.6,170.0,0.25
2023-08-05 23:00:00,39.4,6.7,140.0,0.25
2023-08-06 00:00:00,38.599999999999994,5.9,135.0,0.25
2023-08-06 01:00:00,36.7,4.1,150.0,0.25
2023-08-06 02:00:00,36.1,5.7,160.0,0.25
2023-08-06 03:00:00,35.55,5.4,165.0,0.25
2023-08-06 04:00:00,34.4,5.1,170.0,0.25
2023-08-06 05:00:00,33.3,4.1,589.5,0.25
2023-08-06 06:00:00,32.5,3.8499999999999996,180.0,0.375
2023-08-06 07:00:00,32.2,6.7,180.0,0.5
2023-08-06 08:00:00,31.1,6.2,200.0,
2023-08-06 09:00:00,30.85,4.65,205.0,0.625
2023-08-06 10:00:00,29.4,3.6,180.0,0.5
2023-08-06 11:00:00,29.4,5.7,190.0,
2023-08-06 12:00:00,29.7,4.65,185.0,0.625
2023-08-06 13:00:00,30.6,3.6,120.0,0.5
2023-08-06 14:00:00,32.2,3.1,130.0,0.5
2023-08-06 15:00:00,33.05,2.85,564.5,0.375
2023-08-06 16:00:00,35.0,5.1,160.0,0.25
2023-08-06 17:00:00,36.7,5.1,120.0,0.25
2023-08-06 18:00:00,37.25,4.85,130.0,0.25
2023-08-06 19:00:00,38.9,5.1,150.0,0.25
2023-08-06 20:00:00,39.4,5.7,160.0,0.25
2023-08-06 21:00:00,39.15,4.15,175.0,0.25
2023-08-06 22:00:00,39.4,3.6,170.0,0.25
2023-08-06 23:00:00,38.9,4.1,180.0,0.25
2023-08-07 00:00:00,38.349999999999994,4.6,175.0,0.25
2023-08-07 01:00:00,36.7,4.6,160.0,0.25
2023-08-07 02:00:00,35.6,4.6,160.0,0.25
2023-08-07 03:00:00,35.0,4.35,165.0,0.25
2023-08-07 04:00:00,33.9,5.1,170.0,0.25
2023-08-07 05:00:00,33.3,6.7,589.5,0.25
2023-08-07 06:00:00,33.3,6.95,180.0,0.25
2023-08-07 07:00:00,32.2,8.8,190.0,0.5
2023-08-07 08:00:00,31.7,7.2,200.0,
2023-08-07 09:00:00,31.4,6.7,195.0,0.5
2023-08-07 10:00:00,30.6,6.7,200.0,0.25
2023-08-07 11:00:00,30.0,4.6,210.0,0.25
2023-08-07 12:00:00,30.3,3.05,230.0,0.25
2023-08-07 13:00:00,32.2,3.1,310.0,
2023-08-07 14:00:00,33.3,1.5,150.0,
2023-08-07 15:00:00,33.9,0.0,999.0,
2023-08-07 16:00:00,35.0,3.1,200.0,
2023-08-07 17:00:00,36.1,2.1,190.0,
2023-08-07 18:00:00,36.400000000000006,2.35,205.0,0.75
2023-08-07 19:00:00,37.8,3.6,150.0,
2023-08-07 20:00:00,38.9,3.1,999.0,
2023-08-07 21:00:00,38.9,2.85,574.5,0.625
2023-08-07 22:00:00,39.4,5.1,140.0,0.25
2023-08-07 23:00:00,38.9,5.7,140.0,0.25
2023-08-08 00:00:00,38.349999999999994,6.2,145.0,0.25
2023-08-08 01:00:00,36.7,3.6,150.0,0.25
2023-08-08 02:00:00,35.6,4.1,130.0,0.25
2023-08-08 03:00:00,35.3,4.6,140.0,0.125
2023-08-08 04:00:00,34.4,5.1,160.0,0.25
2023-08-08 05:00:00,33.9,4.6,584.5,
2023-08-08 06:00:00,33.9,5.9,175.0,0.75
2023-08-08 07:00:00,32.8,7.7,200.0,
2023-08-08 08:00:00,32.2,9.3,200.0,0.5
2023-08-08 09:00:00,31.950000000000003,8.75,205.0,0.375
2023-08-08 10:00:00,31.1,6.7,200.0,
2023-08-08 11:00:00,30.6,5.7,200.0,
2023-08-08 12:00:00,30.6,3.6,130.0,1.0
2023-08-08 13:00:00,31.7,5.1,150.0,
2023-08-08 14:00:00,31.7,4.1,120.0,
2023-08-08 15:00:00,32.25,4.9,135.0,0.75
2023-08-08 16:00:00,33.3,7.2,150.0,
2023-08-08 17:00:00,35.0,6.7,110.0,
2023-08-08 18:00:00,35.55,6.7,125.0,0.75
2023-08-08 19:00:00,36.7,6.2,160.0,
2023-08-08 20:00:00,37.2,5.1,150.0,
2023-08-08 21:00:00,38.05,5.65,150.0,0.75
2023-08-08 22:00:00,39.4,7.7,150.0,
2023-08-08 23:00:00,38.3,7.7,160.0,
2023-08-09 00:00:00,37.75,6.7,160.0,0.75
2023-08-09 01:00:00,36.1,5.7,170.0,
2023-08-09 02:00:00,35.0,5.1,160.0,0.5
2023-08-09 03:00:00,34.7,5.65,160.0,0.5
2023-08-09 04:00:00,34.4,6.7,160.0,0.25
2023-08-09 05:00:00,33.3,7.7,584.5,0.25
2023-08-09 06:00:00,32.75,6.7,175.0,0.375
2023-08-09 07:00:00,31.7,9.8,180.0,0.5
2023-08-09 08:00:00,30.6,8.8,190.0,0.25
2023-08-09 09:00:00,30.3,8.8,195.0,0.25
2023-08-09 10:00:00,28.9,8.2,180.0,0.5
2023-08-09 11:00:00,28.3,7.2,190.0,
2023-08-09 12:00:00,28.6,7.699999999999999,190.0,0.625
2023-08-09 13:00:00,30.0,8.8,180.0,0.5
2023-08-09 14:00:00,31.7,10.3,190.0,0.5
2023-08-09 15:00:00,33.05,9.55,195.0,0.5
2023-08-09 16:00:00,36.7,11.3,200.0,0.5
2023-08-09 17:00:00,36.7,8.2,210.0,
2023-08-09 18:00:00,37.5,8.2,200.0,0.75
2023-08-09 19:00:00,41.7,7.7,200.0,
2023-08-09 20:00:00,40.0,6.2,210.0,
2023-08-09 21:00:00,40.85,8.0,200.0,0.75
2023-08-09 22:00:00,41.7,6.7,180.0,0.5
2023-08-09 23:00:00,41.1,9.3,180.0,0.25
2023-08-10 00:00:00,40.0,9.55,175.0,0.25
2023-08-10 01:00:00,37.8,6.7,170.0,
2023-08-10 02:00:00,32.5,7.449999999999999,15.0,
2023-08-10 03:00:00,30.85,5.6499999999999995,15.0,0.75
2023-08-10 04:00:00,30.6,1.5,60.0,0.5
2023-08-10 05:00:00,29.4,2.1,569.5,0.5
2023-08-10 06:00:00,31.099999999999998,4.65,160.0,0.375
2023-08-10 07:00:00,32.2,10.3,200.0,0.25
2023-08-10 08:00:00,31.1,7.7,200.0,0.25
2023-08-10 09:00:00,30.85,7.2,205.0,0.25
2023-08-10 10:00:00,30.0,5.7,220.0,0.25
2023-08-10 11:00:00,29.4,4.1,220.0,0.25
2023-08-10 12:00:00,30.0,4.6,210.0,
2023-08-10 13:00:00,31.1,4.6,210.0,0.0
2023-08-10 14:00:00,32.2,4.6,220.0,0.0
2023-08-10 15:00:00,33.05,3.5999999999999996,225.0,0.25
2023-08-10 16:00:00,35.6,4.1,220.0,0.0
2023-08-10 17:00:00,36.7,0.0,999.0,0.0
2023-08-10 18:00:00,37.25,0.75,999.0,0.0
2023-08-10 19:00:00,39.4,2.6,240.0,0.0
2023-08-10 20:00:00,40.6,0.0,999.0,0.0
2023-08-10 21:00:00,40.85,1.55,589.5,0.25
2023-08-10 22:00:00,41.1,3.1,999.0,0.25
2023-08-10 23:00:00,40.6,5.7,160.0,0.25
2023-08-11 00:00:00,39.75,6.45,160.0,0.25
2023-08-11 01:00:00,38.3,5.7,160.0,0.5
2023-08-11 02:00:00,37.2,5.1,170.0,
2023-08-11 03:00:00,36.95,5.4,170.0,0.75
2023-08-11 04:00:00,36.1,6.7,180.0,
2023-08-11 05:00:00,35.6,7.2,594.5,
2023-08-11 06:00:00,34.75,7.2,190.0,0.75
2023-08-11 07:00:00,33.3,8.8,200.0,
2023-08-11 08:00:00,32.2,6.7,190.0,
2023-08-11 09:00:00,31.650000000000002,7.449999999999999,190.0,0.75
2023-08-11 10:00:00,30.0,9.3,190.0,
2023-08-11 11:00:00,29.4,7.2,190.0,
2023-08-11 12:00:00,29.15,6.45,180.0,0.75
2023-08-11 13:00:00,30.6,6.2,190.0,
2023-08-11 14:00:00,32.2,6.2,190.0,
2023-08-11 15:00:00,33.05,5.95,200.0,0.75
2023-08-11 16:00:00,35.6,7.2,190.0,
2023-08-11 17:00:00,37.8,9.3,190.0,
2023-08-11 18:00:00,38.599999999999994,8.25,195.0,0.75
2023-08-11 19:00:00,40.6,5.7,210.0,
2023-08-11 20:00:00,40.6,5.7,150.0,0.5
2023-08-11 21:00:00,40.85,6.45,160.0,0.375
2023-08-11 22:00:00,41.1,8.2,170.0,0.25
2023-08-11 23:00:00,40.6,7.7,170.0,0.25
2023-08-12 00:00:00,39.75,6.95,170.0,0.25
2023-08-12 01:00:00,37.2,5.7,170.0,0.25
2023-08-12 02:00:00,36.1,4.6,170.0,0.0
2023-08-12 03:00:00,35.85,5.4,170.0,0.0
2023-08-12 04:00:00,35.0,6.2,170.0,0.0
2023-08-12 05:00:00,34.4,7.2,589.5,0.0
2023-08-12 06:00:00,33.849999999999994,7.2,185.0,0.0
2023-08-12 07:00:00,32.2,9.3,190.0,0.25
2023-08-12 08:00:00,31.1,11.3,200.0,0.25
2023-08-12 09:00:00,30.55,9.5,200.0,0.125
2023-08-12 10:00:00,28.9,7.7,190.0,0.0
2023-08-12 11:00:00,28.3,7.7,190.0,0.25
2023-08-12 12:00:00,28.3,7.949999999999999,190.0,0.25
2023-08-12 13:00:00,30.0,8.2,200.0,0.25
2023-08-12 14:00:00,32.2,8.2,200.0,0.25
2023-08-12 15:00:00,33.05,7.699999999999999,195.0,0.25
2023-08-12 16:00:00,35.6,6.2,170.0,0.25
2023-08-12 17:00:00,37.2,6.2,160.0,0.25
2023-08-12 18:00:00,37.75,5.65,165.0,0.25
2023-08-12 19:00:00,40.6,6.7,180.0,0.25
2023-08-12 20:00:00,41.1,6.2,180.0,0.25
2023-08-12 21:00:00,40.85,6.45,165.0,0.25
2023-08-12 22:00:00,41.1,7.2,160.0,0.25
2023-08-12 23:00:00,40.0,6.7,170.0,
2023-08-13 00:00:00,39.45,5.4,170.0,0.25
2023-08-13 01:00:00,37.2,4.6,160.0,0.25
2023-08-13 02:00:00,36.7,6.7,170.0,0.25
2023-08-13 03:00:00,35.85,4.9,160.0,0.25
2023-08-13 04:00:00,33.3,2.6,150.0,0.25
2023-08-13 05:00:00,33.9,5.1,584.5,0.25
2023-08-13 06:00:00,33.599999999999994,6.6499999999999995,180.0,0.25
2023-08-13 07:00:00,32.2,7.2,190.0,0.25
2023-08-13 08:00:00,31.7,8.2,190.0,0.25
2023-08-13 09:00:00,31.15,6.949999999999999,190.0,0.25
2023-08-13 10:00:00,30.0,8.2,200.0,0.25
2023-08-13 11:00:00,28.9,7.2,200.0,0.25
2023-08-13 12:00:00,28.9,6.15,200.0,0.25
2023-08-13 13:00:00,30.0,6.7,210.0,0.25
2023-08-13 14:00:00,31.7,9.3,200.0,0.25
2023-08-13 15:00:00,32.8,8.5,200.0,0.25
2023-08-13 16:00:00,35.0,6.7,200.0,0.0
2023-08-13 17:00:00,36.7,4.6,190.0,0.0
2023-08-13 18:00:00,37.5,4.35,210.0,0.0
2023-08-13 19:00:00,39.4,3.1,170.0,0.25
2023-08-13 20:00:00,40.6,4.1,180.0,0.0
2023-08-13 21:00:00,40.85,4.9,175.0,0.0
2023-08-13 22:00:00,40.6,4.6,200.0,0.0
2023-08-13 23:00:00,40.0,6.7,160.0,0.0
2023-08-14 00:00:00,39.15,6.7,165.0,0.25
2023-08-14 01:00:00,37.2,4.6,160.0,0.25
2023-08-14 02:00:00,36.1,5.1,160.0,0.0
2023-08-14 03:00:00,35.55,5.1,165.0,0.0
2023-08-14 04:00:00,34.4,5.7,180.0,0.0
2023-08-14 05:00:00,33.9,6.2,594.5,0.0
2023-08-14 06:00:00,33.9,7.199999999999999,195.0,0.0
2023-08-14 07:00:00,32.8,7.2,200.0,0.0
2023-08-14 08:00:00,31.7,6.2,200.0,0.0
2023-08-14 09:00:00,31.15,5.4,200.0,0.0
2023-08-14 10:00:00,30.6,3.6,200.0,0.0
2023-08-14 11:00:00,29.4,1.5,180.0,0.25
2023-08-14 12:00:00,30.0,2.8,185.0,0.25
2023-08-14 13:00:00,31.7,6.2,210.0,0.0
2023-08-14 14:00:00,32.8,4.6,210.0,0.0
2023-08-14 15:00:00,34.2,4.35,250.0,0.0
2023-08-14 16:00:00,37.2,4.6,330.0,0.25
2023-08-14 17:00:00,36.7,8.2,10.0,0.25
2023-08-14 18:00:00,36.400000000000006,7.199999999999999,10.0,0.25
2023-08-14 19:00:00,36.7,5.7,10.0,0.25
2023-08-14 20:00:00,36.7,7.2,10.0,0.25
2023-08-14 21:00:00,36.400000000000006,6.95,15.0,0.25
2023-08-14 22:00:00,35.0,7.7,30.0,0.25
2023-08-14 23:00:00,33.9,7.2,10.0,0.5
2023-08-15 00:00:00,32.8,8.0,15.0,0.5
2023-08-15 01:00:00,30.0,7.2,20.0,0.5
2023-08-15 02:00:00,28.3,5.1,40.0,0.5
2023-08-15 03:00:00,28.05,4.6,30.0,0.5
2023-08-15 04:00:00,27.2,4.1,20.0,0.5
2023-08-15 05:00:00,27.2,5.1,509.5,0.5
2023-08-15 06:00:00,26.65,4.85,20.0,0.5
2023-08-15 07:00:00,25.0,3.6,10.0,0.25
2023-08-15 08:00:00,25.6,3.1,340.0,0.25
2023-08-15 09:00:00,25.3,3.1,340.0,0.375
2023-08-15 10:00:00,24.4,3.1,350.0,0.5
2023-08-15 11:00:00,25.0,4.1,20.0,
2023-08-15 12:00:00,25.0,3.0999999999999996,25.0,0.75
2023-08-15 13:00:00,27.8,2.6,20.0,
2023-08-15 14:00:00,28.9,3.6,40.0,0.5
2023-08-15 15:00:00,29.75,4.1,55.0,0.5
2023-08-15 16:00:00,31.1,3.6,30.0,0.25
2023-08-15 17:00:00,32.8,7.2,340.0,0.25
2023-08-15 18:00:00,32.8,5.9,345.0,0.25
2023-08-15 19:00:00,33.3,7.2,360.0,0.25
2023-08-15 20:00:00,33.9,1.5,999.0,0.25
2023-08-15 21:00:00,34.15,3.6,509.5,0.25
2023-08-15 22:00:00,33.9,6.7,40.0,0.25
2023-08-15 23:00:00,33.3,5.1,10.0,0.0
2023-08-16 00:00:00,32.5,5.4,15.0,0.0
2023-08-16 01:00:00,30.0,4.6,30.0,0.0
2023-08-16 02:00:00,27.8,3.6,40.0,0.0
2023-08-16 03:00:00,28.05,4.65,50.0,0.0
2023-08-16 04:00:00,27.2,4.6,50.0,0.0
2023-08-16 05:00:00,25.6,4.1,529.5,0.0
2023-08-16 06:00:00,24.75,3.8499999999999996,65.0,0.0
2023-08-16 07:00:00,23.9,2.6,80.0,0.0
2023-08-16 08:00:00,23.3,3.1,100.0,0.0
2023-08-16 09:00:00,23.05,2.3,95.0,0.0
2023-08-16 10:00:00,22.2,1.5,50.0,0.0
2023-08-16 11:00:00,22.2,0.0,999.0,0.0
2023-08-16 12:00:00,23.049999999999997,0.75,534.5,0.0
2023-08-16 13:00:00,26.1,2.1,100.0,0.0
2023-08-16 14:00:00,27.8,2.6,110.0,0.0
2023-08-16 15:00:00,28.05,2.05,554.5,0.0
2023-08-16 16:00:00,31.1,2.1,999.0,0.0
2023-08-16 17:00:00,31.7,2.6,999.0,0.0
2023-08-16 18:00:00,32.25,2.05,664.5,0.0
2023-08-16 19:00:00,33.9,3.6,30.0,0.0
2023-08-16 20:00:00,35.0,0.0,999.0,0.0
2023-08-16 21:00:00,35.3,0.75,544.5,0.0
2023-08-16 22:00:00,35.0,3.1,110.0,0.0
2023-08-16 23:00:00,34.4,3.1,100.0,0.0
2023-08-17 00:00:00,33.3,3.8499999999999996,115.0,0.0
2023-08-17 01:00:00,30.0,3.1,110.0,0.0
2023-08-17 02:00:00,28.9,3.1,130.0,0.0
2023-08-17 03:00:00,28.35,3.35,125.0,0.0
2023-08-17 04:00:00,28.3,4.1,130.0,0.0
2023-08-17 05:00:00,26.7,3.6,559.5,0.0
2023-08-17 06:00:00,26.7,4.1,130.0,0.0
2023-08-17 07:00:00,26.1,4.6,140.0,0.0
2023-08-17 08:00:00,25.0,3.6,150.0,0.0
2023-08-17 09:00:00,24.7,3.1,140.0,0.0
2023-08-17 10:00:00,25.0,4.1,180.0,0.0
2023-08-17 11:00:00,25.0,2.6,130.0,0.0
2023-08-17 12:00:00,25.3,3.1,135.0,0.0
2023-08-17 13:00:00,27.2,3.6,130.0,0.0
2023-08-17 14:00:00,30.6,3.6,150.0,
2023-08-17 15:00:00,32.8,4.6,170.0,0.0
2023-08-17 16:00:00,36.1,4.1,210.0,0.0
2023-08-17 17:00:00,38.3,5.1,190.0,0.0
2023-08-17 18:00:00,38.849999999999994,4.1,180.0,0.25
2023-08-17 19:00:00,42.2,1.5,999.0,0.25
2023-08-17 20:00:00,42.2,3.6,160.0,0.25
2023-08-17 21:00:00,42.2,3.35,140.0,0.25
2023-08-17 22:00:00,42.2,3.6,170.0,0.25
2023-08-17 23:00:00,41.7,5.7,160.0,0.25
2023-08-18 00:00:00,40.85,5.7,160.0,0.25
2023-08-18 01:00:00,38.3,4.6,150.0,0.25
2023-08-18 02:00:00,37.2,5.1,160.0,0.25
2023-08-18 03:00:00,36.400000000000006,4.6,160.0,0.125
2023-08-18 04:00:00,35.0,4.1,170.0,0.0
2023-08-18 05:00:00,33.9,3.6,589.5,0.0
2023-08-18 06:00:00,33.599999999999994,3.35,175.0,0.0
2023-08-18 07:00:00,31.7,2.1,180.0,0.0
2023-08-18 08:00:00,31.7,3.1,170.0,0.0
2023-08-18 09:00:00,30.85,3.1,175.0,0.0
2023-08-18 10:00:00,28.9,2.6,180.0,0.0
2023-08-18 11:00:00,28.3,2.1,170.0,0.25
2023-08-18 12:00:00,28.85,2.35,170.0,0.125
2023-08-18 13:00:00,31.1,4.6,190.0,0.0
2023-08-18 14:00:00,33.9,4.6,200.0,0.0
2023-08-18 15:00:00,34.75,4.6,205.0,0.0
2023-08-18 16:00:00,38.3,4.1,200.0,0.0
2023-08-18 17:00:00,40.6,4.1,190.0,0.0
2023-08-18 18:00:00,41.150000000000006,4.35,185.0,0.0
2023-08-18 19:00:00,42.2,2.6,999.0,0.0
2023-08-18 20:00:00,42.8,5.1,180.0,0.0
2023-08-18 21:00:00,42.8,5.1,160.0,0.25
2023-08-18 22:00:00,42.2,1.5,200.0,0.25
2023-08-18 23:00:00,41.1,4.1,160.0,0.25
2023-08-19 00:00:00,40.55,4.6,160.0,0.25
2023-08-19 01:00:00,37.8,5.1,170.0,0.25
2023-08-19 02:00:00,36.7,4.6,170.0,0.0
2023-08-19 03:00:00,36.400000000000006,5.15,170.0,0.0
2023-08-19 04:00:00,34.4,5.7,190.0,0.0
2023-08-19 05:00:00,34.4,6.2,599.5,0.0
2023-08-19 06:00:00,34.15,6.2,200.0,0.0
2023-08-19 07:00:00,33.3,5.7,210.0,0.0
2023-08-19 08:00:00,32.2,6.7,210.0,0.0
2023-08-19 09:00:00,31.950000000000003,6.2,215.0,0.0
2023-08-19 10:00:00,30.6,4.6,210.0,0.0
2023-08-19 11:00:00,29.4,4.6,220.0,0.25
2023-08-19 12:00:00,29.7,3.5999999999999996,215.0,0.25
2023-08-19 13:00:00,32.2,3.1,240.0,0.25
2023-08-19 14:00:00,34.4,4.1,240.0,0.25
2023-08-19 15:00:00,35.55,4.35,245.0,0.125
2023-08-19 16:00:00,37.8,3.1,210.0,0.0
2023-08-19 17:00:00,39.4,5.1,190.0,0.25
2023-08-19 18:00:00,39.7,4.6,175.0,0.125
2023-08-19 19:00:00,40.6,4.1,190.0,0.0
2023-08-19 20:00:00,40.6,0.0,999.0,0.25
2023-08-19 21:00:00,41.1,3.0999999999999996,145.0,0.25
2023-08-19 22:00:00,41.1,6.2,160.0,0.25
2023-08-19 23:00:00,40.0,3.6,150.0,0.25
2023-08-20 00:00:00,39.15,3.8499999999999996,140.0,0.25
2023-08-20 01:00:00,37.2,3.6,140.0,0.25
2023-08-20 02:00:00,35.6,1.5,150.0,0.25
2023-08-20 03:00:00,35.3,2.05,155.0,0.25
2023-08-20 04:00:00,34.4,2.1,160.0,0.25
2023-08-20 05:00:00,32.2,2.6,544.5,0.25
2023-08-20 06:00:00,32.2,2.85,115.0,0.125
2023-08-20 07:00:00,32.8,2.1,210.0,0.0
2023-08-20 08:00:00,32.8,1.5,210.0,0.0
2023-08-20 09:00:00,31.95,0.75,604.5,0.0
2023-08-20 10:00:00,31.1,0.0,999.0,0.0
2023-08-20 11:00:00,29.4,0.0,999.0,0.25
2023-08-20 12:00:00,30.25,1.3,674.5,0.125
2023-08-20 13:00:00,34.4,2.6,10.0,0.0
2023-08-20 14:00:00,36.7,3.1,340.0,0.0
2023-08-20 15:00:00,37.8,3.1,335.0,0.0
2023-08-20 16:00:00,40.0,3.6,360.0,0.0
2023-08-20 17:00:00,40.6,3.1,350.0,0.25
2023-08-20 18:00:00,41.400000000000006,4.4,210.0,0.25
2023-08-20 19:00:00,41.7,5.7,70.0,0.25
2023-08-20 20:00:00,42.2,4.6,80.0,0.25
2023-08-20 21:00:00,42.2,4.6,70.0,0.25
2023-08-20 22:00:00,41.7,5.1,50.0,0.25
2023-08-20 23:00:00,40.6,5.7,80.0,0.0
2023-08-21 00:00:00,39.75,5.95,75.0,0.0
2023-08-21 01:00:00,37.8,4.6,70.0,0.0
2023-08-21 02:00:00,36.7,4.6,100.0,0.0
2023-08-21 03:00:00,36.400000000000006,4.1,100.0,0.0
2023-08-21 04:00:00,35.0,3.1,100.0,0.0
2023-08-21 05:00:00,33.9,3.1,549.5,0.0
2023-08-21 06:00:00,33.05,2.85,100.0,0.0
2023-08-21 07:00:00,31.7,4.1,100.0,0.25
2023-08-21 08:00:00,30.6,3.1,90.0,0.25
2023-08-21 09:00:00,30.0,2.85,80.0,0.25
2023-08-21 10:00:00,27.8,3.6,50.0,0.25
2023-08-21 11:00:00,27.8,3.1,70.0,0.25
2023-08-21 12:00:00,28.6,2.6,65.0,0.25
2023-08-21 13:00:00,31.1,3.6,100.0,0.25
2023-08-21 14:00:00,32.2,3.6,70.0,0.25
2023-08-21 15:00:00,33.3,3.35,534.5,0.25
2023-08-21 16:00:00,36.7,2.6,999.0,0.25
2023-08-21 17:00:00,38.3,5.1,80.0,0.0
2023-08-21 18:00:00,38.849999999999994,6.15,80.0,0.0
2023-08-21 19:00:00,39.4,3.6,100.0,0.25
2023-08-21 20:00:00,40.6,6.2,90.0,0.5
2023-08-21 21:00:00,40.85,6.2,100.0,0.5
2023-08-21 22:00:00,40.6,7.2,110.0,
2023-08-21 23:00:00,39.4,5.1,90.0,
2023-08-22 00:00:00,38.599999999999994,5.1,95.0,0.75
2023-08-22 01:00:00,37.2,4.1,100.0,
2023-08-22 02:00:00,36.1,3.1,100.0,0.5
2023-08-22 03:00:00,35.55,3.1,90.0,0.5
2023-08-22 04:00:00,34.4,3.1,100.0,0.5
2023-08-22 05:00:00,33.9,3.1,549.5,0.25
2023-08-22 06:00:00,33.349999999999994,3.5999999999999996,105.0,0.375
2023-08-22 07:00:00,31.7,3.1,110.0,0.5
2023-08-22 08:00:00,31.1,3.1,100.0,0.25
2023-08-22 09:00:00,30.25,2.85,115.0,0.25
2023-08-22 10:00:00,28.9,3.6,130.0,0.25
2023-08-22 11:00:00,28.3,2.1,140.0,0.5
2023-08-22 12:00:00,29.15,2.6,150.0,0.25
2023-08-22 13:00:00,31.7,4.6,190.0,0.0
2023-08-22 14:00:00,33.3,4.6,190.0,0.25
2023-08-22 15:00:00,33.849999999999994,4.35,165.0,0.25
2023-08-22 16:00:00,36.1,4.1,150.0,0.25
2023-08-22 17:00:00,38.3,5.7,140.0,0.25
2023-08-22 18:00:00,38.05,5.4,120.0,0.375
2023-08-22 19:00:00,38.9,5.1,130.0,
2023-08-22 20:00:00,39.4,6.7,100.0,
2023-08-22 21:00:00,39.15,5.9,85.0,0.75
2023-08-22 22:00:00,37.8,3.1,110.0,
2023-08-22 23:00:00,37.8,5.1,100.0,
2023-08-23 00:00:00,37.25,4.6,95.0,0.75
2023-08-23 01:00:00,36.1,4.1,100.0,
2023-08-23 02:00:00,35.0,3.1,90.0,
2023-08-23 03:00:00,34.45,3.35,95.0,0.75
2023-08-23 04:00:00,33.3,2.6,100.0,
2023-08-23 05:00:00,32.8,2.6,549.5,
2023-08-23 06:00:00,32.5,2.85,105.0,0.75
2023-08-23 07:00:00,31.1,3.6,140.0,
2023-08-23 08:00:00,30.6,2.1,160.0,
2023-08-23 09:00:00,30.0,2.35,175.0,0.75
2023-08-23 10:00:00,29.4,3.1,200.0,
2023-08-23 11:00:00,28.3,2.6,200.0,
2023-08-23 12:00:00,29.15,3.3499999999999996,200.0,0.75
2023-08-23 13:00:00,30.6,4.1,220.0,
2023-08-23 14:00:00,32.2,3.6,220.0,
2023-08-23 15:00:00,33.05,3.1,215.0,0.625
2023-08-23 16:00:00,35.6,3.6,180.0,0.5
2023-08-23 17:00:00,36.7,5.7,170.0,0.5
2023-08-23 18:00:00,36.7,4.15,584.5,0.5
2023-08-23 19:00:00,38.3,2.6,999.0,0.5
2023-08-23 20:00:00,38.9,3.1,100.0,
2023-08-23 21:00:00,38.9,2.6,549.5,0.625
2023-08-23 22:00:00,38.9,4.1,120.0,0.5
2023-08-23 23:00:00,37.8,3.6,110.0,0.5
2023-08-24 00:00:00,37.25,3.6,130.0,0.5
2023-08-24 01:00:00,35.6,3.1,160.0,0.25
2023-08-24 02:00:00,35.6,2.1,180.0,0.0
2023-08-24 03:00:00,34.45,2.1,140.0,0.25
2023-08-24 04:00:00,33.3,2.6,110.0,0.25
2023-08-24 05:00:00,31.7,3.1,559.5,0.5
2023-08-24 06:00:00,31.4,3.1,130.0,0.5
2023-08-24 07:00:00,31.7,3.6,140.0,0.5
2023-08-24 08:00:00,31.1,2.6,180.0,
2023-08-24 09:00:00,30.85,2.05,150.0,0.75
2023-08-24 10:00:00,29.4,1.5,80.0,0.5
2023-08-24 11:00:00,30.0,2.1,140.0,
2023-08-24 12:00:00,30.55,2.1,140.0,0.75
2023-08-24 13:00:00,32.8,3.6,170.0,
2023-08-24 14:00:00,34.4,2.6,220.0,
2023-08-24 15:00:00,35.55,2.05,609.5,0.75
2023-08-24 16:00:00,37.8,0.0,999.0,
2023-08-24 17:00:00,38.3,3.1,80.0,0.5
2023-08-24 18:00:00,38.849999999999994,2.6,135.0,0.5
2023-08-24 19:00:00,40.0,0.0,999.0,0.5
2023-08-24 20:00:00,40.6,2.6,999.0,
2023-08-24 21:00:00,40.85,2.05,999.0,0.75
2023-08-24 22:00:00,40.6,2.6,100.0,
2023-08-24 23:00:00,39.4,4.1,100.0,
2023-08-25 00:00:00,38.599999999999994,4.1,100.0,0.75
2023-08-25 01:00:00,36.7,3.1,110.0,
2023-08-25 02:00:00,35.6,2.6,110.0,
2023-08-25 03:00:00,35.3,2.35,105.0,0.75
2023-08-25 04:00:00,35.0,5.1,100.0,
2023-08-25 05:00:00,33.9,3.1,549.5,
2023-08-25 06:00:00,33.599999999999994,3.1,105.0,0.625
2023-08-25 07:00:00,32.2,2.6,110.0,
2023-08-25 08:00:00,31.1,2.6,130.0,
2023-08-25 09:00:00,31.1,2.85,135.0,0.75
2023-08-25 10:00:00,30.0,1.5,120.0,0.5
2023-08-25 11:00:00,30.0,0.0,999.0,0.5
2023-08-25 12:00:00,30.3,0.75,569.5,0.25
2023-08-25 13:00:00,32.8,2.6,120.0,0.25
2023-08-25 14:00:00,33.9,2.1,130.0,
2023-08-25 15:00:00,35.0,1.05,564.5,0.5
2023-08-25 16:00:00,38.9,2.1,999.0,0.25
2023-08-25 17:00:00,40.0,0.0,999.0,0.5
2023-08-25 18:00:00,40.55,1.3,649.5,0.5
2023-08-25 19:00:00,40.6,3.1,70.0,0.5
2023-08-25 20:00:00,42.2,2.1,999.0,0.5
2023-08-25 21:00:00,41.95,3.0999999999999996,549.5,0.5
2023-08-25 22:00:00,41.7,3.1,170.0,0.5
2023-08-25 23:00:00,40.6,4.1,80.0,0.25
2023-08-26 00:00:00,39.75,4.35,100.0,0.25
2023-08-26 01:00:00,36.1,3.1,140.0,0.5
2023-08-26 02:00:00,35.6,3.6,130.0,0.25
2023-08-26 03:00:00,35.0,3.1,135.0,0.25
2023-08-26 04:00:00,34.4,1.5,160.0,0.25
2023-08-26 05:00:00,33.3,2.1,579.5,0.25
2023-08-26 06:00:00,33.3,2.85,180.0,0.375
2023-08-26 07:00:00,33.9,4.1,210.0,0.5
2023-08-26 08:00:00,32.2,2.6,200.0,0.5
2023-08-26 09:00:00,31.650000000000002,3.3499999999999996,200.0,0.5
2023-08-26 10:00:00,30.6,3.6,200.0,0.5
2023-08-26 11:00:00,30.0,3.1,200.0,0.5
2023-08-26 12:00:00,30.3,3.5999999999999996,200.0,0.5
2023-08-26 13:00:00,32.2,4.1,200.0,
2023-08-26 14:00:00,33.9,2.6,220.0,0.5
2023-08-26 15:00:00,34.75,2.05,609.5,0.375
2023-08-26 16:00:00,38.3,2.1,170.0,0.25
2023-08-26 17:00:00,41.1,0.0,999.0,0.25
2023-08-26 18:00:00,41.400000000000006,0.0,999.0,0.25
2023-08-26 19:00:00,41.7,2.6,210.0,
2023-08-26 20:00:00,42.2,1.5,999.0,0.5
2023-08-26 21:00:00,41.95,1.5,999.0,0.5
2023-08-26 22:00:00,42.2,0.0,999.0,0.5
2023-08-26 23:00:00,41.7,0.0,999.0,0.5
2023-08-27 00:00:00,40.55,2.85,679.5,0.5
2023-08-27 01:00:00,37.8,2.6,70.0,
2023-08-27 02:00:00,37.2,2.6,100.0,
2023-08-27 03:00:00,36.650000000000006,4.4,65.0,0.75
2023-08-27 04:00:00,35.0,3.6,40.0,
2023-08-27 05:00:00,33.9,5.1,509.5,
2023-08-27 06:00:00,33.349999999999994,4.35,25.0,0.625
2023-08-27 07:00:00,31.1,3.1,50.0,0.5
2023-08-27 08:00:00,31.1,4.1,340.0,0.5
2023-08-27 09:00:00,30.85,3.8499999999999996,345.0,0.5
2023-08-27 10:00:00,30.0,5.1,360.0,0.5
2023-08-27 11:00:00,29.4,4.1,10.0,0.5
2023-08-27 12:00:00,29.4,5.15,185.0,0.5
2023-08-27 13:00:00,30.6,7.2,10.0,0.5
2023-08-27 14:00:00,31.7,6.7,20.0,
2023-08-27 15:00:00,32.25,6.7,15.0,0.75
2023-08-27 16:00:00,35.0,7.7,360.0,
2023-08-27 17:00:00,36.7,8.2,360.0,
2023-08-27 18:00:00,35.55,6.3999999999999995,185.0,0.75
2023-08-27 19:00:00,37.8,7.2,20.0,
2023-08-27 20:00:00,37.1,6.7,15.0,
2023-08-27 21:00:00,34.45,4.6,295.0,
2023-08-27 22:00:00,28.9,4.1,190.0,
2023-08-27 23:00:00,32.25,3.5999999999999996,280.0,
2023-08-28 00:00:00,31.7,4.1,260.0,0.75
2023-08-28 01:00:00,28.95,3.35,200.0,
2023-08-28 02:00:00,28.3,4.1,230.0,
2023-08-28 03:00:00,27.75,3.5999999999999996,195.0,0.625
2023-08-28 04:00:00,26.7,0.0,999.0,0.5
2023-08-28 05:00:00,27.2,1.5,514.5,0.25
2023-08-28 06:00:00,28.049999999999997,2.8,30.0,0.25
2023-08-28 07:00:00,28.9,5.1,30.0,
2023-08-28 08:00:00,27.8,5.1,10.0,0.5
2023-08-28 09:00:00,27.8,5.4,10.0,0.5
2023-08-28 10:00:00,26.7,5.1,10.0,0.25
2023-08-28 11:00:00,26.1,6.7,10.0,0.25
2023-08-28 12:00:00,26.1,5.4,10.0,0.25
2023-08-28 13:00:00,27.2,6.2,20.0,0.25
2023-08-28 14:00:00,28.9,5.7,360.0,0.25
2023-08-28 15:00:00,29.75,6.949999999999999,185.0,0.375
2023-08-28 16:00:00,32.2,6.7,350.0,0.5
2023-08-28 17:00:00,32.8,4.6,10.0,0.5
2023-08-28 18:00:00,33.05,4.35,15.0,0.5
2023-08-28 19:00:00,33.9,4.6,350.0,0.25
2023-08-28 20:00:00,34.4,6.7,350.0,0.25
2023-08-28 21:00:00,34.4,7.449999999999999,180.0,0.25
2023-08-28 22:00:00,33.9,6.7,10.0,0.25
2023-08-28 23:00:00,33.3,5.7,10.0,0.25
2023-08-29 00:00:00,32.5,5.15,10.0,0.25
2023-08-29 01:00:00,30.0,4.6,20.0,0.25
2023-08-29 02:00:00,28.3,3.6,20.0,0.25
2023-08-29 03:00:00,28.05,3.8499999999999996,25.0,0.25
2023-08-29 04:00:00,27.8,4.6,30.0,0.25
2023-08-29 05:00:00,27.8,3.6,509.5,
2023-08-29 06:00:00,26.950000000000003,3.6,20.0,0.625
2023-08-29 07:00:00,25.0,3.1,10.0,0.25
2023-08-29 08:00:00,24.4,3.1,10.0,0.25
2023-08-29 09:00:00,24.15,2.85,15.0,0.25
2023-08-29 10:00:00,23.9,2.6,20.0,0.25
2023-08-29 11:00:00,23.9,2.6,10.0,0.25
2023-08-29 12:00:00,24.75,2.6,20.0,0.25
2023-08-29 13:00:00,27.1,2.6,45.0,0.25
2023-08-29 14:00:00,28.9,2.1,120.0,0.25
2023-08-29 15:00:00,29.45,1.05,559.5,0.25
2023-08-29 16:00:00,32.2,2.1,60.0,0.5
2023-08-29 17:00:00,33.9,5.7,10.0,0.5
2023-08-29 18:00:00,33.9,4.9,15.0,0.5
2023-08-29 19:00:00,35.0,6.2,350.0,0.5
2023-08-29 20:00:00,36.7,5.7,20.0,0.5
2023-08-29 21:00:00,36.7,5.95,25.0,0.5
2023-08-29 22:00:00,36.1,5.7,50.0,0.25
2023-08-29 23:00:00,35.0,5.7,30.0,0.5
2023-08-30 00:00:00,34.15,4.9,40.0,0.5
2023-08-30 01:00:00,32.2,2.1,90.0,
2023-08-30 02:00:00,31.7,1.5,90.0,
2023-08-30 03:00:00,31.7,0.75,544.5,0.75
2023-08-30 04:00:00,29.4,3.6,20.0,
2023-08-30 05:00:00,28.3,3.1,509.5,0.5
2023-08-30 06:00:00,28.3,3.1,15.0,0.5
2023-08-30 07:00:00,27.8,3.1,350.0,0.25
2023-08-30 08:00:00,26.7,3.6,350.0,0.25
2023-08-30 09:00:00,26.4,3.35,350.0,0.25
2023-08-30 10:00:00,25.6,3.6,350.0,0.25
2023-08-30 11:00:00,25.0,4.1,340.0,0.25
2023-08-30 12:00:00,25.55,3.8499999999999996,340.0,0.25
2023-08-30 13:00:00,28.3,4.1,360.0,0.25
2023-08-30 14:00:00,30.0,4.6,30.0,0.25
2023-08-30 15:00:00,31.1,3.8499999999999996,514.5,0.25
2023-08-30 16:00:00,33.3,5.1,40.0,0.25
2023-08-30 17:00:00,35.0,6.2,20.0,0.25
2023-08-30 18:00:00,35.3,6.2,20.0,0.375
2023-08-30 19:00:00,36.1,6.7,360.0,0.5
2023-08-30 20:00:00,35.6,4.6,40.0,0.5
2023-08-30 21:00:00,35.85,4.35,200.0,0.375
2023-08-30 22:00:00,35.6,4.6,20.0,0.25
2023-08-30 23:00:00,35.0,4.1,20.0,0.25
2023-08-31 00:00:00,33.9,4.1,20.0,0.25
2023-08-31 01:00:00,32.2,3.6,30.0,0.25
2023-08-31 02:00:00,30.0,2.6,40.0,0.0
2023-08-31 03:00:00,30.0,3.3499999999999996,45.0,0.0
2023-08-31 04:00:00,28.9,2.1,70.0,0.0
2023-08-31 05:00:00,27.8,2.1,529.5,0.0
2023-08-31 06:00:00,27.5,1.8,70.0,0.0
2023-08-31 07:00:00,25.6,2.1,30.0,0.0
2023-08-31 08:00:00,24.4,1.5,120.0,0.0
2023-08-31 09:00:00,25.25,0.75,559.5,0.0
2023-08-31 10:00:00,25.6,0.0,999.0,0.0
2023-08-31 11:00:00,24.4,1.5,70.0,0.0
2023-08-31 12:00:00,25.0,0.75,534.5,0.0
2023-08-31 13:00:00,27.8,4.1,140.0,
2023-08-31 14:00:00,30.6,4.6,170.0,0.0
2023-08-31 15:00:00,31.15,4.6,150.0,0.0
2023-08-31 16:00:00,32.8,4.1,150.0,0.0
2023-08-31 17:00:00,34.4,5.1,190.0,0.25
2023-08-31 18:00:00,34.4,3.5999999999999996,594.5,0.25
2023-08-31 19:00:00,36.1,0.0,999.0,0.25
2023-08-31 20:00:00,36.1,3.1,60.0,0.25
2023-08-31 21:00:00,36.400000000000006,1.55,529.5,0.25
2023-08-31 22:00:00,36.7,2.1,60.0,0.25
2023-08-31 23:00:00,35.0,3.1,120.0,0.25
2023-09-01 00:00:00,33.9,3.1,110.0,0.125
2023-09-01 01:00:00,31.7,3.1,100.0,0.0
2023-09-01 02:00:00,30.6,3.1,110.0,0.0
2023-09-01 03:00:00,30.85,4.1,110.0,0.0
2023-09-01 04:00:00,30.6,6.7,120.0,0.0
2023-09-01 05:00:00,28.9,3.6,706.0,0.0
2023-09-01 06:00:00,28.6,4.35,125.0,0.0
2023-09-01 07:00:00,27.8,5.7,130.0,0.0
2023-09-01 08:00:00,26.7,4.6,130.0,0.0
2023-09-01 09:00:00,26.4,4.35,130.0,0.0
2023-09-01 10:00:00,26.1,4.6,140.0,0.0
2023-09-01 11:00:00,25.0,5.1,120.0,0.0
2023-09-01 12:00:00,25.55,4.6,115.0,0.0
2023-09-01 13:00:00,27.8,7.2,130.0,0.0
2023-09-01 14:00:00,28.9,7.7,140.0,0.0
2023-09-01 15:00:00,30.0,6.95,135.0,0.0
2023-09-01 16:00:00,31.7,3.6,130.0,0.0
2023-09-01 17:00:00,33.9,4.6,110.0,0.0
2023-09-01 18:00:00,34.45,3.5999999999999996,554.5,0.25
2023-09-01 19:00:00,35.6,2.6,100.0,0.25
2023-09-01 20:00:00,36.1,2.1,120.0,0.25
2023-09-01 21:00:00,36.400000000000006,1.05,559.5,0.25
2023-09-01 22:00:00,35.6,2.6,100.0,0.25
2023-09-01 23:00:00,34.4,3.6,100.0,0.0
2023-09-02 00:00:00,33.849999999999994,4.1,105.0,0.0
2023-09-02 01:00:00,31.7,4.1,110.0,0.0
2023-09-02 02:00:00,30.6,4.1,100.0,0.0
2023-09-02 03:00:00,30.3,4.1,100.0,0.0
2023-09-02 04:00:00,28.9,4.6,100.0,0.0
2023-09-02 05:00:00,27.2,2.6,559.5,0.0
2023-09-02 06:00:00,26.95,2.05,150.0,0.0
2023-09-02 07:00:00,23.9,1.5,90.0,0.0
2023-09-02 08:00:00,24.4,0.0,999.0,0.0
2023-09-02 09:00:00,24.4,1.05,569.5,0.0
2023-09-02 10:00:00,21.7,2.1,90.0,0.0
2023-09-02 11:00:00,22.2,2.1,90.0,0.25
2023-09-02 12:00:00,23.049999999999997,1.8,110.0,0.125
2023-09-02 13:00:00,26.1,2.6,100.0,0.5
2023-09-02 14:00:00,27.8,2.1,110.0,
2023-09-02 15:00:00,28.35,2.85,95.0,0.75
2023-09-02 16:00:00,32.2,3.6,90.0,
2023-09-02 17:00:00,33.9,0.0,999.0,
2023-09-02 18:00:00,35.0,1.8,679.5,0.625
2023-09-02 19:00:00,36.1,4.6,90.0,0.5
2023-09-02 20:00:00,35.0,0.0,999.0,
2023-09-02 21:00:00,35.3,1.05,674.5,0.75
2023-09-02 22:00:00,34.4,1.5,80.0,
2023-09-02 23:00:00,33.9,3.6,60.0,
2023-09-03 00:00:00,33.05,3.1,65.0,0.75
2023-09-03 01:00:00,30.6,3.1,70.0,
2023-09-03 02:00:00,31.1,2.1,80.0,
2023-09-03 03:00:00,30.55,1.8,75.0,0.75
2023-09-03 04:00:00,28.9,2.6,100.0,
2023-09-03 05:00:00,28.9,1.5,554.5,
2023-09-03 06:00:00,28.6,0.75,554.5,0.75
2023-09-03 07:00:00,27.8,2.1,110.0,
2023-09-03 08:00:00,25.6,2.1,120.0,
2023-09-03 09:00:00,26.4,1.8,160.0,0.75
2023-09-03 10:00:00,26.7,2.1,200.0,
2023-09-03 11:00:00,27.2,4.1,160.0,
2023-09-03 12:00:00,26.433333333333334,2.9333333333333336,133.33333333333334,0.75
2023-09-03 13:00:00,27.375,2.85,157.5,
2023-09-03 14:00:00,28.3,2.6,999.0,
2023-09-03 15:00:00,28.733333333333334,4.633333333333333,456.3333333333333,0.75
2023-09-03 16:00:00,30.6,3.1,200.0,
2023-09-03 17:00:00,33.9,3.1,180.0,
2023-09-03 18:00:00,34.45,2.3,175.0,0.75
2023-09-03 19:00:00,36.1,3.1,190.0,
2023-09-03 20:00:00,37.2,5.1,160.0,
2023-09-03 21:00:00,37.2,5.1,140.0,0.75
2023-09-03 22:00:00,32.2,8.2,100.0,
2023-09-03 23:00:00,27.766666666666666,6.666666666666667,130.0,
2023-09-04 00:00:00,25.900000000000002,5.833333333333333,143.33333333333334,0.75
2023-09-04 01:00:00,27.2,2.6,90.0,
2023-09-04 02:00:00,26.7,3.1,130.0,
2023-09-04 03:00:00,26.7,3.8499999999999996,140.0,0.75
2023-09-04 04:00:00,28.3,6.7,150.0,
2023-09-04 05:00:00,26.7,3.6,569.5,
2023-09-04 06:00:00,26.4,3.6,140.0,0.75
2023-09-04 07:00:00,26.1,3.6,150.0,
2023-09-04 08:00:00,25.6,3.6,160.0,
2023-09-04 09:00:00,25.6,3.6,170.0,0.75
2023-09-04 10:00:00,26.1,5.1,180.0,
2023-09-04 11:00:00,26.1,4.6,180.0,
2023-09-04 12:00:00,26.4,4.85,180.0,0.625
2023-09-04 13:00:00,28.3,5.1,180.0,
2023-09-04 14:00:00,30.0,5.7,170.0,0.5
2023-09-04 15:00:00,30.85,6.2,180.0,0.5
2023-09-04 16:00:00,33.3,4.1,170.0,0.25
2023-09-04 17:00:00,35.0,5.1,180.0,0.25
2023-09-04 18:00:00,35.55,4.85,165.0,0.375
2023-09-04 19:00:00,36.1,5.7,170.0,0.5
2023-09-04 20:00:00,37.2,7.7,180.0,0.25
2023-09-04 21:00:00,37.2,7.2,170.0,0.25
2023-09-04 22:00:00,36.7,5.7,140.0,0.25
2023-09-04 23:00:00,36.1,6.2,180.0,0.25
2023-09-05 00:00:00,35.25,5.65,175.0,0.25
2023-09-05 01:00:00,33.3,4.1,170.0,0.0
2023-09-05 02:00:00,32.2,8.2,150.0,0.0
2023-09-05 03:00:00,31.650000000000002,7.199999999999999,150.0,0.0
2023-09-05 04:00:00,30.6,6.7,160.0,0.0
2023-09-05 05:00:00,30.0,6.2,584.5,0.0
2023-09-05 06:00:00,29.7,6.2,165.0,0.0
2023-09-05 07:00:00,28.9,4.1,160.0,0.0
2023-09-05 08:00:00,28.3,4.6,150.0,0.0
2023-09-05 09:00:00,28.05,5.4,160.0,0.0
2023-09-05 10:00:00,27.8,5.7,180.0,0.0
2023-09-05 11:00:00,27.2,7.2,180.0,0.0
2023-09-05 12:00:00,27.5,6.95,185.0,0.25
2023-09-05 13:00:00,28.9,8.2,200.0,
2023-09-05 14:00:00,30.6,7.7,200.0,0.25
2023-09-05 15:00:00,32.8,7.2,180.0,0.25
2023-09-05 16:00:00,34.4,7.2,180.0,0.25
2023-09-05 17:00:00,36.1,6.2,180.0,0.0
2023-09-05 18:00:00,36.650000000000006,6.2,165.0,0.25
2023-09-05 19:00:00,38.3,5.1,190.0,0.25
2023-09-05 20:00:00,38.9,4.6,180.0,0.25
2023-09-05 21:00:00,39.15,5.65,190.0,0.25
2023-09-05 22:00:00,38.9,6.7,160.0,0.25
2023-09-05 23:00:00,37.8,7.7,190.0,0.25
2023-09-06 00:00:00,37.25,6.4,180.0,0.25
2023-09-06 01:00:00,35.0,3.6,170.0,0.25
2023-09-06 02:00:00,32.8,3.6,140.0,0.25
2023-09-06 03:00:00,32.8,4.1,140.0,0.25
2023-09-06 04:00:00,32.2,4.6,140.0,0.25
2023-09-06 05:00:00,31.7,5.7,574.5,0.25
2023-09-06 06:00:00,31.4,5.7,160.0,0.25
2023-09-06 07:00:00,30.0,4.1,190.0,0.5
2023-09-06 08:00:00,30.0,3.6,210.0,0.5
2023-09-06 09:00:00,30.0,4.35,195.0,0.5
2023-09-06 10:00:00,28.9,5.1,170.0,0.5
2023-09-06 11:00:00,28.9,5.7,200.0,
2023-09-06 12:00:00,28.9,4.4,210.0,0.625
2023-09-06 13:00:00,30.6,2.1,200.0,0.5
2023-09-06 14:00:00,31.7,5.7,200.0,0.5
2023-09-06 15:00:00,32.5,4.65,215.0,0.5
2023-09-06 16:00:00,35.0,4.1,230.0,0.5
2023-09-06 17:00:00,37.2,3.1,230.0,0.5
2023-09-06 18:00:00,37.75,1.55,614.5,0.375
2023-09-06 19:00:00,38.9,0.0,999.0,0.25
2023-09-06 20:00:00,39.4,2.6,40.0,0.25
2023-09-06 21:00:00,39.15,2.6,80.0,0.25
2023-09-06 22:00:00,39.4,1.5,999.0,0.25
2023-09-06 23:00:00,38.9,3.1,70.0,0.25
2023-09-07 00:00:00,37.5,2.85,70.0,0.25
2023-09-07 01:00:00,35.0,2.6,50.0,0.5
2023-09-07 02:00:00,34.4,2.6,110.0,0.5
2023-09-07 03:00:00,33.849999999999994,2.05,145.0,0.5
2023-09-07 04:00:00,33.9,0.0,999.0,0.0
2023-09-07 05:00:00,32.8,0.0,999.0,0.25
2023-09-07 06:00:00,31.7,0.0,999.0,0.125
2023-09-07 07:00:00,30.0,0.0,999.0,0.0
2023-09-07 08:00:00,29.4,2.1,150.0,0.0
2023-09-07 09:00:00,29.7,2.35,165.0,0.0
2023-09-07 10:00:00,29.4,2.6,190.0,0.0
2023-09-07 11:00:00,27.2,0.0,999.0,0.0
2023-09-07 12:00:00,27.8,2.1,160.0,0.0
2023-09-07 13:00:00,30.6,3.1,190.0,
2023-09-07 14:00:00,33.3,3.1,190.0,0.0
2023-09-07 15:00:00,34.96666666666667,3.6,210.0,0.25
2023-09-07 16:00:00,38.3,2.1,280.0,0.0
2023-09-07 17:00:00,39.4,3.1,270.0,0.25
2023-09-07 18:00:00,39.4,2.3,634.5,0.25
2023-09-07 19:00:00,41.1,1.5,999.0,0.25
2023-09-07 20:00:00,41.7,2.1,60.0,0.5
2023-09-07 21:00:00,41.400000000000006,2.85,115.0,0.375
2023-09-07 22:00:00,41.1,2.1,999.0,0.25
2023-09-07 23:00:00,40.0,3.1,220.0,0.25
2023-09-08 00:00:00,38.6,2.85,190.0,0.125
2023-09-08 01:00:00,35.6,3.6,170.0,0.0
2023-09-08 02:00:00,36.1,4.1,180.0,0.0
2023-09-08 03:00:00,35.25,4.1,185.0,0.0
2023-09-08 04:00:00,32.8,3.1,180.0,0.0
2023-09-08 05:00:00,32.8,4.1,589.5,0.0
2023-09-08 06:00:00,31.95,3.8499999999999996,185.0,0.0
2023-09-08 07:00:00,30.6,3.6,210.0,0.0
2023-09-08 08:00:00,30.0,3.6,220.0,0.0
2023-09-08 09:00:00,29.45,4.1,210.0,0.0
2023-09-08 10:00:00,28.9,4.1,210.0,0.0
2023-09-08 11:00:00,27.8,4.1,210.0,0.25
2023-09-08 12:00:00,28.9,3.8499999999999996,215.0,0.25
2023-09-08 13:00:00,32.2,4.1,230.0,0.25
2023-09-08 14:00:00,35.0,5.1,240.0,0.25
2023-09-08 15:00:00,36.4,5.65,245.0,0.25
2023-09-08 16:00:00,40.0,5.1,270.0,0.5
2023-09-08 17:00:00,41.1,3.1,200.0,0.5
2023-09-08 18:00:00,41.1,4.1,205.0,0.5
2023-09-08 19:00:00,41.7,3.1,240.0,0.5
2023-09-08 20:00:00,41.7,7.2,210.0,0.5
2023-09-08 21:00:00,42.25,3.6,604.5,0.5
2023-09-08 22:00:00,41.7,3.1,999.0,0.5
2023-09-08 23:00:00,41.1,4.1,170.0,0.5
2023-09-09 00:00:00,39.45,5.15,135.0,0.5
2023-09-09 01:00:00,35.0,6.7,110.0,
2023-09-09 02:00:00,34.4,8.25,100.0,
2023-09-09 03:00:00,31.266666666666666,7.2,200.0,0.75
2023-09-09 04:00:00,28.35,11.05,240.0,
2023-09-09 05:00:00,27.05,5.15,419.6666666666667,
2023-09-09 06:00:00,27.25,5.95,235.0,0.75
2023-09-09 07:00:00,27.6,7.7,75.0,
2023-09-09 08:00:00,25.6,4.1,100.0,
2023-09-09 09:00:00,25.6,5.4,115.0,0.75
2023-09-09 10:00:00,25.6,7.2,130.0,
2023-09-09 11:00:00,25.0,4.1,110.0,
2023-09-09 12:00:00,25.15,4.225,125.0,0.75
2023-09-09 13:00:00,25.6,4.6,120.0,0.5
2023-09-09 14:00:00,26.7,3.6,150.0,0.5
2023-09-09 15:00:00,27.5,3.1,574.5,0.375
2023-09-09 16:00:00,30.6,3.6,150.0,0.25
2023-09-09 17:00:00,32.8,5.1,110.0,0.25
2023-09-09 18:00:00,33.05,3.5999999999999996,554.5,0.25
2023-09-09 19:00:00,35.0,2.1,999.0,0.25
2023-09-09 20:00:00,35.6,0.0,999.0,0.25
2023-09-09 21:00:00,35.6,2.55,524.5,0.25
2023-09-09 22:00:00,35.0,5.7,60.0,0.25
2023-09-09 23:00:00,33.3,6.2,70.0,0.25
2023-09-10 00:00:00,32.5,5.4,70.0,0.25
2023-09-10 01:00:00,31.1,6.2,80.0,0.0
2023-09-10 02:00:00,30.0,3.6,100.0,0.0
2023-09-10 03:00:00,29.45,3.35,105.0,0.0
2023-09-10 04:00:00,27.2,2.6,120.0,0.0
2023-09-10 05:00:00,26.7,3.1,549.5,0.25
2023-09-10 06:00:00,26.4,1.55,549.5,0.25
2023-09-10 07:00:00,25.6,0.0,999.0,0.25
2023-09-10 08:00:00,25.0,2.1,160.0,0.25
2023-09-10 09:00:00,24.45,2.1,150.0,0.25
2023-09-10 10:00:00,22.8,3.6,100.0,0.25
2023-09-10 11:00:00,23.3,2.6,100.0,
2023-09-10 12:00:00,23.05,2.6,80.0,0.75
2023-09-10 13:00:00,24.4,3.6,110.0,
2023-09-10 14:00:00,25.6,3.1,120.0,
2023-09-10 15:00:00,26.15,3.1,130.0,0.75
2023-09-10 16:00:00,29.4,2.6,130.0,
2023-09-10 17:00:00,30.6,4.1,80.0,
2023-09-10 18:00:00,30.85,5.65,125.0,0.75
2023-09-10 19:00:00,32.2,3.6,90.0,
2023-09-10 20:00:00,33.9,6.2,120.0,0.25
2023-09-10 21:00:00,33.9,5.65,110.0,0.25
2023-09-10 22:00:00,33.3,3.1,110.0,0.25
2023-09-10 23:00:00,32.2,3.6,90.0,0.25
2023-09-11 00:00:00,31.400000000000002,3.6,95.0,0.25
2023-09-11 01:00:00,29.4,4.6,110.0,0.25
2023-09-11 02:00:00,27.2,3.6,130.0,0.5
2023-09-11 03:00:00,26.65,3.6,125.0,0.5
2023-09-11 04:00:00,24.4,3.6,130.0,0.25
2023-09-11 05:00:00,25.6,4.1,564.5,0.5
2023-09-11 06:00:00,25.0,4.1,130.0,0.5
2023-09-11 07:00:00,24.4,4.1,130.0,
2023-09-11 08:00:00,24.4,6.2,130.0,
2023-09-11 09:00:00,24.15,5.65,135.0,1.0
2023-09-11 10:00:00,23.3,2.6,130.0,
2023-09-11 11:00:00,24.7,5.9,295.0,
2023-09-11 12:00:00,23.85,3.8499999999999996,310.0,1.0
2023-09-11 13:00:00,23.9,0.0,999.0,
2023-09-11 14:00:00,25.6,4.1,100.0,
2023-09-11 15:00:00,25.85,4.6,125.0,
2023-09-11 16:00:00,27.8,5.7,140.0,
2023-09-11 17:00:00,29.4,4.6,130.0,
2023-09-11 18:00:00,30.0,4.1,120.0,0.75
2023-09-11 19:00:00,31.7,5.1,120.0,
2023-09-11 20:00:00,31.1,4.6,160.0,
2023-09-11 21:00:00,31.4,3.8499999999999996,579.5,0.75
2023-09-11 22:00:00,31.1,5.1,120.0,
2023-09-11 23:00:00,30.0,5.1,120.0,
2023-09-12 00:00:00,29.7,4.85,120.0,0.75
2023-09-12 01:00:00,28.9,4.6,120.0,
2023-09-12 02:00:00,27.8,2.6,120.0,
2023-09-12 03:00:00,27.8,2.85,120.0,0.75
2023-09-12 04:00:00,25.85,4.65,205.0,
2023-09-12 05:00:00,22.75,2.85,749.3333333333334,
2023-09-12 06:00:00,22.75,1.05,679.5,0.75
2023-09-12 07:00:00,22.8,2.6,340.0,
2023-09-12 08:00:00,23.3,4.1,340.0,
2023-09-12 09:00:00,23.3,3.8499999999999996,335.0,1.0
2023-09-12 10:00:00,23.3,3.1,350.0,
2023-09-12 11:00:00,22.8,4.6,10.0,
2023-09-12 12:00:00,22.8,4.85,20.0,1.0
2023-09-12 13:00:00,23.3,5.7,10.0,
2023-09-12 14:00:00,23.3,5.1,10.0,
2023-09-12 15:00:00,23.6,4.6,20.0,1.0
2023-09-12 16:00:00,25.0,4.6,350.0,
2023-09-12 17:00:00,26.1,5.1,340.0,
2023-09-12 18:00:00,26.950000000000003,5.1,345.0,0.75
2023-09-12 19:00:00,27.8,6.2,10.0,
2023-09-12 20:00:00,27.8,5.1,350.0,
2023-09-12 21:00:00,27.25,5.9,355.0,0.75
2023-09-12 22:00:00,26.1,6.2,350.0,
2023-09-12 23:00:00,25.6,6.2,360.0,
2023-09-13 00:00:00,25.3,6.45,360.0,1.0
2023-09-13 01:00:00,23.9,5.7,10.0,
2023-09-13 02:00:00,23.3,5.1,10.0,
2023-09-13 03:00:00,23.05,4.85,15.0,0.75
2023-09-13 04:00:00,22.2,3.1,20.0,
2023-09-13 05:00:00,22.8,3.1,504.5,
2023-09-13 06:00:00,22.8,3.1,15.0,1.0
2023-09-13 07:00:00,22.5,2.85,20.0,
2023-09-13 08:00:00,21.7,2.6,20.0,
2023-09-13 09:00:00,21.4,2.6,25.0,1.0
2023-09-13 10:00:00,21.1,2.85,10.0,
2023-09-13 11:00:00,21.1,3.1,40.0,
2023-09-13 12:00:00,21.5,2.766666666666667,143.33333333333334,1.0
2023-09-13 13:00:00,22.1,3.1,20.0,
2023-09-13 14:00:00,22.8,2.1,20.0,
2023-09-13 15:00:00,23.05,1.05,509.5,1.0
2023-09-13 16:00:00,24.266666666666666,0.0,999.0,
2023-09-13 17:00:00,26.1,1.5,70.0,
2023-09-13 18:00:00,27.200000000000003,1.5,70.0,0.75
2023-09-13 19:00:00,27.8,1.5,110.0,
2023-09-13 20:00:00,27.8,2.6,70.0,
2023-09-13 21:00:00,27.5,2.85,75.0,0.75
2023-09-13 22:00:00,27.2,4.1,110.0,
2023-09-13 23:00:00,26.7,4.1,100.0,
2023-09-14 00:00:00,26.7,3.5999999999999996,100.0,1.0
2023-09-14 01:00:00,26.1,2.6,110.0,
2023-09-14 02:00:00,23.9,3.1,150.0,
2023-09-14 03:00:00,23.6,3.1,145.0,1.0
2023-09-14 04:00:00,22.866666666666664,3.766666666666667,130.0,
2023-09-14 05:00:00,22.8,3.1,433.0,
2023-09-14 06:00:00,22.400000000000002,2.766666666666667,153.33333333333334,0.75
2023-09-14 07:00:00,22.2,4.1,130.0,
2023-09-14 08:00:00,21.7,2.6,110.0,
2023-09-14 09:00:00,21.95,2.85,105.0,1.0
2023-09-14 10:00:00,21.7,1.8,105.0,
2023-09-14 11:00:00,21.7,3.1,125.0,
2023-09-14 12:00:00,21.7,3.1,103.33333333333333,
2023-09-14 13:00:00,22.1,3.35,80.0,
2023-09-14 14:00:00,22.2,3.6,110.0,
2023-09-14 15:00:00,21.825,3.8499999999999996,107.5,1.0
2023-09-14 16:00:00,22.25,4.35,100.0,
2023-09-14 17:00:00,22.8,4.1,125.0,
2023-09-14 18:00:00,23.35,4.1,115.0,1.0
2023-09-14 19:00:00,24.15,3.3499999999999996,115.0,
2023-09-14 20:00:00,23.9,2.6,110.0,
2023-09-14 21:00:00,23.35,2.6,110.0,1.0
2023-09-14 22:00:00,24.2,3.1,110.0,
2023-09-14 23:00:00,23.85,4.9,85.0,
2023-09-15 00:00:00,23.03333333333333,3.966666666666667,80.0,1.0
2023-09-15 01:00:00,22.666666666666668,4.3,80.0,
2023-09-15 02:00:00,22.5,3.8499999999999996,90.0,
2023-09-15 03:00:00,21.95,3.1,105.0,0.75
2023-09-15 04:00:00,21.7,2.6,110.0,
2023-09-15 05:00:00,21.1,2.1,549.5,0.5
2023-09-15 06:00:00,21.066666666666666,1.9000000000000001,90.0,0.5
2023-09-15 07:00:00,21.85,3.1,80.0,
2023-09-15 08:00:00,21.8,3.4333333333333336,90.0,
2023-09-15 09:00:00,21.8,3.266666666666667,80.0,1.0
2023-09-15 10:00:00,21.7,2.1,80.0,
2023-09-15 11:00:00,21.3,2.4333333333333336,110.0,
2023-09-15 12:00:00,21.5,2.566666666666667,100.0,1.0
2023-09-15 13:00:00,22.8,2.1,90.0,
2023-09-15 14:00:00,22.8,2.1,90.0,
2023-09-15 15:00:00,22.975,1.425,312.25,1.0
2023-09-15 16:00:00,23.2,3.1,113.33333333333333,
2023-09-15 17:00:00,25.6,4.1,90.0,
2023-09-15 18:00:00,26.700000000000003,3.8499999999999996,115.0,0.75
2023-09-15 19:00:00,27.2,2.55,115.0,
2023-09-15 20:00:00,26.95,3.0999999999999996,145.0,
2023-09-15 21:00:00,27.5,3.3499999999999996,140.0,0.75
2023-09-15 22:00:00,27.8,3.1,999.0,
2023-09-15 23:00:00,27.2,2.6,80.0,0.5
2023-09-16 00:00:00,26.65,2.85,70.0,0.375
2023-09-16 01:00:00,25.6,2.1,80.0,0.25
2023-09-16 02:00:00,25.0,1.5,100.0,0.25
2023-09-16 03:00:00,24.45,0.75,549.5,0.25
2023-09-16 04:00:00,23.9,0.0,999.0,0.25
2023-09-16 05:00:00,23.3,1.5,549.5,0.25
2023-09-16 06:00:00,23.05,0.75,549.5,0.125
2023-09-16 07:00:00,22.8,0.0,999.0,0.0
2023-09-16 08:00:00,22.8,0.0,999.0,0.25
2023-09-16 09:00:00,21.950000000000003,0.0,999.0,0.25
2023-09-16 10:00:00,21.1,2.6,360.0,0.25
2023-09-16 11:00:00,20.6,3.1,20.0,0.5
2023-09-16 12:00:00,20.85,2.3,35.0,0.5
2023-09-16 13:00:00,23.9,1.5,999.0,
2023-09-16 14:00:00,25.6,0.0,999.0,
2023-09-16 15:00:00,25.85,0.0,999.0,1.0
2023-09-16 16:00:00,26.7,0.0,999.0,
2023-09-16 17:00:00,27.2,1.5,20.0,
2023-09-16 18:00:00,27.5,1.8,509.5,1.0
2023-09-16 19:00:00,29.4,1.5,999.0,
2023-09-16 20:00:00,30.6,2.6,999.0,
2023-09-16 21:00:00,29.75,3.3499999999999996,504.5,0.75
2023-09-16 22:00:00,29.4,2.6,10.0,
2023-09-16 23:00:00,28.9,2.1,360.0,0.5
2023-09-17 00:00:00,28.049999999999997,1.8,679.5,0.375
2023-09-17 01:00:00,26.1,3.1,240.0,0.5
2023-09-17 02:00:00,26.1,3.1,270.0,0.25
2023-09-17 03:00:00,25.85,3.35,270.0,0.375
2023-09-17 04:00:00,24.4,0.0,999.0,0.25
2023-09-17 05:00:00,22.8,0.0,999.0,0.25
2023-09-17 06:00:00,23.05,1.3,679.5,0.25
2023-09-17 07:00:00,22.8,2.6,340.0,0.5
2023-09-17 08:00:00,22.2,3.1,340.0,0.25
2023-09-17 09:00:00,21.95,2.85,345.0,0.125
2023-09-17 10:00:00,21.7,2.1,360.0,0.25
2023-09-17 11:00:00,20.6,3.1,350.0,0.25
2023-09-17 12:00:00,20.85,3.1,350.0,0.125
2023-09-17 13:00:00,23.3,3.1,20.0,0.0
2023-09-17 14:00:00,26.1,3.1,30.0,0.25
2023-09-17 15:00:00,26.950000000000003,3.35,40.0,0.25
2023-09-17 16:00:00,28.9,1.5,999.0,0.25
2023-09-17 17:00:00,30.0,1.5,999.0,0.25
2023-09-17 18:00:00,30.55,3.6,509.5,0.25
2023-09-17 19:00:00,31.7,4.1,350.0,0.25
2023-09-17 20:00:00,32.8,4.1,20.0,0.25
2023-09-17 21:00:00,32.5,3.0999999999999996,509.5,0.25
2023-09-17 22:00:00,31.7,2.6,90.0,0.25
2023-09-17 23:00:00,31.1,1.5,350.0,0.25
2023-09-18 00:00:00,30.25,0.75,674.5,0.25
2023-09-18 01:00:00,27.8,0.0,999.0,0.0
2023-09-18 02:00:00,25.6,0.0,999.0,0.0
2023-09-18 03:00:00,25.0,0.75,514.5,0.25
2023-09-18 04:00:00,26.1,0.0,999.0,0.25
2023-09-18 05:00:00,22.8,1.5,564.5,0.25
2023-09-18 06:00:00,22.8,1.8,160.0,0.25
2023-09-18 07:00:00,21.1,2.1,200.0,0.25
2023-09-18 08:00:00,22.8,0.0,999.0,0.25
2023-09-18 09:00:00,22.25,0.0,999.0,0.25
2023-09-18 10:00:00,20.6,0.0,999.0,0.25
2023-09-18 11:00:00,21.1,1.5,220.0,0.25
2023-09-18 12:00:00,21.4,2.05,220.0,0.25
2023-09-18 13:00:00,24.4,2.1,220.0,0.25
2023-09-18 14:00:00,27.8,3.1,230.0,0.25
2023-09-18 15:00:00,29.200000000000003,3.5999999999999996,220.0,0.25
2023-09-18 16:00:00,32.2,5.1,170.0,0.25
2023-09-18 17:00:00,32.2,3.6,150.0,0.25
2023-09-18 18:00:00,32.75,3.6,170.0,0.25
2023-09-18 19:00:00,33.9,4.1,170.0,0.25
2023-09-18 20:00:00,33.2,2.1,999.0,0.25
2023-09-18 21:00:00,33.55,2.6,599.5,0.25
2023-09-18 22:00:00,33.3,3.6,210.0,0.0
2023-09-18 23:00:00,32.2,4.6,170.0,0.0
2023-09-19 00:00:00,31.400000000000002,4.6,170.0,0.25
2023-09-19 01:00:00,29.4,6.2,160.0,0.25
2023-09-19 02:00:00,28.3,5.1,160.0,0.25
2023-09-19 03:00:00,27.75,4.6,160.0,0.25
2023-09-19 04:00:00,25.6,4.1,160.0,0.25
2023-09-19 05:00:00,25.0,2.6,579.5,0.0
2023-09-19 06:00:00,25.3,4.15,165.0,0.25
2023-09-19 07:00:00,25.6,5.1,170.0,0.5
2023-09-19 08:00:00,25.6,5.7,180.0,0.5
2023-09-19 09:00:00,25.3,5.7,180.0,0.5
2023-09-19 10:00:00,24.4,6.7,190.0,0.25
2023-09-19 11:00:00,23.9,5.1,180.0,0.25
2023-09-19 12:00:00,24.15,5.1,185.0,0.25
2023-09-19 13:00:00,26.7,6.7,200.0,
2023-09-19 14:00:00,28.9,9.8,190.0,
2023-09-19 15:00:00,30.6,9.8,200.0,
2023-09-19 16:00:00,32.2,7.7,200.0,
2023-09-19 17:00:00,33.3,6.7,170.0,
2023-09-19 18:00:00,33.9,8.8,210.0,
2023-09-19 19:00:00,34.4,9.3,200.0,
2023-09-19 20:00:00,35.0,8.8,180.0,
2023-09-19 21:00:00,35.6,8.8,170.0,
2023-09-19 22:00:00,33.9,7.2,170.0,
2023-09-19 23:00:00,30.0,9.25,100.0,
2023-09-20 00:00:00,24.266666666666666,9.433333333333334,120.0,
2023-09-20 01:00:00,28.3,7.2,150.0,
2023-09-20 02:00:00,29.4,4.85,150.0,
2023-09-20 03:00:00,27.5,4.6,115.0,1.0
2023-09-20 04:00:00,21.1,7.7,130.0,
2023-09-20 05:00:00,22.0,9.55,423.0,0.5
2023-09-20 06:00:00,21.866666666666664,7.233333333333334,120.0,0.5
2023-09-20 07:00:00,22.25,7.199999999999999,145.0,
2023-09-20 08:00:00,22.8,4.6,90.0,
2023-09-20 09:00:00,22.96666666666667,5.133333333333333,136.66666666666666,0.625
2023-09-20 10:00:00,23.3,4.6,190.0,0.5
2023-09-20 11:00:00,23.3,5.1,180.0,0.5
2023-09-20 12:00:00,23.6,5.9,190.0,0.375
2023-09-20 13:00:00,26.1,7.7,200.0,0.5
2023-09-20 14:00:00,26.7,6.7,190.0,0.5
2023-09-20 15:00:00,28.35,6.95,195.0,0.5
2023-09-20 16:00:00,31.7,6.2,160.0,0.5
2023-09-20 17:00:00,32.2,6.2,160.0,0.5
2023-09-20 18:00:00,32.5,6.7,150.0,0.5
2023-09-20 19:00:00,32.2,8.2,120.0,
2023-09-20 20:00:00,33.3,6.2,140.0,0.5
2023-09-20 21:00:00,33.599999999999994,6.2,150.0,0.375
2023-09-20 22:00:00,33.9,7.7,150.0,0.25
2023-09-20 23:00:00,33.3,7.2,150.0,0.25
2023-09-21 00:00:00,32.5,5.9,140.0,0.25
2023-09-21 01:00:00,30.0,5.1,130.0,0.25
2023-09-21 02:00:00,29.4,6.2,130.0,0.0
2023-09-21 03:00:00,29.15,5.4,135.0,0.0
2023-09-21 04:00:00,28.3,6.2,150.0,0.0
2023-09-21 05:00:00,27.8,5.7,579.5,0.0
2023-09-21 06:00:00,27.5,5.4,160.0,0.25
2023-09-21 07:00:00,26.7,5.7,170.0,0.25
2023-09-21 08:00:00,26.1,5.7,170.0,0.25
2023-09-21 09:00:00,26.1,5.15,175.0,0.25
2023-09-21 10:00:00,25.6,3.6,150.0,
2023-09-21 11:00:00,25.0,3.6,160.0,
2023-09-21 12:00:00,25.0,3.6,155.0,0.75
2023-09-21 13:00:00,26.1,4.1,160.0,
2023-09-21 14:00:00,28.3,4.6,170.0,0.5
2023-09-21 15:00:00,28.85,5.15,175.0,0.5
2023-09-21 16:00:00,31.7,6.7,160.0,
2023-09-21 17:00:00,32.8,7.7,190.0,
2023-09-21 18:00:00,33.599999999999994,7.45,195.0,0.75
2023-09-21 19:00:00,35.0,6.2,180.0,
2023-09-21 20:00:00,34.4,8.2,150.0,
2023-09-21 21:00:00,33.599999999999994,7.699999999999999,145.0,0.75
2023-09-21 22:00:00,32.2,8.2,170.0,
2023-09-21 23:00:00,31.7,5.1,140.0,
2023-09-22 00:00:00,31.15,3.5999999999999996,125.0,0.75
2023-09-22 01:00:00,26.1,2.6,10.0,0.5
2023-09-22 02:00:00,27.2,3.6,80.0,
2023-09-22 03:00:00,27.5,3.6,85.0,0.75
2023-09-22 04:00:00,27.2,5.1,110.0,
2023-09-22 05:00:00,26.7,4.6,554.5,0.5
2023-09-22 06:00:00,26.7,4.35,120.0,0.5
2023-09-22 07:00:00,26.7,5.7,140.0,0.5
2023-09-22 08:00:00,26.7,5.1,160.0,0.5
2023-09-22 09:00:00,26.7,4.35,160.0,0.5
2023-09-22 10:00:00,26.7,4.1,190.0,
2023-09-22 11:00:00,26.7,4.6,190.0,
2023-09-22 12:00:00,26.7,5.15,180.0,0.75
2023-09-22 13:00:00,27.2,5.1,190.0,
2023-09-22 14:00:00,28.9,6.7,190.0,0.5
2023-09-22 15:00:00,29.75,6.7,195.0,0.5
2023-09-22 16:00:00,32.2,6.2,200.0,
2023-09-22 17:00:00,34.4,6.7,170.0,0.5
2023-09-22 18:00:00,35.0,6.2,175.0,0.5
2023-09-22 19:00:00,35.0,7.2,180.0,0.5
2023-09-22 20:00:00,36.1,6.2,170.0,0.5
2023-09-22 21:00:00,35.85,5.65,170.0,0.375
2023-09-22 22:00:00,35.6,5.7,160.0,0.25
2023-09-22 23:00:00,34.4,6.2,160.0,0.5
2023-09-23 00:00:00,33.849999999999994,5.65,155.0,0.375
2023-09-23 01:00:00,31.7,6.2,140.0,0.25
2023-09-23 02:00:00,31.1,5.7,140.0,0.25
2023-09-23 03:00:00,30.85,5.15,145.0,0.375
2023-09-23 04:00:00,29.4,4.6,130.0,0.5
2023-09-23 05:00:00,27.8,4.1,569.5,0.25
2023-09-23 06:00:00,27.8,4.1,140.0,0.25
2023-09-23 07:00:00,26.7,3.1,120.0,0.25
2023-09-23 08:00:00,26.7,4.6,150.0,0.25
2023-09-23 09:00:00,26.7,4.1,150.0,0.25
2023-09-23 10:00:00,26.7,4.1,170.0,0.25
2023-09-23 11:00:00,26.1,4.6,170.0,0.25
2023-09-23 12:00:00,26.4,3.8499999999999996,165.0,0.25
2023-09-23 13:00:00,27.8,5.1,180.0,0.25
2023-09-23 14:00:00,30.0,6.7,170.0,0.25
2023-09-23 15:00:00,31.1,6.95,185.0,0.25
2023-09-23 16:00:00,33.9,6.2,170.0,0.25
2023-09-23 17:00:00,35.6,5.7,170.0,0.25
2023-09-23 18:00:00,36.150000000000006,5.95,165.0,0.375
2023-09-23 19:00:00,37.2,8.2,160.0,0.5
2023-09-23 20:00:00,37.2,7.7,170.0,0.25
2023-09-23 21:00:00,37.2,8.25,170.0,0.25
2023-09-23 22:00:00,36.7,8.8,180.0,0.25
2023-09-23 23:00:00,35.6,6.2,180.0,0.25
2023-09-24 00:00:00,35.0,6.2,170.0,0.25
2023-09-24 01:00:00,33.3,5.7,170.0,0.25
2023-09-24 02:00:00,32.8,7.2,160.0,0.25
2023-09-24 03:00:00,32.25,5.9,165.0,0.25
2023-09-24 04:00:00,31.7,6.2,180.0,0.25
2023-09-24 05:00:00,31.7,8.2,589.5,0.25
2023-09-24 06:00:00,31.15,7.949999999999999,180.0,0.25
2023-09-24 07:00:00,30.0,9.8,190.0,0.25
2023-09-24 08:00:00,29.4,8.8,190.0,0.25
2023-09-24 09:00:00,29.15,8.25,195.0,0.25
2023-09-24 10:00:00,28.3,6.2,190.0,0.25
2023-09-24 11:00:00,27.8,5.1,200.0,0.5
2023-09-24 12:00:00,27.5,5.4,190.0,0.375
2023-09-24 13:00:00,28.9,8.8,190.0,0.25
2023-09-24 14:00:00,31.1,7.7,200.0,0.5
2023-09-24 15:00:00,31.95,7.45,200.0,0.5
2023-09-24 16:00:00,34.4,6.2,210.0,0.5
2023-09-24 17:00:00,35.6,3.6,230.0,
2023-09-24 18:00:00,35.85,3.8499999999999996,200.0,0.75
2023-09-24 19:00:00,37.2,2.1,120.0,
2023-09-24 20:00:00,38.3,6.2,170.0,0.5
2023-09-24 21:00:00,37.75,5.95,160.0,0.5
2023-09-24 22:00:00,36.85,4.85,150.0,
2023-09-24 23:00:00,30.6,3.1,190.0,
2023-09-25 00:00:00,29.633333333333336,2.6,150.0,0.75
2023-09-25 01:00:00,27.2,2.1,140.0,
2023-09-25 02:00:00,26.4,2.6,539.5,
2023-09-25 03:00:00,24.599999999999998,3.466666666666667,136.66666666666666,0.75
2023-09-25 04:00:00,24.15,1.5,330.0,0.5
2023-09-25 05:00:00,23.9,2.6,524.5,
2023-09-25 06:00:00,24.15,2.6,75.0,0.75
2023-09-25 07:00:00,23.400000000000002,5.133333333333333,110.0,
2023-09-25 08:00:00,22.8,2.6,90.0,
2023-09-25 09:00:00,22.8,3.1,105.0,1.0
2023-09-25 10:00:00,22.8,2.6,160.0,
2023-09-25 11:00:00,22.9,2.1,30.0,
2023-09-25 12:00:00,23.05,2.1,30.0,1.0
2023-09-25 13:00:00,23.85,1.05,514.5,
2023-09-25 14:00:00,25.6,1.5,190.0,
2023-09-25 15:00:00,26.700000000000003,2.05,275.0,0.75
2023-09-25 16:00:00,28.15,2.35,35.0,
2023-09-25 17:00:00,30.6,4.1,30.0,
2023-09-25 18:00:00,30.85,3.5999999999999996,514.5,0.625
2023-09-25 19:00:00,32.2,3.1,30.0,0.5
2023-09-25 20:00:00,32.8,5.7,10.0,0.5
2023-09-25 21:00:00,33.05,5.95,25.0,0.5
2023-09-25 22:00:00,32.8,5.1,30.0,0.25
2023-09-25 23:00:00,31.7,5.1,30.0,0.25
2023-09-26 00:00:00,30.85,4.85,30.0,0.25
2023-09-26 01:00:00,27.8,2.6,30.0,0.25
2023-09-26 02:00:00,28.3,4.1,30.0,0.5
2023-09-26 03:00:00,28.05,4.1,40.0,0.375
2023-09-26 04:00:00,26.7,3.6,60.0,0.5
2023-09-26 05:00:00,25.6,2.1,524.5,0.25
2023-09-26 06:00:00,25.0,2.35,50.0,0.125
2023-09-26 07:00:00,25.0,2.1,40.0,0.25
2023-09-26 08:00:00,23.9,2.6,340.0,0.0
2023-09-26 09:00:00,23.35,3.1,350.0,0.0
2023-09-26 10:00:00,22.8,2.6,340.0,0.0
2023-09-26 11:00:00,22.8,2.1,330.0,0.0
2023-09-26 12:00:00,22.8,2.1,340.0,0.0
2023-09-26 13:00:00,25.6,1.5,20.0,0.0
2023-09-26 14:00:00,27.8,1.5,999.0,0.0
2023-09-26 15:00:00,28.9,2.05,999.0,0.25
2023-09-26 16:00:00,31.1,2.1,999.0,0.25
2023-09-26 17:00:00,32.2,2.6,999.0,0.5
2023-09-26 18:00:00,31.950000000000003,3.1,514.5,0.5
2023-09-26 19:00:00,34.4,1.5,999.0,0.5
2023-09-26 20:00:00,34.4,3.1,999.0,0.5
2023-09-26 21:00:00,33.599999999999994,2.85,539.5,0.5
2023-09-26 22:00:00,33.9,1.5,120.0,0.25
2023-09-26 23:00:00,32.2,2.6,140.0,0.25
2023-09-27 00:00:00,30.55,2.6,130.0,0.25
2023-09-27 01:00:00,28.3,3.1,140.0,0.25
2023-09-27 02:00:00,28.3,2.6,140.0,0.25
2023-09-27 03:00:00,27.75,2.6,125.0,0.25
2023-09-27 04:00:00,26.7,2.6,110.0,0.25
2023-09-27 05:00:00,25.6,2.6,549.5,0.0
2023-09-27 06:00:00,25.6,2.35,125.0,0.0
2023-09-27 07:00:00,24.4,0.0,999.0,0.25
2023-09-27 08:00:00,23.3,0.0,999.0,0.25
2023-09-27 09:00:00,23.3,0.0,999.0,0.25
2023-09-27 10:00:00,22.8,0.0,999.0,0.25
2023-09-27 11:00:00,22.8,1.5,150.0,0.25
2023-09-27 12:00:00,23.05,1.5,160.0,0.25
2023-09-27 13:00:00,26.7,2.6,150.0,0.0
2023-09-27 14:00:00,28.9,3.6,180.0,0.25
2023-09-27 15:00:00,30.0,4.1,195.0,0.25
2023-09-27 16:00:00,32.2,2.6,200.0,0.25
2023-09-27 17:00:00,32.8,0.0,999.0,0.5
2023-09-27 18:00:00,33.599999999999994,0.75,999.0,0.5
2023-09-27 19:00:00,35.0,3.6,100.0,0.5
2023-09-27 20:00:00,34.4,2.6,999.0,0.5
2023-09-27 21:00:00,34.7,2.85,539.5,0.5
2023-09-27 22:00:00,33.9,2.1,140.0,0.25
2023-09-27 23:00:00,32.2,4.1,120.0,0.25
2023-09-28 00:00:00,30.8,3.5999999999999996,125.0,0.25
2023-09-28 01:00:00,29.4,3.1,100.0,0.0
2023-09-28 02:00:00,27.8,3.6,130.0,0.0
2023-09-28 03:00:00,27.25,3.6,135.0,0.0
2023-09-28 04:00:00,26.7,3.6,130.0,0.0
2023-09-28 05:00:00,26.1,2.6,569.5,0.0
2023-09-28 06:00:00,25.85,2.05,140.0,0.0
2023-09-28 07:00:00,25.0,2.1,150.0,0.25
2023-09-28 08:00:00,24.4,0.0,999.0,0.0
2023-09-28 09:00:00,24.4,0.75,554.5,0.0
2023-09-28 10:00:00,22.8,1.5,120.0,0.0
2023-09-28 11:00:00,22.8,2.6,120.0,0.0
2023-09-28 12:00:00,23.3,0.0,999.0,
2023-09-28 13:00:00,26.7,0.0,999.0,0.25
2023-09-28 14:00:00,29.4,1.5,220.0,0.25
2023-09-28 15:00:00,30.549999999999997,2.05,215.0,0.25
2023-09-28 16:00:00,33.3,4.1,160.0,0.25
2023-09-28 17:00:00,34.4,2.6,999.0,0.5
2023-09-28 18:00:00,34.15,2.05,999.0,0.5
2023-09-28 19:00:00,33.9,3.6,170.0,0.5
2023-09-28 20:00:00,36.1,4.1,150.0,0.5
2023-09-28 21:00:00,35.25,3.0999999999999996,150.0,0.5
2023-09-28 22:00:00,33.9,5.7,110.0,0.5
2023-09-28 23:00:00,32.8,5.7,130.0,0.25
2023-09-29 00:00:00,32.25,5.4,130.0,0.25
2023-09-29 01:00:00,30.6,5.1,140.0,0.25
2023-09-29 02:00:00,29.4,4.1,140.0,0.25
2023-09-29 03:00:00,28.85,3.0999999999999996,155.0,0.25
2023-09-29 04:00:00,28.3,3.6,160.0,0.0
2023-09-29 05:00:00,27.8,3.6,579.5,0.0
2023-09-29 06:00:00,27.5,3.6,155.0,0.0
2023-09-29 07:00:00,26.7,3.6,160.0,0.0
2023-09-29 08:00:00,25.6,4.1,150.0,0.0
2023-09-29 09:00:00,25.0,3.3499999999999996,135.0,0.0
2023-09-29 10:00:00,23.3,0.0,999.0,0.0
2023-09-29 11:00:00,23.3,1.5,110.0,0.0
2023-09-29 12:00:00,23.05,1.8,115.0,0.0
2023-09-29 13:00:00,26.7,3.1,190.0,0.0
2023-09-29 14:00:00,29.4,4.6,200.0,0.0
2023-09-29 15:00:00,31.1,5.1,190.0,
2023-09-29 16:00:00,32.2,4.1,180.0,0.25
2023-09-29 17:00:00,33.9,3.1,150.0,0.5
2023-09-29 18:00:00,34.4,5.7,170.0,0.5
2023-09-29 19:00:00,34.4,6.2,160.0,0.5
2023-09-29 20:00:00,35.6,4.1,150.0,0.25
2023-09-29 21:00:00,35.3,5.4,160.0,0.25
2023-09-29 22:00:00,33.9,6.2,160.0,0.25
2023-09-29 23:00:00,32.2,6.2,130.0,0.0
2023-09-30 00:00:00,31.400000000000002,6.2,125.0,0.0
2023-09-30 01:00:00,29.4,6.2,130.0,0.0
2023-09-30 02:00:00,28.9,5.1,130.0,0.0
2023-09-30 03:00:00,28.35,4.85,130.0,0.0
2023-09-30 04:00:00,27.2,3.6,140.0,0.0
2023-09-30 05:00:00,27.2,4.6,574.5,0.0
2023-09-30 06:00:00,26.65,3.8499999999999996,150.0,0.0
2023-09-30 07:00:00,25.6,3.6,150.0,0.0
2023-09-30 08:00:00,25.6,2.6,160.0,0.0
2023-09-30 09:00:00,25.0,3.1,170.0,0.0
2023-09-30 10:00:00,23.9,2.1,160.0,0.25
2023-09-30 11:00:00,23.3,1.5,120.0,0.25
2023-09-30 12:00:00,23.3,1.5,120.0,0.125
2023-09-30 13:00:00,26.1,2.1,140.0,0.25
2023-09-30 14:00:00,28.3,3.1,180.0,0.25
2023-09-30 15:00:00,29.450000000000003,4.1,180.0,0.25
2023-09-30 16:00:00,31.7,4.1,190.0,0.5
2023-09-30 17:00:00,32.8,4.1,190.0,0.5
2023-09-30 18:00:00,33.05,4.6,165.0,0.5
2023-09-30 19:00:00,33.9,4.1,170.0,0.25
2023-09-30 20:00:00,34.4,6.7,110.0,0.25
2023-09-30 21:00:00,34.15,5.65,130.0,0.25
2023-09-30 22:00:00,33.3,6.2,120.0,0.25
2023-09-30 23:00:00,31.7,5.7,130.0,0.25
2023-10-01 00:00:00,30.85,5.15,130.0,0.375
2023-10-01 01:00:00,28.3,3.6,130.0,0.5
2023-10-01 02:00:00,27.8,3.6,130.0,0.25
2023-10-01 03:00:00,27.25,3.6,125.0,0.25
2023-10-01 04:00:00,26.7,4.6,130.0,0.0
2023-10-01 05:00:00,26.1,4.6,709.3333333333334,0.0
2023-10-01 06:00:00,25.0,3.5999999999999996,135.0,0.0
2023-10-01 07:00:00,23.3,2.6,140.0,0.5
2023-10-01 08:00:00,23.3,1.5,170.0,0.5
2023-10-01 09:00:00,22.5,0.75,584.5,0.5
2023-10-01 10:00:00,22.2,0.0,999.0,0.5
2023-10-01 11:00:00,22.8,1.5,50.0,0.25
2023-10-01 12:00:00,22.25,1.5,45.0,0.25
2023-10-01 13:00:00,23.9,2.1,130.0,
2023-10-01 14:00:00,26.7,2.1,80.0,0.5
2023-10-01 15:00:00,27.799999999999997,1.05,539.5,0.5
2023-10-01 16:00:00,30.6,0.0,999.0,
2023-10-01 17:00:00,31.7,3.6,140.0,
2023-10-01 18:00:00,31.7,3.35,120.0,0.75
2023-10-01 19:00:00,32.8,3.1,130.0,
2023-10-01 20:00:00,33.9,3.1,90.0,
2023-10-01 21:00:00,33.349999999999994,3.35,100.0,0.75
2023-10-01 22:00:00,31.7,5.1,100.0,
2023-10-01 23:00:00,31.7,4.1,140.0,
2023-10-02 00:00:00,30.0,3.8499999999999996,135.0,0.625
2023-10-02 01:00:00,27.2,2.6,140.0,0.5
2023-10-02 02:00:00,26.7,2.1,130.0,0.5
2023-10-02 03:00:00,26.15,2.35,130.0,0.5
2023-10-02 04:00:00,25.0,3.1,120.0,
2023-10-02 05:00:00,25.0,0.0,999.0,0.5
2023-10-02 06:00:00,24.15,0.0,999.0,0.375
2023-10-02 07:00:00,23.3,2.6,100.0,0.25
2023-10-02 08:00:00,23.3,0.0,999.0,0.25
2023-10-02 09:00:00,23.3,0.0,999.0,0.25
2023-10-02 10:00:00,22.2,0.0,999.0,0.25
2023-10-02 11:00:00,22.2,0.0,999.0,0.25
2023-10-02 12:00:00,22.2,0.0,999.0,0.25
2023-10-02 13:00:00,25.0,2.1,110.0,0.25
2023-10-02 14:00:00,26.7,2.1,170.0,0.25
2023-10-02 15:00:00,27.5,1.05,584.5,0.25
2023-10-02 16:00:00,29.4,1.5,999.0,0.25
2023-10-02 17:00:00,30.6,,999.0,0.5
2023-10-02 18:00:00,31.15,2.6,604.5,0.5
2023-10-02 19:00:00,32.8,6.2,150.0,0.5
2023-10-02 20:00:00,32.2,4.6,140.0,
2023-10-02 21:00:00,31.950000000000003,4.85,140.0,0.75
2023-10-02 22:00:00,31.7,6.2,150.0,
2023-10-02 23:00:00,30.0,7.2,130.0,
2023-10-03 00:00:00,29.45,6.15,130.0,0.625
2023-10-03 01:00:00,27.8,4.1,120.0,0.5
2023-10-03 02:00:00,26.7,4.1,130.0,
2023-10-03 03:00:00,26.7,4.35,135.0,0.75
2023-10-03 04:00:00,25.0,3.6,130.0,
2023-10-03 05:00:00,24.4,3.6,559.5,
2023-10-03 06:00:00,24.15,3.35,115.0,0.75
2023-10-03 07:00:00,23.3,2.6,110.0,
2023-10-03 08:00:00,22.8,2.1,120.0,
2023-10-03 09:00:00,22.8,2.1,130.0,0.75
2023-10-03 10:00:00,21.7,3.1,120.0,
2023-10-03 11:00:00,21.7,0.0,999.0,0.5
2023-10-03 12:00:00,21.95,1.05,554.5,0.5
2023-10-03 13:00:00,24.4,2.6,140.0,0.5
2023-10-03 14:00:00,26.7,4.1,160.0,0.5
2023-10-03 15:00:00,27.5,4.6,165.0,0.375
2023-10-03 16:00:00,30.0,5.7,200.0,0.5
2023-10-03 17:00:00,31.1,6.2,170.0,0.5
2023-10-03 18:00:00,31.4,5.4,165.0,0.5
2023-10-03 19:00:00,32.2,6.2,170.0,0.5
2023-10-03 20:00:00,32.8,5.7,140.0,0.25
2023-10-03 21:00:00,32.8,5.7,140.0,0.25
2023-10-03 22:00:00,31.7,6.2,120.0,0.25
2023-10-03 23:00:00,30.0,5.7,120.0,
2023-10-04 00:00:00,29.7,5.4,125.0,0.75
2023-10-04 01:00:00,28.9,8.2,130.0,
2023-10-04 02:00:00,27.8,6.2,170.0,
2023-10-04 03:00:00,27.25,6.7,170.0,0.75
2023-10-04 04:00:00,26.1,4.6,170.0,
2023-10-04 05:00:00,26.1,6.2,584.5,
2023-10-04 06:00:00,25.76666666666667,6.366666666666667,166.66666666666666,0.75
2023-10-04 07:00:00,25.6,6.2,160.0,
2023-10-04 08:00:00,25.6,5.1,170.0,
2023-10-04 09:00:00,25.85,5.65,175.0,1.0
2023-10-04 10:00:00,26.1,4.6,190.0,
2023-10-04 11:00:00,26.1,4.1,180.0,
2023-10-04 12:00:00,25.933333333333337,5.166666666666667,190.0,0.75
2023-10-04 13:00:00,26.85,4.35,190.0,
2023-10-04 14:00:00,28.3,5.65,190.0,0.5
2023-10-04 15:00:00,29.450000000000003,6.7,205.0,0.5
2023-10-04 16:00:00,31.1,6.7,190.0,
2023-10-04 17:00:00,32.2,6.2,170.0,
2023-10-04 18:00:00,32.5,5.15,170.0,0.75
2023-10-04 19:00:00,33.3,3.6,150.0,
2023-10-04 20:00:00,34.4,7.2,160.0,
2023-10-04 21:00:00,34.15,6.95,165.0,0.75
2023-10-04 22:00:00,33.3,7.7,160.0,
2023-10-04 23:00:00,32.8,7.2,170.0,
2023-10-05 00:00:00,32.25,5.65,170.0,0.75
2023-10-05 01:00:00,24.85,10.3,190.0,
2023-10-05 02:00:00,21.8,9.716666666666667,20.0,
2023-10-05 03:00:00,21.86,10.3,84.0,1.0
2023-10-05 04:00:00,21.1,8.0,40.0,
2023-10-05 05:00:00,21.7,4.1,539.5,
2023-10-05 06:00:00,21.4,3.3499999999999996,85.0,1.0
2023-10-05 07:00:00,21.1,4.6,120.0,
2023-10-05 08:00:00,21.05,2.6,165.0,
2023-10-05 09:00:00,21.4,1.3,574.5,1.0
2023-10-05 10:00:00,22.1,2.1,340.0,
2023-10-05 11:00:00,21.7,4.1,340.0,
2023-10-05 12:00:00,21.4,5.0,347.5,
2023-10-05 13:00:00,21.066666666666666,4.933333333333333,126.66666666666667,
2023-10-05 14:00:00,22.2,4.1,20.0,
2023-10-05 15:00:00,22.599999999999998,3.933333333333333,13.333333333333334,0.75
2023-10-05 16:00:00,25.0,5.1,10.0,
2023-10-05 17:00:00,26.1,4.6,20.0,
2023-10-05 18:00:00,26.950000000000003,4.6,20.0,0.75
2023-10-05 19:00:00,27.2,4.6,20.0,
2023-10-05 20:00:00,27.8,4.6,40.0,
2023-10-05 21:00:00,28.3,5.1,10.0,0.5
2023-10-05 22:00:00,28.3,6.7,20.0,0.5
2023-10-05 23:00:00,26.7,5.1,30.0,0.25
2023-10-06 00:00:00,25.85,4.1,35.0,0.25
2023-10-06 01:00:00,23.9,2.6,30.0,0.25
2023-10-06 02:00:00,23.3,3.1,10.0,0.25
2023-10-06 03:00:00,23.3,3.1,185.0,0.125
2023-10-06 04:00:00,22.2,2.6,360.0,0.0
2023-10-06 05:00:00,21.1,4.1,504.5,0.0
2023-10-06 06:00:00,21.1,3.5999999999999996,180.0,0.0
2023-10-06 07:00:00,20.6,3.1,340.0,0.0
2023-10-06 08:00:00,19.4,4.1,340.0,0.0
2023-10-06 09:00:00,19.4,3.8499999999999996,340.0,0.0
2023-10-06 10:00:00,18.9,4.1,350.0,0.0
2023-10-06 11:00:00,18.3,2.6,340.0,0.25
2023-10-06 12:00:00,18.85,3.1,350.0,0.25
2023-10-06 13:00:00,20.6,3.1,360.0,0.25
2023-10-06 14:00:00,22.8,2.1,340.0,0.25
2023-10-06 15:00:00,24.200000000000003,2.1,345.0,0.25
2023-10-06 16:00:00,27.2,2.1,340.0,0.25
2023-10-06 17:00:00,28.3,3.1,30.0,0.25
2023-10-06 18:00:00,29.15,3.8499999999999996,30.0,0.25
2023-10-06 19:00:00,30.0,4.6,320.0,0.5
2023-10-06 20:00:00,30.0,4.6,350.0,
2023-10-06 21:00:00,30.3,4.85,195.0,0.75
2023-10-06 22:00:00,29.4,7.2,10.0,
2023-10-06 23:00:00,27.2,3.6,30.0,
2023-10-07 00:00:00,26.65,5.15,30.0,0.625
2023-10-07 01:00:00,23.3,8.2,30.0,0.5
2023-10-07 02:00:00,21.7,5.1,30.0,
2023-10-07 03:00:00,21.15,5.9,30.0,0.75
2023-10-07 04:00:00,19.4,8.2,20.0,
2023-10-07 05:00:00,17.8,8.8,509.5,
2023-10-07 06:00:00,17.25,8.8,20.0,0.75
2023-10-07 07:00:00,15.6,5.1,30.0,
2023-10-07 08:00:00,14.4,8.8,20.0,
2023-10-07 09:00:00,14.15,8.0,20.0,0.75
2023-10-07 10:00:00,14.4,6.2,20.0,
2023-10-07 11:00:00,14.4,6.7,30.0,
2023-10-07 12:00:00,14.15,6.2,30.0,0.75
2023-10-07 13:00:00,15.0,4.6,30.0,0.5
2023-10-07 14:00:00,16.1,5.7,40.0,0.25
2023-10-07 15:00:00,16.950000000000003,6.2,35.0,0.25
2023-10-07 16:00:00,18.9,4.6,40.0,0.25
2023-10-07 17:00:00,19.4,4.6,20.0,0.25
2023-10-07 18:00:00,20.0,4.85,15.0,0.125
2023-10-07 19:00:00,21.1,4.1,360.0,0.0
2023-10-07 20:00:00,21.1,2.6,40.0,0.0
2023-10-07 21:00:00,21.4,2.85,519.5,0.0
2023-10-07 22:00:00,21.1,4.6,30.0,0.0
2023-10-07 23:00:00,18.9,2.6,20.0,0.25
2023-10-08 00:00:00,18.35,2.85,190.0,0.25
2023-10-08 01:00:00,16.7,1.5,20.0,0.0
2023-10-08 02:00:00,16.7,2.6,10.0,0.0
2023-10-08 03:00:00,16.7,1.3,504.5,0.0
2023-10-08 04:00:00,15.6,0.0,999.0,0.0
2023-10-08 05:00:00,15.6,0.0,999.0,0.0
2023-10-08 06:00:00,15.3,0.0,999.0,0.0
2023-10-08 07:00:00,15.0,0.0,999.0,0.0
2023-10-08 08:00:00,14.4,0.0,999.0,0.0
2023-10-08 09:00:00,13.850000000000001,0.0,999.0,0.0
2023-10-08 10:00:00,11.7,0.0,999.0,0.0
2023-10-08 11:00:00,11.7,0.0,999.0,0.0
2023-10-08 12:00:00,11.95,0.0,999.0,0.0
2023-10-08 13:00:00,15.0,1.5,160.0,0.0
2023-10-08 14:00:00,17.8,4.1,180.0,0.0
2023-10-08 15:00:00,18.9,3.8499999999999996,185.0,0.0
2023-10-08 16:00:00,21.7,3.6,200.0,0.0
2023-10-08 17:00:00,23.3,4.1,220.0,0.0
2023-10-08 18:00:00,23.6,4.1,200.0,0.0
2023-10-08 19:00:00,25.0,5.1,190.0,0.0
2023-10-08 20:00:00,25.6,5.1,190.0,0.0
2023-10-08 21:00:00,25.85,4.35,190.0,0.0
2023-10-08 22:00:00,25.6,4.1,190.0,0.0
2023-10-08 23:00:00,23.9,4.6,170.0,0.0
2023-10-09 00:00:00,23.049999999999997,4.1,165.0,0.0
2023-10-09 01:00:00,21.7,4.1,170.0,0.0
2023-10-09 02:00:00,20.6,4.1,170.0,0.0
2023-10-09 03:00:00,20.0,3.8499999999999996,175.0,0.0
2023-10-09 04:00:00,18.3,3.1,190.0,0.0
2023-10-09 05:00:00,18.9,4.6,594.5,0.0
2023-10-09 06:00:00,18.9,5.15,185.0,0.0
2023-10-09 07:00:00,17.8,4.1,190.0,0.0
2023-10-09 08:00:00,16.7,3.6,200.0,0.0
2023-10-09 09:00:00,16.4,3.6,200.0,0.0
2023-10-09 10:00:00,16.1,4.1,210.0,0.0
2023-10-09 11:00:00,16.1,3.1,210.0,0.0
2023-10-09 12:00:00,15.850000000000001,2.6,200.0,0.25
2023-10-09 13:00:00,18.9,2.1,210.0,0.25
2023-10-09 14:00:00,21.7,4.1,240.0,0.25
2023-10-09 15:00:00,23.049999999999997,4.1,240.0,0.25
2023-10-09 16:00:00,27.2,4.1,250.0,0.25
2023-10-09 17:00:00,28.3,3.1,200.0,0.25
2023-10-09 18:00:00,29.15,4.65,195.0,0.25
2023-10-09 19:00:00,31.7,7.2,200.0,0.25
2023-10-09 20:00:00,31.7,6.2,200.0,0.25
2023-10-09 21:00:00,31.4,6.2,200.0,0.25
2023-10-09 22:00:00,30.0,6.2,200.0,0.25
2023-10-09 23:00:00,28.3,6.2,180.0,0.25
2023-10-10 00:00:00,27.5,5.15,175.0,0.25
2023-10-10 01:00:00,25.6,4.6,170.0,0.25
2023-10-10 02:00:00,24.4,6.2,190.0,0.25
2023-10-10 03:00:00,24.15,5.95,190.0,0.375
2023-10-10 04:00:00,23.9,6.7,190.0,
2023-10-10 05:00:00,22.8,6.2,594.5,
2023-10-10 06:00:00,22.5,5.65,195.0,0.75
2023-10-10 07:00:00,20.6,3.6,210.0,
2023-10-10 08:00:00,18.3,3.1,200.0,0.5
2023-10-10 09:00:00,18.6,3.1,200.0,0.5
2023-10-10 10:00:00,17.2,3.1,180.0,
2023-10-10 11:00:00,17.8,3.1,190.0,
2023-10-10 12:00:00,17.8,2.85,190.0,0.75
2023-10-10 13:00:00,20.6,4.1,190.0,0.5
2023-10-10 14:00:00,23.3,4.6,210.0,0.25
2023-10-10 15:00:00,24.450000000000003,4.85,215.0,0.375
2023-10-10 16:00:00,26.7,4.1,180.0,
2023-10-10 17:00:00,27.2,4.1,160.0,
2023-10-10 18:00:00,27.75,5.65,165.0,0.75
2023-10-10 19:00:00,28.45,6.95,185.0,
2023-10-10 20:00:00,27.8,6.7,170.0,
2023-10-10 21:00:00,28.05,7.449999999999999,180.0,0.75
2023-10-10 22:00:00,27.2,6.2,170.0,
2023-10-10 23:00:00,26.1,7.2,170.0,
2023-10-11 00:00:00,25.85,6.15,170.0,0.75
2023-10-11 01:00:00,24.4,8.2,170.0,
2023-10-11 02:00:00,23.9,7.2,180.0,
2023-10-11 03:00:00,23.35,7.45,180.0,1.0
2023-10-11 04:00:00,22.2,5.1,180.0,
2023-10-11 05:00:00,22.2,5.7,594.5,
2023-10-11 06:00:00,21.95,4.65,185.0,1.0
2023-10-11 07:00:00,21.1,3.6,170.0,
2023-10-11 08:00:00,20.6,4.6,160.0,
2023-10-11 09:00:00,20.6,4.1,165.0,1.0
2023-10-11 10:00:00,20.0,4.6,160.0,
2023-10-11 11:00:00,20.0,4.6,170.0,
2023-10-11 12:00:00,19.7,4.6,165.0,0.75
2023-10-11 13:00:00,20.6,4.6,180.0,0.5
2023-10-11 14:00:00,22.2,5.1,170.0,0.5
2023-10-11 15:00:00,23.53333333333333,6.666666666666667,180.0,0.5
2023-10-11 16:00:00,23.3,7.2,180.0,
2023-10-11 17:00:00,23.3,8.2,180.0,
2023-10-11 18:00:00,23.3,7.949999999999999,170.0,1.0
2023-10-11 19:00:00,23.9,8.2,170.0,
2023-10-11 20:00:00,22.8,7.7,150.0,
2023-10-11 21:00:00,22.5,8.5,150.0,1.0
2023-10-11 22:00:00,21.7,9.3,150.0,
2023-10-11 23:00:00,21.1,6.2,160.0,
2023-10-12 00:00:00,20.900000000000002,5.466666666666666,160.0,0.75
2023-10-12 01:00:00,20.0,5.1,160.0,
2023-10-12 02:00:00,18.9,6.7,140.0,
2023-10-12 03:00:00,19.15,6.95,150.0,0.75
2023-10-12 04:00:00,19.099999999999998,6.7,156.66666666666666,
2023-10-12 05:00:00,18.9,6.2,579.5,
2023-10-12 06:00:00,18.6,5.95,155.0,1.0
2023-10-12 07:00:00,18.3,6.45,155.0,
2023-10-12 08:00:00,17.9,5.4,160.0,
2023-10-12 09:00:00,17.8,5.4,155.0,1.0
2023-10-12 10:00:00,17.8,6.7,140.0,
2023-10-12 11:00:00,17.8,6.2,145.0,
2023-10-12 12:00:00,17.8,6.45,140.0,1.0
2023-10-12 13:00:00,18.3,6.95,150.0,
2023-10-12 14:00:00,18.9,7.2,160.0,
2023-10-12 15:00:00,19.15,6.95,155.0,1.0
2023-10-12 16:00:00,21.1,7.7,150.0,
2023-10-12 17:00:00,21.95,7.949999999999999,150.0,
2023-10-12 18:00:00,25.0,8.8,170.0,
2023-10-12 19:00:00,25.8,10.05,170.0,
2023-10-12 20:00:00,26.4,7.949999999999999,170.0,0.5
2023-10-12 21:00:00,26.7,8.25,175.0,0.375
2023-10-12 22:00:00,26.7,9.8,170.0,0.25
2023-10-12 23:00:00,25.6,9.8,170.0,0.25
2023-10-13 00:00:00,25.0,9.0,160.0,0.125
2023-10-13 01:00:00,22.8,6.7,150.0,0.0
2023-10-13 02:00:00,22.8,4.6,160.0,0.0
2023-10-13 03:00:00,22.5,4.85,155.0,0.0
2023-10-13 04:00:00,21.7,7.2,160.0,0.25
2023-10-13 05:00:00,21.1,6.7,579.5,0.25
2023-10-13 06:00:00,21.1,6.2,165.0,0.25
2023-10-13 07:00:00,21.7,5.7,170.0,
2023-10-13 08:00:00,22.8,4.1,190.0,
2023-10-13 09:00:00,22.5,5.15,185.0,1.0
2023-10-13 10:00:00,22.400000000000002,5.133333333333333,173.33333333333334,
2023-10-13 11:00:00,21.95,7.949999999999999,185.0,0.5
2023-10-13 12:00:00,21.8,6.366666666666667,190.0,0.5
2023-10-13 13:00:00,22.5,6.45,210.0,0.5
2023-10-13 14:00:00,25.0,7.2,290.0,0.5
2023-10-13 15:00:00,24.433333333333334,9.1,313.3333333333333,0.5
2023-10-13 16:00:00,24.45,9.55,330.0,0.375
2023-10-13 17:00:00,25.0,9.8,330.0,0.25
2023-10-13 18:00:00,25.0,9.0,325.0,0.125
2023-10-13 19:00:00,25.6,8.2,330.0,0.0
2023-10-13 20:00:00,26.1,7.7,330.0,0.0
2023-10-13 21:00:00,25.85,7.949999999999999,330.0,0.0
2023-10-13 22:00:00,25.0,6.7,330.0,0.0
2023-10-13 23:00:00,23.3,5.1,330.0,0.0
2023-10-14 00:00:00,23.05,5.4,330.0,0.0
2023-10-14 01:00:00,21.1,4.6,340.0,0.0
2023-10-14 02:00:00,20.6,5.1,330.0,0.0
2023-10-14 03:00:00,20.0,5.1,335.0,0.0
2023-10-14 04:00:00,18.3,6.2,340.0,0.0
2023-10-14 05:00:00,17.8,5.7,674.5,0.0
2023-10-14 06:00:00,17.25,6.45,350.0,0.0
2023-10-14 07:00:00,16.1,6.2,350.0,0.0
2023-10-14 08:00:00,15.0,6.2,340.0,0.0
2023-10-14 09:00:00,14.7,5.95,335.0,0.0
2023-10-14 10:00:00,13.9,5.7,330.0,0.0
2023-10-14 11:00:00,12.8,5.7,320.0,0.0
2023-10-14 12:00:00,12.5,5.4,315.0,0.0
2023-10-14 13:00:00,13.9,8.8,330.0,0.0
2023-10-14 14:00:00,15.6,8.2,340.0,0.0
2023-10-14 15:00:00,15.850000000000001,7.949999999999999,340.0,0.0
2023-10-14 16:00:00,15.6,6.2,330.0,0.25
2023-10-14 17:00:00,17.2,7.7,330.0,0.0
2023-10-14 18:00:00,18.299999999999997,7.7,335.0,0.0
2023-10-14 19:00:00,21.1,7.7,340.0,0.0
2023-10-14 20:00:00,21.1,6.7,330.0,0.0
2023-10-14 21:00:00,21.4,6.95,330.0,0.0
2023-10-14 22:00:00,21.1,7.7,330.0,0.25
2023-10-14 23:00:00,20.0,6.2,330.0,0.25
2023-10-15 00:00:00,19.15,6.2,335.0,0.25
2023-10-15 01:00:00,17.8,6.2,340.0,0.25
2023-10-15 02:00:00,16.1,4.6,360.0,0.0
2023-10-15 03:00:00,15.55,4.1,355.0,0.0
2023-10-15 04:00:00,15.0,3.6,330.0,0.0
2023-10-15 05:00:00,13.9,4.6,669.5,0.0
2023-10-15 06:00:00,13.600000000000001,4.1,340.0,0.0
2023-10-15 07:00:00,12.2,4.6,350.0,0.0
2023-10-15 08:00:00,12.2,5.7,340.0,0.0
2023-10-15 09:00:00,12.2,6.2,340.0,0.0
2023-10-15 10:00:00,11.1,5.1,320.0,0.0
2023-10-15 11:00:00,10.6,5.7,310.0,0.25
2023-10-15 12:00:00,10.85,5.15,315.0,0.25
2023-10-15 13:00:00,12.8,7.2,340.0,0.0
2023-10-15 14:00:00,15.0,6.7,360.0,0.25
2023-10-15 15:00:00,15.85,8.0,350.0,0.25
2023-10-15 16:00:00,17.2,9.3,350.0,0.5
2023-10-15 17:00:00,18.9,8.2,360.0,0.5
2023-10-15 18:00:00,19.15,7.449999999999999,360.0,0.5
2023-10-15 19:00:00,18.9,9.8,340.0,0.5
2023-10-15 20:00:00,18.9,8.8,10.0,
2023-10-15 21:00:00,18.35,8.8,15.0,0.625
2023-10-15 22:00:00,17.2,6.7,20.0,0.5
2023-10-15 23:00:00,16.1,7.2,20.0,0.25
2023-10-16 00:00:00,15.850000000000001,5.9,15.0,0.25
2023-10-16 01:00:00,14.4,4.1,20.0,0.25
2023-10-16 02:00:00,14.4,4.1,10.0,0.25
2023-10-16 03:00:00,14.15,4.35,185.0,0.25
2023-10-16 04:00:00,12.2,3.1,360.0,0.0
2023-10-16 05:00:00,11.7,2.6,679.5,0.0
2023-10-16 06:00:00,11.399999999999999,2.85,350.0,0.0
2023-10-16 07:00:00,10.0,2.1,360.0,0.0
2023-10-16 08:00:00,10.0,2.6,340.0,0.0
2023-10-16 09:00:00,9.7,2.85,335.0,0.0
2023-10-16 10:00:00,10.0,3.6,320.0,0.0
2023-10-16 11:00:00,9.4,4.6,330.0,0.0
2023-10-16 12:00:00,9.4,5.4,335.0,0.0
2023-10-16 13:00:00,11.1,5.7,350.0,0.0
2023-10-16 14:00:00,12.8,6.2,10.0,0.0
2023-10-16 15:00:00,13.600000000000001,6.7,10.0,0.25
2023-10-16 16:00:00,16.1,8.2,10.0,0.25
2023-10-16 17:00:00,16.7,8.8,350.0,0.25
2023-10-16 18:00:00,16.95,7.5,345.0,0.125
2023-10-16 19:00:00,18.3,4.6,360.0,0.0
2023-10-16 20:00:00,18.9,6.7,330.0,0.0
2023-10-16 21:00:00,19.15,5.65,330.0,0.0
2023-10-16 22:00:00,18.9,5.1,340.0,0.0
2023-10-16 23:00:00,15.6,3.6,10.0,0.25
2023-10-17 00:00:00,15.0,3.35,10.0,0.125
2023-10-17 01:00:00,13.9,1.5,10.0,0.0
2023-10-17 02:00:00,13.3,2.1,20.0,0.0
2023-10-17 03:00:00,13.3,1.8,190.0,0.0
2023-10-17 04:00:00,13.3,0.0,999.0,0.0
2023-10-17 05:00:00,11.1,0.0,999.0,0.0
2023-10-17 06:00:00,10.55,0.0,999.0,0.0
2023-10-17 07:00:00,8.9,2.1,230.0,0.0
2023-10-17 08:00:00,8.3,0.0,999.0,0.25
2023-10-17 09:00:00,8.600000000000001,0.0,999.0,0.25
2023-10-17 10:00:00,7.8,2.1,240.0,0.0
2023-10-17 11:00:00,7.8,0.0,999.0,0.0
2023-10-17 12:00:00,8.05,0.0,999.0,0.0
2023-10-17 13:00:00,11.7,1.5,200.0,0.0
2023-10-17 14:00:00,13.9,2.1,230.0,0.25
2023-10-17 15:00:00,15.55,2.6,220.0,0.25
2023-10-17 16:00:00,18.9,3.6,160.0,0.25
2023-10-17 17:00:00,20.0,3.1,220.0,0.0
2023-10-17 18:00:00,21.1,2.1,999.0,0.25
2023-10-17 19:00:00,21.7,1.5,999.0,
2023-10-17 20:00:00,22.8,2.1,999.0,0.0
2023-10-17 21:00:00,23.05,2.85,599.5,0.0
2023-10-17 22:00:00,22.8,4.6,190.0,0.0
2023-10-17 23:00:00,20.6,3.6,160.0,0.0
2023-10-18 00:00:00,19.450000000000003,3.35,155.0,0.0
2023-10-18 01:00:00,17.8,4.1,160.0,0.0
2023-10-18 02:00:00,17.8,3.6,160.0,0.0
2023-10-18 03:00:00,16.4,3.6,150.0,0.0
2023-10-18 04:00:00,15.0,2.6,160.0,0.0
2023-10-18 05:00:00,14.4,2.1,579.5,0.0
2023-10-18 06:00:00,13.850000000000001,1.05,579.5,0.0
2023-10-18 07:00:00,12.8,2.1,160.0,0.0
2023-10-18 08:00:00,14.4,4.6,180.0,0.0
2023-10-18 09:00:00,14.15,4.35,180.0,0.0
2023-10-18 10:00:00,14.4,5.1,170.0,0.0
2023-10-18 11:00:00,14.4,5.1,170.0,0.0
2023-10-18 12:00:00,14.4,4.85,175.0,0.0
2023-10-18 13:00:00,16.1,6.2,180.0,0.0
2023-10-18 14:00:00,19.4,6.7,190.0,0.0
2023-10-18 15:00:00,20.549999999999997,8.5,190.0,0.0
2023-10-18 16:00:00,23.9,8.2,180.0,0.0
2023-10-18 17:00:00,25.0,9.3,170.0,0.25
2023-10-18 18:00:00,25.85,9.3,175.0,0.25
2023-10-18 19:00:00,27.2,9.3,180.0,0.25
2023-10-18 20:00:00,27.8,10.3,190.0,0.5
2023-10-18 21:00:00,27.5,9.0,180.0,0.5
2023-10-18 22:00:00,26.7,9.3,180.0,0.25
2023-10-18 23:00:00,25.0,4.6,170.0,0.25
2023-10-19 00:00:00,23.9,3.8499999999999996,160.0,0.125
2023-10-19 01:00:00,22.2,4.1,150.0,0.0
2023-10-19 02:00:00,21.1,3.6,150.0,0.0
2023-10-19 03:00:00,20.85,2.55,145.0,0.0
2023-10-19 04:00:00,18.9,0.0,999.0,0.25
2023-10-19 05:00:00,18.3,3.6,589.5,0.0
2023-10-19 06:00:00,18.6,2.55,165.0,0.0
2023-10-19 07:00:00,17.2,0.0,999.0,0.0
2023-10-19 08:00:00,17.2,2.6,180.0,0.0
2023-10-19 09:00:00,17.2,2.05,225.0,0.0
2023-10-19 10:00:00,15.0,0.0,999.0,0.0
2023-10-19 11:00:00,15.0,2.1,340.0,0.0
2023-10-19 12:00:00,14.7,2.6,335.0,0.25
2023-10-19 13:00:00,16.7,4.1,340.0,0.25
2023-10-19 14:00:00,18.9,5.1,340.0,0.5
2023-10-19 15:00:00,20.85,4.85,345.0,0.5
2023-10-19 16:00:00,26.1,5.1,10.0,0.25
2023-10-19 17:00:00,27.2,5.7,350.0,0.25
2023-10-19 18:00:00,27.75,4.15,350.0,0.25
2023-10-19 19:00:00,30.0,5.7,330.0,0.25
2023-10-19 20:00:00,30.0,5.65,315.0,0.25
2023-10-19 21:00:00,30.3,4.85,315.0,0.125
2023-10-19 22:00:00,29.4,4.1,340.0,0.0
2023-10-19 23:00:00,26.7,3.1,340.0,0.0
2023-10-20 00:00:00,25.549999999999997,2.6,350.0,0.0
2023-10-20 01:00:00,22.8,0.0,999.0,0.0
2023-10-20 02:00:00,20.6,3.6,210.0,0.0
2023-10-20 03:00:00,20.85,3.6,215.0,0.0
2023-10-20 04:00:00,18.9,3.6,220.0,0.0
2023-10-20 05:00:00,18.3,3.6,604.5,0.0
2023-10-20 06:00:00,18.05,3.6,220.0,0.0
2023-10-20 07:00:00,17.2,3.6,230.0,0.0
2023-10-20 08:00:00,16.1,3.1,220.0,0.0
2023-10-20 09:00:00,16.1,3.35,215.0,0.0
2023-10-20 10:00:00,16.7,2.6,220.0,0.0
2023-10-20 11:00:00,16.1,2.1,210.0,0.0
2023-10-20 12:00:00,16.65,2.1,230.0,0.0
2023-10-20 13:00:00,21.7,1.5,280.0,0.25
2023-10-20 14:00:00,22.8,4.1,320.0,0.0
2023-10-20 15:00:00,23.6,3.5999999999999996,335.0,0.0
2023-10-20 16:00:00,27.8,2.6,10.0,0.0
2023-10-20 17:00:00,29.4,2.1,999.0,0.0
2023-10-20 18:00:00,30.25,2.6,679.5,0.0
2023-10-20 19:00:00,32.8,3.1,20.0,0.0
2023-10-20 20:00:00,33.9,4.6,40.0,0.0
2023-10-20 21:00:00,33.599999999999994,4.35,195.0,0.0
2023-10-20 22:00:00,32.2,3.1,360.0,0.0
2023-10-20 23:00:00,28.9,2.1,20.0,0.25
2023-10-21 00:00:00,28.049999999999997,2.1,40.0,0.125
2023-10-21 01:00:00,25.6,1.5,120.0,0.0
2023-10-21 02:00:00,23.9,3.1,190.0,0.0
2023-10-21 03:00:00,23.049999999999997,2.3,165.0,0.0
2023-10-21 04:00:00,22.8,0.0,999.0,0.0
2023-10-21 05:00:00,19.4,1.5,554.5,0.0
2023-10-21 06:00:00,20.0,1.5,130.0,0.25
2023-10-21 07:00:00,17.2,2.6,220.0,0.5
2023-10-21 08:00:00,16.1,2.1,240.0,0.5
2023-10-21 09:00:00,16.4,1.05,619.5,0.5
2023-10-21 10:00:00,16.1,3.6,210.0,
2023-10-21 11:00:00,15.6,1.5,200.0,
2023-10-21 12:00:00,16.15,2.3,205.0,0.75
2023-10-21 13:00:00,20.0,4.6,210.0,
2023-10-21 14:00:00,22.8,3.6,200.0,
2023-10-21 15:00:00,24.450000000000003,3.8499999999999996,190.0,0.75
2023-10-21 16:00:00,29.4,5.7,190.0,
2023-10-21 17:00:00,31.7,4.1,190.0,
2023-10-21 18:00:00,31.7,5.15,185.0,0.75
2023-10-21 19:00:00,31.7,3.1,200.0,
2023-10-21 20:00:00,32.2,2.1,180.0,
2023-10-21 21:00:00,32.5,2.85,175.0,1.0
2023-10-21 22:00:00,31.1,2.6,160.0,
2023-10-21 23:00:00,28.3,2.6,150.0,
2023-10-22 00:00:00,27.200000000000003,3.1,145.0,1.0
2023-10-22 01:00:00,26.7,4.1,160.0,
2023-10-22 02:00:00,25.0,4.1,160.0,
2023-10-22 03:00:00,24.45,3.0999999999999996,140.0,0.75
2023-10-22 04:00:00,22.8,0.0,999.0,
2023-10-22 05:00:00,21.7,0.0,999.0,
2023-10-22 06:00:00,22.25,1.05,594.5,0.75
2023-10-22 07:00:00,20.6,2.1,130.0,
2023-10-22 08:00:00,20.0,2.1,120.0,
2023-10-22 09:00:00,20.0,2.1,120.0,1.0
2023-10-22 10:00:00,18.9,2.1,130.0,
2023-10-22 11:00:00,18.9,2.1,110.0,
2023-10-22 12:00:00,18.9,1.8,105.0,1.0
2023-10-22 13:00:00,20.0,2.6,130.0,
2023-10-22 14:00:00,22.8,1.5,150.0,
2023-10-22 15:00:00,24.200000000000003,3.05,165.0,0.75
2023-10-22 16:00:00,26.7,4.1,170.0,
2023-10-22 17:00:00,28.3,3.6,130.0,
2023-10-22 18:00:00,28.6,3.8499999999999996,150.0,1.0
2023-10-22 19:00:00,28.9,4.1,180.0,
2023-10-22 20:00:00,28.9,5.1,170.0,
2023-10-22 21:00:00,28.6,5.4,155.0,0.75
2023-10-22 22:00:00,27.8,5.7,130.0,
2023-10-22 23:00:00,26.1,5.1,120.0,
2023-10-23 00:00:00,25.85,4.35,125.0,1.0
2023-10-23 01:00:00,25.0,5.7,130.0,
2023-10-23 02:00:00,25.0,6.7,140.0,
2023-10-23 03:00:00,24.7,5.65,140.0,1.0
2023-10-23 04:00:00,25.0,6.7,160.0,0.0
2023-10-23 05:00:00,25.0,7.2,584.5,
2023-10-23 06:00:00,24.7,6.7,170.0,1.0
2023-10-23 07:00:00,24.4,5.1,180.0,
2023-10-23 08:00:00,23.9,4.1,170.0,
2023-10-23 09:00:00,23.899999999999995,4.266666666666667,166.66666666666666,1.0
2023-10-23 10:00:00,23.3,5.15,170.0,
2023-10-23 11:00:00,23.5,7.033333333333332,173.33333333333334,
2023-10-23 12:00:00,23.133333333333336,5.5,163.33333333333334,1.0
2023-10-23 13:00:00,23.3,5.7,160.0,
2023-10-23 14:00:00,23.3,6.7,160.0,
2023-10-23 15:00:00,23.85,6.7,160.0,1.0
2023-10-23 16:00:00,23.9,5.1,170.0,
2023-10-23 17:00:00,25.0,4.9,155.0,
2023-10-23 18:00:00,26.65,5.95,160.0,1.0
2023-10-23 19:00:00,26.7,5.7,170.0,
2023-10-23 20:00:00,25.6,6.7,140.0,
2023-10-23 21:00:00,25.3,5.65,140.0,1.0
2023-10-23 22:00:00,25.0,5.1,140.0,
2023-10-23 23:00:00,23.9,5.1,120.0,
2023-10-24 00:00:00,23.6,4.35,115.0,1.0
2023-10-24 01:00:00,23.3,4.1,100.0,
2023-10-24 02:00:00,22.8,3.1,120.0,
2023-10-24 03:00:00,21.885714285714283,4.128571428571428,164.28571428571428,1.0
2023-10-24 04:00:00,21.7,1.5,100.0,
2023-10-24 05:00:00,22.1,4.6,416.3333333333333,
2023-10-24 06:00:00,22.2,4.433333333333333,130.0,1.0
2023-10-24 07:00:00,22.2,5.7,150.0,
2023-10-24 08:00:00,22.2,5.7,150.0,
2023-10-24 09:00:00,22.2,5.95,150.0,1.0
2023-10-24 10:00:00,22.2,7.45,155.0,
2023-10-24 11:00:00,22.2,6.45,160.0,
2023-10-24 12:00:00,22.5,6.45,160.0,1.0
2023-10-24 13:00:00,22.8,8.2,150.0,
2023-10-24 14:00:00,23.3,5.7,160.0,
2023-10-24 15:00:00,23.05,5.95,155.0,1.0
2023-10-24 16:00:00,22.9,5.4,160.0,
2023-10-24 17:00:00,22.96666666666667,6.166666666666667,160.0,
2023-10-24 18:00:00,23.05,6.15,160.0,0.75
2023-10-24 19:00:00,22.3,4.475,150.0,
2023-10-24 20:00:00,22.175,3.1625,175.0,
2023-10-24 21:00:00,22.35,1.675,369.75,1.0
2023-10-24 22:00:00,22.8,3.8499999999999996,140.0,
2023-10-24 23:00:00,22.599999999999998,0.5,716.0,
2023-10-25 00:00:00,22.5,0.0,999.0,1.0
2023-10-25 01:00:00,22.8,1.5,110.0,
2023-10-25 02:00:00,22.8,3.1,170.0,
2023-10-25 03:00:00,22.3,3.225,170.0,1.0
2023-10-25 04:00:00,22.8,4.6,150.0,
2023-10-25 05:00:00,22.8,4.1,579.5,
2023-10-25 06:00:00,22.8,4.1,160.0,1.0
2023-10-25 07:00:00,22.8,4.35,165.0,
2023-10-25 08:00:00,22.8,4.6,150.0,
2023-10-25 09:00:00,22.5,5.15,150.0,1.0
2023-10-25 10:00:00,22.2,6.2,150.0,
2023-10-25 11:00:00,22.2,5.7,160.0,
2023-10-25 12:00:00,22.2,5.15,160.0,1.0
2023-10-25 13:00:00,22.2,5.7,150.0,
2023-10-25 14:00:00,22.8,6.7,150.0,
2023-10-25 15:00:00,23.05,6.2,155.0,1.0
2023-10-25 16:00:00,24.15,7.2,170.0,
2023-10-25 17:00:00,24.4,8.0,155.0,
2023-10-25 18:00:00,25.0,7.45,155.0,0.75
2023-10-25 19:00:00,25.933333333333337,6.333333333333333,163.33333333333334,
2023-10-25 20:00:00,25.0,5.1,170.0,
2023-10-25 21:00:00,25.3,4.6,160.0,1.0
2023-10-25 22:00:00,25.6,6.2,150.0,
2023-10-25 23:00:00,21.4,4.1,340.0,
2023-10-26 00:00:00,20.85,4.35,185.0,1.0
2023-10-26 01:00:00,20.34,5.119999999999999,278.0,
2023-10-26 02:00:00,20.0,3.1,13.333333333333334,
2023-10-26 03:00:00,20.15,3.7249999999999996,232.5,1.0
2023-10-26 04:00:00,20.0,2.4333333333333336,93.33333333333333,
2023-10-26 05:00:00,20.3,2.1,386.3333333333333,
2023-10-26 06:00:00,20.657142857142862,2.7285714285714286,295.57142857142856,1.0
2023-10-26 07:00:00,20.825000000000003,4.375,217.5,
2023-10-26 08:00:00,21.1,3.1,160.0,
2023-10-26 09:00:00,20.85,3.35,165.0,1.0
2023-10-26 10:00:00,20.3,4.1,170.0,
2023-10-26 11:00:00,20.2,2.066666666666667,443.0,
2023-10-26 12:00:00,20.2,2.766666666666667,150.0,1.0
2023-10-26 13:00:00,20.6,4.1,160.0,
2023-10-26 14:00:00,21.1,4.1,180.0,
2023-10-26 15:00:00,21.3,3.933333333333333,186.66666666666666,0.75
2023-10-26 16:00:00,22.5,5.4,190.0,0.5
2023-10-26 17:00:00,24.23333333333333,5.333333333333333,176.66666666666666,0.5
2023-10-26 18:00:00,25.0,5.15,175.0,0.5
2023-10-26 19:00:00,27.2,5.1,170.0,0.5
2023-10-26 20:00:00,27.8,7.2,180.0,0.5
2023-10-26 21:00:00,28.05,6.45,190.0,0.5
2023-10-26 22:00:00,27.2,6.2,190.0,0.5
2023-10-26 23:00:00,25.6,4.6,160.0,0.25
2023-10-27 00:00:00,25.3,5.15,155.0,0.375
2023-10-27 01:00:00,23.9,7.2,160.0,0.5
2023-10-27 02:00:00,23.3,5.95,150.0,
2023-10-27 03:00:00,23.3,6.45,155.0,1.0
2023-10-27 04:00:00,23.3,5.7,170.0,
2023-10-27 05:00:00,23.3,4.6,584.5,
2023-10-27 06:00:00,23.6,5.65,180.0,1.0
2023-10-27 07:00:00,23.9,5.1,170.0,
2023-10-27 08:00:00,23.9,7.7,190.0,
2023-10-27 09:00:00,23.9,7.2,190.0,1.0
2023-10-27 10:00:00,23.95,6.45,180.0,
2023-10-27 11:00:00,23.899999999999995,6.866666666666667,183.33333333333334,
2023-10-27 12:00:00,23.9,6.45,180.0,1.0
2023-10-27 13:00:00,24.15,5.65,170.0,
2023-10-27 14:00:00,25.55,6.45,180.0,
2023-10-27 15:00:00,26.46666666666667,5.866666666666667,186.66666666666666,0.75
2023-10-27 16:00:00,27.8,6.7,190.0,
2023-10-27 17:00:00,28.95,5.4,200.0,
2023-10-27 18:00:00,29.45,5.4,195.0,0.625
2023-10-27 19:00:00,31.1,5.7,200.0,0.5
2023-10-27 20:00:00,25.6,8.8,330.0,
2023-10-27 21:00:00,25.85,7.5,340.0,0.625
2023-10-27 22:00:00,22.2,6.7,360.0,0.5
2023-10-27 23:00:00,20.6,7.2,10.0,0.5
2023-10-28 00:00:00,20.2,4.966666666666667,20.0,0.5
2023-10-28 01:00:00,19.2,6.2,185.0,
2023-10-28 02:00:00,18.9,6.15,10.0,
2023-10-28 03:00:00,18.6,4.1,185.0,0.75
2023-10-28 04:00:00,17.333333333333332,5.166666666666667,23.333333333333332,
2023-10-28 05:00:00,16.95,5.4,349.6666666666667,
2023-10-28 06:00:00,16.225,5.15,22.5,1.0
2023-10-28 07:00:00,15.9,4.966666666666666,240.0,
2023-10-28 08:00:00,15.6,5.7,360.0,
2023-10-28 09:00:00,15.3,5.15,190.0,1.0
2023-10-28 10:00:00,15.0,4.1,10.0,
2023-10-28 11:00:00,15.0,3.6,340.0,
2023-10-28 12:00:00,15.0,3.8499999999999996,350.0,1.0
2023-10-28 13:00:00,14.559999999999999,4.0,288.0,
2023-10-28 14:00:00,14.12,5.74,78.0,
2023-10-28 15:00:00,14.3,4.4,14.0,1.0
2023-10-28 16:00:00,14.6,3.766666666666667,20.0,
2023-10-28 17:00:00,16.1,3.1,330.0,
2023-10-28 18:00:00,15.950000000000001,3.0999999999999996,257.5,1.0
2023-10-28 19:00:00,16.1,3.1,350.0,
2023-10-28 20:00:00,16.1,2.6,340.0,
2023-10-28 21:00:00,16.4,2.85,350.0,1.0
2023-10-28 22:00:00,16.1,4.1,350.0,
2023-10-28 23:00:00,15.850000000000001,4.35,345.0,
2023-10-29 00:00:00,15.6,4.35,180.0,1.0
2023-10-29 01:00:00,15.0,5.1,10.0,
2023-10-29 02:00:00,14.4,5.7,10.0,
2023-10-29 03:00:00,14.4,5.4,15.0,1.0
2023-10-29 04:00:00,13.9,6.2,20.0,
2023-10-29 05:00:00,12.8,5.1,504.5,
2023-10-29 06:00:00,12.6,5.833333333333333,243.33333333333334,1.0
2023-10-29 07:00:00,11.1,7.7,350.0,
2023-10-29 08:00:00,10.0,6.2,340.0,
2023-10-29 09:00:00,9.45,6.325,347.5,1.0
2023-10-29 10:00:00,8.9,8.2,340.0,
2023-10-29 11:00:00,7.8,6.7,350.0,
2023-10-29 12:00:00,7.5,7.2,345.0,1.0
2023-10-29 13:00:00,7.2,8.2,330.0,
2023-10-29 14:00:00,7.2,7.733333333333334,343.3333333333333,
2023-10-29 15:00:00,7.15,7.325,345.0,1.0
2023-10-29 16:00:00,7.8,7.2,345.0,
2023-10-29 17:00:00,7.8,8.8,340.0,
2023-10-29 18:00:00,7.8,9.466666666666667,340.0,1.0
2023-10-29 19:00:00,7.8,7.949999999999999,345.0,
2023-10-29 20:00:00,7.2,8.5,340.0,
2023-10-29 21:00:00,6.65,9.55,345.0,1.0
2023-10-29 22:00:00,5.933333333333333,8.8,343.3333333333333,
2023-10-29 23:00:00,5.599999999999999,9.466666666666667,343.3333333333333,
2023-10-30 00:00:00,5.6,8.75,345.0,1.0
2023-10-30 01:00:00,5.0,8.8,350.0,
2023-10-30 02:00:00,5.0,7.2,340.0,
2023-10-30 03:00:00,4.550000000000001,8.5,342.5,1.0
2023-10-30 04:00:00,5.0,9.3,345.0,
2023-10-30 05:00:00,4.4,8.5,563.0,
2023-10-30 06:00:00,4.4,9.48,346.0,1.0
2023-10-30 07:00:00,3.9,9.3,355.0,
2023-10-30 08:00:00,3.9,9.3,346.6666666666667,
2023-10-30 09:00:00,4.15,10.05,350.0,1.0
2023-10-30 10:00:00,3.9,9.3,360.0,
2023-10-30 11:00:00,3.5999999999999996,9.75,350.0,
2023-10-30 12:00:00,3.3,9.5,355.0,0.75
2023-10-30 13:00:00,3.9,8.8,10.0,0.25
2023-10-30 14:00:00,5.0,10.8,10.0,0.25
2023-10-30 15:00:00,5.55,11.3,185.0,0.25
2023-10-30 16:00:00,7.2,9.8,20.0,0.5
2023-10-30 17:00:00,7.8,8.8,20.0,
2023-10-30 18:00:00,8.35,8.5,15.0,0.75
2023-10-30 19:00:00,8.9,8.2,10.0,
2023-10-30 20:00:00,9.4,8.8,350.0,
2023-10-30 21:00:00,9.4,8.8,350.0,0.75
2023-10-30 22:00:00,8.9,7.2,360.0,
2023-10-30 23:00:00,8.9,6.2,350.0,
2023-10-31 00:00:00,8.35,5.15,345.0,0.75
2023-10-31 01:00:00,7.8,4.6,350.0,
2023-10-31 02:00:00,7.8,4.6,350.0,
2023-10-31 03:00:00,7.5,4.6,355.0,0.75
2023-10-31 04:00:00,6.1,3.1,350.0,
2023-10-31 05:00:00,5.6,3.6,674.5,
2023-10-31 06:00:00,5.3,3.8499999999999996,350.0,0.75
2023-10-31 07:00:00,3.9,4.1,340.0,0.25
2023-10-31 08:00:00,3.3,3.1,340.0,0.0
2023-10-31 09:00:00,3.05,2.85,345.0,0.0
2023-10-31 10:00:00,2.2,2.6,360.0,0.0
2023-10-31 11:00:00,1.1,2.6,360.0,0.0
2023-10-31 12:00:00,1.6500000000000001,2.6,350.0,0.0
2023-10-31 13:00:00,4.4,3.1,330.0,0.0
2023-10-31 14:00:00,7.2,3.6,340.0,0.0
2023-10-31 15:00:00,8.3,4.65,345.0,0.0
2023-10-31 16:00:00,10.6,4.6,340.0,0.0
2023-10-31 17:00:00,12.2,4.1,330.0,0.0
2023-10-31 18:00:00,13.3,4.9,335.0,0.0
2023-10-31 19:00:00,15.6,6.2,330.0,0.0
2023-10-31 20:00:00,16.1,6.7,310.0,0.0
2023-10-31 21:00:00,16.1,7.2,325.0,0.0
2023-10-31 22:00:00,14.4,6.7,360.0,0.0
2023-10-31 23:00:00,12.2,5.7,360.0,0.0
2023-11-01 00:00:00,11.399999999999999,4.9,360.0,0.0
2023-11-01 01:00:00,8.3,3.1,20.0,0.0
2023-11-01 02:00:00,8.3,4.6,20.0,0.0
2023-11-01 03:00:00,8.05,4.1,190.0,0.0
2023-11-01 04:00:00,6.7,4.6,20.0,0.0
2023-11-01 05:00:00,6.1,6.2,672.6666666666666,0.0
2023-11-01 06:00:00,5.25,5.4,20.0,0.0
2023-11-01 07:00:00,3.3,3.6,30.0,0.0
2023-11-01 08:00:00,2.8,4.1,20.0,0.0
2023-11-01 09:00:00,2.25,3.3499999999999996,20.0,0.0
2023-11-01 10:00:00,1.1,2.1,30.0,0.0
2023-11-01 11:00:00,1.1,2.1,50.0,0.0
2023-11-01 12:00:00,1.1,2.35,60.0,0.0
2023-11-01 13:00:00,3.9,0.0,999.0,0.0
2023-11-01 14:00:00,5.6,3.1,110.0,0.0
2023-11-01 15:00:00,6.4,3.35,120.0,0.0
2023-11-01 16:00:00,8.9,2.6,150.0,0.0
2023-11-01 17:00:00,9.4,2.6,200.0,0.0
2023-11-01 18:00:00,10.55,2.05,599.5,0.0
2023-11-01 19:00:00,12.2,0.0,999.0,0.0
2023-11-01 20:00:00,12.8,0.0,999.0,0.0
2023-11-01 21:00:00,13.05,1.05,584.5,0.0
2023-11-01 22:00:00,12.8,2.1,160.0,0.0
2023-11-01 23:00:00,10.6,2.1,140.0,0.0
2023-11-02 00:00:00,10.0,2.35,145.0,0.0
2023-11-02 01:00:00,7.8,2.6,150.0,0.0
2023-11-02 02:00:00,7.2,3.1,160.0,0.0
2023-11-02 03:00:00,6.65,2.85,160.0,0.0
2023-11-02 04:00:00,6.1,3.1,190.0,0.0
2023-11-02 05:00:00,6.1,3.6,589.5,0.0
2023-11-02 06:00:00,6.4,3.35,175.0,0.0
2023-11-02 07:00:00,5.0,3.6,150.0,0.0
2023-11-02 08:00:00,4.4,1.5,160.0,0.0
2023-11-02 09:00:00,4.7,1.5,150.0,0.0
2023-11-02 10:00:00,3.9,1.5,150.0,0.0
2023-11-02 11:00:00,3.3,1.5,160.0,0.0
2023-11-02 12:00:00,3.3,1.5,135.0,0.25
2023-11-02 13:00:00,5.6,2.6,150.0,0.25
2023-11-02 14:00:00,8.9,5.7,160.0,0.25
2023-11-02 15:00:00,10.55,5.95,160.0,0.25
2023-11-02 16:00:00,13.3,5.7,180.0,0.25
2023-11-02 17:00:00,15.0,3.6,170.0,0.25
2023-11-02 18:00:00,15.55,4.1,185.0,0.25
2023-11-02 19:00:00,17.2,2.1,140.0,0.25
2023-11-02 20:00:00,17.8,5.1,150.0,0.25
2023-11-02 21:00:00,17.5,5.65,155.0,0.25
2023-11-02 22:00:00,16.7,5.1,160.0,0.25
2023-11-02 23:00:00,13.9,3.6,160.0,0.25
2023-11-03 00:00:00,13.05,3.6,155.0,0.125
2023-11-03 01:00:00,11.7,4.1,150.0,0.0
2023-11-03 02:00:00,11.1,3.6,150.0,0.0
2023-11-03 03:00:00,10.0,3.35,150.0,0.0
2023-11-03 04:00:00,9.4,3.1,150.0,0.0
2023-11-03 05:00:00,8.9,2.6,574.5,0.0
2023-11-03 06:00:00,8.9,2.05,165.0,0.0
2023-11-03 07:00:00,7.2,0.0,999.0,0.0
2023-11-03 08:00:00,8.3,0.0,999.0,0.0
2023-11-03 09:00:00,7.75,0.75,569.5,0.0
2023-11-03 10:00:00,8.3,2.6,180.0,0.0
2023-11-03 11:00:00,8.9,3.6,170.0,0.0
2023-11-03 12:00:00,9.15,4.1,175.0,0.0
2023-11-03 13:00:00,11.1,5.7,190.0,0.0
2023-11-03 14:00:00,13.9,6.7,190.0,0.0
2023-11-03 15:00:00,15.3,7.2,185.0,0.0
2023-11-03 16:00:00,18.9,6.2,180.0,0.25
2023-11-03 17:00:00,20.6,8.2,200.0,0.25
2023-11-03 18:00:00,20.85,8.5,190.0,0.25
2023-11-03 19:00:00,22.2,8.2,180.0,0.25
2023-11-03 20:00:00,22.2,7.2,170.0,0.25
2023-11-03 21:00:00,21.95,7.699999999999999,180.0,0.25
2023-11-03 22:00:00,21.1,7.2,180.0,0.25
2023-11-03 23:00:00,19.4,4.1,160.0,0.25
2023-11-04 00:00:00,18.85,3.8499999999999996,160.0,0.125
2023-11-04 01:00:00,17.8,4.6,160.0,0.0
2023-11-04 02:00:00,16.7,4.1,150.0,0.0
2023-11-04 03:00:00,16.7,4.6,155.0,0.0
2023-11-04 04:00:00,16.1,4.1,160.0,0.0
2023-11-04 05:00:00,15.6,4.1,579.5,0.0
2023-11-04 06:00:00,15.3,4.35,160.0,0.0
2023-11-04 07:00:00,14.4,3.1,170.0,0.0
2023-11-04 08:00:00,13.3,3.1,150.0,0.0
2023-11-04 09:00:00,13.05,2.6,150.0,0.0
2023-11-04 10:00:00,12.2,0.0,999.0,0.0
2023-11-04 11:00:00,11.1,2.1,160.0,0.25
2023-11-04 12:00:00,11.833333333333334,2.6,170.0,0.25
2023-11-04 13:00:00,14.1,6.166666666666667,190.0,
2023-11-04 14:00:00,15.8,5.4,190.0,
2023-11-04 15:00:00,17.133333333333336,6.166666666666667,186.66666666666666,1.0
2023-11-04 16:00:00,20.3,6.95,195.0,0.5
2023-11-04 17:00:00,21.1,6.7,190.0,0.25
2023-11-04 18:00:00,21.65,6.45,185.0,0.25
2023-11-04 19:00:00,22.8,6.2,180.0,0.25
2023-11-04 20:00:00,23.3,6.7,160.0,0.25
2023-11-04 21:00:00,23.3,6.7,170.0,0.25
2023-11-04 22:00:00,22.8,6.7,170.0,0.25
2023-11-04 23:00:00,21.1,4.1,160.0,0.25
2023-11-05 00:00:00,20.25,3.8499999999999996,155.0,0.125
2023-11-05 01:00:00,18.3,2.6,140.0,0.0
2023-11-05 02:00:00,17.8,2.6,160.0,0.25
2023-11-05 03:00:00,17.5,2.05,135.0,0.25
2023-11-05 04:00:00,17.2,3.6,150.0,0.25
2023-11-05 05:00:00,16.1,1.5,564.5,0.25
2023-11-05 06:00:00,16.1,0.75,564.5,0.375
2023-11-05 07:00:00,16.7,0.0,999.0,
2023-11-05 08:00:00,16.7,1.5,160.0,
2023-11-05 09:00:00,15.85,2.05,155.0,0.75
2023-11-05 10:00:00,15.0,2.6,160.0,
2023-11-05 11:00:00,16.1,2.6,170.0,0.5
2023-11-05 12:00:00,15.55,2.35,160.0,0.5
2023-11-05 13:00:00,17.2,3.6,180.0,0.5
2023-11-05 14:00:00,20.0,6.2,210.0,
2023-11-05 15:00:00,20.85,5.65,205.0,0.375
2023-11-05 16:00:00,24.4,7.7,200.0,0.5
2023-11-05 17:00:00,26.1,7.7,220.0,
2023-11-05 18:00:00,26.4,7.949999999999999,215.0,0.75
2023-11-05 19:00:00,26.7,7.7,200.0,
2023-11-05 20:00:00,26.7,7.2,180.0,
2023-11-05 21:00:00,26.4,6.95,180.0,0.75
2023-11-05 22:00:00,25.0,5.7,180.0,
2023-11-05 23:00:00,22.8,4.1,170.0,
2023-11-06 00:00:00,22.25,4.6,165.0,0.75
2023-11-06 01:00:00,20.6,4.6,160.0,
2023-11-06 02:00:00,20.0,5.1,160.0,
2023-11-06 03:00:00,20.0,4.6,165.0,0.75
2023-11-06 04:00:00,19.4,3.1,160.0,
2023-11-06 05:00:00,19.4,4.6,589.5,
2023-11-06 06:00:00,19.7,5.65,185.0,1.0
2023-11-06 07:00:00,19.4,6.2,190.0,
2023-11-06 08:00:00,19.4,6.2,190.0,
2023-11-06 09:00:00,19.4,5.95,185.0,0.75
2023-11-06 10:00:00,18.9,6.2,180.0,0.5
2023-11-06 11:00:00,18.3,7.2,180.0,0.5
2023-11-06 12:00:00,18.3,6.7,185.0,0.5
2023-11-06 13:00:00,18.9,6.7,190.0,
2023-11-06 14:00:00,21.1,7.7,200.0,
2023-11-06 15:00:00,22.200000000000003,8.75,200.0,0.625
2023-11-06 16:00:00,25.0,8.2,200.0,
2023-11-06 17:00:00,26.1,8.8,210.0,
2023-11-06 18:00:00,27.8,7.7,190.0,
2023-11-06 19:00:00,28.3,8.8,200.0,
2023-11-06 20:00:00,28.3,9.8,190.0,0.25
2023-11-06 21:00:00,28.05,9.8,190.0,0.25
2023-11-06 22:00:00,26.1,7.7,180.0,0.25
2023-11-06 23:00:00,25.0,5.7,170.0,0.25
2023-11-07 00:00:00,24.45,5.4,165.0,0.25
2023-11-07 01:00:00,23.3,6.7,180.0,0.0
2023-11-07 02:00:00,22.2,5.7,180.0,0.0
2023-11-07 03:00:00,21.95,6.7,185.0,0.0
2023-11-07 04:00:00,21.7,7.2,190.0,0.0
2023-11-07 05:00:00,20.6,7.7,594.5,0.0
2023-11-07 06:00:00,20.3,6.7,190.0,0.0
2023-11-07 07:00:00,19.4,5.1,180.0,0.0
2023-11-07 08:00:00,18.9,4.6,190.0,0.0
2023-11-07 09:00:00,18.6,4.35,185.0,0.0
2023-11-07 10:00:00,18.3,4.6,180.0,0.0
2023-11-07 11:00:00,17.8,5.1,180.0,0.0
2023-11-07 12:00:00,17.8,5.4,180.0,0.25
2023-11-07 13:00:00,18.3,5.1,180.0,0.0
2023-11-07 14:00:00,20.0,5.7,180.0,0.25
2023-11-07 15:00:00,21.65,5.95,190.0,0.25
2023-11-07 16:00:00,26.1,6.2,190.0,0.25
2023-11-07 17:00:00,27.2,6.2,180.0,0.0
2023-11-07 18:00:00,28.049999999999997,6.7,185.0,0.25
2023-11-07 19:00:00,28.9,7.2,170.0,0.25
2023-11-07 20:00:00,29.4,9.3,170.0,0.25
2023-11-07 21:00:00,29.15,8.75,175.0,0.25
2023-11-07 22:00:00,28.3,8.2,180.0,0.25
2023-11-07 23:00:00,26.7,6.7,170.0,0.25
2023-11-08 00:00:00,26.15,6.45,170.0,0.125
2023-11-08 01:00:00,24.4,6.7,170.0,0.0
2023-11-08 02:00:00,24.4,6.2,170.0,0.0
2023-11-08 03:00:00,24.15,7.5,180.0,0.0
2023-11-08 04:00:00,23.3,7.7,190.0,0.0
2023-11-08 05:00:00,22.8,8.2,594.5,0.0
2023-11-08 06:00:00,22.25,7.949999999999999,190.0,0.0
2023-11-08 07:00:00,21.1,8.2,180.0,0.0
2023-11-08 08:00:00,20.6,6.7,190.0,0.0
2023-11-08 09:00:00,20.3,6.45,190.0,0.25
2023-11-08 10:00:00,20.0,7.2,190.0,0.5
2023-11-08 11:00:00,20.0,7.7,190.0,0.5
2023-11-08 12:00:00,20.0,7.7,185.0,0.5
2023-11-08 13:00:00,20.6,8.8,190.0,0.25
2023-11-08 14:00:00,22.8,7.7,200.0,0.25
2023-11-08 15:00:00,23.9,8.25,200.0,0.125
2023-11-08 16:00:00,26.7,7.2,200.0,0.0
2023-11-08 17:00:00,27.8,8.8,210.0,0.0
2023-11-08 18:00:00,28.35,8.0,205.0,0.0
2023-11-08 19:00:00,29.4,7.2,180.0,0.25
2023-11-08 20:00:00,30.0,7.2,210.0,0.25
2023-11-08 21:00:00,29.7,7.45,205.0,0.25
2023-11-08 22:00:00,27.8,5.1,180.0,0.5
2023-11-08 23:00:00,26.1,5.7,170.0,0.5
2023-11-09 00:00:00,25.55,6.2,170.0,0.5
2023-11-09 01:00:00,24.4,5.7,190.0,
2023-11-09 02:00:00,24.4,5.1,190.0,
2023-11-09 03:00:00,24.4,3.5999999999999996,195.0,0.75
2023-11-09 04:00:00,23.9,3.6,180.0,
2023-11-09 05:00:00,22.8,3.1,556.3333333333334,
2023-11-09 06:00:00,22.5,2.6,195.0,0.625
2023-11-09 07:00:00,20.0,3.6,20.0,
2023-11-09 08:00:00,20.3,3.5999999999999996,15.0,
2023-11-09 09:00:00,20.3,4.1,35.0,1.0
2023-11-09 10:00:00,20.0,5.1,30.0,
2023-11-09 11:00:00,19.4,5.1,30.0,
2023-11-09 12:00:00,19.15,4.6,25.0,1.0
2023-11-09 13:00:00,18.3,6.7,10.0,
2023-11-09 14:00:00,17.2,4.1,360.0,
2023-11-09 15:00:00,16.4,5.4,360.0,1.0
2023-11-09 16:00:00,15.0,7.2,360.0,
2023-11-09 17:00:00,13.9,7.449999999999999,360.0,
2023-11-09 18:00:00,13.933333333333332,8.4,353.3333333333333,1.0
2023-11-09 19:00:00,12.8,8.2,10.0,
2023-11-09 20:00:00,12.2,6.7,20.0,
2023-11-09 21:00:00,12.2,6.95,15.0,1.0
2023-11-09 22:00:00,11.95,6.2,355.0,
2023-11-09 23:00:00,11.7,4.6,360.0,
2023-11-10 00:00:00,11.699999999999998,6.166666666666667,360.0,1.0
2023-11-10 01:00:00,11.7,6.2,10.0,
2023-11-10 02:00:00,11.7,6.2,350.0,
2023-11-10 03:00:00,11.399999999999999,5.95,180.0,1.0
2023-11-10 04:00:00,11.299999999999999,6.366666666666667,13.333333333333334,
2023-11-10 05:00:00,11.7,6.7,504.5,
2023-11-10 06:00:00,11.399999999999999,6.45,15.0,1.0
2023-11-10 07:00:00,11.1,6.2,20.0,
2023-11-10 08:00:00,11.1,5.1,20.0,
2023-11-10 09:00:00,11.1,5.4,15.0,1.0
2023-11-10 10:00:00,11.1,6.7,20.0,
2023-11-10 11:00:00,10.6,6.2,20.0,
2023-11-10 12:00:00,10.6,6.2,15.0,1.0
2023-11-10 13:00:00,10.6,5.1,20.0,
2023-11-10 14:00:00,11.1,6.2,10.0,
2023-11-10 15:00:00,11.399999999999999,6.2,15.0,1.0
2023-11-10 16:00:00,12.2,5.1,30.0,
2023-11-10 17:00:00,12.8,4.1,10.0,
2023-11-10 18:00:00,13.05,4.6,20.0,1.0
2023-11-10 19:00:00,14.4,5.4,35.0,
2023-11-10 20:00:00,15.6,4.1,20.0,
2023-11-10 21:00:00,15.850000000000001,4.35,40.0,1.0
2023-11-10 22:00:00,16.1,4.1,30.0,
2023-11-10 23:00:00,15.55,3.8499999999999996,40.0,
2023-11-11 00:00:00,14.7,2.3,40.0,0.75
2023-11-11 01:00:00,15.0,2.6,50.0,
2023-11-11 02:00:00,14.4,3.1,80.0,
2023-11-11 03:00:00,14.4,3.1,80.0,0.75
2023-11-11 04:00:00,13.9,2.6,80.0,
2023-11-11 05:00:00,13.3,1.5,529.5,
2023-11-11 06:00:00,13.05,2.3,60.0,1.0
2023-11-11 07:00:00,13.3,2.6,30.0,
2023-11-11 08:00:00,13.3,3.1,40.0,
2023-11-11 09:00:00,12.75,3.1,45.0,1.0
2023-11-11 10:00:00,12.2,2.6,40.0,
2023-11-11 11:00:00,12.8,3.1,50.0,
2023-11-11 12:00:00,12.5,3.1,55.0,1.0
2023-11-11 13:00:00,12.8,3.6,50.0,
2023-11-11 14:00:00,13.3,3.1,50.0,
2023-11-11 15:00:00,13.850000000000001,3.8499999999999996,50.0,1.0
2023-11-11 16:00:00,15.0,2.6,80.0,
2023-11-11 17:00:00,16.7,2.1,999.0,
2023-11-11 18:00:00,16.95,3.0999999999999996,539.5,0.75
2023-11-11 19:00:00,18.3,4.1,100.0,0.5
2023-11-11 20:00:00,18.3,3.6,80.0,0.5
2023-11-11 21:00:00,18.05,3.35,80.0,0.5
2023-11-11 22:00:00,17.2,2.1,90.0,
2023-11-11 23:00:00,16.7,2.1,110.0,
2023-11-12 00:00:00,16.7,2.6,110.0,0.75
2023-11-12 01:00:00,16.1,3.6,90.0,
2023-11-12 02:00:00,16.1,2.6,100.0,
2023-11-12 03:00:00,15.850000000000001,2.85,105.0,0.75
2023-11-12 04:00:00,15.6,0.0,999.0,
2023-11-12 05:00:00,15.6,1.5,584.5,
2023-11-12 06:00:00,15.3,1.5,175.0,0.75
2023-11-12 07:00:00,15.0,0.0,999.0,
2023-11-12 08:00:00,14.4,0.0,999.0,
2023-11-12 09:00:00,13.3,1.05,664.5,0.625
2023-11-12 10:00:00,11.7,3.6,330.0,0.25
2023-11-12 11:00:00,10.6,3.1,360.0,0.25
2023-11-12 12:00:00,10.85,3.1,350.0,0.25
2023-11-12 13:00:00,12.8,2.1,350.0,
2023-11-12 14:00:00,15.0,2.1,50.0,
2023-11-12 15:00:00,15.3,1.8,60.0,0.75
2023-11-12 16:00:00,16.1,1.5,100.0,
2023-11-12 17:00:00,16.7,1.5,999.0,
2023-11-12 18:00:00,17.25,0.75,999.0,0.75
2023-11-12 19:00:00,18.3,2.1,999.0,
2023-11-12 20:00:00,18.3,1.5,80.0,
2023-11-12 21:00:00,18.05,0.75,539.5,1.0
2023-11-12 22:00:00,16.7,0.0,999.0,
2023-11-12 23:00:00,16.1,0.0,999.0,
2023-11-13 00:00:00,16.1,0.0,999.0,1.0
2023-11-13 01:00:00,15.0,2.1,50.0,
2023-11-13 02:00:00,15.0,0.0,999.0,
2023-11-13 03:00:00,15.0,0.0,999.0,1.0
2023-11-13 04:00:00,13.3,1.5,50.0,
2023-11-13 05:00:00,12.2,0.0,999.0,
2023-11-13 06:00:00,12.2,0.75,674.5,0.75
2023-11-13 07:00:00,11.7,2.6,10.0,
2023-11-13 08:00:00,12.2,2.1,350.0,
2023-11-13 09:00:00,11.649999999999999,2.35,355.0,1.0
2023-11-13 10:00:00,11.7,0.0,999.0,
2023-11-13 11:00:00,10.6,2.6,20.0,
2023-11-13 12:00:00,10.6,2.85,20.0,0.75
2023-11-13 13:00:00,11.7,3.1,20.0,
2023-11-13 14:00:00,12.8,3.6,30.0,
2023-11-13 15:00:00,13.9,3.6,35.0,0.75
2023-11-13 16:00:00,16.7,3.6,30.0,
2023-11-13 17:00:00,18.3,5.1,70.0,
2023-11-13 18:00:00,18.6,4.85,65.0,0.75
2023-11-13 19:00:00,18.3,4.1,70.0,
2023-11-13 20:00:00,18.3,3.6,80.0,
2023-11-13 21:00:00,18.3,3.35,70.0,0.75
2023-11-13 22:00:00,17.2,2.1,60.0,
2023-11-13 23:00:00,16.7,1.5,40.0,
2023-11-14 00:00:00,16.15,2.3,35.0,0.75
2023-11-14 01:00:00,15.6,2.6,20.0,
2023-11-14 02:00:00,15.0,2.1,60.0,
2023-11-14 03:00:00,15.0,2.1,40.0,0.75
2023-11-14 04:00:00,15.0,2.1,10.0,
2023-11-14 05:00:00,13.3,1.5,664.5,
2023-11-14 06:00:00,13.05,2.3,340.0,0.75
2023-11-14 07:00:00,12.2,3.1,320.0,
2023-11-14 08:00:00,12.2,2.6,340.0,
2023-11-14 09:00:00,12.2,2.05,350.0,0.75
2023-11-14 10:00:00,11.1,2.6,340.0,0.5
2023-11-14 11:00:00,11.7,2.6,340.0,
2023-11-14 12:00:00,11.149999999999999,2.35,180.0,0.75
2023-11-14 13:00:00,12.2,2.6,350.0,0.5
2023-11-14 14:00:00,15.6,1.5,20.0,0.25
2023-11-14 15:00:00,16.15,2.05,185.0,0.25
2023-11-14 16:00:00,18.3,0.0,999.0,0.5
2023-11-14 17:00:00,18.9,1.5,999.0,
2023-11-14 18:00:00,19.45,0.75,999.0,0.75
2023-11-14 19:00:00,20.0,2.1,999.0,0.25
2023-11-14 20:00:00,21.1,2.6,50.0,0.25
2023-11-14 21:00:00,20.0,1.5,160.0,0.25
2023-11-14 22:00:00,19.4,1.5,180.0,0.25
2023-11-14 23:00:00,18.3,2.1,180.0,0.25
2023-11-15 00:00:00,17.5,1.05,589.5,0.125
2023-11-15 01:00:00,16.1,0.0,999.0,0.25
2023-11-15 02:00:00,16.7,0.0,999.0,0.25
2023-11-15 03:00:00,15.55,0.0,999.0,0.25
2023-11-15 04:00:00,14.4,0.0,999.0,0.0
2023-11-15 05:00:00,13.3,0.0,999.0,0.25
2023-11-15 06:00:00,13.3,0.0,999.0,0.25
2023-11-15 07:00:00,12.2,0.0,999.0,0.0
2023-11-15 08:00:00,11.7,1.5,50.0,0.0
2023-11-15 09:00:00,11.7,1.5,180.0,0.0
2023-11-15 10:00:00,10.6,0.0,999.0,0.0
2023-11-15 11:00:00,10.6,1.5,350.0,0.0
2023-11-15 12:00:00,11.149999999999999,2.05,340.0,0.0
2023-11-15 13:00:00,11.7,3.1,340.0,0.25
2023-11-15 14:00:00,14.4,2.6,350.0,0.25
2023-11-15 15:00:00,15.8,1.3,674.5,0.125
2023-11-15 16:00:00,19.4,2.1,30.0,0.0
2023-11-15 17:00:00,20.0,0.0,999.0,0.0
2023-11-15 18:00:00,20.85,1.05,529.5,0.25
2023-11-15 19:00:00,22.2,2.1,999.0,0.25
2023-11-15 20:00:00,22.8,3.1,80.0,0.25
2023-11-15 21:00:00,22.5,2.3,80.0,0.375
2023-11-15 22:00:00,21.7,0.0,999.0,
2023-11-15 23:00:00,18.9,0.0,999.0,
2023-11-16 00:00:00,17.799999999999997,0.75,544.5,0.625
2023-11-16 01:00:00,16.7,0.0,999.0,0.25
2023-11-16 02:00:00,15.6,1.5,90.0,0.0
2023-11-16 03:00:00,15.0,0.75,544.5,0.0
2023-11-16 04:00:00,13.9,1.5,60.0,0.0
2023-11-16 05:00:00,12.8,2.1,549.5,0.0
2023-11-16 06:00:00,12.8,1.8,120.0,0.0
2023-11-16 07:00:00,12.2,2.6,160.0,0.25
2023-11-16 08:00:00,12.25,2.85,140.0,
2023-11-16 09:00:00,12.18,4.0,126.0,1.0
2023-11-16 10:00:00,11.299999999999999,3.6,136.66666666666666,
2023-11-16 11:00:00,11.699999999999998,2.6,156.66666666666666,
2023-11-16 12:00:00,11.7,3.0,164.0,1.0
2023-11-16 13:00:00,11.95,3.8499999999999996,140.0,
2023-11-16 14:00:00,12.35,3.1,152.5,
2023-11-16 15:00:00,12.966666666666669,4.433333333333333,153.33333333333334,1.0
2023-11-16 16:00:00,14.4,3.6,170.0,
2023-11-16 17:00:00,15.0,3.1,170.0,
2023-11-16 18:00:00,15.533333333333333,3.933333333333333,193.33333333333334,1.0
2023-11-16 19:00:00,15.6,3.6,200.0,
2023-11-16 20:00:00,16.1,3.6,160.0,
2023-11-16 21:00:00,16.1,3.35,165.0,1.0
2023-11-16 22:00:00,15.6,4.1,160.0,
2023-11-16 23:00:00,15.6,5.7,160.0,
2023-11-17 00:00:00,15.6,5.15,165.0,1.0
2023-11-17 01:00:00,15.6,5.7,170.0,
2023-11-17 02:00:00,15.0,5.666666666666667,170.0,
2023-11-17 03:00:00,15.0,5.825,170.0,1.0
2023-11-17 04:00:00,14.4,4.6,180.0,
2023-11-17 05:00:00,14.4,6.7,589.5,
2023-11-17 06:00:00,14.4,5.65,175.0,1.0
2023-11-17 07:00:00,14.2,4.6,170.0,
2023-11-17 08:00:00,14.4,4.6,160.0,
2023-11-17 09:00:00,14.4,4.6,165.0,1.0
2023-11-17 10:00:00,13.9,3.6,160.0,
2023-11-17 11:00:00,14.4,3.6,150.0,
2023-11-17 12:00:00,14.4,3.6,150.0,1.0
2023-11-17 13:00:00,14.4,3.6,150.0,
2023-11-17 14:00:00,15.0,2.6,120.0,
2023-11-17 15:00:00,15.3,2.85,125.0,1.0
2023-11-17 16:00:00,15.6,2.6,80.0,
2023-11-17 17:00:00,15.733333333333334,2.4333333333333336,80.0,
2023-11-17 18:00:00,15.850000000000001,2.85,60.0,1.0
2023-11-17 19:00:00,16.1,3.6,50.0,
2023-11-17 20:00:00,16.1,3.1,20.0,
2023-11-17 21:00:00,16.1,3.35,15.0,1.0
2023-11-17 22:00:00,16.7,4.6,360.0,
2023-11-17 23:00:00,16.4,5.4,10.0,
2023-11-18 00:00:00,15.950000000000001,3.7249999999999996,20.0,1.0
2023-11-18 01:00:00,15.6,2.6,30.0,
2023-11-18 02:00:00,15.0,2.85,30.0,
2023-11-18 03:00:00,15.0,2.766666666666667,16.666666666666668,1.0
2023-11-18 04:00:00,15.0,3.1,185.0,
2023-11-18 05:00:00,15.6,2.6,674.5,
2023-11-18 06:00:00,15.6,3.1,355.0,1.0
2023-11-18 07:00:00,15.6,3.1,350.0,
2023-11-18 08:00:00,15.6,3.6,330.0,
2023-11-18 09:00:00,14.666666666666666,3.933333333333333,336.6666666666667,1.0
2023-11-18 10:00:00,13.9,3.6,340.0,
2023-11-18 11:00:00,13.3,4.6,340.0,
2023-11-18 12:00:00,12.566666666666668,4.266666666666667,346.6666666666667,1.0
2023-11-18 13:00:00,12.8,4.1,350.0,
2023-11-18 14:00:00,14.4,4.1,350.0,
2023-11-18 15:00:00,15.55,3.3499999999999996,180.0,0.75
2023-11-18 16:00:00,18.3,2.6,20.0,
2023-11-18 17:00:00,18.3,2.1,360.0,
2023-11-18 18:00:00,19.15,2.1,679.5,0.75
2023-11-18 19:00:00,21.1,2.1,999.0,0.5
2023-11-18 20:00:00,21.1,1.5,50.0,0.5
2023-11-18 21:00:00,20.85,0.75,524.5,0.5
2023-11-18 22:00:00,18.3,2.1,130.0,0.5
2023-11-18 23:00:00,17.8,0.0,999.0,0.5
2023-11-19 00:00:00,17.25,0.0,999.0,0.5
2023-11-19 01:00:00,15.6,2.1,110.0,
2023-11-19 02:00:00,16.1,0.0,999.0,
2023-11-19 03:00:00,15.850000000000001,1.05,574.5,0.75
2023-11-19 04:00:00,15.0,2.6,150.0,
2023-11-19 05:00:00,13.3,1.5,564.5,
2023-11-19 06:00:00,13.05,2.05,135.0,0.75
2023-11-19 07:00:00,13.9,0.0,999.0,
2023-11-19 08:00:00,13.9,2.6,140.0,
2023-11-19 09:00:00,13.05,2.35,130.0,0.75
2023-11-19 10:00:00,12.2,0.0,999.0,
2023-11-19 11:00:00,13.3,0.0,999.0,
2023-11-19 12:00:00,13.3,1.05,569.5,1.0
2023-11-19 13:00:00,13.9,6.2,150.0,
2023-11-19 14:00:00,15.6,5.7,140.0,
2023-11-19 15:00:00,16.15,6.45,150.0,0.75
2023-11-19 16:00:00,17.2,7.2,170.0,
2023-11-19 17:00:00,17.2,6.7,170.0,
2023-11-19 18:00:00,17.5,6.45,170.0,0.75
2023-11-19 19:00:00,17.8,5.333333333333333,166.66666666666666,
2023-11-19 20:00:00,17.2,7.25,155.0,
2023-11-19 21:00:00,17.2,5.95,155.0,1.0
2023-11-19 22:00:00,17.2,6.2,160.0,
2023-11-19 23:00:00,17.2,7.2,150.0,
2023-11-20 00:00:00,16.9,6.325,160.0,1.0
2023-11-20 01:00:00,16.7,5.95,165.0,
2023-11-20 02:00:00,17.2,5.1,170.0,
2023-11-20 03:00:00,17.2,5.65,170.0,1.0
2023-11-20 04:00:00,17.8,5.7,180.0,
2023-11-20 05:00:00,18.15,6.7,449.6666666666667,
2023-11-20 06:00:00,18.3,5.9,175.0,1.0
2023-11-20 07:00:00,18.3,6.7,180.0,
2023-11-20 08:00:00,18.9,6.7,180.0,
2023-11-20 09:00:00,18.6,7.2,185.0,1.0
2023-11-20 10:00:00,18.3,7.2,190.0,
2023-11-20 11:00:00,18.15,6.45,190.0,
2023-11-20 12:00:00,18.7,6.533333333333334,196.66666666666666,0.75
2023-11-20 13:00:00,19.15,6.45,195.0,
2023-11-20 14:00:00,19.7,5.4,205.0,
2023-11-20 15:00:00,20.0,5.666666666666667,216.66666666666666,0.75
2023-11-20 16:00:00,21.7,6.2,260.0,0.5
2023-11-20 17:00:00,22.8,5.7,250.0,0.25
2023-11-20 18:00:00,23.35,5.95,245.0,0.25
2023-11-20 19:00:00,23.9,8.8,270.0,0.25
2023-11-20 20:00:00,20.6,10.3,310.0,0.25
2023-11-20 21:00:00,20.3,9.0,310.0,0.25
2023-11-20 22:00:00,18.9,7.2,300.0,0.25
2023-11-20 23:00:00,18.3,6.2,320.0,0.5
2023-11-21 00:00:00,18.3,8.0,330.0,0.5
2023-11-21 01:00:00,17.2,8.2,350.0,
2023-11-21 02:00:00,15.0,9.8,350.0,0.25
2023-11-21 03:00:00,14.45,9.3,350.0,0.25
2023-11-21 04:00:00,12.8,8.2,340.0,0.25
2023-11-21 05:00:00,12.8,10.3,664.5,
2023-11-21 06:00:00,12.8,11.05,335.0,0.75
2023-11-21 07:00:00,11.7,10.8,340.0,
2023-11-21 08:00:00,11.7,9.8,340.0,
2023-11-21 09:00:00,11.7,10.8,340.0,1.0
2023-11-21 10:00:00,10.6,11.8,340.0,
2023-11-21 11:00:00,10.6,9.3,340.0,
2023-11-21 12:00:00,10.6,9.55,340.0,1.0
2023-11-21 13:00:00,11.1,7.7,340.0,
2023-11-21 14:00:00,10.6,8.2,350.0,
2023-11-21 15:00:00,10.85,9.0,350.0,1.0
2023-11-21 16:00:00,11.7,8.8,350.0,
2023-11-21 17:00:00,13.3,9.8,340.0,
2023-11-21 18:00:00,13.850000000000001,9.0,345.0,0.75
2023-11-21 19:00:00,14.4,7.2,340.0,
2023-11-21 20:00:00,14.4,7.7,330.0,
2023-11-21 21:00:00,15.0,8.5,330.0,0.75
2023-11-21 22:00:00,14.4,8.2,330.0,
2023-11-21 23:00:00,13.3,6.7,330.0,0.25
2023-11-22 00:00:00,12.5,5.9,325.0,0.125
2023-11-22 01:00:00,11.1,5.7,330.0,0.0
2023-11-22 02:00:00,10.0,6.7,340.0,0.0
2023-11-22 03:00:00,9.45,6.2,340.0,0.0
2023-11-22 04:00:00,8.3,4.6,340.0,0.0
2023-11-22 05:00:00,6.7,4.1,659.5,0.0
2023-11-22 06:00:00,6.4,4.35,320.0,0.0
2023-11-22 07:00:00,5.6,4.1,320.0,0.0
2023-11-22 08:00:00,5.0,4.6,310.0,0.0
2023-11-22 09:00:00,5.0,4.1,310.0,0.0
2023-11-22 10:00:00,4.4,4.6,310.0,0.0
2023-11-22 11:00:00,3.9,4.1,320.0,0.0
2023-11-22 12:00:00,3.9,4.6,320.0,0.0
2023-11-22 13:00:00,5.6,4.6,320.0,0.0
2023-11-22 14:00:00,8.3,4.1,320.0,0.0
2023-11-22 15:00:00,9.45,4.35,330.0,0.0
2023-11-22 16:00:00,11.7,4.6,330.0,0.0
2023-11-22 17:00:00,13.3,6.7,320.0,0.0
2023-11-22 18:00:00,13.850000000000001,5.9,320.0,0.0
2023-11-22 19:00:00,15.6,3.6,360.0,0.0
2023-11-22 20:00:00,16.7,3.1,330.0,0.0
2023-11-22 21:00:00,16.7,3.5999999999999996,320.0,0.0
2023-11-22 22:00:00,15.6,2.1,360.0,0.25
2023-11-22 23:00:00,13.3,2.6,110.0,0.25
2023-11-23 00:00:00,12.5,2.35,135.0,0.125
2023-11-23 01:00:00,10.0,2.6,170.0,0.0
2023-11-23 02:00:00,8.3,3.6,200.0,0.0
2023-11-23 03:00:00,8.600000000000001,2.85,190.0,0.0
2023-11-23 04:00:00,7.2,1.5,160.0,0.0
2023-11-23 05:00:00,6.7,1.5,564.5,0.0
2023-11-23 06:00:00,6.7,1.5,140.0,0.0
2023-11-23 07:00:00,6.1,0.0,999.0,0.0
2023-11-23 08:00:00,6.1,1.5,170.0,0.0
2023-11-23 09:00:00,5.55,2.55,175.0,0.25
2023-11-23 10:00:00,5.0,3.6,190.0,0.25
2023-11-23 11:00:00,5.6,3.6,190.0,0.0
2023-11-23 12:00:00,5.6,3.35,185.0,0.25
2023-11-23 13:00:00,7.2,4.6,190.0,0.5
2023-11-23 14:00:00,10.0,3.6,180.0,0.5
2023-11-23 15:00:00,10.85,3.8499999999999996,175.0,0.5
2023-11-23 16:00:00,13.3,4.1,170.0,0.5
2023-11-23 17:00:00,13.9,2.6,180.0,
2023-11-23 18:00:00,15.55,3.3499999999999996,180.0,0.75
2023-11-23 19:00:00,16.7,4.1,160.0,
2023-11-23 20:00:00,16.7,6.2,150.0,
2023-11-23 21:00:00,16.4,5.65,155.0,0.75
2023-11-23 22:00:00,15.0,3.6,150.0,
2023-11-23 23:00:00,13.3,3.1,140.0,
2023-11-24 00:00:00,12.75,3.8499999999999996,130.0,0.625
2023-11-24 01:00:00,11.1,3.6,140.0,0.5
2023-11-24 02:00:00,9.4,3.1,140.0,0.25
2023-11-24 03:00:00,8.850000000000001,3.35,135.0,0.25
2023-11-24 04:00:00,7.8,2.1,140.0,0.5
2023-11-24 05:00:00,7.2,2.6,559.5,0.25
2023-11-24 06:00:00,6.95,2.05,120.0,0.375
2023-11-24 07:00:00,5.6,0.0,999.0,
2023-11-24 08:00:00,5.6,2.6,120.0,
2023-11-24 09:00:00,5.85,2.6,120.0,0.625
2023-11-24 10:00:00,5.0,2.1,140.0,0.5
2023-11-24 11:00:00,5.0,2.6,130.0,0.25
2023-11-24 12:00:00,5.0,2.05,125.0,0.25
2023-11-24 13:00:00,5.6,1.5,120.0,0.25
2023-11-24 14:00:00,7.8,3.1,110.0,0.0
2023-11-24 15:00:00,8.35,2.6,130.0,0.0
2023-11-24 16:00:00,12.8,0.0,999.0,0.0
2023-11-24 17:00:00,14.4,2.6,999.0,0.25
2023-11-24 18:00:00,15.55,2.05,999.0,0.25
2023-11-24 19:00:00,17.2,2.6,999.0,0.25
2023-11-24 20:00:00,17.8,2.6,80.0,0.25
2023-11-24 21:00:00,17.5,2.6,105.0,0.25
2023-11-24 22:00:00,16.1,1.5,150.0,0.25
2023-11-24 23:00:00,13.9,2.1,130.0,0.25
2023-11-25 00:00:00,13.600000000000001,1.8,130.0,0.25
2023-11-25 01:00:00,11.7,1.5,150.0,0.25
2023-11-25 02:00:00,11.7,0.0,999.0,0.25
2023-11-25 03:00:00,11.149999999999999,0.0,999.0,0.375
2023-11-25 04:00:00,10.0,0.0,999.0,0.25
2023-11-25 05:00:00,10.0,0.0,999.0,0.25
2023-11-25 06:00:00,9.45,0.0,999.0,0.25
2023-11-25 07:00:00,7.2,2.1,20.0,0.25
2023-11-25 08:00:00,6.1,2.6,10.0,0.25
2023-11-25 09:00:00,6.1,2.35,20.0,0.375
2023-11-25 10:00:00,6.7,2.1,30.0,0.5
2023-11-25 11:00:00,6.1,0.0,999.0,0.25
2023-11-25 12:00:00,5.85,0.75,539.5,0.375
2023-11-25 13:00:00,6.7,1.5,100.0,0.5
2023-11-25 14:00:00,8.9,3.6,110.0,0.5
2023-11-25 15:00:00,10.0,4.1,110.0,0.375
2023-11-25 16:00:00,12.8,5.7,150.0,0.5
2023-11-25 17:00:00,13.9,4.6,110.0,0.5
2023-11-25 18:00:00,14.45,4.85,115.0,0.5
2023-11-25 19:00:00,15.6,5.1,130.0,
2023-11-25 20:00:00,15.6,3.6,130.0,
2023-11-25 21:00:00,15.6,4.35,125.0,0.75
2023-11-25 22:00:00,14.4,4.6,140.0,
2023-11-25 23:00:00,13.3,3.1,180.0,
2023-11-26 00:00:00,13.3,4.1,160.0,0.75
2023-11-26 01:00:00,12.2,3.6,190.0,
2023-11-26 02:00:00,11.1,3.1,230.0,
2023-11-26 03:00:00,10.766666666666666,3.1,206.66666666666666,1.0
2023-11-26 04:00:00,10.6,0.0,999.0,
2023-11-26 05:00:00,10.6,2.4,457.25,
2023-11-26 06:00:00,10.9,2.4,260.0,1.0
2023-11-26 07:00:00,9.45,4.4,305.0,
2023-11-26 08:00:00,7.35,7.3500000000000005,320.0,
2023-11-26 09:00:00,6.266666666666667,9.266666666666667,323.3333333333333,1.0
2023-11-26 10:00:00,4.4,8.8,320.0,
2023-11-26 11:00:00,2.8,8.8,320.0,
2023-11-26 12:00:00,2.25,7.875,330.0,0.5833333333333334
2023-11-26 13:00:00,1.7,7.7,320.0,0.5
2023-11-26 14:00:00,1.7,7.2,330.0,0.5
2023-11-26 15:00:00,2.5,8.0,330.0,0.5
2023-11-26 16:00:00,5.6,9.8,330.0,
2023-11-26 17:00:00,7.2,7.2,340.0,
2023-11-26 18:00:00,8.05,8.0,330.0,0.75
2023-11-26 19:00:00,10.6,9.3,330.0,
2023-11-26 20:00:00,11.1,6.2,320.0,
2023-11-26 21:00:00,10.85,6.45,320.0,0.625
2023-11-26 22:00:00,10.0,6.7,340.0,0.5
2023-11-26 23:00:00,8.3,4.1,330.0,0.5
2023-11-27 00:00:00,8.05,4.1,325.0,0.5
2023-11-27 01:00:00,7.2,5.1,330.0,0.5
2023-11-27 02:00:00,6.1,4.1,320.0,
2023-11-27 03:00:00,5.85,4.1,330.0,0.75
2023-11-27 04:00:00,4.4,3.6,330.0,
2023-11-27 05:00:00,4.4,4.6,669.5,
2023-11-27 06:00:00,3.85,4.35,340.0,0.5
2023-11-27 07:00:00,2.2,3.6,340.0,0.25
2023-11-27 08:00:00,1.7,3.6,340.0,0.25
2023-11-27 09:00:00,1.4,3.35,345.0,0.375
2023-11-27 10:00:00,1.7,1.5,340.0,0.25
2023-11-27 11:00:00,0.6,2.1,360.0,0.25
2023-11-27 12:00:00,0.6,2.1,345.0,0.25
2023-11-27 13:00:00,2.2,1.5,10.0,0.25
2023-11-27 14:00:00,3.9,2.1,210.0,0.25
2023-11-27 15:00:00,5.3,1.05,604.5,0.25
2023-11-27 16:00:00,8.3,0.0,999.0,0.5
2023-11-27 17:00:00,10.0,2.6,290.0,0.5
2023-11-27 18:00:00,10.55,3.5999999999999996,320.0,0.5
2023-11-27 19:00:00,11.7,3.1,30.0,
2023-11-27 20:00:00,11.7,2.6,20.0,
2023-11-27 21:00:00,11.7,2.35,509.5,0.75
2023-11-27 22:00:00,10.0,2.1,40.0,
2023-11-27 23:00:00,9.4,0.0,999.0,
2023-11-28 00:00:00,8.850000000000001,0.0,999.0,0.75
2023-11-28 01:00:00,8.3,0.0,999.0,
2023-11-28 02:00:00,9.4,0.0,999.0,
2023-11-28 03:00:00,9.4,0.75,624.5,0.75
2023-11-28 04:00:00,8.3,1.5,230.0,
2023-11-28 05:00:00,7.8,1.5,624.5,
2023-11-28 06:00:00,7.8,2.3,250.0,1.0
2023-11-28 07:00:00,6.7,2.6,240.0,
2023-11-28 08:00:00,6.7,1.5,260.0,
2023-11-28 09:00:00,6.15,2.05,240.0,0.75
2023-11-28 10:00:00,5.0,0.0,999.0,
2023-11-28 11:00:00,4.4,0.0,999.0,0.5
2023-11-28 12:00:00,4.15,1.3,594.5,0.375
2023-11-28 13:00:00,5.0,1.5,220.0,0.0
2023-11-28 14:00:00,8.9,0.0,999.0,0.0
2023-11-28 15:00:00,10.0,0.75,604.5,0.0
2023-11-28 16:00:00,13.3,4.1,170.0,0.0
2023-11-28 17:00:00,14.4,4.6,170.0,0.25
2023-11-28 18:00:00,15.0,4.85,190.0,0.25
2023-11-28 19:00:00,16.1,2.6,180.0,0.25
2023-11-28 20:00:00,16.7,4.6,170.0,0.25
2023-11-28 21:00:00,16.4,4.35,160.0,0.25
2023-11-28 22:00:00,14.4,3.1,170.0,0.5
2023-11-28 23:00:00,12.2,3.1,180.0,0.5
2023-11-29 00:00:00,11.1,2.85,170.0,0.5
2023-11-29 01:00:00,9.4,2.6,180.0,0.5
2023-11-29 02:00:00,9.4,4.1,180.0,0.25
2023-11-29 03:00:00,9.15,3.5999999999999996,185.0,0.25
2023-11-29 04:00:00,7.8,3.1,190.0,0.25
2023-11-29 05:00:00,7.2,3.1,594.5,0.25
2023-11-29 06:00:00,6.4,3.35,195.0,0.25
2023-11-29 07:00:00,6.1,3.1,210.0,0.25
2023-11-29 08:00:00,5.0,2.6,210.0,0.5
2023-11-29 09:00:00,5.3,3.1,210.0,0.5
2023-11-29 10:00:00,3.9,2.6,190.0,0.5
2023-11-29 11:00:00,5.0,3.1,190.0,
2023-11-29 12:00:00,4.7,2.85,190.0,0.75
2023-11-29 13:00:00,5.0,2.6,190.0,0.5
2023-11-29 14:00:00,8.9,3.1,190.0,0.5
2023-11-29 15:00:00,10.0,2.85,195.0,0.5
2023-11-29 16:00:00,13.3,3.1,210.0,
2023-11-29 17:00:00,15.6,4.6,160.0,
2023-11-29 18:00:00,15.850000000000001,4.1,170.0,0.75
2023-11-29 19:00:00,16.7,4.6,180.0,
2023-11-29 20:00:00,17.8,6.2,170.0,
2023-11-29 21:00:00,17.8,7.199999999999999,175.0,0.75
2023-11-29 22:00:00,16.7,7.2,170.0,
2023-11-29 23:00:00,15.6,5.7,170.0,
2023-11-30 00:00:00,15.3,5.4,165.0,1.0
2023-11-30 01:00:00,15.0,5.7,170.0,
2023-11-30 02:00:00,15.0,5.1,170.0,
2023-11-30 03:00:00,14.7,4.85,170.0,1.0
2023-11-30 04:00:00,14.4,5.7,160.0,
2023-11-30 05:00:00,14.4,4.6,579.5,
2023-11-30 06:00:00,14.4,5.4,160.0,1.0
2023-11-30 07:00:00,13.9,5.7,160.0,
2023-11-30 08:00:00,13.9,4.6,160.0,
2023-11-30 09:00:00,13.9,4.35,160.0,1.0
2023-11-30 10:00:00,13.9,4.6,150.0,
2023-11-30 11:00:00,13.9,5.1,160.0,
2023-11-30 12:00:00,13.350000000000001,4.1,140.0,1.0
2023-11-30 13:00:00,12.5,3.8499999999999996,130.0,
2023-11-30 14:00:00,12.8,3.8499999999999996,130.0,
2023-11-30 15:00:00,13.133333333333335,3.933333333333333,136.66666666666666,1.0
2023-11-30 16:00:00,13.9,4.1,140.0,
2023-11-30 17:00:00,14.233333333333334,4.266666666666667,136.66666666666666,
2023-11-30 18:00:00,14.4,4.6,125.0,1.0
2023-11-30 19:00:00,15.850000000000001,3.6,150.0,
2023-11-30 20:00:00,16.1,1.5,160.0,
2023-11-30 21:00:00,16.5,2.066666666666667,156.66666666666666,1.0
2023-11-30 22:00:00,16.95,0.75,584.5,
2023-11-30 23:00:00,16.1,2.35,100.0,0.5
2023-12-01 00:00:00,15.725,1.8,137.5,0.5
2023-12-01 01:00:00,14.799999999999999,1.8666666666666665,113.33333333333333,0.5
2023-12-01 02:00:00,16.8,3.1,186.66666666666666,
2023-12-01 03:00:00,15.950000000000001,4.1,201.66666666666666,0.5
2023-12-01 04:00:00,16.1,4.6,260.0,0.5
2023-12-01 05:00:00,14.4,4.1,749.3333333333334,0.25
2023-12-01 06:00:00,13.600000000000001,4.1,285.0,0.375
2023-12-01 07:00:00,10.6,5.1,310.0,0.5
2023-12-01 08:00:00,9.4,5.1,300.0,
2023-12-01 09:00:00,8.850000000000001,5.4,295.0,0.75
2023-12-01 10:00:00,7.8,4.1,290.0,
2023-12-01 11:00:00,7.2,5.7,290.0,
2023-12-01 12:00:00,6.95,4.9,295.0,0.75
2023-12-01 13:00:00,6.7,4.6,280.0,0.5
2023-12-01 14:00:00,8.3,5.1,300.0,0.5
2023-12-01 15:00:00,8.600000000000001,4.85,300.0,0.5
2023-12-01 16:00:00,10.6,4.6,300.0,0.25
2023-12-01 17:00:00,12.2,4.6,300.0,0.25
2023-12-01 18:00:00,12.75,4.85,320.0,0.25
2023-12-01 19:00:00,14.4,5.1,340.0,0.25
2023-12-01 20:00:00,15.6,3.6,330.0,0.25
2023-12-01 21:00:00,15.6,2.55,345.0,0.25
2023-12-01 22:00:00,13.9,3.1,40.0,0.25
2023-12-01 23:00:00,10.6,2.6,30.0,0.25
2023-12-02 00:00:00,10.3,2.85,30.0,0.25
2023-12-02 01:00:00,10.0,1.5,60.0,0.5
2023-12-02 02:00:00,8.9,2.1,60.0,0.5
2023-12-02 03:00:00,8.35,2.85,65.0,0.5
2023-12-02 04:00:00,6.1,2.6,60.0,
2023-12-02 05:00:00,7.2,2.1,539.5,0.25
2023-12-02 06:00:00,6.95,1.05,539.5,0.375
2023-12-02 07:00:00,6.1,1.5,40.0,
2023-12-02 08:00:00,6.1,2.6,70.0,
2023-12-02 09:00:00,5.55,2.05,55.0,0.75
2023-12-02 10:00:00,5.6,1.5,350.0,0.5
2023-12-02 11:00:00,3.9,1.5,10.0,
2023-12-02 12:00:00,4.75,1.8,175.0,0.75
2023-12-02 13:00:00,6.7,0.0,999.0,
2023-12-02 14:00:00,8.3,3.6,280.0,
2023-12-02 15:00:00,8.600000000000001,2.55,250.0,0.75
2023-12-02 16:00:00,11.1,1.5,240.0,
2023-12-02 17:00:00,13.3,2.1,180.0,
2023-12-02 18:00:00,15.0,2.1,215.0,0.75
2023-12-02 19:00:00,17.8,3.6,110.0,
2023-12-02 20:00:00,18.3,2.1,160.0,
2023-12-02 21:00:00,18.3,2.85,155.0,0.5
2023-12-02 22:00:00,17.8,2.1,100.0,0.25
2023-12-02 23:00:00,15.0,2.1,160.0,0.25
2023-12-03 00:00:00,14.45,1.05,579.5,0.25
2023-12-03 01:00:00,14.4,2.1,180.0,0.25
2023-12-03 02:00:00,16.1,5.7,270.0,0.25
2023-12-03 03:00:00,15.366666666666667,4.833333333333333,266.6666666666667,0.25
2023-12-03 04:00:00,9.4,4.1,200.0,0.25
2023-12-03 05:00:00,8.9,3.6,609.5,0.25
2023-12-03 06:00:00,9.75,4.35,230.0,0.25
2023-12-03 07:00:00,9.4,4.1,240.0,0.0
2023-12-03 08:00:00,9.4,4.6,260.0,0.0
2023-12-03 09:00:00,8.05,3.5999999999999996,230.0,0.0
2023-12-03 10:00:00,6.7,3.1,240.0,0.0
2023-12-03 11:00:00,7.8,4.1,280.0,0.0
2023-12-03 12:00:00,6.699999999999999,2.8,200.0,0.25
2023-12-03 13:00:00,3.3,1.5,130.0,0.25
2023-12-03 14:00:00,8.3,3.1,190.0,0.25
2023-12-03 15:00:00,10.0,3.8499999999999996,205.0,0.25
2023-12-03 16:00:00,15.6,5.7,230.0,0.25
2023-12-03 17:00:00,18.9,6.2,210.0,0.25
2023-12-03 18:00:00,20.299999999999997,5.95,225.0,0.25
2023-12-03 19:00:00,22.8,6.2,220.0,0.25
2023-12-03 20:00:00,22.8,10.3,220.0,0.25
2023-12-03 21:00:00,22.8,8.75,220.0,0.25
2023-12-03 22:00:00,21.1,6.2,200.0,0.25
2023-12-03 23:00:00,18.9,4.6,210.0,0.25
2023-12-04 00:00:00,17.25,4.35,205.0,0.125
2023-12-04 01:00:00,16.7,5.7,210.0,0.0
2023-12-04 02:00:00,15.0,5.1,220.0,0.0
2023-12-04 03:00:00,15.3,5.65,240.0,0.0
2023-12-04 04:00:00,15.566666666666668,8.933333333333334,233.33333333333334,0.0
2023-12-04 05:00:00,13.3,6.7,674.5,0.0
2023-12-04 06:00:00,12.2,5.4,340.0,0.0
2023-12-04 07:00:00,10.0,3.6,340.0,0.0
2023-12-04 08:00:00,8.9,3.6,310.0,0.0
2023-12-04 09:00:00,8.35,3.6,310.0,0.0
2023-12-04 10:00:00,8.3,3.6,300.0,0.0
2023-12-04 11:00:00,7.8,4.6,320.0,0.0
2023-12-04 12:00:00,7.25,4.85,315.0,0.0
2023-12-04 13:00:00,7.2,3.6,330.0,0.0
2023-12-04 14:00:00,10.0,4.6,350.0,0.0
2023-12-04 15:00:00,11.1,4.1,185.0,0.0
2023-12-04 16:00:00,13.3,2.1,340.0,0.25
2023-12-04 17:00:00,15.0,2.6,350.0,0.25
2023-12-04 18:00:00,15.3,2.05,674.5,0.25
2023-12-04 19:00:00,16.7,0.0,999.0,0.25
2023-12-04 20:00:00,17.2,2.1,70.0,0.25
2023-12-04 21:00:00,17.2,1.8,75.0,0.25
2023-12-04 22:00:00,15.0,2.1,110.0,0.25
2023-12-04 23:00:00,13.3,2.1,110.0,0.25
2023-12-05 00:00:00,12.75,1.8,125.0,0.25
2023-12-05 01:00:00,10.6,2.1,180.0,0.25
2023-12-05 02:00:00,10.6,2.1,190.0,0.0
2023-12-05 03:00:00,9.75,1.05,594.5,0.25
2023-12-05 04:00:00,10.0,0.0,999.0,0.25
2023-12-05 05:00:00,6.7,1.5,509.5,0.0
2023-12-05 06:00:00,7.5,1.5,95.0,0.0
2023-12-05 07:00:00,7.2,0.0,999.0,0.0
2023-12-05 08:00:00,6.7,1.5,80.0,0.0
2023-12-05 09:00:00,6.4,2.05,135.0,0.0
2023-12-05 10:00:00,6.7,1.5,210.0,0.0
2023-12-05 11:00:00,4.4,0.0,999.0,0.0
2023-12-05 12:00:00,4.7,0.0,999.0,0.25
2023-12-05 13:00:00,6.1,2.1,240.0,0.25
2023-12-05 14:00:00,10.6,2.6,250.0,0.25
2023-12-05 15:00:00,12.25,2.05,624.5,0.25
2023-12-05 16:00:00,16.7,2.1,260.0,0.25
2023-12-05 17:00:00,18.9,3.6,250.0,0.0
2023-12-05 18:00:00,19.15,1.8,624.5,0.0
2023-12-05 19:00:00,21.1,4.6,10.0,0.0
2023-12-05 20:00:00,21.1,3.1,320.0,0.0
2023-12-05 21:00:00,21.1,3.1,175.0,0.0
2023-12-05 22:00:00,19.4,1.5,50.0,0.0
2023-12-05 23:00:00,15.0,2.6,10.0,0.0
2023-12-06 00:00:00,14.7,2.85,10.0,0.0
2023-12-06 01:00:00,13.3,3.6,30.0,0.0
2023-12-06 02:00:00,11.7,0.0,999.0,0.0
2023-12-06 03:00:00,10.85,1.8,514.5,0.0
2023-12-06 04:00:00,12.2,1.5,20.0,0.0
2023-12-06 05:00:00,10.0,2.6,519.5,0.0
2023-12-06 06:00:00,9.15,2.85,40.0,0.0
2023-12-06 07:00:00,8.3,2.6,50.0,0.0
2023-12-06 08:00:00,7.8,2.1,30.0,0.0
2023-12-06 09:00:00,8.05,1.8,25.0,0.0
2023-12-06 10:00:00,6.7,2.1,360.0,0.25
2023-12-06 11:00:00,6.1,2.1,20.0,0.25
2023-12-06 12:00:00,6.4,1.05,509.5,0.25
2023-12-06 13:00:00,7.2,2.1,120.0,
2023-12-06 14:00:00,8.9,1.5,130.0,
2023-12-06 15:00:00,10.0,2.55,145.0,0.75
2023-12-06 16:00:00,13.3,4.1,180.0,
2023-12-06 17:00:00,15.0,3.1,140.0,
2023-12-06 18:00:00,15.85,2.85,140.0,0.75
2023-12-06 19:00:00,17.2,2.6,150.0,
2023-12-06 20:00:00,18.3,3.6,190.0,0.5
2023-12-06 21:00:00,18.6,3.6,170.0,0.375
2023-12-06 22:00:00,17.2,3.6,160.0,0.25
2023-12-06 23:00:00,13.9,3.1,150.0,0.25
2023-12-07 00:00:00,13.600000000000001,3.35,150.0,0.25
2023-12-07 01:00:00,12.8,3.6,160.0,0.5
2023-12-07 02:00:00,12.2,4.1,160.0,0.5
2023-12-07 03:00:00,11.649999999999999,3.3499999999999996,165.0,0.5
2023-12-07 04:00:00,11.1,3.6,160.0,
2023-12-07 05:00:00,11.1,3.1,584.5,
2023-12-07 06:00:00,10.55,2.85,185.0,0.75
2023-12-07 07:00:00,10.0,4.1,180.0,0.0
2023-12-07 08:00:00,10.0,5.7,180.0,
2023-12-07 09:00:00,10.0,5.4,180.0,0.75
2023-12-07 10:00:00,10.0,5.1,190.0,
2023-12-07 11:00:00,9.4,4.6,190.0,
2023-12-07 12:00:00,9.4,4.85,185.0,0.75
2023-12-07 13:00:00,10.6,6.7,190.0,
2023-12-07 14:00:00,11.7,7.2,190.0,
2023-12-07 15:00:00,13.05,7.699999999999999,190.0,0.75
2023-12-07 16:00:00,17.8,10.3,190.0,
2023-12-07 17:00:00,18.9,9.3,190.0,
2023-12-07 18:00:00,19.45,9.55,195.0,0.75
2023-12-07 19:00:00,21.1,10.8,190.0,
2023-12-07 20:00:00,20.6,8.8,180.0,
2023-12-07 21:00:00,20.6,9.8,190.0,0.75
2023-12-07 22:00:00,20.0,8.8,190.0,
2023-12-07 23:00:00,19.4,6.7,180.0,0.5
2023-12-08 00:00:00,19.15,7.449999999999999,175.0,0.375
2023-12-08 01:00:00,18.9,8.2,180.0,0.25
2023-12-08 02:00:00,17.8,5.7,180.0,0.25
2023-12-08 03:00:00,17.8,6.7,180.0,0.25
2023-12-08 04:00:00,17.2,7.7,180.0,0.25
2023-12-08 05:00:00,16.85,6.2,456.3333333333333,
2023-12-08 06:00:00,16.7,6.95,185.0,0.75
2023-12-08 07:00:00,17.2,8.2,180.0,
2023-12-08 08:00:00,17.8,7.2,190.0,
2023-12-08 09:00:00,17.5,6.95,190.0,1.0
2023-12-08 10:00:00,16.95,6.45,185.0,0.5
2023-12-08 11:00:00,16.7,5.7,180.0,0.5
2023-12-08 12:00:00,17.03333333333333,6.366666666666667,186.66666666666666,0.5
2023-12-08 13:00:00,17.2,7.7,180.0,
2023-12-08 14:00:00,18.3,9.3,190.0,
2023-12-08 15:00:00,18.85,9.05,195.0,0.75
2023-12-08 16:00:00,21.4,11.05,200.0,0.5
2023-12-08 17:00:00,22.8,9.3,200.0,0.25
2023-12-08 18:00:00,23.6,8.75,195.0,0.25
2023-12-08 19:00:00,26.1,8.2,210.0,0.25
2023-12-08 20:00:00,26.1,8.2,190.0,0.25
2023-12-08 21:00:00,26.1,7.949999999999999,190.0,0.25
2023-12-08 22:00:00,25.0,5.1,190.0,0.0
2023-12-08 23:00:00,23.3,6.2,170.0,0.0
2023-12-09 00:00:00,22.5,5.65,180.0,0.0
2023-12-09 01:00:00,20.6,6.2,190.0,0.0
2023-12-09 02:00:00,20.0,7.7,190.0,0.0
2023-12-09 03:00:00,19.7,7.2,190.0,0.0
2023-12-09 04:00:00,18.9,4.1,210.0,0.0
2023-12-09 05:00:00,16.1,3.6,594.5,0.0
2023-12-09 06:00:00,16.1,3.6,185.0,0.25
2023-12-09 07:00:00,15.0,4.1,200.0,0.25
2023-12-09 08:00:00,15.0,0.0,999.0,0.25
2023-12-09 09:00:00,14.7,1.3,664.5,0.375
2023-12-09 10:00:00,13.3,4.6,340.0,0.5
2023-12-09 11:00:00,11.1,4.6,350.0,0.5
2023-12-09 12:00:00,11.833333333333334,5.133333333333333,350.0,0.5
2023-12-09 13:00:00,11.399999999999999,5.7,340.0,0.375
2023-12-09 14:00:00,12.2,7.2,350.0,0.25
2023-12-09 15:00:00,12.75,7.699999999999999,350.0,0.25
2023-12-09 16:00:00,15.0,9.3,350.0,0.0
2023-12-09 17:00:00,16.7,9.3,360.0,0.0
2023-12-09 18:00:00,17.5,9.3,355.0,0.25
2023-12-09 19:00:00,18.9,8.8,360.0,0.5
2023-12-09 20:00:00,18.3,8.2,360.0,0.25
2023-12-09 21:00:00,17.5,9.0,360.0,0.25
2023-12-09 22:00:00,15.6,9.3,340.0,0.25
2023-12-09 23:00:00,13.3,8.8,340.0,0.25
2023-12-10 00:00:00,12.5,8.8,335.0,0.25
2023-12-10 01:00:00,10.6,8.2,340.0,0.0
2023-12-10 02:00:00,10.0,8.2,340.0,0.0
2023-12-10 03:00:00,9.45,7.199999999999999,340.0,0.0
2023-12-10 04:00:00,8.3,6.7,330.0,0.0
2023-12-10 05:00:00,6.7,5.1,659.5,0.0
2023-12-10 06:00:00,6.7,5.1,320.0,0.0
2023-12-10 07:00:00,6.1,7.2,330.0,0.0
2023-12-10 08:00:00,5.0,6.2,340.0,0.0
2023-12-10 09:00:00,4.7,5.95,325.0,0.0
2023-12-10 10:00:00,3.3,4.6,300.0,0.0
2023-12-10 11:00:00,2.8,5.1,310.0,0.0
2023-12-10 12:00:00,2.25,5.1,315.0,0.0
2023-12-10 13:00:00,2.2,5.1,330.0,0.25
2023-12-10 14:00:00,5.0,7.2,340.0,0.0
2023-12-10 15:00:00,6.1,6.45,335.0,0.0
2023-12-10 16:00:00,8.3,5.1,330.0,0.0
2023-12-10 17:00:00,9.4,4.6,330.0,0.25
2023-12-10 18:00:00,10.0,3.5999999999999996,664.5,0.375
2023-12-10 19:00:00,11.7,3.1,280.0,
2023-12-10 20:00:00,11.7,3.6,320.0,
2023-12-10 21:00:00,11.7,3.8499999999999996,310.0,0.75
2023-12-10 22:00:00,10.6,2.1,330.0,
2023-12-10 23:00:00,8.9,2.1,110.0,
2023-12-11 00:00:00,8.05,2.1,130.0,0.75
2023-12-11 01:00:00,6.7,2.6,170.0,
2023-12-11 02:00:00,4.4,3.1,190.0,
2023-12-11 03:00:00,5.0,2.85,175.0,0.75
2023-12-11 04:00:00,5.0,4.1,180.0,0.5
2023-12-11 05:00:00,3.9,3.1,594.5,0.25
2023-12-11 06:00:00,3.9,2.85,185.0,0.125
2023-12-11 07:00:00,3.9,3.6,180.0,0.25
2023-12-11 08:00:00,3.9,3.1,180.0,0.0
2023-12-11 09:00:00,3.5999999999999996,2.85,190.0,0.25
2023-12-11 10:00:00,3.9,2.1,180.0,0.25
2023-12-11 11:00:00,2.2,3.1,160.0,0.25
2023-12-11 12:00:00,2.5,3.1,170.0,0.25
2023-12-11 13:00:00,3.9,3.6,180.0,0.25
2023-12-11 14:00:00,6.7,5.1,190.0,0.25
2023-12-11 15:00:00,8.35,4.6,185.0,0.25
2023-12-11 16:00:00,12.8,2.6,210.0,0.25
2023-12-11 17:00:00,14.4,4.1,220.0,0.5
2023-12-11 18:00:00,16.1,2.1,999.0,0.5
2023-12-11 19:00:00,16.7,2.6,140.0,0.5
2023-12-11 20:00:00,17.8,3.6,140.0,0.5
2023-12-11 21:00:00,18.05,3.35,145.0,0.5
2023-12-11 22:00:00,16.7,3.6,160.0,0.5
2023-12-11 23:00:00,13.3,3.6,150.0,0.5
2023-12-12 00:00:00,12.75,3.6,145.0,0.5
2023-12-12 01:00:00,12.2,4.1,160.0,0.5
2023-12-12 02:00:00,10.6,3.6,150.0,
2023-12-12 03:00:00,10.3,3.1,160.0,0.75
2023-12-12 04:00:00,9.4,2.6,160.0,
2023-12-12 05:00:00,8.3,2.1,574.5,
2023-12-12 06:00:00,8.05,1.05,574.5,0.75
2023-12-12 07:00:00,6.7,2.1,150.0,
2023-12-12 08:00:00,7.2,2.6,170.0,
2023-12-12 09:00:00,6.95,1.3,584.5,0.625
2023-12-12 10:00:00,5.6,2.6,130.0,
2023-12-12 11:00:00,5.0,1.5,120.0,
2023-12-12 12:00:00,4.7,1.5,130.0,0.75
2023-12-12 13:00:00,4.4,2.6,120.0,
2023-12-12 14:00:00,7.2,2.1,130.0,0.75
2023-12-12 15:00:00,10.0,2.6,150.0,
2023-12-12 16:00:00,12.8,3.6,160.0,
2023-12-12 17:00:00,15.0,3.6,170.0,
2023-12-12 18:00:00,15.85,4.1,160.0,0.75
2023-12-12 19:00:00,17.2,3.6,150.0,
2023-12-12 20:00:00,18.3,5.7,160.0,
2023-12-12 21:00:00,17.75,5.15,160.0,0.75
2023-12-12 22:00:00,16.7,4.6,140.0,
2023-12-12 23:00:00,14.4,4.1,120.0,
2023-12-13 00:00:00,13.9,3.1,120.0,
2023-12-13 01:00:00,13.9,4.1,130.0,
2023-12-13 02:00:00,13.9,5.1,140.0,
2023-12-13 03:00:00,13.600000000000001,4.35,135.0,1.0
2023-12-13 04:00:00,12.8,3.6,120.0,
2023-12-13 05:00:00,11.1,3.6,574.5,
2023-12-13 06:00:00,10.55,2.85,135.0,0.75
2023-12-13 07:00:00,8.3,3.1,120.0,
2023-12-13 08:00:00,9.4,1.5,110.0,
2023-12-13 09:00:00,9.15,1.5,100.0,0.75
2023-12-13 10:00:00,8.3,1.5,100.0,
2023-12-13 11:00:00,9.4,2.6,100.0,
2023-12-13 12:00:00,9.7,2.05,95.0,1.0
2023-12-13 13:00:00,10.6,2.1,100.0,
2023-12-13 14:00:00,11.1,3.1,100.0,
2023-12-13 15:00:00,11.649999999999999,3.8499999999999996,105.0,1.0
2023-12-13 16:00:00,13.3,5.1,110.0,
2023-12-13 17:00:00,15.0,6.7,140.0,
2023-12-13 18:00:00,15.85,6.7,140.0,0.75
2023-12-13 19:00:00,16.1,6.2,120.0,
2023-12-13 20:00:00,16.1,4.6,110.0,
2023-12-13 21:00:00,15.850000000000001,4.6,105.0,0.75
2023-12-13 22:00:00,14.4,4.6,90.0,
2023-12-13 23:00:00,13.9,5.1,90.0,
2023-12-14 00:00:00,13.05,4.6,100.0,0.75
2023-12-14 01:00:00,11.7,3.1,80.0,
2023-12-14 02:00:00,11.7,3.1,90.0,
2023-12-14 03:00:00,11.399999999999999,3.1,90.0,1.0
2023-12-14 04:00:00,11.1,3.1,90.0,
2023-12-14 05:00:00,10.0,3.6,544.5,0.5
2023-12-14 06:00:00,9.7,3.1,90.0,0.5
2023-12-14 07:00:00,7.2,2.6,50.0,0.5
2023-12-14 08:00:00,6.7,3.1,60.0,0.5
2023-12-14 09:00:00,6.7,2.85,75.0,0.375
2023-12-14 10:00:00,7.2,3.6,100.0,
2023-12-14 11:00:00,8.3,3.6,90.0,
2023-12-14 12:00:00,8.3,3.1,90.0,0.75
2023-12-14 13:00:00,8.9,3.1,70.0,
2023-12-14 14:00:00,10.0,4.1,100.0,
2023-12-14 15:00:00,10.55,4.1,115.0,0.75
2023-12-14 16:00:00,12.8,4.6,100.0,
2023-12-14 17:00:00,14.2,3.35,100.0,
2023-12-14 18:00:00,14.15,3.5999999999999996,115.0,0.75
2023-12-14 19:00:00,16.1,2.6,110.0,
2023-12-14 20:00:00,16.7,3.6,130.0,
2023-12-14 21:00:00,16.95,3.35,110.0,0.625
2023-12-14 22:00:00,16.1,5.1,120.0,0.25
2023-12-14 23:00:00,15.6,3.6,100.0,
2023-12-15 00:00:00,15.6,2.6,100.0,
2023-12-15 01:00:00,15.6,4.6,110.0,
2023-12-15 02:00:00,15.6,5.1,110.0,
2023-12-15 03:00:00,15.6,5.9,120.0,0.75
2023-12-15 04:00:00,15.6,6.2,130.0,
2023-12-15 05:00:00,15.6,6.2,564.5,
2023-12-15 06:00:00,15.0,5.95,135.0,1.0
2023-12-15 07:00:00,14.4,8.8,150.0,
2023-12-15 08:00:00,13.9,5.1,150.0,
2023-12-15 09:00:00,14.15,5.4,155.0,0.75
2023-12-15 10:00:00,14.4,6.7,150.0,
2023-12-15 11:00:00,14.4,6.7,160.0,
2023-12-15 12:00:00,13.65,4.5,432.25,1.0
2023-12-15 13:00:00,12.8,2.85,305.0,
2023-12-15 14:00:00,12.166666666666666,3.35,133.33333333333334,
2023-12-15 15:00:00,12.2,5.525,112.5,1.0
2023-12-15 16:00:00,11.266666666666666,6.166666666666667,130.0,
2023-12-15 17:00:00,11.1,3.9000000000000004,130.0,
2023-12-15 18:00:00,10.85,2.475,147.5,1.0
2023-12-15 19:00:00,11.7,2.6,200.0,
2023-12-15 20:00:00,11.699999999999998,0.75,577.8333333333334,
2023-12-15 21:00:00,12.0,2.3000000000000003,373.1666666666667,1.0
2023-12-15 22:00:00,12.199999999999998,3.1,316.6666666666667,
2023-12-15 23:00:00,12.2,4.85,315.0,
2023-12-16 00:00:00,12.2,3.1,320.0,1.0
2023-12-16 01:00:00,12.2,4.1,310.0,
2023-12-16 02:00:00,11.5,4.6,313.3333333333333,
2023-12-16 03:00:00,10.0,4.6,325.0,0.625
2023-12-16 04:00:00,8.9,4.6,310.0,0.25
2023-12-16 05:00:00,8.9,4.1,649.5,0.25
2023-12-16 06:00:00,8.3,4.6,280.0,0.0
2023-12-16 07:00:00,7.8,4.1,290.0,0.0
2023-12-16 08:00:00,7.2,4.6,300.0,0.0
2023-12-16 09:00:00,6.65,5.15,305.0,0.0
2023-12-16 10:00:00,5.6,5.7,320.0,0.0
2023-12-16 11:00:00,5.6,4.6,320.0,0.0
2023-12-16 12:00:00,5.6,4.85,315.0,0.0
2023-12-16 13:00:00,5.6,4.6,320.0,0.0
2023-12-16 14:00:00,7.2,6.2,320.0,0.0
2023-12-16 15:00:00,8.3,6.2,320.0,0.0
2023-12-16 16:00:00,11.1,6.2,320.0,0.0
2023-12-16 17:00:00,12.2,5.7,310.0,0.0
2023-12-16 18:00:00,13.05,5.7,320.0,0.0
2023-12-16 19:00:00,15.0,8.2,320.0,0.0
2023-12-16 20:00:00,15.0,6.7,330.0,0.0
2023-12-16 21:00:00,15.0,6.2,330.0,0.0
2023-12-16 22:00:00,13.9,3.6,330.0,0.0
2023-12-16 23:00:00,12.8,3.1,320.0,0.0
2023-12-17 00:00:00,12.25,3.35,320.0,0.0
2023-12-17 01:00:00,11.1,4.1,330.0,0.0
2023-12-17 02:00:00,9.4,2.6,330.0,0.0
2023-12-17 03:00:00,8.850000000000001,2.6,330.0,0.0
2023-12-17 04:00:00,8.3,0.0,999.0,0.0
2023-12-17 05:00:00,7.2,2.6,619.5,0.0
2023-12-17 06:00:00,6.95,3.1,245.0,0.0
2023-12-17 07:00:00,6.1,3.1,250.0,0.0
2023-12-17 08:00:00,4.4,3.6,230.0,0.0
2023-12-17 09:00:00,3.85,3.6,215.0,0.25
2023-12-17 10:00:00,3.3,0.0,999.0,0.25
2023-12-17 11:00:00,3.3,1.5,150.0,0.5
2023-12-17 12:00:00,3.05,0.75,574.5,0.5
2023-12-17 13:00:00,4.4,2.6,210.0,0.5
2023-12-17 14:00:00,7.2,2.6,190.0,0.25
2023-12-17 15:00:00,8.9,2.85,180.0,0.25
2023-12-17 16:00:00,14.4,3.1,210.0,0.25
2023-12-17 17:00:00,16.7,2.1,180.0,0.25
2023-12-17 18:00:00,17.799999999999997,2.6,200.0,0.25
2023-12-17 19:00:00,19.4,2.1,130.0,0.0
2023-12-17 20:00:00,21.1,2.1,230.0,0.0
2023-12-17 21:00:00,21.65,1.05,614.5,0.0
2023-12-17 22:00:00,20.6,2.1,340.0,0.0
2023-12-17 23:00:00,17.2,0.0,999.0,0.25
2023-12-18 00:00:00,16.95,0.0,999.0,0.125
2023-12-18 01:00:00,16.7,1.5,360.0,0.0
2023-12-18 02:00:00,12.8,3.1,320.0,0.0
2023-12-18 03:00:00,13.600000000000001,3.5999999999999996,320.0,0.0
2023-12-18 04:00:00,10.6,3.1,330.0,0.0
2023-12-18 05:00:00,8.9,3.6,669.5,0.0
2023-12-18 06:00:00,8.05,3.35,345.0,0.0
2023-12-18 07:00:00,7.8,4.6,340.0,0.0
2023-12-18 08:00:00,10.0,6.2,350.0,0.0
2023-12-18 09:00:00,9.45,5.95,350.0,0.0
2023-12-18 10:00:00,7.8,3.1,340.0,0.0
2023-12-18 11:00:00,7.2,4.1,330.0,0.0
2023-12-18 12:00:00,6.95,3.8499999999999996,335.0,0.0
2023-12-18 13:00:00,7.2,3.6,340.0,0.0
2023-12-18 14:00:00,9.4,5.1,360.0,0.0
2023-12-18 15:00:00,10.55,6.4,195.0,0.0
2023-12-18 16:00:00,13.3,7.2,20.0,0.0
2023-12-18 17:00:00,14.4,4.6,10.0,0.0
2023-12-18 18:00:00,15.25,5.15,20.0,0.25
2023-12-18 19:00:00,16.1,4.6,350.0,0.25
2023-12-18 20:00:00,16.7,5.7,20.0,0.25
2023-12-18 21:00:00,16.4,5.7,15.0,0.25
2023-12-18 22:00:00,15.0,4.1,10.0,0.25
2023-12-18 23:00:00,11.7,3.6,20.0,0.25
2023-12-19 00:00:00,11.149999999999999,3.8499999999999996,30.0,0.25
2023-12-19 01:00:00,10.0,2.6,30.0,0.25
2023-12-19 02:00:00,8.3,2.1,60.0,0.25
2023-12-19 03:00:00,9.15,1.05,529.5,0.375
2023-12-19 04:00:00,8.3,0.0,999.0,
2023-12-19 05:00:00,8.9,0.0,999.0,
2023-12-19 06:00:00,8.05,0.75,539.5,0.75
2023-12-19 07:00:00,6.7,1.5,50.0,
2023-12-19 08:00:00,5.6,2.1,100.0,
2023-12-19 09:00:00,5.0,2.6,100.0,0.75
2023-12-19 10:00:00,3.9,1.5,120.0,
2023-12-19 11:00:00,3.9,3.1,110.0,
2023-12-19 12:00:00,3.9,2.85,130.0,0.75
2023-12-19 13:00:00,3.9,4.1,120.0,
2023-12-19 14:00:00,6.1,6.2,140.0,
2023-12-19 15:00:00,6.949999999999999,5.15,135.0,0.75
2023-12-19 16:00:00,10.6,6.2,160.0,
2023-12-19 17:00:00,10.6,4.6,160.0,
2023-12-19 18:00:00,11.399999999999999,4.6,160.0,0.75
2023-12-19 19:00:00,14.4,6.7,160.0,
2023-12-19 20:00:00,15.0,5.7,150.0,
2023-12-19 21:00:00,15.0,5.4,150.0,0.75
2023-12-19 22:00:00,12.2,3.6,140.0,
2023-12-19 23:00:00,12.8,4.1,140.0,
2023-12-20 00:00:00,12.5,4.35,140.0,0.75
2023-12-20 01:00:00,11.7,5.7,150.0,
2023-12-20 02:00:00,10.6,4.1,150.0,
2023-12-20 03:00:00,10.3,4.1,145.0,0.75
2023-12-20 04:00:00,9.4,4.1,150.0,
2023-12-20 05:00:00,9.4,4.1,574.5,
2023-12-20 06:00:00,9.15,4.1,150.0,0.75
2023-12-20 07:00:00,8.9,3.6,150.0,
2023-12-20 08:00:00,8.9,4.1,150.0,
2023-12-20 09:00:00,8.35,3.8499999999999996,145.0,0.75
2023-12-20 10:00:00,7.2,3.1,140.0,
2023-12-20 11:00:00,7.2,2.6,140.0,
2023-12-20 12:00:00,7.5,2.6,145.0,0.75
2023-12-20 13:00:00,7.8,3.1,160.0,
2023-12-20 14:00:00,8.9,3.1,163.33333333333334,
2023-12-20 15:00:00,10.55,3.35,165.0,0.5
2023-12-20 16:00:00,14.4,5.7,170.0,0.25
2023-12-20 17:00:00,16.7,4.6,170.0,
2023-12-20 18:00:00,16.95,5.15,170.0,0.75
2023-12-20 19:00:00,18.3,5.1,140.0,
2023-12-20 20:00:00,19.4,5.7,140.0,
2023-12-20 21:00:00,19.15,5.7,155.0,0.75
2023-12-20 22:00:00,18.3,4.1,140.0,
2023-12-20 23:00:00,16.1,4.1,120.0,
2023-12-21 00:00:00,15.850000000000001,3.8499999999999996,125.0,0.75
2023-12-21 01:00:00,15.6,4.1,140.0,
2023-12-21 02:00:00,16.1,5.7,140.0,
2023-12-21 03:00:00,16.1,5.4,145.0,0.75
2023-12-21 04:00:00,16.1,5.7,150.0,
2023-12-21 05:00:00,15.6,5.7,579.5,
2023-12-21 06:00:00,15.4,5.166666666666667,153.33333333333334,1.0
2023-12-21 07:00:00,14.2,3.8499999999999996,150.0,
2023-12-21 08:00:00,15.0,3.8499999999999996,150.0,
2023-12-21 09:00:00,14.7,3.1,150.0,1.0
2023-12-21 10:00:00,15.0,3.8499999999999996,155.0,
2023-12-21 11:00:00,15.0,4.1,160.0,
2023-12-21 12:00:00,14.799999999999999,4.1,153.33333333333334,1.0
2023-12-21 13:00:00,14.4,4.1,150.0,
2023-12-21 14:00:00,15.0,3.1,160.0,
2023-12-21 15:00:00,15.200000000000001,4.1,163.33333333333334,1.0
2023-12-21 16:00:00,15.200000000000001,4.266666666666667,163.33333333333334,
2023-12-21 17:00:00,13.919999999999998,4.0,160.0,
2023-12-21 18:00:00,13.9,3.35,152.5,1.0
2023-12-21 19:00:00,13.925,3.6,147.5,
2023-12-21 20:00:00,14.266666666666666,3.6,143.33333333333334,
2023-12-21 21:00:00,14.4,3.35,140.0,1.0
2023-12-21 22:00:00,14.4,3.4333333333333336,143.33333333333334,
2023-12-21 23:00:00,13.9,3.6,140.0,
2023-12-22 00:00:00,13.9,3.7249999999999996,140.0,1.0
2023-12-22 01:00:00,13.9,3.6,140.0,
2023-12-22 02:00:00,13.9,4.6,135.0,
2023-12-22 03:00:00,13.9,4.6,140.0,1.0
2023-12-22 04:00:00,13.9,4.35,145.0,
2023-12-22 05:00:00,13.9,2.6,564.5,
2023-12-22 06:00:00,13.925,3.475,142.5,1.0
2023-12-22 07:00:00,13.9,4.1,150.0,
2023-12-22 08:00:00,13.95,4.1,150.0,
2023-12-22 09:00:00,13.933333333333332,3.1,143.33333333333334,1.0
2023-12-22 10:00:00,13.9,2.1,130.0,
2023-12-22 11:00:00,13.9,1.8,155.0,
2023-12-22 12:00:00,14.066666666666668,2.2333333333333334,156.66666666666666,1.0
2023-12-22 13:00:00,15.0,2.6,160.0,
2023-12-22 14:00:00,15.3,2.35,165.0,
2023-12-22 15:00:00,15.766666666666666,2.6,176.66666666666666,1.0
2023-12-22 16:00:00,17.2,3.1,200.0,
2023-12-22 17:00:00,18.6,3.1,205.0,
2023-12-22 18:00:00,19.23333333333333,4.3,213.33333333333334,0.75
2023-12-22 19:00:00,20.0,5.1,220.0,
2023-12-22 20:00:00,20.0,4.6,200.0,
2023-12-22 21:00:00,20.0,4.1,195.0,0.75
2023-12-22 22:00:00,19.4,3.1,170.0,0.25
2023-12-22 23:00:00,17.2,2.6,160.0,0.5
2023-12-23 00:00:00,16.65,2.85,150.0,0.375
2023-12-23 01:00:00,15.6,2.1,140.0,0.25
2023-12-23 02:00:00,15.6,2.6,150.0,0.25
2023-12-23 03:00:00,15.6,2.85,155.0,0.375
2023-12-23 04:00:00,15.0,3.5999999999999996,150.0,0.25
2023-12-23 05:00:00,15.6,4.475,335.8,
2023-12-23 06:00:00,15.7,3.6,170.0,1.0
2023-12-23 07:00:00,16.05,3.8499999999999996,175.0,
2023-12-23 08:00:00,16.1,5.7,190.0,
2023-12-23 09:00:00,15.766666666666666,4.466666666666667,180.0,1.0
2023-12-23 10:00:00,16.1,2.6,180.0,
2023-12-23 11:00:00,16.1,3.35,170.0,
2023-12-23 12:00:00,16.1,2.6,148.0,1.0
2023-12-23 13:00:00,16.1,3.1,140.0,
2023-12-23 14:00:00,16.066666666666666,3.6,143.33333333333334,
2023-12-23 15:00:00,16.1,4.1,150.0,1.0
2023-12-23 16:00:00,16.7,5.1,150.0,
2023-12-23 17:00:00,17.2,5.1,130.0,
2023-12-23 18:00:00,16.95,5.4,135.0,1.0
2023-12-23 19:00:00,16.7,5.7,140.0,
2023-12-23 20:00:00,17.133333333333333,3.766666666666667,136.66666666666666,
2023-12-23 21:00:00,17.133333333333333,3.1,133.33333333333334,1.0
2023-12-23 22:00:00,17.2,3.1,120.0,
2023-12-23 23:00:00,17.2,2.6,120.0,
2023-12-24 00:00:00,17.3,2.725,105.0,1.0
2023-12-24 01:00:00,17.5,3.8499999999999996,110.0,
2023-12-24 02:00:00,17.8,5.15,110.0,
2023-12-24 03:00:00,17.3,6.95,120.0,1.0
2023-12-24 04:00:00,17.9,7.2,150.0,
2023-12-24 05:00:00,18.05,7.949999999999999,436.3333333333333,
2023-12-24 06:00:00,17.925,7.324999999999999,165.0,1.0
2023-12-24 07:00:00,17.8,7.8999999999999995,160.0,
2023-12-24 08:00:00,17.5,6.45,175.0,
2023-12-24 09:00:00,17.35,5.15,180.0,1.0
2023-12-24 10:00:00,17.15,4.85,147.5,
2023-12-24 11:00:00,16.15,5.7,185.0,
2023-12-24 12:00:00,15.3,5.4,170.0,1.0
2023-12-24 13:00:00,15.0,3.1,160.0,
2023-12-24 14:00:00,15.6,3.1,170.0,
2023-12-24 15:00:00,15.6,4.3,176.66666666666666,1.0
2023-12-24 16:00:00,15.733333333333334,5.3,176.66666666666666,
2023-12-24 17:00:00,15.6,5.15,170.0,
2023-12-24 18:00:00,15.825,3.875,205.0,1.0
2023-12-24 19:00:00,17.2,4.1,220.0,
2023-12-24 20:00:00,18.05,6.45,240.0,
2023-12-24 21:00:00,18.333333333333332,4.633333333333334,246.66666666666666,0.75
2023-12-24 22:00:00,18.3,1.5,200.0,
2023-12-24 23:00:00,17.2,3.1,250.0,
2023-12-25 00:00:00,16.099999999999998,8.4,293.3333333333333,0.625
2023-12-25 01:00:00,11.7,8.8,320.0,0.25
2023-12-25 02:00:00,10.0,11.3,310.0,0.5
2023-12-25 03:00:00,9.633333333333333,10.433333333333334,310.0,0.5
2023-12-25 04:00:00,8.9,10.8,310.0,
2023-12-25 05:00:00,8.3,11.3,659.5,
2023-12-25 06:00:00,7.75,11.55,325.0,1.0
2023-12-25 07:00:00,7.2,10.3,320.0,
2023-12-25 08:00:00,6.4,7.949999999999999,330.0,0.25
2023-12-25 09:00:00,5.55,7.7,320.0,0.25
2023-12-25 10:00:00,5.0,7.7,310.0,0.0
2023-12-25 11:00:00,4.4,8.2,310.0,0.0
2023-12-25 12:00:00,4.15,7.699999999999999,315.0,0.0
2023-12-25 13:00:00,3.3,5.7,320.0,0.25
2023-12-25 14:00:00,4.4,6.2,320.0,0.25
2023-12-25 15:00:00,5.0,8.0,320.0,0.25
2023-12-25 16:00:00,6.7,8.2,320.0,0.25
2023-12-25 17:00:00,7.8,6.7,320.0,0.25
2023-12-25 18:00:00,8.35,6.45,310.0,0.25
2023-12-25 19:00:00,9.4,7.2,290.0,0.25
2023-12-25 20:00:00,10.0,6.2,300.0,0.25
2023-12-25 21:00:00,10.0,5.65,305.0,0.25
2023-12-25 22:00:00,9.4,5.1,300.0,0.25
2023-12-25 23:00:00,8.3,5.1,320.0,0.25
2023-12-26 00:00:00,8.05,4.85,320.0,0.25
2023-12-26 01:00:00,7.2,3.6,300.0,0.25
2023-12-26 02:00:00,6.1,3.6,290.0,0.25
2023-12-26 03:00:00,6.1,3.6,285.0,0.25
2023-12-26 04:00:00,3.9,3.1,230.0,0.0
2023-12-26 05:00:00,3.9,3.6,619.5,0.0
2023-12-26 06:00:00,3.05,3.35,230.0,0.0
2023-12-26 07:00:00,1.7,3.1,210.0,0.0
2023-12-26 08:00:00,1.1,3.1,210.0,0.0
2023-12-26 09:00:00,0.55,3.1,205.0,0.0
2023-12-26 10:00:00,1.1,2.6,210.0,0.0
2023-12-26 11:00:00,0.0,0.0,999.0,0.0
2023-12-26 12:00:00,0.3,1.55,599.5,0.0
2023-12-26 13:00:00,1.1,3.6,200.0,0.25
2023-12-26 14:00:00,4.4,4.6,190.0,0.25
2023-12-26 15:00:00,5.800000000000001,5.4,190.0,0.25
2023-12-26 16:00:00,9.4,7.2,180.0,0.25
2023-12-26 17:00:00,11.1,7.2,180.0,0.25
2023-12-26 18:00:00,11.399999999999999,8.0,185.0,0.25
2023-12-26 19:00:00,12.2,7.7,200.0,0.25
2023-12-26 20:00:00,12.8,7.7,180.0,0.25
2023-12-26 21:00:00,13.05,7.45,195.0,0.25
2023-12-26 22:00:00,11.7,5.1,170.0,0.25
2023-12-26 23:00:00,11.1,4.6,170.0,0.5
2023-12-27 00:00:00,10.55,4.35,180.0,0.5
2023-12-27 01:00:00,10.0,3.6,220.0,0.25
2023-12-27 02:00:00,8.9,3.6,320.0,0.25
2023-12-27 03:00:00,9.15,3.1,305.0,0.375
2023-12-27 04:00:00,7.8,3.1,240.0,0.25
2023-12-27 05:00:00,7.8,4.6,629.5,0.0
2023-12-27 06:00:00,6.4,4.35,240.0,0.0
2023-12-27 07:00:00,5.0,3.6,240.0,0.0
2023-12-27 08:00:00,6.1,4.6,250.0,0.0
2023-12-27 09:00:00,6.1,5.15,250.0,0.0
2023-12-27 10:00:00,6.7,5.1,300.0,0.0
2023-12-27 11:00:00,6.7,5.7,310.0,0.0
2023-12-27 12:00:00,6.15,4.9,315.0,0.0
2023-12-27 13:00:00,6.1,5.1,300.0,0.0
2023-12-27 14:00:00,7.2,5.1,320.0,0.0
2023-12-27 15:00:00,7.5,6.6499999999999995,325.0,0.25
2023-12-27 16:00:00,8.9,8.8,350.0,0.25
2023-12-27 17:00:00,9.4,8.8,330.0,0.25
2023-12-27 18:00:00,9.7,7.25,335.0,0.25
2023-12-27 19:00:00,10.0,8.2,320.0,0.25
2023-12-27 20:00:00,10.6,7.2,340.0,0.25
2023-12-27 21:00:00,10.3,7.2,330.0,0.25
2023-12-27 22:00:00,9.4,6.2,310.0,0.25
2023-12-27 23:00:00,8.9,3.6,310.0,0.25
2023-12-28 00:00:00,8.35,3.8499999999999996,315.0,0.125
2023-12-28 01:00:00,7.8,5.1,340.0,0.0
2023-12-28 02:00:00,6.1,4.6,340.0,0.0
2023-12-28 03:00:00,5.55,3.5999999999999996,340.0,0.25
2023-12-28 04:00:00,4.4,2.6,340.0,0.25
2023-12-28 05:00:00,3.3,3.1,664.5,0.0
2023-12-28 06:00:00,3.3,3.1,320.0,0.25
2023-12-28 07:00:00,2.8,3.6,320.0,0.25
2023-12-28 08:00:00,2.2,3.1,340.0,0.25
2023-12-28 09:00:00,2.75,1.55,669.5,0.25
2023-12-28 10:00:00,3.9,3.1,360.0,
2023-12-28 11:00:00,3.3,0.0,999.0,
2023-12-28 12:00:00,3.5999999999999996,1.05,669.5,1.0
2023-12-28 13:00:00,3.3,3.1,340.0,0.25
2023-12-28 14:00:00,5.0,4.6,360.0,0.5
2023-12-28 15:00:00,5.55,4.85,360.0,0.5
2023-12-28 16:00:00,5.933333333333333,5.466666666666666,340.0,0.5
2023-12-28 17:00:00,7.2,5.7,340.0,
2023-12-28 18:00:00,7.75,6.45,335.0,0.75
2023-12-28 19:00:00,8.9,4.1,330.0,0.5
2023-12-28 20:00:00,10.0,5.7,330.0,
2023-12-28 21:00:00,9.7,5.95,340.0,0.75
2023-12-28 22:00:00,7.8,8.2,360.0,
2023-12-28 23:00:00,7.2,6.7,340.0,
2023-12-29 00:00:00,6.65,6.45,345.0,0.75
2023-12-29 01:00:00,6.1,6.2,340.0,
2023-12-29 02:00:00,5.0,5.7,340.0,0.5
2023-12-29 03:00:00,4.7,5.4,335.0,0.375
2023-12-29 04:00:00,3.3,6.2,330.0,0.25
2023-12-29 05:00:00,2.8,5.1,664.5,0.0
2023-12-29 06:00:00,2.5,4.85,320.0,0.0
2023-12-29 07:00:00,1.7,5.7,300.0,0.0
2023-12-29 08:00:00,1.7,4.6,300.0,0.0
2023-12-29 09:00:00,1.7,4.85,295.0,0.25
2023-12-29 10:00:00,1.1,5.1,280.0,0.25
2023-12-29 11:00:00,1.1,5.7,290.0,0.0
2023-12-29 12:00:00,1.4,5.15,280.0,0.25
2023-12-29 13:00:00,1.7,5.1,250.0,0.25
2023-12-29 14:00:00,4.4,4.6,270.0,0.25
2023-12-29 15:00:00,5.550000000000001,5.4,270.0,0.25
2023-12-29 16:00:00,8.9,6.7,260.0,0.25
2023-12-29 17:00:00,10.0,7.2,290.0,0.25
2023-12-29 18:00:00,10.85,7.2,295.0,0.25
2023-12-29 19:00:00,12.2,8.8,310.0,0.25
2023-12-29 20:00:00,13.3,7.2,300.0,0.25
2023-12-29 21:00:00,13.3,7.45,310.0,0.25
2023-12-29 22:00:00,12.8,6.7,310.0,
2023-12-29 23:00:00,11.1,4.6,300.0,
2023-12-30 00:00:00,10.85,4.6,300.0,0.5
2023-12-30 01:00:00,10.0,5.1,300.0,0.0
2023-12-30 02:00:00,9.4,5.1,300.0,0.0
2023-12-30 03:00:00,9.15,4.85,300.0,0.0
2023-12-30 04:00:00,7.2,4.6,310.0,0.0
2023-12-30 05:00:00,6.7,3.1,644.5,0.0
2023-12-30 06:00:00,5.550000000000001,2.3,315.0,0.0
2023-12-30 07:00:00,4.4,1.5,310.0,0.0
2023-12-30 08:00:00,2.8,0.0,999.0,0.0
2023-12-30 09:00:00,2.5,1.55,604.5,0.0
2023-12-30 10:00:00,1.1,2.6,220.0,0.0
2023-12-30 11:00:00,2.8,3.6,230.0,0.0
2023-12-30 12:00:00,1.7,3.35,230.0,0.0
2023-12-30 13:00:00,1.7,2.1,220.0,0.0
2023-12-30 14:00:00,5.6,0.0,999.0,0.0
2023-12-30 15:00:00,7.25,0.0,999.0,0.0
2023-12-30 16:00:00,11.7,2.6,999.0,0.0
2023-12-30 17:00:00,14.4,3.1,210.0,0.0
2023-12-30 18:00:00,15.25,3.5999999999999996,215.0,0.0
2023-12-30 19:00:00,17.2,2.6,200.0,0.0
2023-12-30 20:00:00,18.3,3.6,250.0,0.0
2023-12-30 21:00:00,18.3,3.1,235.0,0.0
2023-12-30 22:00:00,16.7,3.1,180.0,0.0
2023-12-30 23:00:00,13.3,3.1,160.0,0.0
2023-12-31 00:00:00,12.75,3.1,165.0,0.0
2023-12-31 01:00:00,11.1,4.1,160.0,0.0
2023-12-31 02:00:00,10.0,3.6,180.0,0.0
2023-12-31 03:00:00,9.45,3.6,180.0,0.0
2023-12-31 04:00:00,8.3,2.6,170.0,0.0
2023-12-31 05:00:00,8.3,4.6,594.5,0.0
2023-12-31 06:00:00,8.3,3.05,175.0,0.0
2023-12-31 07:00:00,7.2,2.6,190.0,0.5
2023-12-31 08:00:00,6.1,1.5,150.0,0.5
2023-12-31 09:00:00,5.85,0.75,574.5,0.5
2023-12-31 10:00:00,5.0,1.5,190.0,0.5
2023-12-31 11:00:00,4.4,2.6,190.0,
2023-12-31 12:00:00,4.15,2.05,175.0,0.75
2023-12-31 13:00:00,4.4,0.0,999.0,
2023-12-31 14:00:00,6.7,0.0,999.0,
2023-12-31 15:00:00,7.800000000000001,0.75,594.5,0.75
2023-12-31 16:00:00,12.2,3.6,200.0,
2023-12-31 17:00:00,14.4,0.0,999.0,
2023-12-31 18:00:00,15.55,0.0,999.0,0.75
2023-12-31 19:00:00,17.8,2.6,10.0,
2023-12-31 20:00:00,18.9,2.1,300.0,
2023-12-31 21:00:00,18.35,3.3499999999999996,160.0,0.625
2023-12-31 22:00:00,15.6,5.1,10.0,0.25
2023-12-31 23:00:00,12.8,5.1,10.0,0.5
2024-01-01 00:00:00,12.25,5.4,10.0,0.5
2024-01-01 01:00:00,10.6,5.7,20.0,0.25
2024-01-01 02:00:00,9.4,6.7,20.0,0.25
2024-01-01 03:00:00,8.850000000000001,6.7,20.0,0.375
2024-01-01 04:00:00,7.2,6.7,10.0,0.0
2024-01-01 05:00:00,5.6,7.7,669.3333333333334,0.25
2024-01-01 06:00:00,4.449999999999999,7.2,10.0,0.25
2024-01-01 07:00:00,2.8,6.7,10.0,0.0
2024-01-01 08:00:00,2.2,7.2,10.0,0.0
2024-01-01 09:00:00,1.9500000000000002,6.45,10.0,0.5
2024-01-01 10:00:00,1.1,5.7,360.0,0.5
2024-01-01 11:00:00,1.1,6.2,185.0,
2024-01-01 12:00:00,1.1,6.2,185.0,0.75
2024-01-01 13:00:00,0.6,5.15,25.0,0.375
2024-01-01 14:00:00,1.7,7.2,20.0,0.25
2024-01-01 15:00:00,2.5,7.2,15.0,0.25
2024-01-01 16:00:00,4.4,5.1,10.0,0.25
2024-01-01 17:00:00,5.6,4.1,30.0,0.25
2024-01-01 18:00:00,6.15,4.1,20.0,0.25
2024-01-01 19:00:00,7.2,4.1,360.0,0.0
2024-01-01 20:00:00,7.8,4.1,350.0,0.0
2024-01-01 21:00:00,7.8,3.5999999999999996,180.0,0.25
2024-01-01 22:00:00,7.2,3.6,10.0,0.25
2024-01-01 23:00:00,5.0,2.6,360.0,0.25
2024-01-02 00:00:00,5.0,2.6,350.0,0.125
2024-01-02 01:00:00,4.4,2.6,360.0,0.0
2024-01-02 02:00:00,1.1,3.1,20.0,0.25
2024-01-02 03:00:00,1.95,2.85,15.0,0.125
2024-01-02 04:00:00,2.8,2.6,350.0,0.0
2024-01-02 05:00:00,2.2,0.0,999.0,0.25
2024-01-02 06:00:00,2.75,0.0,999.0,0.25
2024-01-02 07:00:00,1.7,0.0,999.0,
2024-01-02 08:00:00,1.1,1.5,80.0,0.25
2024-01-02 09:00:00,1.6500000000000001,0.75,539.5,0.25
2024-01-02 10:00:00,2.2,0.0,999.0,
2024-01-02 11:00:00,1.1,0.0,999.0,
2024-01-02 12:00:00,1.1,0.0,999.0,0.75
2024-01-02 13:00:00,2.2,0.0,999.0,
2024-01-02 14:00:00,2.8,2.6,110.0,
2024-01-02 15:00:00,3.9,2.05,115.0,0.75
2024-01-02 16:00:00,6.1,3.35,125.0,
2024-01-02 17:00:00,7.9,2.85,90.0,
2024-01-02 18:00:00,8.6,4.1,100.0,0.75
2024-01-02 19:00:00,8.9,2.6,90.0,
2024-01-02 20:00:00,8.3,1.5,80.0,
2024-01-02 21:00:00,8.3,0.75,539.5,1.0
2024-01-02 22:00:00,8.3,3.1,350.0,
2024-01-02 23:00:00,6.7,3.6,20.0,
2024-01-03 00:00:00,6.4,2.85,55.0,1.0
2024-01-03 01:00:00,5.6,0.0,999.0,
2024-01-03 02:00:00,5.6,2.6,70.0,
2024-01-03 03:00:00,5.6,2.6,75.0,1.0
2024-01-03 04:00:00,5.6,0.75,674.5,
2024-01-03 05:00:00,6.1,3.6,669.5,
2024-01-03 06:00:00,5.824999999999999,3.8499999999999996,347.5,1.0
2024-01-03 07:00:00,5.6,3.6,360.0,
2024-01-03 08:00:00,5.8,3.35,360.0,
2024-01-03 09:00:00,5.6,2.3,185.0,1.0
2024-01-03 10:00:00,5.6,0.0,999.0,
2024-01-03 11:00:00,5.6,2.1,60.0,
2024-01-03 12:00:00,5.6,2.1,190.0,1.0
2024-01-03 13:00:00,6.1,0.0,999.0,
2024-01-03 14:00:00,6.7,1.5,10.0,
2024-01-03 15:00:00,6.966666666666666,1.9000000000000001,123.33333333333333,0.75
2024-01-03 16:00:00,7.8,2.1,999.0,
2024-01-03 17:00:00,8.9,2.1,360.0,
2024-01-03 18:00:00,9.45,1.8,185.0,0.75
2024-01-03 19:00:00,11.7,2.6,20.0,0.25
2024-01-03 20:00:00,12.8,0.0,999.0,0.25
2024-01-03 21:00:00,12.8,0.0,999.0,0.25
2024-01-03 22:00:00,12.2,1.5,150.0,0.25
2024-01-03 23:00:00,11.1,0.0,999.0,0.25
2024-01-04 00:00:00,10.55,0.75,519.5,0.25
2024-01-04 01:00:00,8.3,1.5,150.0,0.25
2024-01-04 02:00:00,7.8,2.1,190.0,0.0
2024-01-04 03:00:00,7.25,2.6,270.0,0.0
2024-01-04 04:00:00,8.3,3.1,290.0,0.25
2024-01-04 05:00:00,5.6,2.1,669.5,0.5
2024-01-04 06:00:00,5.3,1.8,345.0,0.25
2024-01-04 07:00:00,5.6,0.0,999.0,0.0
2024-01-04 08:00:00,4.05,0.0,999.0,0.0
2024-01-04 09:00:00,3.8666666666666667,1.7333333333333334,566.3333333333334,0.0
2024-01-04 10:00:00,2.8,1.5,20.0,0.0
2024-01-04 11:00:00,2.9,0.0,999.0,0.25
2024-01-04 12:00:00,3.033333333333333,1.0,346.3333333333333,0.25
2024-01-04 13:00:00,3.05,0.0,999.0,0.125
2024-01-04 14:00:00,5.3,0.75,554.5,0.25
2024-01-04 15:00:00,6.95,2.05,120.0,0.25
2024-01-04 16:00:00,10.0,6.7,130.0,0.5
2024-01-04 17:00:00,11.7,7.2,130.0,
2024-01-04 18:00:00,12.5,7.699999999999999,130.0,0.75
2024-01-04 19:00:00,13.3,6.7,130.0,
2024-01-04 20:00:00,14.4,6.2,120.0,0.5
2024-01-04 21:00:00,14.15,6.2,120.0,0.5
2024-01-04 22:00:00,13.3,5.7,120.0,0.25
2024-01-04 23:00:00,11.1,3.1,130.0,0.5
2024-01-05 00:00:00,11.399999999999999,3.35,120.0,0.5
2024-01-05 01:00:00,12.2,5.7,110.0,
2024-01-05 02:00:00,11.1,6.2,120.0,
2024-01-05 03:00:00,10.85,6.2,120.0,1.0
2024-01-05 04:00:00,10.0,5.1,120.0,
2024-01-05 05:00:00,10.0,7.2,564.5,
2024-01-05 06:00:00,9.2,6.95,215.0,1.0
2024-01-05 07:00:00,8.200000000000001,1.8666666666666665,496.3333333333333,
2024-01-05 08:00:00,8.3,6.7,100.0,
2024-01-05 09:00:00,8.3,6.95,110.0,1.0
2024-01-05 10:00:00,8.3,2.6,160.0,
2024-01-05 11:00:00,7.8,4.1,150.0,
2024-01-05 12:00:00,7.6,3.4,132.0,0.75
2024-01-05 13:00:00,7.8,5.15,130.0,
2024-01-05 14:00:00,7.2,4.35,140.0,
2024-01-05 15:00:00,7.3999999999999995,4.633333333333334,143.33333333333334,1.0
2024-01-05 16:00:00,7.8,3.1,160.0,
2024-01-05 17:00:00,8.3,3.1,170.0,
2024-01-05 18:00:00,8.866666666666667,2.766666666666667,163.33333333333334,1.0
2024-01-05 19:00:00,9.7,2.85,130.0,0.5
2024-01-05 20:00:00,11.1,3.1,150.0,0.5
2024-01-05 21:00:00,10.85,3.35,125.0,0.5
2024-01-05 22:00:00,10.0,4.1,100.0,
2024-01-05 23:00:00,8.9,3.1,100.0,
2024-01-06 00:00:00,8.9,2.3,95.0,0.75
2024-01-06 01:00:00,8.9,0.0,999.0,
2024-01-06 02:00:00,8.3,2.1,210.0,
2024-01-06 03:00:00,8.850000000000001,3.0999999999999996,250.0,0.75
2024-01-06 04:00:00,9.4,4.6,300.0,
2024-01-06 05:00:00,8.9,5.1,654.5,
2024-01-06 06:00:00,8.35,5.9,310.0,0.5
2024-01-06 07:00:00,6.7,4.1,300.0,0.25
2024-01-06 08:00:00,5.6,4.1,300.0,0.5
2024-01-06 09:00:00,5.3,4.35,320.0,0.5
2024-01-06 10:00:00,5.0,6.900000000000001,333.3333333333333,
2024-01-06 11:00:00,5.6,4.1,340.0,
2024-01-06 12:00:00,5.599999999999999,4.433333333333333,330.0,1.0
2024-01-06 13:00:00,5.6,3.6,340.0,
2024-01-06 14:00:00,6.1,5.7,310.0,
2024-01-06 15:00:00,6.1,5.7,320.0,1.0
2024-01-06 16:00:00,6.1,4.1,320.0,
2024-01-06 17:00:00,7.8,4.6,300.0,
2024-01-06 18:00:00,7.866666666666667,4.266666666666667,300.0,0.75
2024-01-06 19:00:00,8.3,4.1,290.0,
2024-01-06 20:00:00,8.9,4.1,260.0,
2024-01-06 21:00:00,8.9,3.8499999999999996,255.0,0.75
2024-01-06 22:00:00,9.4,4.6,220.0,
2024-01-06 23:00:00,8.9,4.6,240.0,0.5
2024-01-07 00:00:00,8.9,4.6,245.0,0.375
2024-01-07 01:00:00,8.3,4.1,240.0,0.25
2024-01-07 02:00:00,7.2,4.6,250.0,0.0
2024-01-07 03:00:00,7.2,4.1,240.0,0.0
2024-01-07 04:00:00,6.1,3.6,240.0,0.0
2024-01-07 05:00:00,5.0,4.1,619.5,0.0
2024-01-07 06:00:00,5.3,3.8499999999999996,265.0,0.0
2024-01-07 07:00:00,3.3,2.1,290.0,0.0
2024-01-07 08:00:00,2.8,2.1,200.0,0.0
2024-01-07 09:00:00,2.5,2.1,195.0,0.0
2024-01-07 10:00:00,1.7,2.1,190.0,0.0
2024-01-07 11:00:00,1.7,0.0,999.0,0.0
2024-01-07 12:00:00,1.15,0.0,999.0,0.0
2024-01-07 13:00:00,1.1,2.6,190.0,0.25
2024-01-07 14:00:00,3.9,3.1,200.0,0.25
2024-01-07 15:00:00,5.85,2.85,180.0,0.25
2024-01-07 16:00:00,11.1,5.1,170.0,0.25
2024-01-07 17:00:00,13.3,8.2,150.0,0.25
2024-01-07 18:00:00,13.850000000000001,8.2,160.0,0.375
2024-01-07 19:00:00,15.0,7.7,180.0,0.5
2024-01-07 20:00:00,15.6,7.7,180.0,0.5
2024-01-07 21:00:00,15.3,7.7,170.0,0.375
2024-01-07 22:00:00,13.9,7.7,160.0,0.25
2024-01-07 23:00:00,12.2,5.1,150.0,0.25
2024-01-08 00:00:00,11.95,5.4,145.0,0.125
2024-01-08 01:00:00,11.1,9.8,140.0,0.0
2024-01-08 02:00:00,10.6,7.2,140.0,0.0
2024-01-08 03:00:00,10.6,8.0,145.0,0.25
2024-01-08 04:00:00,10.6,7.7,150.0,
2024-01-08 05:00:00,10.0,9.3,569.5,
2024-01-08 06:00:00,10.0,9.55,140.0,0.75
2024-01-08 07:00:00,9.4,9.8,140.0,
2024-01-08 08:00:00,10.0,9.3,150.0,
2024-01-08 09:00:00,10.0,8.5,145.0,1.0
2024-01-08 10:00:00,10.6,10.3,150.0,
2024-01-08 11:00:00,10.6,9.8,150.0,
2024-01-08 12:00:00,10.6,10.05,150.0,1.0
2024-01-08 13:00:00,11.1,9.8,150.0,
2024-01-08 14:00:00,11.1,6.7,155.0,
2024-01-08 15:00:00,11.399999999999999,6.2,150.0,1.0
2024-01-08 16:00:00,12.666666666666666,6.95,238.33333333333334,
2024-01-08 17:00:00,12.16,6.279999999999999,272.0,
2024-01-08 18:00:00,12.35,4.0,292.5,1.0
2024-01-08 19:00:00,13.3,3.1,230.0,
2024-01-08 20:00:00,13.3,5.1,230.0,
2024-01-08 21:00:00,13.3,4.35,225.0,1.0
2024-01-08 22:00:00,13.9,6.7,260.0,
2024-01-08 23:00:00,12.8,6.2,270.0,
2024-01-09 00:00:00,12.25,6.45,235.0,0.75
2024-01-09 01:00:00,11.7,9.8,270.0,
2024-01-09 02:00:00,8.3,11.8,270.0,
2024-01-09 03:00:00,7.2,12.600000000000001,265.0,0.75
2024-01-09 04:00:00,5.0,12.4,280.0,
2024-01-09 05:00:00,3.9,10.8,644.5,
2024-01-09 06:00:00,3.5999999999999996,10.05,290.0,0.75
2024-01-09 07:00:00,2.8,10.3,290.0,
2024-01-09 08:00:00,2.8,13.4,300.0,
2024-01-09 09:00:00,2.25,12.9,300.0,0.75
2024-01-09 10:00:00,1.7,12.4,300.0,0.25
2024-01-09 11:00:00,1.7,8.8,300.0,0.25
2024-01-09 12:00:00,1.7,9.8,305.0,0.25
2024-01-09 13:00:00,2.2,8.2,300.0,0.25
2024-01-09 14:00:00,3.3,10.8,300.0,0.25
2024-01-09 15:00:00,3.85,11.600000000000001,305.0,0.25
2024-01-09 16:00:00,5.0,10.8,310.0,0.25
2024-01-09 17:00:00,5.6,11.8,310.0,0.25
2024-01-09 18:00:00,6.15,11.55,305.0,0.25
2024-01-09 19:00:00,8.3,9.3,300.0,0.25
2024-01-09 20:00:00,9.4,9.8,310.0,0.25
2024-01-09 21:00:00,9.7,8.5,310.0,0.125
2024-01-09 22:00:00,9.4,8.8,290.0,0.0
2024-01-09 23:00:00,8.9,5.7,290.0,0.0
2024-01-10 00:00:00,8.35,4.65,300.0,0.0
2024-01-10 01:00:00,7.2,3.1,280.0,0.0
2024-01-10 02:00:00,5.6,3.6,260.0,0.0
2024-01-10 03:00:00,4.199999999999999,2.55,195.0,0.0
2024-01-10 04:00:00,3.3,2.1,180.0,0.0
2024-01-10 05:00:00,1.7,0.0,999.0,0.0
2024-01-10 06:00:00,1.15,1.8,599.5,0.0
2024-01-10 07:00:00,0.6,3.1,190.0,0.0
2024-01-10 08:00:00,1.1,3.1,180.0,0.25
2024-01-10 09:00:00,1.1,3.8499999999999996,185.0,0.25
2024-01-10 10:00:00,2.2,4.6,190.0,0.5
2024-01-10 11:00:00,2.8,6.2,190.0,0.5
2024-01-10 12:00:00,2.8,6.2,190.0,0.5
2024-01-10 13:00:00,3.3,6.2,190.0,0.5
2024-01-10 14:00:00,5.6,8.8,190.0,0.25
2024-01-10 15:00:00,6.95,8.5,195.0,0.25
2024-01-10 16:00:00,12.8,11.8,210.0,0.25
2024-01-10 17:00:00,15.6,10.3,220.0,0.25
2024-01-10 18:00:00,16.7,10.55,230.0,0.375
2024-01-10 19:00:00,18.9,8.8,230.0,0.25
2024-01-10 20:00:00,18.9,9.3,220.0,0.25
2024-01-10 21:00:00,19.15,8.75,220.0,0.125
2024-01-10 22:00:00,18.3,6.2,220.0,0.0
2024-01-10 23:00:00,15.0,5.1,210.0,0.0
2024-01-11 00:00:00,13.6,4.6,195.0,0.0
2024-01-11 01:00:00,13.3,4.6,200.0,0.0
2024-01-11 02:00:00,10.0,2.1,210.0,0.0
2024-01-11 03:00:00,9.45,2.85,205.0,0.0
2024-01-11 04:00:00,8.3,3.6,200.0,0.0
2024-01-11 05:00:00,7.2,2.1,649.5,0.0
2024-01-11 06:00:00,6.95,1.05,649.5,0.0
2024-01-11 07:00:00,5.6,0.0,999.0,0.0
2024-01-11 08:00:00,5.0,0.0,999.0,0.0
2024-01-11 09:00:00,4.7,1.8,589.5,0.0
2024-01-11 10:00:00,5.6,1.5,160.0,0.0
2024-01-11 11:00:00,5.6,1.5,130.0,0.0
2024-01-11 12:00:00,5.0,0.75,564.5,0.0
2024-01-11 13:00:00,3.3,3.1,120.0,0.0
2024-01-11 14:00:00,7.2,3.1,160.0,0.0
2024-01-11 15:00:00,8.9,3.5999999999999996,170.0,0.0
2024-01-11 16:00:00,15.0,6.2,190.0,
2024-01-11 17:00:00,17.2,6.2,180.0,0.0
2024-01-11 18:00:00,18.049999999999997,5.95,175.0,0.0
2024-01-11 19:00:00,20.6,7.2,170.0,0.0
2024-01-11 20:00:00,21.7,7.7,180.0,0.0
2024-01-11 21:00:00,21.15,7.949999999999999,175.0,0.0
2024-01-11 22:00:00,18.9,8.2,160.0,0.0
2024-01-11 23:00:00,18.3,7.7,170.0,0.0
2024-01-12 00:00:00,18.05,7.949999999999999,175.0,0.0
2024-01-12 01:00:00,17.8,9.8,190.0,0.0
2024-01-12 02:00:00,17.2,6.7,190.0,0.25
2024-01-12 03:00:00,16.1,5.4,190.0,0.375
2024-01-12 04:00:00,16.7,5.1,210.0,0.5
2024-01-12 05:00:00,17.2,5.7,634.5,
2024-01-12 06:00:00,16.1,3.75,237.5,1.0
2024-01-12 07:00:00,13.9,2.6,200.0,
2024-01-12 08:00:00,13.05,9.5,290.0,
2024-01-12 09:00:00,7.199999999999999,11.600000000000001,300.0,1.0
2024-01-12 10:00:00,1.1,10.3,330.0,
2024-01-12 11:00:00,0.6,9.8,310.0,
2024-01-12 12:00:00,-0.25000000000000006,10.8,315.0,0.625
2024-01-12 13:00:00,-1.7,9.3,310.0,0.25
2024-01-12 14:00:00,-1.1,11.3,320.0,0.25
2024-01-12 15:00:00,-0.8500000000000001,11.55,315.0,0.25
2024-01-12 16:00:00,1.1,10.8,310.0,0.25
2024-01-12 17:00:00,2.8,9.8,290.0,0.5
2024-01-12 18:00:00,3.05,9.3,290.0,0.5
2024-01-12 19:00:00,5.6,6.2,290.0,0.25
2024-01-12 20:00:00,6.7,6.2,290.0,0.5
2024-01-12 21:00:00,7.25,5.95,295.0,0.5
2024-01-12 22:00:00,7.8,5.7,300.0,
2024-01-12 23:00:00,6.7,3.6,280.0,0.25
2024-01-13 00:00:00,6.15,2.55,305.0,0.25
2024-01-13 01:00:00,3.3,2.6,180.0,0.0
2024-01-13 02:00:00,4.4,1.5,170.0,0.0
2024-01-13 03:00:00,3.0500000000000003,2.55,180.0,0.0
2024-01-13 04:00:00,1.7,3.6,200.0,0.0
2024-01-13 05:00:00,0.6,3.1,604.5,0.0
2024-01-13 06:00:00,0.6,3.35,205.0,0.0
2024-01-13 07:00:00,0.6,3.1,190.0,0.0
2024-01-13 08:00:00,0.0,3.1,210.0,0.0
2024-01-13 09:00:00,0.3,3.35,210.0,0.5
2024-01-13 10:00:00,0.6,4.6,210.0,
2024-01-13 11:00:00,0.0,3.6,200.0,
2024-01-13 12:00:00,1.1,4.9,205.0,0.75
2024-01-13 13:00:00,2.2,6.7,200.0,0.5
2024-01-13 14:00:00,4.4,5.1,190.0,0.25
2024-01-13 15:00:00,6.1,7.45,190.0,0.25
2024-01-13 16:00:00,11.1,6.7,190.0,0.25
2024-01-13 17:00:00,13.3,8.8,220.0,0.25
2024-01-13 18:00:00,14.15,7.75,225.0,0.25
2024-01-13 19:00:00,16.7,4.6,250.0,
2024-01-13 20:00:00,17.2,8.2,330.0,
2024-01-13 21:00:00,12.6,11.133333333333333,350.0,0.5833333333333334
2024-01-13 22:00:00,2.8,10.8,350.0,0.0
2024-01-13 23:00:00,-0.6,8.2,350.0,0.25
2024-01-14 00:00:00,-0.6,8.2,355.0,0.25
2024-01-14 01:00:00,-1.1,7.2,360.0,0.0
2024-01-14 02:00:00,-2.2,7.2,20.0,0.0
2024-01-14 03:00:00,-2.75,7.2,190.0,0.25
2024-01-14 04:00:00,-4.4,8.2,10.0,0.25
2024-01-14 05:00:00,-5.0,8.2,679.5,0.5
2024-01-14 06:00:00,-5.55,8.75,355.0,0.375
2024-01-14 07:00:00,-7.2,8.8,350.0,0.0
2024-01-14 08:00:00,-8.3,7.7,360.0,0.0
2024-01-14 09:00:00,-8.600000000000001,7.7,360.0,0.5
2024-01-14 10:00:00,-8.9,8.8,10.0,
2024-01-14 11:00:00,-9.4,6.7,360.0,
2024-01-14 12:00:00,-9.7,7.2,360.0,0.75
2024-01-14 13:00:00,-10.0,8.2,10.0,
2024-01-14 14:00:00,-10.6,7.2,10.0,
2024-01-14 15:00:00,-10.3,8.0,185.0,1.0
2024-01-14 16:00:00,-10.0,6.7,20.0,
2024-01-14 17:00:00,-9.799999999999999,6.533333333333334,243.33333333333334,
2024-01-14 18:00:00,-9.799999999999999,6.7,350.0,1.0
2024-01-14 19:00:00,-9.4,6.2,360.0,
2024-01-14 20:00:00,-9.4,5.7,10.0,
2024-01-14 21:00:00,-9.4,5.95,10.0,1.0
2024-01-14 22:00:00,-9.4,6.7,30.0,
2024-01-14 23:00:00,-10.0,6.7,360.0,
2024-01-15 00:00:00,-10.0,6.866666666666667,140.0,1.0
2024-01-15 01:00:00,-10.0,5.7,30.0,
2024-01-15 02:00:00,-10.6,6.7,20.0,
2024-01-15 03:00:00,-10.6,6.2,20.0,1.0
2024-01-15 04:00:00,-10.6,6.2,10.0,
2024-01-15 05:00:00,-10.6,6.2,573.0,
2024-01-15 06:00:00,-10.78,6.8,150.0,1.0
2024-01-15 07:00:00,-10.9,5.3,243.33333333333334,
2024-01-15 08:00:00,-11.399999999999999,6.95,185.0,
2024-01-15 09:00:00,-11.7,6.2,180.0,1.0
2024-01-15 10:00:00,-11.699999999999998,5.833333333333333,340.0,
2024-01-15 11:00:00,-11.5,4.8,350.0,
2024-01-15 12:00:00,-11.299999999999999,4.966666666666666,350.0,1.0
2024-01-15 13:00:00,-11.7,6.45,355.0,
2024-01-15 14:00:00,-11.699999999999998,5.5,353.3333333333333,
2024-01-15 15:00:00,-11.459999999999999,5.9799999999999995,150.0,1.0
2024-01-15 16:00:00,-10.3,6.95,185.0,
2024-01-15 17:00:00,-9.4,5.7,10.0,
2024-01-15 18:00:00,-7.866666666666667,5.833333333333333,126.66666666666667,0.625
2024-01-15 19:00:00,-5.6,5.1,10.0,0.25
2024-01-15 20:00:00,-4.4,6.7,10.0,0.25
2024-01-15 21:00:00,-4.15,6.7,185.0,0.25
2024-01-15 22:00:00,-3.9,8.2,10.0,0.0
2024-01-15 23:00:00,-4.4,8.2,10.0,0.25
2024-01-16 00:00:00,-4.7,9.25,10.0,0.25
2024-01-16 01:00:00,-6.1,8.2,10.0,0.25
2024-01-16 02:00:00,-7.2,8.8,360.0,0.25
2024-01-16 03:00:00,-7.2,9.55,185.0,0.25
2024-01-16 04:00:00,-7.8,9.8,360.0,
2024-01-16 05:00:00,-8.3,8.8,674.5,
2024-01-16 06:00:00,-8.3,8.8,350.0,0.75
2024-01-16 07:00:00,-8.3,10.3,350.0,
2024-01-16 08:00:00,-8.9,7.2,340.0,
2024-01-16 09:00:00,-9.15,8.0,345.0,0.75
2024-01-16 10:00:00,-10.0,9.3,330.0,
2024-01-16 11:00:00,-10.6,8.8,340.0,0.5
2024-01-16 12:00:00,-10.85,9.05,340.0,0.375
2024-01-16 13:00:00,-11.1,7.7,340.0,0.25
2024-01-16 14:00:00,-10.0,7.7,340.0,0.25
2024-01-16 15:00:00,-9.45,7.45,340.0,0.125
2024-01-16 16:00:00,-7.8,6.7,360.0,0.0
2024-01-16 17:00:00,-6.7,5.1,320.0,0.0
2024-01-16 18:00:00,-6.15,5.1,340.0,0.0
2024-01-16 19:00:00,-4.4,4.6,10.0,0.0
2024-01-16 20:00:00,-3.3,4.1,10.0,0.0
2024-01-16 21:00:00,-3.05,3.3499999999999996,504.5,0.0
2024-01-16 22:00:00,-2.8,3.1,10.0,0.0
2024-01-16 23:00:00,-5.0,2.6,30.0,0.0
2024-01-17 00:00:00,-5.3,2.05,40.0,0.0
2024-01-17 01:00:00,-6.7,0.0,999.0,0.0
2024-01-17 02:00:00,-5.6,0.0,999.0,0.0
2024-01-17 03:00:00,-5.85,0.75,574.5,0.0
2024-01-17 04:00:00,-7.2,2.6,190.0,0.0
2024-01-17 05:00:00,-6.1,1.5,599.5,0.0
2024-01-17 06:00:00,-6.4,1.8,200.0,0.0
2024-01-17 07:00:00,-7.8,2.6,190.0,0.0
2024-01-17 08:00:00,-8.3,2.6,190.0,0.0
2024-01-17 09:00:00,-8.3,2.85,185.0,0.0
2024-01-17 10:00:00,-8.3,3.1,190.0,0.0
2024-01-17 11:00:00,-8.3,2.6,190.0,0.0
2024-01-17 12:00:00,-8.05,3.1,180.0,0.0
2024-01-17 13:00:00,-7.2,4.6,180.0,0.25
2024-01-17 14:00:00,-5.0,5.7,190.0,0.25
2024-01-17 15:00:00,-3.9,6.2,185.0,0.375
2024-01-17 16:00:00,0.0,7.7,180.0,0.5
2024-01-17 17:00:00,1.7,8.2,190.0,0.25
2024-01-17 18:00:00,2.5,7.449999999999999,185.0,0.25
2024-01-17 19:00:00,5.0,7.7,180.0,0.25
2024-01-17 20:00:00,6.1,8.8,160.0,0.25
2024-01-17 21:00:00,6.1,9.55,170.0,0.25
2024-01-17 22:00:00,5.6,7.2,170.0,0.0
2024-01-17 23:00:00,3.9,6.7,160.0,0.25
2024-01-18 00:00:00,3.9,7.2,165.0,0.25
2024-01-18 01:00:00,3.3,6.7,170.0,0.25
2024-01-18 02:00:00,3.3,7.2,170.0,0.25
2024-01-18 03:00:00,3.3,8.25,175.0,0.25
2024-01-18 04:00:00,2.8,8.2,190.0,0.5
2024-01-18 05:00:00,3.3,9.8,594.5,0.25
2024-01-18 06:00:00,3.5999999999999996,9.3,190.0,0.25
2024-01-18 07:00:00,4.4,10.3,200.0,0.0
2024-01-18 08:00:00,4.4,10.8,200.0,0.0
2024-01-18 09:00:00,4.4,9.8,195.0,0.25
2024-01-18 10:00:00,3.9,9.8,200.0,0.25
2024-01-18 11:00:00,3.9,7.7,210.0,
2024-01-18 12:00:00,3.9,7.2,205.0,0.75
2024-01-18 13:00:00,3.3,6.7,200.0,
2024-01-18 14:00:00,5.6,6.2,220.0,
2024-01-18 15:00:00,6.4,5.95,220.0,0.75
2024-01-18 16:00:00,10.0,4.6,250.0,0.5
2024-01-18 17:00:00,12.2,3.1,250.0,0.25
2024-01-18 18:00:00,13.05,4.4,265.0,0.25
2024-01-18 19:00:00,14.4,5.1,270.0,0.25
2024-01-18 20:00:00,15.0,5.1,310.0,0.25
2024-01-18 21:00:00,15.0,4.35,315.0,0.25
2024-01-18 22:00:00,15.0,5.1,310.0,0.25
2024-01-18 23:00:00,12.8,4.1,330.0,0.25
2024-01-19 00:00:00,11.7,4.1,335.0,0.125
2024-01-19 01:00:00,8.9,3.6,340.0,0.0
2024-01-19 02:00:00,6.7,4.6,340.0,0.0
2024-01-19 03:00:00,7.25,5.15,175.0,0.0
2024-01-19 04:00:00,6.7,4.6,10.0,0.0
2024-01-19 05:00:00,6.1,5.1,504.5,0.25
2024-01-19 06:00:00,6.1,6.4,10.0,0.25
2024-01-19 07:00:00,5.0,8.2,350.0,0.0
2024-01-19 08:00:00,3.3,8.8,360.0,0.0
2024-01-19 09:00:00,2.2,8.8,360.0,0.0
2024-01-19 10:00:00,-0.6,9.3,360.0,0.0
2024-01-19 11:00:00,-1.1,9.3,360.0,0.0
2024-01-19 12:00:00,-1.6500000000000001,7.75,355.0,0.0
2024-01-19 13:00:00,-2.8,7.7,340.0,0.0
2024-01-19 14:00:00,-2.8,9.8,340.0,0.0
2024-01-19 15:00:00,-2.8,9.8,350.0,0.25
2024-01-19 16:00:00,-2.2,9.3,360.0,0.25
2024-01-19 17:00:00,-1.1,6.7,360.0,0.25
2024-01-19 18:00:00,-0.55,7.449999999999999,350.0,0.25
2024-01-19 19:00:00,1.1,8.2,360.0,0.25
2024-01-19 20:00:00,0.6,6.2,10.0,0.25
2024-01-19 21:00:00,0.8500000000000001,6.7,180.0,0.25
2024-01-19 22:00:00,0.6,5.1,10.0,0.25
2024-01-19 23:00:00,-0.6,6.7,10.0,0.25
2024-01-20 00:00:00,-0.8500000000000001,6.2,10.0,0.25
2024-01-20 01:00:00,-1.7,4.6,20.0,0.0
2024-01-20 02:00:00,-2.2,5.1,30.0,0.0
2024-01-20 03:00:00,-2.75,4.1,30.0,0.0
2024-01-20 04:00:00,-3.3,4.1,30.0,0.0
2024-01-20 05:00:00,-3.9,5.7,509.5,0.0
2024-01-20 06:00:00,-4.15,4.9,20.0,0.0
2024-01-20 07:00:00,-4.4,4.6,20.0,0.0
2024-01-20 08:00:00,-5.6,4.1,20.0,0.0
2024-01-20 09:00:00,-5.85,3.8499999999999996,30.0,0.0
2024-01-20 10:00:00,-6.1,4.6,30.0,0.0
2024-01-20 11:00:00,-6.7,4.6,40.0,0.25
2024-01-20 12:00:00,-6.95,4.85,35.0,0.25
2024-01-20 13:00:00,-6.7,5.1,30.0,0.25
2024-01-20 14:00:00,-5.6,3.6,20.0,0.25
2024-01-20 15:00:00,-5.0,4.35,30.0,0.25
2024-01-20 16:00:00,-2.8,4.6,30.0,0.25
2024-01-20 17:00:00,-1.7,2.1,20.0,0.5
2024-01-20 18:00:00,-0.85,4.1,519.5,0.5
2024-01-20 19:00:00,1.1,2.6,70.0,
2024-01-20 20:00:00,2.2,2.1,60.0,
2024-01-20 21:00:00,2.5,1.05,529.5,0.75
2024-01-20 22:00:00,2.2,3.6,110.0,
2024-01-20 23:00:00,0.6,2.6,100.0,
2024-01-21 00:00:00,0.6,2.35,100.0,0.75
2024-01-21 01:00:00,-0.6,2.6,100.0,
2024-01-21 02:00:00,0.0,3.1,100.0,
2024-01-21 03:00:00,0.0,3.35,95.0,0.75
2024-01-21 04:00:00,-1.1,2.1,100.0,
2024-01-21 05:00:00,0.0,3.1,554.5,
2024-01-21 06:00:00,0.3,3.5999999999999996,115.0,1.0
2024-01-21 07:00:00,0.6,6.2,130.0,
2024-01-21 08:00:00,0.6,6.2,130.0,
2024-01-21 09:00:00,0.3,6.2,135.0,1.0
2024-01-21 10:00:00,0.0,4.6,120.0,
2024-01-21 11:00:00,0.0,5.1,120.0,
2024-01-21 12:00:00,0.0,5.4,130.0,1.0
2024-01-21 13:00:00,0.0,5.1,130.0,
2024-01-21 14:00:00,0.0,6.2,120.0,
2024-01-21 15:00:00,0.55,6.95,135.0,1.0
2024-01-21 16:00:00,2.8,7.2,140.0,
2024-01-21 17:00:00,2.8,5.7,110.0,
2024-01-21 18:00:00,3.05,5.95,130.0,1.0
2024-01-21 19:00:00,3.3,6.2,150.0,
2024-01-21 20:00:00,3.9,5.7,120.0,
2024-01-21 21:00:00,4.15,6.2,120.0,1.0
2024-01-21 22:00:00,3.9,4.85,115.0,
2024-01-21 23:00:00,3.3,4.6,110.0,
2024-01-22 00:00:00,3.3,5.65,120.0,1.0
2024-01-22 01:00:00,2.8,7.2,130.0,
2024-01-22 02:00:00,1.7,5.7,130.0,
2024-01-22 03:00:00,1.4,5.7,130.0,1.0
2024-01-22 04:00:00,1.7,4.6,150.0,
2024-01-22 05:00:00,0.6,1.5,999.0,
2024-01-22 06:00:00,0.3,2.05,554.5,1.0
2024-01-22 07:00:00,0.0,2.6,106.66666666666667,
2024-01-22 08:00:00,0.8,1.8,90.0,
2024-01-22 09:00:00,0.6,2.18,98.0,1.0
2024-01-22 10:00:00,0.6,1.5666666666666667,376.3333333333333,
2024-01-22 11:00:00,0.7666666666666666,2.4333333333333336,50.0,
2024-01-22 12:00:00,1.1,3.1,30.0,1.0
2024-01-22 13:00:00,1.0666666666666667,3.6,20.0,
2024-01-22 14:00:00,1.1,2.6,30.0,
2024-01-22 15:00:00,1.4,3.5999999999999996,35.0,1.0
2024-01-22 16:00:00,2.2,3.6,40.0,
2024-01-22 17:00:00,2.1500000000000004,4.1,27.5,
2024-01-22 18:00:00,2.5,4.35,195.0,1.0
2024-01-22 19:00:00,2.9666666666666663,3.6,356.6666666666667,
2024-01-22 20:00:00,3.3,3.1,360.0,
2024-01-22 21:00:00,3.6999999999999997,2.766666666666667,246.66666666666666,1.0
2024-01-22 22:00:00,4.066666666666666,2.6,133.33333333333334,
2024-01-22 23:00:00,4.4,2.6,350.0,
2024-01-23 00:00:00,4.15,2.35,185.0,1.0
2024-01-23 01:00:00,4.15,1.8,335.0,
2024-01-23 02:00:00,4.175,2.2,337.5,
2024-01-23 03:00:00,4.15,2.05,320.0,1.0
2024-01-23 04:00:00,4.4,2.6,240.0,
2024-01-23 05:00:00,4.4,2.6,659.5,
2024-01-23 06:00:00,4.15,2.05,175.0,1.0
2024-01-23 07:00:00,4.1000000000000005,2.2333333333333334,233.33333333333334,
2024-01-23 08:00:00,4.266666666666667,2.1,250.0,
2024-01-23 09:00:00,4.4,2.6,195.0,1.0
2024-01-23 10:00:00,4.4,2.1,40.0,
2024-01-23 11:00:00,5.0,0.0,999.0,
2024-01-23 12:00:00,5.0,1.9000000000000001,453.0,1.0
2024-01-23 13:00:00,5.3,2.55,50.0,
2024-01-23 14:00:00,6.1,2.6,30.0,
2024-01-23 15:00:00,6.5,3.266666666666667,243.33333333333334,1.0
2024-01-23 16:00:00,6.7,3.6,350.0,
2024-01-23 17:00:00,7.2,3.6,360.0,
2024-01-23 18:00:00,7.766666666666667,4.1,243.33333333333334,1.0
2024-01-23 19:00:00,8.600000000000001,2.85,10.0,
2024-01-23 20:00:00,10.0,3.1,360.0,
2024-01-23 21:00:00,9.85,3.1,355.0,1.0
2024-01-23 22:00:00,10.0,3.766666666666667,243.33333333333334,
2024-01-23 23:00:00,10.0,2.6,10.0,
2024-01-24 00:00:00,9.7,3.3499999999999996,10.0,
2024-01-24 01:00:00,9.4,3.1,350.0,
2024-01-24 02:00:00,9.4,3.1,360.0,
2024-01-24 03:00:00,9.4,3.35,345.0,
2024-01-24 04:00:00,8.9,3.1,346.6666666666667,
2024-01-24 05:00:00,8.95,4.1,566.3333333333334,
2024-01-24 06:00:00,8.600000000000001,3.8499999999999996,350.0,
2024-01-24 07:00:00,8.225000000000001,2.975,320.0,
2024-01-24 08:00:00,8.3,3.35,335.0,
2024-01-24 09:00:00,8.05,3.5999999999999996,330.0,1.0
2024-01-24 10:00:00,7.3999999999999995,3.4333333333333336,330.0,
2024-01-24 11:00:00,7.2,3.6,340.0,
2024-01-24 12:00:00,7.3999999999999995,4.266666666666667,340.0,1.0
2024-01-24 13:00:00,7.9,4.1,335.0,
2024-01-24 14:00:00,7.9,3.8499999999999996,335.0,
2024-01-24 15:00:00,7.8,4.1,330.0,1.0
2024-01-24 16:00:00,8.200000000000001,3.266666666666667,330.0,
2024-01-24 17:00:00,9.4,3.1,340.0,
2024-01-24 18:00:00,9.233333333333334,2.2333333333333334,336.6666666666667,1.0
2024-01-24 19:00:00,10.0,4.1,330.0,
2024-01-24 20:00:00,11.1,3.1,330.0,
2024-01-24 21:00:00,11.066666666666668,4.633333333333333,326.6666666666667,1.0
2024-01-24 22:00:00,11.1,3.5999999999999996,330.0,
2024-01-24 23:00:00,11.1,2.9333333333333336,336.6666666666667,
2024-01-25 00:00:00,11.1,1.2,569.6666666666666,0.75
2024-01-25 01:00:00,11.1,1.5333333333333332,559.6666666666666,
2024-01-25 02:00:00,10.6,0.0,999.0,
2024-01-25 03:00:00,10.45,2.5749999999999997,492.25,1.0
2024-01-25 04:00:00,10.0,0.0,999.0,
2024-01-25 05:00:00,10.0,1.8,413.0,
2024-01-25 06:00:00,10.0,2.85,70.0,1.0
2024-01-25 07:00:00,9.6,3.5999999999999996,322.5,
2024-01-25 08:00:00,9.4,2.85,315.0,
2024-01-25 09:00:00,8.866666666666667,2.2333333333333334,310.0,1.0
2024-01-25 10:00:00,8.95,2.85,325.0,
2024-01-25 11:00:00,8.9,3.35,330.0,
2024-01-25 12:00:00,8.9,2.85,325.0,1.0
2024-01-25 13:00:00,9.4,2.575,335.0,
2024-01-25 14:00:00,9.7,2.85,340.0,
2024-01-25 15:00:00,10.0,2.85,340.0,1.0
2024-01-25 16:00:00,11.1,0.0,999.0,
2024-01-25 17:00:00,11.85,1.8,639.5,
2024-01-25 18:00:00,11.7,2.6,639.5,1.0
2024-01-25 19:00:00,11.7,2.05,270.0,
2024-01-25 20:00:00,11.7,3.6,270.0,
2024-01-25 21:00:00,11.95,3.8499999999999996,265.0,1.0
2024-01-25 22:00:00,12.8,2.1,300.0,
2024-01-25 23:00:00,9.2,3.1,50.0,0.5
2024-01-26 00:00:00,9.4,3.1,55.0,0.5
2024-01-26 01:00:00,9.7,2.1,100.0,
2024-01-26 02:00:00,10.0,2.6,150.0,
2024-01-26 03:00:00,10.0,2.05,155.0,1.0
2024-01-26 04:00:00,8.6,2.1,95.0,0.5
2024-01-26 05:00:00,9.4,2.1,574.5,
2024-01-26 06:00:00,9.7,2.35,150.0,1.0
2024-01-26 07:00:00,10.0,2.35,135.0,
2024-01-26 08:00:00,9.4,2.1,140.0,
2024-01-26 09:00:00,9.4,2.35,135.0,1.0
2024-01-26 10:00:00,9.4,3.1,140.0,
2024-01-26 11:00:00,9.4,3.6,130.0,
2024-01-26 12:00:00,9.4,3.35,140.0,1.0
2024-01-26 13:00:00,9.4,3.35,140.0,
2024-01-26 14:00:00,10.0,3.6,130.0,
2024-01-26 15:00:00,10.0,3.1,130.0,1.0
2024-01-26 16:00:00,10.6,2.1,70.0,
2024-01-26 17:00:00,11.1,3.6,20.0,
2024-01-26 18:00:00,10.85,5.65,20.0,1.0
2024-01-26 19:00:00,11.1,5.7,40.0,
2024-01-26 20:00:00,11.1,4.6,70.0,
2024-01-26 21:00:00,10.933333333333332,6.5,66.66666666666667,1.0
2024-01-26 22:00:00,10.6,3.1,190.0,
2024-01-26 23:00:00,10.0,5.7,10.0,
2024-01-27 00:00:00,10.0,5.4,15.0,1.0
2024-01-27 01:00:00,10.6,4.1,40.0,
2024-01-27 02:00:00,10.45,4.35,205.0,
2024-01-27 03:00:00,10.6,4.6,165.0,1.0
2024-01-27 04:00:00,10.6,4.266666666666667,360.0,
2024-01-27 05:00:00,10.0,3.1,669.5,
2024-01-27 06:00:00,10.0,4.65,335.0,1.0
2024-01-27 07:00:00,10.0,5.7,340.0,
2024-01-27 08:00:00,9.2,8.5,340.0,
2024-01-27 09:00:00,9.233333333333334,7.533333333333332,340.0,1.0
2024-01-27 10:00:00,8.200000000000001,7.366666666666667,330.0,
2024-01-27 11:00:00,8.3,7.2,340.0,
2024-01-27 12:00:00,8.05,6.15,335.0,1.0
2024-01-27 13:00:00,7.5,6.7,330.0,
2024-01-27 14:00:00,7.2,8.2,320.0,
2024-01-27 15:00:00,7.3999999999999995,7.699999999999999,330.0,1.0
2024-01-27 16:00:00,8.9,7.7,330.0,
2024-01-27 17:00:00,8.9,6.7,330.0,
2024-01-27 18:00:00,9.45,7.449999999999999,330.0,0.75
2024-01-27 19:00:00,10.6,8.2,320.0,
2024-01-27 20:00:00,10.0,8.2,320.0,
2024-01-27 21:00:00,9.7,7.699999999999999,335.0,0.75
2024-01-27 22:00:00,8.3,7.2,330.0,
2024-01-27 23:00:00,7.5,5.95,330.0,0.375
2024-01-28 00:00:00,6.65,4.9,345.0,0.25
2024-01-28 01:00:00,5.0,4.1,350.0,0.25
2024-01-28 02:00:00,4.4,5.1,350.0,0.25
2024-01-28 03:00:00,4.15,5.1,350.0,0.25
2024-01-28 04:00:00,3.3,4.1,350.0,0.25
2024-01-28 05:00:00,2.8,5.1,674.5,0.0
2024-01-28 06:00:00,2.8,5.1,345.0,0.0
2024-01-28 07:00:00,2.2,4.6,340.0,0.0
2024-01-28 08:00:00,1.1,2.6,350.0,0.0
2024-01-28 09:00:00,1.1,2.85,345.0,0.0
2024-01-28 10:00:00,1.1,2.6,310.0,0.0
2024-01-28 11:00:00,1.1,2.6,310.0,0.0
2024-01-28 12:00:00,1.4,2.05,300.0,0.0
2024-01-28 13:00:00,2.8,2.6,330.0,0.0
2024-01-28 14:00:00,6.1,2.6,320.0,0.0
2024-01-28 15:00:00,7.5,3.1,325.0,0.0
2024-01-28 16:00:00,11.1,2.1,999.0,0.0
2024-01-28 17:00:00,12.8,2.6,360.0,0.0
2024-01-28 18:00:00,13.600000000000001,2.85,345.0,0.0
2024-01-28 19:00:00,15.6,1.5,310.0,0.0
2024-01-28 20:00:00,17.2,3.6,320.0,0.0
2024-01-28 21:00:00,17.2,2.55,300.0,0.0
2024-01-28 22:00:00,17.2,2.1,999.0,0.0
2024-01-28 23:00:00,15.6,0.0,999.0,0.0
2024-01-29 00:00:00,14.2,0.75,564.5,0.0
2024-01-29 01:00:00,11.1,2.1,150.0,0.0
2024-01-29 02:00:00,11.1,1.5,170.0,0.0
2024-01-29 03:00:00,10.0,2.55,180.0,0.0
2024-01-29 04:00:00,8.3,3.1,200.0,0.0
2024-01-29 05:00:00,8.3,3.6,599.5,0.0
2024-01-29 06:00:00,7.75,3.6,200.0,0.0
2024-01-29 07:00:00,6.7,3.6,200.0,0.0
2024-01-29 08:00:00,6.1,2.1,210.0,0.0
2024-01-29 09:00:00,6.1,2.6,210.0,0.0
2024-01-29 10:00:00,5.6,4.1,210.0,0.0
2024-01-29 11:00:00,4.4,3.1,190.0,0.0
2024-01-29 12:00:00,4.4,3.35,195.0,0.0
2024-01-29 13:00:00,5.0,2.6,190.0,0.0
2024-01-29 14:00:00,8.9,2.1,200.0,0.25
2024-01-29 15:00:00,10.55,2.6,205.0,0.25
2024-01-29 16:00:00,15.6,4.1,230.0,0.25
2024-01-29 17:00:00,18.9,2.6,999.0,0.25
2024-01-29 18:00:00,20.299999999999997,3.8499999999999996,629.5,0.25
2024-01-29 19:00:00,22.2,3.6,280.0,0.5
2024-01-29 20:00:00,22.8,4.6,250.0,0.5
2024-01-29 21:00:00,23.05,3.05,260.0,0.5
2024-01-29 22:00:00,22.2,4.6,260.0,0.5
2024-01-29 23:00:00,20.6,2.6,260.0,
2024-01-30 00:00:00,20.0,2.6,265.0,0.625
2024-01-30 01:00:00,18.9,2.6,270.0,0.5
2024-01-30 02:00:00,13.9,3.1,230.0,0.5
2024-01-30 03:00:00,13.350000000000001,3.5999999999999996,225.0,0.5
2024-01-30 04:00:00,12.2,4.1,210.0,
2024-01-30 05:00:00,12.8,4.1,624.5,
2024-01-30 06:00:00,12.25,4.1,255.0,0.75
2024-01-30 07:00:00,12.2,2.1,270.0,
2024-01-30 08:00:00,8.3,0.0,999.0,
2024-01-30 09:00:00,8.3,1.05,599.5,0.75
2024-01-30 10:00:00,8.3,2.1,200.0,
2024-01-30 11:00:00,8.9,0.0,999.0,0.25
2024-01-30 12:00:00,8.35,0.75,594.5,0.25
2024-01-30 13:00:00,8.3,0.0,999.0,0.25
2024-01-30 14:00:00,13.9,2.1,310.0,0.25
2024-01-30 15:00:00,14.75,2.85,330.0,0.25
2024-01-30 16:00:00,18.9,4.1,290.0,0.25
2024-01-30 17:00:00,21.1,4.1,280.0,0.25
2024-01-30 18:00:00,21.950000000000003,3.8499999999999996,285.0,0.25
2024-01-30 19:00:00,23.9,3.6,350.0,0.25
2024-01-30 20:00:00,24.7,3.1,260.0,0.25
2024-01-30 21:00:00,24.4,3.8499999999999996,280.0,0.25
2024-01-30 22:00:00,24.4,4.1,310.0,0.25
2024-01-30 23:00:00,22.2,3.1,290.0,0.25
2024-01-31 00:00:00,21.65,2.6,285.0,0.25
2024-01-31 01:00:00,18.3,2.1,360.0,0.25
2024-01-31 02:00:00,15.6,1.5,220.0,0.0
2024-01-31 03:00:00,15.3,0.75,609.5,0.0
2024-01-31 04:00:00,14.4,0.0,999.0,0.0
2024-01-31 05:00:00,10.6,0.0,999.0,0.0
2024-01-31 06:00:00,11.149999999999999,0.0,999.0,0.25
2024-01-31 07:00:00,12.2,1.5,280.0,0.25
2024-01-31 08:00:00,7.8,1.5,270.0,0.25
2024-01-31 09:00:00,8.35,2.05,300.0,0.25
2024-01-31 10:00:00,8.3,2.6,340.0,0.25
2024-01-31 11:00:00,7.8,0.0,999.0,0.0
2024-01-31 12:00:00,7.25,1.05,514.5,0.25
2024-01-31 13:00:00,8.3,1.5,350.0,0.25
2024-01-31 14:00:00,12.2,1.5,50.0,0.25
2024-01-31 15:00:00,13.899999999999999,0.75,524.5,0.25
2024-01-31 16:00:00,18.3,1.5,170.0,0.5
2024-01-31 17:00:00,20.6,3.1,130.0,
2024-01-31 18:00:00,21.15,2.6,135.0,0.75
2024-01-31 19:00:00,22.8,2.1,130.0,
2024-01-31 20:00:00,23.9,3.6,100.0,
2024-01-31 21:00:00,23.6,3.1,130.0,0.75
2024-01-31 22:00:00,22.2,3.6,170.0,
2024-01-31 23:00:00,19.4,3.6,140.0,
2024-02-01 00:00:00,18.6,3.1,145.0,0.75
2024-02-01 01:00:00,17.8,3.1,160.0,
2024-02-01 02:00:00,16.1,2.1,170.0,
2024-02-01 03:00:00,15.55,2.6,175.0,0.75
2024-02-01 04:00:00,15.0,3.1,170.0,
2024-02-01 05:00:00,13.3,3.1,726.0,
2024-02-01 06:00:00,12.5,3.1,185.0,0.75
2024-02-01 07:00:00,11.7,3.1,200.0,0.5
2024-02-01 08:00:00,10.6,2.6,200.0,0.5
2024-02-01 09:00:00,10.0,2.6,200.0,0.5
2024-02-01 10:00:00,8.3,0.0,999.0,
2024-02-01 11:00:00,9.4,4.1,200.0,
2024-02-01 12:00:00,9.7,3.8499999999999996,210.0,0.75
2024-02-01 13:00:00,11.1,3.1,220.0,
2024-02-01 14:00:00,13.9,3.1,200.0,
2024-02-01 15:00:00,14.75,3.35,190.0,0.75
2024-02-01 16:00:00,19.4,6.2,180.0,0.25
2024-02-01 17:00:00,20.6,5.7,180.0,0.25
2024-02-01 18:00:00,21.15,5.4,185.0,0.25
2024-02-01 19:00:00,22.2,6.2,160.0,0.25
2024-02-01 20:00:00,22.8,8.2,180.0,0.25
2024-02-01 21:00:00,22.5,8.5,180.0,0.25
2024-02-01 22:00:00,21.7,8.8,190.0,0.25
2024-02-01 23:00:00,19.4,7.2,160.0,0.5
2024-02-02 00:00:00,18.85,6.45,160.0,0.5
2024-02-02 01:00:00,17.8,6.2,160.0,
2024-02-02 02:00:00,17.2,4.6,160.0,
2024-02-02 03:00:00,16.95,5.15,160.0,0.75
2024-02-02 04:00:00,16.7,4.1,170.0,
2024-02-02 05:00:00,15.6,3.6,579.5,0.5
2024-02-02 06:00:00,15.3,3.6,160.0,0.375
2024-02-02 07:00:00,14.4,4.6,170.0,0.0
2024-02-02 08:00:00,14.4,4.1,170.0,0.0
2024-02-02 09:00:00,14.15,3.8499999999999996,175.0,0.25
2024-02-02 10:00:00,14.4,4.6,170.0,
2024-02-02 11:00:00,14.4,6.2,180.0,
2024-02-02 12:00:00,14.7,5.95,175.0,1.0
2024-02-02 13:00:00,15.0,5.1,180.0,
2024-02-02 14:00:00,15.0,4.6,166.66666666666666,
2024-02-02 15:00:00,15.733333333333334,4.8,163.33333333333334,1.0
2024-02-02 16:00:00,16.65,6.45,175.0,
2024-02-02 17:00:00,18.866666666666664,6.7,160.0,
2024-02-02 18:00:00,18.45,7.2,162.5,0.75
2024-02-02 19:00:00,18.9,7.949999999999999,150.0,
2024-02-02 20:00:00,18.9,6.2,170.0,
2024-02-02 21:00:00,18.6,6.2,160.0,1.0
2024-02-02 22:00:00,17.5,4.6,140.0,
2024-02-02 23:00:00,17.2,4.6,130.0,
2024-02-03 00:00:00,16.95,5.65,135.0,1.0
2024-02-03 01:00:00,16.7,7.7,130.0,
2024-02-03 02:00:00,16.7,6.95,130.0,
2024-02-03 03:00:00,16.7,4.8,133.33333333333334,0.75
2024-02-03 04:00:00,15.933333333333332,9.799999999999999,220.0,
2024-02-03 05:00:00,12.175,4.275,359.8,
2024-02-03 06:00:00,12.199999999999998,2.9333333333333336,153.33333333333334,1.0
2024-02-03 07:00:00,12.2,5.4,95.0,
2024-02-03 08:00:00,12.2,5.1,190.0,
2024-02-03 09:00:00,12.199999999999998,4.6,193.33333333333334,1.0
2024-02-03 10:00:00,12.2,3.1,130.0,
2024-02-03 11:00:00,12.2,4.6,140.0,
2024-02-03 12:00:00,12.2,5.15,145.0,1.0
2024-02-03 13:00:00,12.2,3.6,170.0,
2024-02-03 14:00:00,12.8,4.1,160.0,
2024-02-03 15:00:00,13.133333333333335,4.8,156.66666666666666,1.0
2024-02-03 16:00:00,14.15,5.4,150.0,
2024-02-03 17:00:00,15.0,4.6,160.0,
2024-02-03 18:00:00,15.200000000000001,4.266666666666667,170.0,1.0
2024-02-03 19:00:00,17.1,4.9,175.0,
2024-02-03 20:00:00,17.75,3.8499999999999996,165.0,0.5
2024-02-03 21:00:00,19.15,4.9,185.0,0.375
2024-02-03 22:00:00,20.0,4.6,220.0,0.25
2024-02-03 23:00:00,17.8,5.1,250.0,0.25
2024-02-04 00:00:00,17.5,4.1,245.0,0.25
2024-02-04 01:00:00,16.1,3.1,260.0,0.25
2024-02-04 02:00:00,13.3,3.1,220.0,0.25
2024-02-04 03:00:00,12.5,3.35,150.0,0.25
2024-02-04 04:00:00,11.1,2.6,90.0,0.5
2024-02-04 05:00:00,11.1,3.1,544.5,
2024-02-04 06:00:00,11.5,4.433333333333333,96.66666666666667,1.0
2024-02-04 07:00:00,11.7,5.7,110.0,
2024-02-04 08:00:00,11.7,4.6,130.0,
2024-02-04 09:00:00,11.399999999999999,4.1,120.0,1.0
2024-02-04 10:00:00,11.1,2.1,105.0,
2024-02-04 11:00:00,11.1,2.1,50.0,
2024-02-04 12:00:00,11.1,2.6,36.666666666666664,1.0
2024-02-04 13:00:00,11.1,5.1,40.0,
2024-02-04 14:00:00,10.55,5.95,15.0,
2024-02-04 15:00:00,10.3,5.95,175.0,1.0
2024-02-04 16:00:00,11.1,6.7,340.0,
2024-02-04 17:00:00,12.833333333333334,4.766666666666667,320.0,0.5
2024-02-04 18:00:00,15.0,4.6,315.0,0.5
2024-02-04 19:00:00,15.0,7.7,330.0,
2024-02-04 20:00:00,16.7,12.4,350.0,
2024-02-04 21:00:00,15.55,9.05,340.0,1.0
2024-02-04 22:00:00,15.0,8.2,340.0,
2024-02-04 23:00:00,13.9,6.7,340.0,
2024-02-05 00:00:00,13.600000000000001,7.2,335.0,0.75
2024-02-05 01:00:00,12.8,9.3,330.0,
2024-02-05 02:00:00,12.2,8.8,340.0,
2024-02-05 03:00:00,12.199999999999998,8.766666666666667,336.6666666666667,1.0
2024-02-05 04:00:00,11.7,10.3,340.0,
2024-02-05 05:00:00,11.1,7.2,669.5,
2024-02-05 06:00:00,11.1,8.0,340.0,1.0
2024-02-05 07:00:00,10.6,8.2,340.0,
2024-02-05 08:00:00,10.6,7.7,350.0,
2024-02-05 09:00:00,10.4,8.766666666666667,346.6666666666667,1.0
2024-02-05 10:00:00,10.0,6.45,330.0,
2024-02-05 11:00:00,10.0,7.2,350.0,
2024-02-05 12:00:00,10.0,8.4,350.0,1.0
2024-02-05 13:00:00,9.7,7.949999999999999,350.0,
2024-02-05 14:00:00,9.4,7.45,345.0,0.5
2024-02-05 15:00:00,10.0,8.5,345.0,0.375
2024-02-05 16:00:00,12.2,6.7,330.0,0.25
2024-02-05 17:00:00,13.3,7.7,350.0,0.25
2024-02-05 18:00:00,13.850000000000001,7.949999999999999,340.0,0.25
2024-02-05 19:00:00,16.1,8.2,350.0,0.25
2024-02-05 20:00:00,16.7,6.7,350.0,0.25
2024-02-05 21:00:00,16.7,6.95,340.0,0.125
2024-02-05 22:00:00,16.7,5.1,330.0,0.0
2024-02-05 23:00:00,15.0,4.6,330.0,0.0
2024-02-06 00:00:00,14.45,4.6,330.0,0.0
2024-02-06 01:00:00,12.8,4.6,340.0,0.0
2024-02-06 02:00:00,11.1,4.6,340.0,0.0
2024-02-06 03:00:00,11.1,4.35,335.0,0.0
2024-02-06 04:00:00,9.4,3.1,340.0,0.0
2024-02-06 05:00:00,8.9,3.1,659.5,0.0
2024-02-06 06:00:00,8.35,3.1,320.0,0.0
2024-02-06 07:00:00,7.2,2.6,340.0,0.0
2024-02-06 08:00:00,5.6,2.6,360.0,0.0
2024-02-06 09:00:00,5.85,3.1,340.0,0.0
2024-02-06 10:00:00,5.6,2.1,330.0,0.25
2024-02-06 11:00:00,5.6,3.6,320.0,0.5
2024-02-06 12:00:00,5.3,2.85,325.0,0.25
2024-02-06 13:00:00,5.0,2.1,350.0,0.0
2024-02-06 14:00:00,8.9,2.6,340.0,0.25
2024-02-06 15:00:00,9.45,2.05,340.0,0.25
2024-02-06 16:00:00,12.2,1.5,180.0,0.25
2024-02-06 17:00:00,14.4,2.1,999.0,0.25
2024-02-06 18:00:00,15.55,1.8,999.0,0.25
2024-02-06 19:00:00,17.8,1.5,150.0,
2024-02-06 20:00:00,17.8,1.5,140.0,
2024-02-06 21:00:00,18.35,2.05,165.0,0.5
2024-02-06 22:00:00,18.3,1.5,180.0,
2024-02-06 23:00:00,16.7,2.6,100.0,
2024-02-07 00:00:00,15.85,3.1,115.0,0.75
2024-02-07 01:00:00,14.4,3.1,130.0,
2024-02-07 02:00:00,13.3,2.6,140.0,
2024-02-07 03:00:00,13.3,3.3499999999999996,120.0,1.0
2024-02-07 04:00:00,13.3,2.6,210.0,
2024-02-07 05:00:00,12.2,2.6,579.5,
2024-02-07 06:00:00,12.5,3.1,165.0,1.0
2024-02-07 07:00:00,11.7,3.1,140.0,
2024-02-07 08:00:00,12.8,4.1,160.0,
2024-02-07 09:00:00,11.7,3.8499999999999996,150.0,0.75
2024-02-07 10:00:00,9.4,3.1,150.0,
2024-02-07 11:00:00,8.3,4.1,140.0,
2024-02-07 12:00:00,8.600000000000001,3.8499999999999996,135.0,0.75
2024-02-07 13:00:00,9.4,3.1,150.0,
2024-02-07 14:00:00,11.7,4.6,160.0,
2024-02-07 15:00:00,13.05,4.85,160.0,0.75
2024-02-07 16:00:00,16.7,6.2,160.0,
2024-02-07 17:00:00,17.8,7.7,170.0,
2024-02-07 18:00:00,18.05,8.25,175.0,0.75
2024-02-07 19:00:00,18.3,9.3,170.0,
2024-02-07 20:00:00,18.9,7.7,170.0,
2024-02-07 21:00:00,18.6,7.7,175.0,0.75
2024-02-07 22:00:00,17.8,8.2,170.0,
2024-02-07 23:00:00,17.2,6.7,160.0,
2024-02-08 00:00:00,16.7,4.1,170.0,
2024-02-08 01:00:00,16.1,4.6,150.0,
2024-02-08 02:00:00,16.1,5.7,180.0,
2024-02-08 03:00:00,16.1,6.7,170.0,1.0
2024-02-08 04:00:00,16.7,5.1,190.0,
2024-02-08 05:00:00,16.4,5.15,459.6666666666667,
2024-02-08 06:00:00,16.7,6.533333333333334,176.66666666666666,1.0
2024-02-08 07:00:00,16.1,6.2,190.0,
2024-02-08 08:00:00,16.1,6.7,180.0,
2024-02-08 09:00:00,15.850000000000001,6.45,185.0,0.625
2024-02-08 10:00:00,15.6,6.2,190.0,0.25
2024-02-08 11:00:00,15.0,5.7,200.0,0.0
2024-02-08 12:00:00,14.7,5.95,200.0,0.25
2024-02-08 13:00:00,14.4,6.2,200.0,0.25
2024-02-08 14:00:00,15.6,5.7,200.0,
2024-02-08 15:00:00,16.4,5.7,210.0,0.75
2024-02-08 16:00:00,19.4,7.2,230.0,
2024-02-08 17:00:00,20.6,6.2,240.0,
2024-02-08 18:00:00,20.3,5.4,240.0,0.75
2024-02-08 19:00:00,20.6,4.6,260.0,
2024-02-08 20:00:00,20.0,5.1,220.0,
2024-02-08 21:00:00,20.0,5.1,215.0,0.75
2024-02-08 22:00:00,19.4,4.1,200.0,
2024-02-08 23:00:00,16.7,3.1,200.0,
2024-02-09 00:00:00,16.7,3.5999999999999996,200.0,0.75
2024-02-09 01:00:00,15.6,3.1,180.0,
2024-02-09 02:00:00,15.6,3.1,210.0,
2024-02-09 03:00:00,15.6,3.5999999999999996,210.0,0.75
2024-02-09 04:00:00,13.9,3.6,210.0,
2024-02-09 05:00:00,13.3,2.1,604.5,
2024-02-09 06:00:00,12.2,2.6,205.0,0.75
2024-02-09 07:00:00,11.1,2.6,190.0,
2024-02-09 08:00:00,11.7,2.1,200.0,
2024-02-09 09:00:00,11.7,1.05,599.5,1.0
2024-02-09 10:00:00,11.7,3.1,210.0,
2024-02-09 11:00:00,11.1,0.0,999.0,
2024-02-09 12:00:00,11.649999999999999,1.05,554.5,1.0
2024-02-09 13:00:00,12.8,1.5,160.0,
2024-02-09 14:00:00,14.4,1.5,150.0,
2024-02-09 15:00:00,15.55,2.55,160.0,0.75
2024-02-09 16:00:00,19.4,6.7,200.0,
2024-02-09 17:00:00,21.1,5.7,190.0,
2024-02-09 18:00:00,21.65,6.45,200.0,1.0
2024-02-09 19:00:00,21.7,6.2,230.0,
2024-02-09 20:00:00,22.8,6.2,250.0,
2024-02-09 21:00:00,22.5,5.4,245.0,1.0
2024-02-09 22:00:00,21.7,5.1,280.0,
2024-02-09 23:00:00,20.6,3.6,300.0,
2024-02-10 00:00:00,19.75,2.55,310.0,1.0
2024-02-10 01:00:00,18.3,2.6,310.0,
2024-02-10 02:00:00,16.1,0.0,999.0,
2024-02-10 03:00:00,16.4,0.0,999.0,1.0
2024-02-10 04:00:00,17.2,0.0,999.0,
2024-02-10 05:00:00,15.0,0.0,999.0,
2024-02-10 06:00:00,14.7,0.75,659.5,1.0
2024-02-10 07:00:00,14.4,1.5,350.0,
2024-02-10 08:00:00,13.3,2.1,360.0,
2024-02-10 09:00:00,13.3,2.35,210.0,0.75
2024-02-10 10:00:00,13.05,1.05,554.5,
2024-02-10 11:00:00,13.600000000000001,0.0,999.0,
2024-02-10 12:00:00,13.05,1.55,579.5,1.0
2024-02-10 13:00:00,12.2,2.6,60.0,
2024-02-10 14:00:00,12.2,2.1,80.0,
2024-02-10 15:00:00,12.2,1.8,85.0,1.0
2024-02-10 16:00:00,11.7,3.6,60.0,
2024-02-10 17:00:00,11.7,4.1,70.0,
2024-02-10 18:00:00,11.95,4.1,80.0,1.0
2024-02-10 19:00:00,13.3,3.6,100.0,
2024-02-10 20:00:00,13.3,3.1,100.0,
2024-02-10 21:00:00,13.600000000000001,3.5999999999999996,95.0,1.0
2024-02-10 22:00:00,13.9,3.1,90.0,
2024-02-10 23:00:00,13.3,2.6,90.0,
2024-02-11 00:00:00,13.05,2.6,75.0,1.0
2024-02-11 01:00:00,12.5,3.3499999999999996,60.0,
2024-02-11 02:00:00,12.2,4.1,65.0,
2024-02-11 03:00:00,12.2,3.5999999999999996,50.0,1.0
2024-02-11 04:00:00,12.2,3.1,70.0,
2024-02-11 05:00:00,11.7,5.4,376.3333333333333,
2024-02-11 06:00:00,11.7,5.15,55.0,1.0
2024-02-11 07:00:00,11.1,4.6,45.0,
2024-02-11 08:00:00,11.1,3.933333333333333,43.333333333333336,
2024-02-11 09:00:00,11.066666666666668,5.133333333333333,33.333333333333336,1.0
2024-02-11 10:00:00,11.066666666666668,4.133333333333334,23.333333333333332,
2024-02-11 11:00:00,9.7,8.34,272.0,
2024-02-11 12:00:00,8.600000000000001,8.35,185.0,1.0
2024-02-11 13:00:00,7.8,6.2,10.0,
2024-02-11 14:00:00,7.8,9.8,350.0,
2024-02-11 15:00:00,7.8,8.5,180.0,1.0
2024-02-11 16:00:00,7.8,6.7,185.0,
2024-02-11 17:00:00,7.975,5.925,182.5,
2024-02-11 18:00:00,8.3,6.2,175.0,1.0
2024-02-11 19:00:00,8.3,5.1,360.0,
2024-02-11 20:00:00,8.3,6.2,350.0,
2024-02-11 21:00:00,8.3,5.95,345.0,1.0
2024-02-11 22:00:00,8.3,6.7,340.0,
2024-02-11 23:00:00,7.2,7.866666666666666,316.6666666666667,
2024-02-12 00:00:00,6.95,7.949999999999999,310.0,1.0
2024-02-12 01:00:00,6.4,7.7,315.0,
2024-02-12 02:00:00,6.1,7.45,320.0,
2024-02-12 03:00:00,5.766666666666666,7.2,330.0,1.0
2024-02-12 04:00:00,5.15,7.824999999999999,325.0,
2024-02-12 05:00:00,4.7,6.7,543.0,
2024-02-12 06:00:00,4.15,7.45,315.0,1.0
2024-02-12 07:00:00,3.95,6.95,310.0,
2024-02-12 08:00:00,3.9,8.2,310.0,
2024-02-12 09:00:00,3.9,8.2,310.0,1.0
2024-02-12 10:00:00,3.9,6.7,310.0,
2024-02-12 11:00:00,4.4,8.8,310.0,
2024-02-12 12:00:00,4.4,8.25,310.0,1.0
2024-02-12 13:00:00,4.4,10.3,310.0,
2024-02-12 14:00:00,5.6,8.8,310.0,
2024-02-12 15:00:00,6.3,8.966666666666667,310.0,0.5
2024-02-12 16:00:00,8.9,9.3,310.0,0.25
2024-02-12 17:00:00,10.6,8.8,330.0,0.25
2024-02-12 18:00:00,11.149999999999999,8.5,330.0,0.25
2024-02-12 19:00:00,12.2,7.7,320.0,0.25
2024-02-12 20:00:00,12.8,7.7,320.0,0.25
2024-02-12 21:00:00,13.05,7.7,325.0,0.25
2024-02-12 22:00:00,12.8,6.2,320.0,0.25
2024-02-12 23:00:00,11.7,4.6,330.0,0.0
2024-02-13 00:00:00,10.85,4.35,320.0,0.0
2024-02-13 01:00:00,10.0,4.6,320.0,0.0
2024-02-13 02:00:00,8.3,4.6,320.0,0.0
2024-02-13 03:00:00,8.3,4.1,320.0,0.0
2024-02-13 04:00:00,7.8,3.1,300.0,0.0
2024-02-13 05:00:00,6.1,3.1,659.5,0.0
2024-02-13 06:00:00,5.55,2.85,335.0,0.0
2024-02-13 07:00:00,4.4,2.1,150.0,0.0
2024-02-13 08:00:00,2.8,2.6,220.0,0.0
2024-02-13 09:00:00,3.3499999999999996,2.85,235.0,0.0
2024-02-13 10:00:00,2.8,2.1,250.0,0.0
2024-02-13 11:00:00,2.8,2.1,240.0,0.0
2024-02-13 12:00:00,2.25,2.1,220.0,0.0
2024-02-13 13:00:00,2.8,2.1,200.0,0.0
2024-02-13 14:00:00,6.7,1.5,210.0,0.0
2024-02-13 15:00:00,7.800000000000001,2.05,200.0,0.0
2024-02-13 16:00:00,11.7,3.6,170.0,0.25
2024-02-13 17:00:00,13.9,4.6,190.0,0.0
2024-02-13 18:00:00,14.75,4.1,195.0,0.0
2024-02-13 19:00:00,16.1,4.1,200.0,0.0
2024-02-13 20:00:00,16.7,4.6,180.0,0.0
2024-02-13 21:00:00,16.7,4.35,180.0,0.0
2024-02-13 22:00:00,16.7,5.1,160.0,0.25
2024-02-13 23:00:00,15.0,4.1,160.0,0.25
2024-02-14 00:00:00,13.9,3.3499999999999996,150.0,0.375
2024-02-14 01:00:00,11.7,3.6,140.0,0.5
2024-02-14 02:00:00,11.1,3.1,150.0,0.5
2024-02-14 03:00:00,11.1,3.5999999999999996,155.0,0.5
2024-02-14 04:00:00,10.0,3.1,160.0,
2024-02-14 05:00:00,9.4,2.6,579.5,0.5
2024-02-14 06:00:00,9.7,2.85,160.0,0.375
2024-02-14 07:00:00,9.4,2.1,170.0,0.0
2024-02-14 08:00:00,8.9,5.1,180.0,0.0
2024-02-14 09:00:00,8.600000000000001,4.35,180.0,0.0
2024-02-14 10:00:00,7.8,3.1,180.0,0.0
2024-02-14 11:00:00,7.2,3.6,180.0,0.0
2024-02-14 12:00:00,7.5,3.6,175.0,0.25
2024-02-14 13:00:00,6.1,2.6,150.0,0.25
2024-02-14 14:00:00,10.0,3.6,160.0,0.25
2024-02-14 15:00:00,11.65,4.35,175.0,0.25
2024-02-14 16:00:00,15.6,7.2,180.0,0.25
2024-02-14 17:00:00,17.8,7.2,180.0,0.25
2024-02-14 18:00:00,18.35,6.45,180.0,0.25
2024-02-14 19:00:00,18.9,8.2,160.0,0.25
2024-02-14 20:00:00,20.0,9.3,180.0,0.25
2024-02-14 21:00:00,19.45,8.5,170.0,0.25
2024-02-14 22:00:00,18.9,8.2,180.0,0.25
2024-02-14 23:00:00,17.8,6.7,180.0,0.5
2024-02-15 00:00:00,17.25,6.45,175.0,0.5
2024-02-15 01:00:00,15.6,6.2,170.0,0.25
2024-02-15 02:00:00,15.0,6.2,170.0,0.25
2024-02-15 03:00:00,14.7,6.2,180.0,0.25
2024-02-15 04:00:00,13.3,6.2,190.0,0.25
2024-02-15 05:00:00,13.3,6.2,594.5,
2024-02-15 06:00:00,12.75,4.4,180.0,0.75
2024-02-15 07:00:00,11.7,0.0,999.0,0.5
2024-02-15 08:00:00,10.0,2.1,160.0,0.5
2024-02-15 09:00:00,10.0,2.35,165.0,0.5
2024-02-15 10:00:00,10.6,3.1,170.0,0.5
2024-02-15 11:00:00,10.0,3.6,180.0,
2024-02-15 12:00:00,10.0,3.35,185.0,0.75
2024-02-15 13:00:00,10.0,1.5,140.0,
2024-02-15 14:00:00,12.2,1.5,170.0,
2024-02-15 15:00:00,13.3,2.55,175.0,0.75
2024-02-15 16:00:00,17.2,2.6,250.0,
2024-02-15 17:00:00,18.3,2.1,300.0,
2024-02-15 18:00:00,18.85,1.05,649.5,0.75
2024-02-15 19:00:00,19.4,1.5,150.0,
2024-02-15 20:00:00,20.6,2.6,190.0,
2024-02-15 21:00:00,21.1,4.1,180.0,
2024-02-15 22:00:00,20.6,5.1,190.0,
2024-02-15 23:00:00,19.4,3.6,180.0,
2024-02-16 00:00:00,18.6,3.6,170.0,1.0
2024-02-16 01:00:00,17.2,4.1,160.0,
2024-02-16 02:00:00,17.2,5.1,170.0,
2024-02-16 03:00:00,16.65,4.35,175.0,1.0
2024-02-16 04:00:00,16.7,5.7,190.0,
2024-02-16 05:00:00,15.6,4.1,589.5,
2024-02-16 06:00:00,15.6,4.1,185.0,1.0
2024-02-16 07:00:00,15.6,4.1,180.0,
2024-02-16 08:00:00,15.6,4.1,180.0,
2024-02-16 09:00:00,15.3,4.1,175.0,1.0
2024-02-16 10:00:00,15.6,5.7,190.0,
2024-02-16 11:00:00,15.6,4.1,180.0,
2024-02-16 12:00:00,15.6,5.15,185.0,1.0
2024-02-16 13:00:00,16.1,7.2,200.0,
2024-02-16 14:00:00,16.7,5.1,200.0,
2024-02-16 15:00:00,17.5,6.15,210.0,1.0
2024-02-16 16:00:00,20.0,7.2,230.0,
2024-02-16 17:00:00,21.7,8.8,280.0,
2024-02-16 18:00:00,20.03333333333333,9.8,313.3333333333333,1.0
2024-02-16 19:00:00,18.9,8.8,330.0,
2024-02-16 20:00:00,16.1,9.8,330.0,
2024-02-16 21:00:00,15.55,9.8,345.0,1.0
2024-02-16 22:00:00,15.0,9.3,350.0,
2024-02-16 23:00:00,12.8,10.3,350.0,
2024-02-17 00:00:00,12.25,9.25,185.0,1.0
2024-02-17 01:00:00,11.1,8.8,10.0,
2024-02-17 02:00:00,10.0,12.4,360.0,
2024-02-17 03:00:00,8.9,11.350000000000001,360.0,1.0
2024-02-17 04:00:00,6.1,11.3,20.0,
2024-02-17 05:00:00,5.0,9.3,514.5,
2024-02-17 06:00:00,4.7,9.05,20.0,1.0
2024-02-17 07:00:00,3.3,9.3,10.0,
2024-02-17 08:00:00,2.8,10.8,10.0,
2024-02-17 09:00:00,2.8,9.5,10.0,1.0
2024-02-17 10:00:00,2.533333333333333,9.1,13.333333333333334,
2024-02-17 11:00:00,1.7,9.8,20.0,
2024-02-17 12:00:00,1.4,7.45,25.0,0.75
2024-02-17 13:00:00,1.1,7.949999999999999,25.0,
2024-02-17 14:00:00,1.9666666666666668,9.766666666666667,23.333333333333332,
2024-02-17 15:00:00,2.75,9.3,15.0,0.625
2024-02-17 16:00:00,3.9,7.2,360.0,
2024-02-17 17:00:00,5.0,8.2,30.0,
2024-02-17 18:00:00,5.3,8.2,25.0,0.75
2024-02-17 19:00:00,6.1,8.2,10.0,
2024-02-17 20:00:00,6.7,9.3,350.0,
2024-02-17 21:00:00,6.4,8.75,180.0,1.0
2024-02-17 22:00:00,5.6,7.2,360.0,
2024-02-17 23:00:00,5.6,6.7,360.0,
2024-02-18 00:00:00,5.0,6.45,350.0,0.75
2024-02-18 01:00:00,3.9,5.7,340.0,
2024-02-18 02:00:00,3.3,7.2,340.0,
2024-02-18 03:00:00,3.05,7.45,345.0,1.0
2024-02-18 04:00:00,2.2,7.2,350.0,
2024-02-18 05:00:00,1.7,5.1,674.5,
2024-02-18 06:00:00,1.4,5.65,350.0,0.75
2024-02-18 07:00:00,0.0,5.1,340.0,0.25
2024-02-18 08:00:00,-0.6,4.1,330.0,0.0
2024-02-18 09:00:00,-0.8500000000000001,3.8499999999999996,335.0,0.0
2024-02-18 10:00:00,-1.7,2.6,350.0,0.0
2024-02-18 11:00:00,-1.1,1.5,360.0,0.0
2024-02-18 12:00:00,-1.4,1.8,315.0,0.0
2024-02-18 13:00:00,0.6,1.5,250.0,0.0
2024-02-18 14:00:00,2.2,2.6,270.0,0.0
2024-02-18 15:00:00,3.3000000000000003,2.6,275.0,0.0
2024-02-18 16:00:00,6.7,3.1,280.0,0.0
2024-02-18 17:00:00,7.8,1.5,190.0,0.0
2024-02-18 18:00:00,8.6,1.8,250.0,0.0
2024-02-18 19:00:00,10.0,1.5,270.0,0.0
2024-02-18 20:00:00,11.1,1.5,999.0,0.0
2024-02-18 21:00:00,11.399999999999999,0.75,999.0,0.0
2024-02-18 22:00:00,11.1,2.1,200.0,0.0
2024-02-18 23:00:00,10.6,2.6,190.0,0.25
2024-02-19 00:00:00,9.75,2.35,180.0,0.25
2024-02-19 01:00:00,7.8,3.1,160.0,0.25
2024-02-19 02:00:00,5.6,3.1,150.0,0.25
2024-02-19 03:00:00,5.85,3.35,165.0,0.25
2024-02-19 04:00:00,5.0,3.6,190.0,0.25
2024-02-19 05:00:00,5.0,3.6,594.5,0.5
2024-02-19 06:00:00,4.45,2.55,170.0,0.5
2024-02-19 07:00:00,4.4,2.6,180.0,0.5
2024-02-19 08:00:00,3.9,2.6,190.0,0.25
2024-02-19 09:00:00,3.3499999999999996,3.3499999999999996,185.0,0.25
2024-02-19 10:00:00,3.3,2.6,150.0,0.25
2024-02-19 11:00:00,2.8,3.1,150.0,0.25
2024-02-19 12:00:00,3.05,3.35,165.0,0.25
2024-02-19 13:00:00,5.0,3.1,190.0,0.25
2024-02-19 14:00:00,8.3,8.2,180.0,0.25
2024-02-19 15:00:00,9.7,8.75,185.0,0.25
2024-02-19 16:00:00,13.3,9.8,190.0,0.25
2024-02-19 17:00:00,16.1,7.7,180.0,0.25
2024-02-19 18:00:00,16.65,7.7,185.0,0.25
2024-02-19 19:00:00,18.3,6.95,200.0,0.25
2024-02-19 20:00:00,19.4,6.7,200.0,0.25
2024-02-19 21:00:00,19.7,7.449999999999999,210.0,0.25
2024-02-19 22:00:00,20.0,5.1,200.0,0.0
2024-02-19 23:00:00,18.9,6.2,190.0,0.25
2024-02-20 00:00:00,17.799999999999997,5.65,180.0,0.25
2024-02-20 01:00:00,15.0,3.6,160.0,0.25
2024-02-20 02:00:00,12.8,2.6,190.0,0.25
2024-02-20 03:00:00,12.8,3.5999999999999996,195.0,0.125
2024-02-20 04:00:00,12.8,5.1,210.0,0.0
2024-02-20 05:00:00,9.4,2.6,604.5,0.0
2024-02-20 06:00:00,8.850000000000001,2.6,210.0,0.0
2024-02-20 07:00:00,8.9,3.1,190.0,0.0
2024-02-20 08:00:00,7.8,2.1,190.0,0.0
2024-02-20 09:00:00,7.8,2.1,200.0,0.0
2024-02-20 10:00:00,7.2,0.0,999.0,0.25
2024-02-20 11:00:00,7.2,0.0,999.0,0.25
2024-02-20 12:00:00,6.65,0.0,999.0,0.25
2024-02-20 13:00:00,8.3,0.0,999.0,0.25
2024-02-20 14:00:00,11.7,2.1,150.0,0.5
2024-02-20 15:00:00,13.35,2.6,155.0,0.5
2024-02-20 16:00:00,17.8,3.1,180.0,
2024-02-20 17:00:00,20.6,3.6,150.0,
2024-02-20 18:00:00,21.950000000000003,3.35,160.0,0.625
2024-02-20 19:00:00,26.1,6.2,170.0,0.25
2024-02-20 20:00:00,26.7,9.3,180.0,0.5
2024-02-20 21:00:00,26.95,8.25,180.0,0.5
2024-02-20 22:00:00,25.6,7.7,180.0,
2024-02-20 23:00:00,24.4,6.7,180.0,
2024-02-21 00:00:00,23.299999999999997,6.2,175.0,0.75
2024-02-21 01:00:00,21.7,6.2,170.0,
2024-02-21 02:00:00,20.6,4.6,170.0,
2024-02-21 03:00:00,20.0,5.65,175.0,0.625
2024-02-21 04:00:00,18.3,6.2,190.0,0.5
2024-02-21 05:00:00,17.8,5.1,594.5,0.25
2024-02-21 06:00:00,17.8,6.4,190.0,0.25
2024-02-21 07:00:00,17.2,7.2,200.0,0.25
2024-02-21 08:00:00,15.6,5.1,190.0,0.0
2024-02-21 09:00:00,15.0,4.85,190.0,0.0
2024-02-21 10:00:00,13.3,3.6,180.0,0.25
2024-02-21 11:00:00,13.9,4.1,170.0,0.5
2024-02-21 12:00:00,13.9,4.9,180.0,0.5
2024-02-21 13:00:00,14.6,6.7,190.0,0.5
2024-02-21 14:00:00,17.2,9.8,190.0,0.5
2024-02-21 15:00:00,18.299999999999997,9.55,185.0,0.375
2024-02-21 16:00:00,21.1,8.2,190.0,0.25
2024-02-21 17:00:00,23.3,8.2,190.0,0.0
2024-02-21 18:00:00,24.15,8.5,185.0,0.25
2024-02-21 19:00:00,26.1,7.7,180.0,0.25
2024-02-21 20:00:00,26.7,10.3,200.0,0.25
2024-02-21 21:00:00,26.7,9.8,190.0,0.375
2024-02-21 22:00:00,25.6,9.3,180.0,
2024-02-21 23:00:00,23.9,8.8,170.0,
2024-02-22 00:00:00,23.35,8.8,170.0,0.75
2024-02-22 01:00:00,21.7,8.8,180.0,
2024-02-22 02:00:00,21.1,8.2,180.0,0.5
2024-02-22 03:00:00,20.85,9.25,185.0,0.5
2024-02-22 04:00:00,19.4,9.3,190.0,
2024-02-22 05:00:00,18.3,9.3,589.5,0.5
2024-02-22 06:00:00,18.5,9.633333333333335,186.66666666666666,0.5
2024-02-22 07:00:00,19.4,9.3,200.0,
2024-02-22 08:00:00,18.65,8.2,195.0,0.5
2024-02-22 09:00:00,18.05,7.949999999999999,195.0,0.5
2024-02-22 10:00:00,17.2,6.7,190.0,0.25
2024-02-22 11:00:00,16.7,6.2,200.0,0.5
2024-02-22 12:00:00,16.7,4.65,205.0,0.375
2024-02-22 13:00:00,17.2,5.7,210.0,0.25
2024-02-22 14:00:00,18.9,6.7,220.0,0.25
2024-02-22 15:00:00,20.549999999999997,5.65,245.0,0.125
2024-02-22 16:00:00,23.9,4.1,300.0,0.0
2024-02-22 17:00:00,25.6,4.1,280.0,0.0
2024-02-22 18:00:00,26.15,4.6,290.0,0.0
2024-02-22 19:00:00,27.2,6.2,300.0,0.0
2024-02-22 20:00:00,27.2,8.8,300.0,0.0
2024-02-22 21:00:00,26.4,8.25,300.0,0.0
2024-02-22 22:00:00,24.4,8.2,300.0,0.0
2024-02-22 23:00:00,22.2,7.7,320.0,0.0
2024-02-23 00:00:00,21.65,6.15,315.0,0.0
2024-02-23 01:00:00,20.6,6.2,320.0,0.0
2024-02-23 02:00:00,18.9,5.7,320.0,0.0
2024-02-23 03:00:00,18.6,5.95,325.0,0.0
2024-02-23 04:00:00,17.8,5.7,330.0,0.0
2024-02-23 05:00:00,16.1,6.7,664.5,0.0
2024-02-23 06:00:00,15.850000000000001,6.2,330.0,0.0
2024-02-23 07:00:00,14.4,5.7,340.0,0.0
2024-02-23 08:00:00,14.4,6.2,350.0,0.0
2024-02-23 09:00:00,13.850000000000001,5.65,340.0,0.0
2024-02-23 10:00:00,11.7,4.1,330.0,0.0
2024-02-23 11:00:00,10.6,4.6,340.0,0.0
2024-02-23 12:00:00,10.6,4.35,330.0,0.25
2024-02-23 13:00:00,11.7,4.6,330.0,0.25
2024-02-23 14:00:00,13.9,5.1,350.0,0.25
2024-02-23 15:00:00,15.3,4.6,345.0,0.25
2024-02-23 16:00:00,18.9,4.6,340.0,0.25
2024-02-23 17:00:00,21.05,5.65,185.0,0.25
2024-02-23 18:00:00,21.65,5.65,175.0,0.25
2024-02-23 19:00:00,22.2,7.2,320.0,0.25
2024-02-23 20:00:00,22.2,7.2,320.0,0.25
2024-02-23 21:00:00,22.5,6.7,315.0,0.25
2024-02-23 22:00:00,22.2,6.7,320.0,0.25
2024-02-23 23:00:00,20.6,5.1,330.0,0.25
2024-02-24 00:00:00,19.450000000000003,5.1,330.0,0.375
2024-02-24 01:00:00,18.9,5.1,320.0,0.5
2024-02-24 02:00:00,17.8,4.6,300.0,0.5
2024-02-24 03:00:00,17.5,4.35,285.0,0.5
2024-02-24 04:00:00,15.6,4.6,260.0,0.5
2024-02-24 05:00:00,14.4,5.1,629.5,0.5
2024-02-24 06:00:00,14.15,4.1,270.0,0.375
2024-02-24 07:00:00,13.3,4.1,280.0,0.25
2024-02-24 08:00:00,13.3,3.1,300.0,0.25
2024-02-24 09:00:00,11.350000000000001,2.3,180.0,0.125
2024-02-24 10:00:00,9.4,0.0,999.0,0.0
2024-02-24 11:00:00,10.0,3.1,310.0,0.0
2024-02-24 12:00:00,9.15,3.1,275.0,0.0
2024-02-24 13:00:00,13.3,1.5,240.0,0.0
2024-02-24 14:00:00,15.6,0.0,999.0,0.0
2024-02-24 15:00:00,16.95,0.75,999.0,0.0
2024-02-24 16:00:00,20.0,1.5,999.0,0.0
2024-02-24 17:00:00,22.2,2.1,999.0,0.0
2024-02-24 18:00:00,22.75,3.9000000000000004,614.5,0.0
2024-02-24 19:00:00,24.4,6.2,260.0,0.0
2024-02-24 20:00:00,25.0,5.7,220.0,0.25
2024-02-24 21:00:00,25.0,6.2,215.0,0.25
2024-02-24 22:00:00,25.0,4.6,210.0,0.25
2024-02-24 23:00:00,23.9,6.2,190.0,0.25
2024-02-25 00:00:00,22.5,5.4,180.0,0.25
2024-02-25 01:00:00,20.6,5.7,170.0,0.25
2024-02-25 02:00:00,18.9,4.6,180.0,0.25
2024-02-25 03:00:00,18.049999999999997,4.85,185.0,0.25
2024-02-25 04:00:00,17.2,5.1,190.0,0.25
2024-02-25 05:00:00,17.2,5.7,589.5,0.25
2024-02-25 06:00:00,17.2,6.45,185.0,0.25
2024-02-25 07:00:00,17.2,8.2,200.0,0.0
2024-02-25 08:00:00,16.1,6.2,200.0,0.25
2024-02-25 09:00:00,15.55,6.7,200.0,0.25
2024-02-25 10:00:00,14.4,6.2,190.0,0.25
2024-02-25 11:00:00,13.9,6.7,200.0,0.25
2024-02-25 12:00:00,13.600000000000001,6.45,190.0,0.25
2024-02-25 13:00:00,13.9,6.7,190.0,0.25
2024-02-25 14:00:00,16.1,6.2,200.0,0.25
2024-02-25 15:00:00,17.75,7.199999999999999,200.0,0.25
2024-02-25 16:00:00,21.7,8.2,220.0,0.25
2024-02-25 17:00:00,23.3,7.7,200.0,0.25
2024-02-25 18:00:00,24.450000000000003,7.7,195.0,0.25
2024-02-25 19:00:00,27.8,8.2,190.0,0.25
2024-02-25 20:00:00,28.9,7.2,200.0,0.25
2024-02-25 21:00:00,29.15,7.45,200.0,0.25
2024-02-25 22:00:00,29.4,7.2,210.0,0.25
2024-02-25 23:00:00,27.8,5.7,200.0,0.25
2024-02-26 00:00:00,26.700000000000003,4.4,225.0,0.25
2024-02-26 01:00:00,22.8,3.6,200.0,0.25
2024-02-26 02:00:00,20.6,5.1,180.0,0.25
2024-02-26 03:00:00,20.3,4.6,180.0,0.375
2024-02-26 04:00:00,19.4,3.1,180.0,0.5
2024-02-26 05:00:00,20.0,4.6,584.5,0.5
2024-02-26 06:00:00,19.15,4.1,170.0,0.375
2024-02-26 07:00:00,16.7,3.6,170.0,0.25
2024-02-26 08:00:00,16.7,3.6,180.0,0.25
2024-02-26 09:00:00,16.15,3.6,175.0,0.25
2024-02-26 10:00:00,14.4,4.1,200.0,0.25
2024-02-26 11:00:00,14.4,4.6,220.0,0.25
2024-02-26 12:00:00,14.7,5.4,215.0,0.25
2024-02-26 13:00:00,16.7,6.7,220.0,0.25
2024-02-26 14:00:00,20.0,6.7,220.0,0.25
2024-02-26 15:00:00,22.2,6.2,215.0,0.25
2024-02-26 16:00:00,26.7,6.7,210.0,
2024-02-26 17:00:00,30.6,5.1,190.0,
2024-02-26 18:00:00,31.400000000000002,5.9,195.0,0.75
2024-02-26 19:00:00,33.9,6.2,210.0,
2024-02-26 20:00:00,33.3,6.2,180.0,
2024-02-26 21:00:00,32.75,6.95,175.0,0.75
2024-02-26 22:00:00,31.7,8.2,180.0,
2024-02-26 23:00:00,29.4,8.2,180.0,
2024-02-27 00:00:00,28.6,7.449999999999999,185.0,0.75
2024-02-27 01:00:00,26.7,10.8,190.0,
2024-02-27 02:00:00,25.0,8.8,190.0,
2024-02-27 03:00:00,24.45,8.8,195.0,0.75
2024-02-27 04:00:00,22.8,8.8,200.0,
2024-02-27 05:00:00,22.2,7.2,604.5,
2024-02-27 06:00:00,22.2,6.95,210.0,0.75
2024-02-27 07:00:00,21.7,6.7,210.0,
2024-02-27 08:00:00,21.1,6.2,200.0,
2024-02-27 09:00:00,20.85,6.2,195.0,0.75
2024-02-27 10:00:00,19.4,7.7,190.0,
2024-02-27 11:00:00,18.95,6.95,190.0,
2024-02-27 12:00:00,19.15,6.95,190.0,1.0
2024-02-27 13:00:00,19.7,7.2,190.0,
2024-02-27 14:00:00,20.3,7.699999999999999,190.0,
2024-02-27 15:00:00,20.76666666666667,7.366666666666667,186.66666666666666,1.0
2024-02-27 16:00:00,22.1,7.7,190.0,
2024-02-27 17:00:00,24.4,8.2,180.0,
2024-02-27 18:00:00,25.0,7.449999999999999,185.0,1.0
2024-02-27 19:00:00,25.6,8.2,180.0,
2024-02-27 20:00:00,25.0,6.2,170.0,
2024-02-27 21:00:00,24.7,6.7,175.0,1.0
2024-02-27 22:00:00,24.4,8.2,190.0,
2024-02-27 23:00:00,23.9,6.7,190.0,
2024-02-28 00:00:00,23.6,6.7,185.0,0.75
2024-02-28 01:00:00,22.8,6.7,200.0,
2024-02-28 02:00:00,22.8,7.7,210.0,
2024-02-28 03:00:00,22.8,6.95,210.0,0.75
2024-02-28 04:00:00,22.8,6.2,200.0,
2024-02-28 05:00:00,22.8,6.7,609.5,
2024-02-28 06:00:00,19.725,9.925,302.5,1.0
2024-02-28 07:00:00,13.649999999999999,12.850000000000001,340.0,
2024-02-28 08:00:00,9.4,12.9,340.0,
2024-02-28 09:00:00,8.6,11.350000000000001,345.0,1.0
2024-02-28 10:00:00,7.8,9.8,350.0,
2024-02-28 11:00:00,7.2,8.8,340.0,
2024-02-28 12:00:00,6.95,9.05,340.0,1.0
2024-02-28 13:00:00,4.4,11.3,350.0,
2024-02-28 14:00:00,4.4,11.3,350.0,
2024-02-28 15:00:00,5.0,11.3,355.0,1.0
2024-02-28 16:00:00,5.0,10.8,350.0,
2024-02-28 17:00:00,5.6,8.2,360.0,
2024-02-28 18:00:00,6.15,7.699999999999999,360.0,1.0
2024-02-28 19:00:00,7.8,6.7,10.0,
2024-02-28 20:00:00,8.3,8.8,20.0,
2024-02-28 21:00:00,8.3,6.7,30.0,
2024-02-28 22:00:00,7.2,7.2,30.0,
2024-02-28 23:00:00,7.2,5.1,10.0,
2024-02-29 00:00:00,6.95,4.85,20.0,1.0
2024-02-29 01:00:00,6.7,3.6,40.0,
2024-02-29 02:00:00,6.7,3.1,40.0,
2024-02-29 03:00:00,6.7,3.1,30.0,1.0
2024-02-29 04:00:00,6.1,2.1,50.0,
2024-02-29 05:00:00,6.1,2.6,509.5,
2024-02-29 06:00:00,6.1,3.1,30.0,1.0
2024-02-29 07:00:00,5.6,3.1,360.0,
2024-02-29 08:00:00,5.6,4.1,30.0,
2024-02-29 09:00:00,5.85,3.8499999999999996,20.0,1.0
2024-02-29 10:00:00,6.1,3.6,30.0,
2024-02-29 11:00:00,5.0,2.6,70.0,
2024-02-29 12:00:00,5.0,2.6,75.0,1.0
2024-02-29 13:00:00,5.0,4.1,30.0,
2024-02-29 14:00:00,5.6,3.6,70.0,
2024-02-29 15:00:00,6.15,3.1,60.0,1.0
2024-02-29 16:00:00,8.9,5.7,110.0,
2024-02-29 17:00:00,9.4,5.1,80.0,
2024-02-29 18:00:00,10.0,5.4,90.0,1.0
2024-02-29 19:00:00,11.1,5.1,80.0,
2024-02-29 20:00:00,11.7,4.6,90.0,
2024-02-29 21:00:00,10.85,2.3,544.5,1.0
2024-02-29 22:00:00,10.0,2.1,80.0,
2024-02-29 23:00:00,7.1,5.95,10.0,
2024-03-01 00:00:00,6.95,4.9,25.0,1.0
2024-03-01 01:00:00,7.2,2.1,50.0,
2024-03-01 02:00:00,7.2,3.1,80.0,
2024-03-01 03:00:00,7.2,3.8499999999999996,95.0,1.0
2024-03-01 04:00:00,6.7,2.6,90.0,
2024-03-01 05:00:00,6.7,3.1,702.6666666666666,
2024-03-01 06:00:00,6.4,3.35,130.0,1.0
2024-03-01 07:00:00,6.7,0.0,999.0,
2024-03-01 08:00:00,5.5,0.0,999.0,0.5
2024-03-01 09:00:00,5.0,0.0,999.0,0.5
2024-03-01 10:00:00,5.0,2.6,180.0,0.5
2024-03-01 11:00:00,5.0,2.6,180.0,0.5
2024-03-01 12:00:00,5.366666666666667,2.4333333333333336,170.0,0.5
2024-03-01 13:00:00,6.7,3.6,160.0,
2024-03-01 14:00:00,8.3,5.7,150.0,
2024-03-01 15:00:00,9.066666666666668,4.966666666666666,156.66666666666666,0.5833333333333334
2024-03-01 16:00:00,11.7,4.1,160.0,0.0
2024-03-01 17:00:00,13.9,4.1,150.0,0.0
2024-03-01 18:00:00,15.0,4.9,150.0,0.0
2024-03-01 19:00:00,17.8,4.6,170.0,0.0
2024-03-01 20:00:00,18.9,6.2,170.0,
2024-03-01 21:00:00,20.6,6.2,170.0,0.0
2024-03-01 22:00:00,20.0,5.1,180.0,0.0
2024-03-01 23:00:00,19.4,6.2,170.0,0.0
2024-03-02 00:00:00,18.5,4.8,163.33333333333334,0.25
2024-03-02 01:00:00,16.1,4.1,150.0,0.25
2024-03-02 02:00:00,15.6,5.1,170.0,0.0
2024-03-02 03:00:00,15.3,4.6,170.0,0.0
2024-03-02 04:00:00,13.9,4.1,160.0,0.0
2024-03-02 05:00:00,12.75,2.85,439.6666666666667,0.25
2024-03-02 06:00:00,12.2,2.6,150.0,0.125
2024-03-02 07:00:00,12.8,4.1,170.0,0.0
2024-03-02 08:00:00,12.8,5.1,180.0,0.0
2024-03-02 09:00:00,12.5,4.1,175.0,0.0
2024-03-02 10:00:00,11.7,4.1,170.0,0.0
2024-03-02 11:00:00,11.1,3.6,170.0,0.0
2024-03-02 12:00:00,10.85,3.8499999999999996,170.0,0.0
2024-03-02 13:00:00,11.7,4.1,170.0,0.0
2024-03-02 14:00:00,14.4,4.6,180.0,0.0
2024-03-02 15:00:00,16.35,4.1,175.0,0.25
2024-03-02 16:00:00,21.1,5.1,170.0,0.25
2024-03-02 17:00:00,23.9,5.7,170.0,0.25
2024-03-02 18:00:00,25.549999999999997,5.95,170.0,0.25
2024-03-02 19:00:00,27.2,8.2,190.0,
2024-03-02 20:00:00,28.3,10.3,190.0,0.5
2024-03-02 21:00:00,28.05,9.25,185.0,0.5
2024-03-02 22:00:00,26.7,9.8,170.0,
2024-03-02 23:00:00,25.0,8.2,160.0,
2024-03-03 00:00:00,24.15,7.699999999999999,165.0,0.75
2024-03-03 01:00:00,22.2,6.2,170.0,
2024-03-03 02:00:00,21.1,6.2,170.0,
2024-03-03 03:00:00,20.25,6.7,165.0,0.75
2024-03-03 04:00:00,18.9,6.7,170.0,0.5
2024-03-03 05:00:00,17.8,6.2,589.5,0.25
2024-03-03 06:00:00,17.8,7.366666666666667,180.0,0.25
2024-03-03 07:00:00,17.8,8.8,180.0,
2024-03-03 08:00:00,17.2,10.3,180.0,
2024-03-03 09:00:00,17.2,9.25,185.0,1.0
2024-03-03 10:00:00,16.7,6.7,180.0,
2024-03-03 11:00:00,17.1,8.8,190.0,
2024-03-03 12:00:00,17.2,7.25,185.0,1.0
2024-03-03 13:00:00,17.2,6.7,180.0,
2024-03-03 14:00:00,18.3,10.3,190.0,
2024-03-03 15:00:00,19.433333333333334,9.966666666666667,183.33333333333334,0.5
2024-03-03 16:00:00,21.7,7.7,180.0,0.25
2024-03-03 17:00:00,23.9,8.8,180.0,0.25
2024-03-03 18:00:00,24.75,7.75,180.0,0.25
2024-03-03 19:00:00,26.1,7.7,180.0,0.25
2024-03-03 20:00:00,27.2,8.8,180.0,0.5
2024-03-03 21:00:00,26.65,8.8,180.0,0.5
2024-03-03 22:00:00,26.1,8.8,180.0,
2024-03-03 23:00:00,23.9,6.7,160.0,
2024-03-04 00:00:00,23.6,6.2,155.0,0.75
2024-03-04 01:00:00,23.3,6.7,160.0,
2024-03-04 02:00:00,22.8,6.2,160.0,
2024-03-04 03:00:00,22.8,6.95,165.0,0.75
2024-03-04 04:00:00,22.2,7.7,180.0,
2024-03-04 05:00:00,21.1,6.7,589.5,
2024-03-04 06:00:00,20.85,6.95,180.0,0.75
2024-03-04 07:00:00,20.0,8.2,180.0,
2024-03-04 08:00:00,19.4,9.55,180.0,
2024-03-04 09:00:00,19.266666666666666,8.233333333333333,186.66666666666666,0.75
2024-03-04 10:00:00,20.0,7.7,180.0,
2024-03-04 11:00:00,19.4,5.1,175.0,
2024-03-04 12:00:00,19.4,5.4,180.0,1.0
2024-03-04 13:00:00,20.0,5.7,170.0,
2024-03-04 14:00:00,21.1,7.7,190.0,
2024-03-04 15:00:00,21.766666666666666,7.2,196.66666666666666,0.75
2024-03-04 16:00:00,24.4,7.7,200.0,
2024-03-04 17:00:00,25.0,7.449999999999999,205.0,0.5
2024-03-04 18:00:00,25.85,7.449999999999999,195.0,0.5
2024-03-04 19:00:00,26.7,4.1,180.0,
2024-03-04 20:00:00,28.3,6.2,180.0,
2024-03-04 21:00:00,28.3,6.45,200.0,0.75
2024-03-04 22:00:00,27.8,5.1,180.0,
2024-03-04 23:00:00,26.7,5.1,170.0,
2024-03-05 00:00:00,25.549999999999997,4.85,175.0,0.75
2024-03-05 01:00:00,24.4,4.1,170.0,
2024-03-05 02:00:00,22.8,2.6,170.0,
2024-03-05 03:00:00,22.25,2.05,160.0,0.75
2024-03-05 04:00:00,20.0,2.1,150.0,
2024-03-05 05:00:00,20.6,2.6,579.5,
2024-03-05 06:00:00,20.6,2.35,130.0,0.625
2024-03-05 07:00:00,18.3,1.5,40.0,0.25
2024-03-05 08:00:00,17.8,1.5,80.0,0.25
2024-03-05 09:00:00,17.5,2.3,210.0,0.25
2024-03-05 10:00:00,16.7,0.0,999.0,0.25
2024-03-05 11:00:00,15.0,0.0,999.0,0.25
2024-03-05 12:00:00,15.0,1.55,679.5,0.25
2024-03-05 13:00:00,18.3,2.6,330.0,0.25
2024-03-05 14:00:00,19.4,2.1,250.0,0.25
2024-03-05 15:00:00,20.25,2.85,290.0,0.25
2024-03-05 16:00:00,22.8,3.6,330.0,0.25
2024-03-05 17:00:00,24.4,3.6,360.0,0.25
2024-03-05 18:00:00,24.4,4.35,335.0,0.375
2024-03-05 19:00:00,26.1,4.6,340.0,0.5
2024-03-05 20:00:00,25.0,5.7,20.0,0.5
2024-03-05 21:00:00,25.3,4.15,20.0,0.5
2024-03-05 22:00:00,25.0,6.7,20.0,
2024-03-05 23:00:00,21.7,7.7,20.0,0.5
2024-03-06 00:00:00,20.85,6.4,190.0,0.5
2024-03-06 01:00:00,18.3,3.1,30.0,
2024-03-06 02:00:00,18.3,4.1,350.0,
2024-03-06 03:00:00,17.5,3.8499999999999996,180.0,0.75
2024-03-06 04:00:00,15.6,2.6,20.0,
2024-03-06 05:00:00,15.6,3.1,504.5,
2024-03-06 06:00:00,15.6,3.35,10.0,0.625
2024-03-06 07:00:00,15.0,4.6,360.0,0.5
2024-03-06 08:00:00,13.9,5.1,10.0,0.25
2024-03-06 09:00:00,13.600000000000001,5.1,10.0,0.25
2024-03-06 10:00:00,12.2,4.6,10.0,0.5
2024-03-06 11:00:00,11.7,3.6,10.0,0.25
2024-03-06 12:00:00,11.399999999999999,3.6,10.0,0.25
2024-03-06 13:00:00,12.8,3.6,10.0,0.25
2024-03-06 14:00:00,15.0,2.6,40.0,0.25
2024-03-06 15:00:00,15.85,1.3,519.5,0.375
2024-03-06 16:00:00,20.0,2.1,110.0,0.25
2024-03-06 17:00:00,21.1,2.6,80.0,0.25
2024-03-06 18:00:00,21.65,2.05,105.0,0.375
2024-03-06 19:00:00,23.9,4.1,140.0,0.5
2024-03-06 20:00:00,23.9,4.6,110.0,
2024-03-06 21:00:00,23.9,4.35,115.0,0.75
2024-03-06 22:00:00,23.9,4.6,140.0,
2024-03-06 23:00:00,23.3,3.1,160.0,
2024-03-07 00:00:00,22.5,2.85,150.0,0.75
2024-03-07 01:00:00,21.7,2.6,140.0,
2024-03-07 02:00:00,22.8,3.1,180.0,
2024-03-07 03:00:00,21.5,10.633333333333333,200.0,1.0
2024-03-07 04:00:00,18.3,5.1,170.0,
2024-03-07 05:00:00,19.4,6.7,574.5,
2024-03-07 06:00:00,19.15,5.65,170.0,1.0
2024-03-07 07:00:00,17.8,0.0,999.0,
2024-03-07 08:00:00,18.9,3.1,150.0,
2024-03-07 09:00:00,18.6,3.8499999999999996,250.0,1.0
2024-03-07 10:00:00,17.8,1.5,100.0,
2024-03-07 11:00:00,17.2,2.6,160.0,
2024-03-07 12:00:00,17.75,3.1,165.0,1.0
2024-03-07 13:00:00,18.3,3.6,160.0,
2024-03-07 14:00:00,17.8,1.5,220.0,
2024-03-07 15:00:00,17.925,3.475,172.5,1.0
2024-03-07 16:00:00,18.3,2.6,210.0,
2024-03-07 17:00:00,18.3,4.1,150.0,
2024-03-07 18:00:00,18.6,6.1499999999999995,150.0,1.0
2024-03-07 19:00:00,18.9,7.7,170.0,
2024-03-07 20:00:00,18.3,3.4333333333333336,70.0,
2024-03-07 21:00:00,16.2,5.775,25.0,
2024-03-07 22:00:00,15.200000000000001,6.533333333333334,116.66666666666667,
2024-03-07 23:00:00,15.200000000000001,7.033333333333334,23.333333333333332,
2024-03-08 00:00:00,14.9,5.6499999999999995,56.666666666666664,1.0
2024-03-08 01:00:00,15.2,2.18,327.8,
2024-03-08 02:00:00,16.433333333333334,4.766666666666667,146.66666666666666,
2024-03-08 03:00:00,16.775,6.175,130.0,1.0
2024-03-08 04:00:00,16.7,6.2,120.0,
2024-03-08 05:00:00,16.1,2.6,534.5,
2024-03-08 06:00:00,16.4,2.35,55.0,1.0
2024-03-08 07:00:00,16.7,1.5,30.0,
2024-03-08 08:00:00,16.05,2.1,75.0,
2024-03-08 09:00:00,16.4,1.8,80.0,1.0
2024-03-08 10:00:00,16.85,6.7,40.0,
2024-03-08 11:00:00,14.266666666666666,4.933333333333333,40.0,
2024-03-08 12:00:00,14.4,2.233333333333333,436.3333333333333,1.0
2024-03-08 13:00:00,14.55,4.5,165.0,
2024-03-08 14:00:00,14.4,3.6,90.0,
2024-03-08 15:00:00,15.200000000000001,5.833333333333333,263.3333333333333,0.75
2024-03-08 16:00:00,17.8,4.1,10.0,0.25
2024-03-08 17:00:00,20.0,2.6,999.0,0.5
2024-03-08 18:00:00,20.55,3.3499999999999996,519.5,0.5
2024-03-08 19:00:00,20.0,5.4,10.0,
2024-03-08 20:00:00,20.0,5.95,185.0,
2024-03-08 21:00:00,19.15,7.5,185.0,0.75
2024-03-08 22:00:00,17.25,8.5,335.0,
2024-03-08 23:00:00,15.850000000000001,9.05,340.0,
2024-03-09 00:00:00,12.799999999999999,9.633333333333335,336.6666666666667,1.0
2024-03-09 01:00:00,10.6,9.55,335.0,
2024-03-09 02:00:00,8.9,10.3,330.0,
2024-03-09 03:00:00,8.600000000000001,9.55,335.0,1.0
2024-03-09 04:00:00,7.5,9.8,330.0,
2024-03-09 05:00:00,6.1,8.8,669.5,
2024-03-09 06:00:00,6.1,9.55,345.0,1.0
2024-03-09 07:00:00,6.1,7.949999999999999,335.0,
2024-03-09 08:00:00,6.1,9.8,340.0,
2024-03-09 09:00:00,6.1,8.75,335.0,1.0
2024-03-09 10:00:00,6.1,8.8,340.0,
2024-03-09 11:00:00,6.1,8.2,340.0,
2024-03-09 12:00:00,6.1,8.2,340.0,1.0
2024-03-09 13:00:00,6.7,7.2,350.0,
2024-03-09 14:00:00,7.2,7.2,350.0,
2024-03-09 15:00:00,8.366666666666667,7.033333333333334,340.0,0.5
2024-03-09 16:00:00,10.6,6.2,330.0,0.25
2024-03-09 17:00:00,11.7,6.2,350.0,0.25
2024-03-09 18:00:00,12.5,5.95,345.0,0.25
2024-03-09 19:00:00,14.4,6.7,340.0,0.25
2024-03-09 20:00:00,15.6,8.2,360.0,0.25
2024-03-09 21:00:00,15.6,7.199999999999999,340.0,0.25
2024-03-09 22:00:00,15.0,5.1,320.0,0.25
2024-03-09 23:00:00,14.4,6.7,340.0,0.25
2024-03-10 00:00:00,13.600000000000001,5.65,335.0,0.25
2024-03-10 01:00:00,12.8,3.6,330.0,0.0
2024-03-10 02:00:00,11.7,3.6,330.0,0.0
2024-03-10 03:00:00,11.149999999999999,3.8499999999999996,335.0,0.0
2024-03-10 04:00:00,10.0,3.6,320.0,0.0
2024-03-10 05:00:00,7.8,3.1,664.5,0.0
2024-03-10 06:00:00,7.8,3.1,330.0,0.0
2024-03-10 07:00:00,6.7,3.6,330.0,0.25
2024-03-10 08:00:00,6.7,3.6,320.0,0.5
2024-03-10 09:00:00,6.7,2.55,305.0,0.375
2024-03-10 10:00:00,5.0,1.5,340.0,0.25
2024-03-10 11:00:00,5.0,0.0,999.0,0.5
2024-03-10 12:00:00,5.0,0.75,674.5,0.5
2024-03-10 13:00:00,6.1,0.0,999.0,
2024-03-10 14:00:00,8.9,2.1,230.0,
2024-03-10 15:00:00,10.3,2.35,210.0,0.625
2024-03-10 16:00:00,13.3,2.1,150.0,
2024-03-10 17:00:00,15.0,0.0,999.0,
2024-03-10 18:00:00,15.55,0.0,999.0,0.75
2024-03-10 19:00:00,16.1,0.0,999.0,
2024-03-10 20:00:00,17.8,0.0,999.0,
2024-03-10 21:00:00,17.8,0.75,529.5,0.75
2024-03-10 22:00:00,17.8,0.0,999.0,
2024-03-10 23:00:00,16.7,0.0,999.0,
2024-03-11 00:00:00,16.15,0.0,999.0,0.75
2024-03-11 01:00:00,12.8,3.1,160.0,
2024-03-11 02:00:00,12.8,3.1,160.0,
2024-03-11 03:00:00,12.5,3.1,165.0,1.0
2024-03-11 04:00:00,11.1,2.1,180.0,0.5
2024-03-11 05:00:00,10.0,0.0,999.0,0.5
2024-03-11 06:00:00,10.0,0.0,999.0,0.5
2024-03-11 07:00:00,8.9,2.1,120.0,
2024-03-11 08:00:00,10.0,1.5,110.0,
2024-03-11 09:00:00,9.45,1.5,150.0,0.75
2024-03-11 10:00:00,10.0,0.0,999.0,
2024-03-11 11:00:00,10.0,1.5,130.0,
2024-03-11 12:00:00,10.55,2.55,150.0,1.0
2024-03-11 13:00:00,10.6,5.1,150.0,
2024-03-11 14:00:00,12.8,3.6,140.0,
2024-03-11 15:00:00,13.350000000000001,3.6,140.0,1.0
2024-03-11 16:00:00,15.6,4.1,160.0,
2024-03-11 17:00:00,17.2,5.1,160.0,
2024-03-11 18:00:00,18.299999999999997,5.4,175.0,1.0
2024-03-11 19:00:00,20.0,5.7,180.0,0.25
2024-03-11 20:00:00,20.6,6.2,170.0,0.25
2024-03-11 21:00:00,20.85,6.2,185.0,0.375
2024-03-11 22:00:00,20.6,6.7,200.0,
2024-03-11 23:00:00,20.0,6.7,190.0,
2024-03-12 00:00:00,18.9,5.4,180.0,0.75
2024-03-12 01:00:00,15.6,3.6,150.0,
2024-03-12 02:00:00,15.0,3.1,160.0,
2024-03-12 03:00:00,14.7,3.35,160.0,0.75
2024-03-12 04:00:00,13.3,2.6,160.0,0.5
2024-03-12 05:00:00,12.8,3.1,579.5,0.5
2024-03-12 06:00:00,13.350000000000001,3.35,160.0,0.5
2024-03-12 07:00:00,13.3,2.6,180.0,0.5
2024-03-12 08:00:00,13.3,4.1,170.0,
2024-03-12 09:00:00,13.3,4.1,170.0,0.75
2024-03-12 10:00:00,13.3,3.6,180.0,
2024-03-12 11:00:00,13.3,5.1,180.0,
2024-03-12 12:00:00,13.700000000000001,6.166666666666667,190.0,0.75
2024-03-12 13:00:00,15.6,5.1,200.0,
2024-03-12 14:00:00,16.3,5.133333333333333,180.0,
2024-03-12 15:00:00,18.049999999999997,6.4,180.0,0.75
2024-03-12 16:00:00,20.6,10.3,190.0,
2024-03-12 17:00:00,20.6,7.199999999999999,190.0,
2024-03-12 18:00:00,21.133333333333336,7.033333333333332,190.0,0.75
2024-03-12 19:00:00,21.7,8.2,170.0,
2024-03-12 20:00:00,23.3,9.3,180.0,
2024-03-12 21:00:00,22.8,8.8,180.0,
2024-03-12 22:00:00,23.3,6.2,180.0,
2024-03-12 23:00:00,22.8,6.2,180.0,
2024-03-13 00:00:00,22.25,6.45,175.0,0.625
2024-03-13 01:00:00,21.1,6.2,170.0,0.5
2024-03-13 02:00:00,20.6,4.6,160.0,0.5
2024-03-13 03:00:00,20.6,5.4,165.0,0.5
2024-03-13 04:00:00,20.0,7.2,180.0,0.5
2024-03-13 05:00:00,19.4,5.7,589.5,0.5
2024-03-13 06:00:00,19.15,5.7,185.0,0.5
2024-03-13 07:00:00,18.3,5.1,170.0,0.25
2024-03-13 08:00:00,18.3,8.2,190.0,0.25
2024-03-13 09:00:00,18.05,7.949999999999999,190.0,0.25
2024-03-13 10:00:00,17.2,6.2,170.0,0.5
2024-03-13 11:00:00,17.8,5.4,175.0,
2024-03-13 12:00:00,17.8,4.85,170.0,1.0
2024-03-13 13:00:00,18.3,6.7,180.0,
2024-03-13 14:00:00,20.0,6.7,180.0,
2024-03-13 15:00:00,21.1,7.449999999999999,185.0,1.0
2024-03-13 16:00:00,23.6,9.55,195.0,0.5
2024-03-13 17:00:00,25.0,8.8,180.0,0.5
2024-03-13 18:00:00,25.55,9.3,185.0,0.5
2024-03-13 19:00:00,26.1,8.8,170.0,0.5
2024-03-13 20:00:00,26.1,9.8,170.0,0.5
2024-03-13 21:00:00,26.1,9.55,170.0,0.5
2024-03-13 22:00:00,25.6,7.7,170.0,0.5
2024-03-13 23:00:00,24.4,7.2,170.0,
2024-03-14 00:00:00,24.15,6.95,165.0,0.625
2024-03-14 01:00:00,23.3,6.7,160.0,0.5
2024-03-14 02:00:00,22.8,5.7,160.0,0.5
2024-03-14 03:00:00,22.8,7.5,165.0,0.375
2024-03-14 04:00:00,22.8,8.2,170.0,0.25
2024-03-14 05:00:00,22.2,9.3,584.5,
2024-03-14 06:00:00,22.2,9.05,175.0,0.75
2024-03-14 07:00:00,22.2,9.3,180.0,
2024-03-14 08:00:00,22.2,8.2,180.0,
2024-03-14 09:00:00,22.2,6.7,170.0,
2024-03-14 10:00:00,22.2,5.7,170.0,
2024-03-14 11:00:00,22.2,4.85,170.0,
2024-03-14 12:00:00,22.2,5.65,170.0,1.0
2024-03-14 13:00:00,22.2,5.1,180.0,
2024-03-14 14:00:00,22.8,5.1,170.0,
2024-03-14 15:00:00,22.8,5.65,175.0,1.0
2024-03-14 16:00:00,23.9,6.2,180.0,
2024-03-14 17:00:00,25.0,7.2,180.0,
2024-03-14 18:00:00,25.55,7.699999999999999,175.0,1.0
2024-03-14 19:00:00,26.1,5.7,180.0,
2024-03-14 20:00:00,26.7,6.7,170.0,0.75
2024-03-14 21:00:00,26.1,7.2,180.0,
2024-03-14 22:00:00,25.6,7.7,150.0,
2024-03-14 23:00:00,25.6,6.2,170.0,
2024-03-15 00:00:00,24.75,4.65,175.0,1.0
2024-03-15 01:00:00,23.9,3.1,210.0,
2024-03-15 02:00:00,23.9,2.6,210.0,
2024-03-15 03:00:00,23.049999999999997,2.6,205.0,0.75
2024-03-15 04:00:00,23.3,0.0,999.0,
2024-03-15 05:00:00,21.1,1.5,514.5,
2024-03-15 06:00:00,21.1,1.5,40.0,1.0
2024-03-15 07:00:00,19.433333333333334,8.966666666666667,243.33333333333334,
2024-03-15 08:00:00,17.599999999999998,9.6,16.666666666666668,
2024-03-15 09:00:00,16.65,7.75,25.0,1.0
2024-03-15 10:00:00,15.6,6.2,360.0,
2024-03-15 11:00:00,15.0,7.2,10.0,
2024-03-15 12:00:00,14.7,6.45,20.0,0.75
2024-03-15 13:00:00,13.9,6.2,30.0,
2024-03-15 14:00:00,13.600000000000001,8.25,15.0,
2024-03-15 15:00:00,13.850000000000001,9.3,10.0,1.0
2024-03-15 16:00:00,13.9,8.2,360.0,
2024-03-15 17:00:00,13.9,8.2,300.0,
2024-03-15 18:00:00,13.3,5.6499999999999995,335.0,
2024-03-15 19:00:00,14.24,9.180000000000001,96.0,
2024-03-15 20:00:00,17.8,5.7,350.0,0.5
2024-03-15 21:00:00,17.066666666666666,6.866666666666666,340.0,0.5
2024-03-15 22:00:00,16.5,7.566666666666667,140.0,
2024-03-15 23:00:00,16.1,5.7,20.0,
2024-03-16 00:00:00,16.1,4.4,35.0,1.0
2024-03-16 01:00:00,16.1,4.6,40.0,
2024-03-16 02:00:00,16.1,3.6,30.0,
2024-03-16 03:00:00,15.766666666666666,3.1,36.666666666666664,0.75
2024-03-16 04:00:00,15.0,2.1,10.0,
2024-03-16 05:00:00,13.9,3.6,669.5,0.5
2024-03-16 06:00:00,14.266666666666666,3.4333333333333336,350.0,0.5
2024-03-16 07:00:00,13.3,3.1,20.0,
2024-03-16 08:00:00,13.600000000000001,3.6,25.0,
2024-03-16 09:00:00,13.600000000000001,3.6,15.0,0.75
2024-03-16 10:00:00,13.3,2.1,20.0,
2024-03-16 11:00:00,13.9,3.1,30.0,
2024-03-16 12:00:00,13.9,2.9333333333333336,26.666666666666668,1.0
2024-03-16 13:00:00,13.9,2.6,10.0,
2024-03-16 14:00:00,13.933333333333332,2.766666666666667,40.0,
2024-03-16 15:00:00,14.633333333333333,2.9333333333333336,63.333333333333336,1.0
2024-03-16 16:00:00,15.733333333333334,2.766666666666667,46.666666666666664,
2024-03-16 17:00:00,16.15,3.35,35.0,
2024-03-16 18:00:00,16.7,4.35,55.0,1.0
2024-03-16 19:00:00,16.1,2.88,287.8,
2024-03-16 20:00:00,16.1,4.1,30.0,
2024-03-16 21:00:00,15.975000000000001,3.85,37.5,1.0
2024-03-16 22:00:00,15.933333333333335,4.433333333333333,66.66666666666667,
2024-03-16 23:00:00,15.6,4.35,40.0,
2024-03-17 00:00:00,15.6,4.1,35.0,1.0
2024-03-17 01:00:00,15.3,2.6,25.0,
2024-03-17 02:00:00,15.3,2.3,15.0,
2024-03-17 03:00:00,15.0,3.1,16.666666666666668,1.0
2024-03-17 04:00:00,15.0,3.6,20.0,
2024-03-17 05:00:00,15.0,4.1,504.5,
2024-03-17 06:00:00,15.0,3.8499999999999996,10.0,1.0
2024-03-17 07:00:00,14.4,5.15,185.0,
2024-03-17 08:00:00,14.4,4.6,23.333333333333332,
2024-03-17 09:00:00,14.1,5.333333333333333,13.333333333333334,1.0
2024-03-17 10:00:00,13.9,4.35,10.0,
2024-03-17 11:00:00,13.3,5.1,20.0,
2024-03-17 12:00:00,13.3,5.65,185.0,1.0
2024-03-17 13:00:00,13.600000000000001,4.85,350.0,
2024-03-17 14:00:00,15.0,4.1,360.0,
2024-03-17 15:00:00,15.0,4.9,190.0,1.0
2024-03-17 16:00:00,15.6,5.1,30.0,
2024-03-17 17:00:00,16.7,5.1,30.0,
2024-03-17 18:00:00,17.25,6.4,30.0,0.75
2024-03-17 19:00:00,18.3,7.7,30.0,0.5
2024-03-17 20:00:00,18.3,7.2,20.0,
2024-03-17 21:00:00,18.05,7.2,15.0,0.75
2024-03-17 22:00:00,17.2,6.7,350.0,
2024-03-17 23:00:00,16.1,6.2,30.0,
2024-03-18 00:00:00,15.850000000000001,5.95,25.0,1.0
2024-03-18 01:00:00,13.3,4.1,20.0,0.5
2024-03-18 02:00:00,13.3,4.1,20.0,
2024-03-18 03:00:00,12.75,4.35,185.0,0.75
2024-03-18 04:00:00,12.2,4.6,10.0,
2024-03-18 05:00:00,13.3,4.6,509.5,
2024-03-18 06:00:00,13.05,4.1,30.0,1.0
2024-03-18 07:00:00,12.2,3.6,30.0,
2024-03-18 08:00:00,11.7,4.1,40.0,
2024-03-18 09:00:00,10.85,4.1,35.0,0.75
2024-03-18 10:00:00,9.4,4.6,20.0,0.25
2024-03-18 11:00:00,8.3,4.1,350.0,0.25
2024-03-18 12:00:00,8.05,4.1,180.0,0.25
2024-03-18 13:00:00,10.0,7.7,20.0,0.25
2024-03-18 14:00:00,10.6,5.7,30.0,0.5
2024-03-18 15:00:00,11.149999999999999,5.4,25.0,0.5
2024-03-18 16:00:00,12.8,6.7,20.0,
2024-03-18 17:00:00,12.8,7.7,40.0,
2024-03-18 18:00:00,13.05,6.95,35.0,0.75
2024-03-18 19:00:00,13.9,5.7,360.0,
2024-03-18 20:00:00,13.9,5.7,20.0,
2024-03-18 21:00:00,13.9,5.15,30.0,0.75
2024-03-18 22:00:00,14.4,4.6,20.0,
2024-03-18 23:00:00,12.8,2.6,20.0,0.5
2024-03-19 00:00:00,11.7,2.6,30.0,0.5
2024-03-19 01:00:00,10.0,2.1,40.0,0.25
2024-03-19 02:00:00,10.0,1.5,40.0,0.0
2024-03-19 03:00:00,10.3,0.75,519.5,0.0
2024-03-19 04:00:00,10.0,0.0,999.0,0.0
2024-03-19 05:00:00,8.3,0.0,999.0,0.0
2024-03-19 06:00:00,8.3,0.0,999.0,0.25
2024-03-19 07:00:00,7.8,0.0,999.0,0.25
2024-03-19 08:00:00,6.7,1.5,130.0,0.5
2024-03-19 09:00:00,6.4,1.5,155.0,0.5
2024-03-19 10:00:00,6.7,1.5,160.0,0.5
2024-03-19 11:00:00,5.6,2.1,200.0,
2024-03-19 12:00:00,5.6,2.35,195.0,0.5
2024-03-19 13:00:00,7.8,2.6,180.0,0.25
2024-03-19 14:00:00,10.6,4.1,180.0,0.25
2024-03-19 15:00:00,11.399999999999999,4.1,175.0,0.25
2024-03-19 16:00:00,13.9,5.1,200.0,0.25
2024-03-19 17:00:00,15.6,2.1,999.0,0.25
2024-03-19 18:00:00,17.2,3.1,190.0,0.25
2024-03-19 19:00:00,18.3,3.6,180.0,0.25
2024-03-19 20:00:00,18.9,4.1,170.0,0.5
2024-03-19 21:00:00,18.6,5.4,170.0,0.5
2024-03-19 22:00:00,17.8,5.7,160.0,
2024-03-19 23:00:00,17.2,5.7,180.0,
2024-03-20 00:00:00,16.4,4.65,180.0,0.625
2024-03-20 01:00:00,15.0,3.6,170.0,0.5
2024-03-20 02:00:00,13.9,3.6,170.0,0.5
2024-03-20 03:00:00,13.350000000000001,3.1,170.0,0.5
2024-03-20 04:00:00,12.2,2.6,190.0,
2024-03-20 05:00:00,13.3,4.1,599.5,
2024-03-20 06:00:00,13.600000000000001,3.5999999999999996,195.0,1.0
2024-03-20 07:00:00,13.9,4.6,210.0,
2024-03-20 08:00:00,12.2,5.1,210.0,
2024-03-20 09:00:00,11.649999999999999,4.1,210.0,0.75
2024-03-20 10:00:00,11.1,2.6,200.0,
2024-03-20 11:00:00,11.1,3.1,200.0,
2024-03-20 12:00:00,11.1,3.5999999999999996,200.0,1.0
2024-03-20 13:00:00,12.2,4.1,210.0,
2024-03-20 14:00:00,14.4,4.6,200.0,
2024-03-20 15:00:00,15.25,4.1,210.0,0.75
2024-03-20 16:00:00,17.8,4.1,190.0,
2024-03-20 17:00:00,20.0,3.1,210.0,
2024-03-20 18:00:00,20.55,3.8499999999999996,210.0,0.75
2024-03-20 19:00:00,20.6,3.6,170.0,
2024-03-20 20:00:00,21.1,5.7,170.0,
2024-03-20 21:00:00,21.950000000000003,4.9,175.0,0.75
2024-03-20 22:00:00,21.1,4.1,180.0,
2024-03-20 23:00:00,20.0,6.7,150.0,
2024-03-21 00:00:00,19.15,6.2,160.0,0.75
2024-03-21 01:00:00,17.8,6.2,170.0,
2024-03-21 02:00:00,17.2,5.1,170.0,
2024-03-21 03:00:00,16.95,4.85,170.0,0.75
2024-03-21 04:00:00,16.1,3.1,160.0,
2024-03-21 05:00:00,16.1,3.1,584.5,
2024-03-21 06:00:00,15.850000000000001,3.1,170.0,1.0
2024-03-21 07:00:00,15.6,3.1,160.0,
2024-03-21 08:00:00,15.6,1.5,110.0,
2024-03-21 09:00:00,15.6,2.3,135.0,1.0
2024-03-21 10:00:00,15.0,3.3499999999999996,155.0,
2024-03-21 11:00:00,15.0,2.35,145.0,
2024-03-21 12:00:00,15.0,2.85,140.0,0.75
2024-03-21 13:00:00,16.1,3.6,150.0,0.5
2024-03-21 14:00:00,17.8,3.6,170.0,
2024-03-21 15:00:00,17.8,4.1,163.33333333333334,0.75
2024-03-21 16:00:00,17.2,5.7,160.0,
2024-03-21 17:00:00,16.666666666666668,4.6,163.33333333333334,
2024-03-21 18:00:00,15.819999999999999,3.8,156.0,1.0
2024-03-21 19:00:00,16.1,3.6,130.0,
2024-03-21 20:00:00,15.6,4.1,120.0,
2024-03-21 21:00:00,15.933333333333335,5.1,130.0,
2024-03-21 22:00:00,15.6,4.1,130.0,
2024-03-21 23:00:00,15.0,4.966666666666666,156.66666666666666,
2024-03-22 00:00:00,15.0,4.633333333333334,186.66666666666666,1.0
2024-03-22 01:00:00,14.233333333333334,3.266666666666667,186.66666666666666,
2024-03-22 02:00:00,13.9,5.1,120.0,
2024-03-22 03:00:00,13.9,3.8499999999999996,145.0,1.0
2024-03-22 04:00:00,13.3,0.0,999.0,
2024-03-22 05:00:00,12.8,2.1,534.5,
2024-03-22 06:00:00,13.440000000000001,1.36,445.6,0.75
2024-03-22 07:00:00,13.9,2.1,170.0,
2024-03-22 08:00:00,13.5,1.2,466.3333333333333,
2024-03-22 09:00:00,13.600000000000001,0.0,999.0,1.0
2024-03-22 10:00:00,13.9,2.1,330.0,
2024-03-22 11:00:00,14.1,3.6,310.0,
2024-03-22 12:00:00,14.15,3.6,325.0,1.0
2024-03-22 13:00:00,13.9,4.35,320.0,
2024-03-22 14:00:00,14.4,4.6,330.0,
2024-03-22 15:00:00,15.333333333333334,5.133333333333333,336.6666666666667,1.0
2024-03-22 16:00:00,15.3,4.6,335.0,
2024-03-22 17:00:00,15.6,6.2,320.0,
2024-03-22 18:00:00,15.933333333333335,6.033333333333334,336.6666666666667,1.0
2024-03-22 19:00:00,17.8,6.2,340.0,
2024-03-22 20:00:00,19.7,7.199999999999999,190.0,
2024-03-22 21:00:00,19.7,7.699999999999999,185.0,0.75
2024-03-22 22:00:00,20.0,4.1,20.0,0.5
2024-03-22 23:00:00,19.4,2.1,30.0,0.5
2024-03-23 00:00:00,18.299999999999997,1.8,35.0,0.375
2024-03-23 01:00:00,16.7,0.0,999.0,0.25
2024-03-23 02:00:00,16.1,2.1,20.0,0.5
2024-03-23 03:00:00,16.1,3.9000000000000004,185.0,0.5
2024-03-23 04:00:00,15.6,6.2,360.0,0.25
2024-03-23 05:00:00,14.4,4.6,669.5,0.25
2024-03-23 06:00:00,13.850000000000001,4.6,345.0,0.125
2024-03-23 07:00:00,12.8,5.1,360.0,0.0
2024-03-23 08:00:00,12.2,5.1,360.0,0.0
2024-03-23 09:00:00,11.399999999999999,5.4,185.0,0.0
2024-03-23 10:00:00,10.6,4.1,360.0,0.0
2024-03-23 11:00:00,9.4,5.7,20.0,0.0
2024-03-23 12:00:00,9.15,5.95,20.0,0.0
2024-03-23 13:00:00,9.4,6.2,360.0,0.25
2024-03-23 14:00:00,10.6,4.6,20.0,0.25
2024-03-23 15:00:00,11.149999999999999,4.85,15.0,0.25
2024-03-23 16:00:00,13.3,4.1,20.0,0.5
2024-03-23 17:00:00,15.0,1.5,999.0,
2024-03-23 18:00:00,15.85,0.75,999.0,0.75
2024-03-23 19:00:00,18.3,2.6,240.0,
2024-03-23 20:00:00,18.3,1.5,999.0,
2024-03-23 21:00:00,18.85,0.75,999.0,0.75
2024-03-23 22:00:00,19.4,2.6,140.0,
2024-03-23 23:00:00,18.3,3.1,120.0,
2024-03-24 00:00:00,17.75,3.8499999999999996,125.0,1.0
2024-03-24 01:00:00,16.7,4.6,130.0,
2024-03-24 02:00:00,16.7,4.1,130.0,
2024-03-24 03:00:00,16.7,4.1,130.0,1.0
2024-03-24 04:00:00,16.1,4.1,140.0,
2024-03-24 05:00:00,16.1,4.6,564.5,
2024-03-24 06:00:00,16.1,5.4,135.0,1.0
2024-03-24 07:00:00,15.6,6.2,140.0,
2024-03-24 08:00:00,15.6,7.7,140.0,
2024-03-24 09:00:00,15.6,8.5,140.0,1.0
2024-03-24 10:00:00,15.0,9.3,150.0,
2024-03-24 11:00:00,15.0,8.2,150.0,
2024-03-24 12:00:00,14.7,8.2,150.0,1.0
2024-03-24 13:00:00,14.4,8.2,150.0,
2024-03-24 14:00:00,14.4,8.8,150.0,
2024-03-24 15:00:00,15.333333333333334,9.966666666666667,150.0,1.0
2024-03-24 16:00:00,16.1,9.3,170.0,
2024-03-24 17:00:00,17.8,10.8,160.0,
2024-03-24 18:00:00,18.333333333333332,11.133333333333335,163.33333333333334,0.75
2024-03-24 19:00:00,19.4,10.8,170.0,
2024-03-24 20:00:00,18.9,6.7,160.0,
2024-03-24 21:00:00,18.9,7.449999999999999,165.0,1.0
2024-03-24 22:00:00,19.4,7.7,170.0,
2024-03-24 23:00:00,19.4,10.8,160.0,
2024-03-25 00:00:00,19.4,9.8,160.0,0.75
2024-03-25 01:00:00,18.9,7.7,170.0,
2024-03-25 02:00:00,19.2,7.2,165.0,
2024-03-25 03:00:00,19.4,7.45,180.0,1.0
2024-03-25 04:00:00,18.9,7.2,180.0,
2024-03-25 05:00:00,17.175,5.125,405.8,
2024-03-25 06:00:00,16.78333333333333,5.833333333333333,270.0,1.0
2024-03-25 07:00:00,16.4,3.6,250.0,
2024-03-25 08:00:00,16.1,2.85,220.0,
2024-03-25 09:00:00,15.9,3.6,153.33333333333334,1.0
2024-03-25 10:00:00,15.200000000000001,3.9333333333333336,166.66666666666666,
2024-03-25 11:00:00,15.0,4.1,170.0,
2024-03-25 12:00:00,14.7,3.5999999999999996,175.0,1.0
2024-03-25 13:00:00,14.4,2.1,140.0,
2024-03-25 14:00:00,15.6,4.6,210.0,
2024-03-25 15:00:00,15.6,4.1,190.0,0.75
2024-03-25 16:00:00,17.2,4.1,160.0,
2024-03-25 17:00:00,17.8,5.1,160.0,
2024-03-25 18:00:00,19.200000000000003,5.65,180.0,0.75
2024-03-25 19:00:00,21.7,4.1,220.0,
2024-03-25 20:00:00,22.8,6.7,260.0,
2024-03-25 21:00:00,21.950000000000003,8.75,290.0,0.5
2024-03-25 22:00:00,19.4,10.8,310.0,
2024-03-25 23:00:00,17.8,9.3,310.0,
2024-03-26 00:00:00,16.4,8.0,310.0,0.25
2024-03-26 01:00:00,13.3,9.8,310.0,0.0
2024-03-26 02:00:00,11.149999999999999,9.0,325.0,0.0
2024-03-26 03:00:00,9.75,11.350000000000001,330.0,
2024-03-26 04:00:00,7.8,7.7,330.0,
2024-03-26 05:00:00,7.2,5.1,659.5,
2024-03-26 06:00:00,6.95,5.1,320.0,0.75
2024-03-26 07:00:00,6.1,6.7,310.0,
2024-03-26 08:00:00,5.6,7.2,310.0,
2024-03-26 09:00:00,5.3,7.2,315.0,0.75
2024-03-26 10:00:00,4.4,5.1,310.0,
2024-03-26 11:00:00,3.9,4.6,320.0,
2024-03-26 12:00:00,4.4,5.1,310.0,
2024-03-26 13:00:00,5.6,7.2,320.0,
2024-03-26 14:00:00,7.2,7.2,320.0,0.25
2024-03-26 15:00:00,8.3,5.1,320.0,
2024-03-26 16:00:00,9.4,5.1,330.0,0.0
2024-03-26 17:00:00,10.6,5.7,320.0,
2024-03-26 18:00:00,11.399999999999999,4.9,325.0,0.25
2024-03-26 19:00:00,13.3,5.7,330.0,
2024-03-26 20:00:00,14.4,3.6,350.0,
2024-03-26 21:00:00,14.4,2.1,350.0,
2024-03-26 22:00:00,15.0,3.1,340.0,
2024-03-26 23:00:00,13.9,5.1,350.0,
2024-03-27 00:00:00,12.8,3.6,330.0,
2024-03-27 01:00:00,11.7,3.1,340.0,
2024-03-27 02:00:00,9.4,3.6,20.0,0.25
2024-03-27 03:00:00,9.4,3.1,10.0,0.0
2024-03-27 04:00:00,7.6,3.6,30.0,
2024-03-27 05:00:00,7.2,2.6,514.5,
2024-03-27 06:00:00,7.2,2.85,25.0,0.125
2024-03-27 07:00:00,7.2,2.6,60.0,0.0
2024-03-27 08:00:00,7.2,3.6,40.0,0.0
2024-03-27 09:00:00,7.2,1.8,519.5,
2024-03-27 10:00:00,6.7,1.5,80.0,
2024-03-27 11:00:00,7.2,0.0,999.0,
2024-03-27 12:00:00,6.95,1.3,524.5,0.75
2024-03-27 13:00:00,8.9,1.5,70.0,
2024-03-27 14:00:00,11.1,2.6,100.0,
2024-03-27 15:00:00,11.95,3.3499999999999996,105.0,0.25
2024-03-27 16:00:00,14.4,3.6,90.0,
2024-03-27 17:00:00,16.1,3.1,999.0,
2024-03-27 18:00:00,17.2,5.1,110.0,
2024-03-27 19:00:00,18.15,3.3499999999999996,95.0,
2024-03-27 20:00:00,18.3,2.1,140.0,
2024-03-27 21:00:00,18.9,2.1,999.0,
2024-03-27 22:00:00,17.8,0.0,999.0,
2024-03-27 23:00:00,16.7,6.2,60.0,
2024-03-28 00:00:00,15.6,4.6,70.0,
2024-03-28 01:00:00,13.9,5.7,70.0,
2024-03-28 02:00:00,11.7,3.1,60.0,
2024-03-28 03:00:00,11.1,3.1,50.0,
2024-03-28 04:00:00,10.6,2.6,40.0,
2024-03-28 05:00:00,11.7,1.5,509.5,
2024-03-28 06:00:00,9.4,4.1,10.0,
2024-03-28 07:00:00,7.8,3.1,20.0,
2024-03-28 08:00:00,7.8,3.1,360.0,
2024-03-28 09:00:00,7.8,3.6,350.0,
2024-03-28 10:00:00,7.2,2.6,350.0,
2024-03-28 11:00:00,6.7,3.1,350.0,
2024-03-28 12:00:00,7.2,2.1,10.0,
2024-03-28 13:00:00,10.0,2.6,70.0,
2024-03-28 14:00:00,12.2,3.1,130.0,
2024-03-28 15:00:00,15.6,3.6,130.0,
2024-03-28 16:00:00,17.8,4.1,150.0,
2024-03-28 17:00:00,18.9,3.6,140.0,
2024-03-28 18:00:00,20.6,5.1,180.0,
2024-03-28 19:00:00,21.1,5.1,200.0,
2024-03-28 20:00:00,21.7,4.1,180.0,
2024-03-28 21:00:00,22.8,4.6,180.0,
2024-03-28 22:00:00,22.2,4.6,170.0,
2024-03-28 23:00:00,21.1,6.2,170.0,
2024-03-29 00:00:00,19.4,4.1,170.0,
2024-03-29 01:00:00,17.8,4.1,150.0,
2024-03-29 02:00:00,17.2,4.6,140.0,
2024-03-29 03:00:00,16.7,4.1,150.0,
2024-03-29 04:00:00,16.1,3.6,160.0,
2024-03-29 05:00:00,17.2,5.1,579.5,
2024-03-29 06:00:00,17.2,6.7,170.0,
2024-03-29 07:00:00,16.1,6.7,170.0,
2024-03-29 08:00:00,15.6,5.7,180.0,
2024-03-29 09:00:00,15.6,7.2,180.0,
2024-03-29 10:00:00,15.0,7.7,180.0,
2024-03-29 11:00:00,15.0,6.2,170.0,
2024-03-29 12:00:00,15.8,6.45,170.0,
2024-03-29 13:00:00,15.966666666666667,8.4,180.0,
2024-03-29 14:00:00,18.3,9.3,180.0,
2024-03-29 15:00:00,18.9,11.3,180.0,
2024-03-29 16:00:00,20.6,11.8,170.0,
2024-03-29 17:00:00,22.8,12.4,170.0,
2024-03-29 18:00:00,23.9,8.8,180.0,
2024-03-29 19:00:00,23.9,10.3,170.0,
2024-03-29 20:00:00,24.4,12.9,180.0,
2024-03-29 21:00:00,23.9,11.8,170.0,
2024-03-29 22:00:00,24.15,10.3,185.0,
2024-03-29 23:00:00,22.8,9.8,170.0,
2024-03-30 00:00:00,21.7,7.7,180.0,
2024-03-30 01:00:00,20.6,9.8,170.0,
2024-03-30 02:00:00,20.6,8.2,180.0,
2024-03-30 03:00:00,19.4,8.8,170.0,
2024-03-30 04:00:00,18.9,8.8,180.0,
2024-03-30 05:00:00,18.3,7.7,594.5,
2024-03-30 06:00:00,17.8,7.7,190.0,
2024-03-30 07:00:00,17.2,8.2,190.0,
2024-03-30 08:00:00,17.8,7.2,180.0,
2024-03-30 09:00:00,18.3,5.7,170.0,
2024-03-30 10:00:00,18.3,6.2,170.0,
2024-03-30 11:00:00,17.8,5.1,170.0,
2024-03-30 12:00:00,17.8,6.2,170.0,
2024-03-30 13:00:00,18.95,5.95,170.0,
2024-03-30 14:00:00,20.0,7.2,190.0,
2024-03-30 15:00:00,21.7,6.7,180.0,
2024-03-30 16:00:00,22.8,6.7,180.0,
2024-03-30 17:00:00,22.1,5.95,175.0,
2024-03-30 18:00:00,24.4,5.1,160.0,
2024-03-30 19:00:00,25.6,6.2,180.0,
2024-03-30 20:00:00,25.0,7.2,160.0,
2024-03-30 21:00:00,23.9,7.2,160.0,
2024-03-30 22:00:00,24.4,7.7,170.0,
2024-03-30 23:00:00,23.9,6.2,170.0,
2024-03-31 00:00:00,23.3,5.7,170.0,
2024-03-31 01:00:00,22.8,7.7,170.0,
2024-03-31 02:00:00,22.2,8.2,180.0,
2024-03-31 03:00:00,21.7,5.7,170.0,
2024-03-31 04:00:00,21.1,7.2,190.0,
2024-03-31 05:00:00,20.6,6.7,589.5,
2024-03-31 06:00:00,20.6,9.8,190.0,
2024-03-31 07:00:00,20.0,7.7,190.0,
2024-03-31 08:00:00,20.0,5.4,195.0,
2024-03-31 09:00:00,20.0,5.1,170.0,
2024-03-31 10:00:00,19.4,4.6,180.0,
2024-03-31 11:00:00,19.4,5.7,170.0,
2024-03-31 12:00:00,18.9,3.6,180.0,
2024-03-31 13:00:00,19.4,5.1,170.0,
2024-03-31 14:00:00,20.6,4.6,170.0,
2024-03-31 15:00:00,21.1,5.7,180.0,
2024-03-31 16:00:00,22.2,6.2,170.0,
2024-03-31 17:00:00,22.2,5.1,170.0,
2024-03-31 18:00:00,23.9,6.7,180.0,
2024-03-31 19:00:00,24.266666666666666,7.033333333333334,173.33333333333334,
2024-03-31 20:00:00,25.0,7.2,180.0,
2024-03-31 21:00:00,25.0,8.8,180.0,
2024-03-31 22:00:00,24.4,6.7,180.0,
2024-03-31 23:00:00,24.4,6.7,170.0,
2024-04-01 00:00:00,23.9,5.1,170.0,
2024-04-01 01:00:00,23.3,6.2,170.0,
2024-04-01 02:00:00,22.8,5.1,170.0,
2024-04-01 03:00:00,22.8,6.7,170.0,
2024-04-01 04:00:00,22.1,5.1,175.0,
2024-04-01 05:00:00,21.7,5.1,719.3333333333334,
2024-04-01 06:00:00,22.2,7.2,180.0,
2024-04-01 07:00:00,22.2,7.2,180.0,
2024-04-01 08:00:00,21.7,7.7,180.0,
2024-04-01 09:00:00,21.7,7.7,180.0,
2024-04-01 10:00:00,21.7,5.7,190.0,
2024-04-01 11:00:00,21.7,4.1,170.0,
2024-04-01 12:00:00,21.7,5.7,160.0,
2024-04-01 13:00:00,21.7,6.2,160.0,
2024-04-01 14:00:00,22.8,6.2,170.0,
2024-04-01 15:00:00,23.9,8.8,170.0,
2024-04-01 16:00:00,24.4,8.2,180.0,
2024-04-01 17:00:00,26.1,6.7,190.0,1.0
2024-04-01 18:00:00,26.7,6.2,190.0,
2024-04-01 19:00:00,26.1,7.2,170.0,
2024-04-01 20:00:00,26.7,7.7,180.0,
2024-04-01 21:00:00,26.4,8.5,170.0,1.0
2024-04-01 22:00:00,26.1,8.8,180.0,
2024-04-01 23:00:00,25.6,0.75,999.0,
2024-04-02 00:00:00,24.575,2.45,344.75,1.0
2024-04-02 01:00:00,19.7,3.85,359.75,
2024-04-02 02:00:00,20.55,3.6,125.0,
2024-04-02 03:00:00,21.4,5.65,180.0,0.75
2024-04-02 04:00:00,20.6,5.7,240.0,
2024-04-02 05:00:00,20.0,5.7,644.5,
2024-04-02 06:00:00,18.9,4.6,250.0,
2024-04-02 07:00:00,18.3,4.1,270.0,
2024-04-02 08:00:00,17.8,6.2,280.0,0.5
2024-04-02 09:00:00,16.7,4.6,243.33333333333334,0.5
2024-04-02 10:00:00,15.6,4.1,250.0,0.5
2024-04-02 11:00:00,15.6,6.2,290.0,0.25
2024-04-02 12:00:00,14.4,8.2,290.0,0.25
2024-04-02 13:00:00,13.9,10.8,310.0,
2024-04-02 14:00:00,14.45,9.8,325.0,
2024-04-02 15:00:00,13.3,11.3,330.0,
2024-04-02 16:00:00,13.3,10.3,330.0,
2024-04-02 17:00:00,14.266666666666666,8.233333333333333,320.0,
2024-04-02 18:00:00,15.0,9.3,320.0,
2024-04-02 19:00:00,16.7,11.3,320.0,0.5
2024-04-02 20:00:00,17.2,9.3,310.0,0.75
2024-04-02 21:00:00,17.2,9.8,320.0,
2024-04-02 22:00:00,16.1,8.2,330.0,
2024-04-02 23:00:00,16.1,7.2,330.0,
2024-04-03 00:00:00,15.55,6.95,330.0,0.625
2024-04-03 01:00:00,14.4,3.6,320.0,0.25
2024-04-03 02:00:00,13.9,4.1,330.0,0.25
2024-04-03 03:00:00,13.600000000000001,4.9,330.0,0.125
2024-04-03 04:00:00,12.2,4.1,330.0,0.0
2024-04-03 05:00:00,11.7,3.6,654.5,0.0
2024-04-03 06:00:00,11.7,3.8499999999999996,295.0,0.0
2024-04-03 07:00:00,11.1,4.6,280.0,0.0
2024-04-03 08:00:00,11.1,6.2,280.0,0.0
2024-04-03 09:00:00,10.55,5.15,265.0,0.0
2024-04-03 10:00:00,11.1,4.6,270.0,0.0
2024-04-03 11:00:00,11.1,5.7,280.0,0.0
2024-04-03 12:00:00,11.649999999999999,5.95,285.0,0.0
2024-04-03 13:00:00,13.9,6.7,300.0,0.0
2024-04-03 14:00:00,15.0,7.2,330.0,0.0
2024-04-03 15:00:00,15.85,6.7,175.0,0.0
2024-04-03 16:00:00,17.8,5.1,330.0,0.0
2024-04-03 17:00:00,18.9,4.6,330.0,0.25
2024-04-03 18:00:00,19.45,5.15,315.0,0.125
2024-04-03 19:00:00,21.85,7.2,325.0,0.25
2024-04-03 20:00:00,22.8,7.7,330.0,0.0
2024-04-03 21:00:00,22.8,7.949999999999999,330.0,0.0
2024-04-03 22:00:00,22.2,7.7,330.0,0.0
2024-04-03 23:00:00,21.1,7.2,340.0,0.0
2024-04-04 00:00:00,20.25,6.15,335.0,0.0
2024-04-04 01:00:00,17.8,3.1,330.0,0.0
2024-04-04 02:00:00,17.2,2.6,300.0,0.0
2024-04-04 03:00:00,17.2,2.35,290.0,0.0
2024-04-04 04:00:00,15.0,0.0,999.0,0.0
2024-04-04 05:00:00,12.2,0.0,999.0,0.0
2024-04-04 06:00:00,12.75,1.55,604.5,0.0
2024-04-04 07:00:00,11.1,2.6,210.0,0.0
2024-04-04 08:00:00,10.6,3.1,220.0,0.0
2024-04-04 09:00:00,10.6,2.3,205.0,0.0
2024-04-04 10:00:00,9.4,0.0,999.0,0.0
2024-04-04 11:00:00,10.0,0.0,999.0,0.0
2024-04-04 12:00:00,10.85,1.05,609.5,0.0
2024-04-04 13:00:00,14.4,2.1,200.0,0.0
2024-04-04 14:00:00,17.4,1.8,609.5,0.25
2024-04-04 15:00:00,19.200000000000003,2.6,215.0,0.25
2024-04-04 16:00:00,23.3,1.5,310.0,0.25
2024-04-04 17:00:00,25.0,0.0,999.0,0.0
2024-04-04 18:00:00,25.55,1.3,639.5,0.0
2024-04-04 19:00:00,27.8,3.1,999.0,0.0
2024-04-04 20:00:00,28.3,2.6,999.0,0.0
2024-04-04 21:00:00,28.3,1.3,999.0,0.0
2024-04-04 22:00:00,28.3,3.6,200.0,0.0
2024-04-04 23:00:00,27.2,3.1,190.0,0.0
2024-04-05 00:00:00,25.799999999999997,2.6,180.0,0.0
2024-04-05 01:00:00,23.3,4.1,180.0,0.0
2024-04-05 02:00:00,22.2,3.1,180.0,0.0
2024-04-05 03:00:00,21.4,3.35,175.0,0.0
2024-04-05 04:00:00,20.0,3.1,190.0,0.0
2024-04-05 05:00:00,17.8,2.1,564.5,0.0
2024-04-05 06:00:00,17.5,2.1,120.0,0.0
2024-04-05 07:00:00,16.1,1.5,110.0,0.0
2024-04-05 08:00:00,14.4,1.5,90.0,0.0
2024-04-05 09:00:00,14.7,2.05,95.0,0.0
2024-04-05 10:00:00,14.4,3.1,100.0,0.0
2024-04-05 11:00:00,13.9,2.1,110.0,0.0
2024-04-05 12:00:00,13.9,2.1,125.0,0.0
2024-04-05 13:00:00,17.2,3.6,120.0,0.0
2024-04-05 14:00:00,19.4,4.1,100.0,0.25
2024-04-05 15:00:00,20.549999999999997,3.5999999999999996,125.0,0.25
2024-04-05 16:00:00,24.4,3.1,170.0,0.25
2024-04-05 17:00:00,26.1,3.1,180.0,0.25
2024-04-05 18:00:00,26.950000000000003,3.35,175.0,0.25
2024-04-05 19:00:00,28.9,4.6,180.0,0.25
2024-04-05 20:00:00,29.4,5.7,180.0,0.25
2024-04-05 21:00:00,29.4,6.2,175.0,0.375
2024-04-05 22:00:00,28.9,6.7,170.0,
2024-04-05 23:00:00,27.8,4.6,170.0,
2024-04-06 00:00:00,26.950000000000003,4.6,165.0,0.75
2024-04-06 01:00:00,23.9,4.6,150.0,
2024-04-06 02:00:00,23.9,5.7,160.0,
2024-04-06 03:00:00,23.049999999999997,4.9,160.0,0.75
2024-04-06 04:00:00,22.2,5.7,170.0,
2024-04-06 05:00:00,21.7,6.7,589.5,
2024-04-06 06:00:00,21.4,6.7,175.0,0.75
2024-04-06 07:00:00,20.6,7.7,170.0,
2024-04-06 08:00:00,18.9,7.2,170.0,
2024-04-06 09:00:00,18.6,7.45,170.0,0.75
2024-04-06 10:00:00,17.2,7.7,150.0,
2024-04-06 11:00:00,17.1,7.45,160.0,
2024-04-06 12:00:00,17.2,7.949999999999999,160.0,0.75
2024-04-06 13:00:00,18.05,9.3,170.0,
2024-04-06 14:00:00,18.9,9.3,170.0,
2024-04-06 15:00:00,19.45,8.5,170.0,1.0
2024-04-06 16:00:00,22.8,9.8,170.0,
2024-04-06 17:00:00,23.9,11.3,190.0,
2024-04-06 18:00:00,23.35,9.25,180.0,1.0
2024-04-06 19:00:00,23.3,8.2,190.0,
2024-04-06 20:00:00,23.3,7.2,180.0,
2024-04-06 21:00:00,23.6,6.95,175.0,1.0
2024-04-06 22:00:00,23.9,8.2,180.0,
2024-04-06 23:00:00,23.9,10.8,170.0,
2024-04-07 00:00:00,23.6,9.8,170.0,0.75
2024-04-07 01:00:00,22.2,10.3,170.0,
2024-04-07 02:00:00,21.7,7.2,180.0,0.5
2024-04-07 03:00:00,21.4,7.2,185.0,0.5
2024-04-07 04:00:00,20.6,7.2,190.0,0.5
2024-04-07 05:00:00,21.1,8.2,466.3333333333333,
2024-04-07 06:00:00,21.066666666666666,6.7,193.33333333333334,1.0
2024-04-07 07:00:00,21.1,5.15,210.0,
2024-04-07 08:00:00,19.45,5.65,285.0,
2024-04-07 09:00:00,18.35,4.85,290.0,0.625
2024-04-07 10:00:00,17.2,5.1,260.0,0.25
2024-04-07 11:00:00,15.6,5.1,260.0,0.25
2024-04-07 12:00:00,15.6,4.85,250.0,0.25
2024-04-07 13:00:00,17.2,4.6,240.0,
2024-04-07 14:00:00,20.0,5.1,270.0,0.5
2024-04-07 15:00:00,21.1,5.1,280.0,0.5
2024-04-07 16:00:00,22.8,5.7,280.0,
2024-04-07 17:00:00,23.9,5.1,220.0,
2024-04-07 18:00:00,24.45,5.1,230.0,0.75
2024-04-07 19:00:00,25.6,5.7,250.0,
2024-04-07 20:00:00,25.6,5.1,260.0,0.5
2024-04-07 21:00:00,25.85,5.65,235.0,0.375
2024-04-07 22:00:00,25.6,5.1,200.0,0.25
2024-04-07 23:00:00,25.0,4.6,220.0,0.25
2024-04-08 00:00:00,23.6,4.6,205.0,0.25
2024-04-08 01:00:00,20.0,3.6,170.0,0.25
2024-04-08 02:00:00,19.4,4.1,170.0,0.25
2024-04-08 03:00:00,18.85,4.1,170.0,0.375
2024-04-08 04:00:00,17.2,5.1,190.0,0.5
2024-04-08 05:00:00,16.1,3.6,599.5,0.5
2024-04-08 06:00:00,15.55,3.6,190.0,0.375
2024-04-08 07:00:00,15.0,3.6,200.0,0.25
2024-04-08 08:00:00,13.9,0.0,999.0,0.5
2024-04-08 09:00:00,13.350000000000001,0.0,999.0,0.5
2024-04-08 10:00:00,14.4,1.5,170.0,
2024-04-08 11:00:00,12.8,1.5,140.0,
2024-04-08 12:00:00,13.350000000000001,2.05,135.0,0.75
2024-04-08 13:00:00,17.1,4.1,180.0,
2024-04-08 14:00:00,19.15,6.95,200.0,
2024-04-08 15:00:00,20.4,6.025,207.5,1.0
2024-04-08 16:00:00,24.4,6.7,190.0,
2024-04-08 17:00:00,26.05,5.15,185.0,0.5
2024-04-08 18:00:00,25.0,4.1,170.0,0.5
2024-04-08 19:00:00,26.7,3.6,140.0,0.5
2024-04-08 20:00:00,26.1,3.6,140.0,
2024-04-08 21:00:00,26.1,4.1,125.0,0.75
2024-04-08 22:00:00,27.2,5.1,120.0,0.5
2024-04-08 23:00:00,26.1,3.6,120.0,0.5
2024-04-09 00:00:00,25.85,3.8499999999999996,110.0,0.5
2024-04-09 01:00:00,23.65,9.8,150.0,
2024-04-09 02:00:00,21.4,6.3999999999999995,145.0,
2024-04-09 03:00:00,20.6,5.4,150.0,1.0
2024-04-09 04:00:00,20.3,6.45,130.0,
2024-04-09 05:00:00,20.44,5.86,286.5,
2024-04-09 06:00:00,20.6,5.1,150.0,1.0
2024-04-09 07:00:00,17.0625,12.350000000000001,81.25,
2024-04-09 08:00:00,16.1,5.966666666666666,60.0,
2024-04-09 09:00:00,16.1,4.35,85.0,1.0
2024-04-09 10:00:00,16.3,4.433333333333333,93.33333333333333,0.5
2024-04-09 11:00:00,16.7,3.1,90.0,0.5
2024-04-09 12:00:00,16.7,3.5999999999999996,85.0,0.375
2024-04-09 13:00:00,17.8,6.7,70.0,0.5
2024-04-09 14:00:00,18.3,7.2,80.0,
2024-04-09 15:00:00,18.45,7.2,80.0,0.75
2024-04-09 16:00:00,18.3,8.2,90.0,
2024-04-09 17:00:00,17.8,4.6,70.0,
2024-04-09 18:00:00,17.5,4.85,75.0,1.0
2024-04-09 19:00:00,17.7,6.05,40.0,
2024-04-09 20:00:00,17.8,6.2,40.0,
2024-04-09 21:00:00,18.35,5.95,45.0,1.0
2024-04-09 22:00:00,18.05,6.7,55.0,
2024-04-09 23:00:00,17.8,5.1,60.0,
2024-04-10 00:00:00,17.8,4.1,45.0,1.0
2024-04-10 01:00:00,17.5,3.6,190.0,
2024-04-10 02:00:00,16.866666666666664,4.1,10.0,
2024-04-10 03:00:00,17.03333333333333,4.6,23.333333333333332,1.0
2024-04-10 04:00:00,17.2,4.1,40.0,
2024-04-10 05:00:00,17.2,4.35,363.0,
2024-04-10 06:00:00,17.2,3.266666666666666,146.66666666666666,1.0
2024-04-10 07:00:00,17.2,1.05,504.5,
2024-04-10 08:00:00,17.2,0.0,999.0,
2024-04-10 09:00:00,17.0,3.1666666666666665,401.5,1.0
2024-04-10 10:00:00,16.7,3.933333333333333,150.0,
2024-04-10 11:00:00,16.7,3.6,70.0,
2024-04-10 12:00:00,16.7,2.766666666666667,43.333333333333336,1.0
2024-04-10 13:00:00,17.1,3.6,45.0,
2024-04-10 14:00:00,17.1,4.1,65.0,
2024-04-10 15:00:00,17.2,4.35,195.0,1.0
2024-04-10 16:00:00,17.666666666666668,4.6,316.6666666666667,
2024-04-10 17:00:00,14.375,12.625,302.5,
2024-04-10 18:00:00,14.05,11.825000000000001,322.5,1.0
2024-04-10 19:00:00,15.0,12.9,350.0,
2024-04-10 20:00:00,16.1,10.8,360.0,
2024-04-10 21:00:00,16.1,10.466666666666667,353.3333333333333,0.75
2024-04-10 22:00:00,17.5,11.850000000000001,345.0,
2024-04-10 23:00:00,16.1,11.8,340.0,
2024-04-11 00:00:00,16.1,10.0,335.0,0.75
2024-04-11 01:00:00,15.0,7.2,330.0,
2024-04-11 02:00:00,14.4,6.7,320.0,
2024-04-11 03:00:00,14.15,5.65,315.0,0.625
2024-04-11 04:00:00,11.7,3.1,350.0,0.25
2024-04-11 05:00:00,11.1,2.1,664.5,0.25
2024-04-11 06:00:00,11.399999999999999,2.1,335.0,0.25
2024-04-11 07:00:00,10.6,3.1,300.0,0.0
2024-04-11 08:00:00,10.6,1.5,310.0,0.0
2024-04-11 09:00:00,10.0,2.05,270.0,0.0
2024-04-11 10:00:00,10.6,3.6,270.0,0.0
2024-04-11 11:00:00,11.1,3.1,300.0,0.0
2024-04-11 12:00:00,11.95,3.5999999999999996,310.0,0.0
2024-04-11 13:00:00,13.9,8.8,340.0,0.25
2024-04-11 14:00:00,16.1,7.7,360.0,0.0
2024-04-11 15:00:00,16.950000000000003,7.7,360.0,0.0
2024-04-11 16:00:00,20.0,6.2,360.0,0.25
2024-04-11 17:00:00,21.1,7.2,330.0,0.0
2024-04-11 18:00:00,21.65,7.699999999999999,330.0,0.0
2024-04-11 19:00:00,22.8,6.7,330.0,0.0
2024-04-11 20:00:00,22.8,8.8,320.0,0.0
2024-04-11 21:00:00,23.05,7.75,320.0,0.0
2024-04-11 22:00:00,22.8,8.2,310.0,0.0
2024-04-11 23:00:00,22.2,6.2,330.0,0.0
2024-04-12 00:00:00,21.1,4.9,330.0,0.0
2024-04-12 01:00:00,18.9,3.1,320.0,0.0
2024-04-12 02:00:00,19.4,2.6,300.0,0.0
2024-04-12 03:00:00,18.85,2.85,295.0,0.0
2024-04-12 04:00:00,16.1,3.1,290.0,0.0
2024-04-12 05:00:00,13.9,0.0,999.0,0.0
2024-04-12 06:00:00,13.350000000000001,0.75,589.5,0.0
2024-04-12 07:00:00,11.7,2.6,220.0,0.0
2024-04-12 08:00:00,12.2,2.6,220.0,0.0
2024-04-12 09:00:00,11.95,1.3,609.5,0.0
2024-04-12 10:00:00,10.0,2.1,170.0,0.0
2024-04-12 11:00:00,10.6,0.0,999.0,0.25
2024-04-12 12:00:00,11.149999999999999,0.0,999.0,0.25
2024-04-12 13:00:00,15.6,2.1,170.0,0.25
2024-04-12 14:00:00,19.4,3.1,180.0,0.25
2024-04-12 15:00:00,20.799999999999997,3.8499999999999996,175.0,0.375
2024-04-12 16:00:00,23.3,4.6,180.0,0.5
2024-04-12 17:00:00,25.6,6.2,190.0,0.5
2024-04-12 18:00:00,26.15,5.95,195.0,0.5
2024-04-12 19:00:00,26.1,8.2,170.0,
2024-04-12 20:00:00,26.1,7.7,170.0,
2024-04-12 21:00:00,26.1,7.7,175.0,0.75
2024-04-12 22:00:00,25.6,7.7,170.0,
2024-04-12 23:00:00,23.9,7.2,180.0,
2024-04-13 00:00:00,23.049999999999997,5.65,170.0,0.75
2024-04-13 01:00:00,20.6,4.6,150.0,
2024-04-13 02:00:00,21.1,4.6,160.0,
2024-04-13 03:00:00,21.1,5.15,160.0,0.75
2024-04-13 04:00:00,20.0,5.1,170.0,
2024-04-13 05:00:00,20.0,5.1,584.5,
2024-04-13 06:00:00,19.7,6.4,180.0,0.375
2024-04-13 07:00:00,17.8,4.6,190.0,0.5
2024-04-13 08:00:00,17.8,6.7,190.0,
2024-04-13 09:00:00,17.5,6.7,190.0,0.75
2024-04-13 10:00:00,16.7,5.7,190.0,
2024-04-13 11:00:00,16.7,5.1,190.0,
2024-04-13 12:00:00,16.7,5.1,190.0,0.75
2024-04-13 13:00:00,17.2,6.2,180.0,
2024-04-13 14:00:00,20.6,7.7,190.0,0.5
2024-04-13 15:00:00,21.700000000000003,7.2,180.0,0.375
2024-04-13 16:00:00,24.4,11.3,180.0,0.25
2024-04-13 17:00:00,26.7,12.4,190.0,0.25
2024-04-13 18:00:00,26.4,10.850000000000001,180.0,0.25
2024-04-13 19:00:00,27.2,10.3,170.0,0.25
2024-04-13 20:00:00,27.2,8.8,170.0,0.25
2024-04-13 21:00:00,27.5,10.05,175.0,0.25
2024-04-13 22:00:00,27.2,11.3,170.0,0.25
2024-04-13 23:00:00,26.1,11.3,190.0,0.25
2024-04-14 00:00:00,25.25,9.25,180.0,0.25
2024-04-14 01:00:00,23.3,5.1,170.0,0.5
2024-04-14 02:00:00,22.2,6.2,170.0,0.5
2024-04-14 03:00:00,21.95,6.7,175.0,0.5
2024-04-14 04:00:00,21.1,6.7,180.0,0.5
2024-04-14 05:00:00,20.6,7.2,584.5,0.5
2024-04-14 06:00:00,20.3,7.699999999999999,180.0,0.5
2024-04-14 07:00:00,18.9,7.2,180.0,0.5
2024-04-14 08:00:00,18.9,8.8,190.0,0.5
2024-04-14 09:00:00,18.6,8.5,190.0,0.5
2024-04-14 10:00:00,18.3,7.7,180.0,
2024-04-14 11:00:00,18.3,6.45,190.0,
2024-04-14 12:00:00,18.6,6.2,190.0,1.0
2024-04-14 13:00:00,20.0,6.2,200.0,
2024-04-14 14:00:00,21.1,7.2,190.0,
2024-04-14 15:00:00,22.200000000000003,6.7,195.0,1.0
2024-04-14 16:00:00,25.3,8.75,195.0,0.25
2024-04-14 17:00:00,26.7,7.7,190.0,0.25
2024-04-14 18:00:00,26.95,7.45,190.0,0.25
2024-04-14 19:00:00,26.7,6.2,160.0,0.5
2024-04-14 20:00:00,27.2,7.7,170.0,0.5
2024-04-14 21:00:00,27.2,7.2,170.0,0.5
2024-04-14 22:00:00,27.2,6.7,180.0,
2024-04-14 23:00:00,25.6,8.2,170.0,
2024-04-15 00:00:00,25.0,7.949999999999999,170.0,0.75
2024-04-15 01:00:00,23.9,4.6,170.0,
2024-04-15 02:00:00,23.3,4.1,170.0,
2024-04-15 03:00:00,23.05,4.35,165.0,0.75
2024-04-15 04:00:00,22.8,4.1,160.0,
2024-04-15 05:00:00,22.2,6.2,589.5,
2024-04-15 06:00:00,22.2,7.199999999999999,180.0,0.75
2024-04-15 07:00:00,21.1,6.7,170.0,
2024-04-15 08:00:00,20.8,7.2,170.0,
2024-04-15 09:00:00,20.6,7.400000000000001,176.66666666666666,1.0
2024-04-15 10:00:00,20.6,7.2,180.0,
2024-04-15 11:00:00,21.1,7.2,180.0,
2024-04-15 12:00:00,21.1,6.45,180.0,1.0
2024-04-15 13:00:00,21.7,5.1,170.0,
2024-04-15 14:00:00,21.7,7.7,170.0,
2024-04-15 15:00:00,21.95,7.2,175.0,1.0
2024-04-15 16:00:00,22.2,6.7,150.0,
2024-04-15 17:00:00,23.15,6.45,180.0,
2024-04-15 18:00:00,23.85,6.2,170.0,1.0
2024-04-15 19:00:00,24.4,6.7,180.0,
2024-04-15 20:00:00,24.4,4.6,170.0,
2024-04-15 21:00:00,24.96666666666667,5.666666666666667,143.33333333333334,1.0
2024-04-15 22:00:00,25.6,7.2,150.0,
2024-04-15 23:00:00,25.0,7.2,160.0,
2024-04-16 00:00:00,25.0,7.699999999999999,145.0,1.0
2024-04-16 01:00:00,24.4,3.6,150.0,
2024-04-16 02:00:00,24.15,6.949999999999999,135.0,
2024-04-16 03:00:00,23.6,9.0,140.0,1.0
2024-04-16 04:00:00,23.3,8.25,160.0,
2024-04-16 05:00:00,22.8,7.2,584.5,
2024-04-16 06:00:00,22.8,7.699999999999999,170.0,1.0
2024-04-16 07:00:00,21.95,8.5,165.0,0.5
2024-04-16 08:00:00,21.7,4.6,210.0,
2024-04-16 09:00:00,21.7,5.9,195.0,1.0
2024-04-16 10:00:00,21.1,7.2,170.0,
2024-04-16 11:00:00,21.1,6.7,175.0,
2024-04-16 12:00:00,21.4,6.95,175.0,1.0
2024-04-16 13:00:00,21.4,7.199999999999999,200.0,
2024-04-16 14:00:00,21.25,7.075,195.0,
2024-04-16 15:00:00,22.433333333333334,6.033333333333334,196.66666666666666,0.75
2024-04-16 16:00:00,25.6,4.1,230.0,
2024-04-16 17:00:00,28.3,5.1,250.0,0.5
2024-04-16 18:00:00,29.15,5.65,235.0,0.5
2024-04-16 19:00:00,30.6,6.2,220.0,
2024-04-16 20:00:00,30.6,5.1,200.0,
2024-04-16 21:00:00,30.0,6.15,200.0,0.75
2024-04-16 22:00:00,28.9,5.7,180.0,
2024-04-16 23:00:00,27.2,5.1,170.0,
2024-04-17 00:00:00,26.4,4.35,165.0,0.75
2024-04-17 01:00:00,25.0,5.7,170.0,
2024-04-17 02:00:00,24.4,4.6,180.0,
2024-04-17 03:00:00,24.15,4.6,180.0,0.75
2024-04-17 04:00:00,23.9,5.1,180.0,
2024-04-17 05:00:00,23.3,5.1,589.5,
2024-04-17 06:00:00,23.3,5.833333333333333,190.0,1.0
2024-04-17 07:00:00,22.8,4.1,180.0,
2024-04-17 08:00:00,22.8,3.6,170.0,
2024-04-17 09:00:00,22.5,3.1,165.0,1.0
2024-04-17 10:00:00,21.95,2.1,160.0,
2024-04-17 11:00:00,21.7,2.6,160.0,
2024-04-17 12:00:00,21.7,2.266666666666667,146.66666666666666,1.0
2024-04-17 13:00:00,22.233333333333334,3.266666666666667,166.66666666666666,
2024-04-17 14:00:00,24.4,5.1,190.0,
2024-04-17 15:00:00,25.25,4.1,180.0,0.75
2024-04-17 16:00:00,27.8,4.1,170.0,
2024-04-17 17:00:00,28.9,5.1,160.0,
2024-04-17 18:00:00,28.9,5.4,160.0,0.75
2024-04-17 19:00:00,29.4,7.7,170.0,
2024-04-17 20:00:00,28.9,7.2,150.0,
2024-04-17 21:00:00,28.9,6.15,155.0,0.75
2024-04-17 22:00:00,27.8,5.7,170.0,
2024-04-17 23:00:00,27.2,6.7,160.0,
2024-04-18 00:00:00,26.65,6.2,155.0,0.75
2024-04-18 01:00:00,25.0,7.2,130.0,0.5
2024-04-18 02:00:00,24.4,5.7,160.0,
2024-04-18 03:00:00,24.599999999999998,6.033333333333334,163.33333333333334,0.75
2024-04-18 04:00:00,24.4,6.2,165.0,
2024-04-18 05:00:00,23.3,5.1,579.5,
2024-04-18 06:00:00,23.3,5.1,160.0,0.75
2024-04-18 07:00:00,22.8,4.9,160.0,
2024-04-18 08:00:00,22.1,4.35,160.0,
2024-04-18 09:00:00,21.666666666666668,4.433333333333333,160.0,0.75
2024-04-18 10:00:00,21.066666666666666,4.266666666666667,160.0,0.5
2024-04-18 11:00:00,20.6,3.8499999999999996,165.0,0.375
2024-04-18 12:00:00,21.125,4.225,172.5,0.25
2024-04-18 13:00:00,22.5,4.433333333333333,183.33333333333334,
2024-04-18 14:00:00,23.9,6.2,190.0,
2024-04-18 15:00:00,24.833333333333332,6.366666666666667,190.0,1.0
2024-04-18 16:00:00,26.1,6.2,190.0,
2024-04-18 17:00:00,26.7,4.6,220.0,
2024-04-18 18:00:00,27.233333333333334,4.433333333333333,196.66666666666666,0.625
2024-04-18 19:00:00,28.3,3.766666666666667,196.66666666666666,
2024-04-18 20:00:00,29.4,3.1,160.0,
2024-04-18 21:00:00,29.4,4.65,240.0,0.75
2024-04-18 22:00:00,29.15,7.949999999999999,335.0,0.25
2024-04-18 23:00:00,27.2,6.2,330.0,0.5
2024-04-19 00:00:00,26.65,6.45,330.0,0.5
2024-04-19 01:00:00,23.9,7.7,350.0,
2024-04-19 02:00:00,21.1,9.3,350.0,
2024-04-19 03:00:00,20.55,9.05,350.0,0.75
2024-04-19 04:00:00,18.3,8.2,350.0,
2024-04-19 05:00:00,17.2,7.2,679.5,
2024-04-19 06:00:00,16.95,6.95,190.0,0.75
2024-04-19 07:00:00,16.1,6.7,360.0,
2024-04-19 08:00:00,15.6,7.7,20.0,
2024-04-19 09:00:00,15.6,7.45,15.0,0.75
2024-04-19 10:00:00,15.6,6.7,360.0,
2024-04-19 11:00:00,15.0,6.2,20.0,
2024-04-19 12:00:00,15.0,6.7,15.0,1.0
2024-04-19 13:00:00,15.0,6.7,10.0,
2024-04-19 14:00:00,15.6,6.2,20.0,
2024-04-19 15:00:00,15.850000000000001,5.4,20.0,1.0
2024-04-19 16:00:00,16.7,5.7,350.0,
2024-04-19 17:00:00,17.8,4.1,340.0,
2024-04-19 18:00:00,18.35,4.35,345.0,1.0
2024-04-19 19:00:00,19.4,4.1,20.0,0.5
2024-04-19 20:00:00,20.6,2.6,50.0,
2024-04-19 21:00:00,20.6,2.6,185.0,0.75
2024-04-19 22:00:00,20.6,4.1,360.0,
2024-04-19 23:00:00,20.0,5.1,360.0,
2024-04-20 00:00:00,19.7,5.1,185.0,1.0
2024-04-20 01:00:00,18.95,6.45,10.0,
2024-04-20 02:00:00,18.5,6.533333333333334,130.0,
2024-04-20 03:00:00,18.05,6.45,20.0,1.0
2024-04-20 04:00:00,17.2,5.1,30.0,
2024-04-20 05:00:00,17.2,5.7,519.5,
2024-04-20 06:00:00,16.633333333333333,4.3,33.333333333333336,1.0
2024-04-20 07:00:00,16.1,4.6,20.0,
2024-04-20 08:00:00,15.6,4.6,25.0,
2024-04-20 09:00:00,15.6,5.15,40.0,1.0
2024-04-20 10:00:00,15.0,5.7,70.0,
2024-04-20 11:00:00,14.6,6.975,47.5,
2024-04-20 12:00:00,13.62857142857143,6.785714285714286,92.85714285714286,1.0
2024-04-20 13:00:00,13.175,7.075,50.0,
2024-04-20 14:00:00,12.5,5.15,60.0,
2024-04-20 15:00:00,12.675,5.0,55.0,1.0
2024-04-20 16:00:00,13.05,5.4,50.0,
2024-04-20 17:00:00,12.440000000000001,5.5600000000000005,44.0,
2024-04-20 18:00:00,12.075,5.8,25.0,1.0
2024-04-20 19:00:00,11.2,6.4799999999999995,30.0,
2024-04-20 20:00:00,10.78,7.4,34.0,
2024-04-20 21:00:00,10.0,6.88,26.0,1.0
2024-04-20 22:00:00,9.4,7.733333333333334,40.0,
2024-04-20 23:00:00,9.266666666666667,7.900000000000001,60.0,
2024-04-21 00:00:00,9.4,6.7,35.0,1.0
2024-04-21 01:00:00,9.4,6.3999999999999995,45.0,
2024-04-21 02:00:00,9.799999999999999,5.0,30.0,
2024-04-21 03:00:00,9.799999999999999,5.633333333333333,40.0,1.0
2024-04-21 04:00:00,10.6,3.1,360.0,
2024-04-21 05:00:00,10.6,3.1,674.5,
2024-04-21 06:00:00,10.6,2.85,355.0,1.0
2024-04-21 07:00:00,11.1,3.6,340.0,
2024-04-21 08:00:00,11.1,4.1,360.0,
2024-04-21 09:00:00,11.399999999999999,4.9,190.0,0.75
2024-04-21 10:00:00,11.7,5.1,20.0,
2024-04-21 11:00:00,11.1,6.2,30.0,
2024-04-21 12:00:00,11.1,6.2,30.0,1.0
2024-04-21 13:00:00,12.2,6.2,20.0,
2024-04-21 14:00:00,13.3,6.2,20.0,0.5
2024-04-21 15:00:00,14.15,6.45,20.0,0.375
2024-04-21 16:00:00,16.1,7.2,10.0,0.25
2024-04-21 17:00:00,17.2,5.7,20.0,0.25
2024-04-21 18:00:00,17.5,5.95,185.0,0.25
2024-04-21 19:00:00,17.2,6.7,350.0,0.25
2024-04-21 20:00:00,18.3,5.1,10.0,0.25
2024-04-21 21:00:00,18.3,5.4,25.0,0.25
2024-04-21 22:00:00,18.3,4.6,20.0,0.25
2024-04-21 23:00:00,17.8,5.1,30.0,0.25
2024-04-22 00:00:00,16.7,4.1,30.0,0.25
2024-04-22 01:00:00,13.9,2.6,40.0,0.25
2024-04-22 02:00:00,13.9,2.1,10.0,0.0
2024-04-22 03:00:00,13.9,2.1,185.0,0.0
2024-04-22 04:00:00,13.3,0.0,999.0,0.0
2024-04-22 05:00:00,12.8,0.0,999.0,0.0
2024-04-22 06:00:00,12.5,0.0,999.0,0.0
2024-04-22 07:00:00,11.7,1.5,220.0,0.0
2024-04-22 08:00:00,10.6,0.0,999.0,0.0
2024-04-22 09:00:00,10.3,0.0,999.0,0.0
2024-04-22 10:00:00,9.4,2.1,200.0,0.0
2024-04-22 11:00:00,8.3,0.0,999.0,0.25
2024-04-22 12:00:00,9.45,0.75,589.5,0.25
2024-04-22 13:00:00,13.3,4.1,120.0,0.25
2024-04-22 14:00:00,15.6,4.6,140.0,0.25
2024-04-22 15:00:00,16.15,4.35,145.0,0.25
2024-04-22 16:00:00,17.8,4.1,140.0,0.25
2024-04-22 17:00:00,19.4,4.6,160.0,0.25
2024-04-22 18:00:00,19.4,4.1,175.0,0.125
2024-04-22 19:00:00,20.6,5.1,190.0,0.0
2024-04-22 20:00:00,20.6,5.1,170.0,0.0
2024-04-22 21:00:00,20.85,5.9,170.0,0.0
2024-04-22 22:00:00,21.1,5.7,180.0,0.0
2024-04-22 23:00:00,20.0,6.2,170.0,0.0
2024-04-23 00:00:00,19.45,5.95,170.0,0.0
2024-04-23 01:00:00,18.3,5.1,170.0,0.0
2024-04-23 02:00:00,17.2,4.6,160.0,0.0
2024-04-23 03:00:00,16.95,4.6,165.0,0.0
2024-04-23 04:00:00,16.1,5.1,170.0,0.0
2024-04-23 05:00:00,15.6,4.6,584.5,0.0
2024-04-23 06:00:00,15.850000000000001,4.6,170.0,0.0
2024-04-23 07:00:00,15.6,6.7,190.0,0.0
2024-04-23 08:00:00,15.0,6.2,190.0,0.0
2024-04-23 09:00:00,14.7,5.4,190.0,0.0
2024-04-23 10:00:00,14.4,7.2,190.0,0.0
2024-04-23 11:00:00,13.9,7.7,190.0,0.25
2024-04-23 12:00:00,14.45,7.7,185.0,0.25
2024-04-23 13:00:00,16.7,9.8,200.0,0.5
2024-04-23 14:00:00,18.2,8.566666666666666,190.0,
2024-04-23 15:00:00,19.266666666666666,8.566666666666666,190.0,0.625
2024-04-23 16:00:00,22.2,9.3,180.0,
2024-04-23 17:00:00,23.9,9.3,180.0,
2024-04-23 18:00:00,23.9,10.05,180.0,0.75
2024-04-23 19:00:00,23.3,9.3,190.0,
2024-04-23 20:00:00,23.9,9.3,180.0,
2024-04-23 21:00:00,24.15,9.8,190.0,0.75
2024-04-23 22:00:00,23.9,7.7,180.0,
2024-04-23 23:00:00,23.3,8.8,180.0,
2024-04-24 00:00:00,23.05,6.45,175.0,0.75
2024-04-24 01:00:00,22.2,5.7,170.0,
2024-04-24 02:00:00,21.7,3.6,160.0,
2024-04-24 03:00:00,21.7,3.8499999999999996,155.0,0.75
2024-04-24 04:00:00,21.1,5.1,170.0,
2024-04-24 05:00:00,20.6,5.7,584.5,0.25
2024-04-24 06:00:00,20.3,5.4,170.0,0.25
2024-04-24 07:00:00,19.4,5.1,170.0,0.25
2024-04-24 08:00:00,19.4,5.1,170.0,0.25
2024-04-24 09:00:00,19.15,4.1,180.0,0.25
2024-04-24 10:00:00,18.95,1.8,185.0,
2024-04-24 11:00:00,18.9,0.0,999.0,
2024-04-24 12:00:00,19.433333333333334,1.7333333333333334,426.3333333333333,1.0
2024-04-24 13:00:00,20.6,2.6,160.0,
2024-04-24 14:00:00,22.2,2.6,170.0,
2024-04-24 15:00:00,22.5,2.35,165.0,0.75
2024-04-24 16:00:00,23.85,2.85,190.0,
2024-04-24 17:00:00,26.1,4.1,170.0,
2024-04-24 18:00:00,26.4,4.1,155.0,0.75
2024-04-24 19:00:00,27.2,5.1,150.0,0.5
2024-04-24 20:00:00,26.7,5.1,160.0,
2024-04-24 21:00:00,26.95,6.15,165.0,0.75
2024-04-24 22:00:00,27.2,4.6,160.0,
2024-04-24 23:00:00,26.7,4.1,170.0,
2024-04-25 00:00:00,26.15,3.8499999999999996,175.0,0.75
2024-04-25 01:00:00,23.3,3.1,140.0,
2024-04-25 02:00:00,23.3,3.6,140.0,
2024-04-25 03:00:00,23.6,3.8499999999999996,145.0,0.75
2024-04-25 04:00:00,23.9,3.6,170.0,
2024-04-25 05:00:00,23.3,4.1,584.5,
2024-04-25 06:00:00,23.3,4.35,170.0,0.75
2024-04-25 07:00:00,23.3,5.1,180.0,
2024-04-25 08:00:00,22.8,7.7,190.0,
2024-04-25 09:00:00,22.8,7.45,190.0,1.0
2024-04-25 10:00:00,21.7,6.7,180.0,
2024-04-25 11:00:00,21.1,6.2,180.0,
2024-04-25 12:00:00,21.1,5.4,180.0,1.0
2024-04-25 13:00:00,21.7,5.7,170.0,
2024-04-25 14:00:00,22.8,5.1,180.0,
2024-04-25 15:00:00,23.35,5.4,175.0,0.75
2024-04-25 16:00:00,23.3,6.2,170.0,
2024-04-25 17:00:00,23.3,5.4,160.0,
2024-04-25 18:00:00,23.3,5.95,160.0,1.0
2024-04-25 19:00:00,23.9,7.2,140.0,
2024-04-25 20:00:00,24.7,7.2,155.0,
2024-04-25 21:00:00,25.0,7.2,160.0,1.0
2024-04-25 22:00:00,25.0,8.0,150.0,
2024-04-25 23:00:00,25.0,7.699999999999999,155.0,
2024-04-26 00:00:00,25.0,7.199999999999999,160.0,0.75
2024-04-26 01:00:00,24.4,6.45,150.0,
2024-04-26 02:00:00,23.9,5.4,150.0,
2024-04-26 03:00:00,23.9,6.15,160.0,1.0
2024-04-26 04:00:00,23.95,9.3,170.0,
2024-04-26 05:00:00,23.6,9.3,446.3333333333333,
2024-04-26 06:00:00,23.3,8.75,170.0,1.0
2024-04-26 07:00:00,23.3,10.3,170.0,
2024-04-26 08:00:00,23.3,10.3,170.0,
2024-04-26 09:00:00,23.05,11.3,170.0,1.0
2024-04-26 10:00:00,22.8,8.8,180.0,
2024-04-26 11:00:00,22.8,9.3,180.0,
2024-04-26 12:00:00,22.925,9.675,175.0,1.0
2024-04-26 13:00:00,23.6,10.8,175.0,
2024-04-26 14:00:00,24.7,10.55,175.0,
2024-04-26 15:00:00,24.45,9.3,170.0,0.75
2024-04-26 16:00:00,23.3,9.3,180.0,
2024-04-26 17:00:00,22.47142857142857,10.22857142857143,192.85714285714286,
2024-04-26 18:00:00,22.5,7.325,197.5,1.0
2024-04-26 19:00:00,22.2,7.7,170.0,
2024-04-26 20:00:00,21.7,5.7,190.0,
2024-04-26 21:00:00,21.5,6.033333333333334,170.0,0.75
2024-04-26 22:00:00,23.3,9.8,200.0,
2024-04-26 23:00:00,24.4,5.1,180.0,
2024-04-27 00:00:00,24.15,5.9,170.0,0.75
2024-04-27 01:00:00,23.3,5.7,160.0,
2024-04-27 02:00:00,22.2,8.2,140.0,
2024-04-27 03:00:00,21.65,6.6499999999999995,140.0,0.75
2024-04-27 04:00:00,20.6,4.1,140.0,0.25
2024-04-27 05:00:00,20.6,6.2,569.5,0.25
2024-04-27 06:00:00,20.85,5.95,150.0,0.25
2024-04-27 07:00:00,21.066666666666666,5.133333333333333,156.66666666666666,
2024-04-27 08:00:00,22.2,5.7,160.0,
2024-04-27 09:00:00,22.666666666666668,5.833333333333333,160.0,1.0
2024-04-27 10:00:00,22.8,5.95,160.0,
2024-04-27 11:00:00,22.8,6.7,160.0,
2024-04-27 12:00:00,23.05,6.7,155.0,1.0
2024-04-27 13:00:00,23.3,7.2,160.0,
2024-04-27 14:00:00,23.9,9.8,160.0,
2024-04-27 15:00:00,24.45,9.8,165.0,1.0
2024-04-27 16:00:00,25.55,11.05,165.0,
2024-04-27 17:00:00,26.1,9.3,170.0,
2024-04-27 18:00:00,26.65,10.05,170.0,1.0
2024-04-27 19:00:00,27.2,8.2,170.0,
2024-04-27 20:00:00,27.2,11.3,170.0,
2024-04-27 21:00:00,27.2,9.0,165.0,1.0
2024-04-27 22:00:00,26.7,6.2,150.0,
2024-04-27 23:00:00,26.1,7.7,150.0,
2024-04-28 00:00:00,26.1,6.95,150.0,1.0
2024-04-28 01:00:00,25.6,8.8,150.0,
2024-04-28 02:00:00,25.6,12.100000000000001,150.0,
2024-04-28 03:00:00,25.2,10.133333333333335,153.33333333333334,1.0
2024-04-28 04:00:00,24.4,9.0,160.0,
2024-04-28 05:00:00,23.3,6.2,584.5,
2024-04-28 06:00:00,23.3,7.233333333333334,163.33333333333334,1.0
2024-04-28 07:00:00,23.95,6.7,160.0,
2024-04-28 08:00:00,18.166666666666668,9.983333333333334,220.0,
2024-04-28 09:00:00,16.7,6.45,172.5,
2024-04-28 10:00:00,16.866666666666664,4.966666666666667,156.66666666666666,
2024-04-28 11:00:00,17.2,5.65,150.0,
2024-04-28 12:00:00,17.15,6.825,135.0,1.0
2024-04-28 13:00:00,17.9,5.1,140.0,
2024-04-28 14:00:00,18.9,7.2,150.0,
2024-04-28 15:00:00,19.45,6.45,140.0,1.0
2024-04-28 16:00:00,21.15,6.45,140.0,
2024-04-28 17:00:00,22.5,7.449999999999999,170.0,
2024-04-28 18:00:00,23.333333333333332,7.8999999999999995,176.66666666666666,1.0
2024-04-28 19:00:00,25.0,8.2,180.0,
2024-04-28 20:00:00,24.4,8.8,180.0,
2024-04-28 21:00:00,24.299999999999997,7.225,177.5,0.75
2024-04-28 22:00:00,25.0,5.7,160.0,
2024-04-28 23:00:00,24.4,3.1,170.0,
2024-04-29 00:00:00,23.6,2.85,160.0,0.75
2024-04-29 01:00:00,21.7,1.5,110.0,
2024-04-29 02:00:00,20.0,0.0,999.0,
2024-04-29 03:00:00,20.0,1.05,569.5,0.5
2024-04-29 04:00:00,19.4,2.1,150.0,
2024-04-29 05:00:00,18.95,2.1,433.0,
2024-04-29 06:00:00,18.8,2.5,150.0,0.25
2024-04-29 07:00:00,18.3,2.3,185.0,
2024-04-29 08:00:00,18.3,2.1,220.0,
2024-04-29 09:00:00,18.2,2.266666666666667,206.66666666666666,
2024-04-29 10:00:00,18.175,1.675,397.25,
2024-04-29 11:00:00,18.225,2.975,245.0,
2024-04-29 12:00:00,18.3,2.35,315.0,
2024-04-29 13:00:00,18.9,2.6,40.0,
2024-04-29 14:00:00,18.7,2.4333333333333336,86.66666666666667,
2024-04-29 15:00:00,20.64,0.82,667.4,1.0
2024-04-29 16:00:00,23.6,0.75,999.0,
2024-04-29 17:00:00,26.7,1.5,999.0,
2024-04-29 18:00:00,26.7,0.75,999.0,0.5
2024-04-29 19:00:00,28.9,3.1,30.0,
2024-04-29 20:00:00,28.9,2.1,80.0,
2024-04-29 21:00:00,29.15,2.1,115.0,0.25
2024-04-29 22:00:00,28.3,5.1,130.0,
2024-04-29 23:00:00,26.7,5.1,130.0,
2024-04-30 00:00:00,25.85,4.85,140.0,0.25
2024-04-30 01:00:00,24.4,3.6,170.0,0.25
2024-04-30 02:00:00,22.8,3.1,150.0,0.0
2024-04-30 03:00:00,22.25,2.85,155.0,0.0
2024-04-30 04:00:00,21.1,2.6,150.0,0.0
2024-04-30 05:00:00,20.0,3.1,579.5,0.0
2024-04-30 06:00:00,20.0,3.35,160.0,0.0
2024-04-30 07:00:00,20.0,2.6,180.0,0.25
2024-04-30 08:00:00,20.0,2.6,150.0,0.25
2024-04-30 09:00:00,20.700000000000003,3.8499999999999996,170.0,0.25
2024-04-30 10:00:00,21.1,4.6,200.0,
2024-04-30 11:00:00,21.1,5.7,190.0,
2024-04-30 12:00:00,21.46666666666667,4.8,193.33333333333334,1.0
2024-04-30 13:00:00,22.400000000000002,4.8,180.0,0.5
2024-04-30 14:00:00,24.4,6.2,190.0,0.5
2024-04-30 15:00:00,24.8,6.866666666666667,190.0,0.5
2024-04-30 16:00:00,25.6,6.2,190.0,
2024-04-30 17:00:00,25.0,5.7,170.0,
2024-04-30 18:00:00,25.85,5.95,175.0,1.0
2024-04-30 19:00:00,27.2,7.2,170.0,
2024-04-30 20:00:00,27.25,6.2,160.0,0.5
2024-04-30 21:00:00,27.5,6.2,170.0,0.5
2024-04-30 22:00:00,26.7,7.2,170.0,
2024-04-30 23:00:00,27.2,6.7,160.0,0.25
2024-05-01 00:00:00,26.7,6.2,160.0,
2024-05-01 01:00:00,26.1,6.7,150.0,
2024-05-01 02:00:00,25.6,4.6,150.0,
2024-05-01 03:00:00,25.0,5.1,170.0,
2024-05-01 04:00:00,25.0,5.1,160.0,
2024-05-01 05:00:00,24.4,6.2,722.6666666666666,
2024-05-01 06:00:00,23.9,5.7,160.0,
2024-05-01 07:00:00,23.3,6.2,360.0,
2024-05-01 08:00:00,22.2,5.1,30.0,
2024-05-01 09:00:00,21.1,2.6,110.0,0.5
2024-05-01 10:00:00,21.7,5.7,110.0,
2024-05-01 11:00:00,20.6,4.6,130.0,
2024-05-01 12:00:00,21.7,4.1,140.0,0.5
2024-05-01 13:00:00,22.8,5.7,140.0,
2024-05-01 14:00:00,23.9,7.2,150.0,
2024-05-01 15:00:00,25.0,5.1,170.0,
2024-05-01 16:00:00,25.6,4.6,140.0,
2024-05-01 17:00:00,25.6,4.1,140.0,
2024-05-01 18:00:00,26.1,3.6,150.0,
2024-05-01 19:00:00,26.7,5.7,110.0,
2024-05-01 20:00:00,26.7,5.7,130.0,
2024-05-01 21:00:00,27.2,6.2,140.0,
2024-05-01 22:00:00,26.7,7.7,140.0,
2024-05-01 23:00:00,26.7,7.2,130.0,0.5
2024-05-02 00:00:00,26.4,6.15,135.0,0.5
2024-05-02 01:00:00,25.6,5.7,150.0,
2024-05-02 02:00:00,24.4,5.1,170.0,
2024-05-02 03:00:00,24.15,5.9,160.0,0.75
2024-05-02 04:00:00,23.333333333333332,7.566666666666666,156.66666666666666,
2024-05-02 05:00:00,21.7,6.7,579.5,
2024-05-02 06:00:00,21.775,6.3,177.5,1.0
2024-05-02 07:00:00,20.6,6.2,180.0,
2024-05-02 08:00:00,20.0,5.1,280.0,
2024-05-02 09:00:00,18.95,5.75,190.0,1.0
2024-05-02 10:00:00,18.3,4.6,100.0,
2024-05-02 11:00:00,18.3,3.6,130.0,
2024-05-02 12:00:00,18.6,3.6,130.0,1.0
2024-05-02 13:00:00,19.45,3.8499999999999996,140.0,
2024-05-02 14:00:00,21.7,4.6,160.0,
2024-05-02 15:00:00,22.5,4.1,160.0,0.625
2024-05-02 16:00:00,24.4,6.2,150.0,
2024-05-02 17:00:00,24.4,4.1,170.0,
2024-05-02 18:00:00,24.7,4.35,155.0,1.0
2024-05-02 19:00:00,25.6,5.1,170.0,
2024-05-02 20:00:00,26.1,5.7,180.0,
2024-05-02 21:00:00,26.1,5.4,185.0,0.75
2024-05-02 22:00:00,25.6,4.1,170.0,
2024-05-02 23:00:00,25.0,5.7,170.0,
2024-05-03 00:00:00,24.7,4.4,170.0,1.0
2024-05-03 01:00:00,24.4,3.1,170.0,
2024-05-03 02:00:00,24.399999999999995,1.5333333333333332,456.3333333333333,
2024-05-03 03:00:00,24.15,4.65,190.0,0.75
2024-05-03 04:00:00,23.3,8.8,170.0,
2024-05-03 05:00:00,23.3,0.0,999.0,
2024-05-03 06:00:00,23.333333333333332,0.7000000000000001,709.3333333333334,1.0
2024-05-03 07:00:00,21.95,3.1,100.0,
2024-05-03 08:00:00,20.0,2.6,120.0,0.25
2024-05-03 09:00:00,20.3,2.35,225.0,0.25
2024-05-03 10:00:00,20.6,3.1,330.0,0.25
2024-05-03 11:00:00,20.0,3.1,320.0,0.5
2024-05-03 12:00:00,21.1,2.6,175.0,0.5
2024-05-03 13:00:00,22.8,1.8,70.0,
2024-05-03 14:00:00,23.05,4.6,135.0,
2024-05-03 15:00:00,23.6,5.375,130.0,1.0
2024-05-03 16:00:00,24.8,4.8,113.33333333333333,0.5
2024-05-03 17:00:00,27.2,3.1,140.0,0.5
2024-05-03 18:00:00,27.5,4.1,140.0,0.5
2024-05-03 19:00:00,27.2,5.7,160.0,
2024-05-03 20:00:00,27.8,7.7,170.0,
2024-05-03 21:00:00,27.8,7.45,175.0,0.75
2024-05-03 22:00:00,27.2,6.2,180.0,
2024-05-03 23:00:00,26.1,7.2,180.0,
2024-05-04 00:00:00,25.85,6.15,200.0,1.0
2024-05-04 01:00:00,24.7,5.4,215.0,
2024-05-04 02:00:00,23.05,6.4,245.0,
2024-05-04 03:00:00,20.933333333333334,2.733333333333333,513.0,1.0
2024-05-04 04:00:00,21.7,8.2,170.0,
2024-05-04 05:00:00,20.6,5.7,599.5,
2024-05-04 06:00:00,21.15,5.7,190.0,0.75
2024-05-04 07:00:00,21.1,1.5,100.0,0.5
2024-05-04 08:00:00,20.8,4.85,105.0,
2024-05-04 09:00:00,20.6,4.85,125.0,0.75
2024-05-04 10:00:00,19.75,4.225,135.0,0.5
2024-05-04 11:00:00,20.0,3.6,150.0,
2024-05-04 12:00:00,20.3,3.6,150.0,0.75
2024-05-04 13:00:00,21.05,5.15,145.0,
2024-05-04 14:00:00,21.1,2.1,120.0,
2024-05-04 15:00:00,21.675,2.45,92.5,1.0
2024-05-04 16:00:00,23.05,5.15,110.0,
2024-05-04 17:00:00,25.0,5.7,120.0,
2024-05-04 18:00:00,25.55,5.7,115.0,0.75
2024-05-04 19:00:00,26.7,3.6,140.0,
2024-05-04 20:00:00,27.2,3.6,130.0,
2024-05-04 21:00:00,26.65,3.6,125.0,1.0
2024-05-04 22:00:00,25.6,6.2,170.0,
2024-05-04 23:00:00,25.6,4.1,140.0,
2024-05-05 00:00:00,25.3,3.3499999999999996,125.0,1.0
2024-05-05 01:00:00,24.4,4.1,120.0,
2024-05-05 02:00:00,25.0,3.35,135.0,
2024-05-05 03:00:00,22.8,2.85,120.0,1.0
2024-05-05 04:00:00,21.1,2.1,170.0,
2024-05-05 05:00:00,20.675,4.75,281.8,
2024-05-05 06:00:00,19.45,4.525,150.0,1.0
2024-05-05 07:00:00,19.199999999999996,4.0285714285714285,230.0,
2024-05-05 08:00:00,18.9,3.1,172.5,
2024-05-05 09:00:00,18.9,5.4,120.0,1.0
2024-05-05 10:00:00,19.066666666666666,4.1,246.66666666666666,
2024-05-05 11:00:00,19.4,1.5,90.0,
2024-05-05 12:00:00,19.7,0.75,542.0,1.0
2024-05-05 13:00:00,20.8,0.0,999.0,
2024-05-05 14:00:00,21.1,1.5,130.0,
2024-05-05 15:00:00,21.4,0.75,564.5,1.0
2024-05-05 16:00:00,22.2,1.5,210.0,
2024-05-05 17:00:00,23.9,2.1,250.0,
2024-05-05 18:00:00,25.0,1.8,624.5,0.75
2024-05-05 19:00:00,26.4,1.05,659.5,0.5
2024-05-05 20:00:00,26.7,0.0,999.0,0.5
2024-05-05 21:00:00,26.7,0.75,554.5,0.5
2024-05-05 22:00:00,26.1,3.6,110.0,
2024-05-05 23:00:00,26.1,3.6,170.0,
2024-05-06 00:00:00,25.25,2.85,150.0,0.75
2024-05-06 01:00:00,24.4,4.1,140.0,
2024-05-06 02:00:00,24.4,3.6,140.0,
2024-05-06 03:00:00,24.15,3.6,155.0,0.75
2024-05-06 04:00:00,23.3,3.1,180.0,
2024-05-06 05:00:00,23.3,3.6,584.5,
2024-05-06 06:00:00,22.766666666666666,4.1,163.33333333333334,0.625
2024-05-06 07:00:00,21.7,3.6,150.0,0.25
2024-05-06 08:00:00,21.7,3.6,150.0,
2024-05-06 09:00:00,21.95,3.8499999999999996,160.0,0.75
2024-05-06 10:00:00,22.2,5.7,165.0,
2024-05-06 11:00:00,22.2,5.7,160.0,
2024-05-06 12:00:00,22.2,4.966666666666666,160.0,1.0
2024-05-06 13:00:00,22.8,5.7,170.0,
2024-05-06 14:00:00,23.9,6.2,170.0,
2024-05-06 15:00:00,24.15,6.2,160.0,1.0
2024-05-06 16:00:00,25.0,5.1,170.0,
2024-05-06 17:00:00,26.95,8.5,170.0,
2024-05-06 18:00:00,26.95,7.949999999999999,170.0,0.75
2024-05-06 19:00:00,28.3,8.2,160.0,
2024-05-06 20:00:00,28.3,7.2,170.0,
2024-05-06 21:00:00,28.05,7.45,165.0,0.75
2024-05-06 22:00:00,27.8,9.8,170.0,
2024-05-06 23:00:00,27.2,9.8,170.0,
2024-05-07 00:00:00,26.95,9.8,170.0,0.75
2024-05-07 01:00:00,26.7,8.2,170.0,0.5
2024-05-07 02:00:00,25.6,7.2,180.0,0.25
2024-05-07 03:00:00,25.6,8.5,180.0,0.25
2024-05-07 04:00:00,25.0,7.7,180.0,0.25
2024-05-07 05:00:00,24.4,10.3,594.5,0.25
2024-05-07 06:00:00,24.15,9.8,190.0,0.375
2024-05-07 07:00:00,23.3,8.8,200.0,0.5
2024-05-07 08:00:00,23.9,8.2,200.0,
2024-05-07 09:00:00,23.9,7.699999999999999,205.0,1.0
2024-05-07 10:00:00,23.3,4.6,210.0,
2024-05-07 11:00:00,22.8,4.6,210.0,0.5
2024-05-07 12:00:00,23.35,4.35,205.0,0.375
2024-05-07 13:00:00,25.0,5.1,210.0,0.5
2024-05-07 14:00:00,27.2,4.6,260.0,0.25
2024-05-07 15:00:00,28.299999999999997,3.5999999999999996,280.0,0.25
2024-05-07 16:00:00,30.6,4.6,350.0,0.25
2024-05-07 17:00:00,31.1,1.5,999.0,
2024-05-07 18:00:00,31.7,2.1,999.0,0.25
2024-05-07 19:00:00,31.1,1.5,190.0,0.25
2024-05-07 20:00:00,31.7,2.6,210.0,0.25
2024-05-07 21:00:00,31.950000000000003,2.35,200.0,0.25
2024-05-07 22:00:00,31.7,6.7,170.0,0.25
2024-05-07 23:00:00,30.6,6.7,170.0,0.5
2024-05-08 00:00:00,29.4,5.1,170.0,0.5
2024-05-08 01:00:00,28.3,5.1,170.0,0.5
2024-05-08 02:00:00,27.2,4.1,170.0,0.25
2024-05-08 03:00:00,27.2,4.9,170.0,0.25
2024-05-08 04:00:00,26.1,3.6,150.0,0.25
2024-05-08 05:00:00,26.7,6.2,584.5,0.25
2024-05-08 06:00:00,26.4,6.45,170.0,0.25
2024-05-08 07:00:00,25.6,7.2,170.0,
2024-05-08 08:00:00,25.6,8.8,180.0,
2024-05-08 09:00:00,25.0,9.8,185.0,
2024-05-08 10:00:00,24.4,6.2,180.0,
2024-05-08 11:00:00,24.4,6.95,180.0,
2024-05-08 12:00:00,24.599999999999998,7.699999999999999,180.0,0.6666666666666666
2024-05-08 13:00:00,26.85,7.949999999999999,180.0,
2024-05-08 14:00:00,27.8,8.25,195.0,
2024-05-08 15:00:00,28.35,9.05,205.0,0.75
2024-05-08 16:00:00,30.6,7.2,210.0,
2024-05-08 17:00:00,32.2,8.2,190.0,
2024-05-08 18:00:00,33.3,8.2,200.0,
2024-05-08 19:00:00,33.3,7.2,190.0,
2024-05-08 20:00:00,35.0,7.2,210.0,0.5
2024-05-08 21:00:00,35.0,6.7,210.0,0.5
2024-05-08 22:00:00,33.3,5.1,180.0,0.5
2024-05-08 23:00:00,34.4,4.6,300.0,0.5
2024-05-09 00:00:00,32.766666666666666,4.966666666666666,313.3333333333333,0.5
2024-05-09 01:00:00,30.3,4.1,305.0,0.375
2024-05-09 02:00:00,25.0,3.6,20.0,0.25
2024-05-09 03:00:00,25.0,3.1,25.0,0.25
2024-05-09 04:00:00,24.4,3.1,40.0,0.5
2024-05-09 05:00:00,25.0,1.5,539.5,0.5
2024-05-09 06:00:00,23.35,1.5,75.0,0.375
2024-05-09 07:00:00,22.2,2.1,100.0,0.25
2024-05-09 08:00:00,21.7,2.6,60.0,0.25
2024-05-09 09:00:00,21.866666666666664,2.9333333333333336,40.0,0.25
2024-05-09 10:00:00,22.8,0.0,999.0,
2024-05-09 11:00:00,22.8,2.6,20.0,
2024-05-09 12:00:00,22.8,3.5999999999999996,25.0,1.0
2024-05-09 13:00:00,23.95,4.85,20.0,
2024-05-09 14:00:00,23.9,4.1,30.0,
2024-05-09 15:00:00,24.75,4.6,50.0,1.0
2024-05-09 16:00:00,26.7,4.1,70.0,
2024-05-09 17:00:00,27.5,2.85,60.0,
2024-05-09 18:00:00,27.766666666666666,3.4333333333333336,100.0,0.75
2024-05-09 19:00:00,28.2,3.766666666666667,66.66666666666667,
2024-05-09 20:00:00,25.549999999999997,7.5,20.0,
2024-05-09 21:00:00,21.675,9.15,97.5,1.0
2024-05-09 22:00:00,20.6,5.95,25.0,
2024-05-09 23:00:00,23.3,4.6,60.0,
2024-05-10 00:00:00,23.05,5.4,45.0,0.75
2024-05-10 01:00:00,21.7,6.7,10.0,
2024-05-10 02:00:00,18.9,5.1,360.0,
2024-05-10 03:00:00,18.9,5.65,360.0,0.75
2024-05-10 04:00:00,18.3,4.1,10.0,0.5
2024-05-10 05:00:00,18.3,4.1,679.5,0.25
2024-05-10 06:00:00,18.6,4.1,360.0,0.25
2024-05-10 07:00:00,18.3,3.1,20.0,
2024-05-10 08:00:00,18.3,4.6,20.0,0.25
2024-05-10 09:00:00,18.05,4.1,20.0,0.25
2024-05-10 10:00:00,17.8,3.6,10.0,
2024-05-10 11:00:00,18.9,2.1,350.0,
2024-05-10 12:00:00,19.15,3.0999999999999996,185.0,0.75
2024-05-10 13:00:00,21.1,5.1,10.0,0.5
2024-05-10 14:00:00,22.8,5.7,40.0,0.5
2024-05-10 15:00:00,23.9,5.95,40.0,0.375
2024-05-10 16:00:00,26.1,6.7,50.0,0.25
2024-05-10 17:00:00,27.2,6.7,30.0,0.25
2024-05-10 18:00:00,27.5,6.7,40.0,0.25
2024-05-10 19:00:00,27.8,7.7,10.0,
2024-05-10 20:00:00,28.3,6.7,360.0,
2024-05-10 21:00:00,28.05,6.45,205.0,0.75
2024-05-10 22:00:00,27.8,5.7,30.0,
2024-05-10 23:00:00,26.7,6.7,10.0,
2024-05-11 00:00:00,25.85,5.4,20.0,0.75
2024-05-11 01:00:00,22.8,3.1,30.0,
2024-05-11 02:00:00,23.3,4.6,20.0,
2024-05-11 03:00:00,22.75,4.35,20.0,0.75
2024-05-11 04:00:00,21.7,3.1,10.0,
2024-05-11 05:00:00,21.1,4.1,519.5,
2024-05-11 06:00:00,20.85,3.8499999999999996,30.0,0.75
2024-05-11 07:00:00,20.6,2.1,10.0,
2024-05-11 08:00:00,18.3,2.6,50.0,
2024-05-11 09:00:00,18.6,2.6,55.0,0.75
2024-05-11 10:00:00,18.3,1.5,50.0,
2024-05-11 11:00:00,18.9,2.1,70.0,
2024-05-11 12:00:00,19.45,1.05,534.5,0.75
2024-05-11 13:00:00,22.2,1.5,100.0,
2024-05-11 14:00:00,23.9,3.6,130.0,
2024-05-11 15:00:00,24.15,4.1,105.0,0.75
2024-05-11 16:00:00,25.6,4.6,110.0,
2024-05-11 17:00:00,25.6,6.2,100.0,
2024-05-11 18:00:00,26.15,5.65,100.0,1.0
2024-05-11 19:00:00,26.1,5.1,90.0,
2024-05-11 20:00:00,25.6,5.1,100.0,
2024-05-11 21:00:00,25.3,4.1,95.0,1.0
2024-05-11 22:00:00,24.4,3.1,100.0,
2024-05-11 23:00:00,23.9,2.1,60.0,
2024-05-12 00:00:00,23.049999999999997,2.6,80.0,1.0
2024-05-12 01:00:00,21.7,0.0,999.0,
2024-05-12 02:00:00,20.6,3.1,340.0,
2024-05-12 03:00:00,20.3,2.3,220.0,1.0
2024-05-12 04:00:00,20.0,3.1,140.0,
2024-05-12 05:00:00,20.0,2.85,409.6666666666667,
2024-05-12 06:00:00,18.866666666666667,2.6,116.66666666666667,1.0
2024-05-12 07:00:00,18.9,2.1,70.0,
2024-05-12 08:00:00,18.9,1.5,40.0,
2024-05-12 09:00:00,18.6,1.5,65.0,0.75
2024-05-12 10:00:00,18.9,2.1,90.0,
2024-05-12 11:00:00,18.9,2.6,110.0,
2024-05-12 12:00:00,19.15,2.05,100.0,0.75
2024-05-12 13:00:00,20.0,5.7,120.0,
2024-05-12 14:00:00,20.0,4.1,100.0,
2024-05-12 15:00:00,18.866666666666667,5.466666666666666,116.66666666666667,1.0
2024-05-12 16:00:00,18.3,3.9000000000000004,160.0,
2024-05-12 17:00:00,18.9,2.1,110.0,
2024-05-12 18:00:00,18.6,2.45,70.0,1.0
2024-05-12 19:00:00,18.9,4.1,43.333333333333336,
2024-05-12 20:00:00,20.0,5.1,70.0,
2024-05-12 21:00:00,19.599999999999998,5.3,70.0,1.0
2024-05-12 22:00:00,18.924999999999997,3.9749999999999996,82.5,
2024-05-12 23:00:00,18.9,3.766666666666667,96.66666666666667,
2024-05-13 00:00:00,18.9,3.933333333333333,106.66666666666667,1.0
2024-05-13 01:00:00,18.924999999999997,3.1,107.5,
2024-05-13 02:00:00,18.9,1.8,95.0,
2024-05-13 03:00:00,18.9,2.4333333333333336,103.33333333333333,1.0
2024-05-13 04:00:00,18.3,2.766666666666667,96.66666666666667,0.5
2024-05-13 05:00:00,18.2,3.1,337.25,
2024-05-13 06:00:00,18.2,3.1,133.33333333333334,0.75
2024-05-13 07:00:00,18.3,1.5,180.0,
2024-05-13 08:00:00,18.3,2.1,170.0,
2024-05-13 09:00:00,18.240000000000002,2.4,194.0,1.0
2024-05-13 10:00:00,18.6,1.8,210.0,
2024-05-13 11:00:00,18.9,2.6,310.0,
2024-05-13 12:00:00,19.15,1.7000000000000002,494.75,1.0
2024-05-13 13:00:00,20.0,1.5,205.0,
2024-05-13 14:00:00,21.05,0.0,999.0,
2024-05-13 15:00:00,22.400000000000002,0.0,999.0,0.75
2024-05-13 16:00:00,23.3,0.75,574.5,
2024-05-13 17:00:00,25.0,2.6,320.0,
2024-05-13 18:00:00,25.766666666666666,3.1,556.3333333333334,0.75
2024-05-13 19:00:00,26.7,4.6,330.0,
2024-05-13 20:00:00,27.8,4.1,340.0,
2024-05-13 21:00:00,27.8,4.35,335.0,0.75
2024-05-13 22:00:00,29.4,4.6,320.0,
2024-05-13 23:00:00,28.9,5.7,330.0,
2024-05-14 00:00:00,28.049999999999997,5.95,320.0,0.625
2024-05-14 01:00:00,25.0,4.1,310.0,0.25
2024-05-14 02:00:00,24.4,3.1,320.0,0.25
2024-05-14 03:00:00,23.85,3.5999999999999996,320.0,0.125
2024-05-14 04:00:00,22.2,3.6,310.0,0.0
2024-05-14 05:00:00,21.1,3.1,659.5,0.25
2024-05-14 06:00:00,20.85,3.8499999999999996,315.0,0.25
2024-05-14 07:00:00,20.0,4.6,320.0,0.0
2024-05-14 08:00:00,18.9,3.6,320.0,0.0
2024-05-14 09:00:00,18.6,3.8499999999999996,320.0,0.0
2024-05-14 10:00:00,18.3,3.6,310.0,0.0
2024-05-14 11:00:00,17.8,3.6,320.0,0.0
2024-05-14 12:00:00,18.6,3.6,330.0,0.0
2024-05-14 13:00:00,21.7,3.6,320.0,0.0
2024-05-14 14:00:00,22.8,2.6,350.0,0.0
2024-05-14 15:00:00,23.9,3.1,335.0,0.25
2024-05-14 16:00:00,25.6,5.1,320.0,0.25
2024-05-14 17:00:00,27.2,5.7,300.0,0.25
2024-05-14 18:00:00,27.75,5.95,300.0,0.25
2024-05-14 19:00:00,28.3,5.7,310.0,0.25
2024-05-14 20:00:00,29.4,5.7,350.0,0.25
2024-05-14 21:00:00,29.4,5.4,345.0,0.125
2024-05-14 22:00:00,29.4,3.6,330.0,0.0
2024-05-14 23:00:00,28.9,1.5,360.0,0.0
2024-05-15 00:00:00,28.35,2.05,350.0,0.0
2024-05-15 01:00:00,25.0,1.5,20.0,0.25
2024-05-15 02:00:00,24.4,0.0,999.0,0.0
2024-05-15 03:00:00,24.15,0.75,569.5,0.0
2024-05-15 04:00:00,22.8,0.0,999.0,0.0
2024-05-15 05:00:00,22.2,1.5,564.5,0.0
2024-05-15 06:00:00,21.4,1.8,135.0,0.0
2024-05-15 07:00:00,20.6,0.0,999.0,0.0
2024-05-15 08:00:00,18.9,0.0,999.0,0.0
2024-05-15 09:00:00,18.9,1.3,594.5,0.0
2024-05-15 10:00:00,18.3,0.0,999.0,0.0
2024-05-15 11:00:00,18.9,1.5,140.0,0.25
2024-05-15 12:00:00,19.75,1.5,125.0,0.25
2024-05-15 13:00:00,23.9,3.6,170.0,0.5
2024-05-15 14:00:00,26.7,4.1,170.0,
2024-05-15 15:00:00,27.799999999999997,4.6,180.0,0.75
2024-05-15 16:00:00,30.0,5.7,160.0,
2024-05-15 17:00:00,31.1,6.7,170.0,
2024-05-15 18:00:00,31.4,5.9,170.0,0.75
2024-05-15 19:00:00,32.2,7.2,170.0,
2024-05-15 20:00:00,32.2,5.1,180.0,
2024-05-15 21:00:00,31.650000000000002,6.4,175.0,0.75
2024-05-15 22:00:00,30.6,6.7,150.0,
2024-05-15 23:00:00,29.4,7.2,140.0,
2024-05-16 00:00:00,28.85,6.95,140.0,0.75
2024-05-16 01:00:00,27.2,4.6,150.0,
2024-05-16 02:00:00,27.2,6.2,140.0,
2024-05-16 03:00:00,26.95,6.95,145.0,1.0
2024-05-16 04:00:00,26.1,7.2,160.0,0.5
2024-05-16 05:00:00,25.0,3.6,579.5,0.5
2024-05-16 06:00:00,25.400000000000002,3.9333333333333336,186.66666666666666,0.5
2024-05-16 07:00:00,24.45,4.35,160.0,
2024-05-16 08:00:00,23.3,2.6,320.0,
2024-05-16 09:00:00,22.75,2.85,215.0,1.0
2024-05-16 10:00:00,22.8,4.1,170.0,
2024-05-16 11:00:00,23.3,5.7,170.0,
2024-05-16 12:00:00,23.6,6.2,175.0,0.75
2024-05-16 13:00:00,23.3,6.675,347.5,
2024-05-16 14:00:00,22.03333333333333,7.866666666666666,330.0,
2024-05-16 15:00:00,20.55,5.8999999999999995,180.0,1.0
2024-05-16 16:00:00,19.2,4.1,55.0,
2024-05-16 17:00:00,19.099999999999998,4.466666666666667,106.66666666666667,
2024-05-16 18:00:00,19.880000000000003,8.34,118.0,1.0
2024-05-16 19:00:00,20.0,7.949999999999999,145.0,
2024-05-16 20:00:00,18.9,8.8,150.0,
2024-05-16 21:00:00,18.9,8.433333333333334,143.33333333333334,1.0
2024-05-16 22:00:00,19.7,7.199999999999999,330.0,
2024-05-16 23:00:00,21.1,2.6,10.0,
2024-05-17 00:00:00,20.85,2.6,85.0,0.75
2024-05-17 01:00:00,19.4,3.6,200.0,
2024-05-17 02:00:00,19.4,4.6,220.0,
2024-05-17 03:00:00,19.4,4.85,230.0,0.75
2024-05-17 04:00:00,19.4,6.7,260.0,
2024-05-17 05:00:00,20.0,4.1,619.5,
2024-05-17 06:00:00,19.15,2.8,205.0,0.75
2024-05-17 07:00:00,17.8,1.5,220.0,
2024-05-17 08:00:00,17.2,1.5,250.0,0.5
2024-05-17 09:00:00,17.5,2.8,250.0,0.5
2024-05-17 10:00:00,17.8,3.6,300.0,
2024-05-17 11:00:00,18.3,3.1,280.0,
2024-05-17 12:00:00,18.85,3.1,280.0,0.5
2024-05-17 13:00:00,20.0,4.1,250.0,
2024-05-17 14:00:00,22.9,3.35,275.0,0.5
2024-05-17 15:00:00,23.35,3.8499999999999996,280.0,0.375
2024-05-17 16:00:00,25.6,3.1,300.0,0.25
2024-05-17 17:00:00,27.2,4.6,260.0,0.5
2024-05-17 18:00:00,27.5,5.4,280.0,0.5
2024-05-17 19:00:00,28.9,3.6,330.0,0.5
2024-05-17 20:00:00,28.3,5.7,350.0,
2024-05-17 21:00:00,28.3,5.7,350.0,0.625
2024-05-17 22:00:00,28.9,4.1,360.0,0.5
2024-05-17 23:00:00,28.3,0.0,999.0,0.5
2024-05-18 00:00:00,27.75,0.0,999.0,0.5
2024-05-18 01:00:00,26.1,2.6,350.0,0.5
2024-05-18 02:00:00,26.7,1.5,360.0,0.5
2024-05-18 03:00:00,25.299999999999997,0.75,679.5,0.5
2024-05-18 04:00:00,23.3,2.1,150.0,0.25
2024-05-18 05:00:00,22.8,0.0,999.0,0.25
2024-05-18 06:00:00,22.5,1.3,609.5,0.125
2024-05-18 07:00:00,21.7,3.1,210.0,0.0
2024-05-18 08:00:00,21.1,2.6,190.0,0.0
2024-05-18 09:00:00,20.85,2.85,180.0,0.0
2024-05-18 10:00:00,20.6,2.6,190.0,0.0
2024-05-18 11:00:00,20.6,3.6,190.0,0.0
2024-05-18 12:00:00,21.4,3.6,195.0,0.25
2024-05-18 13:00:00,23.9,5.7,190.0,0.0
2024-05-18 14:00:00,25.6,5.1,200.0,0.25
2024-05-18 15:00:00,26.15,3.8499999999999996,185.0,0.25
2024-05-18 16:00:00,27.8,4.1,180.0,0.25
2024-05-18 17:00:00,29.4,2.6,999.0,0.25
2024-05-18 18:00:00,30.25,3.3499999999999996,574.5,0.25
2024-05-18 19:00:00,31.1,3.6,150.0,0.25
2024-05-18 20:00:00,32.2,3.6,160.0,0.25
2024-05-18 21:00:00,32.5,3.8499999999999996,180.0,0.25
2024-05-18 22:00:00,32.8,3.6,160.0,0.25
2024-05-18 23:00:00,31.7,4.6,140.0,0.25
2024-05-19 00:00:00,30.549999999999997,4.6,130.0,0.25
2024-05-19 01:00:00,28.3,4.1,130.0,0.0
2024-05-19 02:00:00,27.2,3.6,130.0,0.0
2024-05-19 03:00:00,26.95,3.6,125.0,0.0
2024-05-19 04:00:00,26.1,4.1,120.0,0.0
2024-05-19 05:00:00,25.6,3.6,559.5,0.0
2024-05-19 06:00:00,25.3,3.6,125.0,0.0
2024-05-19 07:00:00,23.9,3.6,130.0,0.0
2024-05-19 08:00:00,23.3,2.6,140.0,0.0
2024-05-19 09:00:00,23.05,2.6,130.0,0.0
2024-05-19 10:00:00,22.2,2.6,130.0,0.0
2024-05-19 11:00:00,22.2,2.1,120.0,0.0
2024-05-19 12:00:00,23.049999999999997,2.1,135.0,0.0
2024-05-19 13:00:00,26.1,4.1,170.0,0.25
2024-05-19 14:00:00,27.8,5.1,170.0,0.25
2024-05-19 15:00:00,28.6,5.4,165.0,0.25
2024-05-19 16:00:00,30.6,7.7,180.0,0.5
2024-05-19 17:00:00,31.1,7.2,160.0,0.5
2024-05-19 18:00:00,31.650000000000002,7.45,160.0,0.375
2024-05-19 19:00:00,32.2,7.2,170.0,0.25
2024-05-19 20:00:00,32.2,7.7,180.0,0.25
2024-05-19 21:00:00,32.2,7.2,180.0,0.25
2024-05-19 22:00:00,31.7,8.8,170.0,0.25
2024-05-19 23:00:00,31.1,7.2,170.0,0.25
2024-05-20 00:00:00,30.55,7.699999999999999,170.0,0.25
2024-05-20 01:00:00,28.9,5.7,160.0,0.25
2024-05-20 02:00:00,27.8,5.1,170.0,0.25
2024-05-20 03:00:00,27.5,5.1,165.0,0.25
2024-05-20 04:00:00,26.7,4.1,170.0,0.0
2024-05-20 05:00:00,25.6,4.1,574.5,0.0
2024-05-20 06:00:00,25.6,4.6,155.0,0.0
2024-05-20 07:00:00,25.0,7.2,170.0,0.25
2024-05-20 08:00:00,25.0,7.2,180.0,0.5
2024-05-20 09:00:00,24.45,6.7,180.0,0.375
2024-05-20 10:00:00,23.3,5.1,180.0,0.25
2024-05-20 11:00:00,22.8,4.6,160.0,0.25
2024-05-20 12:00:00,23.35,5.15,160.0,0.25
2024-05-20 13:00:00,25.6,6.2,170.0,0.25
2024-05-20 14:00:00,27.2,7.2,170.0,0.0
2024-05-20 15:00:00,28.049999999999997,7.699999999999999,170.0,0.0
2024-05-20 16:00:00,30.0,8.8,180.0,0.0
2024-05-20 17:00:00,31.1,7.7,170.0,0.0
2024-05-20 18:00:00,31.4,7.949999999999999,170.0,0.0
2024-05-20 19:00:00,31.7,8.2,150.0,0.0
2024-05-20 20:00:00,32.2,7.7,170.0,0.0
2024-05-20 21:00:00,32.2,8.5,175.0,0.0
2024-05-20 22:00:00,32.2,7.2,180.0,0.25
2024-05-20 23:00:00,31.1,8.2,180.0,0.5
2024-05-21 00:00:00,30.55,7.949999999999999,175.0,0.5
2024-05-21 01:00:00,28.9,6.2,160.0,
2024-05-21 02:00:00,28.3,6.2,160.0,
2024-05-21 03:00:00,28.05,6.2,160.0,0.75
2024-05-21 04:00:00,27.2,6.7,170.0,
2024-05-21 05:00:00,26.7,7.7,579.5,
2024-05-21 06:00:00,26.4,7.949999999999999,165.0,0.75
2024-05-21 07:00:00,25.0,8.2,170.0,
2024-05-21 08:00:00,24.4,7.2,180.0,
2024-05-21 09:00:00,24.399999999999995,7.900000000000001,180.0,0.75
2024-05-21 10:00:00,25.0,9.3,190.0,
2024-05-21 11:00:00,24.4,8.8,180.0,
2024-05-21 12:00:00,24.7,7.75,180.0,1.0
2024-05-21 13:00:00,26.15,8.5,180.0,
2024-05-21 14:00:00,26.95,9.55,190.0,
2024-05-21 15:00:00,27.400000000000002,8.066666666666668,210.0,1.0
2024-05-21 16:00:00,27.2,5.95,210.0,
2024-05-21 17:00:00,29.45,8.75,190.0,
2024-05-21 18:00:00,30.0,8.75,195.0,0.75
2024-05-21 19:00:00,31.1,8.8,200.0,
2024-05-21 20:00:00,31.1,7.2,200.0,
2024-05-21 21:00:00,31.1,7.45,200.0,0.75
2024-05-21 22:00:00,31.1,7.7,170.0,0.5
2024-05-21 23:00:00,30.6,5.1,170.0,
2024-05-22 00:00:00,30.3,5.4,170.0,0.75
2024-05-22 01:00:00,28.3,3.6,160.0,
2024-05-22 02:00:00,28.3,3.1,160.0,
2024-05-22 03:00:00,28.05,3.1,170.0,0.75
2024-05-22 04:00:00,27.8,4.1,180.0,
2024-05-22 05:00:00,27.8,8.8,589.5,
2024-05-22 06:00:00,27.5,7.5,175.0,0.75
2024-05-22 07:00:00,26.7,5.1,180.0,
2024-05-22 08:00:00,26.4,6.2,180.0,
2024-05-22 09:00:00,26.1,7.199999999999999,185.0,0.75
2024-05-22 10:00:00,25.6,6.2,190.0,
2024-05-22 11:00:00,25.6,6.45,185.0,
2024-05-22 12:00:00,25.85,6.2,180.0,0.75
2024-05-22 13:00:00,27.2,7.7,180.0,
2024-05-22 14:00:00,27.8,5.7,180.0,
2024-05-22 15:00:00,28.35,6.949999999999999,185.0,0.75
2024-05-22 16:00:00,29.45,6.15,190.0,
2024-05-22 17:00:00,28.18,5.5600000000000005,178.0,
2024-05-22 18:00:00,28.76,4.12,351.8,1.0
2024-05-22 19:00:00,25.933333333333334,6.333333333333333,180.0,
2024-05-22 20:00:00,24.2,2.6,15.0,
2024-05-22 21:00:00,24.15,3.5999999999999996,20.0,1.0
2024-05-22 22:00:00,23.6,3.35,210.0,
2024-05-22 23:00:00,23.05,3.1,60.0,
2024-05-23 00:00:00,22.400000000000002,1.9000000000000001,373.0,1.0
2024-05-23 01:00:00,22.8,2.6,80.0,
2024-05-23 02:00:00,22.8,3.1,80.0,
2024-05-23 03:00:00,22.8,2.85,80.0,1.0
2024-05-23 04:00:00,22.2,4.1,120.0,0.5
2024-05-23 05:00:00,22.8,4.6,589.5,
2024-05-23 06:00:00,22.8,3.5999999999999996,175.0,1.0
2024-05-23 07:00:00,21.7,2.6,190.0,0.25
2024-05-23 08:00:00,22.2,4.6,185.0,0.5
2024-05-23 09:00:00,22.75,6.3999999999999995,180.0,0.5
2024-05-23 10:00:00,23.9,4.1,180.0,
2024-05-23 11:00:00,23.9,4.1,170.0,
2024-05-23 12:00:00,24.23333333333333,3.266666666666667,170.0,1.0
2024-05-23 13:00:00,25.0,3.4333333333333336,166.66666666666666,
2024-05-23 14:00:00,25.85,4.35,175.0,
2024-05-23 15:00:00,26.96666666666667,5.333333333333333,163.33333333333334,1.0
2024-05-23 16:00:00,28.900000000000002,4.966666666666666,150.0,
2024-05-23 17:00:00,29.4,4.6,150.0,0.5
2024-05-23 18:00:00,30.7,6.0,173.33333333333334,0.5
2024-05-23 19:00:00,32.2,8.8,190.0,
2024-05-23 20:00:00,31.1,10.3,200.0,0.5
2024-05-23 21:00:00,30.55,10.55,200.0,0.5
2024-05-23 22:00:00,28.9,8.2,190.0,0.5
2024-05-23 23:00:00,26.05,6.45,160.0,
2024-05-24 00:00:00,26.100000000000005,6.533333333333334,153.33333333333334,1.0
2024-05-24 01:00:00,25.6,3.6,130.0,
2024-05-24 02:00:00,25.733333333333334,5.133333333333333,150.0,
2024-05-24 03:00:00,25.6,5.65,155.0,1.0
2024-05-24 04:00:00,25.6,6.7,180.0,0.25
2024-05-24 05:00:00,25.6,7.7,584.5,0.25
2024-05-24 06:00:00,25.6,7.2,175.0,0.125
2024-05-24 07:00:00,25.6,6.2,180.0,0.5
2024-05-24 08:00:00,25.6,7.5,175.0,
2024-05-24 09:00:00,25.6,8.0,185.0,1.0
2024-05-24 10:00:00,25.0,5.7,180.0,
2024-05-24 11:00:00,25.0,7.2,180.0,
2024-05-24 12:00:00,25.3,7.45,175.0,0.75
2024-05-24 13:00:00,26.1,6.7,170.0,
2024-05-24 14:00:00,27.2,7.2,200.0,
2024-05-24 15:00:00,27.75,7.2,195.0,1.0
2024-05-24 16:00:00,28.9,7.7,180.0,
2024-05-24 17:00:00,30.6,8.2,180.0,
2024-05-24 18:00:00,31.3,6.5,183.33333333333334,0.75
2024-05-24 19:00:00,32.8,6.7,210.0,
2024-05-24 20:00:00,31.1,7.2,160.0,
2024-05-24 21:00:00,31.1,7.699999999999999,170.0,0.75
2024-05-24 22:00:00,30.0,6.95,170.0,
2024-05-24 23:00:00,28.3,5.7,180.0,
2024-05-25 00:00:00,28.133333333333336,4.633333333333334,176.66666666666666,0.5833333333333334
2024-05-25 01:00:00,26.1,7.2,150.0,0.5
2024-05-25 02:00:00,24.15,6.2,145.0,
2024-05-25 03:00:00,23.166666666666668,4.466666666666667,140.0,0.5833333333333334
2024-05-25 04:00:00,22.2,3.6,150.0,0.25
2024-05-25 05:00:00,22.8,2.1,599.5,0.0
2024-05-25 06:00:00,22.8,1.05,599.5,0.0
2024-05-25 07:00:00,23.3,1.5,310.0,0.0
2024-05-25 08:00:00,21.7,2.1,360.0,0.0
2024-05-25 09:00:00,21.7,1.8,230.0,0.0
2024-05-25 10:00:00,21.1,1.5,70.0,0.0
2024-05-25 11:00:00,21.7,1.5,60.0,0.25
2024-05-25 12:00:00,22.066666666666666,2.4,66.66666666666667,0.25
2024-05-25 13:00:00,23.3,3.6,110.0,
2024-05-25 14:00:00,24.4,4.1,120.0,
2024-05-25 15:00:00,24.8,4.633333333333333,120.0,1.0
2024-05-25 16:00:00,27.8,5.1,150.0,
2024-05-25 17:00:00,28.35,4.85,160.0,
2024-05-25 18:00:00,30.666666666666668,5.5,163.33333333333334,0.625
2024-05-25 19:00:00,32.2,5.7,160.0,0.5
2024-05-25 20:00:00,33.3,6.7,160.0,0.5
2024-05-25 21:00:00,33.05,6.95,160.0,0.5
2024-05-25 22:00:00,32.2,8.2,140.0,
2024-05-25 23:00:00,31.7,6.2,150.0,
2024-05-26 00:00:00,31.4,6.2,150.0,0.75
2024-05-26 01:00:00,30.0,4.1,120.0,
2024-05-26 02:00:00,29.4,6.2,140.0,
2024-05-26 03:00:00,30.0,8.0,150.0,0.75
2024-05-26 04:00:00,29.4,10.3,170.0,
2024-05-26 05:00:00,28.9,9.8,589.5,0.5
2024-05-26 06:00:00,28.35,9.0,175.0,0.5
2024-05-26 07:00:00,27.2,7.2,170.0,0.5
2024-05-26 08:00:00,26.1,7.7,180.0,
2024-05-26 09:00:00,25.566666666666666,8.933333333333334,183.33333333333334,1.0
2024-05-26 10:00:00,25.133333333333336,14.266666666666667,183.33333333333334,
2024-05-26 11:00:00,25.6,4.1,190.0,
2024-05-26 12:00:00,26.15,5.65,195.0,0.75
2024-05-26 13:00:00,27.2,7.2,210.0,0.25
2024-05-26 14:00:00,29.4,9.3,220.0,0.0
2024-05-26 15:00:00,30.549999999999997,9.8,215.0,0.0
2024-05-26 16:00:00,32.8,10.3,220.0,0.0
2024-05-26 17:00:00,33.3,11.8,210.0,0.0
2024-05-26 18:00:00,33.849999999999994,11.8,220.0,0.25
2024-05-26 19:00:00,35.6,9.3,240.0,0.25
2024-05-26 20:00:00,36.1,8.2,220.0,0.25
2024-05-26 21:00:00,36.1,8.2,220.0,0.25
2024-05-26 22:00:00,36.1,7.2,230.0,0.25
2024-05-26 23:00:00,35.6,5.1,230.0,0.25
2024-05-27 00:00:00,35.0,4.35,225.0,0.25
2024-05-27 01:00:00,31.7,2.6,10.0,0.25
2024-05-27 02:00:00,30.0,1.5,40.0,0.0
2024-05-27 03:00:00,29.7,1.5,40.0,0.0
2024-05-27 04:00:00,27.2,4.1,10.0,0.0
2024-05-27 05:00:00,27.8,0.0,999.0,0.0
2024-05-27 06:00:00,27.25,0.0,999.0,0.0
2024-05-27 07:00:00,25.6,1.5,50.0,0.0
2024-05-27 08:00:00,25.0,0.0,999.0,0.0
2024-05-27 09:00:00,24.7,0.0,999.0,0.0
2024-05-27 10:00:00,25.6,0.0,999.0,0.0
2024-05-27 11:00:00,25.0,2.1,40.0,0.0
2024-05-27 12:00:00,25.85,2.35,55.0,0.0
2024-05-27 13:00:00,28.3,2.6,150.0,0.5
2024-05-27 14:00:00,29.275,3.725,137.5,0.375
2024-05-27 15:00:00,30.25,4.35,130.0,0.125
2024-05-27 16:00:00,32.8,4.6,120.0,0.25
2024-05-27 17:00:00,33.9,4.6,140.0,0.25
2024-05-27 18:00:00,34.45,4.85,140.0,0.25
2024-05-27 19:00:00,34.4,5.7,120.0,0.5
2024-05-27 20:00:00,35.0,3.1,120.0,0.5
2024-05-27 21:00:00,34.800000000000004,4.266666666666667,133.33333333333334,0.5
2024-05-27 22:00:00,33.3,8.2,130.0,0.5
2024-05-27 23:00:00,30.0,7.7,63.333333333333336,
2024-05-28 00:00:00,27.03333333333333,5.716666666666666,138.33333333333334,0.75
2024-05-28 01:00:00,26.433333333333334,1.5666666666666667,429.6666666666667,
2024-05-28 02:00:00,27.2,2.1,350.0,
2024-05-28 03:00:00,27.96666666666667,3.966666666666667,180.0,0.75
2024-05-28 04:00:00,28.05,3.35,105.0,
2024-05-28 05:00:00,27.8,4.1,559.5,
2024-05-28 06:00:00,27.233333333333334,4.1,120.0,0.5833333333333334
2024-05-28 07:00:00,26.1,3.1,130.0,0.25
2024-05-28 08:00:00,27.2,6.2,130.0,
2024-05-28 09:00:00,26.65,5.15,120.0,0.75
2024-05-28 10:00:00,22.0375,15.7,277.5,
2024-05-28 11:00:00,18.333333333333332,16.383333333333333,73.33333333333333,
2024-05-28 12:00:00,19.433333333333334,9.966666666666667,130.0,0.75
2024-05-28 13:00:00,19.066666666666666,10.266666666666667,46.666666666666664,
2024-05-28 14:00:00,19.4,6.2,146.66666666666666,
2024-05-28 15:00:00,19.066666666666666,10.133333333333333,93.33333333333333,1.0
2024-05-28 16:00:00,20.0,11.350000000000001,125.0,
2024-05-28 17:00:00,23.9,6.2,110.0,0.5
2024-05-28 18:00:00,24.45,5.15,105.0,0.5
2024-05-28 19:00:00,25.0,3.6,90.0,0.5
2024-05-28 20:00:00,26.1,3.6,50.0,
2024-05-28 21:00:00,26.525,4.625,47.5,0.75
2024-05-28 22:00:00,26.1,5.1,80.0,0.25
2024-05-28 23:00:00,25.0,5.1,100.0,
2024-05-29 00:00:00,24.45,5.1,110.0,0.75
2024-05-29 01:00:00,22.8,3.6,120.0,
2024-05-29 02:00:00,22.2,2.6,160.0,
2024-05-29 03:00:00,22.2,3.1,90.0,0.75
2024-05-29 04:00:00,23.133333333333336,4.466666666666667,136.66666666666666,
2024-05-29 05:00:00,22.2,1.5,549.5,
2024-05-29 06:00:00,22.5,2.55,160.0,1.0
2024-05-29 07:00:00,21.7,7.2,170.0,
2024-05-29 08:00:00,21.7,2.6,649.5,
2024-05-29 09:00:00,21.95,2.6,999.0,1.0
2024-05-29 10:00:00,21.1,4.1,80.0,
2024-05-29 11:00:00,21.1,4.1,70.0,
2024-05-29 12:00:00,21.4,2.8,135.0,1.0
2024-05-29 13:00:00,23.3,2.6,240.0,
2024-05-29 14:00:00,25.0,0.0,999.0,
2024-05-29 15:00:00,25.55,0.0,999.0,0.75
2024-05-29 16:00:00,26.7,3.1,100.0,0.5
2024-05-29 17:00:00,28.3,2.6,999.0,0.25
2024-05-29 18:00:00,28.85,2.6,529.5,0.375
2024-05-29 19:00:00,29.4,3.1,100.0,0.5
2024-05-29 20:00:00,30.0,5.1,120.0,0.5
2024-05-29 21:00:00,30.3,4.35,115.0,0.5
2024-05-29 22:00:00,28.9,4.1,140.0,
2024-05-29 23:00:00,29.4,4.1,110.0,0.5
2024-05-30 00:00:00,28.85,3.8499999999999996,115.0,0.5
2024-05-30 01:00:00,26.7,3.1,120.0,0.25
2024-05-30 02:00:00,25.6,3.1,120.0,0.5
2024-05-30 03:00:00,25.3,3.1,120.0,0.375
2024-05-30 04:00:00,25.6,4.6,130.0,0.25
2024-05-30 05:00:00,25.0,5.7,559.5,0.5
2024-05-30 06:00:00,24.7,4.65,120.0,0.5
2024-05-30 07:00:00,23.9,3.1,110.0,
2024-05-30 08:00:00,23.3,3.6,120.0,
2024-05-30 09:00:00,23.225,4.6,125.0,0.75
2024-05-30 10:00:00,23.3,3.1,150.0,
2024-05-30 11:00:00,23.733333333333334,3.766666666666667,143.33333333333334,
2024-05-30 12:00:00,24.15,4.1,155.0,1.0
2024-05-30 13:00:00,24.4,3.35,155.0,
2024-05-30 14:00:00,25.0,2.35,155.0,
2024-05-30 15:00:00,24.8,2.516666666666667,326.5,1.0
2024-05-30 16:00:00,22.566666666666666,4.266666666666667,116.66666666666667,
2024-05-30 17:00:00,20.733333333333334,3.766666666666667,40.0,
2024-05-30 18:00:00,21.333333333333332,3.266666666666667,53.333333333333336,1.0
2024-05-30 19:00:00,19.916666666666668,7.983333333333333,195.0,
2024-05-30 20:00:00,20.6,3.1,90.0,
2024-05-30 21:00:00,20.6,2.566666666666667,406.3333333333333,1.0
2024-05-30 22:00:00,20.6,1.5,70.0,
2024-05-30 23:00:00,20.6,2.6,90.0,
2024-05-31 00:00:00,20.85,2.05,70.0,0.75
2024-05-31 01:00:00,20.0,2.1,50.0,
2024-05-31 02:00:00,20.0,2.6,100.0,
2024-05-31 03:00:00,20.0,2.85,100.0,0.75
2024-05-31 04:00:00,20.3,2.6,165.0,
2024-05-31 05:00:00,19.439999999999998,12.360000000000001,308.1666666666667,
2024-05-31 06:00:00,19.4,6.55,117.5,1.0
2024-05-31 07:00:00,19.4,4.6,300.0,
2024-05-31 08:00:00,19.15,5.4,205.0,
2024-05-31 09:00:00,19.15,5.65,135.0,1.0
2024-05-31 10:00:00,19.299999999999997,8.75,162.5,
2024-05-31 11:00:00,19.23333333333333,6.866666666666667,166.66666666666666,
2024-05-31 12:00:00,19.7,3.35,250.0,1.0
2024-05-31 13:00:00,20.6,7.7,290.0,
2024-05-31 14:00:00,22.2,5.1,20.0,
2024-05-31 15:00:00,22.5,5.1,15.0,0.75
2024-05-31 16:00:00,23.9,4.1,50.0,
2024-05-31 17:00:00,25.0,3.35,50.0,
2024-05-31 18:00:00,25.85,2.6,50.0,0.625
2024-05-31 19:00:00,27.8,0.0,999.0,0.5
2024-05-31 20:00:00,28.3,0.0,999.0,0.25
2024-05-31 21:00:00,28.85,1.3,649.5,0.25
2024-05-31 22:00:00,28.9,2.1,320.0,0.25
2024-05-31 23:00:00,28.9,0.0,999.0,0.25
2024-06-01 00:00:00,28.6,0.0,999.0,0.25
2024-06-01 01:00:00,25.6,3.1,180.0,0.25
2024-06-01 02:00:00,25.0,3.6,160.0,0.25
2024-06-01 03:00:00,24.7,3.35,160.0,0.375
2024-06-01 04:00:00,23.3,1.5,110.0,
2024-06-01 05:00:00,22.8,3.1,726.0,
2024-06-01 06:00:00,22.8,2.6,170.0,1.0
2024-06-01 07:00:00,22.2,2.6,200.0,
2024-06-01 08:00:00,22.2,3.6,210.0,
2024-06-01 09:00:00,22.2,3.1,225.0,1.0
2024-06-01 10:00:00,22.8,8.2,260.0,
2024-06-01 11:00:00,22.8,2.6,180.0,
2024-06-01 12:00:00,22.8,2.6,155.0,0.75
2024-06-01 13:00:00,22.8,1.5,100.0,
2024-06-01 14:00:00,23.9,1.5,30.0,
2024-06-01 15:00:00,24.75,2.05,35.0,1.0
2024-06-01 16:00:00,25.0,2.475,40.0,
2024-06-01 17:00:00,23.119999999999997,5.959999999999999,104.0,
2024-06-01 18:00:00,19.4625,5.475,398.5,
2024-06-01 19:00:00,21.866666666666664,3.766666666666666,120.0,
2024-06-01 20:00:00,24.4,3.6,100.0,
2024-06-01 21:00:00,25.25,3.8499999999999996,105.0,0.75
2024-06-01 22:00:00,25.0,4.1,130.0,
2024-06-01 23:00:00,25.0,3.6,110.0,
2024-06-02 00:00:00,24.7,2.85,105.0,0.5
2024-06-02 01:00:00,23.3,2.1,120.0,0.25
2024-06-02 02:00:00,22.8,2.1,110.0,0.5
2024-06-02 03:00:00,22.5,1.8,105.0,0.5
2024-06-02 04:00:00,21.7,2.1,130.0,
2024-06-02 05:00:00,21.1,2.6,569.5,
2024-06-02 06:00:00,21.1,2.35,120.0,0.75
2024-06-02 07:00:00,21.1,0.0,999.0,
2024-06-02 08:00:00,20.6,2.1,110.0,
2024-06-02 09:00:00,20.6,2.1,110.0,0.75
2024-06-02 10:00:00,20.76666666666667,1.7,120.0,
2024-06-02 11:00:00,21.1,2.6,120.0,
2024-06-02 12:00:00,21.5,1.5666666666666667,416.3333333333333,1.0
2024-06-02 13:00:00,21.95,2.35,90.0,
2024-06-02 14:00:00,22.566666666666666,3.6,133.33333333333334,
2024-06-02 15:00:00,24.15,3.6,132.5,1.0
2024-06-02 16:00:00,26.95,4.6,150.0,
2024-06-02 17:00:00,29.4,6.7,150.0,
2024-06-02 18:00:00,30.0,6.45,155.0,0.75
2024-06-02 19:00:00,30.0,6.7,140.0,
2024-06-02 20:00:00,29.4,6.7,120.0,
2024-06-02 21:00:00,28.400000000000002,5.666666666666667,116.66666666666667,1.0
2024-06-02 22:00:00,22.240000000000002,9.280000000000001,60.0,
2024-06-02 23:00:00,20.3,6.175,100.0,
2024-06-03 00:00:00,21.133333333333336,3.4333333333333336,140.0,0.75
2024-06-03 01:00:00,21.85,2.85,120.0,
2024-06-03 02:00:00,21.1,3.1,120.0,
2024-06-03 03:00:00,21.1,3.1,105.0,1.0
2024-06-03 04:00:00,21.1,4.1,130.0,
2024-06-03 05:00:00,21.7,4.6,559.5,
2024-06-03 06:00:00,21.4,4.35,125.0,0.75
2024-06-03 07:00:00,21.4,3.35,135.0,
2024-06-03 08:00:00,21.7,4.6,150.0,
2024-06-03 09:00:00,21.95,4.6,155.0,1.0
2024-06-03 10:00:00,22.2,4.766666666666667,163.33333333333334,0.5
2024-06-03 11:00:00,22.975,4.6,165.0,
2024-06-03 12:00:00,23.9,5.525,167.5,0.75
2024-06-03 13:00:00,25.6,4.1,170.0,
2024-06-03 14:00:00,25.0,4.6,120.0,
2024-06-03 15:00:00,25.85,4.6,125.0,1.0
2024-06-03 16:00:00,27.5,6.7,150.0,
2024-06-03 17:00:00,28.3,5.1,140.0,
2024-06-03 18:00:00,28.5,5.3,146.66666666666666,0.75
2024-06-03 19:00:00,28.95,6.45,170.0,
2024-06-03 20:00:00,29.15,4.35,145.0,
2024-06-03 21:00:00,22.599999999999998,9.3,33.333333333333336,
2024-06-03 22:00:00,21.6,4.875,77.5,
2024-06-03 23:00:00,22.2,4.1,86.66666666666667,
2024-06-04 00:00:00,23.049999999999997,2.8,105.0,1.0
2024-06-04 01:00:00,23.3,3.1,120.0,
2024-06-04 02:00:00,23.9,6.2,120.0,
2024-06-04 03:00:00,24.15,5.95,140.0,1.0
2024-06-04 04:00:00,25.6,6.2,150.0,
2024-06-04 05:00:00,23.9,6.2,569.5,
2024-06-04 06:00:00,23.6,5.65,145.0,0.625
2024-06-04 07:00:00,24.15,6.95,165.0,
2024-06-04 08:00:00,26.1,5.7,160.0,
2024-06-04 09:00:00,26.1,5.4,160.0,1.0
2024-06-04 10:00:00,25.6,5.1,170.0,
2024-06-04 11:00:00,25.3,4.6,120.0,
2024-06-04 12:00:00,23.66,5.58,68.0,1.0
2024-06-04 13:00:00,20.85,5.4,100.0,
2024-06-04 14:00:00,21.7,6.2,120.0,
2024-06-04 15:00:00,21.95,6.7,120.0,1.0
2024-06-04 16:00:00,24.45,6.45,145.0,
2024-06-04 17:00:00,27.400000000000002,6.533333333333334,140.0,
2024-06-04 18:00:00,30.25,7.75,160.0,0.75
2024-06-04 19:00:00,32.8,9.8,180.0,
2024-06-04 20:00:00,32.2,7.7,190.0,
2024-06-04 21:00:00,32.75,8.5,180.0,0.75
2024-06-04 22:00:00,32.8,8.8,160.0,
2024-06-04 23:00:00,32.8,8.2,170.0,
2024-06-05 00:00:00,32.25,7.199999999999999,170.0,0.75
2024-06-05 01:00:00,31.1,6.2,160.0,
2024-06-05 02:00:00,30.0,6.2,160.0,
2024-06-05 03:00:00,29.7,6.2,160.0,0.75
2024-06-05 04:00:00,28.9,9.5,175.0,
2024-06-05 05:00:00,28.3,8.8,584.5,
2024-06-05 06:00:00,26.950000000000003,10.3,110.0,1.0
2024-06-05 07:00:00,21.666666666666668,6.0,56.666666666666664,
2024-06-05 08:00:00,21.1,2.9333333333333336,106.66666666666667,
2024-06-05 09:00:00,20.7,6.575,40.0,1.0
2024-06-05 10:00:00,20.2,4.95,141.66666666666666,
2024-06-05 11:00:00,20.6,3.1,195.0,
2024-06-05 12:00:00,20.85,2.6,100.0,1.0
2024-06-05 13:00:00,21.1,0.0,999.0,
2024-06-05 14:00:00,22.2,2.35,155.0,
2024-06-05 15:00:00,22.75,2.35,579.5,0.75
2024-06-05 16:00:00,25.0,3.3499999999999996,300.0,
2024-06-05 17:00:00,27.8,4.1,330.0,
2024-06-05 18:00:00,28.6,3.5999999999999996,180.0,0.75
2024-06-05 19:00:00,31.950000000000003,3.3,509.5,0.5
2024-06-05 20:00:00,32.2,4.6,350.0,0.25
2024-06-05 21:00:00,32.2,4.85,190.0,0.25
2024-06-05 22:00:00,31.7,4.6,360.0,0.25
2024-06-05 23:00:00,31.1,5.7,20.0,0.25
2024-06-06 00:00:00,30.25,4.4,20.0,0.25
2024-06-06 01:00:00,26.7,2.1,40.0,0.25
2024-06-06 02:00:00,27.2,1.5,100.0,0.0
2024-06-06 03:00:00,27.2,0.75,549.5,0.0
2024-06-06 04:00:00,26.7,1.5,350.0,0.0
2024-06-06 05:00:00,24.4,1.5,654.5,0.0
2024-06-06 06:00:00,24.15,0.75,654.5,0.0
2024-06-06 07:00:00,21.7,0.0,999.0,0.0
2024-06-06 08:00:00,22.2,1.5,70.0,0.0
2024-06-06 09:00:00,21.95,0.75,534.5,0.0
2024-06-06 10:00:00,21.7,2.1,200.0,0.25
2024-06-06 11:00:00,22.2,0.0,999.0,0.25
2024-06-06 12:00:00,23.049999999999997,0.75,559.5,0.25
2024-06-06 13:00:00,25.8,2.1,120.0,0.25
2024-06-06 14:00:00,27.8,2.1,100.0,0.25
2024-06-06 15:00:00,28.6,2.1,549.5,0.25
2024-06-06 16:00:00,31.1,1.5,999.0,0.0
2024-06-06 17:00:00,32.8,0.0,999.0,0.0
2024-06-06 18:00:00,33.05,0.75,999.0,0.0
2024-06-06 19:00:00,35.0,0.0,999.0,0.0
2024-06-06 20:00:00,35.0,2.6,110.0,0.0
2024-06-06 21:00:00,35.0,3.1,105.0,0.0
2024-06-06 22:00:00,34.4,3.6,130.0,0.25
2024-06-06 23:00:00,33.9,3.6,120.0,0.25
2024-06-07 00:00:00,32.8,3.8499999999999996,125.0,0.25
2024-06-07 01:00:00,28.9,2.6,130.0,0.25
2024-06-07 02:00:00,28.3,3.6,150.0,0.25
2024-06-07 03:00:00,27.75,3.1,150.0,0.25
2024-06-07 04:00:00,27.2,2.1,150.0,0.5
2024-06-07 05:00:00,26.1,2.1,574.5,0.5
2024-06-07 06:00:00,25.85,1.8,150.0,0.5
2024-06-07 07:00:00,25.0,2.1,170.0,0.5
2024-06-07 08:00:00,23.9,1.5,80.0,
2024-06-07 09:00:00,24.45,0.75,539.5,0.625
2024-06-07 10:00:00,24.4,0.0,999.0,
2024-06-07 11:00:00,24.4,1.5,130.0,
2024-06-07 12:00:00,25.25,1.5,120.0,0.625
2024-06-07 13:00:00,27.9,3.6,170.0,0.25
2024-06-07 14:00:00,29.4,4.1,170.0,0.25
2024-06-07 15:00:00,30.25,4.35,165.0,0.25
2024-06-07 16:00:00,32.2,5.1,170.0,0.25
2024-06-07 17:00:00,32.8,4.6,170.0,0.25
2024-06-07 18:00:00,33.349999999999994,5.9,165.0,0.25
2024-06-07 19:00:00,34.4,5.1,150.0,0.25
2024-06-07 20:00:00,34.4,6.7,170.0,0.25
2024-06-07 21:00:00,34.15,5.9,165.0,0.25
2024-06-07 22:00:00,34.4,7.2,150.0,0.25
2024-06-07 23:00:00,33.9,7.2,180.0,0.25
2024-06-08 00:00:00,33.05,6.7,175.0,0.25
2024-06-08 01:00:00,31.1,7.2,170.0,0.25
2024-06-08 02:00:00,30.0,5.1,170.0,0.0
2024-06-08 03:00:00,29.7,5.9,170.0,0.0
2024-06-08 04:00:00,28.3,4.6,180.0,0.0
2024-06-08 05:00:00,27.8,3.6,589.5,0.0
2024-06-08 06:00:00,27.5,3.35,175.0,0.0
2024-06-08 07:00:00,26.1,3.1,160.0,0.0
2024-06-08 08:00:00,26.1,4.1,160.0,0.0
2024-06-08 09:00:00,25.85,4.35,165.0,0.0
2024-06-08 10:00:00,25.6,5.1,190.0,0.25
2024-06-08 11:00:00,26.1,6.2,190.0,0.5
2024-06-08 12:00:00,26.65,6.95,195.0,0.375
2024-06-08 13:00:00,28.9,7.7,210.0,0.25
2024-06-08 14:00:00,30.0,7.7,190.0,0.25
2024-06-08 15:00:00,30.85,7.2,195.0,0.25
2024-06-08 16:00:00,32.8,7.7,200.0,0.25
2024-06-08 17:00:00,33.9,8.2,200.0,0.25
2024-06-08 18:00:00,34.45,8.75,190.0,0.25
2024-06-08 19:00:00,35.0,9.3,190.0,0.25
2024-06-08 20:00:00,36.1,7.2,200.0,0.25
2024-06-08 21:00:00,35.85,7.699999999999999,195.0,0.25
2024-06-08 22:00:00,35.0,6.7,180.0,0.25
2024-06-08 23:00:00,33.9,5.7,180.0,0.5
2024-06-09 00:00:00,33.05,6.45,175.0,0.5
2024-06-09 01:00:00,31.7,6.2,170.0,0.5
2024-06-09 02:00:00,30.6,5.7,180.0,0.5
2024-06-09 03:00:00,30.0,5.95,175.0,0.5
2024-06-09 04:00:00,28.9,5.7,170.0,0.5
2024-06-09 05:00:00,28.3,5.7,584.5,0.25
2024-06-09 06:00:00,27.75,4.9,175.0,0.125
2024-06-09 07:00:00,26.7,5.7,180.0,0.0
2024-06-09 08:00:00,25.6,5.1,200.0,0.0
2024-06-09 09:00:00,25.3,5.1,200.0,0.0
2024-06-09 10:00:00,24.4,5.1,190.0,0.25
2024-06-09 11:00:00,24.4,4.1,190.0,0.25
2024-06-09 12:00:00,25.0,5.15,190.0,0.375
2024-06-09 13:00:00,27.2,4.6,210.0,0.25
2024-06-09 14:00:00,28.3,4.1,200.0,0.25
2024-06-09 15:00:00,28.85,3.0999999999999996,599.5,0.375
2024-06-09 16:00:00,31.1,4.1,180.0,0.5
2024-06-09 17:00:00,31.7,4.1,190.0,0.5
2024-06-09 18:00:00,31.950000000000003,4.9,185.0,0.5
2024-06-09 19:00:00,33.3,4.6,150.0,0.5
2024-06-09 20:00:00,34.4,3.1,999.0,0.5
2024-06-09 21:00:00,34.4,3.35,579.5,0.5
2024-06-09 22:00:00,33.9,4.1,150.0,0.5
2024-06-09 23:00:00,32.8,6.2,160.0,0.5
2024-06-10 00:00:00,32.25,5.15,160.0,0.5
2024-06-10 01:00:00,30.6,4.1,150.0,
2024-06-10 02:00:00,29.4,3.6,140.0,
2024-06-10 03:00:00,29.15,2.85,145.0,0.75
2024-06-10 04:00:00,28.3,1.5,160.0,
2024-06-10 05:00:00,26.7,5.1,679.5,
2024-06-10 06:00:00,26.4,4.6,190.0,0.75
2024-06-10 07:00:00,26.1,4.1,20.0,
2024-06-10 08:00:00,25.6,3.1,20.0,
2024-06-10 09:00:00,25.3,3.5999999999999996,15.0,0.75
2024-06-10 10:00:00,25.0,3.1,30.0,0.5
2024-06-10 11:00:00,25.0,3.6,30.0,
2024-06-10 12:00:00,25.3,3.35,35.0,0.75
2024-06-10 13:00:00,25.2,4.6,133.33333333333334,
2024-06-10 14:00:00,25.6,3.1,340.0,
2024-06-10 15:00:00,26.133333333333336,3.766666666666666,236.66666666666666,1.0
2024-06-10 16:00:00,27.2,4.6,360.0,
2024-06-10 17:00:00,28.3,4.6,20.0,
2024-06-10 18:00:00,28.6,4.85,15.0,0.75
2024-06-10 19:00:00,28.3,6.2,15.0,
2024-06-10 20:00:00,28.35,4.35,15.0,
2024-06-10 21:00:00,28.899999999999995,3.766666666666667,20.0,0.75
2024-06-10 22:00:00,28.9,4.6,20.0,
2024-06-10 23:00:00,28.049999999999997,5.15,40.0,
2024-06-11 00:00:00,27.2,4.6,63.333333333333336,1.0
2024-06-11 01:00:00,26.1,5.7,20.0,
2024-06-11 02:00:00,25.0,6.2,50.0,
2024-06-11 03:00:00,24.7,4.65,60.0,0.625
2024-06-11 04:00:00,25.0,2.55,85.0,
2024-06-11 05:00:00,24.4,3.1,549.5,
2024-06-11 06:00:00,23.866666666666664,2.4333333333333336,110.0,0.4166666666666667
2024-06-11 07:00:00,23.3,2.1,100.0,0.25
2024-06-11 08:00:00,23.3,2.1,90.0,0.25
2024-06-11 09:00:00,23.5,2.266666666666667,93.33333333333333,0.25
2024-06-11 10:00:00,23.9,3.1,100.0,
2024-06-11 11:00:00,23.9,2.6,100.0,
2024-06-11 12:00:00,24.15,3.3499999999999996,110.0,1.0
2024-06-11 13:00:00,24.7,3.8499999999999996,110.0,
2024-06-11 14:00:00,26.4,4.6,110.0,
2024-06-11 15:00:00,26.4,4.1,100.0,0.75
2024-06-11 16:00:00,26.7,3.5999999999999996,155.0,
2024-06-11 17:00:00,26.866666666666664,2.266666666666667,153.33333333333334,
2024-06-11 18:00:00,27.55,0.65,784.25,1.0
2024-06-11 19:00:00,25.660000000000004,3.7,186.0,
2024-06-11 20:00:00,25.25,2.6,225.0,
2024-06-11 21:00:00,26.4,2.1,165.0,1.0
2024-06-11 22:00:00,26.7,2.1,130.0,
2024-06-11 23:00:00,26.1,2.1,70.0,
2024-06-12 00:00:00,26.1,2.6,85.0,0.75
2024-06-12 01:00:00,25.6,2.6,100.0,
2024-06-12 02:00:00,25.6,2.1,130.0,
2024-06-12 03:00:00,25.3,1.8,105.0,0.625
2024-06-12 04:00:00,25.0,1.5,40.0,
2024-06-12 05:00:00,24.4,2.1,514.5,
2024-06-12 06:00:00,24.4,2.1,30.0,0.75
2024-06-12 07:00:00,24.4,2.6,70.0,
2024-06-12 08:00:00,24.4,2.1,90.0,
2024-06-12 09:00:00,23.6,1.8,65.0,0.625
2024-06-12 10:00:00,23.9,2.6,90.0,
2024-06-12 11:00:00,23.9,2.1,100.0,
2024-06-12 12:00:00,24.45,2.1,110.0,0.5
2024-06-12 13:00:00,26.1,4.6,120.0,0.25
2024-06-12 14:00:00,27.2,3.1,140.0,0.25
2024-06-12 15:00:00,27.75,1.55,569.5,0.25
2024-06-12 16:00:00,28.9,1.5,170.0,0.5
2024-06-12 17:00:00,30.0,0.0,999.0,
2024-06-12 18:00:00,30.55,1.05,999.0,0.625
2024-06-12 19:00:00,32.2,1.5,130.0,0.5
2024-06-12 20:00:00,32.2,2.6,110.0,
2024-06-12 21:00:00,32.2,2.6,110.0,0.75
2024-06-12 22:00:00,31.7,4.1,150.0,0.5
2024-06-12 23:00:00,31.1,5.1,120.0,0.25
2024-06-13 00:00:00,30.55,4.85,135.0,0.25
2024-06-13 01:00:00,28.9,4.6,140.0,0.25
2024-06-13 02:00:00,27.8,3.1,130.0,0.0
2024-06-13 03:00:00,27.25,2.6,130.0,0.0
2024-06-13 04:00:00,26.1,2.6,150.0,0.0
2024-06-13 05:00:00,25.6,2.6,574.5,0.0
2024-06-13 06:00:00,25.3,2.6,145.0,0.0
2024-06-13 07:00:00,24.4,2.1,150.0,0.0
2024-06-13 08:00:00,23.9,1.5,140.0,0.0
2024-06-13 09:00:00,23.9,2.05,150.0,0.0
2024-06-13 10:00:00,23.3,1.5,150.0,0.25
2024-06-13 11:00:00,23.3,2.1,180.0,0.0
2024-06-13 12:00:00,24.15,2.6,165.0,0.0
2024-06-13 13:00:00,26.7,3.1,170.0,0.25
2024-06-13 14:00:00,28.3,4.6,160.0,0.25
2024-06-13 15:00:00,28.85,4.6,165.0,0.25
2024-06-13 16:00:00,30.0,3.6,190.0,0.5
2024-06-13 17:00:00,31.1,1.5,190.0,0.5
2024-06-13 18:00:00,31.650000000000002,1.5,195.0,0.5
2024-06-13 19:00:00,32.8,1.5,200.0,0.25
2024-06-13 20:00:00,33.3,2.6,210.0,0.25
2024-06-13 21:00:00,33.599999999999994,2.85,195.0,0.25
2024-06-13 22:00:00,33.9,3.6,150.0,0.25
2024-06-13 23:00:00,33.3,3.6,140.0,0.25
2024-06-14 00:00:00,32.75,3.8499999999999996,135.0,0.125
2024-06-14 01:00:00,30.0,4.6,140.0,0.25
2024-06-14 02:00:00,28.9,3.6,140.0,0.25
2024-06-14 03:00:00,28.6,3.6,145.0,0.125
2024-06-14 04:00:00,27.2,2.1,160.0,0.0
2024-06-14 05:00:00,26.7,0.0,999.0,0.0
2024-06-14 06:00:00,26.15,1.05,564.5,0.0
2024-06-14 07:00:00,25.6,1.5,100.0,0.0
2024-06-14 08:00:00,24.4,1.5,30.0,0.25
2024-06-14 09:00:00,24.15,2.05,75.0,0.25
2024-06-14 10:00:00,23.9,2.1,160.0,0.25
2024-06-14 11:00:00,23.9,2.1,170.0,0.25
2024-06-14 12:00:00,24.75,3.0999999999999996,165.0,0.25
2024-06-14 13:00:00,27.2,2.1,180.0,0.25
2024-06-14 14:00:00,29.4,2.6,180.0,0.25
2024-06-14 15:00:00,30.0,2.85,175.0,0.125
2024-06-14 16:00:00,31.7,4.1,140.0,0.0
2024-06-14 17:00:00,32.2,0.0,999.0,0.0
2024-06-14 18:00:00,32.75,2.05,579.5,0.25
2024-06-14 19:00:00,33.9,4.1,160.0,0.25
2024-06-14 20:00:00,35.0,2.1,110.0,0.25
2024-06-14 21:00:00,35.0,1.8,554.5,0.25
2024-06-14 22:00:00,35.0,2.1,130.0,0.25
2024-06-14 23:00:00,34.4,3.1,100.0,0.0
2024-06-15 00:00:00,33.599999999999994,4.1,100.0,0.0
2024-06-15 01:00:00,30.6,3.6,120.0,0.0
2024-06-15 02:00:00,29.4,4.1,120.0,0.0
2024-06-15 03:00:00,28.6,3.0999999999999996,130.0,0.0
2024-06-15 04:00:00,27.2,3.6,130.0,0.0
2024-06-15 05:00:00,26.1,3.1,569.5,0.0
2024-06-15 06:00:00,25.85,2.85,140.0,0.0
2024-06-15 07:00:00,25.0,2.1,160.0,0.0
2024-06-15 08:00:00,25.0,2.1,160.0,0.0
2024-06-15 09:00:00,24.7,1.8,145.0,0.0
2024-06-15 10:00:00,23.9,0.0,999.0,0.0
2024-06-15 11:00:00,23.9,1.5,110.0,0.25
2024-06-15 12:00:00,25.0,1.5,125.0,0.25
2024-06-15 13:00:00,27.8,4.1,180.0,0.25
2024-06-15 14:00:00,29.4,3.6,180.0,0.25
2024-06-15 15:00:00,30.0,3.35,190.0,0.25
2024-06-15 16:00:00,31.1,2.1,220.0,0.5
2024-06-15 17:00:00,32.2,4.1,170.0,0.5
2024-06-15 18:00:00,32.75,5.15,165.0,0.5
2024-06-15 19:00:00,33.3,4.6,190.0,0.5
2024-06-15 20:00:00,33.9,6.2,200.0,
2024-06-15 21:00:00,33.9,6.95,190.0,0.625
2024-06-15 22:00:00,33.3,5.1,150.0,0.5
2024-06-15 23:00:00,32.8,5.7,140.0,
2024-06-16 00:00:00,32.25,5.7,140.0,0.75
2024-06-16 01:00:00,30.6,5.7,170.0,
2024-06-16 02:00:00,28.9,3.1,160.0,0.5
2024-06-16 03:00:00,28.6,2.85,155.0,0.375
2024-06-16 04:00:00,27.8,3.6,140.0,0.25
2024-06-16 05:00:00,27.8,3.1,579.5,0.0
2024-06-16 06:00:00,27.5,3.8499999999999996,160.0,0.0
2024-06-16 07:00:00,27.2,6.2,180.0,0.0
2024-06-16 08:00:00,26.7,6.7,190.0,0.25
2024-06-16 09:00:00,26.4,5.65,185.0,0.25
2024-06-16 10:00:00,25.6,6.7,180.0,0.25
2024-06-16 11:00:00,25.6,6.7,190.0,0.5
2024-06-16 12:00:00,25.76666666666667,5.833333333333333,196.66666666666666,0.5
2024-06-16 13:00:00,27.1,5.95,185.0,0.5
2024-06-16 14:00:00,28.9,6.7,170.0,0.5
2024-06-16 15:00:00,29.75,7.2,165.0,0.5
2024-06-16 16:00:00,32.2,6.7,170.0,0.5
2024-06-16 17:00:00,32.8,7.7,180.0,
2024-06-16 18:00:00,33.05,7.45,175.0,0.75
2024-06-16 19:00:00,33.9,6.2,170.0,
2024-06-16 20:00:00,33.3,6.7,160.0,
2024-06-16 21:00:00,33.599999999999994,5.65,160.0,0.75
2024-06-16 22:00:00,33.3,8.2,140.0,
2024-06-16 23:00:00,32.2,6.7,140.0,
2024-06-17 00:00:00,31.950000000000003,6.45,140.0,0.625
2024-06-17 01:00:00,30.6,6.2,140.0,
2024-06-17 02:00:00,30.0,5.1,150.0,0.5
2024-06-17 03:00:00,29.45,5.1,150.0,0.5
2024-06-17 04:00:00,28.3,3.6,160.0,0.25
2024-06-17 05:00:00,28.3,4.1,579.5,0.25
2024-06-17 06:00:00,28.3,6.1499999999999995,165.0,0.125
2024-06-17 07:00:00,27.8,7.2,170.0,0.0
2024-06-17 08:00:00,26.7,6.2,170.0,0.0
2024-06-17 09:00:00,26.15,6.45,170.0,0.25
2024-06-17 10:00:00,25.6,6.2,170.0,0.5
2024-06-17 11:00:00,26.066666666666666,5.3,173.33333333333334,
2024-06-17 12:00:00,26.100000000000005,6.0,166.66666666666666,1.0
2024-06-17 13:00:00,27.2,6.2,170.0,
2024-06-17 14:00:00,28.15,6.2,175.0,
2024-06-17 15:00:00,29.15,6.45,170.0,0.625
2024-06-17 16:00:00,30.6,8.2,180.0,0.5
2024-06-17 17:00:00,32.2,10.3,150.0,0.5
2024-06-17 18:00:00,32.5,9.25,155.0,0.5
2024-06-17 19:00:00,33.9,8.2,170.0,0.5
2024-06-17 20:00:00,34.4,8.2,150.0,0.5
2024-06-17 21:00:00,34.4,7.949999999999999,150.0,0.5
2024-06-17 22:00:00,33.9,9.3,140.0,0.5
2024-06-17 23:00:00,33.3,10.3,150.0,0.5
2024-06-18 00:00:00,32.5,9.8,145.0,0.375
2024-06-18 01:00:00,30.6,10.8,160.0,0.5
2024-06-18 02:00:00,29.4,8.8,160.0,0.25
2024-06-18 03:00:00,29.15,8.8,155.0,0.375
2024-06-18 04:00:00,28.3,9.3,160.0,0.5
2024-06-18 05:00:00,27.2,9.3,579.5,0.5
2024-06-18 06:00:00,26.95,8.5,160.0,0.375
2024-06-18 07:00:00,26.1,9.3,170.0,0.25
2024-06-18 08:00:00,25.6,5.7,170.0,0.25
2024-06-18 09:00:00,25.3,5.4,170.0,0.25
2024-06-18 10:00:00,24.4,4.6,160.0,0.25
2024-06-18 11:00:00,24.4,5.95,160.0,
2024-06-18 12:00:00,24.7,5.15,147.5,0.75
2024-06-18 13:00:00,25.6,4.6,160.0,
2024-06-18 14:00:00,26.65,6.7,155.0,
2024-06-18 15:00:00,28.049999999999997,7.2,160.0,0.75
2024-06-18 16:00:00,29.4,5.7,170.0,
2024-06-18 17:00:00,32.2,8.2,190.0,0.5
2024-06-18 18:00:00,31.950000000000003,7.699999999999999,170.0,0.5
2024-06-18 19:00:00,32.2,7.2,180.0,
2024-06-18 20:00:00,32.8,7.2,140.0,
2024-06-18 21:00:00,33.05,7.2,150.0,0.75
2024-06-18 22:00:00,32.8,8.8,130.0,0.5
2024-06-18 23:00:00,32.2,7.7,130.0,0.25
2024-06-19 00:00:00,31.650000000000002,8.75,130.0,0.25
2024-06-19 01:00:00,30.0,6.7,130.0,0.25
2024-06-19 02:00:00,29.4,6.7,130.0,0.25
2024-06-19 03:00:00,28.85,8.25,140.0,0.375
2024-06-19 04:00:00,27.8,8.2,170.0,
2024-06-19 05:00:00,26.85,5.1,446.3333333333333,
2024-06-19 06:00:00,26.133333333333336,4.6,163.33333333333334,0.5
2024-06-19 07:00:00,24.4,2.1,130.0,0.25
2024-06-19 08:00:00,23.9,2.6,110.0,0.0
2024-06-19 09:00:00,23.9,3.1,120.0,0.25
2024-06-19 10:00:00,23.9,3.1,100.0,0.25
2024-06-19 11:00:00,23.933333333333334,2.9333333333333336,93.33333333333333,0.5
2024-06-19 12:00:00,24.45,2.85,90.0,0.5
2024-06-19 13:00:00,25.55,4.1,105.0,
2024-06-19 14:00:00,26.7,4.6,60.0,
2024-06-19 15:00:00,27.25,4.35,55.0,0.75
2024-06-19 16:00:00,28.3,4.6,80.0,
2024-06-19 17:00:00,29.4,3.6,100.0,
2024-06-19 18:00:00,30.0,3.8499999999999996,100.0,0.75
2024-06-19 19:00:00,31.1,5.1,80.0,
2024-06-19 20:00:00,30.6,3.6,70.0,
2024-06-19 21:00:00,30.0,4.9,90.0,0.75
2024-06-19 22:00:00,29.4,4.1,110.0,
2024-06-19 23:00:00,29.4,4.6,110.0,
2024-06-20 00:00:00,29.15,4.1,105.0,0.75
2024-06-20 01:00:00,28.3,3.6,80.0,
2024-06-20 02:00:00,28.3,4.6,80.0,
2024-06-20 03:00:00,28.05,3.8499999999999996,85.0,0.75
2024-06-20 04:00:00,27.8,3.6,80.0,
2024-06-20 05:00:00,27.2,3.6,544.5,
2024-06-20 06:00:00,26.95,3.6,90.0,1.0
2024-06-20 07:00:00,26.7,3.1,90.0,
2024-06-20 08:00:00,26.1,3.6,100.0,
2024-06-20 09:00:00,26.1,3.35,95.0,0.75
2024-06-20 10:00:00,25.8,4.35,100.0,
2024-06-20 11:00:00,25.6,3.8499999999999996,100.0,
2024-06-20 12:00:00,25.76666666666667,4.1,110.0,0.75
2024-06-20 13:00:00,26.1,5.1,130.0,
2024-06-20 14:00:00,27.5,3.8499999999999996,130.0,
2024-06-20 15:00:00,28.3,4.1,125.0,0.75
2024-06-20 16:00:00,29.4,4.1,140.0,
2024-06-20 17:00:00,30.6,3.1,999.0,
2024-06-20 18:00:00,31.400000000000002,3.1,544.5,0.75
2024-06-20 19:00:00,32.2,4.1,100.0,
2024-06-20 20:00:00,32.8,5.1,110.0,
2024-06-20 21:00:00,33.05,5.1,105.0,0.75
2024-06-20 22:00:00,33.3,4.1,90.0,
2024-06-20 23:00:00,32.8,5.7,110.0,
2024-06-21 00:00:00,31.95,5.4,115.0,0.75
2024-06-21 01:00:00,29.4,3.6,130.0,
2024-06-21 02:00:00,29.4,4.6,110.0,
2024-06-21 03:00:00,29.15,4.1,115.0,0.625
2024-06-21 04:00:00,27.8,2.6,130.0,0.25
2024-06-21 05:00:00,27.2,3.1,564.5,0.25
2024-06-21 06:00:00,26.95,2.85,130.0,0.25
2024-06-21 07:00:00,27.8,4.6,120.0,
2024-06-21 08:00:00,26.7,4.6,140.0,
2024-06-21 09:00:00,26.15,3.5999999999999996,135.0,0.75
2024-06-21 10:00:00,25.0,3.1,120.0,
2024-06-21 11:00:00,25.0,2.6,120.0,0.5
2024-06-21 12:00:00,25.55,2.35,130.0,0.5
2024-06-21 13:00:00,27.2,3.1,160.0,0.5
2024-06-21 14:00:00,28.9,1.5,999.0,0.5
2024-06-21 15:00:00,29.45,2.3,574.5,0.5
2024-06-21 16:00:00,31.7,3.6,150.0,0.5
2024-06-21 17:00:00,32.2,4.6,120.0,0.5
2024-06-21 18:00:00,32.2,4.35,135.0,0.5
2024-06-21 19:00:00,32.2,2.6,999.0,0.5
2024-06-21 20:00:00,33.3,5.1,160.0,
2024-06-21 21:00:00,33.3,4.85,135.0,0.75
2024-06-21 22:00:00,33.3,3.6,140.0,0.5
2024-06-21 23:00:00,32.8,4.6,170.0,0.5
2024-06-22 00:00:00,32.25,4.6,170.0,0.5
2024-06-22 01:00:00,31.1,4.6,150.0,0.5
2024-06-22 02:00:00,30.0,4.1,150.0,0.5
2024-06-22 03:00:00,29.7,4.1,145.0,0.5
2024-06-22 04:00:00,28.3,2.6,150.0,0.25
2024-06-22 05:00:00,27.2,3.1,579.5,0.25
2024-06-22 06:00:00,26.95,2.85,160.0,0.125
2024-06-22 07:00:00,26.1,2.6,170.0,0.0
2024-06-22 08:00:00,26.1,3.1,180.0,0.25
2024-06-22 09:00:00,26.1,3.35,180.0,0.25
2024-06-22 10:00:00,25.6,3.1,190.0,0.25
2024-06-22 11:00:00,25.6,3.1,200.0,0.25
2024-06-22 12:00:00,26.4,4.4,210.0,0.125
2024-06-22 13:00:00,28.3,5.1,220.0,0.25
2024-06-22 14:00:00,29.4,4.1,200.0,0.25
2024-06-22 15:00:00,30.25,4.6,205.0,0.375
2024-06-22 16:00:00,32.2,3.1,190.0,0.5
2024-06-22 17:00:00,32.8,4.6,200.0,0.5
2024-06-22 18:00:00,32.8,5.9,205.0,0.5
2024-06-22 19:00:00,35.0,6.2,190.0,0.25
2024-06-22 20:00:00,34.4,6.2,230.0,0.25
2024-06-22 21:00:00,34.4,5.15,215.0,0.25
2024-06-22 22:00:00,34.4,5.1,230.0,0.25
2024-06-22 23:00:00,34.4,5.1,220.0,0.25
2024-06-23 00:00:00,33.849999999999994,5.1,215.0,0.25
2024-06-23 01:00:00,32.2,3.6,200.0,0.25
2024-06-23 02:00:00,31.1,4.6,180.0,0.0
2024-06-23 03:00:00,30.55,4.1,180.0,0.0
2024-06-23 04:00:00,29.4,4.1,180.0,0.25
2024-06-23 05:00:00,28.3,4.1,589.5,0.0
2024-06-23 06:00:00,28.3,4.1,180.0,0.0
2024-06-23 07:00:00,27.8,3.6,200.0,0.0
2024-06-23 08:00:00,27.2,2.6,210.0,0.0
2024-06-23 09:00:00,26.95,3.1,210.0,0.0
2024-06-23 10:00:00,26.1,3.6,210.0,0.0
2024-06-23 11:00:00,26.1,3.6,210.0,0.25
2024-06-23 12:00:00,26.65,4.1,210.0,0.25
2024-06-23 13:00:00,29.4,5.1,230.0,0.25
2024-06-23 14:00:00,31.1,4.6,240.0,0.25
2024-06-23 15:00:00,31.4,5.15,240.0,0.25
2024-06-23 16:00:00,33.3,5.1,220.0,0.25
2024-06-23 17:00:00,34.4,5.7,220.0,0.25
2024-06-23 18:00:00,34.4,3.9000000000000004,609.5,0.25
2024-06-23 19:00:00,35.0,3.6,210.0,0.25
2024-06-23 20:00:00,35.6,2.1,200.0,0.5
2024-06-23 21:00:00,35.6,2.85,175.0,0.375
2024-06-23 22:00:00,35.6,3.1,140.0,0.5
2024-06-23 23:00:00,35.6,3.6,160.0,0.25
2024-06-24 00:00:00,35.0,3.6,165.0,0.25
2024-06-24 01:00:00,33.3,4.6,160.0,0.25
2024-06-24 02:00:00,32.2,5.7,170.0,0.0
2024-06-24 03:00:00,31.650000000000002,4.9,175.0,0.0
2024-06-24 04:00:00,30.6,5.1,180.0,0.0
2024-06-24 05:00:00,30.0,5.1,599.5,0.0
2024-06-24 06:00:00,29.7,5.1,200.0,0.0
2024-06-24 07:00:00,28.3,3.6,200.0,0.0
2024-06-24 08:00:00,26.7,2.1,200.0,0.0
2024-06-24 09:00:00,26.7,2.1,200.0,0.0
2024-06-24 10:00:00,26.7,1.5,190.0,0.25
2024-06-24 11:00:00,26.1,1.5,190.0,0.25
2024-06-24 12:00:00,27.200000000000003,2.05,195.0,0.125
2024-06-24 13:00:00,30.0,4.1,200.0,0.25
2024-06-24 14:00:00,31.1,6.2,190.0,0.25
2024-06-24 15:00:00,31.650000000000002,6.2,195.0,0.375
2024-06-24 16:00:00,33.3,5.1,230.0,0.5
2024-06-24 17:00:00,33.9,5.1,210.0,0.5
2024-06-24 18:00:00,34.45,5.1,200.0,0.375
2024-06-24 19:00:00,35.6,4.1,160.0,0.5
2024-06-24 20:00:00,35.6,5.7,170.0,0.5
2024-06-24 21:00:00,35.85,5.4,165.0,0.5
2024-06-24 22:00:00,34.4,4.6,170.0,0.5
2024-06-24 23:00:00,35.0,5.7,160.0,0.5
2024-06-25 00:00:00,34.45,6.2,160.0,0.375
2024-06-25 01:00:00,32.8,5.1,160.0,0.25
2024-06-25 02:00:00,31.7,4.1,150.0,0.25
2024-06-25 03:00:00,31.4,4.35,150.0,0.125
2024-06-25 04:00:00,30.0,3.6,150.0,0.0
2024-06-25 05:00:00,29.4,3.6,579.5,0.0
2024-06-25 06:00:00,29.4,4.1,165.0,0.0
2024-06-25 07:00:00,28.9,5.7,180.0,0.0
2024-06-25 08:00:00,28.3,6.2,190.0,0.0
2024-06-25 09:00:00,28.3,5.65,195.0,0.0
2024-06-25 10:00:00,27.8,3.6,190.0,
2024-06-25 11:00:00,27.8,5.1,190.0,0.25
2024-06-25 12:00:00,26.950000000000003,4.85,185.0,0.25
2024-06-25 13:00:00,29.4,5.1,190.0,0.5
2024-06-25 14:00:00,30.6,5.1,180.0,0.5
2024-06-25 15:00:00,30.85,4.85,195.0,0.5
2024-06-25 16:00:00,32.8,6.2,190.0,
2024-06-25 17:00:00,33.9,6.2,190.0,0.5
2024-06-25 18:00:00,34.15,6.45,175.0,0.5
2024-06-25 19:00:00,34.4,5.1,170.0,
2024-06-25 20:00:00,35.0,6.2,160.0,
2024-06-25 21:00:00,35.3,5.4,165.0,0.625
2024-06-25 22:00:00,35.0,6.2,180.0,0.5
2024-06-25 23:00:00,35.0,6.2,180.0,0.5
2024-06-26 00:00:00,34.45,6.2,170.0,0.375
2024-06-26 01:00:00,33.3,6.2,170.0,0.25
2024-06-26 02:00:00,32.2,4.6,170.0,0.25
2024-06-26 03:00:00,31.950000000000003,5.15,170.0,0.25
2024-06-26 04:00:00,31.1,4.1,160.0,0.25
2024-06-26 05:00:00,30.6,3.6,579.5,0.25
2024-06-26 06:00:00,30.3,4.35,165.0,0.25
2024-06-26 07:00:00,30.0,5.7,190.0,
2024-06-26 08:00:00,29.4,7.7,190.0,
2024-06-26 09:00:00,28.85,7.7,195.0,0.75
2024-06-26 10:00:00,28.3,5.7,200.0,0.5
2024-06-26 11:00:00,27.8,5.1,190.0,0.5
2024-06-26 12:00:00,28.35,5.65,195.0,0.375
2024-06-26 13:00:00,30.0,5.7,210.0,0.25
2024-06-26 14:00:00,31.1,6.7,210.0,0.25
2024-06-26 15:00:00,31.650000000000002,6.45,210.0,0.375
2024-06-26 16:00:00,33.3,4.6,190.0,0.5
2024-06-26 17:00:00,33.9,4.6,230.0,
2024-06-26 18:00:00,34.75,4.1,195.0,0.75
2024-06-26 19:00:00,36.1,4.6,150.0,0.5
2024-06-26 20:00:00,36.1,4.1,190.0,0.5
2024-06-26 21:00:00,36.7,5.1,190.0,0.25
2024-06-26 22:00:00,36.1,6.2,180.0,0.25
2024-06-26 23:00:00,36.1,8.2,220.0,0.25
2024-06-27 00:00:00,35.55,6.949999999999999,210.0,0.375
2024-06-27 01:00:00,34.4,4.6,200.0,0.5
2024-06-27 02:00:00,33.9,4.6,200.0,
2024-06-27 03:00:00,32.8,4.1,175.0,0.75
2024-06-27 04:00:00,30.6,4.1,150.0,0.25
2024-06-27 05:00:00,29.4,3.1,589.5,
2024-06-27 06:00:00,28.85,2.85,115.0,0.75
2024-06-27 07:00:00,28.9,1.5,120.0,
2024-06-27 08:00:00,27.8,3.1,120.0,
2024-06-27 09:00:00,28.05,1.55,559.5,0.625
2024-06-27 10:00:00,26.7,3.1,130.0,
2024-06-27 11:00:00,27.2,2.1,120.0,
2024-06-27 12:00:00,27.5,2.85,130.0,0.75
2024-06-27 13:00:00,29.4,3.1,120.0,0.5
2024-06-27 14:00:00,30.6,4.1,130.0,
2024-06-27 15:00:00,31.400000000000002,3.8499999999999996,115.0,0.75
2024-06-27 16:00:00,33.3,4.1,100.0,
2024-06-27 17:00:00,34.4,3.6,120.0,0.5
2024-06-27 18:00:00,34.7,3.1,110.0,0.5
2024-06-27 19:00:00,34.4,3.1,130.0,
2024-06-27 20:00:00,35.6,4.1,100.0,0.5
2024-06-27 21:00:00,35.6,4.9,100.0,0.5
2024-06-27 22:00:00,35.0,5.1,120.0,0.5
2024-06-27 23:00:00,33.9,5.7,110.0,0.5
2024-06-28 00:00:00,33.349999999999994,4.9,110.0,0.375
2024-06-28 01:00:00,31.7,6.2,150.0,0.25
2024-06-28 02:00:00,31.1,5.1,130.0,0.25
2024-06-28 03:00:00,30.55,5.1,135.0,0.25
2024-06-28 04:00:00,30.0,4.1,130.0,
2024-06-28 05:00:00,28.9,4.1,559.5,0.25
2024-06-28 06:00:00,28.6,4.6,125.0,0.25
2024-06-28 07:00:00,27.8,4.6,140.0,0.5
2024-06-28 08:00:00,27.8,5.1,150.0,0.25
2024-06-28 09:00:00,27.5,4.85,150.0,0.25
2024-06-28 10:00:00,26.7,3.6,140.0,0.5
2024-06-28 11:00:00,26.7,3.6,150.0,
2024-06-28 12:00:00,27.25,4.65,160.0,0.75
2024-06-28 13:00:00,30.0,6.2,200.0,
2024-06-28 14:00:00,31.7,6.2,210.0,
2024-06-28 15:00:00,32.5,5.95,200.0,0.75
2024-06-28 16:00:00,35.0,7.2,190.0,
2024-06-28 17:00:00,36.1,5.7,210.0,
2024-06-28 18:00:00,36.400000000000006,4.9,220.0,0.75
2024-06-28 19:00:00,37.2,5.7,180.0,0.5
2024-06-28 20:00:00,36.7,4.1,170.0,
2024-06-28 21:00:00,36.95,4.9,170.0,0.625
2024-06-28 22:00:00,37.2,6.7,180.0,0.5
2024-06-28 23:00:00,36.1,7.2,180.0,
2024-06-29 00:00:00,35.55,7.45,170.0,0.625
2024-06-29 01:00:00,33.9,7.7,160.0,0.25
2024-06-29 02:00:00,32.8,6.7,160.0,0.25
2024-06-29 03:00:00,32.5,6.95,165.0,0.25
2024-06-29 04:00:00,31.1,6.2,180.0,0.25
2024-06-29 05:00:00,30.0,7.2,589.5,0.25
2024-06-29 06:00:00,29.7,6.45,180.0,0.25
2024-06-29 07:00:00,28.9,6.7,180.0,0.0
2024-06-29 08:00:00,28.3,7.7,190.0,0.0
2024-06-29 09:00:00,28.05,7.2,185.0,0.5
2024-06-29 10:00:00,27.8,8.2,180.0,0.5
2024-06-29 11:00:00,27.8,5.1,190.0,0.5
2024-06-29 12:00:00,28.35,5.65,185.0,0.5
2024-06-29 13:00:00,29.4,6.7,200.0,
2024-06-29 14:00:00,30.0,7.2,210.0,
2024-06-29 15:00:00,31.400000000000002,6.366666666666667,206.66666666666666,1.0
2024-06-29 16:00:00,33.3,5.1,230.0,
2024-06-29 17:00:00,33.9,3.6,220.0,
2024-06-29 18:00:00,34.75,4.65,210.0,0.75
2024-06-29 19:00:00,35.6,5.1,190.0,
2024-06-29 20:00:00,36.7,6.2,170.0,
2024-06-29 21:00:00,36.7,5.65,180.0,0.75
2024-06-29 22:00:00,36.1,4.6,170.0,
2024-06-29 23:00:00,35.0,5.7,180.0,
2024-06-30 00:00:00,35.0,5.4,170.0,0.75
2024-06-30 01:00:00,33.9,4.6,170.0,0.5
2024-06-30 02:00:00,32.8,3.1,160.0,0.5
2024-06-30 03:00:00,32.8,3.8499999999999996,160.0,0.5
2024-06-30 04:00:00,32.2,4.6,160.0,0.0
2024-06-30 05:00:00,31.7,5.1,584.5,0.0
2024-06-30 06:00:00,31.15,4.35,175.0,0.0
2024-06-30 07:00:00,30.0,5.7,180.0,0.0
2024-06-30 08:00:00,29.4,7.7,210.0,0.25
2024-06-30 09:00:00,29.15,6.7,205.0,0.25
2024-06-30 10:00:00,28.3,4.6,200.0,0.5
2024-06-30 11:00:00,27.8,4.6,200.0,0.5
2024-06-30 12:00:00,28.05,5.65,205.0,0.5
2024-06-30 13:00:00,29.4,4.1,210.0,
2024-06-30 14:00:00,31.1,5.7,250.0,
2024-06-30 15:00:00,31.95,5.15,250.0,0.625
2024-06-30 16:00:00,33.9,2.6,200.0,0.5
2024-06-30 17:00:00,34.4,3.1,999.0,0.5
2024-06-30 18:00:00,35.0,2.85,999.0,0.5
2024-06-30 19:00:00,36.7,5.1,190.0,0.5
2024-06-30 20:00:00,36.7,2.6,210.0,0.5
2024-06-30 21:00:00,36.95,3.3499999999999996,200.0,0.5
2024-06-30 22:00:00,36.7,4.1,190.0,0.5
2024-06-30 23:00:00,36.1,5.7,140.0,0.5
2024-07-01 00:00:00,35.55,5.4,145.0,0.5
2024-07-01 01:00:00,33.9,5.1,160.0,0.5
2024-07-01 02:00:00,32.8,4.6,150.0,
2024-07-01 03:00:00,32.5,4.85,155.0,0.75
2024-07-01 04:00:00,31.7,4.1,170.0,
2024-07-01 05:00:00,31.1,4.1,726.0,0.5
2024-07-01 06:00:00,30.85,4.1,190.0,0.5
2024-07-01 07:00:00,29.4,3.1,180.0,
2024-07-01 08:00:00,29.4,2.1,220.0,
2024-07-01 09:00:00,29.15,2.6,215.0,0.75
2024-07-01 10:00:00,28.3,3.6,200.0,0.5
2024-07-01 11:00:00,28.3,4.1,210.0,0.5
2024-07-01 12:00:00,28.85,4.35,210.0,0.5
2024-07-01 13:00:00,31.1,4.1,220.0,0.5
2024-07-01 14:00:00,32.2,4.1,240.0,0.5
2024-07-01 15:00:00,32.75,5.15,230.0,0.5
2024-07-01 16:00:00,34.4,5.7,210.0,
2024-07-01 17:00:00,35.0,4.1,200.0,
2024-07-01 18:00:00,35.55,4.35,175.0,0.75
2024-07-01 19:00:00,36.7,4.1,190.0,0.5
2024-07-01 20:00:00,36.7,3.1,170.0,0.5
2024-07-01 21:00:00,36.95,4.9,170.0,0.375
2024-07-01 22:00:00,37.2,6.2,180.0,0.25
2024-07-01 23:00:00,36.7,6.7,180.0,0.25
2024-07-02 00:00:00,36.150000000000006,6.2,175.0,0.25
2024-07-02 01:00:00,34.4,5.7,160.0,0.25
2024-07-02 02:00:00,33.3,5.1,160.0,0.25
2024-07-02 03:00:00,33.05,4.85,160.0,0.125
2024-07-02 04:00:00,32.2,6.2,160.0,0.25
2024-07-02 05:00:00,30.0,7.2,584.5,0.25
2024-07-02 06:00:00,29.7,6.45,170.0,0.25
2024-07-02 07:00:00,28.9,4.1,180.0,0.0
2024-07-02 08:00:00,28.9,4.6,190.0,0.0
2024-07-02 09:00:00,28.6,3.8499999999999996,185.0,0.0
2024-07-02 10:00:00,27.8,4.1,170.0,0.0
2024-07-02 11:00:00,27.8,3.1,180.0,0.0
2024-07-02 12:00:00,28.35,3.8499999999999996,185.0,0.0
2024-07-02 13:00:00,30.6,5.1,200.0,0.0
2024-07-02 14:00:00,32.2,4.6,220.0,0.25
2024-07-02 15:00:00,33.05,5.65,210.0,0.25
2024-07-02 16:00:00,34.4,6.2,180.0,0.25
2024-07-02 17:00:00,36.1,7.7,150.0,0.25
2024-07-02 18:00:00,36.400000000000006,7.949999999999999,160.0,0.25
2024-07-02 19:00:00,37.8,6.2,190.0,0.25
2024-07-02 20:00:00,37.8,8.2,170.0,0.25
2024-07-02 21:00:00,37.8,8.2,170.0,0.25
2024-07-02 22:00:00,37.2,6.2,160.0,0.25
2024-07-02 23:00:00,36.7,6.2,170.0,0.25
2024-07-03 00:00:00,36.150000000000006,7.199999999999999,165.0,0.25
2024-07-03 01:00:00,33.9,8.2,170.0,0.25
2024-07-03 02:00:00,32.8,6.7,170.0,0.0
2024-07-03 03:00:00,32.25,5.4,170.0,0.0
2024-07-03 04:00:00,30.6,4.6,170.0,0.0
2024-07-03 05:00:00,30.0,4.6,584.5,0.0
2024-07-03 06:00:00,30.0,5.4,175.0,0.0
2024-07-03 07:00:00,30.0,6.7,190.0,0.0
2024-07-03 08:00:00,29.4,6.7,190.0,0.0
2024-07-03 09:00:00,28.85,5.9,190.0,0.0
2024-07-03 10:00:00,27.8,4.6,200.0,0.25
2024-07-03 11:00:00,27.8,4.6,190.0,0.25
2024-07-03 12:00:00,28.35,4.35,185.0,0.25
2024-07-03 13:00:00,30.0,4.6,180.0,0.25
2024-07-03 14:00:00,31.7,2.6,230.0,0.5
2024-07-03 15:00:00,32.25,3.5999999999999996,215.0,0.5
2024-07-03 16:00:00,33.9,4.6,170.0,0.5
2024-07-03 17:00:00,35.6,3.6,200.0,0.25
2024-07-03 18:00:00,35.85,4.9,180.0,0.25
2024-07-03 19:00:00,36.7,5.1,200.0,0.25
2024-07-03 20:00:00,37.8,5.7,180.0,0.5
2024-07-03 21:00:00,37.25,5.4,160.0,0.375
2024-07-03 22:00:00,36.7,7.2,180.0,0.25
2024-07-03 23:00:00,36.1,6.7,180.0,0.25
2024-07-04 00:00:00,35.55,6.7,175.0,0.25
2024-07-04 01:00:00,33.9,6.2,170.0,0.25
2024-07-04 02:00:00,32.8,5.7,170.0,0.0
2024-07-04 03:00:00,32.5,5.7,170.0,0.0
2024-07-04 04:00:00,31.1,5.1,170.0,0.0
2024-07-04 05:00:00,30.6,6.7,584.5,0.0
2024-07-04 06:00:00,30.6,6.45,180.0,0.0
2024-07-04 07:00:00,29.4,7.2,190.0,0.0
2024-07-04 08:00:00,28.9,6.2,190.0,0.0
2024-07-04 09:00:00,28.6,5.95,190.0,0.0
2024-07-04 10:00:00,27.8,5.7,190.0,0.0
2024-07-04 11:00:00,27.8,4.6,190.0,
2024-07-04 12:00:00,28.3,5.7,190.0,0.25
2024-07-04 13:00:00,29.4,6.7,220.0,0.25
2024-07-04 14:00:00,30.6,5.1,220.0,0.25
2024-07-04 15:00:00,31.15,4.1,215.0,0.25
2024-07-04 16:00:00,33.3,5.1,180.0,0.25
2024-07-04 17:00:00,33.9,3.6,200.0,0.25
2024-07-04 18:00:00,34.75,2.85,599.5,0.375
2024-07-04 19:00:00,36.1,2.1,999.0,0.5
2024-07-04 20:00:00,36.7,5.1,190.0,0.5
2024-07-04 21:00:00,36.7,5.1,185.0,0.5
2024-07-04 22:00:00,36.7,4.1,190.0,0.5
2024-07-04 23:00:00,36.1,5.7,180.0,0.5
2024-07-05 00:00:00,35.85,5.4,175.0,0.5
2024-07-05 01:00:00,34.4,6.2,150.0,0.25
2024-07-05 02:00:00,33.3,5.1,140.0,0.5
2024-07-05 03:00:00,32.75,4.85,150.0,0.5
2024-07-05 04:00:00,31.7,3.1,170.0,0.5
2024-07-05 05:00:00,31.1,3.1,589.5,0.5
2024-07-05 06:00:00,30.85,3.35,185.0,0.5
2024-07-05 07:00:00,29.4,5.7,30.0,
2024-07-05 08:00:00,28.3,1.5,130.0,0.5
2024-07-05 09:00:00,28.6,1.5,140.0,0.375
2024-07-05 10:00:00,28.9,0.0,999.0,0.5
2024-07-05 11:00:00,27.8,0.0,999.0,0.5
2024-07-05 12:00:00,28.05,2.55,514.5,0.5
2024-07-05 13:00:00,28.9,4.6,40.0,
2024-07-05 14:00:00,30.6,3.6,80.0,
2024-07-05 15:00:00,30.933333333333337,3.1,386.3333333333333,0.75
2024-07-05 16:00:00,26.0,2.5,319.8,
2024-07-05 17:00:00,29.45,3.8499999999999996,345.0,
2024-07-05 18:00:00,30.55,5.15,350.0,0.75
2024-07-05 19:00:00,27.2,11.3,340.0,
2024-07-05 20:00:00,26.7,11.3,350.0,
2024-07-05 21:00:00,26.4,9.5,340.0,0.75
2024-07-05 22:00:00,26.1,5.1,330.0,
2024-07-05 23:00:00,25.6,5.1,50.0,
2024-07-06 00:00:00,26.15,3.5999999999999996,95.0,0.75
2024-07-06 01:00:00,26.7,4.6,320.0,
2024-07-06 02:00:00,23.9,5.7,340.0,0.5
2024-07-06 03:00:00,23.6,4.65,345.0,0.5
2024-07-06 04:00:00,22.8,2.1,340.0,0.5
2024-07-06 05:00:00,22.8,2.6,674.5,0.5
2024-07-06 06:00:00,22.8,3.1,345.0,0.5
2024-07-06 07:00:00,22.8,3.1,340.0,0.5
2024-07-06 08:00:00,22.2,3.1,360.0,0.25
2024-07-06 09:00:00,22.2,1.55,679.5,0.25
2024-07-06 10:00:00,22.2,3.1,360.0,0.25
2024-07-06 11:00:00,22.8,2.1,350.0,0.25
2024-07-06 12:00:00,23.6,2.85,355.0,0.25
2024-07-06 13:00:00,25.6,1.5,360.0,0.5
2024-07-06 14:00:00,28.15,2.1,20.0,0.5
2024-07-06 15:00:00,29.0,1.8,170.0,0.5
2024-07-06 16:00:00,31.1,1.5,90.0,0.5
2024-07-06 17:00:00,32.2,2.6,190.0,0.25
2024-07-06 18:00:00,32.2,2.6,170.0,0.25
2024-07-06 19:00:00,33.9,3.1,999.0,
2024-07-06 20:00:00,35.0,2.6,999.0,0.5
2024-07-06 21:00:00,34.45,4.15,559.5,0.5
2024-07-06 22:00:00,34.4,5.1,130.0,0.5
2024-07-06 23:00:00,33.3,7.7,140.0,0.5
2024-07-07 00:00:00,32.75,6.4,145.0,0.375
2024-07-07 01:00:00,31.1,4.1,140.0,0.5
2024-07-07 02:00:00,30.6,3.6,140.0,
2024-07-07 03:00:00,30.3,3.35,135.0,0.75
2024-07-07 04:00:00,29.4,3.1,120.0,
2024-07-07 05:00:00,29.4,3.6,564.5,
2024-07-07 06:00:00,28.85,3.35,135.0,0.75
2024-07-07 07:00:00,27.2,3.1,120.0,
2024-07-07 08:00:00,27.2,3.6,170.0,
2024-07-07 09:00:00,26.95,2.85,175.0,0.75
2024-07-07 10:00:00,26.1,2.6,150.0,0.5
2024-07-07 11:00:00,26.1,2.1,160.0,0.5
2024-07-07 12:00:00,26.65,1.8,145.0,0.375
2024-07-07 13:00:00,28.9,3.6,140.0,0.25
2024-07-07 14:00:00,29.4,2.6,160.0,
2024-07-07 15:00:00,30.333333333333332,3.766666666666666,156.66666666666666,0.625
2024-07-07 16:00:00,32.8,4.1,130.0,0.5
2024-07-07 17:00:00,33.3,2.1,170.0,0.5
2024-07-07 18:00:00,33.599999999999994,2.6,584.5,0.5
2024-07-07 19:00:00,34.4,2.1,999.0,
2024-07-07 20:00:00,35.6,5.7,150.0,0.5
2024-07-07 21:00:00,35.6,4.65,160.0,0.5
2024-07-07 22:00:00,35.0,5.1,130.0,
2024-07-07 23:00:00,30.0,13.4,150.0,
2024-07-08 00:00:00,29.7,9.0,140.0,0.5
2024-07-08 01:00:00,27.8,8.2,120.0,0.5
2024-07-08 02:00:00,26.7,4.6,150.0,0.5
2024-07-08 03:00:00,26.7,4.35,140.0,0.5
2024-07-08 04:00:00,26.7,2.6,110.0,
2024-07-08 05:00:00,26.1,4.1,509.5,
2024-07-08 06:00:00,25.85,5.9,185.0,0.75
2024-07-08 07:00:00,24.4,2.1,30.0,
2024-07-08 08:00:00,23.9,2.1,20.0,
2024-07-08 09:00:00,24.633333333333336,1.5666666666666667,409.6666666666667,0.75
2024-07-08 10:00:00,24.45,1.3,624.5,
2024-07-08 11:00:00,23.9,2.85,180.0,
2024-07-08 12:00:00,24.025,3.875,17.5,1.0
2024-07-08 13:00:00,23.9,5.1,30.0,
2024-07-08 14:00:00,24.4,3.1,40.0,
2024-07-08 15:00:00,25.366666666666664,4.466666666666666,36.666666666666664,1.0
2024-07-08 16:00:00,27.2,7.7,30.0,
2024-07-08 17:00:00,28.3,5.1,30.0,
2024-07-08 18:00:00,27.75,5.65,195.0,1.0
2024-07-08 19:00:00,28.3,4.6,350.0,
2024-07-08 20:00:00,29.4,8.5,60.0,
2024-07-08 21:00:00,29.15,9.0,60.0,0.75
2024-07-08 22:00:00,27.8,6.7,40.0,
2024-07-08 23:00:00,27.8,6.7,20.0,
2024-07-09 00:00:00,26.950000000000003,6.7,15.0,0.75
2024-07-09 01:00:00,25.6,4.1,350.0,0.5
2024-07-09 02:00:00,24.4,3.6,20.0,0.5
2024-07-09 03:00:00,24.4,3.8499999999999996,185.0,0.5
2024-07-09 04:00:00,23.9,5.7,330.0,0.25
2024-07-09 05:00:00,23.3,4.1,669.5,0.25
2024-07-09 06:00:00,23.05,3.8499999999999996,330.0,0.25
2024-07-09 07:00:00,22.8,3.1,320.0,0.0
2024-07-09 08:00:00,22.2,3.1,310.0,0.25
2024-07-09 09:00:00,22.2,3.1,310.0,0.25
2024-07-09 10:00:00,22.2,3.1,320.0,0.25
2024-07-09 11:00:00,22.2,3.1,310.0,0.25
2024-07-09 12:00:00,22.75,2.85,320.0,0.25
2024-07-09 13:00:00,25.0,3.6,300.0,0.25
2024-07-09 14:00:00,27.2,3.6,350.0,0.25
2024-07-09 15:00:00,28.049999999999997,4.35,350.0,0.25
2024-07-09 16:00:00,30.0,4.6,310.0,0.5
2024-07-09 17:00:00,32.8,4.1,320.0,0.5
2024-07-09 18:00:00,33.05,4.35,175.0,0.5
2024-07-09 19:00:00,33.9,5.1,300.0,0.5
2024-07-09 20:00:00,33.3,3.6,10.0,0.5
2024-07-09 21:00:00,33.599999999999994,4.1,25.0,0.375
2024-07-09 22:00:00,33.9,3.6,50.0,0.25
2024-07-09 23:00:00,33.3,3.6,50.0,0.5
2024-07-10 00:00:00,33.05,3.35,55.0,0.5
2024-07-10 01:00:00,30.6,1.5,50.0,0.25
2024-07-10 02:00:00,30.0,3.1,110.0,0.25
2024-07-10 03:00:00,29.15,2.85,125.0,0.375
2024-07-10 04:00:00,27.8,3.1,150.0,0.5
2024-07-10 05:00:00,26.7,2.6,574.5,0.5
2024-07-10 06:00:00,26.4,2.6,170.0,0.375
2024-07-10 07:00:00,25.6,3.1,210.0,0.0
2024-07-10 08:00:00,25.6,1.5,200.0,0.0
2024-07-10 09:00:00,25.6,2.3,215.0,0.25
2024-07-10 10:00:00,25.0,2.6,210.0,
2024-07-10 11:00:00,24.4,2.1,200.0,0.5
2024-07-10 12:00:00,25.549999999999997,1.05,599.5,0.5
2024-07-10 13:00:00,28.3,3.1,200.0,0.5
2024-07-10 14:00:00,30.6,2.6,200.0,0.5
2024-07-10 15:00:00,31.15,2.05,599.5,0.5
2024-07-10 16:00:00,32.2,2.1,999.0,0.5
2024-07-10 17:00:00,33.9,2.1,160.0,0.5
2024-07-10 18:00:00,34.45,1.05,579.5,0.5
2024-07-10 19:00:00,34.4,0.0,999.0,
2024-07-10 20:00:00,36.7,1.5,999.0,
2024-07-10 21:00:00,36.95,2.3,669.5,0.625
2024-07-10 22:00:00,34.4,6.2,130.0,0.5
2024-07-10 23:00:00,33.3,7.7,120.0,0.25
2024-07-11 00:00:00,32.75,7.2,125.0,0.25
2024-07-11 01:00:00,31.1,4.1,140.0,0.25
2024-07-11 02:00:00,29.4,4.1,130.0,0.25
2024-07-11 03:00:00,28.85,3.5999999999999996,140.0,0.125
2024-07-11 04:00:00,27.2,2.1,150.0,0.0
2024-07-11 05:00:00,27.2,0.0,999.0,0.0
2024-07-11 06:00:00,27.2,1.05,574.5,0.0
2024-07-11 07:00:00,26.1,2.1,160.0,0.0
2024-07-11 08:00:00,25.6,2.6,160.0,0.0
2024-07-11 09:00:00,25.3,2.35,160.0,0.0
2024-07-11 10:00:00,25.6,2.6,170.0,0.25
2024-07-11 11:00:00,25.0,2.1,150.0,0.5
2024-07-11 12:00:00,26.1,1.8,155.0,0.375
2024-07-11 13:00:00,28.9,2.6,190.0,0.25
2024-07-11 14:00:00,31.1,2.6,250.0,0.5
2024-07-11 15:00:00,31.95,3.5999999999999996,235.0,0.375
2024-07-11 16:00:00,33.9,4.6,200.0,0.25
2024-07-11 17:00:00,34.4,4.6,210.0,0.5
2024-07-11 18:00:00,34.7,3.5999999999999996,205.0,0.5
2024-07-11 19:00:00,35.6,2.1,999.0,0.5
2024-07-11 20:00:00,36.1,3.1,230.0,0.5
2024-07-11 21:00:00,36.1,3.1,195.0,0.5
2024-07-11 22:00:00,35.6,5.7,150.0,0.5
2024-07-11 23:00:00,35.0,4.6,150.0,0.25
2024-07-12 00:00:00,34.15,4.6,145.0,0.25
2024-07-12 01:00:00,32.2,5.7,150.0,0.25
2024-07-12 02:00:00,31.1,5.1,150.0,0.25
2024-07-12 03:00:00,30.55,4.35,155.0,0.25
2024-07-12 04:00:00,28.9,3.6,160.0,0.0
2024-07-12 05:00:00,28.3,4.1,584.5,0.0
2024-07-12 06:00:00,28.05,3.8499999999999996,170.0,0.0
2024-07-12 07:00:00,27.8,4.6,170.0,0.0
2024-07-12 08:00:00,26.1,3.1,200.0,0.0
2024-07-12 09:00:00,26.1,3.35,200.0,0.0
2024-07-12 10:00:00,25.0,2.6,190.0,0.25
2024-07-12 11:00:00,25.0,2.6,180.0,0.25
2024-07-12 12:00:00,25.85,2.6,185.0,0.25
2024-07-12 13:00:00,28.3,3.1,230.0,0.25
2024-07-12 14:00:00,30.6,3.6,190.0,0.25
2024-07-12 15:00:00,31.400000000000002,4.65,175.0,0.375
2024-07-12 16:00:00,32.8,4.1,190.0,0.5
2024-07-12 17:00:00,33.9,4.1,150.0,0.5
2024-07-12 18:00:00,34.4,5.7,160.0,0.5
2024-07-12 19:00:00,34.4,3.1,160.0,
2024-07-12 20:00:00,35.0,3.6,160.0,0.5
2024-07-12 21:00:00,35.6,5.7,170.0,
2024-07-12 22:00:00,34.4,4.6,140.0,0.5
2024-07-12 23:00:00,34.4,5.1,160.0,0.5
2024-07-13 00:00:00,33.05,6.6499999999999995,165.0,0.5
2024-07-13 01:00:00,30.6,5.7,170.0,
2024-07-13 02:00:00,29.4,6.2,170.0,0.5
2024-07-13 03:00:00,28.85,5.4,170.0,0.5
2024-07-13 04:00:00,27.8,5.1,180.0,0.5
2024-07-13 05:00:00,27.2,4.6,589.5,0.25
2024-07-13 06:00:00,26.95,5.4,185.0,0.25
2024-07-13 07:00:00,25.6,4.6,190.0,
2024-07-13 08:00:00,25.6,5.7,200.0,
2024-07-13 09:00:00,25.0,4.6,190.0,0.25
2024-07-13 10:00:00,24.4,3.6,200.0,0.25
2024-07-13 11:00:00,24.4,4.6,190.0,0.25
2024-07-13 12:00:00,25.25,4.35,200.0,0.25
2024-07-13 13:00:00,27.2,5.7,200.0,0.25
2024-07-13 14:00:00,28.9,5.1,210.0,0.25
2024-07-13 15:00:00,30.0,5.7,220.0,0.25
2024-07-13 16:00:00,31.7,4.6,190.0,
2024-07-13 17:00:00,32.2,3.1,200.0,0.75
2024-07-13 18:00:00,32.2,3.6,180.0,
2024-07-13 19:00:00,33.3,2.6,180.0,0.5
2024-07-13 20:00:00,34.4,3.1,210.0,0.5
2024-07-13 21:00:00,35.0,5.7,160.0,0.5
2024-07-13 22:00:00,34.4,5.7,160.0,0.5
2024-07-13 23:00:00,34.4,5.7,180.0,0.5
2024-07-14 00:00:00,31.1,8.8,170.0,0.5
2024-07-14 01:00:00,30.0,7.7,170.0,0.25
2024-07-14 02:00:00,29.4,6.2,170.0,
2024-07-14 03:00:00,28.9,4.6,170.0,0.25
2024-07-14 04:00:00,27.8,5.7,170.0,
2024-07-14 05:00:00,27.2,5.7,584.5,
2024-07-14 06:00:00,26.7,5.1,180.0,
2024-07-14 07:00:00,26.7,5.7,190.0,0.25
2024-07-14 08:00:00,25.6,5.1,180.0,0.25
2024-07-14 09:00:00,25.6,4.6,180.0,0.125
2024-07-14 10:00:00,25.6,4.6,190.0,0.0
2024-07-14 11:00:00,25.0,4.1,180.0,0.0
2024-07-14 12:00:00,25.55,4.35,190.0,0.0
2024-07-14 13:00:00,27.8,5.7,210.0,0.25
2024-07-14 14:00:00,29.4,5.1,240.0,0.25
2024-07-14 15:00:00,30.25,5.4,230.0,0.25
2024-07-14 16:00:00,32.8,5.1,190.0,
2024-07-14 17:00:00,33.9,6.2,220.0,
2024-07-14 18:00:00,35.0,5.7,180.0,0.5
2024-07-14 19:00:00,36.1,6.2,190.0,0.5
2024-07-14 20:00:00,36.1,6.2,180.0,0.5
2024-07-14 21:00:00,36.400000000000006,5.95,180.0,0.375
2024-07-14 22:00:00,36.1,5.7,190.0,0.25
2024-07-14 23:00:00,35.6,7.2,190.0,0.25
2024-07-15 00:00:00,34.4,6.7,180.0,0.25
2024-07-15 01:00:00,33.3,4.6,170.0,0.25
2024-07-15 02:00:00,32.2,5.7,180.0,0.0
2024-07-15 03:00:00,31.650000000000002,5.95,180.0,0.0
2024-07-15 04:00:00,30.0,7.7,180.0,0.0
2024-07-15 05:00:00,29.4,6.2,594.5,0.0
2024-07-15 06:00:00,29.15,6.45,195.0,0.0
2024-07-15 07:00:00,27.8,4.6,200.0,0.0
2024-07-15 08:00:00,27.2,4.6,200.0,0.0
2024-07-15 09:00:00,26.65,3.8499999999999996,195.0,0.0
2024-07-15 10:00:00,26.1,4.1,190.0,0.0
2024-07-15 11:00:00,25.6,3.6,170.0,0.25
2024-07-15 12:00:00,26.15,4.9,180.0,0.25
2024-07-15 13:00:00,28.3,6.7,210.0,0.0
2024-07-15 14:00:00,30.0,7.2,200.0,0.0
2024-07-15 15:00:00,30.85,6.7,195.0,0.0
2024-07-15 16:00:00,33.9,5.7,190.0,0.25
2024-07-15 17:00:00,34.4,5.7,210.0,0.25
2024-07-15 18:00:00,35.0,6.7,200.0,0.25
2024-07-15 19:00:00,36.7,8.2,210.0,0.25
2024-07-15 20:00:00,36.7,4.6,210.0,0.25
2024-07-15 21:00:00,36.95,5.4,205.0,0.25
2024-07-15 22:00:00,37.2,8.2,190.0,0.25
2024-07-15 23:00:00,36.1,5.1,190.0,0.25
2024-07-16 00:00:00,35.55,6.15,185.0,0.125
2024-07-16 01:00:00,33.9,4.6,170.0,0.0
2024-07-16 02:00:00,32.8,4.1,160.0,0.0
2024-07-16 03:00:00,32.25,5.65,165.0,0.0
2024-07-16 04:00:00,30.6,5.1,180.0,0.0
2024-07-16 05:00:00,30.0,5.1,589.5,0.0
2024-07-16 06:00:00,29.7,6.15,185.0,0.0
2024-07-16 07:00:00,28.9,5.7,190.0,0.0
2024-07-16 08:00:00,28.3,5.7,190.0,0.0
2024-07-16 09:00:00,28.05,5.95,190.0,0.0
2024-07-16 10:00:00,27.8,7.7,190.0,0.0
2024-07-16 11:00:00,27.2,5.7,200.0,0.0
2024-07-16 12:00:00,27.75,5.95,200.0,0.0
2024-07-16 13:00:00,29.4,5.7,200.0,0.0
2024-07-16 14:00:00,31.1,7.2,200.0,0.25
2024-07-16 15:00:00,31.650000000000002,7.2,200.0,0.25
2024-07-16 16:00:00,33.9,5.7,200.0,0.5
2024-07-16 17:00:00,35.6,5.7,210.0,0.25
2024-07-16 18:00:00,35.85,5.7,205.0,0.25
2024-07-16 19:00:00,37.2,5.1,200.0,0.25
2024-07-16 20:00:00,37.8,6.7,210.0,0.25
2024-07-16 21:00:00,37.8,7.2,205.0,0.25
2024-07-16 22:00:00,37.8,5.7,160.0,0.5
2024-07-16 23:00:00,36.7,5.7,190.0,
2024-07-17 00:00:00,36.150000000000006,5.15,180.0,0.75
2024-07-17 01:00:00,34.4,3.6,160.0,
2024-07-17 02:00:00,33.9,7.2,170.0,
2024-07-17 03:00:00,33.05,6.15,165.0,0.75
2024-07-17 04:00:00,31.1,7.7,170.0,
2024-07-17 05:00:00,31.1,6.7,589.5,
2024-07-17 06:00:00,30.85,8.0,185.0,0.75
2024-07-17 07:00:00,30.6,6.2,200.0,
2024-07-17 08:00:00,30.0,7.2,200.0,
2024-07-17 09:00:00,29.7,6.95,200.0,0.75
2024-07-17 10:00:00,28.9,5.1,200.0,
2024-07-17 11:00:00,28.9,4.1,220.0,
2024-07-17 12:00:00,28.6,3.8499999999999996,205.0,0.75
2024-07-17 13:00:00,28.9,4.1,220.0,
2024-07-17 14:00:00,29.4,4.6,210.0,
2024-07-17 15:00:00,29.7,4.35,210.0,0.75
2024-07-17 16:00:00,30.0,3.1,200.0,
2024-07-17 17:00:00,30.6,2.1,250.0,
2024-07-17 18:00:00,30.0,1.05,624.5,1.0
2024-07-17 19:00:00,30.0,2.1,360.0,
2024-07-17 20:00:00,30.6,2.6,20.0,
2024-07-17 21:00:00,30.3,2.6,35.0,1.0
2024-07-17 22:00:00,30.6,2.6,90.0,
2024-07-17 23:00:00,28.9,4.1,150.0,
2024-07-18 00:00:00,28.9,2.05,574.5,1.0
2024-07-18 01:00:00,28.3,6.2,210.0,
2024-07-18 02:00:00,26.7,0.0,999.0,
2024-07-18 03:00:00,26.4,1.55,504.5,0.75
2024-07-18 04:00:00,26.7,4.6,350.0,0.5
2024-07-18 05:00:00,26.7,4.1,514.5,
2024-07-18 06:00:00,26.4,3.5999999999999996,30.0,0.75
2024-07-18 07:00:00,25.6,1.5,70.0,
2024-07-18 08:00:00,26.1,1.5,90.0,
2024-07-18 09:00:00,24.96666666666667,1.0,416.3333333333333,0.75
2024-07-18 10:00:00,24.4,1.5,190.0,0.5
2024-07-18 11:00:00,23.9,2.1,200.0,0.25
2024-07-18 12:00:00,25.0,2.6,245.0,0.375
2024-07-18 13:00:00,26.7,3.6,330.0,
2024-07-18 14:00:00,28.3,2.6,669.5,
2024-07-18 15:00:00,29.233333333333334,4.1,343.0,0.75
2024-07-18 16:00:00,30.6,2.6,30.0,
2024-07-18 17:00:00,31.1,2.1,999.0,
2024-07-18 18:00:00,26.8,4.0,312.25,0.75
2024-07-18 19:00:00,30.0,3.1,40.0,
2024-07-18 20:00:00,28.9,5.7,50.0,
2024-07-18 21:00:00,30.299999999999997,5.15,45.0,0.625
2024-07-18 22:00:00,31.7,4.1,40.0,0.5
2024-07-18 23:00:00,31.7,4.1,50.0,0.5
2024-07-19 00:00:00,31.15,4.35,60.0,0.5
2024-07-19 01:00:00,28.9,3.1,50.0,0.5
2024-07-19 02:00:00,28.3,3.6,70.0,0.5
2024-07-19 03:00:00,28.05,3.35,75.0,0.5
2024-07-19 04:00:00,27.2,3.6,80.0,0.25
2024-07-19 05:00:00,26.7,2.6,539.5,0.25
2024-07-19 06:00:00,26.15,2.35,105.0,0.25
2024-07-19 07:00:00,25.0,3.1,110.0,0.5
2024-07-19 08:00:00,25.0,2.1,110.0,0.25
2024-07-19 09:00:00,24.45,2.1,95.0,0.375
2024-07-19 10:00:00,23.3,2.6,40.0,0.5
2024-07-19 11:00:00,23.9,2.1,70.0,0.5
2024-07-19 12:00:00,24.45,2.35,55.0,0.5
2024-07-19 13:00:00,26.7,2.6,100.0,0.25
2024-07-19 14:00:00,27.2,3.1,90.0,0.25
2024-07-19 15:00:00,27.75,2.3,100.0,0.25
2024-07-19 16:00:00,29.4,3.1,150.0,0.5
2024-07-19 17:00:00,31.1,3.1,90.0,0.5
2024-07-19 18:00:00,31.95,3.5999999999999996,65.0,0.5
2024-07-19 19:00:00,32.2,3.1,80.0,0.5
2024-07-19 20:00:00,32.8,2.1,80.0,
2024-07-19 21:00:00,33.05,1.05,539.5,0.75
2024-07-19 22:00:00,32.2,3.1,110.0,
2024-07-19 23:00:00,32.2,3.1,20.0,
2024-07-20 00:00:00,31.1,1.5,110.0,
2024-07-20 01:00:00,29.4,3.1,80.0,
2024-07-20 02:00:00,28.3,5.1,140.0,0.5
2024-07-20 03:00:00,27.2,4.1,130.0,0.25
2024-07-20 04:00:00,26.1,3.6,140.0,0.5
2024-07-20 05:00:00,25.0,2.6,574.5,0.25
2024-07-20 06:00:00,24.45,2.35,145.0,0.25
2024-07-20 07:00:00,23.9,2.6,170.0,0.25
2024-07-20 08:00:00,23.3,1.5,190.0,0.25
2024-07-20 09:00:00,23.05,1.8,175.0,0.375
2024-07-20 10:00:00,22.8,0.0,999.0,0.5
2024-07-20 11:00:00,22.2,2.1,160.0,
2024-07-20 12:00:00,23.049999999999997,2.6,170.0,0.75
2024-07-20 13:00:00,25.6,2.6,170.0,
2024-07-20 14:00:00,27.2,3.6,160.0,
2024-07-20 15:00:00,27.75,1.8,579.5,0.75
2024-07-20 16:00:00,29.4,3.1,150.0,
2024-07-20 17:00:00,31.7,0.0,999.0,
2024-07-20 18:00:00,31.950000000000003,0.75,999.0,0.75
2024-07-20 19:00:00,33.9,1.5,999.0,
2024-07-20 20:00:00,33.9,2.6,999.0,
2024-07-20 21:00:00,34.15,2.05,539.5,0.625
2024-07-20 22:00:00,33.9,4.1,150.0,
2024-07-20 23:00:00,32.8,4.6,140.0,
2024-07-21 00:00:00,32.25,5.4,140.0,0.75
2024-07-21 01:00:00,30.0,5.7,140.0,0.5
2024-07-21 02:00:00,29.4,6.2,130.0,
2024-07-21 03:00:00,29.15,5.4,140.0,0.75
2024-07-21 04:00:00,28.3,3.6,150.0,
2024-07-21 05:00:00,27.8,2.6,584.5,
2024-07-21 06:00:00,27.8,2.6,155.0,0.75
2024-07-21 07:00:00,27.8,2.6,170.0,
2024-07-21 08:00:00,27.2,3.6,160.0,
2024-07-21 09:00:00,26.1,4.225,190.0,1.0
2024-07-21 10:00:00,23.03333333333333,6.7,210.0,
2024-07-21 11:00:00,22.8,6.45,235.0,
2024-07-21 12:00:00,22.3,5.666666666666667,195.0,1.0
2024-07-21 13:00:00,22.133333333333336,5.333333333333333,190.0,
2024-07-21 14:00:00,23.7,5.833333333333333,190.0,
2024-07-21 15:00:00,25.25,4.65,170.0,0.75
2024-07-21 16:00:00,23.9,3.6,120.0,
2024-07-21 17:00:00,24.15,2.85,205.0,
2024-07-21 18:00:00,23.68,3.08,176.0,1.0
2024-07-21 19:00:00,27.2,3.6,110.0,
2024-07-21 20:00:00,28.3,2.1,999.0,
2024-07-21 21:00:00,28.3,1.8,564.5,0.75
2024-07-21 22:00:00,29.4,3.1,140.0,
2024-07-21 23:00:00,29.4,3.1,110.0,
2024-07-22 00:00:00,29.15,2.85,115.0,0.75
2024-07-22 01:00:00,27.8,2.1,130.0,
2024-07-22 02:00:00,26.1,3.1,120.0,
2024-07-22 03:00:00,26.1,1.55,559.5,0.75
2024-07-22 04:00:00,25.6,0.0,999.0,
2024-07-22 05:00:00,26.1,1.5,559.5,
2024-07-22 06:00:00,25.85,1.5,140.0,0.75
2024-07-22 07:00:00,24.4,2.1,120.0,
2024-07-22 08:00:00,24.4,2.1,100.0,
2024-07-22 09:00:00,24.4,1.05,549.5,0.75
2024-07-22 10:00:00,24.4,2.6,50.0,
2024-07-22 11:00:00,24.4,4.35,45.0,
2024-07-22 12:00:00,24.7,3.3499999999999996,60.0,1.0
2024-07-22 13:00:00,26.1,2.6,90.0,
2024-07-22 14:00:00,27.2,2.1,999.0,
2024-07-22 15:00:00,27.5,2.1,514.5,1.0
2024-07-22 16:00:00,27.8,2.1,10.0,
2024-07-22 17:00:00,28.3,2.6,20.0,
2024-07-22 18:00:00,29.15,3.3499999999999996,15.0,1.0
2024-07-22 19:00:00,30.0,3.6,10.0,
2024-07-22 20:00:00,31.1,5.1,30.0,
2024-07-22 21:00:00,30.85,3.5999999999999996,60.0,0.75
2024-07-22 22:00:00,24.4,7.7,180.0,
2024-07-22 23:00:00,26.1,6.2,190.0,
2024-07-23 00:00:00,25.55,5.15,180.0,0.75
2024-07-23 01:00:00,25.0,4.6,210.0,
2024-07-23 02:00:00,23.9,2.1,210.0,
2024-07-23 03:00:00,23.9,2.1,210.0,1.0
2024-07-23 04:00:00,23.9,3.6,220.0,
2024-07-23 05:00:00,23.3,3.1,609.5,
2024-07-23 06:00:00,23.03333333333333,2.033333333333333,203.33333333333334,0.75
2024-07-23 07:00:00,23.05,0.0,999.0,
2024-07-23 08:00:00,23.3,0.0,999.0,
2024-07-23 09:00:00,23.3,0.0,999.0,1.0
2024-07-23 10:00:00,23.3,0.75,579.5,
2024-07-23 11:00:00,23.2,1.0,409.6666666666667,
2024-07-23 12:00:00,23.3,2.3,135.0,0.75
2024-07-23 13:00:00,24.4,3.1,180.0,
2024-07-23 14:00:00,25.53333333333333,2.6,183.33333333333334,
2024-07-23 15:00:00,26.15,1.3,594.5,0.75
2024-07-23 16:00:00,27.2,2.1,160.0,
2024-07-23 17:00:00,28.3,3.1,140.0,
2024-07-23 18:00:00,28.85,3.8499999999999996,130.0,0.75
2024-07-23 19:00:00,29.4,2.1,999.0,
2024-07-23 20:00:00,30.0,4.1,150.0,
2024-07-23 21:00:00,30.0,3.3499999999999996,140.0,0.75
2024-07-23 22:00:00,30.6,3.1,100.0,
2024-07-23 23:00:00,29.4,5.1,130.0,0.5
2024-07-24 00:00:00,28.6,4.85,140.0,0.375
2024-07-24 01:00:00,26.1,4.1,150.0,0.25
2024-07-24 02:00:00,25.6,3.6,150.0,0.25
2024-07-24 03:00:00,25.0,3.1,150.0,0.25
2024-07-24 04:00:00,24.4,3.1,150.0,0.25
2024-07-24 05:00:00,23.9,2.1,574.5,0.25
2024-07-24 06:00:00,23.400000000000002,1.2,433.0,0.4166666666666667
2024-07-24 07:00:00,23.3,2.1,150.0,0.25
2024-07-24 08:00:00,22.8,1.5,130.0,0.5
2024-07-24 09:00:00,22.8,1.7,140.0,0.5
2024-07-24 10:00:00,23.3,0.75,559.5,
2024-07-24 11:00:00,23.3,2.1,170.0,
2024-07-24 12:00:00,23.7,1.2,446.3333333333333,1.0
2024-07-24 13:00:00,24.599999999999998,0.0,999.0,
2024-07-24 14:00:00,26.4,1.05,674.5,
2024-07-24 15:00:00,27.233333333333334,1.9000000000000001,782.6666666666666,0.75
2024-07-24 16:00:00,28.9,3.1,60.0,
2024-07-24 17:00:00,30.0,2.6,80.0,0.5
2024-07-24 18:00:00,30.55,2.35,539.5,0.5
2024-07-24 19:00:00,31.7,3.1,110.0,0.5
2024-07-24 20:00:00,31.7,2.1,50.0,0.5
2024-07-24 21:00:00,32.25,2.1,524.5,0.5
2024-07-24 22:00:00,33.3,2.1,30.0,0.5
2024-07-24 23:00:00,32.8,4.1,60.0,0.5
2024-07-25 00:00:00,32.25,3.3499999999999996,65.0,0.5
2024-07-25 01:00:00,30.6,3.1,80.0,
2024-07-25 02:00:00,28.3,2.6,120.0,0.5
2024-07-25 03:00:00,28.05,2.6,120.0,0.375
2024-07-25 04:00:00,26.7,3.1,140.0,0.25
2024-07-25 05:00:00,26.7,2.1,564.5,0.25
2024-07-25 06:00:00,26.4,1.05,564.5,0.125
2024-07-25 07:00:00,25.6,2.6,130.0,0.25
2024-07-25 08:00:00,25.0,1.5,100.0,0.25
2024-07-25 09:00:00,24.7,1.8,125.0,0.25
2024-07-25 10:00:00,24.4,0.0,999.0,0.25
2024-07-25 11:00:00,23.9,1.5,180.0,0.25
2024-07-25 12:00:00,25.0,1.5,110.0,0.25
2024-07-25 13:00:00,26.7,0.0,999.0,0.5
2024-07-25 14:00:00,28.9,2.1,20.0,0.5
2024-07-25 15:00:00,29.15,3.0999999999999996,30.0,0.5
2024-07-25 16:00:00,31.1,4.1,50.0,
2024-07-25 17:00:00,31.1,3.6,90.0,
2024-07-25 18:00:00,31.95,4.1,75.0,0.75
2024-07-25 19:00:00,32.2,5.1,110.0,
2024-07-25 20:00:00,32.8,4.6,120.0,
2024-07-25 21:00:00,32.8,4.6,115.0,0.75
2024-07-25 22:00:00,31.7,6.7,130.0,
2024-07-25 23:00:00,30.6,4.1,120.0,0.5
2024-07-26 00:00:00,30.3,4.6,115.0,0.5
2024-07-26 01:00:00,28.9,3.6,100.0,0.5
2024-07-26 02:00:00,26.7,4.6,140.0,0.25
2024-07-26 03:00:00,26.15,4.35,145.0,0.25
2024-07-26 04:00:00,24.4,4.1,150.0,0.5
2024-07-26 05:00:00,23.9,3.1,574.5,0.5
2024-07-26 06:00:00,23.6,3.1,150.0,0.5
2024-07-26 07:00:00,23.3,2.6,150.0,0.5
2024-07-26 08:00:00,23.2,2.766666666666667,156.66666666666666,
2024-07-26 09:00:00,23.3,2.85,155.0,1.0
2024-07-26 10:00:00,23.3,1.5,150.0,
2024-07-26 11:00:00,23.9,1.5,100.0,
2024-07-26 12:00:00,24.15,0.75,549.5,1.0
2024-07-26 13:00:00,25.0,2.1,70.0,
2024-07-26 14:00:00,25.8,1.8,559.5,
2024-07-26 15:00:00,25.933333333333337,1.2,676.0,1.0
2024-07-26 16:00:00,26.95,1.8,85.0,
2024-07-26 17:00:00,27.2,2.1,130.0,
2024-07-26 18:00:00,27.5,2.35,120.0,1.0
2024-07-26 19:00:00,28.9,2.1,80.0,
2024-07-26 20:00:00,29.4,2.1,999.0,
2024-07-26 21:00:00,30.0,1.8,999.0,0.75
2024-07-26 22:00:00,29.4,2.1,120.0,
2024-07-26 23:00:00,29.4,4.6,120.0,
2024-07-27 00:00:00,28.6,4.85,125.0,0.625
2024-07-27 01:00:00,26.7,5.1,130.0,0.5
2024-07-27 02:00:00,25.6,3.6,140.0,0.5
2024-07-27 03:00:00,25.6,3.8499999999999996,140.0,0.5
2024-07-27 04:00:00,25.0,3.1,140.0,0.25
2024-07-27 05:00:00,24.4,2.6,574.5,
2024-07-27 06:00:00,24.4,2.85,155.0,0.75
2024-07-27 07:00:00,24.4,2.85,170.0,
2024-07-27 08:00:00,24.4,3.1,190.0,
2024-07-27 09:00:00,24.15,2.85,180.0,0.75
2024-07-27 10:00:00,22.8,1.5,150.0,0.5
2024-07-27 11:00:00,22.8,0.75,569.5,0.5
2024-07-27 12:00:00,23.333333333333332,0.8666666666666667,719.3333333333334,0.5
2024-07-27 13:00:00,24.4,2.6,170.0,
2024-07-27 14:00:00,25.366666666666664,1.3666666666666665,459.6666666666667,
2024-07-27 15:00:00,26.666666666666668,0.8666666666666667,732.6666666666666,0.625
2024-07-27 16:00:00,28.9,3.1,210.0,0.5
2024-07-27 17:00:00,30.0,3.1,210.0,0.5
2024-07-27 18:00:00,30.3,3.1,604.5,0.5
2024-07-27 19:00:00,31.7,4.1,180.0,0.5
2024-07-27 20:00:00,32.2,6.7,170.0,0.5
2024-07-27 21:00:00,32.5,6.45,170.0,0.5
2024-07-27 22:00:00,32.2,6.7,170.0,0.25
2024-07-27 23:00:00,32.2,5.1,170.0,0.25
2024-07-28 00:00:00,31.400000000000002,5.4,160.0,0.25
2024-07-28 01:00:00,29.4,7.2,160.0,0.25
2024-07-28 02:00:00,28.3,7.2,180.0,0.25
2024-07-28 03:00:00,27.75,6.95,175.0,0.25
2024-07-28 04:00:00,26.7,5.1,180.0,0.0
2024-07-28 05:00:00,25.6,6.7,584.5,0.0
2024-07-28 06:00:00,25.3,5.65,165.0,0.25
2024-07-28 07:00:00,24.4,5.1,170.0,0.25
2024-07-28 08:00:00,23.9,5.1,170.0,0.5
2024-07-28 09:00:00,24.066666666666663,6.0,176.66666666666666,0.5
2024-07-28 10:00:00,24.4,7.7,210.0,
2024-07-28 11:00:00,23.9,4.85,190.0,0.5
2024-07-28 12:00:00,24.45,4.85,190.0,0.75
2024-07-28 13:00:00,25.400000000000002,5.666666666666667,203.33333333333334,0.5
2024-07-28 14:00:00,26.4,5.15,195.0,0.375
2024-07-28 15:00:00,27.766666666666666,6.5,200.0,0.25
2024-07-28 16:00:00,30.0,7.449999999999999,205.0,
2024-07-28 17:00:00,31.1,6.2,190.0,
2024-07-28 18:00:00,31.650000000000002,6.45,195.0,0.625
2024-07-28 19:00:00,33.9,8.2,200.0,0.5
2024-07-28 20:00:00,32.8,6.2,170.0,0.5
2024-07-28 21:00:00,32.8,7.5,175.0,0.5
2024-07-28 22:00:00,33.9,8.2,180.0,0.5
2024-07-28 23:00:00,33.3,7.7,180.0,0.25
2024-07-29 00:00:00,32.75,7.2,185.0,0.25
2024-07-29 01:00:00,31.1,7.7,180.0,0.25
2024-07-29 02:00:00,30.6,7.2,170.0,0.0
2024-07-29 03:00:00,29.75,6.7,175.0,0.0
2024-07-29 04:00:00,27.8,6.7,180.0,0.0
2024-07-29 05:00:00,27.2,6.7,594.5,0.0
2024-07-29 06:00:00,26.95,6.2,185.0,0.25
2024-07-29 07:00:00,26.7,7.45,185.0,
2024-07-29 08:00:00,26.7,6.2,180.0,
2024-07-29 09:00:00,26.4,6.2,185.0,1.0
2024-07-29 10:00:00,26.066666666666666,6.533333333333334,190.0,
2024-07-29 11:00:00,26.1,6.2,190.0,
2024-07-29 12:00:00,26.1,6.45,185.0,1.0
2024-07-29 13:00:00,27.8,6.7,190.0,
2024-07-29 14:00:00,28.9,9.05,195.0,0.5
2024-07-29 15:00:00,30.03333333333333,8.6,196.66666666666666,0.5
2024-07-29 16:00:00,31.4,7.2,205.0,
2024-07-29 17:00:00,32.8,7.2,200.0,0.5
2024-07-29 18:00:00,33.599999999999994,7.699999999999999,200.0,0.5
2024-07-29 19:00:00,35.0,7.2,180.0,0.5
2024-07-29 20:00:00,35.0,7.2,180.0,0.5
2024-07-29 21:00:00,35.3,6.95,175.0,0.5
2024-07-29 22:00:00,34.4,6.2,170.0,0.5
2024-07-29 23:00:00,34.4,8.2,190.0,0.25
2024-07-30 00:00:00,34.15,6.6499999999999995,180.0,0.25
2024-07-30 01:00:00,32.8,5.7,170.0,0.0
2024-07-30 02:00:00,31.7,6.2,170.0,0.0
2024-07-30 03:00:00,31.4,6.7,170.0,0.0
2024-07-30 04:00:00,30.0,6.7,180.0,0.0
2024-07-30 05:00:00,29.4,7.2,589.5,0.0
2024-07-30 06:00:00,29.15,6.95,185.0,0.0
2024-07-30 07:00:00,28.3,7.2,190.0,0.0
2024-07-30 08:00:00,27.8,7.2,180.0,0.0
2024-07-30 09:00:00,27.25,7.2,185.0,0.25
2024-07-30 10:00:00,26.1,7.2,180.0,0.25
2024-07-30 11:00:00,25.85,6.2,185.0,
2024-07-30 12:00:00,25.96666666666667,6.366666666666667,186.66666666666666,0.625
2024-07-30 13:00:00,27.8,8.8,200.0,0.5
2024-07-30 14:00:00,29.4,7.2,200.0,0.5
2024-07-30 15:00:00,30.25,7.699999999999999,200.0,0.5
2024-07-30 16:00:00,31.7,8.2,200.0,0.5
2024-07-30 17:00:00,33.3,9.3,200.0,0.5
2024-07-30 18:00:00,33.599999999999994,8.25,200.0,0.5
2024-07-30 19:00:00,35.0,6.7,210.0,0.5
2024-07-30 20:00:00,34.4,8.2,170.0,0.5
2024-07-30 21:00:00,35.0,7.449999999999999,175.0,0.5
2024-07-30 22:00:00,34.4,7.2,170.0,0.5
2024-07-30 23:00:00,34.4,8.2,170.0,0.5
2024-07-31 00:00:00,33.849999999999994,7.449999999999999,170.0,0.375
2024-07-31 01:00:00,32.2,6.2,160.0,0.25
2024-07-31 02:00:00,31.7,5.7,170.0,0.0
2024-07-31 03:00:00,31.4,5.7,170.0,0.0
2024-07-31 04:00:00,30.6,7.2,180.0,0.0
2024-07-31 05:00:00,29.4,8.2,594.5,0.0
2024-07-31 06:00:00,29.15,8.2,190.0,0.0
2024-07-31 07:00:00,27.8,7.2,180.0,0.0
2024-07-31 08:00:00,27.2,8.2,190.0,0.25
2024-07-31 09:00:00,26.95,7.199999999999999,185.0,0.375
2024-07-31 10:00:00,26.7,6.033333333333334,183.33333333333334,0.5
2024-07-31 11:00:00,26.5,6.366666666666667,173.33333333333334,0.375
2024-07-31 12:00:00,26.65,5.95,175.0,0.25
2024-07-31 13:00:00,28.3,8.8,180.0,0.5
2024-07-31 14:00:00,30.0,7.7,210.0,0.5
2024-07-31 15:00:00,30.55,7.7,195.0,0.375
2024-07-31 16:00:00,32.2,7.2,200.0,0.25
2024-07-31 17:00:00,33.3,9.8,180.0,0.25
2024-07-31 18:00:00,33.849999999999994,8.0,180.0,0.375
2024-07-31 19:00:00,34.4,6.2,190.0,0.25
2024-07-31 20:00:00,35.0,8.2,170.0,0.25
2024-07-31 21:00:00,36.1,7.2,170.0,0.0
2024-07-31 22:00:00,35.6,7.7,180.0,0.0
2024-07-31 23:00:00,34.4,6.7,160.0,0.0
2024-08-01 00:00:00,33.849999999999994,7.75,160.0,0.0
2024-08-01 01:00:00,32.2,8.8,170.0,0.0
2024-08-01 02:00:00,31.1,6.7,170.0,0.0
2024-08-01 03:00:00,30.85,6.7,170.0,0.0
2024-08-01 04:00:00,29.4,7.7,180.0,0.0
2024-08-01 05:00:00,28.9,7.7,726.0,0.0
2024-08-01 06:00:00,28.6,7.45,185.0,0.0
2024-08-01 07:00:00,27.2,6.7,190.0,0.0
2024-08-01 08:00:00,26.7,6.7,190.0,0.0
2024-08-01 09:00:00,26.15,6.7,190.0,0.0
2024-08-01 10:00:00,25.0,5.7,180.0,0.0
2024-08-01 11:00:00,24.4,5.7,180.0,0.25
2024-08-01 12:00:00,24.7,6.2,185.0,0.375
2024-08-01 13:00:00,26.7,6.2,180.0,0.25
2024-08-01 14:00:00,28.3,6.7,190.0,0.25
2024-08-01 15:00:00,29.450000000000003,6.2,200.0,0.125
2024-08-01 16:00:00,32.8,5.1,210.0,0.25
2024-08-01 17:00:00,34.4,6.2,200.0,0.25
2024-08-01 18:00:00,35.25,5.95,200.0,0.25
2024-08-01 19:00:00,36.7,7.2,210.0,0.25
2024-08-01 20:00:00,37.2,6.7,210.0,0.25
2024-08-01 21:00:00,37.5,7.2,200.0,0.375
2024-08-01 22:00:00,37.2,6.2,200.0,0.5
2024-08-01 23:00:00,36.1,5.1,170.0,
2024-08-02 00:00:00,35.55,5.65,175.0,0.75
2024-08-02 01:00:00,33.3,5.7,170.0,
2024-08-02 02:00:00,31.7,5.7,170.0,0.5
2024-08-02 03:00:00,31.15,5.7,170.0,0.5
2024-08-02 04:00:00,29.4,5.1,190.0,0.25
2024-08-02 05:00:00,29.4,6.2,594.5,0.25
2024-08-02 06:00:00,28.85,5.4,195.0,0.375
2024-08-02 07:00:00,27.8,3.1,210.0,
2024-08-02 08:00:00,27.2,4.1,220.0,
2024-08-02 09:00:00,26.95,3.5999999999999996,220.0,0.75
2024-08-02 10:00:00,25.6,2.6,200.0,
2024-08-02 11:00:00,25.6,3.1,210.0,
2024-08-02 12:00:00,26.4,2.85,200.0,1.0
2024-08-02 13:00:00,28.9,2.1,270.0,
2024-08-02 14:00:00,30.0,3.6,220.0,
2024-08-02 15:00:00,30.85,3.35,210.0,1.0
2024-08-02 16:00:00,33.3,2.1,220.0,
2024-08-02 17:00:00,35.0,4.1,220.0,
2024-08-02 18:00:00,35.85,3.5999999999999996,609.5,1.0
2024-08-02 19:00:00,37.2,1.5,999.0,
2024-08-02 20:00:00,38.3,3.1,190.0,
2024-08-02 21:00:00,37.8,0.0,999.0,0.5
2024-08-02 22:00:00,37.8,3.1,100.0,0.5
2024-08-02 23:00:00,37.2,3.1,170.0,0.25
2024-08-03 00:00:00,36.400000000000006,2.85,165.0,0.25
2024-08-03 01:00:00,33.9,3.1,110.0,0.25
2024-08-03 02:00:00,33.3,2.6,110.0,0.25
2024-08-03 03:00:00,33.05,2.85,110.0,0.25
2024-08-03 04:00:00,31.7,2.1,80.0,0.25
2024-08-03 05:00:00,30.6,2.1,559.5,0.5
2024-08-03 06:00:00,30.6,2.35,125.0,0.5
2024-08-03 07:00:00,30.0,0.0,999.0,
2024-08-03 08:00:00,26.9,11.600000000000001,265.0,
2024-08-03 09:00:00,24.049999999999997,6.533333333333334,188.33333333333334,1.0
2024-08-03 10:00:00,24.15,3.9749999999999996,192.5,
2024-08-03 11:00:00,24.4,0.0,999.0,
2024-08-03 12:00:00,25.25,1.3,624.5,0.625
2024-08-03 13:00:00,27.2,4.6,260.0,0.25
2024-08-03 14:00:00,30.6,3.6,270.0,0.25
2024-08-03 15:00:00,31.400000000000002,2.85,145.0,0.25
2024-08-03 16:00:00,33.3,3.6,10.0,
2024-08-03 17:00:00,34.4,3.6,20.0,0.25
2024-08-03 18:00:00,35.25,3.6,25.0,0.25
2024-08-03 19:00:00,36.1,0.0,999.0,0.25
2024-08-03 20:00:00,36.7,2.6,999.0,0.25
2024-08-03 21:00:00,36.7,5.1,360.0,0.25
2024-08-03 22:00:00,36.7,4.6,10.0,0.25
2024-08-03 23:00:00,35.0,4.1,30.0,0.25
2024-08-04 00:00:00,34.15,4.35,20.0,0.375
2024-08-04 01:00:00,31.1,4.1,360.0,0.25
2024-08-04 02:00:00,31.7,0.0,999.0,0.25
2024-08-04 03:00:00,30.549999999999997,1.55,559.5,0.25
2024-08-04 04:00:00,29.4,2.6,120.0,0.25
2024-08-04 05:00:00,28.9,2.1,554.5,0.0
2024-08-04 06:00:00,28.9,2.1,140.0,0.0
2024-08-04 07:00:00,27.2,1.5,140.0,0.25
2024-08-04 08:00:00,26.7,0.0,999.0,0.25
2024-08-04 09:00:00,26.7,0.0,999.0,0.25
2024-08-04 10:00:00,26.1,0.0,999.0,0.25
2024-08-04 11:00:00,25.0,2.1,40.0,0.5
2024-08-04 12:00:00,25.85,1.8,50.0,0.5
2024-08-04 13:00:00,28.3,3.1,120.0,0.5
2024-08-04 14:00:00,30.6,2.6,130.0,0.25
2024-08-04 15:00:00,31.400000000000002,3.1,120.0,0.375
2024-08-04 16:00:00,32.8,1.5,999.0,0.5
2024-08-04 17:00:00,32.8,1.5,120.0,
2024-08-04 18:00:00,33.9,2.55,115.0,0.625
2024-08-04 19:00:00,34.4,3.1,80.0,
2024-08-04 20:00:00,35.6,2.6,100.0,0.5
2024-08-04 21:00:00,35.6,3.5999999999999996,95.0,0.5
2024-08-04 22:00:00,35.6,4.6,120.0,0.5
2024-08-04 23:00:00,35.0,3.6,90.0,0.5
2024-08-05 00:00:00,34.15,3.8499999999999996,105.0,0.375
2024-08-05 01:00:00,31.7,5.7,140.0,0.25
2024-08-05 02:00:00,30.6,4.6,140.0,0.25
2024-08-05 03:00:00,30.3,4.35,140.0,0.25
2024-08-05 04:00:00,28.3,3.6,140.0,0.25
2024-08-05 05:00:00,27.2,2.1,574.5,0.25
2024-08-05 06:00:00,26.95,2.1,140.0,0.25
2024-08-05 07:00:00,26.1,2.1,140.0,0.25
2024-08-05 08:00:00,26.1,0.0,999.0,0.0
2024-08-05 09:00:00,25.85,0.0,999.0,0.0
2024-08-05 10:00:00,25.0,0.0,999.0,0.0
2024-08-05 11:00:00,25.0,0.0,999.0,0.0
2024-08-05 12:00:00,25.55,0.0,999.0,0.25
2024-08-05 13:00:00,28.3,2.1,110.0,0.25
2024-08-05 14:00:00,30.6,3.6,140.0,0.25
2024-08-05 15:00:00,31.15,2.85,130.0,0.375
2024-08-05 16:00:00,32.8,2.6,999.0,0.5
2024-08-05 17:00:00,33.3,1.5,999.0,0.5
2024-08-05 18:00:00,33.849999999999994,2.3,539.5,0.5
2024-08-05 19:00:00,34.4,2.6,999.0,0.5
2024-08-05 20:00:00,35.0,3.1,90.0,0.5
2024-08-05 21:00:00,35.0,2.85,145.0,0.375
2024-08-05 22:00:00,35.0,2.6,120.0,0.25
2024-08-05 23:00:00,35.0,2.6,80.0,0.25
2024-08-06 00:00:00,33.9,2.85,100.0,0.25
2024-08-06 01:00:00,31.1,3.6,140.0,0.25
2024-08-06 02:00:00,30.6,3.6,140.0,0.0
2024-08-06 03:00:00,30.0,3.35,145.0,0.0
2024-08-06 04:00:00,29.4,3.1,160.0,0.0
2024-08-06 05:00:00,28.9,2.6,574.5,0.0
2024-08-06 06:00:00,28.35,1.3,574.5,0.0
2024-08-06 07:00:00,27.8,1.5,190.0,0.0
2024-08-06 08:00:00,26.7,1.5,190.0,0.0
2024-08-06 09:00:00,26.4,0.75,594.5,0.0
2024-08-06 10:00:00,25.6,2.1,210.0,0.0
2024-08-06 11:00:00,26.1,2.6,210.0,0.0
2024-08-06 12:00:00,26.65,2.35,205.0,0.0
2024-08-06 13:00:00,28.9,2.1,180.0,0.0
2024-08-06 14:00:00,31.1,3.6,240.0,0.0
2024-08-06 15:00:00,31.95,2.85,230.0,0.0
2024-08-06 16:00:00,33.9,2.6,999.0,0.25
2024-08-06 17:00:00,35.0,2.6,130.0,0.5
2024-08-06 18:00:00,35.3,2.05,564.5,0.5
2024-08-06 19:00:00,36.7,3.6,120.0,0.5
2024-08-06 20:00:00,37.2,2.6,140.0,0.5
2024-08-06 21:00:00,37.5,3.1,235.0,0.375
2024-08-06 22:00:00,37.2,2.1,60.0,0.25
2024-08-06 23:00:00,36.7,3.6,90.0,0.25
2024-08-07 00:00:00,35.55,3.35,110.0,0.125
2024-08-07 01:00:00,32.2,3.1,120.0,0.0
2024-08-07 02:00:00,31.7,4.1,110.0,0.0
2024-08-07 03:00:00,31.4,3.8499999999999996,130.0,0.0
2024-08-07 04:00:00,30.0,4.6,180.0,0.0
2024-08-07 05:00:00,29.4,3.6,604.5,0.0
2024-08-07 06:00:00,29.4,3.6,205.0,0.0
2024-08-07 07:00:00,28.9,2.6,220.0,0.0
2024-08-07 08:00:00,28.9,3.6,210.0,0.0
2024-08-07 09:00:00,28.35,3.8499999999999996,205.0,0.0
2024-08-07 10:00:00,27.2,2.6,210.0,0.0
2024-08-07 11:00:00,26.1,2.6,200.0,0.0
2024-08-07 12:00:00,26.950000000000003,2.05,190.0,0.0
2024-08-07 13:00:00,30.0,2.6,190.0,0.0
2024-08-07 14:00:00,32.2,2.6,180.0,0.0
2024-08-07 15:00:00,33.3,2.6,190.0,0.0
2024-08-07 16:00:00,36.1,3.6,140.0,0.0
2024-08-07 17:00:00,37.2,4.6,160.0,0.0
2024-08-07 18:00:00,37.5,4.35,175.0,0.25
2024-08-07 19:00:00,37.8,0.0,999.0,0.25
2024-08-07 20:00:00,38.3,3.1,190.0,0.25
2024-08-07 21:00:00,38.3,3.5999999999999996,155.0,0.25
2024-08-07 22:00:00,38.3,2.6,110.0,0.0
2024-08-07 23:00:00,37.8,2.6,130.0,0.0
2024-08-08 00:00:00,36.95,3.3499999999999996,150.0,0.0
2024-08-08 01:00:00,33.9,3.1,160.0,0.0
2024-08-08 02:00:00,33.3,4.1,180.0,0.0
2024-08-08 03:00:00,32.75,4.35,185.0,0.0
2024-08-08 04:00:00,31.1,4.1,190.0,0.0
2024-08-08 05:00:00,30.0,3.6,594.5,0.0
2024-08-08 06:00:00,30.0,3.8499999999999996,200.0,0.0
2024-08-08 07:00:00,29.4,4.1,220.0,0.0
2024-08-08 08:00:00,29.4,4.6,220.0,0.0
2024-08-08 09:00:00,29.15,4.1,220.0,0.0
2024-08-08 10:00:00,27.2,3.1,200.0,0.0
2024-08-08 11:00:00,27.2,3.1,200.0,0.25
2024-08-08 12:00:00,27.75,3.1,195.0,0.125
2024-08-08 13:00:00,30.6,2.6,230.0,0.25
2024-08-08 14:00:00,32.8,2.6,999.0,0.25
2024-08-08 15:00:00,33.599999999999994,2.35,999.0,0.25
2024-08-08 16:00:00,36.7,1.5,90.0,0.25
2024-08-08 17:00:00,36.7,1.5,999.0,0.25
2024-08-08 18:00:00,37.25,1.5,569.5,0.25
2024-08-08 19:00:00,38.3,1.5,999.0,0.25
2024-08-08 20:00:00,38.9,1.5,90.0,0.25
2024-08-08 21:00:00,38.599999999999994,3.6,110.0,0.25
2024-08-08 22:00:00,38.3,2.1,999.0,0.25
2024-08-08 23:00:00,37.8,3.1,130.0,0.25
2024-08-09 00:00:00,36.95,2.6,130.0,0.25
2024-08-09 01:00:00,35.0,2.6,160.0,0.25
2024-08-09 02:00:00,33.9,3.1,130.0,0.25
2024-08-09 03:00:00,33.599999999999994,2.85,125.0,0.25
2024-08-09 04:00:00,32.2,2.1,140.0,0.25
2024-08-09 05:00:00,31.7,1.5,569.5,0.25
2024-08-09 06:00:00,31.7,3.3,245.0,0.375
2024-08-09 07:00:00,30.6,4.6,30.0,0.5
2024-08-09 08:00:00,29.4,3.1,30.0,0.5
2024-08-09 09:00:00,29.15,3.35,30.0,0.375
2024-08-09 10:00:00,27.8,4.1,40.0,0.25
2024-08-09 11:00:00,27.8,4.1,30.0,0.5
2024-08-09 12:00:00,27.8,3.3499999999999996,20.0,0.5
2024-08-09 13:00:00,27.8,3.6,20.0,
2024-08-09 14:00:00,28.9,4.6,60.0,
2024-08-09 15:00:00,29.15,4.85,85.0,1.0
2024-08-09 16:00:00,30.0,5.7,60.0,
2024-08-09 17:00:00,27.1,5.6499999999999995,20.0,
2024-08-09 18:00:00,27.025,3.9749999999999996,25.0,1.0
2024-08-09 19:00:00,30.0,5.1,20.0,
2024-08-09 20:00:00,30.6,5.1,10.0,
2024-08-09 21:00:00,30.85,4.6,20.0,0.75
2024-08-09 22:00:00,31.7,4.6,30.0,
2024-08-09 23:00:00,31.7,3.1,10.0,
2024-08-10 00:00:00,31.15,3.5999999999999996,10.0,0.75
2024-08-10 01:00:00,29.4,3.6,20.0,
2024-08-10 02:00:00,28.9,3.1,20.0,0.5
2024-08-10 03:00:00,28.6,3.35,20.0,0.5
2024-08-10 04:00:00,27.8,0.0,999.0,0.25
2024-08-10 05:00:00,28.3,1.5,679.5,0.5
2024-08-10 06:00:00,27.75,2.55,195.0,0.5
2024-08-10 07:00:00,26.7,3.6,30.0,0.5
2024-08-10 08:00:00,26.1,4.1,30.0,0.5
2024-08-10 09:00:00,25.85,3.8499999999999996,25.0,0.5
2024-08-10 10:00:00,25.0,3.1,30.0,0.5
2024-08-10 11:00:00,24.4,2.6,10.0,0.5
2024-08-10 12:00:00,25.0,3.1,25.0,0.5
2024-08-10 13:00:00,26.1,2.1,30.0,
2024-08-10 14:00:00,27.8,2.6,20.0,
2024-08-10 15:00:00,28.6,2.35,65.0,0.75
2024-08-10 16:00:00,31.1,2.1,140.0,0.5
2024-08-10 17:00:00,32.8,1.5,999.0,0.5
2024-08-10 18:00:00,33.349999999999994,1.5,629.5,0.5
2024-08-10 19:00:00,33.9,2.1,280.0,0.5
2024-08-10 20:00:00,35.0,4.1,120.0,
2024-08-10 21:00:00,35.0,3.3499999999999996,559.5,0.75
2024-08-10 22:00:00,34.4,0.0,999.0,
2024-08-10 23:00:00,33.9,3.6,120.0,
2024-08-11 00:00:00,33.349999999999994,4.1,120.0,0.75
2024-08-11 01:00:00,31.7,4.6,130.0,
2024-08-11 02:00:00,31.7,5.7,150.0,0.5
2024-08-11 03:00:00,31.15,5.7,150.0,0.5
2024-08-11 04:00:00,30.0,4.1,160.0,0.5
2024-08-11 05:00:00,29.4,5.7,584.5,0.5
2024-08-11 06:00:00,28.85,4.9,175.0,0.5
2024-08-11 07:00:00,28.3,5.7,180.0,
2024-08-11 08:00:00,27.8,5.1,180.0,
2024-08-11 09:00:00,27.8,4.85,185.0,0.75
2024-08-11 10:00:00,27.8,4.6,200.0,
2024-08-11 11:00:00,27.2,5.7,200.0,
2024-08-11 12:00:00,27.2,4.9,195.0,0.75
2024-08-11 13:00:00,28.9,5.1,200.0,
2024-08-11 14:00:00,30.0,4.6,210.0,
2024-08-11 15:00:00,30.3,3.5999999999999996,604.5,1.0
2024-08-11 16:00:00,33.3,0.0,999.0,
2024-08-11 17:00:00,33.3,3.6,80.0,
2024-08-11 18:00:00,33.599999999999994,3.8499999999999996,110.0,0.75
2024-08-11 19:00:00,34.4,4.6,90.0,0.5
2024-08-11 20:00:00,35.0,4.1,120.0,
2024-08-11 21:00:00,34.4,6.2,130.0,
2024-08-11 22:00:00,34.4,5.7,130.0,
2024-08-11 23:00:00,33.3,8.2,140.0,
2024-08-12 00:00:00,32.2,7.2,120.0,
2024-08-12 01:00:00,31.7,5.7,140.0,
2024-08-12 02:00:00,31.1,5.7,150.0,0.5
2024-08-12 03:00:00,30.6,5.1,150.0,0.5
2024-08-12 04:00:00,30.0,4.6,150.0,0.5
2024-08-12 05:00:00,29.4,5.1,579.5,0.5
2024-08-12 06:00:00,28.9,5.1,160.0,0.5
2024-08-12 07:00:00,28.3,5.7,170.0,0.5
2024-08-12 08:00:00,27.8,4.1,180.0,
2024-08-12 09:00:00,27.8,6.2,180.0,
2024-08-12 10:00:00,27.2,5.7,190.0,0.5
2024-08-12 11:00:00,26.7,5.7,190.0,0.5
2024-08-12 12:00:00,27.2,5.7,180.0,0.5
2024-08-12 13:00:00,28.9,5.1,180.0,0.5
2024-08-12 14:00:00,30.6,6.2,190.0,
2024-08-12 15:00:00,31.7,4.6,180.0,0.5
2024-08-12 16:00:00,32.8,3.6,170.0,0.5
2024-08-12 17:00:00,34.4,5.1,190.0,0.25
2024-08-12 18:00:00,35.6,5.1,190.0,0.5
2024-08-12 19:00:00,35.6,1.5,999.0,0.5
2024-08-12 20:00:00,36.7,5.7,170.0,0.5
2024-08-12 21:00:00,36.7,4.1,160.0,0.5
2024-08-12 22:00:00,36.1,3.6,160.0,0.5
2024-08-12 23:00:00,35.6,7.7,160.0,0.5
2024-08-13 00:00:00,35.3,6.95,160.0,0.5
2024-08-13 01:00:00,33.3,5.7,170.0,0.5
2024-08-13 02:00:00,31.7,4.6,160.0,0.5
2024-08-13 03:00:00,31.4,4.1,150.0,0.5
2024-08-13 04:00:00,30.6,6.2,140.0,0.25
2024-08-13 05:00:00,30.0,5.7,579.5,0.25
2024-08-13 06:00:00,29.7,4.9,155.0,0.25
2024-08-13 07:00:00,28.9,3.6,160.0,0.25
2024-08-13 08:00:00,28.3,3.1,160.0,0.5
2024-08-13 09:00:00,28.05,3.1,160.0,0.375
2024-08-13 10:00:00,27.8,3.6,170.0,0.25
2024-08-13 11:00:00,27.2,2.6,170.0,0.25
2024-08-13 12:00:00,27.5,2.35,170.0,0.25
2024-08-13 13:00:00,29.4,5.1,190.0,0.25
2024-08-13 14:00:00,31.1,3.6,190.0,0.25
2024-08-13 15:00:00,31.650000000000002,4.1,195.0,0.25
2024-08-13 16:00:00,33.3,4.1,190.0,0.25
2024-08-13 17:00:00,35.6,4.6,190.0,0.25
2024-08-13 18:00:00,35.85,5.15,170.0,0.25
2024-08-13 19:00:00,37.2,6.7,180.0,0.25
2024-08-13 20:00:00,37.2,7.2,170.0,0.5
2024-08-13 21:00:00,37.2,6.7,165.0,0.5
2024-08-13 22:00:00,37.2,7.2,150.0,0.25
2024-08-13 23:00:00,36.7,6.2,170.0,0.5
2024-08-14 00:00:00,36.150000000000006,6.7,160.0,0.5
2024-08-14 01:00:00,33.9,4.6,160.0,
2024-08-14 02:00:00,33.3,5.1,150.0,0.5
2024-08-14 03:00:00,32.5,5.65,155.0,0.5
2024-08-14 04:00:00,31.1,6.2,170.0,0.25
2024-08-14 05:00:00,30.6,6.2,589.5,0.25
2024-08-14 06:00:00,30.3,5.65,180.0,0.25
2024-08-14 07:00:00,29.4,5.7,190.0,0.25
2024-08-14 08:00:00,28.9,6.2,190.0,0.0
2024-08-14 09:00:00,28.6,5.4,190.0,0.0
2024-08-14 10:00:00,27.8,4.6,190.0,0.0
2024-08-14 11:00:00,27.8,3.1,200.0,0.0
2024-08-14 12:00:00,28.05,4.1,195.0,0.0
2024-08-14 13:00:00,30.0,6.7,200.0,0.0
2024-08-14 14:00:00,31.7,5.7,210.0,0.0
2024-08-14 15:00:00,32.25,5.4,215.0,0.0
2024-08-14 16:00:00,35.0,4.6,190.0,0.0
2024-08-14 17:00:00,35.6,4.1,180.0,0.25
2024-08-14 18:00:00,35.85,4.35,175.0,0.25
2024-08-14 19:00:00,36.7,4.1,150.0,0.25
2024-08-14 20:00:00,37.2,5.7,150.0,0.25
2024-08-14 21:00:00,37.2,5.4,160.0,0.25
2024-08-14 22:00:00,37.2,5.1,150.0,0.25
2024-08-14 23:00:00,36.1,7.2,170.0,0.25
2024-08-15 00:00:00,35.85,6.45,170.0,0.25
2024-08-15 01:00:00,33.9,5.7,160.0,0.25
2024-08-15 02:00:00,32.8,4.6,160.0,0.0
2024-08-15 03:00:00,32.5,5.15,160.0,0.0
2024-08-15 04:00:00,31.1,6.2,170.0,0.0
2024-08-15 05:00:00,30.6,4.6,584.5,0.0
2024-08-15 06:00:00,30.6,5.65,180.0,0.0
2024-08-15 07:00:00,30.0,6.7,190.0,0.0
2024-08-15 08:00:00,29.4,6.7,200.0,0.0
2024-08-15 09:00:00,28.85,6.7,195.0,0.0
2024-08-15 10:00:00,28.3,5.1,180.0,0.0
2024-08-15 11:00:00,27.8,3.6,180.0,0.25
2024-08-15 12:00:00,28.05,4.65,190.0,0.25
2024-08-15 13:00:00,30.0,5.7,190.0,0.25
2024-08-15 14:00:00,31.1,6.7,190.0,0.25
2024-08-15 15:00:00,31.95,5.9,205.0,0.25
2024-08-15 16:00:00,34.4,4.6,220.0,0.5
2024-08-15 17:00:00,35.6,3.6,200.0,0.5
2024-08-15 18:00:00,36.400000000000006,3.8499999999999996,210.0,0.5
2024-08-15 19:00:00,37.2,3.6,210.0,0.5
2024-08-15 20:00:00,37.8,2.6,210.0,0.5
2024-08-15 21:00:00,38.05,3.8499999999999996,180.0,0.5
2024-08-15 22:00:00,36.7,6.2,150.0,0.5
2024-08-15 23:00:00,36.7,5.7,180.0,0.25
2024-08-16 00:00:00,36.400000000000006,5.4,180.0,0.25
2024-08-16 01:00:00,35.0,5.7,170.0,0.25
2024-08-16 02:00:00,33.9,5.1,160.0,0.25
2024-08-16 03:00:00,33.349999999999994,5.1,165.0,0.25
2024-08-16 04:00:00,32.2,4.6,170.0,0.0
2024-08-16 05:00:00,31.7,5.7,584.5,0.0
2024-08-16 06:00:00,31.4,6.2,170.0,0.25
2024-08-16 07:00:00,30.6,6.7,190.0,0.25
2024-08-16 08:00:00,29.4,5.7,190.0,0.5
2024-08-16 09:00:00,29.15,5.15,195.0,0.5
2024-08-16 10:00:00,28.9,3.6,200.0,0.5
2024-08-16 11:00:00,28.3,3.6,190.0,
2024-08-16 12:00:00,28.6,3.35,185.0,0.625
2024-08-16 13:00:00,30.0,4.6,180.0,0.5
2024-08-16 14:00:00,31.7,4.6,190.0,
2024-08-16 15:00:00,32.25,4.35,190.0,0.625
2024-08-16 16:00:00,35.0,4.6,200.0,0.5
2024-08-16 17:00:00,36.7,5.7,190.0,0.25
2024-08-16 18:00:00,36.95,4.15,594.5,0.375
2024-08-16 19:00:00,37.8,3.1,180.0,0.5
2024-08-16 20:00:00,38.3,0.0,999.0,0.5
2024-08-16 21:00:00,38.3,0.75,999.0,0.375
2024-08-16 22:00:00,38.3,4.1,200.0,0.25
2024-08-16 23:00:00,37.8,5.1,190.0,0.25
2024-08-17 00:00:00,37.25,5.4,175.0,0.25
2024-08-17 01:00:00,35.0,5.1,160.0,0.25
2024-08-17 02:00:00,34.4,5.1,170.0,0.0
2024-08-17 03:00:00,33.849999999999994,5.1,170.0,0.0
2024-08-17 04:00:00,32.2,4.6,170.0,0.0
2024-08-17 05:00:00,31.7,5.7,589.5,0.0
2024-08-17 06:00:00,31.4,5.4,185.0,0.25
2024-08-17 07:00:00,30.6,6.2,200.0,0.25
2024-08-17 08:00:00,30.0,5.7,200.0,0.5
2024-08-17 09:00:00,29.45,5.15,200.0,0.5
2024-08-17 10:00:00,28.3,3.6,190.0,0.5
2024-08-17 11:00:00,27.8,3.6,170.0,0.5
2024-08-17 12:00:00,28.05,4.65,180.0,0.5
2024-08-17 13:00:00,29.4,4.1,170.0,
2024-08-17 14:00:00,31.7,4.6,180.0,
2024-08-17 15:00:00,32.5,3.8499999999999996,195.0,0.75
2024-08-17 16:00:00,35.0,6.7,210.0,
2024-08-17 17:00:00,36.1,4.1,180.0,
2024-08-17 18:00:00,36.400000000000006,3.5999999999999996,180.0,0.5
2024-08-17 19:00:00,37.2,3.1,999.0,
2024-08-17 20:00:00,37.8,5.1,160.0,
2024-08-17 21:00:00,37.5,3.8499999999999996,579.5,0.75
2024-08-17 22:00:00,37.2,4.6,170.0,
2024-08-17 23:00:00,37.2,5.7,180.0,
2024-08-18 00:00:00,36.400000000000006,4.9,175.0,0.75
2024-08-18 01:00:00,34.4,5.1,170.0,
2024-08-18 02:00:00,33.3,6.7,170.0,0.5
2024-08-18 03:00:00,32.75,5.4,170.0,0.5
2024-08-18 04:00:00,31.1,4.1,170.0,0.25
2024-08-18 05:00:00,30.6,4.1,584.5,0.25
2024-08-18 06:00:00,30.3,4.35,175.0,0.25
2024-08-18 07:00:00,28.3,3.6,190.0,0.25
2024-08-18 08:00:00,28.3,3.6,200.0,0.25
2024-08-18 09:00:00,28.3,3.6,205.0,0.25
2024-08-18 10:00:00,27.8,3.1,220.0,0.25
2024-08-18 11:00:00,27.2,4.1,210.0,0.25
2024-08-18 12:00:00,27.75,4.35,210.0,0.25
2024-08-18 13:00:00,30.6,4.1,220.0,0.25
2024-08-18 14:00:00,32.8,4.6,210.0,0.25
2024-08-18 15:00:00,33.599999999999994,4.85,205.0,0.25
2024-08-18 16:00:00,36.1,5.1,200.0,0.25
2024-08-18 17:00:00,37.2,1.5,999.0,0.25
2024-08-18 18:00:00,37.5,2.05,999.0,0.25
2024-08-18 19:00:00,38.9,6.2,180.0,0.25
2024-08-18 20:00:00,39.4,2.6,200.0,0.25
2024-08-18 21:00:00,39.4,3.3499999999999996,175.0,0.25
2024-08-18 22:00:00,39.4,3.6,170.0,0.25
2024-08-18 23:00:00,38.9,2.1,170.0,0.25
2024-08-19 00:00:00,38.05,2.85,170.0,0.25
2024-08-19 01:00:00,36.1,3.6,200.0,0.25
2024-08-19 02:00:00,34.4,2.1,170.0,0.5
2024-08-19 03:00:00,33.599999999999994,2.85,185.0,0.5
2024-08-19 04:00:00,31.7,3.1,190.0,0.5
2024-08-19 05:00:00,31.7,4.6,604.5,0.5
2024-08-19 06:00:00,31.15,4.6,205.0,0.5
2024-08-19 07:00:00,30.0,2.6,210.0,0.5
2024-08-19 08:00:00,30.0,5.7,230.0,
2024-08-19 09:00:00,29.7,5.4,225.0,0.75
2024-08-19 10:00:00,28.9,5.1,220.0,
2024-08-19 11:00:00,28.3,4.6,220.0,
2024-08-19 12:00:00,28.85,4.35,225.0,0.75
2024-08-19 13:00:00,30.6,4.6,240.0,
2024-08-19 14:00:00,33.3,6.2,260.0,
2024-08-19 15:00:00,34.45,4.4,255.0,0.75
2024-08-19 16:00:00,36.7,0.0,999.0,
2024-08-19 17:00:00,38.3,2.6,999.0,
2024-08-19 18:00:00,38.599999999999994,2.85,614.5,0.75
2024-08-19 19:00:00,40.0,2.1,220.0,
2024-08-19 20:00:00,41.1,0.0,999.0,
2024-08-19 21:00:00,41.1,1.3,634.5,0.75
2024-08-19 22:00:00,40.0,2.6,180.0,
2024-08-19 23:00:00,38.9,4.6,160.0,
2024-08-20 00:00:00,37.8,4.1,170.0,
2024-08-20 01:00:00,36.7,4.1,160.0,
2024-08-20 02:00:00,35.0,3.1,180.0,
2024-08-20 03:00:00,33.3,2.6,160.0,
2024-08-20 04:00:00,32.8,4.1,200.0,
2024-08-20 05:00:00,32.2,3.6,604.5,0.75
2024-08-20 06:00:00,30.6,2.1,180.0,
2024-08-20 07:00:00,30.6,2.1,100.0,
2024-08-20 08:00:00,28.9,2.6,90.0,
2024-08-20 09:00:00,29.15,2.85,95.0,0.75
2024-08-20 10:00:00,28.3,1.5,110.0,
2024-08-20 11:00:00,28.3,3.6,110.0,
2024-08-20 12:00:00,28.3,3.6,105.0,0.75
2024-08-20 13:00:00,28.3,3.1,120.0,
2024-08-20 14:00:00,30.0,3.6,130.0,0.5
2024-08-20 15:00:00,31.1,3.35,120.0,0.375
2024-08-20 16:00:00,33.9,0.0,999.0,
2024-08-20 17:00:00,35.0,2.1,999.0,
2024-08-20 18:00:00,35.3,2.6,999.0,0.75
2024-08-20 19:00:00,37.8,1.5,999.0,0.25
2024-08-20 20:00:00,38.9,1.5,999.0,0.25
2024-08-20 21:00:00,38.9,1.8,679.5,0.25
2024-08-20 22:00:00,38.3,3.6,130.0,0.25
2024-08-20 23:00:00,37.8,3.6,110.0,0.25
2024-08-21 00:00:00,37.25,3.6,110.0,0.25
2024-08-21 01:00:00,34.4,5.1,90.0,0.0
2024-08-21 02:00:00,32.8,5.7,100.0,0.0
2024-08-21 03:00:00,32.25,5.95,105.0,0.0
2024-08-21 04:00:00,30.6,7.7,120.0,0.0
2024-08-21 05:00:00,30.0,5.7,564.5,0.0
2024-08-21 06:00:00,29.45,6.949999999999999,130.0,0.0
2024-08-21 07:00:00,28.3,7.7,130.0,0.25
2024-08-21 08:00:00,27.8,6.7,120.0,0.25
2024-08-21 09:00:00,27.5,7.2,125.0,0.25
2024-08-21 10:00:00,26.7,4.1,120.0,0.5
2024-08-21 11:00:00,26.1,4.1,110.0,0.5
2024-08-21 12:00:00,26.1,4.6,115.0,0.375
2024-08-21 13:00:00,26.7,5.1,130.0,0.25
2024-08-21 14:00:00,27.8,4.6,140.0,0.25
2024-08-21 15:00:00,28.6,5.65,140.0,0.25
2024-08-21 16:00:00,30.6,4.6,140.0,0.25
2024-08-21 17:00:00,31.7,3.6,120.0,0.25
2024-08-21 18:00:00,32.5,3.35,115.0,0.25
2024-08-21 19:00:00,34.4,2.6,120.0,0.25
2024-08-21 20:00:00,35.0,3.1,999.0,0.25
2024-08-21 21:00:00,35.3,3.5999999999999996,549.5,0.25
2024-08-21 22:00:00,35.6,5.1,90.0,0.25
2024-08-21 23:00:00,35.0,6.2,150.0,0.25
2024-08-22 00:00:00,34.15,6.2,145.0,0.25
2024-08-22 01:00:00,32.2,5.7,120.0,0.0
2024-08-22 02:00:00,31.7,6.2,120.0,0.0
2024-08-22 03:00:00,30.85,6.2,110.0,0.0
2024-08-22 04:00:00,28.9,5.1,110.0,0.0
2024-08-22 05:00:00,28.9,5.7,559.5,0.25
2024-08-22 06:00:00,28.35,5.4,120.0,0.375
2024-08-22 07:00:00,27.8,4.6,120.0,
2024-08-22 08:00:00,27.2,5.1,110.0,
2024-08-22 09:00:00,26.95,4.6,105.0,0.75
2024-08-22 10:00:00,26.7,4.35,105.0,
2024-08-22 11:00:00,26.7,5.1,110.0,
2024-08-22 12:00:00,26.5,5.666666666666667,110.0,0.625
2024-08-22 13:00:00,27.2,7.2,130.0,0.25
2024-08-22 14:00:00,28.9,6.7,130.0,0.25
2024-08-22 15:00:00,29.45,6.2,130.0,0.375
2024-08-22 16:00:00,31.7,5.7,140.0,0.25
2024-08-22 17:00:00,33.9,4.6,150.0,0.5
2024-08-22 18:00:00,34.45,4.6,150.0,0.5
2024-08-22 19:00:00,36.1,4.1,130.0,
2024-08-22 20:00:00,37.2,0.0,999.0,
2024-08-22 21:00:00,37.2,2.85,544.5,0.75
2024-08-22 22:00:00,37.2,4.6,110.0,
2024-08-22 23:00:00,36.1,6.2,120.0,
2024-08-23 00:00:00,35.55,5.65,120.0,0.625
2024-08-23 01:00:00,33.3,5.7,110.0,0.5
2024-08-23 02:00:00,32.2,6.7,120.0,
2024-08-23 03:00:00,31.950000000000003,7.2,125.0,0.75
2024-08-23 04:00:00,31.1,6.7,130.0,
2024-08-23 05:00:00,30.0,7.7,569.5,
2024-08-23 06:00:00,30.0,6.95,135.0,0.75
2024-08-23 07:00:00,29.4,6.7,140.0,
2024-08-23 08:00:00,28.9,5.7,140.0,
2024-08-23 09:00:00,28.6,5.7,140.0,0.75
2024-08-23 10:00:00,28.3,5.7,140.0,
2024-08-23 11:00:00,27.8,5.1,140.0,0.5
2024-08-23 12:00:00,28.05,5.1,140.0,0.375
2024-08-23 13:00:00,29.4,6.7,150.0,0.25
2024-08-23 14:00:00,31.7,5.7,170.0,0.25
2024-08-23 15:00:00,33.05,5.7,170.0,0.25
2024-08-23 16:00:00,35.6,7.2,160.0,0.0
2024-08-23 17:00:00,37.8,7.2,200.0,0.25
2024-08-23 18:00:00,37.8,6.7,185.0,0.25
2024-08-23 19:00:00,38.9,7.2,180.0,0.25
2024-08-23 20:00:00,38.9,6.2,180.0,0.25
2024-08-23 21:00:00,38.9,6.45,175.0,0.25
2024-08-23 22:00:00,37.8,7.7,160.0,0.5
2024-08-23 23:00:00,33.9,9.3,160.0,
2024-08-24 00:00:00,32.8,8.0,155.0,0.75
2024-08-24 01:00:00,31.1,5.7,150.0,
2024-08-24 02:00:00,29.4,5.7,180.0,
2024-08-24 03:00:00,29.15,6.2,175.0,0.75
2024-08-24 04:00:00,28.3,5.1,170.0,
2024-08-24 05:00:00,28.3,4.1,589.5,
2024-08-24 06:00:00,28.05,3.8499999999999996,175.0,0.75
2024-08-24 07:00:00,27.2,5.7,170.0,
2024-08-24 08:00:00,26.7,4.1,180.0,
2024-08-24 09:00:00,26.95,4.35,180.0,0.75
2024-08-24 10:00:00,26.7,8.2,190.0,
2024-08-24 11:00:00,26.7,5.1,180.0,
2024-08-24 12:00:00,26.95,5.4,185.0,0.625
2024-08-24 13:00:00,28.9,5.1,200.0,0.5
2024-08-24 14:00:00,31.1,6.7,190.0,0.5
2024-08-24 15:00:00,32.2,6.2,190.0,0.5
2024-08-24 16:00:00,33.3,7.2,170.0,
2024-08-24 17:00:00,33.9,8.2,190.0,
2024-08-24 18:00:00,34.45,7.449999999999999,180.0,0.75
2024-08-24 19:00:00,36.1,6.7,150.0,0.5
2024-08-24 20:00:00,36.1,6.2,160.0,0.25
2024-08-24 21:00:00,36.1,6.2,150.0,0.25
2024-08-24 22:00:00,36.1,5.7,160.0,0.25
2024-08-24 23:00:00,35.0,5.1,150.0,0.25
2024-08-25 00:00:00,34.45,6.15,145.0,0.25
2024-08-25 01:00:00,32.8,5.7,140.0,0.0
2024-08-25 02:00:00,31.7,4.6,150.0,0.0
2024-08-25 03:00:00,31.4,4.85,155.0,0.0
2024-08-25 04:00:00,30.6,4.6,160.0,0.25
2024-08-25 05:00:00,29.4,4.6,584.5,0.25
2024-08-25 06:00:00,29.15,4.6,175.0,0.25
2024-08-25 07:00:00,28.3,3.6,180.0,0.25
2024-08-25 08:00:00,27.8,3.6,190.0,0.25
2024-08-25 09:00:00,27.25,3.35,190.0,0.25
2024-08-25 10:00:00,26.7,3.6,190.0,0.25
2024-08-25 11:00:00,26.7,1.5,150.0,0.5
2024-08-25 12:00:00,26.7,2.05,160.0,0.375
2024-08-25 13:00:00,28.3,3.6,200.0,0.25
2024-08-25 14:00:00,30.6,3.6,200.0,0.25
2024-08-25 15:00:00,31.7,3.8499999999999996,190.0,0.25
2024-08-25 16:00:00,33.3,3.6,190.0,0.25
2024-08-25 17:00:00,33.9,2.1,999.0,0.25
2024-08-25 18:00:00,34.45,1.05,999.0,0.25
2024-08-25 19:00:00,35.6,4.1,150.0,0.25
2024-08-25 20:00:00,35.6,4.1,90.0,0.25
2024-08-25 21:00:00,35.85,4.6,115.0,0.375
2024-08-25 22:00:00,35.6,3.1,90.0,0.5
2024-08-25 23:00:00,35.0,4.6,130.0,0.25
2024-08-26 00:00:00,34.15,3.8499999999999996,135.0,0.375
2024-08-26 01:00:00,32.8,4.1,150.0,0.25
2024-08-26 02:00:00,32.2,5.1,140.0,0.25
2024-08-26 03:00:00,31.650000000000002,4.1,140.0,0.25
2024-08-26 04:00:00,30.0,2.1,150.0,0.0
2024-08-26 05:00:00,29.4,2.1,579.5,0.0
2024-08-26 06:00:00,28.85,2.35,155.0,0.25
2024-08-26 07:00:00,28.3,3.1,160.0,0.25
2024-08-26 08:00:00,27.8,2.1,140.0,0.5
2024-08-26 09:00:00,27.25,2.1,145.0,0.375
2024-08-26 10:00:00,26.7,1.5,140.0,0.25
2024-08-26 11:00:00,26.1,1.5,150.0,0.5
2024-08-26 12:00:00,26.4,1.5,150.0,0.375
2024-08-26 13:00:00,28.3,1.5,160.0,0.5
2024-08-26 14:00:00,31.1,0.0,999.0,0.5
2024-08-26 15:00:00,31.95,0.75,999.0,0.375
2024-08-26 16:00:00,33.9,3.6,80.0,0.5
2024-08-26 17:00:00,34.4,1.5,999.0,0.5
2024-08-26 18:00:00,34.4,2.05,544.5,0.5
2024-08-26 19:00:00,35.0,4.6,90.0,0.5
2024-08-26 20:00:00,33.9,4.6,100.0,
2024-08-26 21:00:00,34.45,5.15,105.0,0.75
2024-08-26 22:00:00,33.3,6.2,110.0,
2024-08-26 23:00:00,33.3,4.6,110.0,0.5
2024-08-27 00:00:00,32.75,3.8499999999999996,115.0,0.5
2024-08-27 01:00:00,31.7,2.6,130.0,
2024-08-27 02:00:00,31.1,6.7,180.0,0.5
2024-08-27 03:00:00,30.25,6.2,180.0,0.375
2024-08-27 04:00:00,28.9,5.7,190.0,0.25
2024-08-27 05:00:00,28.3,4.1,604.5,0.25
2024-08-27 06:00:00,27.75,3.5999999999999996,220.0,0.25
2024-08-27 07:00:00,26.1,2.6,200.0,0.25
2024-08-27 08:00:00,26.7,0.0,999.0,0.0
2024-08-27 09:00:00,26.15,0.0,999.0,0.0
2024-08-27 10:00:00,25.6,0.0,999.0,0.0
2024-08-27 11:00:00,25.6,0.0,999.0,0.25
2024-08-27 12:00:00,26.15,0.0,999.0,0.25
2024-08-27 13:00:00,28.3,1.5,140.0,0.25
2024-08-27 14:00:00,29.4,2.1,190.0,0.25
2024-08-27 15:00:00,30.25,1.8,594.5,0.25
2024-08-27 16:00:00,31.7,2.1,120.0,0.5
2024-08-27 17:00:00,32.2,1.5,999.0,0.5
2024-08-27 18:00:00,32.5,2.05,999.0,0.5
2024-08-27 19:00:00,34.4,4.6,100.0,0.5
2024-08-27 20:00:00,35.0,3.6,150.0,0.5
2024-08-27 21:00:00,35.0,4.1,135.0,0.5
2024-08-27 22:00:00,34.4,3.6,140.0,
2024-08-27 23:00:00,33.9,7.7,150.0,
2024-08-28 00:00:00,30.975,6.45,172.5,0.75
2024-08-28 01:00:00,28.3,2.6,210.0,
2024-08-28 02:00:00,27.8,1.5,140.0,
2024-08-28 03:00:00,28.05,2.8,155.0,0.75
2024-08-28 04:00:00,26.7,2.1,190.0,
2024-08-28 05:00:00,26.1,1.5,584.5,
2024-08-28 06:00:00,25.85,2.05,180.0,0.625
2024-08-28 07:00:00,25.0,1.5,190.0,0.5
2024-08-28 08:00:00,25.6,2.6,220.0,
2024-08-28 09:00:00,25.6,2.85,220.0,0.75
2024-08-28 10:00:00,25.0,2.1,200.0,
2024-08-28 11:00:00,25.0,2.6,220.0,
2024-08-28 12:00:00,25.3,2.05,185.0,0.5
2024-08-28 13:00:00,27.2,3.1,999.0,0.5
2024-08-28 14:00:00,28.9,2.1,230.0,0.25
2024-08-28 15:00:00,29.45,2.1,235.0,0.375
2024-08-28 16:00:00,32.2,0.0,999.0,0.5
2024-08-28 17:00:00,33.3,3.6,150.0,0.5
2024-08-28 18:00:00,33.73333333333333,3.433333333333333,133.33333333333334,0.5
2024-08-28 19:00:00,34.4,2.1,999.0,
2024-08-28 20:00:00,34.4,3.6,130.0,
2024-08-28 21:00:00,34.4,4.1,125.0,0.75
2024-08-28 22:00:00,35.6,4.6,140.0,
2024-08-28 23:00:00,33.9,5.7,150.0,
2024-08-29 00:00:00,33.349999999999994,5.95,155.0,0.75
2024-08-29 01:00:00,31.7,5.7,140.0,
2024-08-29 02:00:00,31.1,5.7,150.0,
2024-08-29 03:00:00,30.25,5.4,150.0,0.5
2024-08-29 04:00:00,28.3,4.6,150.0,0.0
2024-08-29 05:00:00,27.8,2.6,579.5,0.25
2024-08-29 06:00:00,27.25,2.35,170.0,0.25
2024-08-29 07:00:00,27.2,3.6,200.0,0.25
2024-08-29 08:00:00,26.1,3.1,150.0,0.25
2024-08-29 09:00:00,25.85,2.85,150.0,0.25
2024-08-29 10:00:00,25.6,2.6,190.0,0.25
2024-08-29 11:00:00,25.6,1.5,170.0,0.5
2024-08-29 12:00:00,25.85,1.5,165.0,0.5
2024-08-29 13:00:00,28.3,2.1,180.0,0.5
2024-08-29 14:00:00,29.4,2.1,210.0,
2024-08-29 15:00:00,30.25,3.0999999999999996,190.0,0.5
2024-08-29 16:00:00,32.8,5.1,150.0,
2024-08-29 17:00:00,32.8,3.6,180.0,
2024-08-29 18:00:00,33.05,3.1,160.0,0.75
2024-08-29 19:00:00,30.6,8.2,110.0,
2024-08-29 20:00:00,31.1,6.7,130.0,
2024-08-29 21:00:00,31.4,7.2,115.0,0.625
2024-08-29 22:00:00,31.7,5.7,120.0,0.5
2024-08-29 23:00:00,31.1,4.6,130.0,0.25
2024-08-30 00:00:00,30.55,4.85,125.0,0.25
2024-08-30 01:00:00,29.4,4.1,120.0,0.25
2024-08-30 02:00:00,29.4,7.2,130.0,0.25
2024-08-30 03:00:00,28.85,6.7,135.0,0.25
2024-08-30 04:00:00,27.2,3.6,150.0,0.25
2024-08-30 05:00:00,26.1,2.1,594.5,0.25
2024-08-30 06:00:00,26.1,2.85,175.0,0.25
2024-08-30 07:00:00,25.0,2.1,160.0,0.0
2024-08-30 08:00:00,25.0,2.6,140.0,0.25
2024-08-30 09:00:00,24.7,2.85,140.0,0.375
2024-08-30 10:00:00,23.9,3.1,130.0,
2024-08-30 11:00:00,24.4,3.6,140.0,
2024-08-30 12:00:00,24.4,2.85,155.0,1.0
2024-08-30 13:00:00,25.0,0.75,584.5,
2024-08-30 14:00:00,25.55,2.35,569.5,
2024-08-30 15:00:00,26.666666666666668,2.266666666666667,413.0,0.75
2024-08-30 16:00:00,29.4,1.5,999.0,
2024-08-30 17:00:00,30.6,3.6,50.0,
2024-08-30 18:00:00,31.15,3.35,55.0,0.75
2024-08-30 19:00:00,32.8,4.1,70.0,
2024-08-30 20:00:00,31.7,4.1,60.0,0.5
2024-08-30 21:00:00,32.25,4.35,70.0,0.5
2024-08-30 22:00:00,31.7,4.1,130.0,0.5
2024-08-30 23:00:00,32.2,3.1,80.0,0.5
2024-08-31 00:00:00,31.400000000000002,3.35,90.0,0.5
2024-08-31 01:00:00,29.4,3.1,110.0,0.5
2024-08-31 02:00:00,28.9,2.1,110.0,0.5
2024-08-31 03:00:00,28.9,1.8,125.0,0.5
2024-08-31 04:00:00,28.3,3.1,140.0,
2024-08-31 05:00:00,27.2,2.6,574.5,
2024-08-31 06:00:00,26.95,2.35,140.0,0.625
2024-08-31 07:00:00,26.1,2.6,130.0,0.25
2024-08-31 08:00:00,25.6,2.1,130.0,0.25
2024-08-31 09:00:00,25.3,2.1,130.0,0.25
2024-08-31 10:00:00,25.0,1.5,190.0,0.25
2024-08-31 11:00:00,24.4,1.5,160.0,0.25
2024-08-31 12:00:00,24.7,0.75,579.5,0.25
2024-08-31 13:00:00,26.7,0.0,999.0,0.25
2024-08-31 14:00:00,29.4,0.0,999.0,0.25
2024-08-31 15:00:00,30.0,1.8,519.5,0.375
2024-08-31 16:00:00,32.2,3.6,70.0,0.5
2024-08-31 17:00:00,32.8,3.1,90.0,
2024-08-31 18:00:00,33.349999999999994,3.5999999999999996,85.0,0.75
2024-08-31 19:00:00,34.4,3.6,130.0,
2024-08-31 20:00:00,33.3,3.6,70.0,
2024-08-31 21:00:00,33.3,4.1,70.0,0.75
2024-08-31 22:00:00,33.3,4.1,20.0,
2024-08-31 23:00:00,32.8,6.7,350.0,
2024-09-01 00:00:00,30.933333333333334,7.699999999999999,356.6666666666667,0.75
2024-09-01 01:00:00,29.4,5.15,15.0,
2024-09-01 02:00:00,28.9,4.6,60.0,
2024-09-01 03:00:00,28.6,4.85,55.0,0.75
2024-09-01 04:00:00,27.8,2.6,70.0,
2024-09-01 05:00:00,27.2,2.1,682.6666666666666,0.5
2024-09-01 06:00:00,26.95,1.05,524.5,0.5
2024-09-01 07:00:00,26.1,2.1,110.0,0.5
2024-09-01 08:00:00,25.6,2.1,130.0,0.5
2024-09-01 09:00:00,25.6,1.05,564.5,0.5
2024-09-01 10:00:00,25.6,2.1,80.0,
2024-09-01 11:00:00,25.0,3.1,60.0,0.5
2024-09-01 12:00:00,25.3,2.85,70.0,0.5
2024-09-01 13:00:00,26.7,3.1,60.0,0.5
2024-09-01 14:00:00,27.2,3.6,50.0,
2024-09-01 15:00:00,27.75,3.8499999999999996,50.0,0.75
2024-09-01 16:00:00,30.0,5.1,70.0,
2024-09-01 17:00:00,31.1,4.6,50.0,
2024-09-01 18:00:00,31.4,4.6,60.0,0.75
2024-09-01 19:00:00,32.8,4.1,80.0,
2024-09-01 20:00:00,33.9,5.1,60.0,
2024-09-01 21:00:00,33.599999999999994,5.4,55.0,0.75
2024-09-01 22:00:00,33.9,4.6,90.0,
2024-09-01 23:00:00,30.0,4.1,360.0,
2024-09-02 00:00:00,30.3,4.35,360.0,0.75
2024-09-02 01:00:00,26.700000000000003,5.800000000000001,117.5,
2024-09-02 02:00:00,25.6,2.6,80.0,
2024-09-02 03:00:00,25.0,2.35,100.0,0.75
2024-09-02 04:00:00,24.4,1.5,50.0,
2024-09-02 05:00:00,24.4,3.6,519.5,
2024-09-02 06:00:00,24.4,2.85,45.0,0.75
2024-09-02 07:00:00,24.4,3.1,50.0,
2024-09-02 08:00:00,25.0,2.6,70.0,
2024-09-02 09:00:00,25.0,2.85,65.0,1.0
2024-09-02 10:00:00,24.4,4.1,50.0,
2024-09-02 11:00:00,24.4,2.6,60.0,
2024-09-02 12:00:00,24.7,3.5999999999999996,55.0,0.75
2024-09-02 13:00:00,25.0,3.1,50.0,
2024-09-02 14:00:00,26.1,4.1,80.0,
2024-09-02 15:00:00,26.65,4.1,75.0,0.75
2024-09-02 16:00:00,29.4,4.1,60.0,
2024-09-02 17:00:00,31.1,5.7,20.0,
2024-09-02 18:00:00,31.4,5.95,30.0,0.75
2024-09-02 19:00:00,31.1,6.7,30.0,
2024-09-02 20:00:00,30.6,6.7,40.0,
2024-09-02 21:00:00,30.85,5.4,35.0,0.75
2024-09-02 22:00:00,31.1,4.1,70.0,
2024-09-02 23:00:00,31.1,4.6,60.0,
2024-09-03 00:00:00,30.85,4.85,55.0,1.0
2024-09-03 01:00:00,30.0,4.1,70.0,
2024-09-03 02:00:00,29.4,3.6,70.0,
2024-09-03 03:00:00,28.85,4.1,75.0,0.75
2024-09-03 04:00:00,28.3,3.1,80.0,
2024-09-03 05:00:00,27.2,3.1,544.5,
2024-09-03 06:00:00,27.2,2.85,85.0,0.75
2024-09-03 07:00:00,26.7,3.6,60.0,
2024-09-03 08:00:00,26.7,3.6,40.0,
2024-09-03 09:00:00,26.15,3.1,45.0,1.0
2024-09-03 10:00:00,25.0,3.6,70.0,
2024-09-03 11:00:00,23.9,2.6,90.0,
2024-09-03 12:00:00,23.6,2.35,85.0,1.0
2024-09-03 13:00:00,23.3,3.1,20.0,
2024-09-03 14:00:00,23.3,2.6,20.0,
2024-09-03 15:00:00,23.133333333333336,3.266666666666667,20.0,1.0
2024-09-03 16:00:00,22.25,4.1,10.0,
2024-09-03 17:00:00,22.25,3.5999999999999996,185.0,
2024-09-03 18:00:00,22.8,2.85,190.0,1.0
2024-09-03 19:00:00,22.8,5.1,360.0,
2024-09-03 20:00:00,22.8,3.6,30.0,
2024-09-03 21:00:00,22.8,4.35,30.0,1.0
2024-09-03 22:00:00,22.8,6.7,10.0,
2024-09-03 23:00:00,23.3,4.1,20.0,
2024-09-04 00:00:00,23.3,4.35,15.0,1.0
2024-09-04 01:00:00,22.8,4.6,20.0,
2024-09-04 02:00:00,22.8,3.6,30.0,
2024-09-04 03:00:00,23.05,3.35,30.0,1.0
2024-09-04 04:00:00,23.3,3.6,20.0,
2024-09-04 05:00:00,23.3,3.1,509.5,
2024-09-04 06:00:00,23.3,3.35,20.0,1.0
2024-09-04 07:00:00,22.8,3.6,360.0,
2024-09-04 08:00:00,22.8,4.1,40.0,
2024-09-04 09:00:00,22.8,3.8499999999999996,45.0,1.0
2024-09-04 10:00:00,22.8,3.1,50.0,
2024-09-04 11:00:00,22.8,2.1,80.0,
2024-09-04 12:00:00,22.25,2.6,70.0,1.0
2024-09-04 13:00:00,20.8,3.8499999999999996,50.0,
2024-09-04 14:00:00,20.0,3.5999999999999996,40.0,
2024-09-04 15:00:00,20.0,3.35,40.0,1.0
2024-09-04 16:00:00,20.6,3.1,10.0,
2024-09-04 17:00:00,22.2,5.7,20.0,
2024-09-04 18:00:00,22.75,4.9,185.0,1.0
2024-09-04 19:00:00,24.4,3.6,360.0,
2024-09-04 20:00:00,25.6,3.6,10.0,
2024-09-04 21:00:00,25.6,3.35,10.0,1.0
2024-09-04 22:00:00,25.6,4.6,10.0,
2024-09-04 23:00:00,25.6,4.1,30.0,
2024-09-05 00:00:00,25.0,4.1,20.0,0.75
2024-09-05 01:00:00,23.9,2.6,30.0,
2024-09-05 02:00:00,23.9,3.6,10.0,
2024-09-05 03:00:00,23.9,2.85,185.0,0.75
2024-09-05 04:00:00,23.3,3.1,360.0,0.5
2024-09-05 05:00:00,22.8,3.6,504.5,0.5
2024-09-05 06:00:00,22.8,2.85,15.0,0.5
2024-09-05 07:00:00,23.05,3.35,25.0,
2024-09-05 08:00:00,23.15,3.1,30.0,
2024-09-05 09:00:00,23.05,2.85,195.0,0.75
2024-09-05 10:00:00,22.8,2.6,360.0,
2024-09-05 11:00:00,22.8,3.6,10.0,
2024-09-05 12:00:00,23.05,3.6,185.0,0.75
2024-09-05 13:00:00,23.9,4.1,509.5,
2024-09-05 14:00:00,24.15,3.3499999999999996,25.0,
2024-09-05 15:00:00,24.96666666666667,2.766666666666667,33.333333333333336,0.75
2024-09-05 16:00:00,26.7,3.1,20.0,
2024-09-05 17:00:00,28.3,3.6,20.0,
2024-09-05 18:00:00,28.6,4.35,185.0,0.75
2024-09-05 19:00:00,30.6,4.6,350.0,
2024-09-05 20:00:00,31.7,5.7,40.0,
2024-09-05 21:00:00,31.7,5.7,25.0,0.75
2024-09-05 22:00:00,31.1,4.6,20.0,
2024-09-05 23:00:00,31.7,6.2,50.0,
2024-09-06 00:00:00,31.15,6.2,50.0,0.75
2024-09-06 01:00:00,27.8,4.6,80.0,
2024-09-06 02:00:00,27.8,3.6,60.0,0.5
2024-09-06 03:00:00,27.8,4.35,65.0,0.5
2024-09-06 04:00:00,26.1,4.6,80.0,0.25
2024-09-06 05:00:00,26.1,3.1,514.5,0.25
2024-09-06 06:00:00,25.55,3.1,50.0,0.375
2024-09-06 07:00:00,24.4,3.1,40.0,0.5
2024-09-06 08:00:00,23.9,2.6,30.0,0.25
2024-09-06 09:00:00,23.35,3.1,20.0,0.375
2024-09-06 10:00:00,22.8,3.1,10.0,0.5
2024-09-06 11:00:00,22.8,3.6,10.0,0.5
2024-09-06 12:00:00,23.05,3.6,15.0,0.375
2024-09-06 13:00:00,25.6,3.6,30.0,0.25
2024-09-06 14:00:00,26.7,4.1,20.0,0.25
2024-09-06 15:00:00,27.5,4.6,20.0,0.375
2024-09-06 16:00:00,28.3,8.2,40.0,0.5
2024-09-06 17:00:00,29.4,7.2,10.0,
2024-09-06 18:00:00,30.25,6.7,15.0,0.75
2024-09-06 19:00:00,32.2,6.2,60.0,0.5
2024-09-06 20:00:00,28.2,10.633333333333335,30.0,
2024-09-06 21:00:00,27.400000000000002,6.7,133.33333333333334,0.75
2024-09-06 22:00:00,29.4,5.1,20.0,
2024-09-06 23:00:00,30.6,6.7,60.0,
2024-09-07 00:00:00,29.200000000000003,5.4,60.0,0.75
2024-09-07 01:00:00,27.2,3.6,20.0,
2024-09-07 02:00:00,26.1,3.6,20.0,0.5
2024-09-07 03:00:00,26.1,3.8499999999999996,15.0,0.5
2024-09-07 04:00:00,24.4,5.1,20.0,0.25
2024-09-07 05:00:00,24.4,5.1,519.5,0.0
2024-09-07 06:00:00,23.85,4.6,30.0,0.0
2024-09-07 07:00:00,22.2,5.1,10.0,0.0
2024-09-07 08:00:00,22.2,5.1,20.0,0.0
2024-09-07 09:00:00,21.4,5.65,15.0,0.0
2024-09-07 10:00:00,19.4,5.7,20.0,0.0
2024-09-07 11:00:00,20.0,6.2,20.0,0.0
2024-09-07 12:00:00,20.55,6.2,20.0,0.0
2024-09-07 13:00:00,22.2,6.2,20.0,0.0
2024-09-07 14:00:00,24.4,6.7,50.0,0.0
2024-09-07 15:00:00,25.0,6.2,50.0,0.0
2024-09-07 16:00:00,27.2,6.2,50.0,0.0
2024-09-07 17:00:00,27.8,7.2,20.0,0.0
2024-09-07 18:00:00,28.05,7.2,20.0,0.0
2024-09-07 19:00:00,29.4,5.7,350.0,0.0
2024-09-07 20:00:00,29.4,6.2,30.0,0.25
2024-09-07 21:00:00,29.15,7.199999999999999,195.0,0.25
2024-09-07 22:00:00,28.9,7.7,350.0,0.0
2024-09-07 23:00:00,28.3,7.2,360.0,0.0
2024-09-08 00:00:00,27.75,7.2,185.0,0.0
2024-09-08 01:00:00,25.6,7.2,20.0,0.0
2024-09-08 02:00:00,24.4,5.1,30.0,0.0
2024-09-08 03:00:00,23.85,4.85,30.0,0.0
2024-09-08 04:00:00,22.2,4.6,30.0,0.0
2024-09-08 05:00:00,20.6,4.6,514.5,0.0
2024-09-08 06:00:00,20.3,4.1,30.0,0.0
2024-09-08 07:00:00,18.9,2.6,30.0,0.0
2024-09-08 08:00:00,18.3,3.1,30.0,0.0
2024-09-08 09:00:00,18.05,2.6,40.0,0.0
2024-09-08 10:00:00,17.2,1.5,40.0,0.0
2024-09-08 11:00:00,17.2,2.6,70.0,0.0
2024-09-08 12:00:00,17.5,2.85,75.0,0.0
2024-09-08 13:00:00,20.6,4.1,90.0,0.0
2024-09-08 14:00:00,22.2,5.1,80.0,0.0
2024-09-08 15:00:00,22.75,4.85,90.0,0.0
2024-09-08 16:00:00,24.4,4.6,90.0,0.0
2024-09-08 17:00:00,26.1,5.1,40.0,0.0
2024-09-08 18:00:00,26.1,4.6,200.0,0.0
2024-09-08 19:00:00,26.7,6.2,30.0,0.0
2024-09-08 20:00:00,27.2,4.6,90.0,0.0
2024-09-08 21:00:00,27.75,5.15,80.0,0.25
2024-09-08 22:00:00,27.8,5.7,60.0,0.25
2024-09-08 23:00:00,27.8,4.1,20.0,0.25
2024-09-09 00:00:00,26.950000000000003,4.6,35.0,0.25
2024-09-09 01:00:00,24.4,4.6,60.0,0.0
2024-09-09 02:00:00,23.3,3.6,60.0,0.0
2024-09-09 03:00:00,23.05,3.35,75.0,0.0
2024-09-09 04:00:00,21.1,0.0,999.0,0.0
2024-09-09 05:00:00,20.0,2.1,559.5,0.0
2024-09-09 06:00:00,19.45,2.1,115.0,0.0
2024-09-09 07:00:00,18.3,0.0,999.0,0.0
2024-09-09 08:00:00,17.2,0.0,999.0,0.0
2024-09-09 09:00:00,16.65,0.0,999.0,0.0
2024-09-09 10:00:00,15.6,2.1,70.0,0.0
2024-09-09 11:00:00,15.0,2.1,70.0,0.0
2024-09-09 12:00:00,16.4,2.35,75.0,0.0
2024-09-09 13:00:00,20.0,3.1,110.0,0.0
2024-09-09 14:00:00,22.2,2.6,120.0,0.0
2024-09-09 15:00:00,23.299999999999997,2.6,110.0,0.0
2024-09-09 16:00:00,26.7,2.6,70.0,0.0
2024-09-09 17:00:00,26.7,2.1,100.0,0.0
2024-09-09 18:00:00,27.25,3.9000000000000004,80.0,0.0
2024-09-09 19:00:00,28.9,4.1,70.0,0.0
2024-09-09 20:00:00,28.9,4.6,50.0,0.0
2024-09-09 21:00:00,29.15,4.35,55.0,0.0
2024-09-09 22:00:00,29.4,3.6,80.0,0.0
2024-09-09 23:00:00,28.3,4.1,80.0,0.0
2024-09-10 00:00:00,27.5,3.8499999999999996,75.0,0.0
2024-09-10 01:00:00,25.6,3.6,70.0,0.0
2024-09-10 02:00:00,25.0,4.1,80.0,0.0
2024-09-10 03:00:00,24.45,3.5999999999999996,90.0,0.0
2024-09-10 04:00:00,22.8,2.6,110.0,0.0
2024-09-10 05:00:00,20.6,2.1,549.5,0.0
2024-09-10 06:00:00,20.85,2.1,115.0,0.0
2024-09-10 07:00:00,20.6,1.5,100.0,0.0
2024-09-10 08:00:00,19.4,2.1,90.0,0.0
2024-09-10 09:00:00,19.4,1.8,90.0,0.0
2024-09-10 10:00:00,18.3,1.5,40.0,0.0
2024-09-10 11:00:00,17.8,1.5,60.0,0.0
2024-09-10 12:00:00,18.05,1.8,55.0,0.0
2024-09-10 13:00:00,20.6,2.6,80.0,0.0
2024-09-10 14:00:00,22.8,3.1,100.0,0.0
2024-09-10 15:00:00,23.9,2.85,90.0,0.25
2024-09-10 16:00:00,26.1,2.6,30.0,0.25
2024-09-10 17:00:00,27.2,2.6,100.0,0.25
2024-09-10 18:00:00,28.299999999999997,2.6,90.0,0.25
2024-09-10 19:00:00,30.0,2.6,90.0,0.25
2024-09-10 20:00:00,30.0,0.0,999.0,0.25
2024-09-10 21:00:00,30.3,1.3,564.5,0.25
2024-09-10 22:00:00,31.1,0.0,999.0,0.25
2024-09-10 23:00:00,30.6,2.1,50.0,0.25
2024-09-11 00:00:00,29.75,2.1,65.0,0.25
2024-09-11 01:00:00,27.2,4.1,330.0,0.0
2024-09-11 02:00:00,25.6,3.6,340.0,0.25
2024-09-11 03:00:00,26.4,3.6,345.0,0.375
2024-09-11 04:00:00,27.0,,999.0,
2024-09-11 05:00:00,26.1,3.1,564.5,
2024-09-11 06:00:00,25.55,3.5999999999999996,125.0,0.625
2024-09-11 07:00:00,24.4,2.6,130.0,0.25
2024-09-11 08:00:00,23.3,4.1,100.0,0.25
2024-09-11 09:00:00,23.05,2.8,105.0,0.25
2024-09-11 10:00:00,22.2,2.1,100.0,0.25
2024-09-11 11:00:00,22.2,3.1,90.0,0.25
2024-09-11 12:00:00,22.599999999999998,2.4333333333333336,63.333333333333336,0.25
2024-09-11 13:00:00,24.4,2.1,50.0,
2024-09-11 14:00:00,25.0,2.6,40.0,
2024-09-11 15:00:00,25.0,3.8499999999999996,45.0,0.75
2024-09-11 16:00:00,25.0,5.7,40.0,
2024-09-11 17:00:00,24.8,4.766666666666667,40.0,
2024-09-11 18:00:00,25.55,4.85,40.0,0.75
2024-09-11 19:00:00,28.3,5.7,30.0,
2024-09-11 20:00:00,26.7,7.7,60.0,
2024-09-11 21:00:00,26.95,6.4,50.0,0.75
2024-09-11 22:00:00,27.8,6.7,50.0,
2024-09-11 23:00:00,27.2,4.1,50.0,
2024-09-12 00:00:00,26.95,5.4,55.0,0.625
2024-09-12 01:00:00,25.0,6.2,60.0,0.5
2024-09-12 02:00:00,23.9,7.2,70.0,
2024-09-12 03:00:00,23.5,7.199999999999999,60.0,0.75
2024-09-12 04:00:00,22.8,5.1,65.0,
2024-09-12 05:00:00,22.2,5.7,529.5,
2024-09-12 06:00:00,21.95,4.9,55.0,1.0
2024-09-12 07:00:00,21.1,5.1,70.0,
2024-09-12 08:00:00,21.1,5.1,50.0,
2024-09-12 09:00:00,21.1,5.4,50.0,1.0
2024-09-12 10:00:00,21.025,4.875,50.0,
2024-09-12 11:00:00,21.1,4.6,50.0,
2024-09-12 12:00:00,21.1,4.1,130.0,0.75
2024-09-12 13:00:00,21.1,4.35,185.0,
2024-09-12 14:00:00,21.7,4.1,70.0,
2024-09-12 15:00:00,22.5,3.5999999999999996,215.0,0.75
2024-09-12 16:00:00,25.0,2.1,70.0,
2024-09-12 17:00:00,26.1,2.6,100.0,
2024-09-12 18:00:00,26.65,2.35,85.0,0.75
2024-09-12 19:00:00,27.8,2.6,100.0,0.5
2024-09-12 20:00:00,28.3,3.1,70.0,0.5
2024-09-12 21:00:00,28.3,2.3,95.0,0.5
2024-09-12 22:00:00,29.4,1.5,130.0,0.5
2024-09-12 23:00:00,28.9,0.0,999.0,0.25
2024-09-13 00:00:00,28.35,1.05,644.5,0.25
2024-09-13 01:00:00,26.1,1.5,310.0,0.25
2024-09-13 02:00:00,26.1,3.1,240.0,0.25
2024-09-13 03:00:00,26.1,3.35,240.0,0.25
2024-09-13 04:00:00,25.6,2.1,240.0,0.0
2024-09-13 05:00:00,24.4,2.6,554.5,0.0
2024-09-13 06:00:00,24.15,2.85,120.0,0.0
2024-09-13 07:00:00,22.8,2.6,140.0,0.0
2024-09-13 08:00:00,22.8,2.6,160.0,0.0
2024-09-13 09:00:00,22.25,2.35,170.0,0.0
2024-09-13 10:00:00,21.7,2.1,120.0,0.0
2024-09-13 11:00:00,21.1,2.6,160.0,
2024-09-13 12:00:00,21.7,2.6,210.0,
2024-09-13 13:00:00,22.8,2.6,220.0,
2024-09-13 14:00:00,24.4,3.6,210.0,
2024-09-13 15:00:00,27.2,3.6,210.0,
2024-09-13 16:00:00,29.4,3.1,200.0,
2024-09-13 17:00:00,31.7,3.6,190.0,
2024-09-13 18:00:00,32.2,2.1,170.0,
2024-09-13 19:00:00,33.3,1.5,140.0,0.25
2024-09-13 20:00:00,32.2,2.6,140.0,0.25
2024-09-13 21:00:00,32.5,1.3,569.5,0.25
2024-09-13 22:00:00,32.8,3.6,190.0,0.25
2024-09-13 23:00:00,32.2,4.1,190.0,0.25
2024-09-14 00:00:00,31.400000000000002,3.8499999999999996,160.0,0.25
2024-09-14 01:00:00,30.0,2.6,140.0,0.25
2024-09-14 02:00:00,30.0,2.1,130.0,0.25
2024-09-14 03:00:00,29.7,3.0999999999999996,125.0,0.25
2024-09-14 04:00:00,28.9,2.1,110.0,0.25
2024-09-14 05:00:00,28.3,2.6,554.5,0.5
2024-09-14 06:00:00,27.75,3.5999999999999996,110.0,0.5
2024-09-14 07:00:00,26.7,4.1,110.0,0.5
2024-09-14 08:00:00,26.1,3.6,120.0,0.5
2024-09-14 09:00:00,25.55,3.8499999999999996,115.0,0.5
2024-09-14 10:00:00,25.0,4.1,110.0,0.5
2024-09-14 11:00:00,24.4,3.1,100.0,0.5
2024-09-14 12:00:00,24.7,3.35,100.0,0.5
2024-09-14 13:00:00,26.1,4.1,110.0,
2024-09-14 14:00:00,27.0,3.6,120.0,
2024-09-14 15:00:00,28.2,2.55,115.0,1.0
2024-09-14 16:00:00,30.6,3.6,100.0,
2024-09-14 17:00:00,31.7,2.1,50.0,
2024-09-14 18:00:00,32.25,1.05,524.5,1.0
2024-09-14 19:00:00,32.2,3.1,240.0,
2024-09-14 20:00:00,33.9,3.1,260.0,
2024-09-14 21:00:00,33.9,2.6,265.0,0.75
2024-09-14 22:00:00,32.8,2.1,280.0,
2024-09-14 23:00:00,31.7,0.0,999.0,
2024-09-15 00:00:00,31.4,1.05,544.5,1.0
2024-09-15 01:00:00,30.6,4.1,90.0,
2024-09-15 02:00:00,30.0,4.6,100.0,
2024-09-15 03:00:00,29.7,5.65,95.0,1.0
2024-09-15 04:00:00,27.8,6.2,110.0,
2024-09-15 05:00:00,26.7,6.2,554.5,
2024-09-15 06:00:00,26.4,6.7,110.0,0.75
2024-09-15 07:00:00,25.0,5.1,100.0,
2024-09-15 08:00:00,24.4,4.1,100.0,0.5
2024-09-15 09:00:00,24.15,4.35,100.0,0.5
2024-09-15 10:00:00,23.9,4.6,100.0,0.5
2024-09-15 11:00:00,23.3,3.1,110.0,0.25
2024-09-15 12:00:00,23.85,3.5999999999999996,100.0,0.25
2024-09-15 13:00:00,26.1,3.6,90.0,0.5
2024-09-15 14:00:00,27.2,6.2,120.0,0.25
2024-09-15 15:00:00,28.049999999999997,4.65,120.0,0.25
2024-09-15 16:00:00,30.6,2.6,120.0,0.25
2024-09-15 17:00:00,32.2,3.6,100.0,0.25
2024-09-15 18:00:00,32.75,3.6,549.5,0.25
2024-09-15 19:00:00,32.2,3.6,70.0,
2024-09-15 20:00:00,32.2,5.7,80.0,
2024-09-15 21:00:00,32.5,5.95,70.0,0.5
2024-09-15 22:00:00,32.2,5.1,80.0,0.25
2024-09-15 23:00:00,31.7,5.7,80.0,0.25
2024-09-16 00:00:00,30.85,5.95,85.0,0.25
2024-09-16 01:00:00,29.4,7.2,110.0,0.5
2024-09-16 02:00:00,27.8,6.7,120.0,0.25
2024-09-16 03:00:00,27.5,5.15,125.0,0.25
2024-09-16 04:00:00,26.1,3.6,110.0,0.0
2024-09-16 05:00:00,25.6,4.1,549.5,0.0
2024-09-16 06:00:00,25.0,3.8499999999999996,110.0,0.0
2024-09-16 07:00:00,23.9,2.1,110.0,0.0
2024-09-16 08:00:00,23.3,2.6,100.0,0.0
2024-09-16 09:00:00,23.05,2.85,90.0,0.0
2024-09-16 10:00:00,22.8,3.1,100.0,0.0
2024-09-16 11:00:00,22.2,3.1,80.0,0.0
2024-09-16 12:00:00,22.75,2.6,85.0,0.25
2024-09-16 13:00:00,25.0,2.6,110.0,0.25
2024-09-16 14:00:00,26.1,2.6,90.0,0.25
2024-09-16 15:00:00,26.1,2.85,80.0,0.25
2024-09-16 16:00:00,27.2,3.1,80.0,0.25
2024-09-16 17:00:00,29.4,2.1,40.0,0.25
2024-09-16 18:00:00,30.0,2.85,40.0,0.25
2024-09-16 19:00:00,31.1,4.1,20.0,0.25
2024-09-16 20:00:00,32.2,3.6,40.0,0.25
2024-09-16 21:00:00,32.5,3.35,50.0,0.25
2024-09-16 22:00:00,32.8,2.6,30.0,0.25
2024-09-16 23:00:00,32.2,2.6,80.0,0.25
2024-09-17 00:00:00,31.400000000000002,3.5999999999999996,90.0,0.25
2024-09-17 01:00:00,30.0,4.1,110.0,0.25
2024-09-17 02:00:00,28.9,4.1,130.0,0.0
2024-09-17 03:00:00,28.35,3.3499999999999996,130.0,0.0
2024-09-17 04:00:00,26.7,3.6,110.0,0.0
2024-09-17 05:00:00,26.1,3.6,569.5,0.0
2024-09-17 06:00:00,25.85,3.6,130.0,0.0
2024-09-17 07:00:00,25.0,3.6,110.0,0.0
2024-09-17 08:00:00,24.4,3.1,110.0,0.0
2024-09-17 09:00:00,23.85,3.8499999999999996,100.0,0.0
2024-09-17 10:00:00,23.3,4.6,100.0,0.0
2024-09-17 11:00:00,22.8,3.1,100.0,0.25
2024-09-17 12:00:00,22.8,2.85,100.0,0.375
2024-09-17 13:00:00,23.35,2.6,105.0,
2024-09-17 14:00:00,25.0,2.85,100.0,0.375
2024-09-17 15:00:00,26.15,2.6,120.0,0.375
2024-09-17 16:00:00,27.2,2.6,110.0,0.5
2024-09-17 17:00:00,29.4,3.6,70.0,0.5
2024-09-17 18:00:00,30.0,3.1,110.0,0.5
2024-09-17 19:00:00,31.1,1.5,260.0,
2024-09-17 20:00:00,31.7,4.1,50.0,0.5
2024-09-17 21:00:00,31.7,3.5999999999999996,75.0,0.5
2024-09-17 22:00:00,31.7,4.1,70.0,0.25
2024-09-17 23:00:00,31.1,2.6,30.0,0.25
2024-09-18 00:00:00,30.25,4.65,65.0,0.25
2024-09-18 01:00:00,28.3,5.7,100.0,0.25
2024-09-18 02:00:00,27.8,4.1,110.0,0.25
2024-09-18 03:00:00,27.25,3.8499999999999996,110.0,0.25
2024-09-18 04:00:00,26.1,4.6,110.0,0.25
2024-09-18 05:00:00,25.6,6.7,564.5,0.0
2024-09-18 06:00:00,25.0,5.9,130.0,0.25
2024-09-18 07:00:00,23.9,5.1,130.0,0.0
2024-09-18 08:00:00,23.9,3.6,140.0,0.0
2024-09-18 09:00:00,23.6,3.8499999999999996,140.0,0.0
2024-09-18 10:00:00,23.3,2.6,140.0,0.0
2024-09-18 11:00:00,23.3,3.1,140.0,0.25
2024-09-18 12:00:00,23.3,3.35,140.0,0.25
2024-09-18 13:00:00,25.0,3.1,150.0,0.25
2024-09-18 14:00:00,26.1,3.1,170.0,0.5
2024-09-18 15:00:00,27.200000000000003,3.1,160.0,0.375
2024-09-18 16:00:00,29.4,4.1,180.0,0.25
2024-09-18 17:00:00,31.1,3.1,190.0,0.5
2024-09-18 18:00:00,32.2,3.1,195.0,0.5
2024-09-18 19:00:00,33.9,4.1,190.0,0.5
2024-09-18 20:00:00,35.0,5.1,170.0,0.5
2024-09-18 21:00:00,35.3,5.4,175.0,0.5
2024-09-18 22:00:00,34.4,5.1,160.0,0.5
2024-09-18 23:00:00,33.9,5.1,150.0,0.25
2024-09-19 00:00:00,33.349999999999994,5.4,135.0,0.25
2024-09-19 01:00:00,31.7,5.1,130.0,0.25
2024-09-19 02:00:00,31.1,4.1,140.0,0.0
2024-09-19 03:00:00,30.55,4.35,140.0,0.0
2024-09-19 04:00:00,29.4,4.1,140.0,0.0
2024-09-19 05:00:00,28.3,4.6,574.5,0.0
2024-09-19 06:00:00,28.05,4.85,150.0,0.0
2024-09-19 07:00:00,27.8,6.2,160.0,0.0
2024-09-19 08:00:00,26.7,4.6,160.0,0.0
2024-09-19 09:00:00,26.7,4.85,165.0,0.0
2024-09-19 10:00:00,26.0,3.6,170.0,0.0
2024-09-19 11:00:00,26.1,3.6,170.0,0.0
2024-09-19 12:00:00,26.1,3.35,170.0,0.0
2024-09-19 13:00:00,27.2,4.1,190.0,0.0
2024-09-19 14:00:00,28.3,4.6,200.0,0.0
2024-09-19 15:00:00,29.15,4.35,200.0,0.0
2024-09-19 16:00:00,31.7,4.6,210.0,
2024-09-19 17:00:00,32.8,4.1,190.0,0.25
2024-09-19 18:00:00,33.9,3.5999999999999996,180.0,0.25
2024-09-19 19:00:00,35.6,3.6,140.0,0.5
2024-09-19 20:00:00,34.4,4.6,180.0,0.5
2024-09-19 21:00:00,34.7,3.8499999999999996,175.0,0.375
2024-09-19 22:00:00,34.4,2.6,170.0,0.25
2024-09-19 23:00:00,34.4,5.1,150.0,0.25
2024-09-20 00:00:00,33.849999999999994,4.35,145.0,0.25
2024-09-20 01:00:00,32.2,5.7,140.0,0.25
2024-09-20 02:00:00,31.1,4.6,140.0,0.25
2024-09-20 03:00:00,30.85,4.85,145.0,0.125
2024-09-20 04:00:00,30.0,6.2,150.0,0.25
2024-09-20 05:00:00,28.9,5.1,579.5,0.25
2024-09-20 06:00:00,28.35,5.1,160.0,0.25
2024-09-20 07:00:00,26.7,5.1,170.0,0.25
2024-09-20 08:00:00,26.1,5.1,170.0,0.0
2024-09-20 09:00:00,25.85,4.35,170.0,0.0
2024-09-20 10:00:00,25.0,2.6,180.0,0.0
2024-09-20 11:00:00,25.6,3.6,180.0,0.25
2024-09-20 12:00:00,25.85,3.8499999999999996,180.0,0.25
2024-09-20 13:00:00,27.2,4.1,200.0,0.25
2024-09-20 14:00:00,29.4,3.6,230.0,0.25
2024-09-20 15:00:00,30.0,3.35,215.0,0.375
2024-09-20 16:00:00,32.8,4.1,220.0,0.5
2024-09-20 17:00:00,33.9,3.6,180.0,0.25
2024-09-20 18:00:00,34.45,3.8499999999999996,170.0,0.25
2024-09-20 19:00:00,35.0,3.6,140.0,0.25
2024-09-20 20:00:00,34.4,3.1,170.0,0.25
2024-09-20 21:00:00,34.7,3.1,160.0,0.375
2024-09-20 22:00:00,35.0,3.6,140.0,0.5
2024-09-20 23:00:00,34.4,4.6,160.0,0.5
2024-09-21 00:00:00,33.849999999999994,5.4,145.0,0.5
2024-09-21 01:00:00,31.7,4.1,140.0,0.25
2024-09-21 02:00:00,31.1,4.6,140.0,0.25
2024-09-21 03:00:00,30.85,4.6,145.0,0.25
2024-09-21 04:00:00,30.0,5.1,150.0,0.5
2024-09-21 05:00:00,28.9,3.6,579.5,0.5
2024-09-21 06:00:00,28.35,3.8499999999999996,160.0,0.5
2024-09-21 07:00:00,27.2,3.1,180.0,0.5
2024-09-21 08:00:00,26.7,2.6,180.0,0.25
2024-09-21 09:00:00,26.4,3.5999999999999996,180.0,0.25
2024-09-21 10:00:00,25.6,4.1,180.0,0.25
2024-09-21 11:00:00,25.0,3.6,160.0,0.5
2024-09-21 12:00:00,25.85,3.6,170.0,0.5
2024-09-21 13:00:00,28.3,3.1,190.0,
2024-09-21 14:00:00,30.6,1.5,200.0,
2024-09-21 15:00:00,31.400000000000002,3.85,195.0,0.75
2024-09-21 16:00:00,33.9,6.2,200.0,
2024-09-21 17:00:00,34.4,6.2,140.0,
2024-09-21 18:00:00,34.7,5.65,155.0,0.75
2024-09-21 19:00:00,34.4,3.6,170.0,
2024-09-21 20:00:00,33.3,5.1,130.0,0.25
2024-09-21 21:00:00,34.15,5.4,140.0,0.375
2024-09-21 22:00:00,33.9,6.7,180.0,0.5
2024-09-21 23:00:00,33.9,6.2,140.0,0.25
2024-09-22 00:00:00,32.8,6.2,135.0,0.25
2024-09-22 01:00:00,31.1,6.2,130.0,0.25
2024-09-22 02:00:00,30.0,5.1,140.0,0.25
2024-09-22 03:00:00,29.7,5.1,140.0,0.375
2024-09-22 04:00:00,28.9,5.7,140.0,0.5
2024-09-22 05:00:00,28.3,5.7,569.5,
2024-09-22 06:00:00,27.75,6.2,145.0,0.75
2024-09-22 07:00:00,26.7,5.7,170.0,
2024-09-22 08:00:00,26.1,5.7,180.0,
2024-09-22 09:00:00,25.85,5.7,180.0,0.625
2024-09-22 10:00:00,25.0,4.1,180.0,0.25
2024-09-22 11:00:00,24.4,4.6,180.0,0.25
2024-09-22 12:00:00,25.25,4.35,180.0,0.25
2024-09-22 13:00:00,26.7,6.2,190.0,0.25
2024-09-22 14:00:00,28.9,4.1,210.0,0.25
2024-09-22 15:00:00,30.0,4.35,205.0,0.25
2024-09-22 16:00:00,32.8,3.1,180.0,0.5
2024-09-22 17:00:00,33.9,5.1,190.0,
2024-09-22 18:00:00,34.15,4.35,185.0,0.75
2024-09-22 19:00:00,33.9,3.6,160.0,
2024-09-22 20:00:00,33.3,3.1,200.0,
2024-09-22 21:00:00,33.599999999999994,3.1,195.0,0.75
2024-09-22 22:00:00,32.8,4.1,150.0,
2024-09-22 23:00:00,31.7,1.5,130.0,
2024-09-23 00:00:00,31.4,3.6,125.0,0.75
2024-09-23 01:00:00,31.1,6.2,140.0,
2024-09-23 02:00:00,30.6,4.6,130.0,
2024-09-23 03:00:00,30.3,4.35,120.0,0.75
2024-09-23 04:00:00,28.9,6.7,330.0,
2024-09-23 05:00:00,23.3,7.2,679.5,
2024-09-23 06:00:00,22.75,5.9,360.0,1.0
2024-09-23 07:00:00,22.2,7.2,350.0,
2024-09-23 08:00:00,20.6,3.1,40.0,
2024-09-23 09:00:00,21.333333333333332,4.1,63.333333333333336,1.0
2024-09-23 10:00:00,21.85,4.1,90.0,
2024-09-23 11:00:00,21.4,6.7,130.0,
2024-09-23 12:00:00,21.080000000000002,5.46,196.0,1.0
2024-09-23 13:00:00,21.7,3.1,190.0,
2024-09-23 14:00:00,21.7,3.6,180.0,
2024-09-23 15:00:00,22.5,3.6,195.0,1.0
2024-09-23 16:00:00,23.3,3.766666666666666,206.66666666666666,
2024-09-23 17:00:00,23.3,4.1,280.0,
2024-09-23 18:00:00,23.85,4.1,260.0,0.75
2024-09-23 19:00:00,25.0,4.1,280.0,
2024-09-23 20:00:00,26.05,4.6,290.0,
2024-09-23 21:00:00,26.100000000000005,4.1,286.6666666666667,0.75
2024-09-23 22:00:00,26.1,4.6,260.0,0.5
2024-09-23 23:00:00,25.6,3.1,280.0,
2024-09-24 00:00:00,25.2,2.766666666666667,320.0,0.75
2024-09-24 01:00:00,24.2,2.6,654.5,0.5
2024-09-24 02:00:00,23.9,2.6,340.0,
2024-09-24 03:00:00,23.6,2.05,345.0,0.625
2024-09-24 04:00:00,23.3,0.0,999.0,0.25
2024-09-24 05:00:00,22.8,0.0,999.0,0.25
2024-09-24 06:00:00,22.8,0.0,999.0,0.25
2024-09-24 07:00:00,22.8,1.5,270.0,
2024-09-24 08:00:00,22.2,0.0,999.0,0.25
2024-09-24 09:00:00,22.2,1.05,524.5,0.25
2024-09-24 10:00:00,21.7,0.0,999.0,0.5
2024-09-24 11:00:00,21.7,2.6,170.0,0.5
2024-09-24 12:00:00,21.7,2.35,150.0,0.5
2024-09-24 13:00:00,22.2,0.0,999.0,
2024-09-24 14:00:00,23.3,0.0,999.0,
2024-09-24 15:00:00,24.15,1.05,584.5,0.625
2024-09-24 16:00:00,26.1,3.1,190.0,0.5
2024-09-24 17:00:00,27.8,0.0,999.0,0.5
2024-09-24 18:00:00,29.200000000000003,0.75,594.5,0.375
2024-09-24 19:00:00,31.1,2.6,190.0,0.25
2024-09-24 20:00:00,31.7,3.1,160.0,0.25
2024-09-24 21:00:00,31.4,1.55,579.5,0.25
2024-09-24 22:00:00,31.1,1.5,90.0,0.25
2024-09-24 23:00:00,31.1,0.0,999.0,0.5
2024-09-25 00:00:00,30.55,2.05,584.5,0.5
2024-09-25 01:00:00,29.4,2.6,190.0,
2024-09-25 02:00:00,28.3,2.6,180.0,
2024-09-25 03:00:00,27.75,3.1,190.0,0.625
2024-09-25 04:00:00,25.6,4.1,180.0,0.25
2024-09-25 05:00:00,25.6,4.6,594.5,0.25
2024-09-25 06:00:00,25.3,3.5999999999999996,200.0,0.375
2024-09-25 07:00:00,25.6,4.1,230.0,
2024-09-25 08:00:00,25.22,5.86,104.0,
2024-09-25 09:00:00,23.625,4.25,50.0,1.0
2024-09-25 10:00:00,21.96666666666667,5.1,26.666666666666668,
2024-09-25 11:00:00,20.6,5.1,10.0,
2024-09-25 12:00:00,20.6,5.1,20.0,1.0
2024-09-25 13:00:00,20.6,5.1,20.0,
2024-09-25 14:00:00,20.6,6.2,10.0,
2024-09-25 15:00:00,20.85,6.7,15.0,1.0
2024-09-25 16:00:00,21.85,6.7,20.0,
2024-09-25 17:00:00,22.8,5.7,110.0,
2024-09-25 18:00:00,23.900000000000002,4.633333333333333,50.0,0.5833333333333334
2024-09-25 19:00:00,26.1,6.7,20.0,0.5
2024-09-25 20:00:00,28.3,8.8,360.0,0.5
2024-09-25 21:00:00,28.05,8.8,360.0,0.375
2024-09-25 22:00:00,27.8,7.2,30.0,0.25
2024-09-25 23:00:00,26.7,6.2,20.0,0.25
2024-09-26 00:00:00,25.549999999999997,5.15,25.0,0.125
2024-09-26 01:00:00,24.4,2.6,50.0,0.0
2024-09-26 02:00:00,23.3,3.6,40.0,0.0
2024-09-26 03:00:00,23.3,3.6,45.0,0.0
2024-09-26 04:00:00,22.8,2.1,30.0,0.0
2024-09-26 05:00:00,22.2,2.6,514.5,0.0
2024-09-26 06:00:00,21.65,2.6,20.0,0.0
2024-09-26 07:00:00,21.1,2.6,20.0,0.0
2024-09-26 08:00:00,20.0,2.6,360.0,0.0
2024-09-26 09:00:00,20.3,3.1,345.0,0.0
2024-09-26 10:00:00,18.9,3.6,330.0,0.0
2024-09-26 11:00:00,19.4,2.6,340.0,0.0
2024-09-26 12:00:00,19.15,2.85,335.0,0.0
2024-09-26 13:00:00,20.6,2.6,350.0,0.0
2024-09-26 14:00:00,22.2,2.6,340.0,0.0
2024-09-26 15:00:00,23.53333333333333,2.6,340.0,0.25
2024-09-26 16:00:00,25.6,5.1,509.5,0.25
2024-09-26 17:00:00,26.1,5.7,40.0,0.25
2024-09-26 18:00:00,26.950000000000003,5.4,25.0,0.25
2024-09-26 19:00:00,28.3,4.1,360.0,0.25
2024-09-26 20:00:00,27.8,4.1,10.0,0.25
2024-09-26 21:00:00,27.8,3.8499999999999996,10.0,0.25
2024-09-26 22:00:00,27.8,3.1,20.0,0.0
2024-09-26 23:00:00,27.2,3.6,30.0,0.0
2024-09-27 00:00:00,26.4,3.35,30.0,0.0
2024-09-27 01:00:00,25.0,2.6,50.0,0.0
2024-09-27 02:00:00,24.4,2.1,20.0,0.0
2024-09-27 03:00:00,24.4,2.35,15.0,0.0
2024-09-27 04:00:00,23.3,3.1,10.0,0.0
2024-09-27 05:00:00,,,999.0,
2024-09-27 06:00:00,22.2,3.6,360.0,0.0
2024-09-27 07:00:00,21.7,3.1,350.0,0.0
2024-09-27 08:00:00,21.1,3.6,320.0,0.0
2024-09-27 09:00:00,20.25,3.8499999999999996,320.0,0.0
2024-09-27 10:00:00,19.4,4.1,310.0,0.0
2024-09-27 11:00:00,18.9,4.6,310.0,0.0
2024-09-27 12:00:00,18.6,4.35,315.0,0.0
2024-09-27 13:00:00,20.6,3.6,340.0,0.0
2024-09-27 14:00:00,22.2,4.1,350.0,0.25
2024-09-27 15:00:00,23.299999999999997,4.1,345.0,0.25
2024-09-27 16:00:00,26.7,5.7,340.0,0.25
2024-09-27 17:00:00,27.2,5.1,310.0,0.25
2024-09-27 18:00:00,27.75,4.6,330.0,0.25
2024-09-27 19:00:00,28.3,4.6,40.0,0.25
2024-09-27 20:00:00,28.9,4.6,280.0,0.25
2024-09-27 21:00:00,28.9,4.6,320.0,0.125
2024-09-27 22:00:00,28.9,4.1,20.0,0.25
2024-09-27 23:00:00,28.3,3.6,10.0,0.25
2024-09-28 00:00:00,27.5,3.35,10.0,0.125
2024-09-28 01:00:00,25.6,3.1,20.0,0.0
2024-09-28 02:00:00,25.6,2.6,10.0,0.0
2024-09-28 03:00:00,25.0,2.6,170.0,0.0
2024-09-28 04:00:00,22.2,1.5,310.0,0.0
2024-09-28 05:00:00,21.1,3.6,654.5,0.0
2024-09-28 06:00:00,20.85,3.6,305.0,0.0
2024-09-28 07:00:00,20.0,4.1,320.0,0.0
2024-09-28 08:00:00,18.9,4.1,330.0,0.0
2024-09-28 09:00:00,18.6,4.35,320.0,0.0
2024-09-28 10:00:00,18.3,4.6,320.0,0.0
2024-09-28 11:00:00,17.8,4.1,320.0,0.25
2024-09-28 12:00:00,18.6,3.8499999999999996,315.0,0.25
2024-09-28 13:00:00,21.1,3.1,320.0,0.25
2024-09-28 14:00:00,23.3,4.1,350.0,0.25
2024-09-28 15:00:00,24.700000000000003,4.1,355.0,0.25
2024-09-28 16:00:00,27.2,6.7,350.0,0.25
2024-09-28 17:00:00,28.3,6.2,340.0,0.25
2024-09-28 18:00:00,28.85,6.2,330.0,0.25
2024-09-28 19:00:00,30.0,4.6,350.0,0.25
2024-09-28 20:00:00,30.0,4.6,340.0,0.25
2024-09-28 21:00:00,30.3,4.6,335.0,0.25
2024-09-28 22:00:00,30.6,5.7,330.0,0.25
2024-09-28 23:00:00,30.0,3.6,350.0,0.25
2024-09-29 00:00:00,27.2,3.1,30.0,0.25
2024-09-29 01:00:00,26.1,3.1,30.0,0.5
2024-09-29 02:00:00,25.6,2.1,50.0,
2024-09-29 03:00:00,25.3,3.0999999999999996,200.0,0.75
2024-09-29 04:00:00,23.3,3.1,360.0,
2024-09-29 05:00:00,21.7,3.6,674.5,
2024-09-29 06:00:00,21.4,3.6,345.0,0.75
2024-09-29 07:00:00,20.0,4.1,330.0,0.5
2024-09-29 08:00:00,19.4,4.6,340.0,0.5
2024-09-29 09:00:00,18.85,4.6,340.0,0.5
2024-09-29 10:00:00,18.3,4.1,350.0,
2024-09-29 11:00:00,17.8,3.6,340.0,
2024-09-29 12:00:00,18.6,3.8499999999999996,340.0,0.75
2024-09-29 13:00:00,21.7,2.6,340.0,
2024-09-29 14:00:00,22.2,2.6,360.0,
2024-09-29 15:00:00,24.15,2.6,350.0,0.75
2024-09-29 16:00:00,27.2,2.6,30.0,
2024-09-29 17:00:00,28.9,3.1,30.0,
2024-09-29 18:00:00,29.15,4.1,30.0,0.625
2024-09-29 19:00:00,30.0,2.1,20.0,0.5
2024-09-29 20:00:00,30.0,4.6,20.0,0.25
2024-09-29 21:00:00,29.7,4.1,15.0,0.25
2024-09-29 22:00:00,30.0,3.6,20.0,0.25
2024-09-29 23:00:00,28.9,2.1,50.0,0.25
2024-09-30 00:00:00,28.049999999999997,1.8,40.0,0.25
2024-09-30 01:00:00,26.1,1.5,30.0,0.25
2024-09-30 02:00:00,25.6,0.0,999.0,0.25
2024-09-30 03:00:00,25.0,0.0,999.0,0.25
2024-09-30 04:00:00,22.2,1.5,280.0,0.0
2024-09-30 05:00:00,21.7,2.1,634.5,0.0
2024-09-30 06:00:00,21.4,2.6,275.0,0.0
2024-09-30 07:00:00,20.6,2.6,300.0,0.0
2024-09-30 08:00:00,20.0,2.6,310.0,
2024-09-30 09:00:00,19.4,2.1,320.0,
2024-09-30 10:00:00,18.9,0.0,999.0,0.0
2024-09-30 11:00:00,18.9,0.0,999.0,0.0
2024-09-30 12:00:00,19.45,0.0,999.0,0.25
2024-09-30 13:00:00,22.8,0.0,999.0,0.25
2024-09-30 14:00:00,24.4,0.0,999.0,0.25
2024-09-30 15:00:00,25.549999999999997,0.0,999.0,0.125
2024-09-30 16:00:00,28.9,0.0,999.0,0.0
2024-09-30 17:00:00,31.1,1.5,70.0,0.25
2024-09-30 18:00:00,31.650000000000002,1.8,115.0,0.125
2024-09-30 19:00:00,32.8,0.0,999.0,0.0
2024-09-30 20:00:00,32.2,2.1,220.0,0.0
2024-09-30 21:00:00,32.2,2.35,165.0,0.0
2024-09-30 22:00:00,32.2,1.5,70.0,0.0
2024-09-30 23:00:00,31.1,2.6,220.0,0.0
2024-10-01 00:00:00,30.55,2.6,180.0,0.0
2024-10-01 01:00:00,30.6,3.6,110.0,0.0
2024-10-01 02:00:00,27.8,1.5,150.0,0.0
2024-10-01 03:00:00,27.8,2.3,155.0,0.0
2024-10-01 04:00:00,26.1,2.1,180.0,0.0
2024-10-01 05:00:00,25.0,1.5,732.6666666666666,0.0
2024-10-01 06:00:00,24.15,0.75,599.5,0.0
2024-10-01 07:00:00,23.3,0.0,999.0,0.0
2024-10-01 08:00:00,23.3,0.0,999.0,0.0
2024-10-01 09:00:00,23.05,1.3,669.5,0.0
2024-10-01 10:00:00,22.2,3.1,330.0,0.0
2024-10-01 11:00:00,21.7,2.6,340.0,0.0
2024-10-01 12:00:00,22.35,3.1,345.0,0.0
2024-10-01 13:00:00,23.3,3.6,350.0,0.0
2024-10-01 14:00:00,26.1,4.1,340.0,0.25
2024-10-01 15:00:00,27.75,4.35,175.0,0.125
2024-10-01 16:00:00,30.0,3.6,30.0,0.0
2024-10-01 17:00:00,32.2,5.7,50.0,0.25
2024-10-01 18:00:00,32.75,5.7,45.0,0.25
2024-10-01 19:00:00,33.3,3.6,360.0,0.25
2024-10-01 20:00:00,32.8,5.1,30.0,0.25
2024-10-01 21:00:00,32.5,6.15,25.0,0.25
2024-10-01 22:00:00,31.1,6.7,10.0,0.0
2024-10-01 23:00:00,30.6,5.7,360.0,0.0
2024-10-02 00:00:00,30.0,5.7,185.0,0.0
2024-10-02 01:00:00,27.8,6.2,20.0,0.0
2024-10-02 02:00:00,26.7,5.1,20.0,0.0
2024-10-02 03:00:00,26.15,5.9,20.0,0.0
2024-10-02 04:00:00,25.0,4.6,40.0,0.0
2024-10-02 05:00:00,23.9,3.6,514.5,0.0
2024-10-02 06:00:00,23.6,3.35,30.0,0.0
2024-10-02 07:00:00,22.8,3.1,20.0,0.0
2024-10-02 08:00:00,22.2,4.1,20.0,0.0
2024-10-02 09:00:00,22.2,4.1,509.5,
2024-10-02 10:00:00,21.7,3.1,350.0,0.0
2024-10-02 11:00:00,21.1,2.1,20.0,0.0
2024-10-02 12:00:00,20.85,2.35,20.0,0.0
2024-10-02 13:00:00,22.8,3.1,50.0,0.0
2024-10-02 14:00:00,23.9,3.1,100.0,0.0
2024-10-02 15:00:00,24.75,2.3,100.0,0.0
2024-10-02 16:00:00,26.7,1.5,240.0,0.0
2024-10-02 17:00:00,27.8,0.0,999.0,0.0
2024-10-02 18:00:00,28.9,1.05,624.5,0.0
2024-10-02 19:00:00,30.6,1.5,40.0,0.0
2024-10-02 20:00:00,31.7,1.5,120.0,0.0
2024-10-02 21:00:00,31.7,2.05,200.0,0.0
2024-10-02 22:00:00,31.7,2.1,240.0,0.0
2024-10-02 23:00:00,30.6,2.1,190.0,0.0
2024-10-03 00:00:00,29.75,2.85,185.0,0.0
2024-10-03 01:00:00,28.9,3.6,180.0,0.0
2024-10-03 02:00:00,27.8,3.6,160.0,0.0
2024-10-03 03:00:00,27.25,3.8499999999999996,165.0,0.0
2024-10-03 04:00:00,25.6,3.1,140.0,0.0
2024-10-03 05:00:00,25.0,3.6,569.5,0.0
2024-10-03 06:00:00,24.7,3.1,140.0,0.0
2024-10-03 07:00:00,23.9,2.1,140.0,0.0
2024-10-03 08:00:00,23.3,4.1,140.0,0.0
2024-10-03 09:00:00,23.05,3.8499999999999996,140.0,0.0
2024-10-03 10:00:00,23.0,2.1,150.0,0.0
2024-10-03 11:00:00,22.2,1.5,150.0,0.0
2024-10-03 12:00:00,22.2,1.8,145.0,0.0
2024-10-03 13:00:00,23.9,2.1,160.0,0.25
2024-10-03 14:00:00,25.6,2.6,180.0,0.0
2024-10-03 15:00:00,26.950000000000003,2.6,185.0,0.0
2024-10-03 16:00:00,30.0,3.6,180.0,0.0
2024-10-03 17:00:00,31.1,2.1,190.0,0.0
2024-10-03 18:00:00,32.5,3.0999999999999996,180.0,0.0
2024-10-03 19:00:00,33.9,4.6,160.0,0.25
2024-10-03 20:00:00,32.2,3.6,120.0,0.25
2024-10-03 21:00:00,32.2,3.8499999999999996,110.0,0.25
2024-10-03 22:00:00,31.7,4.1,110.0,0.25
2024-10-03 23:00:00,30.6,4.6,120.0,0.0
2024-10-04 00:00:00,30.0,4.35,125.0,0.0
2024-10-04 01:00:00,28.3,4.6,130.0,0.0
2024-10-04 02:00:00,27.8,4.1,110.0,0.0
2024-10-04 03:00:00,27.5,4.35,110.0,0.0
2024-10-04 04:00:00,26.1,4.6,130.0,0.0
2024-10-04 05:00:00,25.0,4.1,564.5,0.0
2024-10-04 06:00:00,24.7,3.3499999999999996,130.0,0.0
2024-10-04 07:00:00,23.3,4.1,130.0,0.0
2024-10-04 08:00:00,22.8,3.1,120.0,0.0
2024-10-04 09:00:00,22.25,2.6,110.0,0.0
2024-10-04 10:00:00,21.1,2.6,120.0,0.25
2024-10-04 11:00:00,20.6,1.5,90.0,0.25
2024-10-04 12:00:00,21.4,2.05,90.0,0.375
2024-10-04 13:00:00,23.9,2.1,90.0,0.25
2024-10-04 14:00:00,25.6,2.1,160.0,0.25
2024-10-04 15:00:00,26.700000000000003,2.1,140.0,0.25
2024-10-04 16:00:00,29.4,0.0,999.0,0.25
2024-10-04 17:00:00,30.0,3.1,80.0,0.25
2024-10-04 18:00:00,30.85,4.4,75.0,0.125
2024-10-04 19:00:00,31.7,5.1,50.0,0.0
2024-10-04 20:00:00,30.6,5.7,50.0,0.25
2024-10-04 21:00:00,30.6,6.7,65.0,0.25
2024-10-04 22:00:00,30.6,6.2,60.0,0.0
2024-10-04 23:00:00,29.4,5.7,80.0,0.0
2024-10-05 00:00:00,28.85,4.9,85.0,0.0
2024-10-05 01:00:00,27.8,2.6,110.0,0.0
2024-10-05 02:00:00,26.7,2.6,110.0,0.0
2024-10-05 03:00:00,26.4,3.1,105.0,0.0
2024-10-05 04:00:00,24.4,2.1,100.0,0.0
2024-10-05 05:00:00,23.9,2.1,544.5,0.0
2024-10-05 06:00:00,23.6,2.1,95.0,0.0
2024-10-05 07:00:00,22.2,2.6,100.0,0.0
2024-10-05 08:00:00,21.7,0.0,999.0,0.0
2024-10-05 09:00:00,21.4,0.75,539.5,0.0
2024-10-05 10:00:00,20.6,0.0,999.0,0.0
2024-10-05 11:00:00,20.0,0.0,999.0,0.0
2024-10-05 12:00:00,20.85,0.75,679.5,0.25
2024-10-05 13:00:00,23.9,3.1,90.0,0.25
2024-10-05 14:00:00,25.6,2.6,100.0,0.25
2024-10-05 15:00:00,27.25,3.1,554.5,0.25
2024-10-05 16:00:00,29.4,3.1,130.0,0.5
2024-10-05 17:00:00,31.1,4.1,140.0,
2024-10-05 18:00:00,30.55,4.6,110.0,0.75
2024-10-05 19:00:00,32.2,2.1,100.0,0.5
2024-10-05 20:00:00,30.6,2.6,140.0,0.5
2024-10-05 21:00:00,31.15,2.6,165.0,0.5
2024-10-05 22:00:00,30.6,2.1,160.0,0.25
2024-10-05 23:00:00,29.4,4.1,100.0,0.0
2024-10-06 00:00:00,29.15,3.5999999999999996,100.0,0.25
2024-10-06 01:00:00,27.8,2.6,100.0,0.25
2024-10-06 02:00:00,27.2,2.1,110.0,0.25
2024-10-06 03:00:00,27.2,2.35,110.0,0.25
2024-10-06 04:00:00,25.6,5.1,130.0,0.5
2024-10-06 05:00:00,25.0,3.6,574.5,0.5
2024-10-06 06:00:00,24.7,3.1,160.0,0.5
2024-10-06 07:00:00,23.9,2.6,130.0,0.5
2024-10-06 08:00:00,23.3,4.1,120.0,0.5
2024-10-06 09:00:00,23.05,3.3499999999999996,125.0,0.5
2024-10-06 10:00:00,22.2,2.6,140.0,0.5
2024-10-06 11:00:00,21.7,2.1,110.0,0.5
2024-10-06 12:00:00,22.25,2.1,135.0,0.5
2024-10-06 13:00:00,24.4,1.5,110.0,0.25
2024-10-06 14:00:00,26.7,0.0,999.0,0.25
2024-10-06 15:00:00,27.25,0.0,999.0,0.25
2024-10-06 16:00:00,30.0,1.5,70.0,0.25
2024-10-06 17:00:00,30.0,3.6,70.0,
2024-10-06 18:00:00,30.55,3.35,45.0,0.625
2024-10-06 19:00:00,31.1,2.6,40.0,
2024-10-06 20:00:00,30.6,2.6,90.0,0.5
2024-10-06 21:00:00,30.6,2.85,90.0,0.5
2024-10-06 22:00:00,30.6,4.1,50.0,0.25
2024-10-06 23:00:00,29.4,5.1,80.0,0.25
2024-10-07 00:00:00,28.85,4.85,85.0,0.125
2024-10-07 01:00:00,28.3,1.5,90.0,0.0
2024-10-07 02:00:00,27.2,3.1,110.0,0.0
2024-10-07 03:00:00,26.4,1.55,554.5,0.0
2024-10-07 04:00:00,25.0,0.0,999.0,0.0
2024-10-07 05:00:00,24.4,1.5,644.5,0.0
2024-10-07 06:00:00,23.6,2.55,315.0,0.0
2024-10-07 07:00:00,22.2,3.6,340.0,0.0
2024-10-07 08:00:00,21.7,3.1,330.0,0.0
2024-10-07 09:00:00,21.4,3.8499999999999996,330.0,0.0
2024-10-07 10:00:00,20.6,4.1,340.0,0.0
2024-10-07 11:00:00,20.6,3.6,350.0,0.0
2024-10-07 12:00:00,21.15,3.6,350.0,0.0
2024-10-07 13:00:00,23.3,3.1,360.0,0.0
2024-10-07 14:00:00,24.4,3.1,20.0,0.0
2024-10-07 15:00:00,25.25,2.6,25.0,0.0
2024-10-07 16:00:00,27.2,2.1,310.0,0.0
2024-10-07 17:00:00,28.9,4.1,360.0,0.0
2024-10-07 18:00:00,29.75,3.5999999999999996,190.0,0.0
2024-10-07 19:00:00,31.1,3.6,60.0,0.0
2024-10-07 20:00:00,31.1,3.6,20.0,0.0
2024-10-07 21:00:00,31.1,3.35,20.0,0.25
2024-10-07 22:00:00,31.1,4.1,360.0,0.25
2024-10-07 23:00:00,29.4,4.1,10.0,0.0
2024-10-08 00:00:00,29.15,4.1,10.0,0.0
2024-10-08 01:00:00,27.8,3.6,30.0,0.0
2024-10-08 02:00:00,26.7,3.1,40.0,0.0
2024-10-08 03:00:00,26.7,3.35,50.0,0.0
2024-10-08 04:00:00,25.0,3.6,70.0,0.0
2024-10-08 05:00:00,24.4,4.6,534.5,0.0
2024-10-08 06:00:00,24.15,3.3499999999999996,60.0,0.0
2024-10-08 07:00:00,22.8,2.6,30.0,0.0
2024-10-08 08:00:00,22.2,4.1,70.0,0.0
2024-10-08 09:00:00,21.95,3.5999999999999996,80.0,0.0
2024-10-08 10:00:00,21.1,2.1,100.0,0.0
2024-10-08 11:00:00,20.0,3.1,100.0,0.0
2024-10-08 12:00:00,20.3,3.1,105.0,0.0
2024-10-08 13:00:00,21.7,5.7,110.0,0.0
2024-10-08 14:00:00,22.2,4.6,110.0,0.0
2024-10-08 15:00:00,22.75,4.6,115.0,0.0
2024-10-08 16:00:00,24.4,2.1,120.0,0.0
2024-10-08 17:00:00,25.6,2.6,140.0,0.0
2024-10-08 18:00:00,26.700000000000003,3.1,120.0,0.0
2024-10-08 19:00:00,28.3,2.6,140.0,0.0
2024-10-08 20:00:00,28.9,2.1,120.0,0.0
2024-10-08 21:00:00,28.9,2.6,90.0,0.0
2024-10-08 22:00:00,28.3,3.6,100.0,0.0
2024-10-08 23:00:00,27.8,3.6,120.0,0.0
2024-10-09 00:00:00,27.25,3.35,120.0,0.0
2024-10-09 01:00:00,26.7,2.6,140.0,0.0
2024-10-09 02:00:00,25.6,3.1,120.0,0.0
2024-10-09 03:00:00,25.0,3.35,120.0,0.0
2024-10-09 04:00:00,23.3,3.6,140.0,0.0
2024-10-09 05:00:00,22.8,4.1,569.5,0.0
2024-10-09 06:00:00,22.5,3.5999999999999996,140.0,0.0
2024-10-09 07:00:00,21.7,3.6,150.0,0.0
2024-10-09 08:00:00,21.0,3.6,150.0,0.0
2024-10-09 09:00:00,20.5,2.55,145.0,0.0
2024-10-09 10:00:00,20.0,2.1,120.0,0.0
2024-10-09 11:00:00,19.4,3.1,100.0,0.25
2024-10-09 12:00:00,19.4,3.35,115.0,0.25
2024-10-09 13:00:00,20.6,3.6,130.0,0.25
2024-10-09 14:00:00,22.2,3.1,150.0,0.5
2024-10-09 15:00:00,23.049999999999997,2.85,125.0,0.375
2024-10-09 16:00:00,25.6,2.1,100.0,0.25
2024-10-09 17:00:00,27.2,4.1,190.0,0.25
2024-10-09 18:00:00,27.75,3.8499999999999996,165.0,0.25
2024-10-09 19:00:00,29.4,2.1,180.0,0.25
2024-10-09 20:00:00,30.0,2.6,120.0,0.25
2024-10-09 21:00:00,30.0,2.05,110.0,0.125
2024-10-09 22:00:00,29.4,5.1,140.0,0.0
2024-10-09 23:00:00,28.3,4.1,120.0,0.0
2024-10-10 00:00:00,27.5,4.1,120.0,0.0
2024-10-10 01:00:00,26.1,5.1,130.0,0.0
2024-10-10 02:00:00,26.1,4.1,120.0,0.0
2024-10-10 03:00:00,25.25,4.1,125.0,0.0
2024-10-10 04:00:00,23.9,3.1,140.0,0.0
2024-10-10 05:00:00,23.3,3.6,564.5,0.0
2024-10-10 06:00:00,22.75,3.35,130.0,0.0
2024-10-10 07:00:00,22.2,4.1,130.0,0.25
2024-10-10 08:00:00,21.7,4.1,120.0,0.5
2024-10-10 09:00:00,21.7,4.1,150.0,0.5
2024-10-10 10:00:00,20.6,3.1,180.0,0.5
2024-10-10 11:00:00,20.6,4.1,110.0,0.5
2024-10-10 12:00:00,20.6,4.35,125.0,0.375
2024-10-10 13:00:00,22.2,3.6,140.0,0.25
2024-10-10 14:00:00,23.9,4.6,150.0,0.25
2024-10-10 15:00:00,25.0,4.85,155.0,0.25
2024-10-10 16:00:00,27.8,5.7,140.0,0.25
2024-10-10 17:00:00,28.9,4.6,130.0,0.25
2024-10-10 18:00:00,29.75,4.6,140.0,0.25
2024-10-10 19:00:00,31.7,3.1,130.0,0.25
2024-10-10 20:00:00,31.1,4.1,140.0,0.25
2024-10-10 21:00:00,31.1,4.9,140.0,0.25
2024-10-10 22:00:00,31.1,4.1,160.0,0.25
2024-10-10 23:00:00,30.0,4.6,120.0,0.25
2024-10-11 00:00:00,28.9,5.15,125.0,0.25
2024-10-11 01:00:00,26.7,5.7,130.0,0.25
2024-10-11 02:00:00,25.6,5.7,130.0,0.25
2024-10-11 03:00:00,25.3,5.95,130.0,0.25
2024-10-11 04:00:00,25.6,5.7,140.0,0.25
2024-10-11 05:00:00,23.9,4.6,574.5,0.25
2024-10-11 06:00:00,23.6,4.1,145.0,0.25
2024-10-11 07:00:00,22.8,3.6,170.0,0.25
2024-10-11 08:00:00,22.8,3.6,190.0,
2024-10-11 09:00:00,22.5,3.35,160.0,0.75
2024-10-11 10:00:00,21.1,2.1,140.0,0.5
2024-10-11 11:00:00,20.6,5.1,110.0,0.25
2024-10-11 12:00:00,20.6,4.85,140.0,0.375
2024-10-11 13:00:00,21.1,4.1,120.0,0.25
2024-10-11 14:00:00,23.3,3.6,140.0,0.5
2024-10-11 15:00:00,25.0,4.1,155.0,0.5
2024-10-11 16:00:00,28.9,5.1,170.0,
2024-10-11 17:00:00,29.4,5.1,170.0,
2024-10-11 18:00:00,30.0,5.4,160.0,0.75
2024-10-11 19:00:00,31.7,4.6,150.0,0.5
2024-10-11 20:00:00,31.7,4.1,200.0,0.25
2024-10-11 21:00:00,31.950000000000003,4.35,170.0,0.375
2024-10-11 22:00:00,32.2,5.1,150.0,0.5
2024-10-11 23:00:00,30.6,5.7,140.0,0.25
2024-10-12 00:00:00,29.200000000000003,5.7,135.0,0.375
2024-10-12 01:00:00,26.1,5.1,130.0,0.5
2024-10-12 02:00:00,26.1,5.7,140.0,0.5
2024-10-12 03:00:00,25.85,5.7,145.0,0.375
2024-10-12 04:00:00,25.6,4.6,150.0,0.25
2024-10-12 05:00:00,24.4,5.1,584.5,0.25
2024-10-12 06:00:00,24.15,4.85,170.0,0.25
2024-10-12 07:00:00,23.9,5.1,180.0,0.25
2024-10-12 08:00:00,23.9,4.6,190.0,
2024-10-12 09:00:00,23.35,4.1,185.0,0.25
2024-10-12 10:00:00,22.2,3.6,170.0,0.25
2024-10-12 11:00:00,21.7,4.1,180.0,0.5
2024-10-12 12:00:00,21.95,4.35,180.0,0.5
2024-10-12 13:00:00,23.3,3.6,180.0,0.5
2024-10-12 14:00:00,25.0,4.1,190.0,0.5
2024-10-12 15:00:00,26.1,3.8499999999999996,185.0,0.375
2024-10-12 16:00:00,28.3,5.1,200.0,0.0
2024-10-12 17:00:00,30.0,4.6,190.0,0.0
2024-10-12 18:00:00,30.85,4.85,185.0,0.0
2024-10-12 19:00:00,32.2,5.7,190.0,0.0
2024-10-12 20:00:00,33.3,5.1,190.0,0.0
2024-10-12 21:00:00,33.599999999999994,5.4,185.0,0.0
2024-10-12 22:00:00,33.3,6.7,190.0,0.0
2024-10-12 23:00:00,32.2,5.1,180.0,0.25
2024-10-13 00:00:00,30.25,4.6,170.0,0.125
2024-10-13 01:00:00,27.8,5.1,160.0,0.0
2024-10-13 02:00:00,26.7,5.7,160.0,0.0
2024-10-13 03:00:00,26.4,4.9,160.0,0.0
2024-10-13 04:00:00,22.8,4.6,170.0,0.0
2024-10-13 05:00:00,23.3,4.1,584.5,0.0
2024-10-13 06:00:00,23.3,4.6,170.0,0.0
2024-10-13 07:00:00,22.8,4.6,170.0,0.0
2024-10-13 08:00:00,22.2,4.1,170.0,0.0
2024-10-13 09:00:00,21.95,3.8499999999999996,170.0,0.0
2024-10-13 10:00:00,21.1,6.2,170.0,0.0
2024-10-13 11:00:00,20.6,4.1,170.0,0.0
2024-10-13 12:00:00,20.3,3.8499999999999996,170.0,0.0
2024-10-13 13:00:00,22.2,3.6,180.0,0.0
2024-10-13 14:00:00,24.4,4.1,180.0,0.0
2024-10-13 15:00:00,25.799999999999997,4.1,185.0,0.0
2024-10-13 16:00:00,28.9,5.1,220.0,0.0
2024-10-13 17:00:00,32.2,1.5,250.0,0.25
2024-10-13 18:00:00,33.6,2.05,260.0,0.25
2024-10-13 19:00:00,33.9,4.1,20.0,0.25
2024-10-13 20:00:00,35.0,3.6,50.0,0.25
2024-10-13 21:00:00,34.7,3.6,40.0,0.125
2024-10-13 22:00:00,33.9,3.6,10.0,0.0
2024-10-13 23:00:00,30.6,4.1,30.0,0.25
2024-10-14 00:00:00,30.0,3.5999999999999996,35.0,0.125
2024-10-14 01:00:00,27.8,4.6,10.0,0.0
2024-10-14 02:00:00,26.7,4.1,30.0,0.0
2024-10-14 03:00:00,26.4,4.9,20.0,0.0
2024-10-14 04:00:00,24.4,5.7,10.0,0.25
2024-10-14 05:00:00,23.3,5.1,509.5,0.25
2024-10-14 06:00:00,23.3,5.65,25.0,0.25
2024-10-14 07:00:00,22.8,5.7,20.0,0.25
2024-10-14 08:00:00,21.7,6.2,10.0,0.25
2024-10-14 09:00:00,21.4,6.7,15.0,0.25
2024-10-14 10:00:00,20.6,7.7,10.0,0.25
2024-10-14 11:00:00,19.4,7.2,20.0,0.25
2024-10-14 12:00:00,19.15,7.2,20.0,0.25
2024-10-14 13:00:00,19.4,8.8,20.0,0.25
2024-10-14 14:00:00,20.6,6.2,20.0,0.25
2024-10-14 15:00:00,22.5,4.9,40.0,0.25
2024-10-14 16:00:00,25.0,4.6,50.0,0.25
2024-10-14 17:00:00,25.0,2.1,20.0,0.25
2024-10-14 18:00:00,25.85,2.6,50.0,0.125
2024-10-14 19:00:00,26.7,3.1,20.0,0.0
2024-10-14 20:00:00,27.2,2.1,10.0,0.0
2024-10-14 21:00:00,27.5,2.1,30.0,0.0
2024-10-14 22:00:00,26.7,1.5,350.0,0.25
2024-10-14 23:00:00,26.1,2.1,40.0,0.25
2024-10-15 00:00:00,25.55,2.1,45.0,0.25
2024-10-15 01:00:00,24.4,2.1,80.0,0.0
2024-10-15 02:00:00,23.3,3.1,120.0,0.0
2024-10-15 03:00:00,22.75,3.1,135.0,0.0
2024-10-15 04:00:00,21.7,4.1,160.0,0.0
2024-10-15 05:00:00,21.1,3.1,574.5,0.0
2024-10-15 06:00:00,20.25,3.35,150.0,0.0
2024-10-15 07:00:00,19.4,2.1,150.0,0.0
2024-10-15 08:00:00,18.3,1.5,150.0,0.0
2024-10-15 09:00:00,18.6,0.75,574.5,0.0
2024-10-15 10:00:00,17.8,2.1,120.0,0.0
2024-10-15 11:00:00,18.3,2.6,160.0,0.0
2024-10-15 12:00:00,18.3,3.1,165.0,0.0
2024-10-15 13:00:00,19.4,2.6,140.0,0.25
2024-10-15 14:00:00,21.7,3.6,180.0,0.25
2024-10-15 15:00:00,22.799999999999997,3.35,185.0,0.25
2024-10-15 16:00:00,26.7,3.1,230.0,0.25
2024-10-15 17:00:00,29.4,4.6,270.0,0.25
2024-10-15 18:00:00,30.25,3.8499999999999996,280.0,0.25
2024-10-15 19:00:00,32.8,3.1,310.0,0.25
2024-10-15 20:00:00,33.9,5.1,360.0,0.25
2024-10-15 21:00:00,33.599999999999994,4.85,350.0,0.25
2024-10-15 22:00:00,32.2,4.6,50.0,0.25
2024-10-15 23:00:00,30.0,11.3,20.0,0.25
2024-10-16 00:00:00,28.35,11.850000000000001,20.0,0.125
2024-10-16 01:00:00,25.0,10.3,40.0,0.0
2024-10-16 02:00:00,24.4,8.8,40.0,0.0
2024-10-16 03:00:00,23.299999999999997,10.600000000000001,40.0,0.25
2024-10-16 04:00:00,21.7,8.2,50.0,0.25
2024-10-16 05:00:00,20.0,9.8,524.5,0.25
2024-10-16 06:00:00,19.45,8.75,60.0,0.375
2024-10-16 07:00:00,17.8,10.8,70.0,
2024-10-16 08:00:00,15.6,9.8,70.0,0.25
2024-10-16 09:00:00,14.75,8.25,70.0,0.25
2024-10-16 10:00:00,13.3,5.1,70.0,0.25
2024-10-16 11:00:00,12.8,7.2,70.0,0.25
2024-10-16 12:00:00,12.25,6.95,70.0,0.375
2024-10-16 13:00:00,12.8,8.2,80.0,0.25
2024-10-16 14:00:00,13.9,9.3,70.0,0.25
2024-10-16 15:00:00,14.15,9.05,80.0,0.25
2024-10-16 16:00:00,15.0,6.7,70.0,0.0
2024-10-16 17:00:00,16.7,4.1,90.0,0.25
2024-10-16 18:00:00,17.5,3.8499999999999996,85.0,0.375
2024-10-16 19:00:00,18.3,2.6,40.0,0.25
2024-10-16 20:00:00,18.3,3.6,130.0,0.25
2024-10-16 21:00:00,18.85,4.1,100.0,0.125
2024-10-16 22:00:00,18.9,4.6,100.0,0.0
2024-10-16 23:00:00,17.2,4.6,60.0,0.0
2024-10-17 00:00:00,16.4,4.6,65.0,0.0
2024-10-17 01:00:00,15.6,3.6,80.0,0.0
2024-10-17 02:00:00,15.6,3.1,110.0,0.0
2024-10-17 03:00:00,15.3,2.6,115.0,0.0
2024-10-17 04:00:00,13.9,3.1,100.0,0.0
2024-10-17 05:00:00,13.3,4.1,559.5,0.0
2024-10-17 06:00:00,13.05,4.1,120.0,0.0
2024-10-17 07:00:00,11.7,4.6,130.0,0.0
2024-10-17 08:00:00,11.1,3.1,130.0,0.0
2024-10-17 09:00:00,10.85,3.35,135.0,0.0
2024-10-17 10:00:00,10.0,4.1,120.0,0.0
2024-10-17 11:00:00,9.4,3.6,130.0,0.0
2024-10-17 12:00:00,9.7,3.8499999999999996,130.0,0.0
2024-10-17 13:00:00,11.7,4.6,140.0,0.25
2024-10-17 14:00:00,13.9,4.1,140.0,0.0
2024-10-17 15:00:00,15.3,4.9,140.0,0.0
2024-10-17 16:00:00,17.8,4.6,130.0,0.0
2024-10-17 17:00:00,20.0,3.1,130.0,0.0
2024-10-17 18:00:00,20.0,3.8499999999999996,130.0,0.0
2024-10-17 19:00:00,20.6,4.1,160.0,0.0
2024-10-17 20:00:00,21.7,5.1,140.0,0.25
2024-10-17 21:00:00,21.7,5.65,140.0,0.25
2024-10-17 22:00:00,21.7,5.7,160.0,0.25
2024-10-17 23:00:00,19.4,5.1,130.0,0.25
2024-10-18 00:00:00,18.85,5.65,130.0,0.25
2024-10-18 01:00:00,17.8,4.6,130.0,0.25
2024-10-18 02:00:00,17.2,5.1,130.0,0.25
2024-10-18 03:00:00,16.95,5.1,130.0,0.25
2024-10-18 04:00:00,15.6,4.1,140.0,0.0
2024-10-18 05:00:00,15.0,5.1,569.5,0.0
2024-10-18 06:00:00,14.7,4.85,140.0,0.0
2024-10-18 07:00:00,13.9,5.7,140.0,0.0
2024-10-18 08:00:00,13.3,4.1,140.0,0.0
2024-10-18 09:00:00,13.05,4.1,145.0,0.25
2024-10-18 10:00:00,12.2,3.6,130.0,0.25
2024-10-18 11:00:00,11.7,4.1,120.0,0.25
2024-10-18 12:00:00,11.7,4.35,120.0,0.25
2024-10-18 13:00:00,13.3,4.6,130.0,0.25
2024-10-18 14:00:00,15.6,4.6,130.0,0.5
2024-10-18 15:00:00,16.95,5.4,135.0,0.375
2024-10-18 16:00:00,20.6,5.1,150.0,0.5
2024-10-18 17:00:00,21.7,5.1,140.0,0.5
2024-10-18 18:00:00,22.25,5.1,130.0,0.375
2024-10-18 19:00:00,25.0,5.7,140.0,0.25
2024-10-18 20:00:00,25.0,4.1,150.0,0.25
2024-10-18 21:00:00,25.0,4.1,145.0,0.375
2024-10-18 22:00:00,23.9,6.2,120.0,0.5
2024-10-18 23:00:00,22.8,4.6,110.0,0.25
2024-10-19 00:00:00,22.25,5.4,110.0,0.25
2024-10-19 01:00:00,21.7,6.7,110.0,0.25
2024-10-19 02:00:00,20.6,7.2,130.0,0.25
2024-10-19 03:00:00,20.3,7.45,130.0,0.25
2024-10-19 04:00:00,18.9,6.7,130.0,0.5
2024-10-19 05:00:00,17.8,5.1,564.5,0.25
2024-10-19 06:00:00,17.5,4.6,120.0,0.375
2024-10-19 07:00:00,16.7,4.1,120.0,
2024-10-19 08:00:00,16.7,4.1,130.0,
2024-10-19 09:00:00,16.4,4.1,130.0,0.75
2024-10-19 10:00:00,15.6,3.1,130.0,0.5
2024-10-19 11:00:00,16.1,3.6,120.0,
2024-10-19 12:00:00,16.4,3.35,115.0,0.75
2024-10-19 13:00:00,17.2,4.1,130.0,0.5
2024-10-19 14:00:00,19.4,4.1,130.0,0.5
2024-10-19 15:00:00,20.0,4.1,125.0,0.375
2024-10-19 16:00:00,22.2,4.1,130.0,0.25
2024-10-19 17:00:00,24.4,5.1,100.0,0.0
2024-10-19 18:00:00,24.7,5.9,115.0,0.0
2024-10-19 19:00:00,24.4,4.1,90.0,0.0
2024-10-19 20:00:00,25.0,4.1,130.0,0.0
2024-10-19 21:00:00,24.7,4.35,125.0,0.0
2024-10-19 22:00:00,24.4,4.6,90.0,0.0
2024-10-19 23:00:00,22.8,5.1,90.0,0.0
2024-10-20 00:00:00,22.5,4.35,90.0,0.0
2024-10-20 01:00:00,21.7,4.1,110.0,0.0
2024-10-20 02:00:00,20.6,3.6,120.0,0.0
2024-10-20 03:00:00,20.3,3.8499999999999996,105.0,0.0
2024-10-20 04:00:00,18.9,4.6,110.0,0.0
2024-10-20 05:00:00,18.3,4.1,549.5,0.0
2024-10-20 06:00:00,17.5,3.3499999999999996,90.0,0.0
2024-10-20 07:00:00,15.6,2.6,80.0,0.0
2024-10-20 08:00:00,15.0,2.6,100.0,0.0
2024-10-20 09:00:00,14.7,2.35,100.0,0.0
2024-10-20 10:00:00,13.9,1.5,90.0,0.0
2024-10-20 11:00:00,13.9,2.1,90.0,0.0
2024-10-20 12:00:00,14.45,2.6,90.0,
2024-10-20 13:00:00,16.1,3.1,90.0,0.0
2024-10-20 14:00:00,18.9,3.1,120.0,
2024-10-20 15:00:00,22.2,3.6,180.0,0.0
2024-10-20 16:00:00,23.9,3.1,190.0,0.0
2024-10-20 17:00:00,25.6,2.6,180.0,0.0
2024-10-20 18:00:00,25.6,2.85,135.0,0.0
2024-10-20 19:00:00,25.6,3.6,80.0,0.25
2024-10-20 20:00:00,26.1,2.6,100.0,0.5
2024-10-20 21:00:00,26.1,3.5999999999999996,100.0,0.375
2024-10-20 22:00:00,26.1,4.6,110.0,0.25
2024-10-20 23:00:00,25.0,3.1,120.0,0.25
2024-10-21 00:00:00,24.7,3.8499999999999996,110.0,0.25
2024-10-21 01:00:00,23.3,3.6,110.0,0.25
2024-10-21 02:00:00,22.2,3.6,110.0,0.25
2024-10-21 03:00:00,21.95,3.6,105.0,0.25
2024-10-21 04:00:00,20.0,2.1,110.0,0.25
2024-10-21 05:00:00,18.9,4.1,559.5,0.25
2024-10-21 06:00:00,18.6,4.1,125.0,0.25
2024-10-21 07:00:00,17.8,4.6,130.0,0.25
2024-10-21 08:00:00,16.7,3.1,130.0,0.25
2024-10-21 09:00:00,16.4,3.35,130.0,0.25
2024-10-21 10:00:00,15.6,3.6,130.0,0.25
2024-10-21 11:00:00,15.0,3.6,140.0,0.25
2024-10-21 12:00:00,15.55,3.6,145.0,0.375
2024-10-21 13:00:00,16.7,2.1,130.0,0.25
2024-10-21 14:00:00,20.0,2.6,170.0,0.25
2024-10-21 15:00:00,20.85,3.1,175.0,0.25
2024-10-21 16:00:00,23.9,5.7,180.0,0.25
2024-10-21 17:00:00,25.6,4.1,150.0,0.25
2024-10-21 18:00:00,25.6,4.35,155.0,0.25
2024-10-21 19:00:00,27.2,7.2,160.0,0.25
2024-10-21 20:00:00,27.2,5.1,150.0,0.25
2024-10-21 21:00:00,27.2,6.15,150.0,0.25
2024-10-21 22:00:00,27.2,6.7,160.0,0.25
2024-10-21 23:00:00,26.1,6.7,150.0,0.25
2024-10-22 00:00:00,25.55,6.7,150.0,0.125
2024-10-22 01:00:00,23.9,5.1,160.0,0.0
2024-10-22 02:00:00,22.2,5.7,160.0,0.25
2024-10-22 03:00:00,22.2,4.65,155.0,0.125
2024-10-22 04:00:00,21.7,5.1,160.0,0.25
2024-10-22 05:00:00,21.1,4.1,579.5,0.0
2024-10-22 06:00:00,20.85,4.35,165.0,0.0
2024-10-22 07:00:00,20.0,5.1,170.0,0.0
2024-10-22 08:00:00,20.0,5.7,180.0,0.0
2024-10-22 09:00:00,20.0,6.2,180.0,0.0
2024-10-22 10:00:00,20.0,5.7,180.0,0.0
2024-10-22 11:00:00,20.0,4.1,180.0,0.0
2024-10-22 12:00:00,20.0,4.35,185.0,0.0
2024-10-22 13:00:00,21.1,6.2,200.0,0.0
2024-10-22 14:00:00,22.2,5.1,190.0,0.25
2024-10-22 15:00:00,23.299999999999997,5.1,200.0,0.125
2024-10-22 16:00:00,26.1,5.1,220.0,0.25
2024-10-22 17:00:00,27.8,5.1,200.0,0.25
2024-10-22 18:00:00,28.6,4.6,205.0,0.25
2024-10-22 19:00:00,30.0,2.1,190.0,0.25
2024-10-22 20:00:00,30.6,6.2,190.0,0.25
2024-10-22 21:00:00,30.85,6.2,190.0,0.25
2024-10-22 22:00:00,30.0,5.7,190.0,0.25
2024-10-22 23:00:00,29.4,4.1,170.0,0.25
2024-10-23 00:00:00,28.299999999999997,3.8499999999999996,170.0,0.125
2024-10-23 01:00:00,26.7,4.6,170.0,0.0
2024-10-23 02:00:00,26.1,4.6,160.0,0.0
2024-10-23 03:00:00,25.85,4.85,155.0,0.0
2024-10-23 04:00:00,24.4,4.6,160.0,0.0
2024-10-23 05:00:00,23.9,5.7,584.5,0.0
2024-10-23 06:00:00,23.35,5.15,170.0,0.0
2024-10-23 07:00:00,22.2,3.6,170.0,0.0
2024-10-23 08:00:00,21.7,3.6,170.0,0.0
2024-10-23 09:00:00,21.4,3.6,170.0,0.0
2024-10-23 10:00:00,20.6,2.6,170.0,0.0
2024-10-23 11:00:00,20.0,2.6,160.0,0.0
2024-10-23 12:00:00,20.3,3.5999999999999996,165.0,0.25
2024-10-23 13:00:00,21.7,4.6,180.0,0.25
2024-10-23 14:00:00,22.8,5.1,180.0,0.25
2024-10-23 15:00:00,24.200000000000003,4.1,175.0,0.25
2024-10-23 16:00:00,27.8,3.6,170.0,0.25
2024-10-23 17:00:00,30.0,3.1,150.0,0.25
2024-10-23 18:00:00,30.55,3.1,165.0,0.25
2024-10-23 19:00:00,31.7,3.6,140.0,0.25
2024-10-23 20:00:00,32.2,2.1,140.0,0.5
2024-10-23 21:00:00,31.950000000000003,2.85,155.0,0.375
2024-10-23 22:00:00,31.1,3.6,180.0,0.25
2024-10-23 23:00:00,30.0,4.1,170.0,0.25
2024-10-24 00:00:00,29.45,4.6,165.0,0.125
2024-10-24 01:00:00,27.8,5.1,160.0,0.0
2024-10-24 02:00:00,27.2,5.7,160.0,0.0
2024-10-24 03:00:00,27.2,6.2,165.0,0.0
2024-10-24 04:00:00,25.6,5.1,190.0,0.0
2024-10-24 05:00:00,25.0,5.1,594.5,0.0
2024-10-24 06:00:00,24.7,5.1,200.0,0.0
2024-10-24 07:00:00,23.3,2.6,190.0,0.0
2024-10-24 08:00:00,22.8,3.6,190.0,0.0
2024-10-24 09:00:00,22.25,4.1,180.0,0.0
2024-10-24 10:00:00,21.1,4.1,170.0,0.0
2024-10-24 11:00:00,20.0,3.6,160.0,0.0
2024-10-24 12:00:00,20.3,4.35,160.0,0.5
2024-10-24 13:00:00,21.7,5.1,150.0,0.5
2024-10-24 14:00:00,23.3,5.1,170.0,0.5
2024-10-24 15:00:00,24.15,5.1,180.0,0.5
2024-10-24 16:00:00,26.7,5.1,160.0,
2024-10-24 17:00:00,28.3,4.6,180.0,
2024-10-24 18:00:00,29.15,4.85,145.0,0.625
2024-10-24 19:00:00,30.0,7.2,190.0,0.25
2024-10-24 20:00:00,30.0,7.2,180.0,0.25
2024-10-24 21:00:00,30.0,8.0,180.0,0.25
2024-10-24 22:00:00,29.4,6.7,180.0,0.25
2024-10-24 23:00:00,28.3,4.6,180.0,0.0
2024-10-25 00:00:00,27.75,4.6,175.0,0.0
2024-10-25 01:00:00,26.7,4.1,160.0,0.0
2024-10-25 02:00:00,26.1,7.7,160.0,0.0
2024-10-25 03:00:00,25.85,6.95,165.0,0.0
2024-10-25 04:00:00,24.4,5.7,180.0,0.0
2024-10-25 05:00:00,24.4,3.6,584.5,0.0
2024-10-25 06:00:00,23.85,4.35,175.0,0.0
2024-10-25 07:00:00,22.2,6.7,170.0,0.0
2024-10-25 08:00:00,22.2,5.7,180.0,0.0
2024-10-25 09:00:00,21.95,5.7,180.0,0.25
2024-10-25 10:00:00,21.1,5.7,190.0,0.5
2024-10-25 11:00:00,20.6,5.1,180.0,0.5
2024-10-25 12:00:00,20.85,4.85,175.0,0.5
2024-10-25 13:00:00,22.2,6.7,180.0,0.5
2024-10-25 14:00:00,23.3,7.7,589.5,0.25
2024-10-25 15:00:00,23.85,7.2,180.0,0.25
2024-10-25 16:00:00,26.1,5.7,190.0,0.25
2024-10-25 17:00:00,27.8,4.1,180.0,0.25
2024-10-25 18:00:00,28.6,4.6,205.0,0.25
2024-10-25 19:00:00,30.0,3.1,200.0,0.25
2024-10-25 20:00:00,30.6,2.1,170.0,0.5
2024-10-25 21:00:00,30.0,2.1,170.0,0.5
2024-10-25 22:00:00,29.4,3.6,170.0,0.25
2024-10-25 23:00:00,28.3,4.1,180.0,0.25
2024-10-26 00:00:00,28.05,3.8499999999999996,180.0,0.25
2024-10-26 01:00:00,27.8,4.6,280.0,0.5
2024-10-26 02:00:00,27.2,2.1,260.0,0.5
2024-10-26 03:00:00,26.95,2.6,240.0,0.5
2024-10-26 04:00:00,25.6,2.6,260.0,0.5
2024-10-26 05:00:00,23.9,0.0,999.0,0.5
2024-10-26 06:00:00,23.6,0.0,999.0,0.5
2024-10-26 07:00:00,22.8,1.5,300.0,
2024-10-26 08:00:00,22.8,3.1,320.0,
2024-10-26 09:00:00,22.5,3.5999999999999996,340.0,0.625
2024-10-26 10:00:00,21.7,3.6,350.0,0.25
2024-10-26 11:00:00,20.6,4.6,360.0,0.5
2024-10-26 12:00:00,20.6,4.6,355.0,0.5
2024-10-26 13:00:00,21.1,5.7,340.0,0.5
2024-10-26 14:00:00,21.7,4.6,340.0,0.25
2024-10-26 15:00:00,21.95,3.8499999999999996,330.0,0.25
2024-10-26 16:00:00,22.8,3.6,320.0,0.25
2024-10-26 17:00:00,24.4,4.1,310.0,0.25
2024-10-26 18:00:00,25.549999999999997,3.8499999999999996,315.0,0.25
2024-10-26 19:00:00,27.2,4.6,340.0,0.25
2024-10-26 20:00:00,27.8,4.1,310.0,0.25
2024-10-26 21:00:00,27.8,2.1,350.0,0.25
2024-10-26 22:00:00,27.2,2.6,10.0,0.25
2024-10-26 23:00:00,25.6,1.5,30.0,0.25
2024-10-27 00:00:00,25.6,2.05,195.0,0.25
2024-10-27 01:00:00,25.6,2.1,330.0,0.0
2024-10-27 02:00:00,24.4,2.6,350.0,0.0
2024-10-27 03:00:00,24.15,2.85,345.0,0.25
2024-10-27 04:00:00,22.2,3.6,330.0,0.0
2024-10-27 05:00:00,20.6,3.6,664.5,0.0
2024-10-27 06:00:00,20.3,3.35,335.0,0.0
2024-10-27 07:00:00,19.4,3.6,350.0,0.0
2024-10-27 08:00:00,18.9,2.6,350.0,0.0
2024-10-27 09:00:00,18.6,2.85,340.0,0.0
2024-10-27 10:00:00,17.8,3.1,360.0,0.5
2024-10-27 11:00:00,17.8,1.5,40.0,0.5
2024-10-27 12:00:00,18.05,1.5,55.0,0.5
2024-10-27 13:00:00,19.4,1.5,70.0,0.5
2024-10-27 14:00:00,20.6,1.5,30.0,0.25
2024-10-27 15:00:00,21.700000000000003,1.5,40.0,0.125
2024-10-27 16:00:00,25.6,2.1,70.0,0.0
2024-10-27 17:00:00,27.8,2.6,130.0,0.0
2024-10-27 18:00:00,27.8,2.6,120.0,0.0
2024-10-27 19:00:00,27.8,2.6,120.0,0.25
2024-10-27 20:00:00,28.9,0.0,999.0,0.25
2024-10-27 21:00:00,28.933333333333334,2.4,406.3333333333333,0.25
2024-10-27 22:00:00,28.3,5.1,100.0,0.25
2024-10-27 23:00:00,27.2,4.6,90.0,0.25
2024-10-28 00:00:00,26.95,4.6,95.0,0.375
2024-10-28 01:00:00,26.7,4.1,110.0,0.25
2024-10-28 02:00:00,25.0,4.1,130.0,0.25
2024-10-28 03:00:00,25.0,4.35,130.0,0.25
2024-10-28 04:00:00,23.9,4.1,130.0,0.25
2024-10-28 05:00:00,23.3,2.6,574.5,0.5
2024-10-28 06:00:00,23.3,3.1,160.0,0.375
2024-10-28 07:00:00,23.9,6.7,180.0,0.0
2024-10-28 08:00:00,23.9,5.7,180.0,0.25
2024-10-28 09:00:00,23.9,5.7,180.0,0.25
2024-10-28 10:00:00,23.3,6.2,190.0,0.25
2024-10-28 11:00:00,22.8,6.7,180.0,0.5
2024-10-28 12:00:00,22.5,6.45,180.0,0.5
2024-10-28 13:00:00,22.2,6.2,180.0,
2024-10-28 14:00:00,23.9,6.2,190.0,
2024-10-28 15:00:00,24.633333333333336,5.866666666666667,183.33333333333334,0.75
2024-10-28 16:00:00,27.2,7.2,190.0,
2024-10-28 17:00:00,28.3,4.6,170.0,
2024-10-28 18:00:00,28.85,6.3999999999999995,180.0,0.75
2024-10-28 19:00:00,30.0,7.2,170.0,
2024-10-28 20:00:00,30.0,9.3,170.0,0.5
2024-10-28 21:00:00,30.0,9.55,170.0,0.5
2024-10-28 22:00:00,29.4,7.7,170.0,0.5
2024-10-28 23:00:00,28.3,5.7,170.0,
2024-10-29 00:00:00,28.05,5.4,170.0,0.75
2024-10-29 01:00:00,26.7,5.7,160.0,
2024-10-29 02:00:00,26.1,5.7,160.0,
2024-10-29 03:00:00,26.1,6.45,160.0,0.75
2024-10-29 04:00:00,25.6,7.2,160.0,0.5
2024-10-29 05:00:00,24.4,8.2,584.5,
2024-10-29 06:00:00,24.15,8.75,170.0,0.625
2024-10-29 07:00:00,23.9,8.8,170.0,
2024-10-29 08:00:00,23.9,9.3,170.0,0.5
2024-10-29 09:00:00,24.15,8.5,175.0,0.5
2024-10-29 10:00:00,23.95,6.7,180.0,
2024-10-29 11:00:00,24.099999999999998,6.2,176.66666666666666,0.5
2024-10-29 12:00:00,24.15,6.949999999999999,175.0,0.5
2024-10-29 13:00:00,23.9,6.6499999999999995,170.0,
2024-10-29 14:00:00,23.3,5.7,160.0,
2024-10-29 15:00:00,24.96666666666667,8.766666666666667,166.66666666666666,0.75
2024-10-29 16:00:00,26.7,11.8,170.0,
2024-10-29 17:00:00,27.2,7.2,180.0,
2024-10-29 18:00:00,27.5,8.5,175.0,0.75
2024-10-29 19:00:00,28.9,10.3,170.0,0.5
2024-10-29 20:00:00,30.0,10.3,170.0,
2024-10-29 21:00:00,29.7,10.8,160.0,0.625
2024-10-29 22:00:00,29.4,11.3,160.0,0.25
2024-10-29 23:00:00,28.9,7.2,150.0,0.25
2024-10-30 00:00:00,28.6,7.2,145.0,0.25
2024-10-30 01:00:00,27.2,12.4,150.0,0.25
2024-10-30 02:00:00,26.1,11.8,160.0,0.25
2024-10-30 03:00:00,25.85,10.3,155.0,0.125
2024-10-30 04:00:00,24.4,10.3,160.0,0.25
2024-10-30 05:00:00,24.4,8.8,579.5,0.25
2024-10-30 06:00:00,23.666666666666668,8.066666666666668,160.0,0.25
2024-10-30 07:00:00,23.15,8.2,160.0,
2024-10-30 08:00:00,23.3,10.3,150.0,
2024-10-30 09:00:00,23.3,9.8,150.0,0.75
2024-10-30 10:00:00,23.3,9.3,150.0,
2024-10-30 11:00:00,23.9,9.8,160.0,
2024-10-30 12:00:00,23.9,8.75,160.0,0.75
2024-10-30 13:00:00,23.9,8.2,160.0,
2024-10-30 14:00:00,24.4,6.7,170.0,
2024-10-30 15:00:00,25.0,7.449999999999999,170.0,1.0
2024-10-30 16:00:00,26.95,8.5,160.0,
2024-10-30 17:00:00,27.8,9.8,170.0,
2024-10-30 18:00:00,28.35,9.0,170.0,1.0
2024-10-30 19:00:00,30.0,7.7,180.0,
2024-10-30 20:00:00,30.6,6.7,180.0,
2024-10-30 21:00:00,30.6,7.75,180.0,0.75
2024-10-30 22:00:00,30.6,5.1,180.0,
2024-10-30 23:00:00,30.0,7.2,180.0,
2024-10-31 00:00:00,29.7,6.7,175.0,0.75
2024-10-31 01:00:00,28.9,5.7,180.0,
2024-10-31 02:00:00,28.3,5.1,190.0,
2024-10-31 03:00:00,27.75,6.95,175.0,0.75
2024-10-31 04:00:00,26.1,5.1,170.0,0.5
2024-10-31 05:00:00,25.6,6.7,584.5,
2024-10-31 06:00:00,25.6,7.75,170.0,0.75
2024-10-31 07:00:00,25.6,5.1,220.0,
2024-10-31 08:00:00,23.0,8.52,274.0,
2024-10-31 09:00:00,20.3,6.4,270.0,1.0
2024-10-31 10:00:00,17.8,5.7,330.0,
2024-10-31 11:00:00,17.2,5.1,350.0,
2024-10-31 12:00:00,16.4,5.1,345.0,0.625
2024-10-31 13:00:00,15.0,6.2,330.0,0.5
2024-10-31 14:00:00,16.7,5.7,340.0,
2024-10-31 15:00:00,16.95,5.95,175.0,0.5
2024-10-31 16:00:00,17.8,4.1,20.0,0.25
2024-10-31 17:00:00,18.9,2.6,330.0,0.25
2024-10-31 18:00:00,19.45,3.5999999999999996,170.0,0.25
2024-10-31 19:00:00,20.6,4.6,360.0,0.0
2024-10-31 20:00:00,21.7,4.6,360.0,0.0
2024-10-31 21:00:00,21.7,4.6,185.0,0.0
2024-10-31 22:00:00,21.7,4.6,40.0,0.0
2024-10-31 23:00:00,20.6,3.1,360.0,0.0
2024-11-01 00:00:00,20.0,3.1,200.0,0.0
2024-11-01 01:00:00,18.9,4.1,30.0,0.0
2024-11-01 02:00:00,18.9,3.6,50.0,0.0
2024-11-01 03:00:00,18.35,3.6,50.0,0.25
2024-11-01 04:00:00,17.8,3.6,60.0,0.25
2024-11-01 05:00:00,17.2,3.6,689.3333333333334,0.5
2024-11-01 06:00:00,16.95,3.1,65.0,0.5
2024-11-01 07:00:00,16.1,2.6,50.0,
2024-11-01 08:00:00,15.6,3.1,10.0,0.5
2024-11-01 09:00:00,15.6,3.1,15.0,0.5
2024-11-01 10:00:00,15.6,2.6,20.0,
2024-11-01 11:00:00,15.8,3.1,30.0,
2024-11-01 12:00:00,16.15,3.35,45.0,0.75
2024-11-01 13:00:00,16.7,2.9333333333333336,70.0,
2024-11-01 14:00:00,16.95,3.35,70.0,
2024-11-01 15:00:00,17.75,2.85,200.0,1.0
2024-11-01 16:00:00,18.9,2.6,20.0,
2024-11-01 17:00:00,18.9,2.1,10.0,
2024-11-01 18:00:00,19.45,2.6,45.0,1.0
2024-11-01 19:00:00,21.05,3.6,80.0,
2024-11-01 20:00:00,22.2,4.6,110.0,
2024-11-01 21:00:00,22.2,4.1,115.0,1.0
2024-11-01 22:00:00,22.2,4.6,130.0,
2024-11-01 23:00:00,22.2,2.6,130.0,
2024-11-02 00:00:00,22.2,2.85,130.0,1.0
2024-11-02 01:00:00,21.7,3.1,120.0,
2024-11-02 02:00:00,21.7,3.1,110.0,
2024-11-02 03:00:00,21.4,4.65,105.0,0.625
2024-11-02 04:00:00,20.0,4.6,100.0,
2024-11-02 05:00:00,20.0,5.1,406.3333333333333,
2024-11-02 06:00:00,20.0,4.85,120.0,1.0
2024-11-02 07:00:00,20.0,5.1,130.0,
2024-11-02 08:00:00,20.0,4.6,120.0,
2024-11-02 09:00:00,20.0,3.9333333333333336,113.33333333333333,1.0
2024-11-02 10:00:00,20.0,3.6,120.0,
2024-11-02 11:00:00,20.0,3.1,90.0,
2024-11-02 12:00:00,20.0,3.1,100.0,1.0
2024-11-02 13:00:00,20.533333333333335,3.6,113.33333333333333,
2024-11-02 14:00:00,20.6,3.6,110.0,
2024-11-02 15:00:00,20.85,3.8499999999999996,120.0,1.0
2024-11-02 16:00:00,21.4,4.1,130.0,
2024-11-02 17:00:00,22.2,5.1,130.0,
2024-11-02 18:00:00,23.049999999999997,4.6,130.0,1.0
2024-11-02 19:00:00,24.15,5.4,130.0,
2024-11-02 20:00:00,25.0,6.2,140.0,
2024-11-02 21:00:00,25.3,5.65,140.0,1.0
2024-11-02 22:00:00,25.6,7.2,150.0,
2024-11-02 23:00:00,25.0,6.2,140.0,
2024-11-03 00:00:00,24.7,6.2,135.0,1.0
2024-11-03 01:00:00,23.9,6.2,140.0,
2024-11-03 02:00:00,23.9,7.2,140.0,
2024-11-03 03:00:00,23.9,8.0,145.0,1.0
2024-11-03 04:00:00,23.9,11.3,160.0,
2024-11-03 05:00:00,23.15,8.8,433.0,
2024-11-03 06:00:00,23.05,7.5,155.0,1.0
2024-11-03 07:00:00,22.85,6.95,165.0,
2024-11-03 08:00:00,22.8,5.1,160.0,
2024-11-03 09:00:00,22.8,5.9,160.0,1.0
2024-11-03 10:00:00,22.9,6.7,160.0,
2024-11-03 11:00:00,22.9,7.7,170.0,
2024-11-03 12:00:00,22.8,6.7,165.0,1.0
2024-11-03 13:00:00,22.8,5.7,160.0,
2024-11-03 14:00:00,23.3,6.7,160.0,
2024-11-03 15:00:00,23.083333333333332,6.366666666666667,150.0,1.0
2024-11-03 16:00:00,23.05,5.1,150.0,
2024-11-03 17:00:00,23.03333333333333,5.3,166.66666666666666,
2024-11-03 18:00:00,22.8,5.3,166.66666666666666,1.0
2024-11-03 19:00:00,24.4,4.1,180.0,
2024-11-03 20:00:00,25.6,4.1,170.0,
2024-11-03 21:00:00,26.15,5.15,160.0,0.75
2024-11-03 22:00:00,26.1,4.1,160.0,
2024-11-03 23:00:00,25.6,4.6,160.0,
2024-11-04 00:00:00,25.6,4.6,145.0,0.75
2024-11-04 01:00:00,25.0,6.2,140.0,
2024-11-04 02:00:00,25.0,7.7,160.0,0.25
2024-11-04 03:00:00,25.0,8.5,160.0,0.25
2024-11-04 04:00:00,24.4,7.7,160.0,0.25
2024-11-04 05:00:00,23.9,7.7,584.5,0.25
2024-11-04 06:00:00,23.9,7.2,170.0,0.375
2024-11-04 07:00:00,23.9,10.8,170.0,
2024-11-04 08:00:00,23.9,5.7,170.0,0.5
2024-11-04 09:00:00,23.899999999999995,6.366666666666667,166.66666666666666,0.5
2024-11-04 10:00:00,23.9,7.7,180.0,
2024-11-04 11:00:00,23.9,7.7,170.0,
2024-11-04 12:00:00,23.6,6.4,170.0,0.75
2024-11-04 13:00:00,25.0,6.7,170.0,
2024-11-04 14:00:00,26.7,8.2,170.0,
2024-11-04 15:00:00,27.25,8.5,175.0,0.75
2024-11-04 16:00:00,27.2,6.2,190.0,
2024-11-04 17:00:00,28.9,7.7,170.0,
2024-11-04 18:00:00,29.15,6.95,170.0,
2024-11-04 19:00:00,26.52,7.371428571428572,172.85714285714286,
2024-11-04 20:00:00,22.1,9.8,295.0,
2024-11-04 21:00:00,20.549999999999997,6.95,330.0,1.0
2024-11-04 22:00:00,18.9,3.3499999999999996,345.0,
2024-11-04 23:00:00,19.4,2.6,340.0,
2024-11-05 00:00:00,19.32,5.26,515.4285714285714,1.0
2024-11-05 01:00:00,18.9,4.375,479.8,
2024-11-05 02:00:00,,3.6,330.0,
2024-11-05 03:00:00,17.8,2.85,225.0,1.0
2024-11-05 04:00:00,18.3,5.7,320.0,
2024-11-05 05:00:00,16.7,3.6,534.5,
2024-11-05 06:00:00,17.25,2.55,200.0,1.0
2024-11-05 07:00:00,16.7,2.6,240.0,
2024-11-05 08:00:00,16.7,3.6,230.0,
2024-11-05 09:00:00,16.7,3.6,230.0,1.0
2024-11-05 10:00:00,16.7,3.6,200.0,
2024-11-05 11:00:00,17.2,6.2,240.0,
2024-11-05 12:00:00,16.866666666666664,5.466666666666666,253.33333333333334,1.0
2024-11-05 13:00:00,16.1,7.2,280.0,
2024-11-05 14:00:00,15.0,10.3,280.0,
2024-11-05 15:00:00,15.3,7.2,270.0,0.625
2024-11-05 16:00:00,16.7,6.2,300.0,0.5
2024-11-05 17:00:00,17.2,6.2,290.0,
2024-11-05 18:00:00,17.75,5.95,300.0,0.5
2024-11-05 19:00:00,18.9,5.7,250.0,0.25
2024-11-05 20:00:00,18.9,5.1,260.0,0.25
2024-11-05 21:00:00,19.45,5.1,265.0,0.25
2024-11-05 22:00:00,19.4,4.6,270.0,0.0
2024-11-05 23:00:00,18.3,3.1,310.0,0.0
2024-11-06 00:00:00,17.75,2.3,320.0,0.0
2024-11-06 01:00:00,17.2,2.1,60.0,0.0
2024-11-06 02:00:00,16.7,2.6,100.0,0.0
2024-11-06 03:00:00,16.4,2.35,105.0,0.0
2024-11-06 04:00:00,15.0,0.0,999.0,0.0
2024-11-06 05:00:00,13.9,2.6,564.5,0.0
2024-11-06 06:00:00,13.9,2.6,135.0,0.0
2024-11-06 07:00:00,12.8,1.5,160.0,0.0
2024-11-06 08:00:00,12.2,1.5,160.0,0.0
2024-11-06 09:00:00,11.95,1.5,150.0,0.0
2024-11-06 10:00:00,11.7,3.1,110.0,0.0
2024-11-06 11:00:00,11.7,2.1,100.0,0.0
2024-11-06 12:00:00,11.149999999999999,2.35,95.0,0.0
2024-11-06 13:00:00,12.8,3.1,100.0,0.0
2024-11-06 14:00:00,15.0,4.1,100.0,0.0
2024-11-06 15:00:00,16.1,3.8499999999999996,100.0,0.0
2024-11-06 16:00:00,19.4,3.6,120.0,0.0
2024-11-06 17:00:00,20.6,3.1,110.0,0.0
2024-11-06 18:00:00,21.4,4.1,115.0,0.0
2024-11-06 19:00:00,21.7,5.1,100.0,0.0
2024-11-06 20:00:00,22.2,6.7,100.0,0.0
2024-11-06 21:00:00,22.5,5.4,95.0,0.0
2024-11-06 22:00:00,22.2,5.1,90.0,0.0
2024-11-06 23:00:00,20.6,4.1,90.0,0.0
2024-11-07 00:00:00,20.0,3.5999999999999996,90.0,0.0
2024-11-07 01:00:00,18.9,3.6,80.0,0.0
2024-11-07 02:00:00,18.3,2.1,50.0,0.0
2024-11-07 03:00:00,18.05,2.1,45.0,0.0
2024-11-07 04:00:00,16.7,2.6,40.0,0.0
2024-11-07 05:00:00,16.7,3.6,509.5,0.25
2024-11-07 06:00:00,16.15,3.35,20.0,0.25
2024-11-07 07:00:00,15.0,2.6,10.0,0.5
2024-11-07 08:00:00,15.0,3.1,40.0,
2024-11-07 09:00:00,15.0,3.35,40.0,0.75
2024-11-07 10:00:00,16.1,3.1,40.0,
2024-11-07 11:00:00,16.1,2.6,30.0,
2024-11-07 12:00:00,16.4,3.1,40.0,0.75
2024-11-07 13:00:00,17.8,4.1,40.0,
2024-11-07 14:00:00,18.05,5.15,40.0,
2024-11-07 15:00:00,18.85,5.95,50.0,1.0
2024-11-07 16:00:00,20.0,5.7,70.0,
2024-11-07 17:00:00,19.2,5.1,70.0,
2024-11-07 18:00:00,19.266666666666666,5.1,83.33333333333333,1.0
2024-11-07 19:00:00,20.0,6.2,100.0,
2024-11-07 20:00:00,20.0,7.2,90.0,
2024-11-07 21:00:00,20.55,6.7,90.0,1.0
2024-11-07 22:00:00,21.05,5.9,100.0,
2024-11-07 23:00:00,20.6,5.7,80.0,
2024-11-08 00:00:00,20.85,6.45,80.0,1.0
2024-11-08 01:00:00,21.1,7.2,90.0,
2024-11-08 02:00:00,20.6,6.7,110.0,
2024-11-08 03:00:00,20.85,6.95,105.0,1.0
2024-11-08 04:00:00,21.1,7.7,100.0,
2024-11-08 05:00:00,21.1,5.7,554.5,
2024-11-08 06:00:00,21.1,5.95,100.0,1.0
2024-11-08 07:00:00,21.1,5.7,100.0,
2024-11-08 08:00:00,20.733333333333334,7.699999999999999,100.0,
2024-11-08 09:00:00,20.400000000000002,6.033333333333334,100.0,1.0
2024-11-08 10:00:00,20.0,6.7,100.0,
2024-11-08 11:00:00,20.0,5.7,90.0,
2024-11-08 12:00:00,20.0,5.7,95.0,1.0
2024-11-08 13:00:00,20.0,7.45,95.0,
2024-11-08 14:00:00,20.8,5.1,100.0,
2024-11-08 15:00:00,20.85,5.4,95.0,1.0
2024-11-08 16:00:00,20.6,5.1,100.0,
2024-11-08 17:00:00,21.1,7.2,100.0,
2024-11-08 18:00:00,21.1,5.65,105.0,1.0
2024-11-08 19:00:00,21.1,4.9,120.0,
2024-11-08 20:00:00,21.1,6.2,120.0,
2024-11-08 21:00:00,21.5,5.333333333333333,123.33333333333333,1.0
2024-11-08 22:00:00,21.7,1.5,160.0,
2024-11-08 23:00:00,18.183333333333334,7.550000000000001,298.3333333333333,
2024-11-09 00:00:00,17.8,6.166666666666667,293.3333333333333,1.0
2024-11-09 01:00:00,16.7,4.1,320.0,
2024-11-09 02:00:00,16.7,2.6,330.0,
2024-11-09 03:00:00,16.7,2.85,330.0,1.0
2024-11-09 04:00:00,16.7,3.6,320.0,
2024-11-09 05:00:00,16.1,4.6,654.5,
2024-11-09 06:00:00,15.55,5.15,310.0,0.625
2024-11-09 07:00:00,13.9,4.6,330.0,0.25
2024-11-09 08:00:00,12.8,4.1,320.0,0.25
2024-11-09 09:00:00,11.95,3.0999999999999996,320.0,0.25
2024-11-09 10:00:00,10.0,0.0,999.0,0.25
2024-11-09 11:00:00,10.6,3.6,320.0,0.0
2024-11-09 12:00:00,10.6,3.6,320.0,0.25
2024-11-09 13:00:00,11.7,0.0,999.0,0.25
2024-11-09 14:00:00,15.0,1.5,340.0,0.25
2024-11-09 15:00:00,16.1,1.5,330.0,0.25
2024-11-09 16:00:00,18.3,3.1,300.0,0.25
2024-11-09 17:00:00,19.4,1.5,999.0,0.25
2024-11-09 18:00:00,20.549999999999997,2.3,664.5,0.25
2024-11-09 19:00:00,21.7,2.1,360.0,0.0
2024-11-09 20:00:00,22.2,2.6,999.0,0.0
2024-11-09 21:00:00,21.95,2.05,594.5,0.25
2024-11-09 22:00:00,21.7,1.5,110.0,0.0
2024-11-09 23:00:00,19.4,2.1,120.0,0.0
2024-11-10 00:00:00,18.6,2.1,125.0,0.0
2024-11-10 01:00:00,17.8,1.5,140.0,0.0
2024-11-10 02:00:00,16.7,1.5,160.0,0.0
2024-11-10 03:00:00,16.15,0.75,579.5,0.0
2024-11-10 04:00:00,15.0,2.6,230.0,0.25
2024-11-10 05:00:00,14.4,1.5,619.5,0.25
2024-11-10 06:00:00,13.600000000000001,0.75,619.5,0.25
2024-11-10 07:00:00,13.3,1.5,350.0,0.25
2024-11-10 08:00:00,12.2,0.0,999.0,0.25
2024-11-10 09:00:00,12.2,0.75,604.5,0.125
2024-11-10 10:00:00,11.7,0.0,999.0,0.0
2024-11-10 11:00:00,11.7,2.6,360.0,0.0
2024-11-10 12:00:00,11.149999999999999,1.3,679.5,0.0
2024-11-10 13:00:00,13.9,0.0,999.0,0.25
2024-11-10 14:00:00,17.2,1.5,170.0,0.25
2024-11-10 15:00:00,18.299999999999997,2.05,175.0,0.25
2024-11-10 16:00:00,22.2,0.0,999.0,0.25
2024-11-10 17:00:00,24.4,0.0,999.0,0.25
2024-11-10 18:00:00,24.7,0.75,999.0,0.25
2024-11-10 19:00:00,26.1,0.0,999.0,0.25
2024-11-10 20:00:00,27.2,0.0,999.0,0.25
2024-11-10 21:00:00,26.65,0.0,999.0,0.25
2024-11-10 22:00:00,25.6,2.6,300.0,0.25
2024-11-10 23:00:00,20.6,2.6,350.0,0.0
2024-11-11 00:00:00,20.85,2.6,180.0,0.0
2024-11-11 01:00:00,20.6,2.6,330.0,0.0
2024-11-11 02:00:00,17.8,4.1,340.0,0.0
2024-11-11 03:00:00,17.5,4.1,340.0,0.0
2024-11-11 04:00:00,16.1,4.1,340.0,0.0
2024-11-11 05:00:00,15.6,3.6,669.5,0.0
2024-11-11 06:00:00,15.3,2.85,340.0,0.0
2024-11-11 07:00:00,14.4,2.1,320.0,0.0
2024-11-11 08:00:00,12.8,3.6,340.0,0.0
2024-11-11 09:00:00,12.8,3.1,340.0,0.0
2024-11-11 10:00:00,12.2,2.6,330.0,0.0
2024-11-11 11:00:00,11.7,1.5,340.0,0.0
2024-11-11 12:00:00,11.7,2.3,340.0,0.25
2024-11-11 13:00:00,14.4,3.1,330.0,0.25
2024-11-11 14:00:00,16.7,2.1,350.0,0.25
2024-11-11 15:00:00,18.049999999999997,1.8,674.5,0.375
2024-11-11 16:00:00,21.7,2.6,80.0,0.5
2024-11-11 17:00:00,23.3,2.1,999.0,
2024-11-11 18:00:00,23.6,2.35,534.5,0.75
2024-11-11 19:00:00,25.0,3.1,10.0,
2024-11-11 20:00:00,24.4,2.6,999.0,
2024-11-11 21:00:00,24.4,2.6,679.5,0.75
2024-11-11 22:00:00,22.2,2.6,30.0,
2024-11-11 23:00:00,20.6,2.6,360.0,
2024-11-12 00:00:00,19.450000000000003,2.35,360.0,0.75
2024-11-12 01:00:00,17.8,2.1,10.0,
2024-11-12 02:00:00,17.2,0.0,999.0,0.5
2024-11-12 03:00:00,17.2,0.0,999.0,0.5
2024-11-12 04:00:00,15.6,0.0,999.0,0.5
2024-11-12 05:00:00,16.1,0.0,999.0,0.25
2024-11-12 06:00:00,15.25,0.0,999.0,0.25
2024-11-12 07:00:00,13.3,0.0,999.0,0.25
2024-11-12 08:00:00,13.3,0.0,999.0,0.25
2024-11-12 09:00:00,12.75,0.0,999.0,0.25
2024-11-12 10:00:00,12.2,1.5,40.0,0.25
2024-11-12 11:00:00,11.7,0.0,999.0,0.25
2024-11-12 12:00:00,11.7,0.0,999.0,0.375
2024-11-12 13:00:00,13.3,0.0,999.0,0.5
2024-11-12 14:00:00,16.7,2.6,130.0,0.5
2024-11-12 15:00:00,17.5,3.3499999999999996,125.0,0.5
2024-11-12 16:00:00,20.6,4.1,120.0,
2024-11-12 17:00:00,22.2,6.2,130.0,0.5
2024-11-12 18:00:00,22.5,5.65,120.0,0.5
2024-11-12 19:00:00,22.8,2.6,999.0,
2024-11-12 20:00:00,23.9,3.1,140.0,
2024-11-12 21:00:00,23.6,4.1,125.0,0.75
2024-11-12 22:00:00,22.8,4.6,110.0,
2024-11-12 23:00:00,20.0,3.1,120.0,
2024-11-13 00:00:00,19.45,3.35,115.0,0.75
2024-11-13 01:00:00,16.7,3.1,140.0,
2024-11-13 02:00:00,17.2,4.1,130.0,
2024-11-13 03:00:00,17.2,4.1,130.0,0.75
2024-11-13 04:00:00,16.7,4.6,130.0,0.5
2024-11-13 05:00:00,16.1,4.6,564.5,0.5
2024-11-13 06:00:00,15.55,4.1,140.0,0.5
2024-11-13 07:00:00,14.4,3.1,130.0,
2024-11-13 08:00:00,13.9,2.6,140.0,
2024-11-13 09:00:00,13.9,2.6,130.0,0.75
2024-11-13 10:00:00,13.9,2.6,120.0,
2024-11-13 11:00:00,13.9,2.6,140.0,0.5
2024-11-13 12:00:00,14.45,3.3499999999999996,155.0,0.5
2024-11-13 13:00:00,16.7,4.6,180.0,
2024-11-13 14:00:00,18.9,5.1,210.0,
2024-11-13 15:00:00,20.0,5.9,215.0,0.5
2024-11-13 16:00:00,23.9,7.2,280.0,0.25
2024-11-13 17:00:00,23.95,8.5,285.0,0.25
2024-11-13 18:00:00,24.15,8.75,300.0,0.25
2024-11-13 19:00:00,25.0,10.8,320.0,0.25
2024-11-13 20:00:00,24.4,9.3,340.0,0.0
2024-11-13 21:00:00,23.85,9.05,325.0,0.0
2024-11-13 22:00:00,22.2,7.7,320.0,0.0
2024-11-13 23:00:00,20.0,6.2,320.0,0.0
2024-11-14 00:00:00,19.45,5.65,315.0,0.0
2024-11-14 01:00:00,17.8,6.2,320.0,0.0
2024-11-14 02:00:00,16.1,5.1,310.0,0.0
2024-11-14 03:00:00,15.850000000000001,5.1,310.0,0.0
2024-11-14 04:00:00,14.4,3.1,300.0,0.0
2024-11-14 05:00:00,13.3,3.1,644.5,0.0
2024-11-14 06:00:00,13.05,3.1,295.0,0.0
2024-11-14 07:00:00,11.7,3.6,310.0,0.0
2024-11-14 08:00:00,12.2,3.6,300.0,0.0
2024-11-14 09:00:00,11.95,3.35,305.0,0.0
2024-11-14 10:00:00,10.6,2.6,310.0,0.0
2024-11-14 11:00:00,10.6,2.1,320.0,0.0
2024-11-14 12:00:00,9.45,1.05,659.5,0.0
2024-11-14 13:00:00,11.1,2.6,340.0,0.0
2024-11-14 14:00:00,13.9,2.6,330.0,0.0
2024-11-14 15:00:00,15.3,2.35,335.0,0.0
2024-11-14 16:00:00,18.9,0.0,999.0,0.0
2024-11-14 17:00:00,20.6,2.1,330.0,
2024-11-14 18:00:00,20.6,2.6,664.5,0.125
2024-11-14 19:00:00,21.0,0.0,999.0,0.0
2024-11-14 20:00:00,22.2,2.1,350.0,0.0
2024-11-14 21:00:00,21.95,1.8,674.5,0.0
2024-11-14 22:00:00,20.6,1.5,40.0,0.0
2024-11-14 23:00:00,18.3,0.0,999.0,0.0
2024-11-15 00:00:00,16.95,0.0,999.0,0.0
2024-11-15 01:00:00,15.6,0.0,999.0,0.0
2024-11-15 02:00:00,13.3,0.0,999.0,0.0
2024-11-15 03:00:00,13.3,0.0,999.0,0.0
2024-11-15 04:00:00,12.2,1.5,130.0,0.0
2024-11-15 05:00:00,12.2,0.0,999.0,0.0
2024-11-15 06:00:00,12.5,0.75,599.5,0.0
2024-11-15 07:00:00,9.4,0.0,999.0,0.0
2024-11-15 08:00:00,10.6,1.5,130.0,0.0
2024-11-15 09:00:00,10.3,0.75,564.5,0.0
2024-11-15 10:00:00,9.4,0.0,999.0,0.0
2024-11-15 11:00:00,8.3,0.0,999.0,0.0
2024-11-15 12:00:00,8.3,0.0,999.0,0.0
2024-11-15 13:00:00,8.9,1.5,180.0,0.0
2024-11-15 14:00:00,12.8,0.0,999.0,0.0
2024-11-15 15:00:00,14.75,1.55,584.5,
2024-11-15 16:00:00,18.9,4.1,160.0,0.0
2024-11-15 17:00:00,20.0,4.1,140.0,0.0
2024-11-15 18:00:00,20.55,3.5999999999999996,155.0,0.0
2024-11-15 19:00:00,21.7,3.6,150.0,0.0
2024-11-15 20:00:00,22.2,4.6,120.0,0.0
2024-11-15 21:00:00,21.95,4.35,130.0,0.0
2024-11-15 22:00:00,20.6,4.6,110.0,0.0
2024-11-15 23:00:00,17.2,4.1,130.0,0.0
2024-11-16 00:00:00,16.65,4.1,130.0,0.0
2024-11-16 01:00:00,15.6,3.6,150.0,0.0
2024-11-16 02:00:00,14.4,2.1,140.0,0.0
2024-11-16 03:00:00,14.15,1.8,125.0,0.0
2024-11-16 04:00:00,12.8,2.1,130.0,0.0
2024-11-16 05:00:00,12.8,2.1,569.5,0.0
2024-11-16 06:00:00,12.25,2.6,135.0,0.0
2024-11-16 07:00:00,11.1,3.6,140.0,0.0
2024-11-16 08:00:00,12.2,3.6,160.0,
2024-11-16 09:00:00,11.95,3.8499999999999996,155.0,0.25
2024-11-16 10:00:00,11.1,3.6,150.0,
2024-11-16 11:00:00,11.1,4.6,150.0,
2024-11-16 12:00:00,10.85,4.1,150.0,0.25
2024-11-16 13:00:00,11.7,4.6,140.0,
2024-11-16 14:00:00,12.666666666666666,5.133333333333333,136.66666666666666,
2024-11-16 15:00:00,14.75,5.1,150.0,0.75
2024-11-16 16:00:00,18.9,5.7,150.0,
2024-11-16 17:00:00,21.1,4.6,160.0,
2024-11-16 18:00:00,21.950000000000003,4.6,170.0,0.75
2024-11-16 19:00:00,23.3,5.7,140.0,
2024-11-16 20:00:00,24.4,7.7,160.0,
2024-11-16 21:00:00,24.15,8.25,155.0,0.75
2024-11-16 22:00:00,22.8,4.6,130.0,
2024-11-16 23:00:00,21.1,5.1,120.0,
2024-11-17 00:00:00,20.55,5.4,125.0,0.75
2024-11-17 01:00:00,19.4,6.2,140.0,
2024-11-17 02:00:00,18.9,5.1,150.0,
2024-11-17 03:00:00,18.6,5.65,150.0,0.75
2024-11-17 04:00:00,17.8,6.2,150.0,
2024-11-17 05:00:00,17.8,4.6,579.5,
2024-11-17 06:00:00,17.8,5.4,155.0,0.5
2024-11-17 07:00:00,18.15,4.85,165.0,
2024-11-17 08:00:00,18.3,6.7,150.0,
2024-11-17 09:00:00,18.6,6.2,150.0,1.0
2024-11-17 10:00:00,18.6,4.35,140.0,
2024-11-17 11:00:00,18.3,4.6,140.0,
2024-11-17 12:00:00,18.3,4.6,140.0,1.0
2024-11-17 13:00:00,18.9,2.85,140.0,
2024-11-17 14:00:00,20.0,2.1,150.0,
2024-11-17 15:00:00,20.3,2.35,120.0,1.0
2024-11-17 16:00:00,21.7,0.75,549.5,
2024-11-17 17:00:00,23.9,3.6,160.0,
2024-11-17 18:00:00,24.15,4.1,155.0,1.0
2024-11-17 19:00:00,25.6,4.1,150.0,
2024-11-17 20:00:00,24.4,4.6,120.0,
2024-11-17 21:00:00,24.7,4.35,115.0,0.75
2024-11-17 22:00:00,24.4,3.6,120.0,
2024-11-17 23:00:00,22.8,4.1,100.0,
2024-11-18 00:00:00,22.2,4.1,90.0,
2024-11-18 01:00:00,21.95,3.5999999999999996,80.0,
2024-11-18 02:00:00,21.7,2.1,90.0,
2024-11-18 03:00:00,21.7,3.6,90.0,
2024-11-18 04:00:00,22.2,5.7,160.0,
2024-11-18 05:00:00,23.133333333333336,6.333333333333333,369.75,
2024-11-18 06:00:00,22.8,10.3,150.0,
2024-11-18 07:00:00,22.8,7.7,160.0,
2024-11-18 08:00:00,22.2,10.3,150.0,
2024-11-18 09:00:00,22.2,8.8,160.0,
2024-11-18 10:00:00,22.2,9.3,160.0,
2024-11-18 11:00:00,22.2,12.4,160.0,
2024-11-18 12:00:00,22.2,9.3,160.0,
2024-11-18 13:00:00,21.866666666666664,9.966666666666667,163.33333333333334,
2024-11-18 14:00:00,22.8,11.3,170.0,
2024-11-18 15:00:00,19.266666666666666,11.120000000000001,246.0,
2024-11-18 16:00:00,18.3,5.1,200.0,
2024-11-18 17:00:00,19.4,8.2,230.0,
2024-11-18 18:00:00,18.3,6.2,230.0,
2024-11-18 19:00:00,21.1,9.8,230.0,
2024-11-18 20:00:00,23.3,9.3,240.0,
2024-11-18 21:00:00,23.3,9.3,240.0,
2024-11-18 22:00:00,21.7,6.7,250.0,
2024-11-18 23:00:00,20.6,5.7,250.0,
2024-11-19 00:00:00,16.1,3.1,200.0,
2024-11-19 01:00:00,16.1,3.6,200.0,
2024-11-19 02:00:00,15.6,4.1,210.0,
2024-11-19 03:00:00,16.1,4.6,220.0,
2024-11-19 04:00:00,15.6,4.1,200.0,
2024-11-19 05:00:00,16.1,6.2,609.5,
2024-11-19 06:00:00,15.6,5.1,230.0,
2024-11-19 07:00:00,13.3,4.1,210.0,
2024-11-19 08:00:00,12.8,4.6,210.0,
2024-11-19 09:00:00,11.7,4.1,220.0,
2024-11-19 10:00:00,12.2,4.1,230.0,
2024-11-19 11:00:00,12.2,3.6,240.0,
2024-11-19 12:00:00,11.7,3.1,260.0,
2024-11-19 13:00:00,13.9,2.6,250.0,
2024-11-19 14:00:00,15.6,3.1,260.0,
2024-11-19 15:00:00,17.2,4.1,320.0,
2024-11-19 16:00:00,18.9,0.0,999.0,
2024-11-19 17:00:00,20.6,2.1,999.0,
2024-11-19 18:00:00,21.7,2.6,999.0,
2024-11-19 19:00:00,22.8,3.6,260.0,
2024-11-19 20:00:00,23.3,4.1,270.0,
2024-11-19 21:00:00,23.3,2.6,270.0,
2024-11-19 22:00:00,22.8,2.6,260.0,
2024-11-19 23:00:00,21.1,3.6,260.0,
2024-11-20 00:00:00,20.6,6.7,290.0,
2024-11-20 01:00:00,19.4,5.1,310.0,
2024-11-20 02:00:00,17.8,4.6,320.0,
2024-11-20 03:00:00,16.1,7.2,340.0,
2024-11-20 04:00:00,15.0,8.8,340.0,
2024-11-20 05:00:00,13.9,7.2,669.5,
2024-11-20 06:00:00,12.8,8.2,340.0,
2024-11-20 07:00:00,11.7,7.2,350.0,
2024-11-20 08:00:00,10.6,5.7,330.0,
2024-11-20 09:00:00,10.0,6.2,340.0,
2024-11-20 10:00:00,8.9,5.7,350.0,
2024-11-20 11:00:00,8.3,7.2,350.0,
2024-11-20 12:00:00,7.8,6.2,350.0,
2024-11-20 13:00:00,8.9,6.2,350.0,
2024-11-20 14:00:00,11.1,6.2,350.0,
2024-11-20 15:00:00,13.3,7.2,360.0,
2024-11-20 16:00:00,15.0,6.2,10.0,
2024-11-20 17:00:00,16.7,6.7,360.0,
2024-11-20 18:00:00,17.8,7.7,360.0,
2024-11-20 19:00:00,17.8,7.7,360.0,
2024-11-20 20:00:00,18.3,6.7,350.0,
2024-11-20 21:00:00,17.2,3.6,330.0,0.25
2024-11-20 22:00:00,16.1,5.1,330.0,
2024-11-20 23:00:00,13.3,3.6,340.0,
2024-11-21 00:00:00,12.8,3.6,320.0,0.25
2024-11-21 01:00:00,13.3,4.6,320.0,0.25
2024-11-21 02:00:00,11.1,4.1,320.0,0.25
2024-11-21 03:00:00,10.6,3.6,320.0,
2024-11-21 04:00:00,8.9,3.6,310.0,
2024-11-21 05:00:00,7.8,0.0,999.0,
2024-11-21 06:00:00,6.1,2.1,210.0,
2024-11-21 07:00:00,6.1,2.6,220.0,
2024-11-21 08:00:00,5.6,3.1,240.0,
2024-11-21 09:00:00,5.0,0.0,999.0,
2024-11-21 10:00:00,3.9,0.0,999.0,
2024-11-21 11:00:00,5.0,3.1,220.0,
2024-11-21 12:00:00,5.6,0.0,999.0,0.25
2024-11-21 13:00:00,7.2,1.5,220.0,
2024-11-21 14:00:00,10.0,2.1,230.0,
2024-11-21 15:00:00,15.0,3.6,250.0,
2024-11-21 16:00:00,17.2,4.1,260.0,
2024-11-21 17:00:00,18.9,3.1,290.0,
2024-11-21 18:00:00,20.6,3.6,320.0,
2024-11-21 19:00:00,21.1,4.1,330.0,
2024-11-21 20:00:00,21.1,4.1,310.0,0.25
2024-11-21 21:00:00,21.1,2.1,330.0,0.0
2024-11-21 22:00:00,19.4,3.1,330.0,0.0
2024-11-21 23:00:00,17.2,2.6,310.0,0.0
2024-11-22 00:00:00,15.55,3.1,335.0,0.0
2024-11-22 01:00:00,14.4,3.1,350.0,0.0
2024-11-22 02:00:00,12.8,3.1,350.0,0.0
2024-11-22 03:00:00,12.25,3.1,350.0,0.0
2024-11-22 04:00:00,11.1,4.1,350.0,0.0
2024-11-22 05:00:00,10.0,2.6,679.5,0.0
2024-11-22 06:00:00,10.0,2.6,355.0,0.0
2024-11-22 07:00:00,8.3,2.6,350.0,0.0
2024-11-22 08:00:00,8.3,3.1,350.0,0.0
2024-11-22 09:00:00,8.05,2.85,350.0,0.0
2024-11-22 10:00:00,8.3,1.5,20.0,0.0
2024-11-22 11:00:00,6.7,0.0,999.0,0.0
2024-11-22 12:00:00,6.95,1.05,509.5,0.25
2024-11-22 13:00:00,8.3,0.0,999.0,0.25
2024-11-22 14:00:00,10.6,2.1,40.0,0.25
2024-11-22 15:00:00,11.399999999999999,1.8,519.5,0.25
2024-11-22 16:00:00,13.9,1.5,90.0,0.25
2024-11-22 17:00:00,15.6,0.0,999.0,0.25
2024-11-22 18:00:00,16.4,0.0,999.0,0.25
2024-11-22 19:00:00,18.3,2.1,330.0,0.5
2024-11-22 20:00:00,18.9,0.0,999.0,0.5
2024-11-22 21:00:00,18.9,1.3,529.5,0.5
2024-11-22 22:00:00,17.8,2.1,100.0,0.5
2024-11-22 23:00:00,15.0,1.5,100.0,0.5
2024-11-23 00:00:00,14.45,0.75,549.5,0.5
2024-11-23 01:00:00,13.3,1.5,140.0,0.25
2024-11-23 02:00:00,11.1,0.0,999.0,0.25
2024-11-23 03:00:00,10.55,1.3,569.5,0.25
2024-11-23 04:00:00,10.6,3.1,140.0,0.25
2024-11-23 05:00:00,10.6,1.5,569.5,0.25
2024-11-23 06:00:00,9.45,1.5,165.0,0.25
2024-11-23 07:00:00,8.9,2.1,140.0,0.0
2024-11-23 08:00:00,8.9,0.0,999.0,0.0
2024-11-23 09:00:00,8.600000000000001,0.75,559.5,0.0
2024-11-23 10:00:00,7.8,1.5,140.0,0.0
2024-11-23 11:00:00,6.1,1.5,140.0,0.0
2024-11-23 12:00:00,6.4,1.5,135.0,0.0
2024-11-23 13:00:00,7.8,1.5,110.0,0.25
2024-11-23 14:00:00,12.2,2.6,160.0,0.25
2024-11-23 15:00:00,13.899999999999999,3.5999999999999996,175.0,0.25
2024-11-23 16:00:00,19.4,6.2,180.0,0.5
2024-11-23 17:00:00,21.1,5.7,180.0,0.5
2024-11-23 18:00:00,22.200000000000003,6.2,185.0,0.375
2024-11-23 19:00:00,23.3,6.7,170.0,0.25
2024-11-23 20:00:00,23.3,6.2,170.0,0.25
2024-11-23 21:00:00,23.05,6.7,170.0,0.25
2024-11-23 22:00:00,21.7,5.7,170.0,0.25
2024-11-23 23:00:00,18.9,4.6,150.0,0.25
2024-11-24 00:00:00,18.9,4.85,150.0,0.375
2024-11-24 01:00:00,17.8,5.7,160.0,
2024-11-24 02:00:00,17.2,5.1,160.0,
2024-11-24 03:00:00,16.95,5.65,160.0,0.75
2024-11-24 04:00:00,16.1,4.6,160.0,0.5
2024-11-24 05:00:00,16.1,6.7,584.5,0.25
2024-11-24 06:00:00,15.850000000000001,6.2,170.0,0.25
2024-11-24 07:00:00,15.6,5.7,170.0,0.0
2024-11-24 08:00:00,15.6,6.2,170.0,0.0
2024-11-24 09:00:00,15.0,5.95,170.0,0.0
2024-11-24 10:00:00,15.0,5.7,170.0,0.25
2024-11-24 11:00:00,15.850000000000001,7.45,190.0,
2024-11-24 12:00:00,16.5,7.733333333333333,186.66666666666666,1.0
2024-11-24 13:00:00,17.2,7.2,190.0,
2024-11-24 14:00:00,18.3,7.2,190.0,
2024-11-24 15:00:00,19.15,7.45,180.0,1.0
2024-11-24 16:00:00,21.7,8.8,190.0,
2024-11-24 17:00:00,23.3,7.7,180.0,
2024-11-24 18:00:00,24.15,8.5,185.0,0.75
2024-11-24 19:00:00,25.6,8.8,180.0,
2024-11-24 20:00:00,26.1,8.8,190.0,
2024-11-24 21:00:00,26.1,9.3,190.0,0.625
2024-11-24 22:00:00,25.6,6.7,190.0,0.25
2024-11-24 23:00:00,24.4,6.2,170.0,0.25
2024-11-25 00:00:00,23.6,5.95,180.0,0.25
2024-11-25 01:00:00,21.1,5.1,180.0,0.25
2024-11-25 02:00:00,21.7,6.2,190.0,0.25
2024-11-25 03:00:00,21.7,6.2,190.0,0.25
2024-11-25 04:00:00,20.0,5.7,190.0,0.25
2024-11-25 05:00:00,20.0,5.7,589.5,0.5
2024-11-25 06:00:00,19.7,6.7,190.0,0.375
2024-11-25 07:00:00,19.4,8.2,200.0,0.0
2024-11-25 08:00:00,18.3,7.2,200.0,0.25
2024-11-25 09:00:00,17.5,5.9,195.0,0.25
2024-11-25 10:00:00,16.7,4.1,190.0,0.5
2024-11-25 11:00:00,15.6,1.5,190.0,0.5
2024-11-25 12:00:00,15.3,2.3,190.0,0.5
2024-11-25 13:00:00,17.2,4.6,270.0,
2024-11-25 14:00:00,13.9,10.8,340.0,
2024-11-25 15:00:00,11.966666666666667,10.3,343.3333333333333,1.0
2024-11-25 16:00:00,10.6,10.8,330.0,
2024-11-25 17:00:00,10.6,9.3,340.0,
2024-11-25 18:00:00,10.6,8.75,335.0,1.0
2024-11-25 19:00:00,11.1,9.8,330.0,
2024-11-25 20:00:00,10.6,9.8,340.0,
2024-11-25 21:00:00,10.85,9.0,335.0,1.0
2024-11-25 22:00:00,10.85,7.699999999999999,335.0,
2024-11-25 23:00:00,10.6,6.2,340.0,
2024-11-26 00:00:00,10.3,5.4,345.0,1.0
2024-11-26 01:00:00,10.0,4.1,330.0,
2024-11-26 02:00:00,8.9,4.6,330.0,0.5
2024-11-26 03:00:00,8.600000000000001,4.85,335.0,0.5
2024-11-26 04:00:00,7.8,5.1,340.0,0.25
2024-11-26 05:00:00,6.7,5.1,669.5,0.25
2024-11-26 06:00:00,6.7,4.85,350.0,0.25
2024-11-26 07:00:00,6.1,4.1,350.0,0.25
2024-11-26 08:00:00,4.4,3.6,330.0,0.0
2024-11-26 09:00:00,4.4,3.8499999999999996,335.0,0.25
2024-11-26 10:00:00,3.9,3.6,350.0,0.25
2024-11-26 11:00:00,3.3,3.1,340.0,0.25
2024-11-26 12:00:00,3.3,3.35,340.0,0.375
2024-11-26 13:00:00,3.3,2.1,20.0,
2024-11-26 14:00:00,7.2,2.1,10.0,
2024-11-26 15:00:00,7.75,2.1,35.0,0.75
2024-11-26 16:00:00,9.4,0.0,999.0,0.5
2024-11-26 17:00:00,11.7,2.6,190.0,0.25
2024-11-26 18:00:00,12.25,2.35,185.0,0.25
2024-11-26 19:00:00,14.4,3.1,170.0,0.25
2024-11-26 20:00:00,15.0,3.1,170.0,0.25
2024-11-26 21:00:00,15.6,2.6,180.0,0.25
2024-11-26 22:00:00,15.0,4.1,150.0,0.25
2024-11-26 23:00:00,13.3,3.6,140.0,0.25
2024-11-27 00:00:00,13.05,3.6,145.0,0.25
2024-11-27 01:00:00,12.2,3.1,150.0,0.5
2024-11-27 02:00:00,11.7,2.1,150.0,0.5
2024-11-27 03:00:00,11.399999999999999,2.35,150.0,0.5
2024-11-27 04:00:00,10.6,2.6,150.0,
2024-11-27 05:00:00,11.1,2.6,579.5,
2024-11-27 06:00:00,12.2,4.15,170.0,0.75
2024-11-27 07:00:00,13.9,6.7,190.0,
2024-11-27 08:00:00,13.3,6.2,190.0,
2024-11-27 09:00:00,13.3,6.7,190.0,0.75
2024-11-27 10:00:00,12.8,5.7,180.0,
2024-11-27 11:00:00,13.3,5.1,180.0,
2024-11-27 12:00:00,13.05,4.6,185.0,0.625
2024-11-27 13:00:00,13.9,6.2,190.0,
2024-11-27 14:00:00,15.0,6.7,200.0,
2024-11-27 15:00:00,16.1,7.449999999999999,205.0,1.0
2024-11-27 16:00:00,20.0,7.7,210.0,
2024-11-27 17:00:00,22.8,6.7,210.0,
2024-11-27 18:00:00,24.450000000000003,7.449999999999999,220.0,0.75
2024-11-27 19:00:00,27.2,6.7,230.0,
2024-11-27 20:00:00,27.8,6.2,240.0,
2024-11-27 21:00:00,27.25,5.65,240.0,0.75
2024-11-27 22:00:00,25.0,11.05,330.0,
2024-11-27 23:00:00,20.6,10.3,330.0,
2024-11-28 00:00:00,18.35,9.0,330.0,1.0
2024-11-28 01:00:00,13.9,9.8,340.0,
2024-11-28 02:00:00,13.3,7.2,340.0,
2024-11-28 03:00:00,13.05,7.2,345.0,0.75
2024-11-28 04:00:00,12.2,8.2,350.0,
2024-11-28 05:00:00,11.7,7.2,674.5,
2024-11-28 06:00:00,11.149999999999999,7.2,345.0,1.0
2024-11-28 07:00:00,10.0,5.7,340.0,
2024-11-28 08:00:00,10.0,6.7,350.0,
2024-11-28 09:00:00,9.7,7.2,350.0,1.0
2024-11-28 10:00:00,8.3,7.2,10.0,
2024-11-28 11:00:00,7.8,5.7,350.0,
2024-11-28 12:00:00,7.5,5.95,345.0,1.0
2024-11-28 13:00:00,7.2,7.2,340.0,
2024-11-28 14:00:00,7.8,8.8,360.0,
2024-11-28 15:00:00,8.05,9.3,190.0,0.75
2024-11-28 16:00:00,8.3,7.7,20.0,
2024-11-28 17:00:00,8.3,7.7,360.0,
2024-11-28 18:00:00,8.850000000000001,6.7,190.0,1.0
2024-11-28 19:00:00,10.0,7.2,360.0,
2024-11-28 20:00:00,10.0,7.2,10.0,
2024-11-28 21:00:00,10.0,6.45,180.0,0.75
2024-11-28 22:00:00,8.9,5.7,360.0,
2024-11-28 23:00:00,8.3,5.7,10.0,
2024-11-29 00:00:00,8.3,5.15,10.0,0.75
2024-11-29 01:00:00,7.2,3.1,360.0,
2024-11-29 02:00:00,7.8,5.1,20.0,
2024-11-29 03:00:00,7.5,5.1,20.0,0.75
2024-11-29 04:00:00,6.7,5.7,20.0,
2024-11-29 05:00:00,5.0,3.6,509.5,
2024-11-29 06:00:00,4.7,3.6,25.0,0.625
2024-11-29 07:00:00,3.3,3.6,40.0,0.5
2024-11-29 08:00:00,2.8,2.1,40.0,0.25
2024-11-29 09:00:00,3.05,2.85,35.0,0.25
2024-11-29 10:00:00,1.7,2.1,30.0,0.25
2024-11-29 11:00:00,2.2,4.1,30.0,0.5
2024-11-29 12:00:00,1.6500000000000001,3.3499999999999996,25.0,0.375
2024-11-29 13:00:00,2.8,1.5,350.0,0.25
2024-11-29 14:00:00,5.0,1.5,999.0,0.25
2024-11-29 15:00:00,5.85,1.5,999.0,0.25
2024-11-29 16:00:00,8.9,0.0,999.0,0.25
2024-11-29 17:00:00,10.0,1.5,10.0,0.25
2024-11-29 18:00:00,10.3,2.05,504.5,0.25
2024-11-29 19:00:00,11.7,2.1,10.0,0.5
2024-11-29 20:00:00,11.7,2.1,130.0,
2024-11-29 21:00:00,11.95,1.05,564.5,0.75
2024-11-29 22:00:00,10.6,1.5,150.0,
2024-11-29 23:00:00,10.0,0.0,999.0,
2024-11-30 00:00:00,9.45,0.0,999.0,0.75
2024-11-30 01:00:00,7.8,2.1,150.0,
2024-11-30 02:00:00,7.2,2.6,160.0,0.5
2024-11-30 03:00:00,6.4,2.6,165.0,0.5
2024-11-30 04:00:00,5.6,1.5,150.0,0.5
2024-11-30 05:00:00,5.6,2.6,574.5,0.5
2024-11-30 06:00:00,5.0,2.85,155.0,0.5
2024-11-30 07:00:00,4.4,2.6,160.0,0.5
2024-11-30 08:00:00,3.9,1.5,150.0,0.5
2024-11-30 09:00:00,3.5999999999999996,2.05,145.0,0.5
2024-11-30 10:00:00,3.9,4.1,170.0,0.5
2024-11-30 11:00:00,3.3,2.1,160.0,0.5
2024-11-30 12:00:00,3.05,2.35,180.0,0.5
2024-11-30 13:00:00,3.3,2.6,190.0,
2024-11-30 14:00:00,6.1,6.2,190.0,
2024-11-30 15:00:00,7.5,6.45,190.0,0.75
2024-11-30 16:00:00,10.0,6.2,180.0,0.5
2024-11-30 17:00:00,11.7,4.6,190.0,0.25
2024-11-30 18:00:00,12.5,4.85,200.0,0.25
2024-11-30 19:00:00,14.4,4.6,190.0,0.5
2024-11-30 20:00:00,15.6,4.6,240.0,0.5
2024-11-30 21:00:00,15.3,4.1,215.0,0.375
2024-11-30 22:00:00,13.9,3.1,200.0,0.25
2024-11-30 23:00:00,12.2,2.1,170.0,0.25
2024-12-01 00:00:00,10.6,2.1,170.0,0.25
2024-12-01 01:00:00,9.4,0.0,999.0,0.25
2024-12-01 02:00:00,7.8,1.5,150.0,0.25
2024-12-01 03:00:00,8.3,2.6,200.0,0.25
2024-12-01 04:00:00,7.2,1.5,230.0,0.25
2024-12-01 05:00:00,6.7,0.0,999.0,0.25
2024-12-01 06:00:00,4.4,2.1,210.0,
2024-12-01 07:00:00,5.0,4.6,350.0,
2024-12-01 08:00:00,4.4,2.6,350.0,
2024-12-01 09:00:00,3.9,2.1,20.0,
2024-12-01 10:00:00,3.9,1.5,10.0,
2024-12-01 11:00:00,3.3,2.6,10.0,
2024-12-01 12:00:00,2.8,2.6,20.0,
2024-12-01 13:00:00,4.4,0.0,999.0,
2024-12-01 14:00:00,7.2,2.6,30.0,
2024-12-01 15:00:00,10.0,1.5,999.0,
2024-12-01 16:00:00,12.2,2.1,70.0,
2024-12-01 17:00:00,15.0,2.1,80.0,
2024-12-01 18:00:00,16.1,3.1,80.0,
2024-12-01 19:00:00,17.2,2.6,80.0,
2024-12-01 20:00:00,17.2,0.0,999.0,
2024-12-01 21:00:00,17.8,2.1,70.0,0.0
2024-12-01 22:00:00,16.1,0.0,999.0,0.0
2024-12-01 23:00:00,12.8,2.6,50.0,0.0
2024-12-02 00:00:00,11.95,2.05,35.0,0.0
2024-12-02 01:00:00,11.1,0.0,999.0,0.0
2024-12-02 02:00:00,9.4,2.6,350.0,0.0
2024-12-02 03:00:00,8.850000000000001,3.3499999999999996,350.0,0.0
2024-12-02 04:00:00,7.8,2.6,340.0,0.0
2024-12-02 05:00:00,6.7,3.6,669.5,0.25
2024-12-02 06:00:00,6.15,3.1,350.0,0.25
2024-12-02 07:00:00,6.1,2.6,350.0,0.0
2024-12-02 08:00:00,4.4,2.6,350.0,0.0
2024-12-02 09:00:00,4.4,3.1,350.0,0.0
2024-12-02 10:00:00,3.9,3.1,350.0,0.0
2024-12-02 11:00:00,4.4,3.6,340.0,0.0
2024-12-02 12:00:00,4.15,2.85,345.0,0.25
2024-12-02 13:00:00,4.4,2.6,350.0,0.25
2024-12-02 14:00:00,8.3,1.5,360.0,0.25
2024-12-02 15:00:00,9.7,1.5,195.0,0.25
2024-12-02 16:00:00,13.3,0.0,999.0,0.25
2024-12-02 17:00:00,15.6,0.0,999.0,0.25
2024-12-02 18:00:00,16.7,1.3,999.0,0.25
2024-12-02 19:00:00,17.8,1.5,260.0,0.25
2024-12-02 20:00:00,18.3,2.6,50.0,0.25
2024-12-02 21:00:00,18.3,2.35,30.0,0.25
2024-12-02 22:00:00,15.6,2.6,40.0,0.25
2024-12-02 23:00:00,13.9,1.5,50.0,0.25
2024-12-03 00:00:00,13.350000000000001,1.8,30.0,0.125
2024-12-03 01:00:00,12.2,2.1,10.0,0.0
2024-12-03 02:00:00,11.1,0.0,999.0,0.0
2024-12-03 03:00:00,10.25,1.3,504.5,0.0
2024-12-03 04:00:00,8.9,5.1,10.0,0.0
2024-12-03 05:00:00,7.8,3.6,514.5,0.0
2024-12-03 06:00:00,6.949999999999999,3.35,25.0,0.0
2024-12-03 07:00:00,6.1,3.6,30.0,0.0
2024-12-03 08:00:00,5.6,1.5,10.0,0.0
2024-12-03 09:00:00,4.449999999999999,2.05,185.0,0.25
2024-12-03 10:00:00,3.3,2.1,10.0,0.25
2024-12-03 11:00:00,3.3,3.6,20.0,0.25
2024-12-03 12:00:00,2.75,3.6,25.0,0.25
2024-12-03 13:00:00,2.8,3.1,20.0,0.25
2024-12-03 14:00:00,5.6,2.6,40.0,0.25
2024-12-03 15:00:00,5.6,2.6,40.0,0.25
2024-12-03 16:00:00,10.0,1.5,999.0,0.25
2024-12-03 17:00:00,,,,
2024-12-03 18:00:00,,,,
2024-12-03 19:00:00,,,,
2024-12-03 20:00:00,,,,
2024-12-03 21:00:00,16.1,2.6,130.0,0.25
2024-12-03 22:00:00,,,,
2024-12-03 23:00:00,12.8,2.6,130.0,0.5
2024-12-04 00:00:00,11.95,2.6,125.0,0.5
2024-12-04 01:00:00,12.2,2.1,110.0,
2024-12-04 02:00:00,11.7,2.6,130.0,
2024-12-04 03:00:00,11.149999999999999,3.1,135.0,0.75
2024-12-04 04:00:00,11.7,3.6,140.0,
2024-12-04 05:00:00,10.6,2.6,564.5,
2024-12-04 06:00:00,10.85,3.1,140.0,0.75
2024-12-04 07:00:00,11.7,3.6,160.0,
2024-12-04 08:00:00,11.1,4.6,170.0,
2024-12-04 09:00:00,11.1,3.8499999999999996,165.0,1.0
2024-12-04 10:00:00,11.1,2.1,150.0,
2024-12-04 11:00:00,11.1,2.6,170.0,
2024-12-04 12:00:00,10.425,1.8,387.25,1.0
2024-12-04 13:00:00,10.1,1.45,356.5,
2024-12-04 14:00:00,10.0,2.6,340.0,
2024-12-04 15:00:00,10.3,2.35,205.0,1.0
2024-12-04 16:00:00,10.85,2.1,90.0,
2024-12-04 17:00:00,11.1,1.5,120.0,
2024-12-04 18:00:00,11.1,1.125,324.75,1.0
2024-12-04 19:00:00,11.1,0.0,999.0,
2024-12-04 20:00:00,11.1,1.5,90.0,
2024-12-04 21:00:00,11.25,2.95,125.0,1.0
2024-12-04 22:00:00,11.699999999999998,2.9333333333333336,136.66666666666666,
2024-12-04 23:00:00,11.7,1.5,170.0,
2024-12-05 00:00:00,11.7,2.3,165.0,1.0
2024-12-05 01:00:00,12.2,0.0,999.0,
2024-12-05 02:00:00,12.2,0.0,999.0,
2024-12-05 03:00:00,11.866666666666665,0.0,999.0,1.0
2024-12-05 04:00:00,11.7,1.5,10.0,
2024-12-05 05:00:00,12.2,3.8499999999999996,569.6666666666666,
2024-12-05 06:00:00,11.95,5.15,185.0,1.0
2024-12-05 07:00:00,11.7,3.6,20.0,
2024-12-05 08:00:00,11.1,4.6,10.0,
2024-12-05 09:00:00,10.766666666666666,4.1,13.333333333333334,0.75
2024-12-05 10:00:00,10.0,4.1,10.0,
2024-12-05 11:00:00,9.15,3.8499999999999996,185.0,0.375
2024-12-05 12:00:00,8.9,4.6,185.0,0.375
2024-12-05 13:00:00,8.9,5.7,20.0,
2024-12-05 14:00:00,10.0,7.2,30.0,
2024-12-05 15:00:00,10.55,7.45,25.0,0.75
2024-12-05 16:00:00,10.6,8.2,20.0,
2024-12-05 17:00:00,12.8,6.7,10.0,
2024-12-05 18:00:00,12.5,6.45,20.0,0.75
2024-12-05 19:00:00,12.8,7.2,10.0,
2024-12-05 20:00:00,11.7,6.2,20.0,
2024-12-05 21:00:00,11.149999999999999,6.45,15.0,0.75
2024-12-05 22:00:00,10.0,6.2,10.0,
2024-12-05 23:00:00,8.9,4.1,10.0,
2024-12-06 00:00:00,8.600000000000001,4.35,20.0,0.75
2024-12-06 01:00:00,7.2,4.1,30.0,0.5
2024-12-06 02:00:00,6.1,3.6,30.0,0.25
2024-12-06 03:00:00,5.55,3.8499999999999996,30.0,0.25
2024-12-06 04:00:00,3.9,3.6,30.0,0.25
2024-12-06 05:00:00,2.8,3.6,509.5,0.25
2024-12-06 06:00:00,2.5,3.6,20.0,0.375
2024-12-06 07:00:00,1.7,3.1,10.0,0.5
2024-12-06 08:00:00,1.1,3.1,10.0,0.5
2024-12-06 09:00:00,1.1,3.35,20.0,0.375
2024-12-06 10:00:00,0.6,2.6,20.0,0.25
2024-12-06 11:00:00,0.0,3.1,360.0,0.25
2024-12-06 12:00:00,0.0,3.1,185.0,0.25
2024-12-06 13:00:00,0.6,2.6,20.0,0.25
2024-12-06 14:00:00,2.8,2.1,50.0,0.0
2024-12-06 15:00:00,3.6,2.6,80.0,0.25
2024-12-06 16:00:00,6.1,3.1,120.0,0.25
2024-12-06 17:00:00,7.8,2.6,70.0,0.25
2024-12-06 18:00:00,8.6,2.35,85.0,0.375
2024-12-06 19:00:00,10.0,3.6,100.0,0.5
2024-12-06 20:00:00,10.6,2.6,100.0,
2024-12-06 21:00:00,10.6,2.05,80.0,0.75
2024-12-06 22:00:00,10.0,0.0,999.0,
2024-12-06 23:00:00,9.4,1.5,110.0,
2024-12-07 00:00:00,9.4,1.5,110.0,0.75
2024-12-07 01:00:00,9.4,0.0,999.0,
2024-12-07 02:00:00,8.9,1.5,150.0,
2024-12-07 03:00:00,8.9,2.05,155.0,1.0
2024-12-07 04:00:00,8.3,2.1,190.0,
2024-12-07 05:00:00,7.8,0.0,999.0,
2024-12-07 06:00:00,7.8,0.75,574.5,1.0
2024-12-07 07:00:00,7.8,2.1,130.0,
2024-12-07 08:00:00,7.8,3.6,150.0,
2024-12-07 09:00:00,7.8,3.6,155.0,1.0
2024-12-07 10:00:00,7.2,0.0,999.0,
2024-12-07 11:00:00,6.7,2.1,160.0,
2024-12-07 12:00:00,6.7,2.35,160.0,0.75
2024-12-07 13:00:00,7.2,2.6,150.0,
2024-12-07 14:00:00,6.85,3.6,170.0,
2024-12-07 15:00:00,6.866666666666667,4.1,176.66666666666666,1.0
2024-12-07 16:00:00,7.8,4.1,160.0,
2024-12-07 17:00:00,8.3,3.1,200.0,
2024-12-07 18:00:00,8.3,1.55,599.5,1.0
2024-12-07 19:00:00,8.3,1.5,160.0,
2024-12-07 20:00:00,7.8,2.6,200.0,
2024-12-07 21:00:00,7.3999999999999995,2.6,173.33333333333334,1.0
2024-12-07 22:00:00,6.866666666666667,2.766666666666667,156.66666666666666,
2024-12-07 23:00:00,6.7,3.35,157.5,
2024-12-08 00:00:00,6.7,4.225,155.0,1.0
2024-12-08 01:00:00,7.2,4.1,160.0,
2024-12-08 02:00:00,7.2,3.6,170.0,
2024-12-08 03:00:00,7.2,3.6,170.0,1.0
2024-12-08 04:00:00,7.8,3.1,170.0,
2024-12-08 05:00:00,7.5,3.1,449.6666666666667,
2024-12-08 06:00:00,7.2,3.266666666666667,170.0,1.0
2024-12-08 07:00:00,7.5,4.1,155.0,
2024-12-08 08:00:00,7.8,3.6,160.0,
2024-12-08 09:00:00,7.8,3.766666666666666,166.66666666666666,1.0
2024-12-08 10:00:00,7.8,3.1,170.0,
2024-12-08 11:00:00,7.8,2.85,165.0,
2024-12-08 12:00:00,7.8,2.9333333333333336,150.0,1.0
2024-12-08 13:00:00,7.8,3.35,170.0,
2024-12-08 14:00:00,7.8,3.6,166.66666666666666,
2024-12-08 15:00:00,8.05,3.6,165.0,1.0
2024-12-08 16:00:00,8.9,3.8499999999999996,175.0,
2024-12-08 17:00:00,10.0,5.7,210.0,
2024-12-08 18:00:00,10.3,5.95,210.0,1.0
2024-12-08 19:00:00,11.399999999999999,4.85,205.0,
2024-12-08 20:00:00,13.3,3.1,210.0,
2024-12-08 21:00:00,13.600000000000001,3.8499999999999996,185.0,0.5
2024-12-08 22:00:00,12.8,5.7,170.0,0.25
2024-12-08 23:00:00,11.7,3.6,160.0,0.25
2024-12-09 00:00:00,11.7,3.6,165.0,0.25
2024-12-09 01:00:00,11.7,3.8499999999999996,175.0,
2024-12-09 02:00:00,11.1,5.4,180.0,0.375
2024-12-09 03:00:00,10.85,5.7,185.0,0.25
2024-12-09 04:00:00,10.6,4.1,190.0,0.5
2024-12-09 05:00:00,11.1,3.6,584.5,0.5
2024-12-09 06:00:00,10.55,3.1,175.0,0.5
2024-12-09 07:00:00,10.6,3.6,170.0,0.25
2024-12-09 08:00:00,10.6,3.6,160.0,0.5
2024-12-09 09:00:00,10.6,3.1,160.0,0.5
2024-12-09 10:00:00,8.3,2.1,150.0,0.5
2024-12-09 11:00:00,8.05,2.6,150.0,0.5
2024-12-09 12:00:00,8.216666666666667,2.85,143.33333333333334,0.625
2024-12-09 13:00:00,9.15,4.1,165.0,
2024-12-09 14:00:00,10.0,4.1,155.0,
2024-12-09 15:00:00,10.120000000000001,3.6,158.0,1.0
2024-12-09 16:00:00,12.433333333333332,3.266666666666667,160.0,0.375
2024-12-09 17:00:00,16.7,3.6,180.0,0.5
2024-12-09 18:00:00,17.5,2.85,180.0,0.375
2024-12-09 19:00:00,20.6,2.1,320.0,0.25
2024-12-09 20:00:00,22.2,3.6,300.0,0.25
2024-12-09 21:00:00,21.95,4.1,325.0,0.125
2024-12-09 22:00:00,18.3,4.6,350.0,0.0
2024-12-09 23:00:00,16.7,8.2,320.0,0.25
2024-12-10 00:00:00,14.166666666666666,6.866666666666667,340.0,0.08333333333333333
2024-12-10 01:00:00,11.7,5.1,340.0,0.0
2024-12-10 02:00:00,11.7,4.1,320.0,0.0
2024-12-10 03:00:00,11.149999999999999,4.9,320.0,0.25
2024-12-10 04:00:00,10.0,4.6,330.0,0.25
2024-12-10 05:00:00,10.55,5.15,556.3333333333334,
2024-12-10 06:00:00,10.6,4.35,350.0,0.5
2024-12-10 07:00:00,10.3,3.5999999999999996,355.0,
2024-12-10 08:00:00,9.4,4.1,350.0,
2024-12-10 09:00:00,10.0,4.35,350.0,0.75
2024-12-10 10:00:00,9.15,5.65,345.0,0.25
2024-12-10 11:00:00,8.9,5.4,340.0,
2024-12-10 12:00:00,8.35,6.45,345.0,0.75
2024-12-10 13:00:00,6.95,7.949999999999999,345.0,0.5
2024-12-10 14:00:00,7.2,8.2,360.0,0.0
2024-12-10 15:00:00,7.75,8.75,360.0,0.25
2024-12-10 16:00:00,9.4,10.8,350.0,0.5
2024-12-10 17:00:00,9.4,9.8,330.0,
2024-12-10 18:00:00,8.850000000000001,9.3,335.0,0.75
2024-12-10 19:00:00,7.8,9.3,340.0,
2024-12-10 20:00:00,8.3,8.8,340.0,
2024-12-10 21:00:00,8.3,8.8,330.0,1.0
2024-12-10 22:00:00,8.3,7.2,330.0,
2024-12-10 23:00:00,7.8,7.7,320.0,
2024-12-11 00:00:00,7.25,6.7,320.0,0.5
2024-12-11 01:00:00,6.7,5.7,310.0,0.25
2024-12-11 02:00:00,6.7,4.1,300.0,0.0
2024-12-11 03:00:00,6.4,4.1,300.0,0.0
2024-12-11 04:00:00,5.6,5.1,290.0,0.0
2024-12-11 05:00:00,4.4,4.1,644.5,0.0
2024-12-11 06:00:00,4.15,4.35,285.0,0.0
2024-12-11 07:00:00,2.8,3.6,260.0,0.0
2024-12-11 08:00:00,2.8,4.1,250.0,0.0
2024-12-11 09:00:00,2.8,4.6,250.0,0.0
2024-12-11 10:00:00,1.7,4.1,260.0,0.0
2024-12-11 11:00:00,1.7,3.1,260.0,0.0
2024-12-11 12:00:00,1.9500000000000002,2.85,255.0,0.0
2024-12-11 13:00:00,3.3,2.6,260.0,0.0
2024-12-11 14:00:00,7.8,3.1,320.0,0.0
2024-12-11 15:00:00,8.6,3.1,315.0,0.0
2024-12-11 16:00:00,11.7,3.1,270.0,0.0
2024-12-11 17:00:00,12.8,3.1,310.0,0.0
2024-12-11 18:00:00,13.350000000000001,3.35,295.0,0.0
2024-12-11 19:00:00,15.0,0.0,999.0,0.0
2024-12-11 20:00:00,16.1,3.1,270.0,0.0
2024-12-11 21:00:00,15.850000000000001,3.35,250.0,0.25
2024-12-11 22:00:00,14.4,2.6,220.0,0.25
2024-12-11 23:00:00,11.1,2.1,190.0,0.25
2024-12-12 00:00:00,10.85,2.35,180.0,0.25
2024-12-12 01:00:00,10.0,3.6,170.0,0.5
2024-12-12 02:00:00,7.2,3.1,170.0,
2024-12-12 03:00:00,6.95,3.1,180.0,0.625
2024-12-12 04:00:00,6.1,4.1,190.0,0.25
2024-12-12 05:00:00,5.6,4.6,594.5,0.25
2024-12-12 06:00:00,6.699999999999999,5.4,195.0,0.25
2024-12-12 07:00:00,6.1,4.6,190.0,0.5
2024-12-12 08:00:00,5.0,4.1,190.0,0.25
2024-12-12 09:00:00,4.45,3.8499999999999996,185.0,0.25
2024-12-12 10:00:00,5.6,5.1,170.0,0.5
2024-12-12 11:00:00,3.9,4.6,190.0,0.5
2024-12-12 12:00:00,3.5999999999999996,4.35,185.0,0.5
2024-12-12 13:00:00,5.6,4.1,180.0,
2024-12-12 14:00:00,8.9,5.7,190.0,
2024-12-12 15:00:00,10.55,5.95,185.0,0.75
2024-12-12 16:00:00,13.9,8.2,180.0,
2024-12-12 17:00:00,15.6,9.3,180.0,
2024-12-12 18:00:00,15.850000000000001,10.3,190.0,0.75
2024-12-12 19:00:00,16.1,10.8,180.0,
2024-12-12 20:00:00,15.6,9.8,170.0,
2024-12-12 21:00:00,15.3,8.25,170.0,0.75
2024-12-12 22:00:00,13.9,3.6,160.0,
2024-12-12 23:00:00,12.2,3.6,150.0,
2024-12-13 00:00:00,12.2,4.1,150.0,1.0
2024-12-13 01:00:00,12.8,4.6,150.0,
2024-12-13 02:00:00,12.2,5.7,140.0,
2024-12-13 03:00:00,12.2,6.45,150.0,1.0
2024-12-13 04:00:00,12.2,5.1,160.0,
2024-12-13 05:00:00,12.2,7.2,579.5,
2024-12-13 06:00:00,11.95,6.95,160.0,1.0
2024-12-13 07:00:00,11.7,4.6,160.0,
2024-12-13 08:00:00,11.1,3.6,160.0,
2024-12-13 09:00:00,11.066666666666668,5.166666666666667,150.0,1.0
2024-12-13 10:00:00,11.066666666666668,5.666666666666667,143.33333333333334,
2024-12-13 11:00:00,11.1,4.6,150.0,
2024-12-13 12:00:00,11.1,5.65,145.0,1.0
2024-12-13 13:00:00,11.7,4.6,150.0,
2024-12-13 14:00:00,11.7,4.6,150.0,
2024-12-13 15:00:00,12.25,4.6,150.0,1.0
2024-12-13 16:00:00,13.3,6.2,160.0,
2024-12-13 17:00:00,13.9,5.7,150.0,
2024-12-13 18:00:00,14.15,6.7,150.0,1.0
2024-12-13 19:00:00,13.9,6.2,140.0,
2024-12-13 20:00:00,13.3,5.15,135.0,
2024-12-13 21:00:00,13.133333333333335,5.466666666666666,136.66666666666666,1.0
2024-12-13 22:00:00,12.8,4.1,130.0,
2024-12-13 23:00:00,12.800000000000002,4.433333333333333,143.33333333333334,
2024-12-14 00:00:00,12.800000000000002,4.466666666666666,146.66666666666666,1.0
2024-12-14 01:00:00,13.3,5.15,140.0,
2024-12-14 02:00:00,13.600000000000001,6.45,140.0,
2024-12-14 03:00:00,13.3,6.7,145.0,1.0
2024-12-14 04:00:00,13.9,7.2,150.0,
2024-12-14 05:00:00,14.4,6.7,579.5,
2024-12-14 06:00:00,14.6,6.366666666666667,160.0,1.0
2024-12-14 07:00:00,15.0,4.6,160.0,
2024-12-14 08:00:00,15.45,4.625,167.5,
2024-12-14 09:00:00,15.6,4.8,180.0,1.0
2024-12-14 10:00:00,15.6,4.35,190.0,
2024-12-14 11:00:00,16.1,4.6,180.0,
2024-12-14 12:00:00,16.4,4.1,195.0,1.0
2024-12-14 13:00:00,17.2,4.6,210.0,
2024-12-14 14:00:00,17.8,3.6,220.0,
2024-12-14 15:00:00,18.5,4.966666666666666,236.66666666666666,0.5833333333333334
2024-12-14 16:00:00,20.0,5.7,290.0,0.25
2024-12-14 17:00:00,20.6,4.6,290.0,0.25
2024-12-14 18:00:00,21.15,4.85,305.0,0.125
2024-12-14 19:00:00,22.2,4.6,310.0,0.0
2024-12-14 20:00:00,22.8,4.6,300.0,0.0
2024-12-14 21:00:00,22.8,3.5999999999999996,325.0,0.25
2024-12-14 22:00:00,20.6,3.6,330.0,0.25
2024-12-14 23:00:00,16.1,2.6,360.0,0.25
2024-12-15 00:00:00,15.25,1.3,679.5,0.25
2024-12-15 01:00:00,13.9,0.0,999.0,0.25
2024-12-15 02:00:00,11.7,1.5,30.0,0.25
2024-12-15 03:00:00,11.399999999999999,0.75,514.5,0.25
2024-12-15 04:00:00,11.7,0.0,999.0,0.25
2024-12-15 05:00:00,11.1,0.0,999.0,0.5
2024-12-15 06:00:00,11.399999999999999,0.0,999.0,0.5
2024-12-15 07:00:00,10.0,0.0,999.0,
2024-12-15 08:00:00,11.1,0.0,999.0,
2024-12-15 09:00:00,11.399999999999999,1.05,524.5,0.75
2024-12-15 10:00:00,12.5,1.5,50.0,
2024-12-15 11:00:00,12.966666666666669,1.2,413.0,
2024-12-15 12:00:00,13.600000000000001,1.8,115.0,1.0
2024-12-15 13:00:00,13.5,0.5,706.0,
2024-12-15 14:00:00,13.9,0.0,999.0,
2024-12-15 15:00:00,14.833333333333334,1.0333333333333334,786.0,
2024-12-15 16:00:00,15.0,1.5,30.0,
2024-12-15 17:00:00,16.7,2.1,30.0,
2024-12-15 18:00:00,17.766666666666666,1.2,366.3333333333333,1.0
2024-12-15 19:00:00,20.55,0.0,999.0,
2024-12-15 20:00:00,24.4,8.8,180.0,
2024-12-15 21:00:00,24.4,9.05,185.0,0.75
2024-12-15 22:00:00,23.9,6.2,180.0,
2024-12-15 23:00:00,22.8,8.2,170.0,
2024-12-16 00:00:00,22.5,7.949999999999999,170.0,0.75
2024-12-16 01:00:00,21.7,6.2,170.0,
2024-12-16 02:00:00,21.1,5.7,180.0,
2024-12-16 03:00:00,21.1,4.9,175.0,0.75
2024-12-16 04:00:00,21.1,4.1,180.0,
2024-12-16 05:00:00,20.55,5.9,459.6666666666667,
2024-12-16 06:00:00,20.0,5.833333333333333,186.66666666666666,1.0
2024-12-16 07:00:00,20.0,4.1,170.0,
2024-12-16 08:00:00,20.0,6.2,180.0,
2024-12-16 09:00:00,20.0,6.2,185.0,1.0
2024-12-16 10:00:00,20.0,5.1,170.0,
2024-12-16 11:00:00,19.4,4.1,180.0,
2024-12-16 12:00:00,19.4,4.266666666666667,180.0,0.75
2024-12-16 13:00:00,19.4,4.1,185.0,
2024-12-16 14:00:00,20.0,6.7,190.0,
2024-12-16 15:00:00,20.733333333333334,6.7,196.66666666666666,0.75
2024-12-16 16:00:00,22.25,7.2,195.0,
2024-12-16 17:00:00,23.166666666666668,6.033333333333334,203.33333333333334,
2024-12-16 18:00:00,24.15,5.7,215.0,1.0
2024-12-16 19:00:00,24.7,5.1,185.0,
2024-12-16 20:00:00,25.0,6.7,170.0,
2024-12-16 21:00:00,24.066666666666666,4.966666666666667,220.0,0.75
2024-12-16 22:00:00,20.400000000000002,4.333333333333333,250.0,
2024-12-16 23:00:00,19.299999999999997,6.325,335.0,
2024-12-17 00:00:00,19.23333333333333,4.8,143.33333333333334,1.0
2024-12-17 01:00:00,16.7,5.1,40.0,0.5
2024-12-17 02:00:00,15.6,3.1,30.0,
2024-12-17 03:00:00,15.3,3.1,25.0,0.75
2024-12-17 04:00:00,13.3,2.1,30.0,0.5
2024-12-17 05:00:00,13.3,2.6,669.5,0.5
2024-12-17 06:00:00,13.05,3.1,340.0,0.5
2024-12-17 07:00:00,12.2,2.1,350.0,0.5
2024-12-17 08:00:00,12.2,2.6,350.0,
2024-12-17 09:00:00,12.2,2.6,350.0,0.75
2024-12-17 10:00:00,11.7,2.1,340.0,
2024-12-17 11:00:00,11.7,1.5,340.0,
2024-12-17 12:00:00,11.399999999999999,1.8,335.0,0.625
2024-12-17 13:00:00,11.1,2.1,350.0,0.5
2024-12-17 14:00:00,13.3,0.0,999.0,0.25
2024-12-17 15:00:00,14.15,1.425,602.0,0.375
2024-12-17 16:00:00,16.65,2.35,619.5,0.5
2024-12-17 17:00:00,19.4,2.1,180.0,0.5
2024-12-17 18:00:00,20.549999999999997,3.0999999999999996,200.0,0.5
2024-12-17 19:00:00,22.8,2.6,180.0,
2024-12-17 20:00:00,23.9,3.1,160.0,
2024-12-17 21:00:00,23.6,4.1,160.0,0.75
2024-12-17 22:00:00,22.8,5.1,160.0,
2024-12-17 23:00:00,21.7,4.6,160.0,
2024-12-18 00:00:00,21.4,4.6,165.0,0.625
2024-12-18 01:00:00,21.7,5.1,170.0,0.5
2024-12-18 02:00:00,21.1,4.6,180.0,0.5
2024-12-18 03:00:00,20.55,4.6,185.0,0.5
2024-12-18 04:00:00,19.4,4.6,180.0,
2024-12-18 05:00:00,19.4,4.1,599.5,
2024-12-18 06:00:00,19.15,3.8499999999999996,200.0,0.75
2024-12-18 07:00:00,18.9,5.1,210.0,
2024-12-18 08:00:00,18.3,5.7,220.0,
2024-12-18 09:00:00,16.4,8.5,335.0,
2024-12-18 10:00:00,12.566666666666668,10.133333333333335,240.0,
2024-12-18 11:00:00,11.7,7.2,360.0,
2024-12-18 12:00:00,11.1,7.2,350.0,
2024-12-18 13:00:00,10.0,6.2,340.0,
2024-12-18 14:00:00,10.0,8.2,350.0,0.25
2024-12-18 15:00:00,10.55,8.5,355.0,0.25
2024-12-18 16:00:00,12.2,8.8,350.0,0.25
2024-12-18 17:00:00,12.2,7.2,330.0,0.0
2024-12-18 18:00:00,12.75,7.2,345.0,0.25
2024-12-18 19:00:00,13.9,7.7,340.0,0.25
2024-12-18 20:00:00,14.4,6.2,350.0,0.25
2024-12-18 21:00:00,14.15,6.95,350.0,0.25
2024-12-18 22:00:00,12.2,5.7,10.0,0.25
2024-12-18 23:00:00,11.7,4.6,340.0,0.25
2024-12-19 00:00:00,10.85,5.15,340.0,0.25
2024-12-19 01:00:00,9.4,5.1,340.0,0.25
2024-12-19 02:00:00,8.3,2.6,320.0,0.25
2024-12-19 03:00:00,7.75,3.1,330.0,0.25
2024-12-19 04:00:00,6.1,3.6,340.0,0.25
2024-12-19 05:00:00,6.1,2.1,669.5,0.25
2024-12-19 06:00:00,5.55,2.1,345.0,0.125
2024-12-19 07:00:00,5.0,2.6,330.0,0.0
2024-12-19 08:00:00,3.9,2.1,340.0,0.0
2024-12-19 09:00:00,3.9,1.05,669.5,0.0
2024-12-19 10:00:00,3.3,0.0,999.0,0.0
2024-12-19 11:00:00,2.8,1.5,150.0,0.0
2024-12-19 12:00:00,3.05,0.75,574.5,0.25
2024-12-19 13:00:00,3.3,1.5,100.0,0.0
2024-12-19 14:00:00,6.1,0.0,999.0,0.0
2024-12-19 15:00:00,7.2,1.55,589.5,0.25
2024-12-19 16:00:00,11.1,5.7,180.0,0.25
2024-12-19 17:00:00,12.8,4.1,180.0,0.25
2024-12-19 18:00:00,13.9,4.1,185.0,0.25
2024-12-19 19:00:00,15.6,5.1,180.0,0.25
2024-12-19 20:00:00,16.7,2.6,210.0,0.25
2024-12-19 21:00:00,16.7,1.3,604.5,0.25
2024-12-19 22:00:00,15.6,2.6,190.0,0.5
2024-12-19 23:00:00,13.3,1.5,150.0,0.5
2024-12-20 00:00:00,12.75,1.5,120.0,0.5
2024-12-20 01:00:00,12.2,1.5,50.0,0.5
2024-12-20 02:00:00,11.1,2.6,20.0,0.5
2024-12-20 03:00:00,10.25,2.6,190.0,0.375
2024-12-20 04:00:00,8.9,3.1,340.0,0.25
2024-12-20 05:00:00,8.9,3.1,664.5,0.25
2024-12-20 06:00:00,8.05,3.35,335.0,0.25
2024-12-20 07:00:00,7.2,4.6,310.0,0.25
2024-12-20 08:00:00,6.7,4.1,320.0,0.25
2024-12-20 09:00:00,6.4,2.8,325.0,0.125
2024-12-20 10:00:00,5.6,4.1,330.0,0.0
2024-12-20 11:00:00,5.6,5.1,330.0,0.0
2024-12-20 12:00:00,5.6,5.65,345.0,0.0
2024-12-20 13:00:00,6.1,4.6,350.0,0.0
2024-12-20 14:00:00,8.3,6.2,360.0,0.0
2024-12-20 15:00:00,8.600000000000001,7.199999999999999,185.0,0.25
2024-12-20 16:00:00,10.6,7.7,20.0,0.25
2024-12-20 17:00:00,11.7,7.7,10.0,0.25
2024-12-20 18:00:00,11.95,7.2,15.0,0.25
2024-12-20 19:00:00,13.3,5.1,10.0,0.25
2024-12-20 20:00:00,13.9,4.1,10.0,0.25
2024-12-20 21:00:00,13.9,4.1,15.0,0.25
2024-12-20 22:00:00,12.2,3.6,30.0,0.25
2024-12-20 23:00:00,9.4,3.1,30.0,0.25
2024-12-21 00:00:00,8.6,3.1,40.0,0.125
2024-12-21 01:00:00,8.3,2.1,60.0,0.0
2024-12-21 02:00:00,6.1,1.5,90.0,0.0
2024-12-21 03:00:00,6.1,1.8,80.0,0.0
2024-12-21 04:00:00,5.0,3.1,70.0,0.0
2024-12-21 05:00:00,3.9,2.6,524.5,0.0
2024-12-21 06:00:00,3.3499999999999996,2.85,45.0,0.0
2024-12-21 07:00:00,2.2,2.1,70.0,0.0
2024-12-21 08:00:00,2.8,0.0,999.0,0.0
2024-12-21 09:00:00,1.95,0.75,524.5,0.0
2024-12-21 10:00:00,1.1,2.1,50.0,0.0
2024-12-21 11:00:00,1.1,2.6,70.0,0.0
2024-12-21 12:00:00,0.8500000000000001,2.35,80.0,0.0
2024-12-21 13:00:00,1.7,2.1,100.0,0.0
2024-12-21 14:00:00,3.9,4.6,100.0,0.0
2024-12-21 15:00:00,4.75,4.85,115.0,0.0
2024-12-21 16:00:00,6.7,5.1,150.0,0.25
2024-12-21 17:00:00,8.9,4.1,160.0,0.25
2024-12-21 18:00:00,9.45,3.5999999999999996,579.5,0.25
2024-12-21 19:00:00,11.1,2.1,120.0,0.25
2024-12-21 20:00:00,12.2,4.1,100.0,0.25
2024-12-21 21:00:00,12.2,3.5999999999999996,120.0,0.25
2024-12-21 22:00:00,11.7,3.1,100.0,0.25
2024-12-21 23:00:00,9.4,2.6,120.0,0.0
2024-12-22 00:00:00,8.850000000000001,2.35,130.0,0.0
2024-12-22 01:00:00,8.3,3.1,110.0,0.0
2024-12-22 02:00:00,7.2,2.1,110.0,0.0
2024-12-22 03:00:00,6.95,2.35,120.0,0.0
2024-12-22 04:00:00,7.2,3.1,120.0,
2024-12-22 05:00:00,6.7,3.1,569.5,
2024-12-22 06:00:00,6.15,3.1,140.0,0.625
2024-12-22 07:00:00,5.0,3.1,140.0,0.5
2024-12-22 08:00:00,5.0,3.6,140.0,0.25
2024-12-22 09:00:00,4.7,3.35,140.0,0.25
2024-12-22 10:00:00,3.9,2.1,120.0,0.25
2024-12-22 11:00:00,3.9,2.6,120.0,0.25
2024-12-22 12:00:00,3.5999999999999996,2.85,130.0,0.25
2024-12-22 13:00:00,4.4,3.1,140.0,0.25
2024-12-22 14:00:00,6.7,4.1,150.0,0.25
2024-12-22 15:00:00,7.5,4.1,160.0,0.25
2024-12-22 16:00:00,10.0,5.1,160.0,
2024-12-22 17:00:00,12.2,6.2,170.0,0.25
2024-12-22 18:00:00,13.3,6.45,170.0,0.25
2024-12-22 19:00:00,16.1,6.2,180.0,0.0
2024-12-22 20:00:00,16.7,5.1,140.0,0.0
2024-12-22 21:00:00,16.7,5.4,140.0,0.5
2024-12-22 22:00:00,16.1,4.1,160.0,
2024-12-22 23:00:00,15.6,5.7,160.0,
2024-12-23 00:00:00,15.3,6.2,155.0,0.75
2024-12-23 01:00:00,13.9,8.8,150.0,
2024-12-23 02:00:00,13.9,6.7,150.0,
2024-12-23 03:00:00,13.600000000000001,6.95,150.0,1.0
2024-12-23 04:00:00,12.8,7.2,160.0,
2024-12-23 05:00:00,12.8,5.7,579.5,
2024-12-23 06:00:00,12.8,5.95,160.0,0.75
2024-12-23 07:00:00,13.3,6.2,160.0,
2024-12-23 08:00:00,13.3,5.7,170.0,
2024-12-23 09:00:00,13.3,5.7,165.0,1.0
2024-12-23 10:00:00,12.8,5.7,160.0,
2024-12-23 11:00:00,12.8,5.7,160.0,
2024-12-23 12:00:00,12.8,5.15,160.0,1.0
2024-12-23 13:00:00,12.8,5.1,160.0,
2024-12-23 14:00:00,12.8,4.6,170.0,
2024-12-23 15:00:00,13.333333333333334,4.6,166.66666666666666,0.75
2024-12-23 16:00:00,15.3,5.15,170.0,
2024-12-23 17:00:00,17.2,8.0,175.0,
2024-12-23 18:00:00,17.775,7.725,177.5,1.0
2024-12-23 19:00:00,18.9,7.449999999999999,170.0,
2024-12-23 20:00:00,19.2,7.2,160.0,
2024-12-23 21:00:00,19.4,7.2,160.0,0.75
2024-12-23 22:00:00,19.4,5.1,150.0,
2024-12-23 23:00:00,18.9,6.7,140.0,
2024-12-24 00:00:00,18.6,5.9,130.0,0.75
2024-12-24 01:00:00,17.8,5.7,130.0,
2024-12-24 02:00:00,17.8,6.2,130.0,
2024-12-24 03:00:00,17.5,5.95,135.0,0.75
2024-12-24 04:00:00,17.2,5.1,150.0,
2024-12-24 05:00:00,17.2,5.4,433.0,
2024-12-24 06:00:00,17.2,5.9,155.0,1.0
2024-12-24 07:00:00,17.2,5.1,160.0,
2024-12-24 08:00:00,16.7,5.7,170.0,
2024-12-24 09:00:00,16.7,5.95,165.0,1.0
2024-12-24 10:00:00,16.7,5.7,160.0,
2024-12-24 11:00:00,16.1,5.1,160.0,
2024-12-24 12:00:00,16.1,5.65,160.0,1.0
2024-12-24 13:00:00,16.7,4.6,170.0,
2024-12-24 14:00:00,17.2,5.133333333333333,180.0,
2024-12-24 15:00:00,17.2,5.166666666666667,183.33333333333334,1.0
2024-12-24 16:00:00,16.66,4.1,421.8,
2024-12-24 17:00:00,16.7,3.4333333333333336,260.0,
2024-12-24 18:00:00,16.55,3.225,305.0,1.0
2024-12-24 19:00:00,15.975000000000001,2.2,424.75,
2024-12-24 20:00:00,15.0,4.6,330.0,
2024-12-24 21:00:00,15.0,3.5999999999999996,340.0,0.75
2024-12-24 22:00:00,15.8,2.35,320.0,
2024-12-24 23:00:00,16.7,2.1,999.0,
2024-12-25 00:00:00,15.425,4.0,489.75,1.0
2024-12-25 01:00:00,12.8,7.7,350.0,
2024-12-25 02:00:00,12.4,6.333333333333333,346.6666666666667,
2024-12-25 03:00:00,12.033333333333331,5.333333333333333,353.3333333333333,1.0
2024-12-25 04:00:00,11.7,6.2,340.0,
2024-12-25 05:00:00,11.1,3.6,679.5,
2024-12-25 06:00:00,11.399999999999999,3.6,355.0,1.0
2024-12-25 07:00:00,11.1,4.1,350.0,
2024-12-25 08:00:00,11.1,4.1,360.0,
2024-12-25 09:00:00,11.1,4.266666666666667,346.6666666666667,1.0
2024-12-25 10:00:00,10.6,3.6,340.0,
2024-12-25 11:00:00,10.6,3.6,330.0,
2024-12-25 12:00:00,10.6,4.1,335.0,1.0
2024-12-25 13:00:00,10.6,2.9333333333333336,236.66666666666666,
2024-12-25 14:00:00,11.1,2.1,350.0,
2024-12-25 15:00:00,11.1,2.35,330.0,1.0
2024-12-25 16:00:00,11.7,3.1,320.0,
2024-12-25 17:00:00,11.7,3.1,300.0,
2024-12-25 18:00:00,11.95,2.85,320.0,1.0
2024-12-25 19:00:00,12.2,0.75,514.5,
2024-12-25 20:00:00,12.8,1.5,40.0,
2024-12-25 21:00:00,12.8,0.75,519.5,1.0
2024-12-25 22:00:00,12.8,1.5,40.0,
2024-12-25 23:00:00,12.2,2.1,60.0,
2024-12-26 00:00:00,12.2,1.8,75.0,1.0
2024-12-26 01:00:00,12.5,2.1,90.0,
2024-12-26 02:00:00,12.8,0.0,999.0,
2024-12-26 03:00:00,12.800000000000002,0.5,699.3333333333334,1.0
2024-12-26 04:00:00,12.2,0.0,999.0,
2024-12-26 05:00:00,12.8,1.5,549.5,
2024-12-26 06:00:00,12.5,0.75,549.5,1.0
2024-12-26 07:00:00,12.2,0.0,999.0,
2024-12-26 08:00:00,12.2,0.0,999.0,
2024-12-26 09:00:00,12.6,1.2,459.6666666666667,1.0
2024-12-26 10:00:00,12.2,3.1,60.0,
2024-12-26 11:00:00,12.8,2.55,30.0,
2024-12-26 12:00:00,12.8,1.65,37.5,1.0
2024-12-26 13:00:00,13.3,4.1,70.0,
2024-12-26 14:00:00,13.9,3.6,100.0,
2024-12-26 15:00:00,13.925,4.625,102.5,1.0
2024-12-26 16:00:00,13.9,5.7,105.0,
2024-12-26 17:00:00,14.15,6.2,275.0,
2024-12-26 18:00:00,13.540000000000001,6.4,270.0,1.0
2024-12-26 19:00:00,14.4,5.7,180.0,
2024-12-26 20:00:00,14.4,4.35,360.0,
2024-12-26 21:00:00,14.4,4.725,340.0,0.75
2024-12-26 22:00:00,13.95,5.95,305.0,
2024-12-26 23:00:00,13.9,5.1,300.0,
2024-12-27 00:00:00,13.5,4.6,310.0,0.6666666666666666
2024-12-27 01:00:00,13.3,3.8499999999999996,295.0,
2024-12-27 02:00:00,12.8,5.4,315.0,0.375
2024-12-27 03:00:00,12.5,5.95,290.0,0.375
2024-12-27 04:00:00,12.2,5.1,290.0,
2024-12-27 05:00:00,11.1,4.1,654.5,0.5
2024-12-27 06:00:00,10.85,3.8499999999999996,310.0,0.5
2024-12-27 07:00:00,10.0,2.6,320.0,
2024-12-27 08:00:00,8.9,2.6,220.0,
2024-12-27 09:00:00,8.9,3.1,210.0,0.75
2024-12-27 10:00:00,7.8,2.1,200.0,0.5
2024-12-27 11:00:00,8.35,3.3499999999999996,190.0,
2024-12-27 12:00:00,8.9,3.8499999999999996,185.0,
2024-12-27 13:00:00,9.4,3.1,170.0,
2024-12-27 14:00:00,10.0,3.6,180.0,
2024-12-27 15:00:00,10.55,4.625,180.0,0.5833333333333334
2024-12-27 16:00:00,15.0,5.7,190.0,0.25
2024-12-27 17:00:00,18.3,7.7,210.0,0.25
2024-12-27 18:00:00,18.85,8.25,210.0,0.25
2024-12-27 19:00:00,21.1,9.3,230.0,0.25
2024-12-27 20:00:00,22.2,5.7,240.0,0.5
2024-12-27 21:00:00,22.2,5.95,240.0,0.5
2024-12-27 22:00:00,20.6,4.1,230.0,
2024-12-27 23:00:00,16.7,2.1,180.0,
2024-12-28 00:00:00,16.15,1.8,145.0,0.75
2024-12-28 01:00:00,15.6,1.5,130.0,
2024-12-28 02:00:00,15.6,1.5,160.0,
2024-12-28 03:00:00,15.3,0.75,579.5,1.0
2024-12-28 04:00:00,13.9,0.0,999.0,
2024-12-28 05:00:00,13.9,2.1,534.5,
2024-12-28 06:00:00,14.15,2.6,105.0,1.0
2024-12-28 07:00:00,15.6,2.6,140.0,
2024-12-28 08:00:00,16.7,2.6,160.0,
2024-12-28 09:00:00,15.85,2.6,155.0,1.0
2024-12-28 10:00:00,15.0,1.5,140.0,
2024-12-28 11:00:00,16.1,5.65,135.0,
2024-12-28 12:00:00,16.133333333333333,4.133333333333334,146.66666666666666,1.0
2024-12-28 13:00:00,15.0,4.1,150.0,
2024-12-28 14:00:00,15.0,7.2,130.0,
2024-12-28 15:00:00,14.799999999999999,5.5,133.33333333333334,1.0
2024-12-28 16:00:00,14.4,8.75,130.0,
2024-12-28 17:00:00,14.4,6.825,122.5,
2024-12-28 18:00:00,14.425,6.05,107.5,1.0
2024-12-28 19:00:00,15.0,4.1,180.0,
2024-12-28 20:00:00,15.3,4.1,170.0,
2024-12-28 21:00:00,15.6,4.1,160.0,1.0
2024-12-28 22:00:00,15.6,2.6,140.0,
2024-12-28 23:00:00,15.0,2.6,100.0,
2024-12-29 00:00:00,13.700000000000001,1.8666666666666665,96.66666666666667,0.5833333333333334
2024-12-29 01:00:00,13.3,1.5,340.0,0.25
2024-12-29 02:00:00,12.5,3.1,345.0,0.5
2024-12-29 03:00:00,12.75,3.35,330.0,0.5
2024-12-29 04:00:00,13.5,2.6,296.6666666666667,0.25
2024-12-29 05:00:00,12.8,3.1,654.5,0.25
2024-12-29 06:00:00,12.5,3.5999999999999996,315.0,0.25
2024-12-29 07:00:00,11.7,3.1,310.0,0.25
2024-12-29 08:00:00,11.1,3.1,310.0,0.25
2024-12-29 09:00:00,10.55,2.6,315.0,0.375
2024-12-29 10:00:00,8.9,2.6,240.0,0.5
2024-12-29 11:00:00,8.9,0.0,999.0,0.5
2024-12-29 12:00:00,9.15,1.55,624.5,0.5
2024-12-29 13:00:00,8.9,2.6,210.0,
2024-12-29 14:00:00,10.0,0.0,999.0,
2024-12-29 15:00:00,11.1,1.55,614.5,0.75
2024-12-29 16:00:00,13.9,2.6,210.0,
2024-12-29 17:00:00,16.1,4.6,180.0,
2024-12-29 18:00:00,17.200000000000003,4.35,180.0,0.625
2024-12-29 19:00:00,20.0,4.6,180.0,0.25
2024-12-29 20:00:00,20.6,3.1,170.0,0.25
2024-12-29 21:00:00,20.85,3.1,175.0,0.25
2024-12-29 22:00:00,18.3,4.6,110.0,0.25
2024-12-29 23:00:00,15.6,4.6,130.0,0.25
2024-12-30 00:00:00,14.75,4.35,130.0,0.25
2024-12-30 01:00:00,12.8,3.1,110.0,0.5
2024-12-30 02:00:00,12.2,2.6,130.0,0.5
2024-12-30 03:00:00,11.95,2.6,125.0,0.5
2024-12-30 04:00:00,10.6,2.6,110.0,0.5
2024-12-30 05:00:00,10.6,2.725,291.8,0.25
2024-12-30 06:00:00,10.6,3.1,138.0,0.5
2024-12-30 07:00:00,10.0,2.6,150.0,0.25
2024-12-30 08:00:00,11.7,4.1,160.0,0.0
2024-12-30 09:00:00,11.95,4.6,165.0,0.25
2024-12-30 10:00:00,11.7,4.6,170.0,0.25
2024-12-30 11:00:00,11.1,3.6,170.0,0.25
2024-12-30 12:00:00,10.85,3.8499999999999996,170.0,0.25
2024-12-30 13:00:00,11.1,5.7,180.0,0.25
2024-12-30 14:00:00,12.2,8.2,190.0,0.0
2024-12-30 15:00:00,13.6,7.699999999999999,195.0,0.0
2024-12-30 16:00:00,20.6,8.2,220.0,0.0
2024-12-30 17:00:00,22.8,8.2,230.0,0.0
2024-12-30 18:00:00,24.200000000000003,7.949999999999999,240.0,0.0
2024-12-30 19:00:00,27.8,7.2,270.0,0.0
2024-12-30 20:00:00,27.2,9.3,300.0,0.25
2024-12-30 21:00:00,26.65,8.75,305.0,0.25
2024-12-30 22:00:00,24.4,7.7,330.0,0.25
2024-12-30 23:00:00,20.6,4.1,320.0,0.25
2024-12-31 00:00:00,20.6,4.1,315.0,0.125
2024-12-31 01:00:00,17.8,4.1,330.0,0.0
2024-12-31 02:00:00,16.7,5.1,340.0,0.0
2024-12-31 03:00:00,15.85,4.85,340.0,0.0
2024-12-31 04:00:00,14.4,3.6,330.0,0.0
2024-12-31 05:00:00,15.6,7.7,674.5,0.0
2024-12-31 06:00:00,14.75,6.95,355.0,0.0
2024-12-31 07:00:00,13.3,7.2,350.0,0.0
2024-12-31 08:00:00,12.8,6.7,340.0,0.0
2024-12-31 09:00:00,11.7,5.4,335.0,0.0
2024-12-31 10:00:00,9.4,4.6,320.0,0.0
2024-12-31 11:00:00,9.4,4.6,320.0,0.0
2024-12-31 12:00:00,8.850000000000001,4.6,320.0,0.0
2024-12-31 13:00:00,8.9,7.7,340.0,0.0
2024-12-31 14:00:00,9.4,8.2,350.0,0.0
2024-12-31 15:00:00,9.7,7.699999999999999,350.0,0.25
2024-12-31 16:00:00,11.1,6.7,350.0,0.25
2024-12-31 17:00:00,11.7,6.7,360.0,0.25
2024-12-31 18:00:00,12.25,5.65,355.0,0.25
2024-12-31 19:00:00,13.3,4.1,350.0,0.25
2024-12-31 20:00:00,13.9,5.1,350.0,0.25
2024-12-31 21:00:00,13.9,4.6,180.0,0.25
2024-12-31 22:00:00,12.8,4.1,20.0,0.5
2024-12-31 23:00:00,10.6,3.6,20.0,0.5
2025-01-01 00:00:00,10.3,3.1,190.0,0.5
2025-01-01 01:00:00,9.4,0.0,999.0,0.5
2025-01-01 02:00:00,8.9,2.1,360.0,0.5
2025-01-01 03:00:00,8.05,2.85,195.0,0.5
2025-01-01 04:00:00,6.7,3.6,20.0,0.5
2025-01-01 05:00:00,6.7,4.1,672.6666666666666,0.25
2025-01-01 06:00:00,6.4,4.9,20.0,0.25
2025-01-01 07:00:00,5.6,4.6,10.0,0.25
2025-01-01 08:00:00,5.0,4.1,20.0,0.5
2025-01-01 09:00:00,4.7,4.35,25.0,0.5
2025-01-01 10:00:00,3.9,4.1,20.0,
2025-01-01 11:00:00,2.8,3.1,20.0,
2025-01-01 12:00:00,2.8,2.85,190.0,0.75
2025-01-01 13:00:00,3.3,2.1,360.0,0.5
2025-01-01 14:00:00,5.6,4.1,360.0,0.25
2025-01-01 15:00:00,6.15,4.35,355.0,0.25
2025-01-01 16:00:00,7.2,4.6,360.0,0.25
2025-01-01 17:00:00,8.3,4.6,20.0,0.25
2025-01-01 18:00:00,8.600000000000001,4.1,35.0,0.25
2025-01-01 19:00:00,10.0,4.6,20.0,0.25
2025-01-01 20:00:00,10.0,2.6,999.0,0.25
2025-01-01 21:00:00,10.0,2.35,999.0,0.25
2025-01-01 22:00:00,9.4,2.6,40.0,0.25
2025-01-01 23:00:00,7.8,3.1,340.0,0.25
2025-01-02 00:00:00,7.5,2.3,345.0,0.125
2025-01-02 01:00:00,6.7,1.5,10.0,0.0
2025-01-02 02:00:00,5.6,0.0,999.0,0.0
2025-01-02 03:00:00,5.6,0.0,999.0,0.0
2025-01-02 04:00:00,5.0,0.0,999.0,0.0
2025-01-02 05:00:00,3.9,0.0,999.0,0.0
2025-01-02 06:00:00,3.5999999999999996,1.05,569.5,0.0
2025-01-02 07:00:00,3.9,1.5,120.0,0.0
2025-01-02 08:00:00,2.8,0.0,999.0,0.0
2025-01-02 09:00:00,3.05,0.75,589.5,0.0
2025-01-02 10:00:00,3.9,0.0,999.0,0.0
2025-01-02 11:00:00,2.8,0.0,999.0,0.0
2025-01-02 12:00:00,2.8,0.0,999.0,0.0
2025-01-02 13:00:00,3.3,1.5,130.0,0.5
2025-01-02 14:00:00,5.6,1.5,140.0,0.5
2025-01-02 15:00:00,7.25,2.3,160.0,0.5
2025-01-02 16:00:00,11.7,5.1,170.0,0.5
2025-01-02 17:00:00,13.9,5.1,190.0,0.25
2025-01-02 18:00:00,14.75,5.4,195.0,0.25
2025-01-02 19:00:00,14.4,6.2,170.0,0.5
2025-01-02 20:00:00,15.0,5.1,190.0,
2025-01-02 21:00:00,15.3,5.4,165.0,0.625
2025-01-02 22:00:00,13.9,4.6,170.0,0.25
2025-01-02 23:00:00,12.2,3.1,160.0,0.25
2025-01-03 00:00:00,11.649999999999999,2.6,155.0,0.125
2025-01-03 01:00:00,10.0,2.1,80.0,0.0
2025-01-03 02:00:00,9.4,1.5,70.0,0.0
2025-01-03 03:00:00,9.15,1.5,80.0,0.25
2025-01-03 04:00:00,8.3,2.1,130.0,0.25
2025-01-03 05:00:00,7.2,0.0,999.0,0.25
2025-01-03 06:00:00,7.5,0.75,529.5,0.25
2025-01-03 07:00:00,7.8,0.0,999.0,0.0
2025-01-03 08:00:00,5.6,2.6,10.0,0.0
2025-01-03 09:00:00,5.6,2.35,15.0,0.0
2025-01-03 10:00:00,5.0,0.0,999.0,0.0
2025-01-03 11:00:00,5.6,3.1,340.0,0.0
2025-01-03 12:00:00,5.85,3.8499999999999996,335.0,0.25
2025-01-03 13:00:00,5.6,3.1,10.0,0.25
2025-01-03 14:00:00,8.3,3.6,20.0,0.0
2025-01-03 15:00:00,9.966666666666667,2.766666666666667,30.0,0.25
2025-01-03 16:00:00,12.8,3.1,50.0,0.25
2025-01-03 17:00:00,15.0,3.1,80.0,0.0
2025-01-03 18:00:00,15.55,3.1,85.0,0.0
2025-01-03 19:00:00,17.2,2.6,999.0,0.25
2025-01-03 20:00:00,16.7,3.1,100.0,0.25
2025-01-03 21:00:00,16.95,2.85,549.5,0.25
2025-01-03 22:00:00,16.7,1.5,90.0,
2025-01-03 23:00:00,16.1,1.5,160.0,
2025-01-04 00:00:00,15.850000000000001,1.8,150.0,1.0
2025-01-04 01:00:00,15.0,2.1,100.0,
2025-01-04 02:00:00,15.0,2.1,100.0,
2025-01-04 03:00:00,14.7,2.6,100.0,1.0
2025-01-04 04:00:00,14.4,2.6,110.0,
2025-01-04 05:00:00,13.9,2.6,564.5,
2025-01-04 06:00:00,13.9,3.3499999999999996,125.0,1.0
2025-01-04 07:00:00,13.3,5.7,140.0,0.5
2025-01-04 08:00:00,12.8,5.1,130.0,
2025-01-04 09:00:00,12.8,4.725,137.5,0.75
2025-01-04 10:00:00,12.8,5.7,140.0,
2025-01-04 11:00:00,12.8,4.6,140.0,
2025-01-04 12:00:00,12.8,5.15,140.0,1.0
2025-01-04 13:00:00,12.8,5.7,150.0,
2025-01-04 14:00:00,13.3,6.2,150.0,
2025-01-04 15:00:00,13.600000000000001,6.45,155.0,1.0
2025-01-04 16:00:00,14.7,4.85,160.0,
2025-01-04 17:00:00,16.1,5.1,160.0,
2025-01-04 18:00:00,16.65,5.4,160.0,1.0
2025-01-04 19:00:00,18.3,6.7,170.0,
2025-01-04 20:00:00,18.3,8.2,180.0,
2025-01-04 21:00:00,19.03333333333333,6.7,170.0,0.75
2025-01-04 22:00:00,19.4,6.7,150.0,
2025-01-04 23:00:00,18.3,9.3,140.0,
2025-01-05 00:00:00,17.96666666666667,8.433333333333334,153.33333333333334,1.0
2025-01-05 01:00:00,16.7,8.8,150.0,
2025-01-05 02:00:00,16.7,7.7,160.0,
2025-01-05 03:00:00,16.266666666666666,6.866666666666667,153.33333333333334,1.0
2025-01-05 04:00:00,16.7,7.2,160.0,
2025-01-05 05:00:00,17.5,5.9,443.0,
2025-01-05 06:00:00,18.5,5.8,176.66666666666666,1.0
2025-01-05 07:00:00,19.4,7.2,180.0,
2025-01-05 08:00:00,19.4,7.7,190.0,
2025-01-05 09:00:00,19.4,7.7,185.0,1.0
2025-01-05 10:00:00,19.4,7.2,200.0,
2025-01-05 11:00:00,19.4,8.8,210.0,
2025-01-05 12:00:00,19.4,8.25,215.0,1.0
2025-01-05 13:00:00,13.325,12.75,290.0,
2025-01-05 14:00:00,6.7,12.9,310.0,
2025-01-05 15:00:00,6.7,12.350000000000001,300.0,0.625
2025-01-05 16:00:00,7.2,11.8,310.0,0.25
2025-01-05 17:00:00,6.7,13.4,310.0,0.5
2025-01-05 18:00:00,6.15,11.850000000000001,305.0,0.5
2025-01-05 19:00:00,6.1,13.4,320.0,0.5
2025-01-05 20:00:00,5.0,11.3,300.0,0.25
2025-01-05 21:00:00,4.7,12.100000000000001,305.0,0.25
2025-01-05 22:00:00,2.8,13.9,330.0,0.25
2025-01-05 23:00:00,0.6,13.4,330.0,0.25
2025-01-06 00:00:00,0.0,11.850000000000001,330.0,0.25
2025-01-06 01:00:00,-1.7,13.9,330.0,0.0
2025-01-06 02:00:00,-1.7,10.8,330.0,0.0
2025-01-06 03:00:00,-1.9500000000000002,11.3,330.0,0.0
2025-01-06 04:00:00,-3.3,7.2,330.0,0.25
2025-01-06 05:00:00,-3.9,8.2,664.5,0.0
2025-01-06 06:00:00,-3.9,9.0,330.0,0.25
2025-01-06 07:00:00,-4.4,8.8,330.0,0.5
2025-01-06 08:00:00,-5.0,7.7,330.0,0.25
2025-01-06 09:00:00,-5.0,8.25,330.0,0.25
2025-01-06 10:00:00,-5.6,10.3,330.0,0.5
2025-01-06 11:00:00,-5.6,9.8,330.0,0.25
2025-01-06 12:00:00,-5.85,9.3,330.0,0.375
2025-01-06 13:00:00,-5.6,10.3,340.0,0.25
2025-01-06 14:00:00,-5.0,8.2,340.0,0.25
2025-01-06 15:00:00,-3.9,7.199999999999999,340.0,0.125
2025-01-06 16:00:00,-1.1,6.2,360.0,0.0
2025-01-06 17:00:00,0.6,6.2,330.0,0.25
2025-01-06 18:00:00,1.4000000000000001,6.7,325.0,0.25
2025-01-06 19:00:00,3.3,5.7,330.0,0.25
2025-01-06 20:00:00,4.4,6.7,330.0,0.25
2025-01-06 21:00:00,4.4,6.2,340.0,0.25
2025-01-06 22:00:00,3.9,7.2,350.0,0.25
2025-01-06 23:00:00,2.2,5.7,350.0,0.5
2025-01-07 00:00:00,1.9500000000000002,4.9,355.0,0.5
2025-01-07 01:00:00,1.1,4.1,350.0,0.5
2025-01-07 02:00:00,0.0,4.1,350.0,0.5
2025-01-07 03:00:00,-0.3,4.1,355.0,0.5
2025-01-07 04:00:00,0.6,3.6,40.0,
2025-01-07 05:00:00,0.0,5.1,514.5,
2025-01-07 06:00:00,-0.55,4.35,25.0,0.75
2025-01-07 07:00:00,-1.7,4.6,20.0,
2025-01-07 08:00:00,-2.8,4.6,10.0,
2025-01-07 09:00:00,-3.05,4.1,20.0,0.75
2025-01-07 10:00:00,-3.9,3.1,30.0,0.5
2025-01-07 11:00:00,-3.9,3.6,20.0,
2025-01-07 12:00:00,-3.9,4.35,15.0,0.75
2025-01-07 13:00:00,-3.9,5.1,10.0,
2025-01-07 14:00:00,-3.9,5.1,360.0,0.5
2025-01-07 15:00:00,-3.05,4.85,195.0,0.5
2025-01-07 16:00:00,-2.2,3.1,360.0,
2025-01-07 17:00:00,0.0,4.6,10.0,
2025-01-07 18:00:00,1.1,4.6,180.0,0.75
2025-01-07 19:00:00,2.8,6.2,20.0,
2025-01-07 20:00:00,3.9,5.7,350.0,
2025-01-07 21:00:00,3.3,4.6,10.0,
2025-01-07 22:00:00,2.8,6.2,10.0,
2025-01-07 23:00:00,1.7,3.6,30.0,
2025-01-08 00:00:00,1.4,3.8499999999999996,25.0,0.75
2025-01-08 01:00:00,1.7,6.2,20.0,
2025-01-08 02:00:00,1.7,4.6,20.0,
2025-01-08 03:00:00,1.4,5.65,20.0,0.75
2025-01-08 04:00:00,1.1,5.7,20.0,
2025-01-08 05:00:00,0.6,5.1,514.5,
2025-01-08 06:00:00,0.3,5.9,25.0,1.0
2025-01-08 07:00:00,0.0,4.6,20.0,
2025-01-08 08:00:00,-0.6,6.2,10.0,
2025-01-08 09:00:00,-1.15,5.4,10.0,0.75
2025-01-08 10:00:00,-2.2,4.6,360.0,0.5
2025-01-08 11:00:00,-1.7,4.6,360.0,
2025-01-08 12:00:00,-2.25,5.4,355.0,0.75
2025-01-08 13:00:00,-2.8,5.7,350.0,
2025-01-08 14:00:00,-1.7,4.1,10.0,
2025-01-08 15:00:00,-1.7,5.15,15.0,0.75
2025-01-08 16:00:00,-0.6,5.7,20.0,
2025-01-08 17:00:00,1.7,3.1,40.0,
2025-01-08 18:00:00,1.9500000000000002,2.85,200.0,0.75
2025-01-08 19:00:00,3.3,3.1,310.0,0.5
2025-01-08 20:00:00,4.4,4.1,330.0,0.5
2025-01-08 21:00:00,4.4,3.8499999999999996,320.0,0.5
2025-01-08 22:00:00,3.3,2.6,350.0,0.5
2025-01-08 23:00:00,2.2,1.5,350.0,0.5
2025-01-09 00:00:00,2.2,0.75,674.5,0.5
2025-01-09 01:00:00,1.7,2.6,220.0,0.5
2025-01-09 02:00:00,-0.6,0.0,999.0,
2025-01-09 03:00:00,0.0,1.05,574.5,0.75
2025-01-09 04:00:00,-1.1,0.0,999.0,0.5
2025-01-09 05:00:00,1.1,0.0,999.0,
2025-01-09 06:00:00,1.1,0.75,584.5,1.0
2025-01-09 07:00:00,2.2,1.5,100.0,
2025-01-09 08:00:00,2.2,1.5,150.0,
2025-01-09 09:00:00,2.2,1.5,145.0,1.0
2025-01-09 10:00:00,2.2,2.1,140.0,
2025-01-09 11:00:00,2.2,3.6,120.0,
2025-01-09 12:00:00,2.2,2.766666666666667,130.0,1.0
2025-01-09 13:00:00,1.05,1.8,140.0,
2025-01-09 14:00:00,-0.44000000000000006,3.2,122.0,
2025-01-09 15:00:00,-0.6,1.9000000000000001,136.66666666666666,
2025-01-09 16:00:00,-0.5599999999999999,3.6,126.0,
2025-01-09 17:00:00,-0.19999999999999998,3.9333333333333336,133.33333333333334,
2025-01-09 18:00:00,0.0,2.85,142.5,1.0
2025-01-09 19:00:00,0.39999999999999997,2.6,136.66666666666666,
2025-01-09 20:00:00,0.6,2.725,102.5,
2025-01-09 21:00:00,0.6,2.55,80.0,
2025-01-09 22:00:00,0.6,2.1,60.0,
2025-01-09 23:00:00,0.6,2.35,50.0,
2025-01-10 00:00:00,0.6,1.2,363.0,1.0
2025-01-10 01:00:00,0.6,2.6,60.0,
2025-01-10 02:00:00,0.6,3.35,170.0,
2025-01-10 03:00:00,0.3,3.9749999999999996,335.0,1.0
2025-01-10 04:00:00,0.0,4.766666666666667,350.0,
2025-01-10 05:00:00,0.0,4.85,339.6666666666667,
2025-01-10 06:00:00,0.0,4.1,20.0,1.0
2025-01-10 07:00:00,0.0,3.35,25.0,
2025-01-10 08:00:00,0.0,2.6,350.0,
2025-01-10 09:00:00,0.0,4.15,345.0,1.0
2025-01-10 10:00:00,0.0,4.6,323.3333333333333,
2025-01-10 11:00:00,-0.3,5.7,330.0,
2025-01-10 12:00:00,-0.6,5.3,333.3333333333333,1.0
2025-01-10 13:00:00,0.0,7.45,330.0,
2025-01-10 14:00:00,0.0,7.45,335.0,
2025-01-10 15:00:00,0.3,6.95,340.0,1.0
2025-01-10 16:00:00,1.1,8.2,320.0,
2025-01-10 17:00:00,1.7,6.95,315.0,
2025-01-10 18:00:00,1.7,6.533333333333334,320.0,1.0
2025-01-10 19:00:00,2.2,5.7,320.0,
2025-01-10 20:00:00,2.8,10.3,330.0,
2025-01-10 21:00:00,3.05,8.75,320.0,0.75
2025-01-10 22:00:00,3.3,7.7,330.0,0.375
2025-01-10 23:00:00,2.8,4.6,310.0,0.25
2025-01-11 00:00:00,2.5,4.1,305.0,0.125
2025-01-11 01:00:00,2.2,3.6,290.0,0.0
2025-01-11 02:00:00,1.1,3.1,230.0,0.0
2025-01-11 03:00:00,0.8500000000000001,3.5999999999999996,235.0,0.0
2025-01-11 04:00:00,0.6,3.6,250.0,0.0
2025-01-11 05:00:00,-0.6,2.6,624.5,0.0
2025-01-11 06:00:00,-1.4000000000000001,2.35,225.0,0.0
2025-01-11 07:00:00,-2.2,3.1,200.0,0.0
2025-01-11 08:00:00,-2.8,3.6,220.0,0.0
2025-01-11 09:00:00,-2.8,3.8499999999999996,215.0,0.0
2025-01-11 10:00:00,-2.8,3.6,210.0,0.0
2025-01-11 11:00:00,-4.4,3.1,190.0,0.0
2025-01-11 12:00:00,-4.15,3.1,185.0,0.0
2025-01-11 13:00:00,-3.3,2.6,180.0,0.0
2025-01-11 14:00:00,-0.6,4.6,190.0,0.0
2025-01-11 15:00:00,0.8,4.6,185.0,0.0
2025-01-11 16:00:00,5.6,5.1,180.0,0.0
2025-01-11 17:00:00,8.3,5.1,190.0,0.0
2025-01-11 18:00:00,9.45,5.65,185.0,0.25
2025-01-11 19:00:00,12.2,7.7,180.0,0.0
2025-01-11 20:00:00,12.2,9.3,180.0,0.0
2025-01-11 21:00:00,12.2,10.3,185.0,0.0
2025-01-11 22:00:00,11.1,8.8,180.0,0.0
2025-01-11 23:00:00,10.0,4.6,160.0,0.0
2025-01-12 00:00:00,9.7,5.4,165.0,0.0
2025-01-12 01:00:00,8.9,5.7,170.0,0.0
2025-01-12 02:00:00,8.9,7.2,170.0,0.0
2025-01-12 03:00:00,8.35,6.45,170.0,0.0
2025-01-12 04:00:00,7.2,5.1,170.0,0.0
2025-01-12 05:00:00,6.7,5.7,589.5,0.0
2025-01-12 06:00:00,6.4,5.4,180.0,0.0
2025-01-12 07:00:00,5.6,6.2,180.0,0.0
2025-01-12 08:00:00,4.4,5.1,190.0,0.0
2025-01-12 09:00:00,4.4,5.65,185.0,0.0
2025-01-12 10:00:00,4.4,6.7,170.0,0.0
2025-01-12 11:00:00,2.8,3.1,200.0,0.0
2025-01-12 12:00:00,2.25,2.85,190.0,0.0
2025-01-12 13:00:00,1.1,2.6,210.0,0.0
2025-01-12 14:00:00,4.4,4.1,300.0,0.25
2025-01-12 15:00:00,5.0,4.6,305.0,0.25
2025-01-12 16:00:00,7.2,6.2,320.0,0.25
2025-01-12 17:00:00,9.4,6.2,330.0,0.25
2025-01-12 18:00:00,9.7,6.7,340.0,0.25
2025-01-12 19:00:00,11.1,7.7,360.0,0.25
2025-01-12 20:00:00,10.6,6.2,350.0,0.25
2025-01-12 21:00:00,10.85,7.199999999999999,350.0,0.25
2025-01-12 22:00:00,10.6,6.7,10.0,0.25
2025-01-12 23:00:00,7.8,3.1,360.0,0.25
2025-01-13 00:00:00,7.25,3.35,355.0,0.25
2025-01-13 01:00:00,6.1,4.6,350.0,0.25
2025-01-13 02:00:00,5.0,4.1,350.0,0.5
2025-01-13 03:00:00,5.3,4.1,355.0,0.375
2025-01-13 04:00:00,5.6,5.7,350.0,0.25
2025-01-13 05:00:00,4.4,5.7,679.5,0.0
2025-01-13 06:00:00,4.15,5.4,360.0,0.0
2025-01-13 07:00:00,3.9,7.2,10.0,0.0
2025-01-13 08:00:00,2.8,6.7,10.0,0.25
2025-01-13 09:00:00,1.95,6.45,10.0,0.25
2025-01-13 10:00:00,0.6,6.2,20.0,0.25
2025-01-13 11:00:00,-0.6,4.1,20.0,0.25
2025-01-13 12:00:00,-0.8500000000000001,4.1,20.0,0.25
2025-01-13 13:00:00,-1.7,3.1,10.0,0.25
2025-01-13 14:00:00,1.7,4.1,20.0,
2025-01-13 15:00:00,2.0666666666666664,4.433333333333333,136.66666666666666,0.75
2025-01-13 16:00:00,5.0,5.1,360.0,
2025-01-13 17:00:00,6.7,4.6,360.0,
2025-01-13 18:00:00,7.25,4.1,195.0,0.625
2025-01-13 19:00:00,9.4,3.6,50.0,0.25
2025-01-13 20:00:00,10.6,4.6,40.0,0.25
2025-01-13 21:00:00,10.6,3.5999999999999996,40.0,0.25
2025-01-13 22:00:00,10.0,2.6,360.0,0.25
2025-01-13 23:00:00,7.2,3.1,360.0,0.25
2025-01-14 00:00:00,5.800000000000001,3.35,190.0,0.25
2025-01-14 01:00:00,5.0,2.1,40.0,0.25
2025-01-14 02:00:00,5.0,1.5,60.0,0.25
2025-01-14 03:00:00,4.45,1.5,55.0,0.375
2025-01-14 04:00:00,3.9,1.5,50.0,0.25
2025-01-14 05:00:00,2.8,0.0,999.0,0.25
2025-01-14 06:00:00,3.05,0.0,999.0,0.25
2025-01-14 07:00:00,1.7,1.5,340.0,
2025-01-14 08:00:00,1.1,1.5,340.0,0.5
2025-01-14 09:00:00,1.1,0.75,669.5,0.5
2025-01-14 10:00:00,-0.6,0.0,999.0,0.5
2025-01-14 11:00:00,-1.1,0.0,999.0,0.5
2025-01-14 12:00:00,-0.8500000000000001,1.05,679.5,0.5
2025-01-14 13:00:00,-1.1,0.0,999.0,
2025-01-14 14:00:00,2.2,0.0,999.0,
2025-01-14 15:00:00,3.9,0.75,999.0,0.75
2025-01-14 16:00:00,8.3,3.1,170.0,
2025-01-14 17:00:00,10.0,3.6,180.0,
2025-01-14 18:00:00,10.85,3.6,185.0,0.75
2025-01-14 19:00:00,12.2,0.0,999.0,
2025-01-14 20:00:00,12.2,0.0,999.0,
2025-01-14 21:00:00,12.75,0.75,999.0,0.75
2025-01-14 22:00:00,12.8,0.0,999.0,
2025-01-14 23:00:00,10.6,1.5,100.0,
2025-01-15 00:00:00,9.75,2.05,125.0,0.625
2025-01-15 01:00:00,8.3,1.5,150.0,0.5
2025-01-15 02:00:00,6.7,2.1,160.0,0.5
2025-01-15 03:00:00,6.4,1.05,579.5,0.375
2025-01-15 04:00:00,5.0,1.5,210.0,0.25
2025-01-15 05:00:00,3.9,0.0,999.0,0.25
2025-01-15 06:00:00,3.3499999999999996,0.75,504.5,0.25
2025-01-15 07:00:00,2.8,2.1,360.0,0.25
2025-01-15 08:00:00,2.8,1.5,350.0,0.25
2025-01-15 09:00:00,2.8,0.75,674.5,0.25
2025-01-15 10:00:00,1.1,3.1,340.0,0.25
2025-01-15 11:00:00,1.1,0.0,999.0,0.25
2025-01-15 12:00:00,0.8500000000000001,1.8,664.5,0.375
2025-01-15 13:00:00,1.1,2.6,350.0,0.5
2025-01-15 14:00:00,4.4,2.1,10.0,0.0
2025-01-15 15:00:00,5.800000000000001,2.35,185.0,0.5
2025-01-15 16:00:00,10.0,0.0,999.0,
2025-01-15 17:00:00,11.7,1.5,200.0,
2025-01-15 18:00:00,12.5,1.5,210.0,0.625
2025-01-15 19:00:00,15.0,0.0,999.0,0.25
2025-01-15 20:00:00,16.1,2.1,999.0,0.25
2025-01-15 21:00:00,15.850000000000001,3.0999999999999996,679.5,0.375
2025-01-15 22:00:00,15.0,2.6,350.0,
2025-01-15 23:00:00,11.1,4.6,10.0,0.5
2025-01-16 00:00:00,10.55,3.8499999999999996,175.0,0.375
2025-01-16 01:00:00,8.9,4.1,340.0,0.0
2025-01-16 02:00:00,8.3,3.1,320.0,0.25
2025-01-16 03:00:00,8.05,2.6,325.0,0.125
2025-01-16 04:00:00,7.2,4.6,320.0,0.25
2025-01-16 05:00:00,6.1,3.6,659.5,0.25
2025-01-16 06:00:00,4.699999999999999,3.1,165.0,0.25
2025-01-16 07:00:00,3.3,0.0,999.0,0.25
2025-01-16 08:00:00,1.7,3.6,220.0,0.5
2025-01-16 09:00:00,1.9500000000000002,2.55,265.0,0.5
2025-01-16 10:00:00,2.2,1.5,170.0,
2025-01-16 11:00:00,2.2,3.6,250.0,
2025-01-16 12:00:00,1.9500000000000002,2.55,305.0,0.75
2025-01-16 13:00:00,2.8,2.1,220.0,
2025-01-16 14:00:00,5.6,2.1,250.0,
2025-01-16 15:00:00,6.699999999999999,1.8,250.0,0.75
2025-01-16 16:00:00,11.7,1.5,240.0,
2025-01-16 17:00:00,13.3,3.1,240.0,
2025-01-16 18:00:00,14.45,3.5999999999999996,255.0,0.75
2025-01-16 19:00:00,16.7,6.2,220.0,
2025-01-16 20:00:00,16.7,4.1,240.0,
2025-01-16 21:00:00,16.7,4.35,235.0,0.75
2025-01-16 22:00:00,16.1,3.6,230.0,0.25
2025-01-16 23:00:00,13.3,2.1,180.0,0.5
2025-01-17 00:00:00,12.5,2.35,175.0,0.375
2025-01-17 01:00:00,10.0,3.1,170.0,0.25
2025-01-17 02:00:00,8.9,3.6,180.0,0.25
2025-01-17 03:00:00,8.35,3.8499999999999996,180.0,0.25
2025-01-17 04:00:00,6.7,3.6,180.0,0.25
2025-01-17 05:00:00,5.6,3.6,594.5,0.25
2025-01-17 06:00:00,5.6,3.8499999999999996,190.0,0.25
2025-01-17 07:00:00,7.8,6.7,190.0,0.5
2025-01-17 08:00:00,6.7,4.1,180.0,
2025-01-17 09:00:00,6.95,4.1,180.0,0.75
2025-01-17 10:00:00,7.2,3.6,170.0,
2025-01-17 11:00:00,7.8,5.1,180.0,
2025-01-17 12:00:00,8.35,5.4,180.0,0.75
2025-01-17 13:00:00,8.9,6.7,190.0,
2025-01-17 14:00:00,10.0,7.7,200.0,
2025-01-17 15:00:00,10.55,7.45,190.0,1.0
2025-01-17 16:00:00,12.8,7.7,180.0,
2025-01-17 17:00:00,13.3,11.3,180.0,
2025-01-17 18:00:00,13.3,10.3,190.0,0.75
2025-01-17 19:00:00,14.4,7.7,180.0,
2025-01-17 20:00:00,16.1,7.7,180.0,
2025-01-17 21:00:00,16.65,8.5,185.0,0.625
2025-01-17 22:00:00,16.7,6.7,170.0,0.5
2025-01-17 23:00:00,15.0,4.6,170.0,0.5
2025-01-18 00:00:00,15.0,6.15,175.0,0.5
2025-01-18 01:00:00,15.6,8.8,200.0,
2025-01-18 02:00:00,16.1,9.3,200.0,
2025-01-18 03:00:00,15.850000000000001,9.05,200.0,0.75
2025-01-18 04:00:00,16.7,8.2,220.0,
2025-01-18 05:00:00,15.0,11.3,639.5,0.0
2025-01-18 06:00:00,13.166666666666666,9.266666666666667,283.3333333333333,0.0
2025-01-18 07:00:00,8.9,10.3,300.0,0.0
2025-01-18 08:00:00,7.2,7.7,310.0,0.0
2025-01-18 09:00:00,6.65,7.949999999999999,315.0,0.0
2025-01-18 10:00:00,5.6,9.3,330.0,0.0
2025-01-18 11:00:00,5.0,7.7,330.0,0.0
2025-01-18 12:00:00,4.7,7.949999999999999,335.0,0.0
2025-01-18 13:00:00,4.4,9.3,350.0,0.0
2025-01-18 14:00:00,5.0,9.8,350.0,0.0
2025-01-18 15:00:00,5.55,9.55,350.0,0.0
2025-01-18 16:00:00,6.7,7.2,350.0,0.0
2025-01-18 17:00:00,7.2,5.7,340.0,0.0
2025-01-18 18:00:00,7.75,7.5,345.0,0.0
2025-01-18 19:00:00,8.3,7.7,340.0,0.0
2025-01-18 20:00:00,8.9,7.7,330.0,0.0
2025-01-18 21:00:00,8.9,7.949999999999999,330.0,0.25
2025-01-18 22:00:00,7.8,7.7,360.0,0.25
2025-01-18 23:00:00,6.1,8.2,350.0,0.25
2025-01-19 00:00:00,5.25,9.25,350.0,0.25
2025-01-19 01:00:00,2.8,12.4,350.0,0.25
2025-01-19 02:00:00,0.6,11.8,340.0,
2025-01-19 03:00:00,0.0,10.55,345.0,0.5
2025-01-19 04:00:00,-1.7,8.8,340.0,0.25
2025-01-19 05:00:00,-2.2,11.3,669.5,0.25
2025-01-19 06:00:00,-2.2,10.3,340.0,0.25
2025-01-19 07:00:00,-2.8,12.4,350.0,
2025-01-19 08:00:00,-3.3,11.3,340.0,
2025-01-19 09:00:00,-3.85,11.3,340.0,0.5
2025-01-19 10:00:00,-4.4,8.8,350.0,0.25
2025-01-19 11:00:00,-5.0,8.8,340.0,0.0
2025-01-19 12:00:00,-5.3,8.0,345.0,0.0
2025-01-19 13:00:00,-5.6,9.8,350.0,0.25
2025-01-19 14:00:00,-5.0,7.7,340.0,0.25
2025-01-19 15:00:00,-4.15,7.949999999999999,340.0,0.25
2025-01-19 16:00:00,-2.2,6.2,340.0,0.25
2025-01-19 17:00:00,-1.1,7.2,10.0,0.5
2025-01-19 18:00:00,-0.55,6.45,175.0,0.5
2025-01-19 19:00:00,0.0,6.2,10.0,0.5
2025-01-19 20:00:00,1.1,5.7,350.0,0.5
2025-01-19 21:00:00,1.1,5.15,190.0,0.375
2025-01-19 22:00:00,0.0,4.1,10.0,0.0
2025-01-19 23:00:00,-1.1,3.6,350.0,0.0
2025-01-20 00:00:00,-1.95,3.35,190.0,0.0
2025-01-20 01:00:00,-3.3,3.1,40.0,0.25
2025-01-20 02:00:00,-3.9,3.1,50.0,0.25
2025-01-20 03:00:00,-3.9,3.1,55.0,0.25
2025-01-20 04:00:00,-4.4,3.1,60.0,0.25
2025-01-20 05:00:00,-5.6,3.6,524.5,0.5
2025-01-20 06:00:00,-4.75,3.35,55.0,0.5
2025-01-20 07:00:00,-3.9,4.1,60.0,
2025-01-20 08:00:00,-4.4,4.6,60.0,
2025-01-20 09:00:00,-4.7,4.35,70.0,1.0
2025-01-20 10:00:00,-5.6,2.6,70.0,0.5
2025-01-20 11:00:00,-5.0,1.5,90.0,
2025-01-20 12:00:00,-5.0,3.3,85.0,0.75
2025-01-20 13:00:00,-4.4,4.6,80.0,
2025-01-20 14:00:00,-4.4,4.1,90.0,
2025-01-20 15:00:00,-4.15,4.6,100.0,1.0
2025-01-20 16:00:00,-2.8,5.1,100.0,
2025-01-20 17:00:00,-0.6,4.1,100.0,
2025-01-20 18:00:00,-0.3,3.0999999999999996,90.0,0.75
2025-01-20 19:00:00,0.6,5.1,50.0,
2025-01-20 20:00:00,0.6,4.6,60.0,
2025-01-20 21:00:00,0.3,4.85,60.0,1.0
2025-01-20 22:00:00,0.6,4.6,60.0,
2025-01-20 23:00:00,0.0,5.1,40.0,
2025-01-21 00:00:00,0.0,4.85,55.0,1.0
2025-01-21 01:00:00,0.0,5.7,70.0,
2025-01-21 02:00:00,-0.6,5.1,50.0,
2025-01-21 03:00:00,-0.6,5.4,50.0,1.0
2025-01-21 04:00:00,-0.6,5.7,40.0,
2025-01-21 05:00:00,-1.7,8.2,509.5,
2025-01-21 06:00:00,-1.9500000000000002,7.449999999999999,20.0,1.0
2025-01-21 07:00:00,-3.3,5.7,20.0,
2025-01-21 08:00:00,-3.05,4.35,25.0,
2025-01-21 09:00:00,-2.9666666666666663,6.333333333333333,23.333333333333332,1.0
2025-01-21 10:00:00,-3.3,6.2,30.0,
2025-01-21 11:00:00,-3.9,8.2,10.0,
2025-01-21 12:00:00,-3.9,7.949999999999999,185.0,1.0
2025-01-21 13:00:00,-5.55,6.45,20.0,0.5
2025-01-21 14:00:00,-5.0,6.7,30.0,0.25
2025-01-21 15:00:00,-4.45,6.7,195.0,0.125
2025-01-21 16:00:00,-2.2,7.2,20.0,0.0
2025-01-21 17:00:00,-1.7,4.6,20.0,0.0
2025-01-21 18:00:00,-1.4,4.85,190.0,0.0
2025-01-21 19:00:00,-0.6,2.1,999.0,0.0
2025-01-21 20:00:00,0.0,2.1,999.0,0.0
2025-01-21 21:00:00,0.3,2.1,999.0,0.0
2025-01-21 22:00:00,0.6,1.5,310.0,0.0
2025-01-21 23:00:00,-1.7,2.1,130.0,0.0
2025-01-22 00:00:00,-2.25,2.35,145.0,0.0
2025-01-22 01:00:00,-3.3,2.1,160.0,0.0
2025-01-22 02:00:00,-3.9,3.1,160.0,0.0
2025-01-22 03:00:00,-3.5999999999999996,3.35,160.0,0.0
2025-01-22 04:00:00,-3.9,3.6,170.0,0.0
2025-01-22 05:00:00,-3.3,4.6,584.5,0.0
2025-01-22 06:00:00,-3.5999999999999996,4.1,175.0,0.0
2025-01-22 07:00:00,-3.9,5.7,180.0,0.0
2025-01-22 08:00:00,-4.4,3.1,180.0,0.0
2025-01-22 09:00:00,-4.15,4.9,185.0,0.0
2025-01-22 10:00:00,-3.9,6.2,180.0,0.0
2025-01-22 11:00:00,-3.9,8.8,190.0,0.0
2025-01-22 12:00:00,-3.5999999999999996,9.05,190.0,0.0
2025-01-22 13:00:00,-3.3,8.8,190.0,0.0
2025-01-22 14:00:00,-1.7,9.3,180.0,0.0
2025-01-22 15:00:00,-0.55,8.5,185.0,0.0
2025-01-22 16:00:00,3.3,9.3,190.0,0.25
2025-01-22 17:00:00,5.6,6.7,210.0,0.25
2025-01-22 18:00:00,7.2,7.2,230.0,
2025-01-22 19:00:00,8.9,7.7,220.0,0.25
2025-01-22 20:00:00,9.4,5.1,200.0,0.25
2025-01-22 21:00:00,10.0,4.35,225.0,0.25
2025-01-22 22:00:00,10.0,4.1,260.0,0.25
2025-01-22 23:00:00,7.2,3.6,350.0,0.25
2025-01-23 00:00:00,6.4,3.1,355.0,0.25
2025-01-23 01:00:00,3.9,2.1,10.0,0.25
2025-01-23 02:00:00,3.3,4.1,350.0,
2025-01-23 03:00:00,2.8,2.6,340.0,0.25
2025-01-23 04:00:00,1.7,4.6,340.0,0.5
2025-01-23 05:00:00,1.7,5.7,669.5,
2025-01-23 06:00:00,1.15,4.65,340.0,0.75
2025-01-23 07:00:00,-0.6,4.1,350.0,
2025-01-23 08:00:00,-1.1,4.6,340.0,
2025-01-23 09:00:00,-1.7,4.1,340.0,0.25
2025-01-23 10:00:00,-1.7,3.6,330.0,0.0
2025-01-23 11:00:00,-2.2,3.6,330.0,0.0
2025-01-23 12:00:00,-1.4000000000000001,4.65,325.0,0.25
2025-01-23 13:00:00,-0.6,5.1,320.0,0.25
2025-01-23 14:00:00,2.2,3.6,330.0,0.0
2025-01-23 15:00:00,3.3000000000000003,4.35,330.0,0.0
2025-01-23 16:00:00,6.7,4.1,330.0,0.0
2025-01-23 17:00:00,7.8,3.6,330.0,0.0
2025-01-23 18:00:00,8.6,4.1,340.0,0.0
2025-01-23 19:00:00,10.0,5.1,360.0,0.25
2025-01-23 20:00:00,10.0,4.1,300.0,0.25
2025-01-23 21:00:00,10.0,5.1,360.0,0.25
2025-01-23 22:00:00,9.4,6.2,340.0,0.25
2025-01-23 23:00:00,7.8,5.1,330.0,0.25
2025-01-24 00:00:00,6.949999999999999,4.6,330.0,0.25
2025-01-24 01:00:00,5.0,4.1,330.0,0.25
2025-01-24 02:00:00,3.3,3.6,330.0,0.25
2025-01-24 03:00:00,3.05,3.8499999999999996,330.0,0.25
2025-01-24 04:00:00,1.1,3.1,330.0,0.25
2025-01-24 05:00:00,1.7,2.6,659.5,0.0
2025-01-24 06:00:00,1.4,2.35,315.0,0.0
2025-01-24 07:00:00,-2.2,2.1,240.0,0.25
2025-01-24 08:00:00,-1.1,2.6,210.0,0.25
2025-01-24 09:00:00,-1.95,2.85,215.0,0.125
2025-01-24 10:00:00,-3.9,3.1,200.0,0.0
2025-01-24 11:00:00,-3.9,3.1,200.0,0.0
2025-01-24 12:00:00,-4.15,3.35,205.0,0.0
2025-01-24 13:00:00,-3.9,1.5,150.0,0.0
2025-01-24 14:00:00,1.1,3.1,190.0,0.25
2025-01-24 15:00:00,3.3499999999999996,3.5999999999999996,200.0,0.125
2025-01-24 16:00:00,8.3,6.2,220.0,0.0
2025-01-24 17:00:00,11.1,7.2,220.0,0.0
2025-01-24 18:00:00,11.95,7.45,225.0,0.0
2025-01-24 19:00:00,13.3,8.2,220.0,0.0
2025-01-24 20:00:00,13.9,8.2,210.0,0.0
2025-01-24 21:00:00,14.15,7.699999999999999,215.0,0.0
2025-01-24 22:00:00,13.3,8.2,200.0,0.0
2025-01-24 23:00:00,10.6,5.1,190.0,0.0
2025-01-25 00:00:00,10.3,4.85,180.0,0.0
2025-01-25 01:00:00,8.9,5.7,160.0,0.0
2025-01-25 02:00:00,8.3,5.7,170.0,0.0
2025-01-25 03:00:00,8.3,6.7,175.0,0.25
2025-01-25 04:00:00,7.8,7.7,180.0,0.25
2025-01-25 05:00:00,7.2,7.2,589.5,0.5
2025-01-25 06:00:00,7.2,7.2,180.0,0.5
2025-01-25 07:00:00,6.1,7.7,190.0,0.5
2025-01-25 08:00:00,5.6,8.8,180.0,0.5
2025-01-25 09:00:00,5.0,8.0,180.0,0.5
2025-01-25 10:00:00,4.4,7.2,180.0,
2025-01-25 11:00:00,4.4,6.7,180.0,
2025-01-25 12:00:00,3.6,5.9,170.0,0.625
2025-01-25 13:00:00,2.8,4.1,170.0,
2025-01-25 14:00:00,4.4,5.1,160.0,
2025-01-25 15:00:00,5.800000000000001,5.1,160.0,0.75
2025-01-25 16:00:00,10.0,4.1,160.0,
2025-01-25 17:00:00,11.7,6.2,180.0,
2025-01-25 18:00:00,12.5,9.0,185.0,0.75
2025-01-25 19:00:00,14.4,9.8,170.0,
2025-01-25 20:00:00,13.9,7.2,170.0,
2025-01-25 21:00:00,13.9,7.699999999999999,175.0,0.75
2025-01-25 22:00:00,12.8,7.2,170.0,
2025-01-25 23:00:00,12.8,4.1,160.0,
2025-01-26 00:00:00,12.4,5.166666666666667,156.66666666666666,0.75
2025-01-26 01:00:00,11.266666666666666,4.766666666666667,143.33333333333334,
2025-01-26 02:00:00,10.8,5.7,150.0,
2025-01-26 03:00:00,10.6,4.5,152.5,1.0
2025-01-26 04:00:00,10.6,4.6,150.0,
2025-01-26 05:00:00,10.0,2.35,453.0,
2025-01-26 06:00:00,9.440000000000001,0.42000000000000004,837.2,1.0
2025-01-26 07:00:00,9.4,0.5,689.3333333333334,
2025-01-26 08:00:00,9.4,1.8666666666666665,70.0,
2025-01-26 09:00:00,9.4,2.08,96.0,1.0
2025-01-26 10:00:00,9.4,2.05,90.0,
2025-01-26 11:00:00,9.4,1.5,45.0,
2025-01-26 12:00:00,9.4,2.2,27.5,1.0
2025-01-26 13:00:00,9.4,3.1,30.0,
2025-01-26 14:00:00,9.4,2.6,40.0,
2025-01-26 15:00:00,9.4,2.35,40.0,1.0
2025-01-26 16:00:00,10.0,2.6,350.0,
2025-01-26 17:00:00,9.4,3.35,352.5,
2025-01-26 18:00:00,8.850000000000001,4.35,340.0,1.0
2025-01-26 19:00:00,7.2,6.2,330.0,
2025-01-26 20:00:00,6.7,6.7,340.0,
2025-01-26 21:00:00,6.225,5.8,342.5,1.0
2025-01-26 22:00:00,6.225,5.0,357.5,
2025-01-26 23:00:00,6.099999999999999,5.466666666666666,16.666666666666668,
2025-01-27 00:00:00,6.099999999999999,4.1000000000000005,16.666666666666668,1.0
2025-01-27 01:00:00,6.1,5.1,10.0,
2025-01-27 02:00:00,5.6,5.7,20.0,
2025-01-27 03:00:00,5.6,5.15,15.0,1.0
2025-01-27 04:00:00,5.6,5.1,10.0,
2025-01-27 05:00:00,5.6,5.7,679.5,
2025-01-27 06:00:00,5.6,5.15,360.0,1.0
2025-01-27 07:00:00,4.4,6.7,350.0,
2025-01-27 08:00:00,2.8,5.7,360.0,
2025-01-27 09:00:00,2.25,5.4,360.0,1.0
2025-01-27 10:00:00,1.15,4.85,355.0,0.5
2025-01-27 11:00:00,0.0,3.6,350.0,0.25
2025-01-27 12:00:00,0.0,3.6,340.0,0.375
2025-01-27 13:00:00,0.0,5.1,340.0,
2025-01-27 14:00:00,1.1,5.1,340.0,
2025-01-27 15:00:00,1.6500000000000001,4.35,345.0,0.625
2025-01-27 16:00:00,5.6,3.1,360.0,
2025-01-27 17:00:00,6.7,3.6,20.0,
2025-01-27 18:00:00,7.5,3.1,509.5,0.75
2025-01-27 19:00:00,10.0,2.1,20.0,
2025-01-27 20:00:00,10.6,2.1,999.0,
2025-01-27 21:00:00,10.85,2.1,504.5,0.75
2025-01-27 22:00:00,11.1,2.1,70.0,
2025-01-27 23:00:00,10.0,0.0,999.0,
2025-01-28 00:00:00,9.7,0.0,999.0,0.75
2025-01-28 01:00:00,9.4,3.1,220.0,
2025-01-28 02:00:00,9.4,0.0,999.0,
2025-01-28 03:00:00,9.15,0.75,594.5,1.0
2025-01-28 04:00:00,8.3,1.5,160.0,
2025-01-28 05:00:00,9.4,1.5,599.5,
2025-01-28 06:00:00,9.4,1.8,205.0,1.0
2025-01-28 07:00:00,9.4,0.0,999.0,
2025-01-28 08:00:00,9.4,0.0,999.0,
2025-01-28 09:00:00,9.4,0.0,999.0,1.0
2025-01-28 10:00:00,9.4,0.0,999.0,
2025-01-28 11:00:00,9.4,0.0,999.0,
2025-01-28 12:00:00,9.15,0.75,599.5,1.0
2025-01-28 13:00:00,9.4,1.5,170.0,
2025-01-28 14:00:00,10.0,2.6,170.0,
2025-01-28 15:00:00,10.55,2.35,170.0,1.0
2025-01-28 16:00:00,11.7,2.1,160.0,
2025-01-28 17:00:00,12.8,2.6,170.0,
2025-01-28 18:00:00,13.333333333333334,2.4333333333333336,459.6666666666667,1.0
2025-01-28 19:00:00,13.600000000000001,1.05,589.5,
2025-01-28 20:00:00,14.15,2.1,155.0,
2025-01-28 21:00:00,14.45,2.1,160.0,1.0
2025-01-28 22:00:00,14.4,3.1,140.0,
2025-01-28 23:00:00,13.9,3.1,170.0,
2025-01-29 00:00:00,13.600000000000001,3.1,170.0,1.0
2025-01-29 01:00:00,13.3,2.85,165.0,
2025-01-29 02:00:00,12.8,2.6,160.0,
2025-01-29 03:00:00,12.8,2.35,165.0,1.0
2025-01-29 04:00:00,12.2,3.1,160.0,
2025-01-29 05:00:00,12.2,2.85,436.3333333333333,
2025-01-29 06:00:00,12.2,3.6,150.0,1.0
2025-01-29 07:00:00,12.2,1.5,130.0,
2025-01-29 08:00:00,12.2,2.1,110.0,
2025-01-29 09:00:00,11.95,1.8,135.0,1.0
2025-01-29 10:00:00,11.299999999999999,1.2,399.6666666666667,
2025-01-29 11:00:00,11.1,1.5,105.0,
2025-01-29 12:00:00,11.299999999999999,1.8666666666666665,100.0,1.0
2025-01-29 13:00:00,11.7,1.4,327.25,
2025-01-29 14:00:00,11.7,1.5,100.0,
2025-01-29 15:00:00,12.033333333333331,0.5,699.3333333333334,1.0
2025-01-29 16:00:00,13.3,3.8499999999999996,135.0,
2025-01-29 17:00:00,13.3,4.6,145.0,
2025-01-29 18:00:00,13.600000000000001,4.1,145.0,1.0
2025-01-29 19:00:00,14.4,2.6,140.0,
2025-01-29 20:00:00,14.4,2.6,110.0,
2025-01-29 21:00:00,14.4,2.4333333333333336,103.33333333333333,1.0
2025-01-29 22:00:00,15.0,3.35,120.0,
2025-01-29 23:00:00,15.0,3.1,130.0,
2025-01-30 00:00:00,15.200000000000001,2.766666666666667,113.33333333333333,1.0
2025-01-30 01:00:00,15.8,2.9,146.0,
2025-01-30 02:00:00,16.1,2.2333333333333334,66.66666666666667,
2025-01-30 03:00:00,15.88,2.6,94.0,1.0
2025-01-30 04:00:00,15.75,1.3499999999999999,256.5,
2025-01-30 05:00:00,15.6,3.1,496.3333333333333,
2025-01-30 06:00:00,15.3,3.1,335.0,1.0
2025-01-30 07:00:00,14.7,1.8,340.0,
2025-01-30 08:00:00,14.4,3.2249999999999996,417.25,
2025-01-30 09:00:00,14.0,4.75,322.5,1.0
2025-01-30 10:00:00,13.9,4.6,325.0,
2025-01-30 11:00:00,13.9,5.7,330.0,
2025-01-30 12:00:00,13.600000000000001,4.4,330.0,1.0
2025-01-30 13:00:00,13.3,3.6,310.0,
2025-01-30 14:00:00,13.9,3.6,310.0,
2025-01-30 15:00:00,13.9,4.65,305.0,1.0
2025-01-30 16:00:00,15.0,4.6,300.0,
2025-01-30 17:00:00,17.2,4.6,280.0,
2025-01-30 18:00:00,17.5,4.85,275.0,0.625
2025-01-30 19:00:00,19.4,6.7,240.0,0.5
2025-01-30 20:00:00,19.4,6.2,270.0,
2025-01-30 21:00:00,20.0,6.2,265.0,0.75
2025-01-30 22:00:00,19.4,6.7,230.0,
2025-01-30 23:00:00,16.7,4.1,200.0,
2025-01-31 00:00:00,16.7,4.9,215.0,0.75
2025-01-31 01:00:00,16.7,5.7,220.0,
2025-01-31 02:00:00,15.6,5.1,230.0,
2025-01-31 03:00:00,14.45,4.85,220.0,0.75
2025-01-31 04:00:00,12.2,5.7,210.0,
2025-01-31 05:00:00,11.1,4.1,604.5,
2025-01-31 06:00:00,11.5,4.6,213.33333333333334,0.75
2025-01-31 07:00:00,11.1,5.1,230.0,
2025-01-31 08:00:00,11.7,6.2,260.0,0.0
2025-01-31 09:00:00,11.149999999999999,6.45,270.0,0.0
2025-01-31 10:00:00,10.0,5.7,270.0,0.0
2025-01-31 11:00:00,8.9,7.7,270.0,0.0
2025-01-31 12:00:00,8.9,8.066666666666668,263.3333333333333,0.5
2025-01-31 13:00:00,8.9,7.7,270.0,
2025-01-31 14:00:00,9.6,7.366666666666667,283.3333333333333,0.375
2025-01-31 15:00:00,10.85,9.0,290.0,0.25
2025-01-31 16:00:00,13.3,8.8,290.0,0.0
2025-01-31 17:00:00,15.6,6.2,280.0,0.0
2025-01-31 18:00:00,15.850000000000001,6.7,285.0,0.0
2025-01-31 19:00:00,17.8,7.2,300.0,0.0
2025-01-31 20:00:00,18.3,8.8,310.0,
2025-01-31 21:00:00,18.9,8.2,310.0,0.0
2025-01-31 22:00:00,18.3,6.7,310.0,0.0
2025-01-31 23:00:00,17.2,4.6,310.0,0.0
2025-02-01 00:00:00,16.65,4.1,300.0,0.0
2025-02-01 01:00:00,15.6,4.6,310.0,0.0
2025-02-01 02:00:00,13.3,4.1,310.0,0.0
2025-02-01 03:00:00,12.2,3.5999999999999996,320.0,0.0
2025-02-01 04:00:00,8.9,2.6,360.0,0.0
2025-02-01 05:00:00,8.9,3.1,679.5,0.0
2025-02-01 06:00:00,8.600000000000001,2.6,355.0,0.0
2025-02-01 07:00:00,7.8,2.1,320.0,0.0
2025-02-01 08:00:00,6.1,0.0,999.0,0.0
2025-02-01 09:00:00,5.85,1.55,619.5,0.0
2025-02-01 10:00:00,4.4,1.5,340.0,0.0
2025-02-01 11:00:00,4.4,0.0,999.0,0.0
2025-02-01 12:00:00,3.85,0.0,999.0,0.0
2025-02-01 13:00:00,4.4,3.6,220.0,0.0
2025-02-01 14:00:00,7.8,0.0,999.0,0.0
2025-02-01 15:00:00,9.75,2.05,584.5,0.25
2025-02-01 16:00:00,14.4,4.6,160.0,0.25
2025-02-01 17:00:00,16.7,4.6,190.0,0.0
2025-02-01 18:00:00,17.799999999999997,5.15,195.0,0.25
2025-02-01 19:00:00,20.0,5.1,180.0,0.25
2025-02-01 20:00:00,21.1,4.6,180.0,0.25
2025-02-01 21:00:00,21.1,5.65,180.0,0.25
2025-02-01 22:00:00,20.6,5.7,170.0,0.25
2025-02-01 23:00:00,18.9,4.1,160.0,0.5
2025-02-02 00:00:00,18.049999999999997,4.35,160.0,0.5
2025-02-02 01:00:00,16.1,5.1,160.0,
2025-02-02 02:00:00,15.0,4.6,160.0,0.5
2025-02-02 03:00:00,15.3,4.85,165.0,0.5
2025-02-02 04:00:00,14.4,4.6,170.0,0.5
2025-02-02 05:00:00,13.9,6.7,594.5,0.5
2025-02-02 06:00:00,13.600000000000001,6.2,190.0,0.375
2025-02-02 07:00:00,12.2,4.6,180.0,0.25
2025-02-02 08:00:00,10.0,4.6,190.0,0.25
2025-02-02 09:00:00,9.7,4.35,190.0,0.25
2025-02-02 10:00:00,8.9,4.1,190.0,0.25
2025-02-02 11:00:00,10.0,5.7,180.0,0.25
2025-02-02 12:00:00,9.7,4.9,180.0,0.25
2025-02-02 13:00:00,8.9,4.6,180.0,0.5
2025-02-02 14:00:00,11.7,4.1,180.0,0.5
2025-02-02 15:00:00,13.35,4.35,185.0,0.375
2025-02-02 16:00:00,18.9,4.1,190.0,0.25
2025-02-02 17:00:00,21.7,5.7,200.0,0.25
2025-02-02 18:00:00,22.5,6.2,195.0,0.25
2025-02-02 19:00:00,23.9,6.2,160.0,0.25
2025-02-02 20:00:00,25.0,5.1,180.0,
2025-02-02 21:00:00,25.3,5.9,170.0,0.75
2025-02-02 22:00:00,24.4,7.2,170.0,
2025-02-02 23:00:00,22.2,5.1,160.0,
2025-02-03 00:00:00,21.65,5.1,160.0,0.75
2025-02-03 01:00:00,20.6,6.2,160.0,
2025-02-03 02:00:00,20.0,5.1,170.0,
2025-02-03 03:00:00,20.0,6.6499999999999995,175.0,0.625
2025-02-03 04:00:00,18.3,6.2,190.0,0.5
2025-02-03 05:00:00,17.2,6.7,594.5,0.25
2025-02-03 06:00:00,16.95,6.2,190.0,0.375
2025-02-03 07:00:00,16.1,5.7,190.0,0.25
2025-02-03 08:00:00,15.6,6.2,190.0,0.25
2025-02-03 09:00:00,15.0,5.95,185.0,0.125
2025-02-03 10:00:00,14.4,7.2,190.0,0.0
2025-02-03 11:00:00,14.4,7.7,190.0,0.0
2025-02-03 12:00:00,14.15,7.7,190.0,0.0
2025-02-03 13:00:00,13.9,5.1,180.0,0.0
2025-02-03 14:00:00,15.6,7.2,190.0,0.0
2025-02-03 15:00:00,16.95,7.699999999999999,195.0,0.0
2025-02-03 16:00:00,22.2,7.7,200.0,0.0
2025-02-03 17:00:00,23.9,7.7,200.0,0.0
2025-02-03 18:00:00,25.0,7.45,200.0,0.0
2025-02-03 19:00:00,27.8,7.2,190.0,0.0
2025-02-03 20:00:00,28.3,6.7,200.0,0.0
2025-02-03 21:00:00,28.3,5.9,185.0,0.0
2025-02-03 22:00:00,26.7,6.7,170.0,0.25
2025-02-03 23:00:00,25.6,4.6,170.0,0.25
2025-02-04 00:00:00,24.450000000000003,4.35,160.0,0.125
2025-02-04 01:00:00,21.7,4.1,150.0,0.0
2025-02-04 02:00:00,21.1,4.1,160.0,0.0
2025-02-04 03:00:00,20.85,3.8499999999999996,160.0,0.0
2025-02-04 04:00:00,20.0,4.1,170.0,0.0
2025-02-04 05:00:00,18.9,3.1,589.5,0.0
2025-02-04 06:00:00,19.15,4.1,185.0,0.25
2025-02-04 07:00:00,18.3,4.6,190.0,0.25
2025-02-04 08:00:00,18.3,5.1,190.0,0.25
2025-02-04 09:00:00,18.3,5.833333333333333,193.33333333333334,0.25
2025-02-04 10:00:00,19.4,5.1,200.0,
2025-02-04 11:00:00,18.9,3.6,200.0,
2025-02-04 12:00:00,19.15,2.55,599.5,1.0
2025-02-04 13:00:00,18.9,3.6,210.0,
2025-02-04 14:00:00,19.066666666666666,3.766666666666666,216.66666666666666,
2025-02-04 15:00:00,18.9,3.4749999999999996,235.0,1.0
2025-02-04 16:00:00,12.4,7.033333333333334,330.0,
2025-02-04 17:00:00,11.1,7.2,330.0,
2025-02-04 18:00:00,11.399999999999999,6.15,325.0,1.0
2025-02-04 19:00:00,11.7,5.1,320.0,
2025-02-04 20:00:00,11.1,5.7,320.0,
2025-02-04 21:00:00,11.399999999999999,5.15,335.0,1.0
2025-02-04 22:00:00,11.7,5.7,10.0,
2025-02-04 23:00:00,10.6,3.8499999999999996,20.0,
2025-02-05 00:00:00,10.3,4.1,15.0,1.0
2025-02-05 01:00:00,10.0,4.1,360.0,
2025-02-05 02:00:00,10.0,4.1,30.0,
2025-02-05 03:00:00,10.0,3.933333333333333,20.0,1.0
2025-02-05 04:00:00,9.4,3.6,360.0,
2025-02-05 05:00:00,9.4,4.266666666666667,434.75,
2025-02-05 06:00:00,9.15,4.35,350.0,1.0
2025-02-05 07:00:00,8.9,2.6,10.0,
2025-02-05 08:00:00,8.9,1.8,200.0,
2025-02-05 09:00:00,8.9,2.3,190.0,
2025-02-05 10:00:00,8.3,3.1,10.0,
2025-02-05 11:00:00,8.3,0.0,999.0,
2025-02-05 12:00:00,8.700000000000001,1.2,346.3333333333333,1.0
2025-02-05 13:00:00,8.9,1.8,15.0,
2025-02-05 14:00:00,9.4,0.0,999.0,
2025-02-05 15:00:00,9.7,0.75,504.5,1.0
2025-02-05 16:00:00,10.6,2.1,120.0,
2025-02-05 17:00:00,11.1,0.0,999.0,
2025-02-05 18:00:00,11.95,0.0,999.0,1.0
2025-02-05 19:00:00,15.0,1.3,574.5,
2025-02-05 20:00:00,17.75,3.5999999999999996,155.0,
2025-02-05 21:00:00,20.799999999999997,5.15,160.0,0.625
2025-02-05 22:00:00,22.8,7.2,180.0,0.5
2025-02-05 23:00:00,22.8,7.7,180.0,0.25
2025-02-06 00:00:00,22.25,7.45,180.0,0.125
2025-02-06 01:00:00,21.1,6.7,180.0,0.0
2025-02-06 02:00:00,20.6,5.7,180.0,0.0
2025-02-06 03:00:00,20.3,5.7,185.0,0.0
2025-02-06 04:00:00,19.4,5.7,190.0,0.0
2025-02-06 05:00:00,18.9,5.7,594.5,0.0
2025-02-06 06:00:00,18.049999999999997,4.65,185.0,0.25
2025-02-06 07:00:00,18.9,6.7,190.0,0.25
2025-02-06 08:00:00,18.3,4.6,190.0,0.0
2025-02-06 09:00:00,18.3,4.6,185.0,0.5
2025-02-06 10:00:00,18.85,4.6,190.0,
2025-02-06 11:00:00,19.4,5.1,195.0,
2025-02-06 12:00:00,18.85,4.85,185.0,0.75
2025-02-06 13:00:00,17.96666666666667,4.933333333333333,180.0,
2025-02-06 14:00:00,18.9,4.6,180.0,
2025-02-06 15:00:00,19.75,4.85,185.0,1.0
2025-02-06 16:00:00,22.25,4.85,175.0,0.5
2025-02-06 17:00:00,25.6,5.7,220.0,0.25
2025-02-06 18:00:00,26.15,5.7,220.0,0.25
2025-02-06 19:00:00,27.2,5.7,220.0,0.25
2025-02-06 20:00:00,28.3,4.85,205.0,0.25
2025-02-06 21:00:00,28.05,4.6,190.0,0.25
2025-02-06 22:00:00,27.8,5.7,150.0,0.25
2025-02-06 23:00:00,25.6,4.6,360.0,0.5
2025-02-07 00:00:00,23.1,5.4,360.0,0.5
2025-02-07 01:00:00,18.9,5.7,10.0,
2025-02-07 02:00:00,14.4,8.8,10.0,
2025-02-07 03:00:00,13.05,8.8,10.0,0.5
2025-02-07 04:00:00,10.6,5.7,10.0,0.5
2025-02-07 05:00:00,10.0,4.6,509.5,0.5
2025-02-07 06:00:00,9.7,4.1,20.0,0.5
2025-02-07 07:00:00,9.4,3.1,360.0,0.5
2025-02-07 08:00:00,9.4,3.6,185.0,
2025-02-07 09:00:00,9.7,2.85,20.0,0.75
2025-02-07 10:00:00,10.0,2.6,335.0,
2025-02-07 11:00:00,10.0,3.1,330.0,
2025-02-07 12:00:00,10.0,2.6,336.6666666666667,1.0
2025-02-07 13:00:00,9.7,2.6,340.0,
2025-02-07 14:00:00,10.6,1.5,340.0,
2025-02-07 15:00:00,10.85,1.8,280.0,1.0
2025-02-07 16:00:00,12.8,2.6,300.0,
2025-02-07 17:00:00,13.9,2.1,999.0,
2025-02-07 18:00:00,14.800000000000002,1.2,709.3333333333334,1.0
2025-02-07 19:00:00,18.3,2.1,100.0,
2025-02-07 20:00:00,20.549999999999997,1.3,574.5,
2025-02-07 21:00:00,21.1,3.6,50.0,
2025-02-07 22:00:00,20.6,3.1,30.0,
2025-02-07 23:00:00,19.4,2.6,30.0,0.5
2025-02-08 00:00:00,20.25,4.15,95.0,0.375
2025-02-08 01:00:00,21.7,6.2,160.0,0.25
2025-02-08 02:00:00,21.1,6.7,170.0,0.25
2025-02-08 03:00:00,21.1,5.9,170.0,0.125
2025-02-08 04:00:00,20.6,5.1,170.0,0.0
2025-02-08 05:00:00,20.0,7.2,594.5,0.0
2025-02-08 06:00:00,19.7,6.95,185.0,0.5
2025-02-08 07:00:00,19.7,7.75,190.0,
2025-02-08 08:00:00,20.0,7.949999999999999,190.0,
2025-02-08 09:00:00,20.3,7.7,195.0,0.75
2025-02-08 10:00:00,20.0,6.2,200.0,
2025-02-08 11:00:00,20.6,7.2,200.0,
2025-02-08 12:00:00,20.6,6.7,200.0,0.75
2025-02-08 13:00:00,20.3,6.2,200.0,0.5
2025-02-08 14:00:00,22.2,6.2,210.0,0.25
2025-02-08 15:00:00,23.049999999999997,6.95,210.0,0.25
2025-02-08 16:00:00,26.1,9.3,210.0,0.25
2025-02-08 17:00:00,27.2,8.2,210.0,0.25
2025-02-08 18:00:00,28.049999999999997,7.449999999999999,230.0,0.375
2025-02-08 19:00:00,30.0,6.2,250.0,
2025-02-08 20:00:00,26.1,11.8,330.0,0.5
2025-02-08 21:00:00,23.05,11.8,345.0,0.375
2025-02-08 22:00:00,16.7,10.8,360.0,0.25
2025-02-08 23:00:00,13.9,7.7,350.0,0.25
2025-02-09 00:00:00,13.350000000000001,7.949999999999999,355.0,0.125
2025-02-09 01:00:00,10.6,9.8,10.0,0.25
2025-02-09 02:00:00,10.0,7.7,10.0,0.25
2025-02-09 03:00:00,9.7,6.95,15.0,0.25
2025-02-09 04:00:00,9.4,4.6,30.0,0.5
2025-02-09 05:00:00,9.4,5.1,514.5,0.5
2025-02-09 06:00:00,9.4,4.6,30.0,0.5
2025-02-09 07:00:00,9.4,4.1,20.0,
2025-02-09 08:00:00,10.0,4.1,20.0,
2025-02-09 09:00:00,10.0,4.35,15.0,1.0
2025-02-09 10:00:00,9.4,3.8499999999999996,15.0,
2025-02-09 11:00:00,9.4,5.1,10.0,
2025-02-09 12:00:00,9.15,5.4,15.0,1.0
2025-02-09 13:00:00,8.3,4.1,40.0,
2025-02-09 14:00:00,8.3,5.7,20.0,
2025-02-09 15:00:00,8.3,5.4,190.0,1.0
2025-02-09 16:00:00,7.2,4.85,10.0,
2025-02-09 17:00:00,7.8,4.1,20.0,
2025-02-09 18:00:00,8.05,4.6,15.0,1.0
2025-02-09 19:00:00,7.8,5.7,350.0,
2025-02-09 20:00:00,7.2,6.2,360.0,
2025-02-09 21:00:00,7.2,5.1,350.0,
2025-02-09 22:00:00,6.3,6.0,13.333333333333334,
2025-02-09 23:00:00,6.099999999999999,6.2,10.0,
2025-02-10 00:00:00,6.099999999999999,5.866666666666667,13.333333333333334,1.0
2025-02-10 01:00:00,6.1,6.2,20.0,
2025-02-10 02:00:00,6.1,5.7,20.0,
2025-02-10 03:00:00,6.1,5.95,15.0,1.0
2025-02-10 04:00:00,6.1,4.35,25.0,
2025-02-10 05:00:00,5.85,5.4,349.6666666666667,
2025-02-10 06:00:00,5.6,5.1,35.0,1.0
2025-02-10 07:00:00,6.1,3.6,50.0,
2025-02-10 08:00:00,6.1,4.1,50.0,
2025-02-10 09:00:00,5.85,3.8499999999999996,55.0,1.0
2025-02-10 10:00:00,5.6,3.5999999999999996,40.0,
2025-02-10 11:00:00,5.6,4.6,50.0,
2025-02-10 12:00:00,5.6,4.6,50.0,1.0
2025-02-10 13:00:00,5.6,4.1,60.0,
2025-02-10 14:00:00,5.0,5.1,40.0,
2025-02-10 15:00:00,4.85,4.725,50.0,1.0
2025-02-10 16:00:00,5.0,3.8499999999999996,65.0,
2025-02-10 17:00:00,5.6,3.6,90.0,
2025-02-10 18:00:00,5.6,3.35,75.0,1.0
2025-02-10 19:00:00,5.0,2.85,55.0,
2025-02-10 20:00:00,5.8,1.8,75.0,
2025-02-10 21:00:00,5.6,2.1,60.0,
2025-02-10 22:00:00,5.6,3.6,70.0,
2025-02-10 23:00:00,5.6,3.1,70.0,
2025-02-11 00:00:00,5.6,2.6,75.0,1.0
2025-02-11 01:00:00,5.6,2.6,80.0,
2025-02-11 02:00:00,5.666666666666667,0.5,699.3333333333334,
2025-02-11 03:00:00,5.699999999999999,0.9,547.0,1.0
2025-02-11 04:00:00,6.1,1.5,130.0,
2025-02-11 05:00:00,6.05,0.75,712.6666666666666,
2025-02-11 06:00:00,6.1,1.3,519.5,1.0
2025-02-11 07:00:00,6.1,4.1,360.0,
2025-02-11 08:00:00,5.85,4.35,185.0,
2025-02-11 09:00:00,5.6,4.25,25.0,1.0
2025-02-11 10:00:00,5.6,3.1,20.0,
2025-02-11 11:00:00,5.6,3.8499999999999996,25.0,
2025-02-11 12:00:00,5.6,4.1,10.0,1.0
2025-02-11 13:00:00,5.6,4.1,10.0,
2025-02-11 14:00:00,5.85,4.9,30.0,
2025-02-11 15:00:00,5.933333333333333,5.133333333333333,33.333333333333336,1.0
2025-02-11 16:00:00,6.7,6.2,360.0,
2025-02-11 17:00:00,6.7,5.1,30.0,
2025-02-11 18:00:00,6.7,6.2,360.0,
2025-02-11 19:00:00,6.7,5.7,30.0,
2025-02-11 20:00:00,6.7,3.6,20.0,
2025-02-11 21:00:00,7.2,3.6,30.0,
2025-02-11 22:00:00,6.7,3.6,30.0,
2025-02-11 23:00:00,6.4,3.8499999999999996,10.0,
2025-02-12 00:00:00,5.766666666666666,4.1,10.0,1.0
2025-02-12 01:00:00,5.85,4.35,25.0,
2025-02-12 02:00:00,5.6,4.6,20.0,
2025-02-12 03:00:00,5.85,3.5999999999999996,20.0,1.0
2025-02-12 04:00:00,6.1,3.1,40.0,
2025-02-12 05:00:00,5.6,4.1,529.5,
2025-02-12 06:00:00,5.6,3.8499999999999996,70.0,1.0
2025-02-12 07:00:00,4.7,3.8499999999999996,45.0,
2025-02-12 08:00:00,4.7,8.1,167.5,
2025-02-12 09:00:00,4.416666666666667,7.55,140.0,1.0
2025-02-12 10:00:00,5.0,2.1,999.0,
2025-02-12 11:00:00,5.0,4.6,296.6666666666667,
2025-02-12 12:00:00,4.7,5.9,325.0,1.0
2025-02-12 13:00:00,4.4,4.6,360.0,
2025-02-12 14:00:00,4.4,4.1,340.0,
2025-02-12 15:00:00,4.4,5.333333333333333,346.6666666666667,1.0
2025-02-12 16:00:00,4.4,7.7,350.0,
2025-02-12 17:00:00,5.0,7.7,350.0,
2025-02-12 18:00:00,5.566666666666666,6.7,350.0,1.0
2025-02-12 19:00:00,6.7,7.199999999999999,325.0,
2025-02-12 20:00:00,6.1,8.2,350.0,
2025-02-12 21:00:00,5.25,8.2,340.0,1.0
2025-02-12 22:00:00,3.9,7.7,360.0,
2025-02-12 23:00:00,3.3,8.2,350.0,
2025-02-13 00:00:00,2.75,8.5,345.0,1.0
2025-02-13 01:00:00,1.7,8.8,360.0,
2025-02-13 02:00:00,0.6,8.8,340.0,
2025-02-13 03:00:00,0.0,7.75,345.0,0.75
2025-02-13 04:00:00,-1.1,5.7,340.0,
2025-02-13 05:00:00,-1.1,7.2,669.5,
2025-02-13 06:00:00,-1.6500000000000001,7.45,345.0,0.75
2025-02-13 07:00:00,-2.2,6.7,350.0,
2025-02-13 08:00:00,-2.8,8.2,340.0,
2025-02-13 09:00:00,-3.05,9.0,340.0,0.5
2025-02-13 10:00:00,-4.4,8.2,350.0,
2025-02-13 11:00:00,-5.0,8.8,340.0,
2025-02-13 12:00:00,-5.3,7.75,340.0,0.75
2025-02-13 13:00:00,-5.6,6.2,340.0,
2025-02-13 14:00:00,-4.4,6.2,350.0,
2025-02-13 15:00:00,-3.85,6.2,345.0,0.5
2025-02-13 16:00:00,-2.2,6.7,350.0,
2025-02-13 17:00:00,0.0,5.7,20.0,
2025-02-13 18:00:00,0.55,5.7,180.0,0.5
2025-02-13 19:00:00,2.2,4.6,20.0,
2025-02-13 20:00:00,2.2,4.1,30.0,
2025-02-13 21:00:00,2.5,4.1,190.0,0.75
2025-02-13 22:00:00,2.2,4.1,30.0,
2025-02-13 23:00:00,2.2,3.6,20.0,
2025-02-14 00:00:00,1.9500000000000002,3.6,25.0,1.0
2025-02-14 01:00:00,1.7,3.1,20.0,
2025-02-14 02:00:00,1.7,3.6,80.0,
2025-02-14 03:00:00,1.7,2.55,90.0,1.0
2025-02-14 04:00:00,1.7,1.5,100.0,
2025-02-14 05:00:00,2.2,0.0,999.0,
2025-02-14 06:00:00,2.5,0.0,999.0,1.0
2025-02-14 07:00:00,2.8,0.0,999.0,
2025-02-14 08:00:00,2.8,2.1,100.0,
2025-02-14 09:00:00,2.8,2.1,85.0,1.0
2025-02-14 10:00:00,3.3,2.1,80.0,
2025-02-14 11:00:00,3.3,1.5,90.0,
2025-02-14 12:00:00,3.3,1.5,95.0,0.75
2025-02-14 13:00:00,3.3,3.6,140.0,
2025-02-14 14:00:00,4.4,5.1,130.0,
2025-02-14 15:00:00,5.25,5.4,125.0,0.75
2025-02-14 16:00:00,8.3,4.6,180.0,
2025-02-14 17:00:00,9.4,4.1,160.0,
2025-02-14 18:00:00,10.55,4.6,160.0,1.0
2025-02-14 19:00:00,11.7,4.6,160.0,
2025-02-14 20:00:00,11.1,5.7,160.0,
2025-02-14 21:00:00,10.85,6.075,152.5,1.0
2025-02-14 22:00:00,10.0,5.7,160.0,
2025-02-14 23:00:00,9.4,4.1,160.0,
2025-02-15 00:00:00,9.4,5.15,160.0,1.0
2025-02-15 01:00:00,9.15,6.95,160.0,
2025-02-15 02:00:00,8.15,7.7,155.0,
2025-02-15 03:00:00,8.3,6.7,165.0,1.0
2025-02-15 04:00:00,8.3,6.7,160.0,
2025-02-15 05:00:00,8.3,5.1,579.5,
2025-02-15 06:00:00,8.3,5.1,165.0,1.0
2025-02-15 07:00:00,8.3,5.1,170.0,
2025-02-15 08:00:00,8.3,5.7,170.0,
2025-02-15 09:00:00,8.3,4.9,175.0,1.0
2025-02-15 10:00:00,8.3,3.1,150.0,
2025-02-15 11:00:00,8.600000000000001,3.35,170.0,
2025-02-15 12:00:00,8.75,1.9500000000000002,372.25,1.0
2025-02-15 13:00:00,8.9,2.066666666666667,210.0,
2025-02-15 14:00:00,9.066666666666668,3.5999999999999996,136.66666666666666,
2025-02-15 15:00:00,10.0,3.5999999999999996,160.0,1.0
2025-02-15 16:00:00,11.7,4.6,210.0,
2025-02-15 17:00:00,13.3,5.4,205.0,
2025-02-15 18:00:00,15.733333333333334,5.666666666666667,220.0,1.0
2025-02-15 19:00:00,18.3,6.2,250.0,
2025-02-15 20:00:00,20.6,5.1,240.0,
2025-02-15 21:00:00,21.4,5.1,265.0,0.25
2025-02-15 22:00:00,15.0,13.4,330.0,
2025-02-15 23:00:00,11.1,11.3,330.0,
2025-02-16 00:00:00,9.7,11.3,335.0,0.25
2025-02-16 01:00:00,7.5,9.0,340.0,
2025-02-16 02:00:00,5.6,11.3,340.0,
2025-02-16 03:00:00,4.633333333333334,11.133333333333335,336.6666666666667,0.75
2025-02-16 04:00:00,2.2,10.3,330.0,
2025-02-16 05:00:00,1.7,7.7,669.5,
2025-02-16 06:00:00,1.4,7.949999999999999,340.0,0.5
2025-02-16 07:00:00,1.1,7.449999999999999,335.0,
2025-02-16 08:00:00,0.6,8.25,340.0,
2025-02-16 09:00:00,0.0,8.25,340.0,0.5
2025-02-16 10:00:00,-0.6,9.8,340.0,
2025-02-16 11:00:00,-1.1,7.2,330.0,
2025-02-16 12:00:00,-1.1,7.2,335.0,0.25
2025-02-16 13:00:00,-1.1,8.2,340.0,
2025-02-16 14:00:00,0.0,8.2,340.0,
2025-02-16 15:00:00,0.85,7.949999999999999,340.0,0.25
2025-02-16 16:00:00,2.8,5.1,360.0,
2025-02-16 17:00:00,3.9,6.2,340.0,
2025-02-16 18:00:00,4.75,6.7,340.0,0.75
2025-02-16 19:00:00,6.1,5.7,340.0,
2025-02-16 20:00:00,7.8,6.7,350.0,
2025-02-16 21:00:00,7.8,6.95,190.0,0.25
2025-02-16 22:00:00,7.2,5.7,10.0,
2025-02-16 23:00:00,6.1,3.6,10.0,
2025-02-17 00:00:00,5.0,3.6,20.0,0.5
2025-02-17 01:00:00,3.3,2.6,30.0,
2025-02-17 02:00:00,2.2,3.6,30.0,
2025-02-17 03:00:00,2.75,2.55,50.0,0.5
2025-02-17 04:00:00,1.1,2.6,60.0,
2025-02-17 05:00:00,0.6,2.6,529.5,
2025-02-17 06:00:00,1.15,2.6,70.0,0.5
2025-02-17 07:00:00,-0.6,3.1,60.0,
2025-02-17 08:00:00,0.6,3.1,100.0,
2025-02-17 09:00:00,0.3,2.6,90.0,0.5
2025-02-17 10:00:00,-0.6,2.1,90.0,
2025-02-17 11:00:00,-0.6,0.0,999.0,
2025-02-17 12:00:00,-0.8500000000000001,1.3,549.5,0.75
2025-02-17 13:00:00,0.6,3.1,100.0,
2025-02-17 14:00:00,2.2,5.1,130.0,
2025-02-17 15:00:00,3.3000000000000003,5.4,140.0,0.5
2025-02-17 16:00:00,6.1,6.7,140.0,
2025-02-17 17:00:00,8.3,5.1,140.0,
2025-02-17 18:00:00,9.15,5.1,145.0,0.5
2025-02-17 19:00:00,11.1,5.1,160.0,
2025-02-17 20:00:00,12.2,6.2,140.0,
2025-02-17 21:00:00,12.75,6.7,145.0,0.25
2025-02-17 22:00:00,13.3,6.2,140.0,
2025-02-17 23:00:00,12.2,6.2,160.0,
2025-02-18 00:00:00,11.95,5.15,160.0,0.5
2025-02-18 01:00:00,10.0,4.1,150.0,
2025-02-18 02:00:00,10.6,5.1,140.0,
2025-02-18 03:00:00,10.0,4.6,135.0,0.75
2025-02-18 04:00:00,9.4,4.6,130.0,
2025-02-18 05:00:00,10.0,5.1,569.5,
2025-02-18 06:00:00,10.3,5.1,135.0,0.75
2025-02-18 07:00:00,10.6,4.85,130.0,
2025-02-18 08:00:00,10.6,5.7,130.0,
2025-02-18 09:00:00,10.6,5.4,130.0,1.0
2025-02-18 10:00:00,10.0,4.6,110.0,
2025-02-18 11:00:00,9.4,5.65,110.0,
2025-02-18 12:00:00,8.850000000000001,5.65,115.0,1.0
2025-02-18 13:00:00,8.600000000000001,4.6,130.0,
2025-02-18 14:00:00,8.9,4.6,140.0,
2025-02-18 15:00:00,9.45,4.35,130.0,1.0
2025-02-18 16:00:00,10.0,3.1,110.0,
2025-02-18 17:00:00,10.0,4.1,10.0,
2025-02-18 18:00:00,8.1,6.16,284.0,1.0
2025-02-18 19:00:00,4.4,8.8,360.0,
2025-02-18 20:00:00,3.5999999999999996,8.25,355.0,
2025-02-18 21:00:00,2.2,9.3,350.0,1.0
2025-02-18 22:00:00,0.0,9.8,340.0,
2025-02-18 23:00:00,-0.8500000000000001,11.05,340.0,
2025-02-19 00:00:00,-2.4,11.466666666666669,340.0,1.0
2025-02-19 01:00:00,-4.4,9.3,350.0,
2025-02-19 02:00:00,-5.6,11.3,340.0,
2025-02-19 03:00:00,-6.133333333333333,11.333333333333334,340.0,1.0
2025-02-19 04:00:00,-6.7,9.3,340.0,
2025-02-19 05:00:00,-7.2,9.3,669.5,
2025-02-19 06:00:00,-7.5,9.55,340.0,1.0
2025-02-19 07:00:00,-8.3,8.75,340.0,
2025-02-19 08:00:00,-8.9,9.05,340.0,
2025-02-19 09:00:00,-8.9,8.25,340.0,1.0
2025-02-19 10:00:00,-9.4,9.8,340.0,
2025-02-19 11:00:00,-10.0,10.8,350.0,
2025-02-19 12:00:00,-10.3,10.8,350.0,1.0
2025-02-19 13:00:00,-10.6,11.8,340.0,
2025-02-19 14:00:00,-10.6,9.55,345.0,
2025-02-19 15:00:00,-10.3,9.3,350.0,1.0
2025-02-19 16:00:00,-10.0,9.3,340.0,
2025-02-19 17:00:00,-8.9,10.8,340.0,
2025-02-19 18:00:00,-8.35,10.8,345.0,1.0
2025-02-19 19:00:00,-7.5,11.3,345.0,
2025-02-19 20:00:00,-5.0,8.2,360.0,
2025-02-19 21:00:00,-4.15,7.699999999999999,355.0,1.0
2025-02-19 22:00:00,-2.8,6.2,10.0,
2025-02-19 23:00:00,-3.9,6.7,10.0,
2025-02-20 00:00:00,-4.45,6.45,10.0,0.25
2025-02-20 01:00:00,-6.1,8.8,10.0,
2025-02-20 02:00:00,-6.7,7.2,10.0,
2025-02-20 03:00:00,-6.7,7.033333333333332,10.0,0.5
2025-02-20 04:00:00,-7.2,8.8,360.0,
2025-02-20 05:00:00,-7.2,6.7,504.5,
2025-02-20 06:00:00,-7.5,7.449999999999999,185.0,0.75
2025-02-20 07:00:00,-8.600000000000001,8.0,360.0,
2025-02-20 08:00:00,-9.4,7.7,10.0,
2025-02-20 09:00:00,-9.4,7.2,185.0,0.25
2025-02-20 10:00:00,-10.0,7.2,360.0,
2025-02-20 11:00:00,-10.6,7.7,10.0,0.0
2025-02-20 12:00:00,-10.85,7.45,185.0,
2025-02-20 13:00:00,-10.0,6.2,10.0,
2025-02-20 14:00:00,-8.9,7.2,20.0,
2025-02-20 15:00:00,-8.600000000000001,6.7,20.0,0.5
2025-02-20 16:00:00,-6.7,6.2,360.0,
2025-02-20 17:00:00,-4.4,6.7,360.0,
2025-02-20 18:00:00,-3.9,6.2,350.0,
2025-02-20 19:00:00,-2.2,3.1,999.0,
2025-02-20 20:00:00,-1.7,3.6,10.0,
2025-02-20 21:00:00,-1.1,4.6,350.0,
2025-02-20 22:00:00,-0.6,5.7,360.0,
2025-02-20 23:00:00,-1.7,4.1,30.0,
2025-02-21 00:00:00,-2.25,4.6,30.0,0.25
2025-02-21 01:00:00,-3.3,3.1,50.0,
2025-02-21 02:00:00,-3.9,3.6,30.0,
2025-02-21 03:00:00,-3.9,3.8499999999999996,30.0,0.25
2025-02-21 04:00:00,-4.4,4.6,30.0,
2025-02-21 05:00:00,-5.6,3.6,514.5,
2025-02-21 06:00:00,-5.6,3.8499999999999996,30.0,0.5
2025-02-21 07:00:00,-5.6,4.1,20.0,
2025-02-21 08:00:00,-5.6,4.1,30.0,
2025-02-21 09:00:00,-5.3,4.1,20.0,0.75
2025-02-21 10:00:00,-5.6,4.6,40.0,
2025-02-21 11:00:00,-5.0,3.6,30.0,
2025-02-21 12:00:00,-5.0,3.6,35.0,1.0
2025-02-21 13:00:00,-3.9,5.1,40.0,
2025-02-21 14:00:00,-3.3,4.1,50.0,
2025-02-21 15:00:00,-2.75,3.8499999999999996,65.0,1.0
2025-02-21 16:00:00,-2.2,1.5,110.0,
2025-02-21 17:00:00,-1.1,2.6,40.0,
2025-02-21 18:00:00,-1.1,2.05,195.0,1.0
2025-02-21 19:00:00,0.0,2.1,999.0,
2025-02-21 20:00:00,0.0,2.6,60.0,
2025-02-21 21:00:00,0.0,2.35,60.0,1.0
2025-02-21 22:00:00,0.6,2.6,20.0,
2025-02-21 23:00:00,0.0,3.6,360.0,
2025-02-22 00:00:00,0.0,3.1,190.0,1.0
2025-02-22 01:00:00,0.6,2.1,80.0,
2025-02-22 02:00:00,0.0,2.1,60.0,
2025-02-22 03:00:00,0.0,1.8,65.0,1.0
2025-02-22 04:00:00,0.0,1.5,140.0,
2025-02-22 05:00:00,0.0,0.0,999.0,
2025-02-22 06:00:00,0.0,0.0,999.0,1.0
2025-02-22 07:00:00,0.0,0.0,999.0,
2025-02-22 08:00:00,0.0,0.0,999.0,
2025-02-22 09:00:00,0.0,0.0,999.0,1.0
2025-02-22 10:00:00,-1.1,0.0,999.0,0.0
2025-02-22 11:00:00,-2.2,1.5,340.0,
2025-02-22 12:00:00,-2.5,0.75,669.5,0.5
2025-02-22 13:00:00,0.0,0.0,999.0,
2025-02-22 14:00:00,1.1,0.0,999.0,
2025-02-22 15:00:00,1.6500000000000001,0.0,999.0,0.75
2025-02-22 16:00:00,3.9,0.0,999.0,
2025-02-22 17:00:00,5.0,0.0,999.0,
2025-02-22 18:00:00,6.4,1.05,529.5,0.75
2025-02-22 19:00:00,8.9,2.6,110.0,
2025-02-22 20:00:00,10.0,2.1,120.0,
2025-02-22 21:00:00,10.3,2.1,95.0,0.25
2025-02-22 22:00:00,10.6,2.1,100.0,
2025-02-22 23:00:00,9.4,3.6,120.0,
2025-02-23 00:00:00,8.3,3.35,120.0,0.25
2025-02-23 01:00:00,6.1,1.5,110.0,0.25
2025-02-23 02:00:00,6.1,2.6,100.0,0.25
2025-02-23 03:00:00,5.55,2.35,120.0,0.25
2025-02-23 04:00:00,5.0,2.6,210.0,
2025-02-23 05:00:00,6.1,1.5,599.5,
2025-02-23 06:00:00,5.85,1.5,155.0,0.75
2025-02-23 07:00:00,6.1,0.0,999.0,
2025-02-23 08:00:00,6.7,3.6,215.0,
2025-02-23 09:00:00,6.3,3.1,176.66666666666666,1.0
2025-02-23 10:00:00,5.0,3.1,150.0,
2025-02-23 11:00:00,4.4,2.6,150.0,
2025-02-23 12:00:00,4.4,2.6,140.0,1.0
2025-02-23 13:00:00,5.0,0.0,999.0,
2025-02-23 14:00:00,5.6,1.5,190.0,
2025-02-23 15:00:00,6.4,1.8,180.0,0.75
2025-02-23 16:00:00,10.0,2.6,120.0,0.5
2025-02-23 17:00:00,12.2,0.0,999.0,0.25
2025-02-23 18:00:00,13.6,1.3,529.5,0.25
2025-02-23 19:00:00,16.1,0.0,999.0,0.25
2025-02-23 20:00:00,17.2,0.0,999.0,0.25
2025-02-23 21:00:00,17.5,1.05,569.5,0.25
2025-02-23 22:00:00,17.8,3.6,150.0,0.25
2025-02-23 23:00:00,16.1,3.6,130.0,0.25
2025-02-24 00:00:00,14.700000000000001,3.6,125.0,0.25
2025-02-24 01:00:00,11.1,2.1,130.0,
2025-02-24 02:00:00,9.4,3.1,120.0,0.0
2025-02-24 03:00:00,9.4,2.85,130.0,0.0
2025-02-24 04:00:00,8.9,2.6,150.0,0.0
2025-02-24 05:00:00,7.8,2.1,579.5,0.0
2025-02-24 06:00:00,7.25,2.35,170.0,0.0
2025-02-24 07:00:00,6.1,2.1,170.0,0.0
2025-02-24 08:00:00,6.1,2.1,190.0,0.0
2025-02-24 09:00:00,5.85,2.1,170.0,0.25
2025-02-24 10:00:00,5.0,2.1,160.0,0.5
2025-02-24 11:00:00,6.82,3.8,178.0,
2025-02-24 12:00:00,6.333333333333333,2.9333333333333336,170.0,
2025-02-24 13:00:00,6.1,3.1,170.0,
2025-02-24 14:00:00,6.7,3.1,150.0,
2025-02-24 15:00:00,7.400000000000001,3.433333333333333,153.33333333333334,
2025-02-24 16:00:00,10.0,3.5999999999999996,166.66666666666666,0.375
2025-02-24 17:00:00,17.2,6.2,170.0,
2025-02-24 18:00:00,18.299999999999997,5.4,170.0,0.75
2025-02-24 19:00:00,20.6,5.1,160.0,0.25
2025-02-24 20:00:00,21.7,5.1,160.0,0.25
2025-02-24 21:00:00,21.95,4.85,160.0,0.25
2025-02-24 22:00:00,22.2,5.1,180.0,0.0
2025-02-24 23:00:00,21.1,5.7,170.0,0.25
2025-02-25 00:00:00,19.450000000000003,4.4,160.0,0.375
2025-02-25 01:00:00,15.6,3.1,140.0,0.25
2025-02-25 02:00:00,15.6,4.1,120.0,0.0
2025-02-25 03:00:00,15.0,4.1,130.0,0.0
2025-02-25 04:00:00,13.3,2.6,140.0,0.0
2025-02-25 05:00:00,12.8,3.1,574.5,0.0
2025-02-25 06:00:00,12.25,2.6,145.0,0.0
2025-02-25 07:00:00,10.6,1.5,100.0,0.0
2025-02-25 08:00:00,9.4,1.5,130.0,0.0
2025-02-25 09:00:00,9.4,1.8,150.0,0.0
2025-02-25 10:00:00,8.3,1.5,100.0,0.0
2025-02-25 11:00:00,8.3,2.1,110.0,0.0
2025-02-25 12:00:00,7.75,2.1,130.0,0.0
2025-02-25 13:00:00,8.9,1.5,140.0,0.25
2025-02-25 14:00:00,12.2,2.1,140.0,0.25
2025-02-25 15:00:00,14.15,2.85,160.0,0.25
2025-02-25 16:00:00,18.3,3.1,120.0,0.25
2025-02-25 17:00:00,21.7,4.6,130.0,0.25
2025-02-25 18:00:00,22.5,4.35,140.0,0.125
2025-02-25 19:00:00,25.0,6.2,150.0,0.0
2025-02-25 20:00:00,26.1,6.7,170.0,0.0
2025-02-25 21:00:00,25.85,6.2,165.0,0.0
2025-02-25 22:00:00,24.4,7.2,150.0,0.0
2025-02-25 23:00:00,22.8,6.7,150.0,0.0
2025-02-26 00:00:00,21.950000000000003,6.45,155.0,0.0
2025-02-26 01:00:00,20.0,5.1,160.0,0.0
2025-02-26 02:00:00,18.9,4.1,160.0,0.0
2025-02-26 03:00:00,18.6,4.1,160.0,0.0
2025-02-26 04:00:00,16.7,4.1,170.0,0.0
2025-02-26 05:00:00,16.7,5.7,579.5,0.0
2025-02-26 06:00:00,16.4,5.15,160.0,0.0
2025-02-26 07:00:00,15.0,4.1,160.0,0.0
2025-02-26 08:00:00,15.0,5.7,170.0,0.0
2025-02-26 09:00:00,14.7,6.2,175.0,0.0
2025-02-26 10:00:00,13.9,6.2,180.0,0.25
2025-02-26 11:00:00,13.9,8.8,190.0,0.5
2025-02-26 12:00:00,14.233333333333334,7.900000000000001,186.66666666666666,0.5
2025-02-26 13:00:00,14.4,6.7,190.0,0.5
2025-02-26 14:00:00,16.7,7.7,180.0,0.25
2025-02-26 15:00:00,17.799999999999997,7.2,190.0,0.25
2025-02-26 16:00:00,21.1,5.7,190.0,0.25
2025-02-26 17:00:00,22.8,5.1,200.0,0.25
2025-02-26 18:00:00,23.35,4.85,205.0,0.25
2025-02-26 19:00:00,25.0,4.6,210.0,0.5
2025-02-26 20:00:00,25.6,2.1,230.0,0.5
2025-02-26 21:00:00,26.15,1.05,614.5,0.5
2025-02-26 22:00:00,25.6,1.5,130.0,0.5
2025-02-26 23:00:00,23.9,3.1,30.0,
2025-02-27 00:00:00,23.6,4.4,25.0,0.75
2025-02-27 01:00:00,20.6,9.8,20.0,
2025-02-27 02:00:00,19.4,7.7,30.0,
2025-02-27 03:00:00,18.85,6.7,25.0,0.75
2025-02-27 04:00:00,17.8,7.7,30.0,0.5
2025-02-27 05:00:00,17.2,7.7,514.5,
2025-02-27 06:00:00,16.1,7.45,30.0,1.0
2025-02-27 07:00:00,13.200000000000001,4.433333333333333,236.66666666666666,
2025-02-27 08:00:00,13.05,3.8499999999999996,190.0,
2025-02-27 09:00:00,12.75,4.6,360.0,0.75
2025-02-27 10:00:00,12.2,4.6,360.0,
2025-02-27 11:00:00,11.7,3.1,340.0,
2025-02-27 12:00:00,11.399999999999999,3.5999999999999996,340.0,0.75
2025-02-27 13:00:00,11.1,5.1,340.0,
2025-02-27 14:00:00,13.3,4.1,350.0,
2025-02-27 15:00:00,14.700000000000001,4.9,180.0,0.75
2025-02-27 16:00:00,16.7,4.6,10.0,
2025-02-27 17:00:00,18.9,5.7,360.0,
2025-02-27 18:00:00,19.15,6.949999999999999,355.0,0.75
2025-02-27 19:00:00,21.1,8.2,10.0,0.5
2025-02-27 20:00:00,21.1,5.1,30.0,0.25
2025-02-27 21:00:00,21.1,5.4,25.0,0.25
2025-02-27 22:00:00,21.1,4.6,20.0,0.25
2025-02-27 23:00:00,19.4,3.1,10.0,0.25
2025-02-28 00:00:00,18.299999999999997,2.3,20.0,0.25
2025-02-28 01:00:00,16.1,2.1,350.0,0.0
2025-02-28 02:00:00,12.8,1.5,340.0,0.0
2025-02-28 03:00:00,13.9,0.75,669.5,0.0
2025-02-28 04:00:00,13.3,0.0,999.0,0.25
2025-02-28 05:00:00,10.6,1.5,599.5,0.25
2025-02-28 06:00:00,10.0,1.5,225.0,0.25
2025-02-28 07:00:00,8.9,1.5,330.0,0.25
2025-02-28 08:00:00,7.2,2.6,210.0,0.25
2025-02-28 09:00:00,7.65,2.05,215.0,0.25
2025-02-28 10:00:00,7.8,2.1,230.0,0.25
2025-02-28 11:00:00,5.6,2.1,190.0,
2025-02-28 12:00:00,6.7,3.1,220.0,
2025-02-28 13:00:00,8.3,4.1,220.0,
2025-02-28 14:00:00,13.9,4.1,230.0,
2025-02-28 15:00:00,17.8,4.6,220.0,
2025-02-28 16:00:00,20.6,7.2,200.0,
2025-02-28 17:00:00,21.7,4.6,220.0,
2025-02-28 18:00:00,23.3,5.7,190.0,
2025-02-28 19:00:00,23.3,2.6,210.0,0.25
2025-02-28 20:00:00,23.9,3.1,190.0,0.25
2025-02-28 21:00:00,23.9,3.8499999999999996,200.0,0.375
2025-02-28 22:00:00,23.3,3.6,200.0,
2025-02-28 23:00:00,21.7,2.6,180.0,
2025-03-01 00:00:00,20.0,2.6,175.0,0.75
2025-03-01 01:00:00,17.8,0.0,999.0,0.5
2025-03-01 02:00:00,16.1,2.1,170.0,0.25
2025-03-01 03:00:00,15.850000000000001,3.0999999999999996,175.0,0.25
2025-03-01 04:00:00,13.3,4.6,190.0,0.0
2025-03-01 05:00:00,12.2,4.1,599.5,0.0
2025-03-01 06:00:00,12.5,3.3499999999999996,215.0,0.0
2025-03-01 07:00:00,11.1,3.1,210.0,0.0
2025-03-01 08:00:00,11.1,4.6,220.0,0.0
2025-03-01 09:00:00,10.25,3.05,215.0,0.0
2025-03-01 10:00:00,10.0,0.0,999.0,0.0
2025-03-01 11:00:00,9.4,2.6,350.0,0.0
2025-03-01 12:00:00,9.4,2.6,180.0,0.0
2025-03-01 13:00:00,11.7,2.1,350.0,0.25
2025-03-01 14:00:00,14.4,4.1,20.0,0.25
2025-03-01 15:00:00,16.1,3.8499999999999996,40.0,0.25
2025-03-01 16:00:00,21.7,3.1,90.0,0.25
2025-03-01 17:00:00,23.3,2.6,80.0,0.25
2025-03-01 18:00:00,23.85,2.6,90.0,0.25
2025-03-01 19:00:00,26.1,2.6,90.0,0.25
2025-03-01 20:00:00,26.1,2.1,130.0,0.25
2025-03-01 21:00:00,26.1,2.85,115.0,0.25
2025-03-01 22:00:00,25.6,2.1,999.0,0.0
2025-03-01 23:00:00,23.9,2.6,100.0,0.0
2025-03-02 00:00:00,22.5,2.35,95.0,0.0
2025-03-02 01:00:00,20.0,3.1,80.0,0.0
2025-03-02 02:00:00,18.3,3.1,80.0,0.0
2025-03-02 03:00:00,18.05,3.1,85.0,0.25
2025-03-02 04:00:00,17.8,5.1,100.0,0.25
2025-03-02 05:00:00,17.2,6.2,554.5,0.5
2025-03-02 06:00:00,16.95,6.2,110.0,0.5
2025-03-02 07:00:00,16.1,4.6,110.0,0.5
2025-03-02 08:00:00,14.4,3.6,120.0,0.5
2025-03-02 09:00:00,14.4,4.1,110.0,0.5
2025-03-02 10:00:00,13.9,5.1,120.0,
2025-03-02 11:00:00,13.9,7.2,130.0,
2025-03-02 12:00:00,13.350000000000001,6.7,135.0,0.75
2025-03-02 13:00:00,13.3,7.2,130.0,0.5
2025-03-02 14:00:00,15.0,7.7,140.0,0.25
2025-03-02 15:00:00,16.1,8.25,140.0,0.25
2025-03-02 16:00:00,20.0,9.8,130.0,0.25
2025-03-02 17:00:00,21.1,8.2,150.0,0.25
2025-03-02 18:00:00,21.950000000000003,8.5,150.0,0.25
2025-03-02 19:00:00,24.4,9.3,150.0,0.25
2025-03-02 20:00:00,23.9,8.2,180.0,
2025-03-02 21:00:00,24.15,9.25,170.0,0.75
2025-03-02 22:00:00,23.3,7.2,130.0,
2025-03-02 23:00:00,22.2,7.2,120.0,
2025-03-03 00:00:00,20.0,6.45,130.0,1.0
2025-03-03 01:00:00,15.0,6.2,120.0,
2025-03-03 02:00:00,15.6,3.1,110.0,
2025-03-03 03:00:00,15.3,4.1,105.0,0.75
2025-03-03 04:00:00,14.4,5.7,100.0,
2025-03-03 05:00:00,14.15,4.9,396.3333333333333,
2025-03-03 06:00:00,13.9,4.35,95.0,1.0
2025-03-03 07:00:00,13.3,8.2,120.0,
2025-03-03 08:00:00,12.8,5.7,140.0,
2025-03-03 09:00:00,12.8,5.4,135.0,1.0
2025-03-03 10:00:00,12.8,4.6,130.0,
2025-03-03 11:00:00,12.8,4.35,135.0,
2025-03-03 12:00:00,12.8,4.6,135.0,1.0
2025-03-03 13:00:00,12.8,6.2,140.0,
2025-03-03 14:00:00,13.3,5.1,140.0,
2025-03-03 15:00:00,13.850000000000001,5.9,145.0,1.0
2025-03-03 16:00:00,14.4,6.2,140.0,
2025-03-03 17:00:00,15.3,5.4,145.0,
2025-03-03 18:00:00,16.4,5.1,150.0,1.0
2025-03-03 19:00:00,17.8,5.1,150.0,
2025-03-03 20:00:00,19.4,6.7,140.0,
2025-03-03 21:00:00,19.8,7.033333333333334,140.0,1.0
2025-03-03 22:00:00,20.55,6.2,125.0,
2025-03-03 23:00:00,20.0,8.2,140.0,
2025-03-04 00:00:00,19.7,7.449999999999999,135.0,0.75
2025-03-04 01:00:00,19.4,7.7,140.0,
2025-03-04 02:00:00,18.9,8.2,140.0,
2025-03-04 03:00:00,19.15,7.949999999999999,140.0,0.75
2025-03-04 04:00:00,20.0,6.7,150.0,
2025-03-04 05:00:00,21.1,11.05,446.3333333333333,
2025-03-04 06:00:00,21.1,11.55,170.0,1.0
2025-03-04 07:00:00,21.1,10.3,170.0,
2025-03-04 08:00:00,21.7,11.8,170.0,
2025-03-04 09:00:00,21.7,11.3,185.0,1.0
2025-03-04 10:00:00,21.066666666666666,13.200000000000001,183.33333333333334,
2025-03-04 11:00:00,13.983333333333334,13.800000000000002,261.6666666666667,
2025-03-04 12:00:00,10.0,7.533333333333334,316.6666666666667,1.0
2025-03-04 13:00:00,10.0,2.1,130.0,
2025-03-04 14:00:00,11.1,7.2,240.0,
2025-03-04 15:00:00,13.05,6.95,235.0,0.5
2025-03-04 16:00:00,17.8,8.2,250.0,0.25
2025-03-04 17:00:00,19.4,14.9,250.0,0.25
2025-03-04 18:00:00,19.7,15.45,250.0,0.25
2025-03-04 19:00:00,20.0,11.3,240.0,
2025-03-04 20:00:00,18.48,15.74,256.0,
2025-03-04 21:00:00,17.75,14.4,265.0,0.75
2025-03-04 22:00:00,16.1,10.8,270.0,
2025-03-04 23:00:00,15.6,15.4,290.0,0.5
2025-03-05 00:00:00,15.0,14.15,290.0,0.5
2025-03-05 01:00:00,13.3,9.3,300.0,
2025-03-05 02:00:00,12.8,16.5,310.0,
2025-03-05 03:00:00,12.25,15.7,310.0,0.5
2025-03-05 04:00:00,10.0,12.9,310.0,
2025-03-05 05:00:00,9.4,9.3,659.5,
2025-03-05 06:00:00,9.4,8.5,315.0,0.25
2025-03-05 07:00:00,8.9,8.2,320.0,
2025-03-05 08:00:00,8.3,8.8,330.0,0.0
2025-03-05 09:00:00,8.05,9.55,325.0,
2025-03-05 10:00:00,7.2,8.8,330.0,0.0
2025-03-05 11:00:00,6.7,8.2,310.0,
2025-03-05 12:00:00,6.4,7.699999999999999,305.0,0.25
2025-03-05 13:00:00,6.7,10.8,320.0,0.0
2025-03-05 14:00:00,7.8,11.3,320.0,0.0
2025-03-05 15:00:00,8.6,11.05,320.0,0.0
2025-03-05 16:00:00,11.1,9.3,320.0,0.0
2025-03-05 17:00:00,12.2,10.3,330.0,0.0
2025-03-05 18:00:00,12.75,9.55,320.0,0.0
2025-03-05 19:00:00,15.0,8.8,320.0,0.0
2025-03-05 20:00:00,16.1,6.7,340.0,0.0
2025-03-05 21:00:00,16.1,7.2,340.0,0.0
2025-03-05 22:00:00,16.1,6.7,330.0,0.0
2025-03-05 23:00:00,15.0,5.7,320.0,0.0
2025-03-06 00:00:00,13.6,4.65,335.0,
2025-03-06 01:00:00,12.2,3.6,320.0,
2025-03-06 02:00:00,12.2,2.6,320.0,0.0
2025-03-06 03:00:00,10.8,2.35,325.0,
2025-03-06 04:00:00,9.4,0.0,999.0,
2025-03-06 05:00:00,8.9,2.1,614.5,
2025-03-06 06:00:00,7.800000000000001,1.05,614.5,0.75
2025-03-06 07:00:00,6.7,0.0,999.0,
2025-03-06 08:00:00,6.1,2.1,70.0,
2025-03-06 09:00:00,5.85,1.8,90.0,0.25
2025-03-06 10:00:00,6.1,1.5,120.0,
2025-03-06 11:00:00,6.7,1.5,130.0,
2025-03-06 12:00:00,6.7,1.8,135.0,0.75
2025-03-06 13:00:00,7.8,3.1,180.0,
2025-03-06 14:00:00,10.0,3.6,150.0,
2025-03-06 15:00:00,11.4,4.65,145.0,0.75
2025-03-06 16:00:00,14.4,5.1,140.0,
2025-03-06 17:00:00,16.1,6.7,130.0,
2025-03-06 18:00:00,16.65,7.449999999999999,125.0,0.75
2025-03-06 19:00:00,18.3,6.7,140.0,
2025-03-06 20:00:00,18.3,7.2,140.0,
2025-03-06 21:00:00,18.05,7.45,140.0,0.75
2025-03-06 22:00:00,17.8,6.7,150.0,
2025-03-06 23:00:00,17.2,7.2,140.0,
2025-03-07 00:00:00,16.95,5.9,145.0,0.75
2025-03-07 01:00:00,16.1,5.7,140.0,
2025-03-07 02:00:00,15.0,4.1,150.0,
2025-03-07 03:00:00,15.3,4.9,155.0,0.75
2025-03-07 04:00:00,15.0,7.2,160.0,
2025-03-07 05:00:00,15.0,8.2,589.5,
2025-03-07 06:00:00,15.0,7.949999999999999,175.0,1.0
2025-03-07 07:00:00,15.0,8.75,175.0,
2025-03-07 08:00:00,15.0,7.7,170.0,
2025-03-07 09:00:00,15.0,6.95,175.0,1.0
2025-03-07 10:00:00,15.0,8.2,190.0,
2025-03-07 11:00:00,15.0,6.6499999999999995,185.0,
2025-03-07 12:00:00,15.0,4.85,180.0,1.0
2025-03-07 13:00:00,15.6,5.1,170.0,
2025-03-07 14:00:00,16.1,4.1,170.0,
2025-03-07 15:00:00,16.65,4.35,190.0,1.0
2025-03-07 16:00:00,20.6,4.1,220.0,
2025-03-07 17:00:00,23.3,3.1,240.0,
2025-03-07 18:00:00,24.450000000000003,2.6,245.0,0.75
2025-03-07 19:00:00,27.2,2.1,10.0,
2025-03-07 20:00:00,27.8,1.5,300.0,
2025-03-07 21:00:00,27.5,2.3,245.0,0.75
2025-03-07 22:00:00,26.7,1.5,110.0,
2025-03-07 23:00:00,25.6,2.6,130.0,
2025-03-08 00:00:00,24.200000000000003,2.05,125.0,0.125
2025-03-08 01:00:00,21.1,3.6,120.0,0.0
2025-03-08 02:00:00,20.0,2.6,110.0,0.0
2025-03-08 03:00:00,19.45,2.85,95.0,0.0
2025-03-08 04:00:00,17.8,2.1,60.0,0.0
2025-03-08 05:00:00,17.8,7.2,514.5,
2025-03-08 06:00:00,16.950000000000003,6.45,30.0,0.5
2025-03-08 07:00:00,15.0,5.7,30.0,
2025-03-08 08:00:00,13.9,6.7,30.0,
2025-03-08 09:00:00,13.600000000000001,7.449999999999999,25.0,0.75
2025-03-08 10:00:00,12.2,6.7,10.0,
2025-03-08 11:00:00,9.4,6.2,40.0,
2025-03-08 12:00:00,9.52,4.12,110.0,1.0
2025-03-08 13:00:00,9.4,6.2,350.0,
2025-03-08 14:00:00,8.3,7.2,20.0,
2025-03-08 15:00:00,8.600000000000001,6.7,20.0,1.0
2025-03-08 16:00:00,10.0,6.2,20.0,
2025-03-08 17:00:00,9.4,7.2,30.0,
2025-03-08 18:00:00,9.799999999999999,8.566666666666666,33.333333333333336,1.0
2025-03-08 19:00:00,10.0,5.7,70.0,
2025-03-08 20:00:00,9.4,5.1,10.0,
2025-03-08 21:00:00,9.233333333333334,6.0,16.666666666666668,1.0
2025-03-08 22:00:00,8.9,5.7,20.0,
2025-03-08 23:00:00,8.9,5.7,350.0,
2025-03-09 00:00:00,8.600000000000001,5.95,340.0,1.0
2025-03-09 01:00:00,7.8,5.65,335.0,
2025-03-09 02:00:00,7.8,5.7,340.0,
2025-03-09 03:00:00,7.5,5.95,340.0,1.0
2025-03-09 04:00:00,7.075,5.9,337.5,
2025-03-09 05:00:00,6.7,4.6,674.5,
2025-03-09 06:00:00,6.7,6.0,343.3333333333333,1.0
2025-03-09 07:00:00,6.1,6.2,345.0,
2025-03-09 08:00:00,6.099999999999999,5.133333333333333,240.0,
2025-03-09 09:00:00,6.4,4.6,350.0,1.0
2025-03-09 10:00:00,6.7,5.7,320.0,
2025-03-09 11:00:00,6.099999999999999,5.866666666666667,320.0,
2025-03-09 12:00:00,6.099999999999999,6.033333333333334,326.6666666666667,1.0
2025-03-09 13:00:00,6.4,5.1,330.0,
2025-03-09 14:00:00,6.7,5.7,330.0,
2025-03-09 15:00:00,7.033333333333334,6.366666666666667,330.0,1.0
2025-03-09 16:00:00,7.8,7.45,340.0,
2025-03-09 17:00:00,7.8,6.2,360.0,
2025-03-09 18:00:00,8.533333333333333,6.533333333333334,356.6666666666667,1.0
2025-03-09 19:00:00,10.0,6.7,360.0,
2025-03-09 20:00:00,11.7,5.7,330.0,
2025-03-09 21:00:00,12.766666666666666,6.2,343.3333333333333,0.75
2025-03-09 22:00:00,13.9,4.6,20.0,
2025-03-09 23:00:00,13.3,3.6,30.0,
2025-03-10 00:00:00,12.2,2.55,40.0,0.125
2025-03-10 01:00:00,8.9,0.0,999.0,0.0
2025-03-10 02:00:00,10.0,1.5,200.0,0.0
2025-03-10 03:00:00,9.45,2.55,220.0,0.0
2025-03-10 04:00:00,,,,
2025-03-10 05:00:00,7.2,4.1,624.5,0.0
2025-03-10 06:00:00,7.2,4.6,250.0,0.0
2025-03-10 07:00:00,6.7,4.1,260.0,0.0
2025-03-10 08:00:00,5.0,2.6,220.0,0.0
2025-03-10 09:00:00,4.45,1.3,609.5,0.0
2025-03-10 10:00:00,4.4,2.6,220.0,0.0
2025-03-10 11:00:00,3.9,2.6,220.0,0.0
2025-03-10 12:00:00,3.3499999999999996,2.35,215.0,0.0
2025-03-10 13:00:00,6.7,3.1,220.0,0.0
2025-03-10 14:00:00,10.6,1.5,230.0,0.0
2025-03-10 15:00:00,13.1,2.05,225.0,
2025-03-10 16:00:00,17.8,3.1,210.0,0.0
2025-03-10 17:00:00,20.0,3.1,220.0,0.0
2025-03-10 18:00:00,20.55,3.1,215.0,0.0
2025-03-10 19:00:00,22.2,1.5,999.0,0.0
2025-03-10 20:00:00,23.3,3.1,220.0,0.0
2025-03-10 21:00:00,23.3,3.8499999999999996,215.0,0.0
2025-03-10 22:00:00,23.3,5.1,190.0,0.0
2025-03-10 23:00:00,21.7,3.1,190.0,0.0
2025-03-11 00:00:00,20.299999999999997,3.35,175.0,0.0
2025-03-11 01:00:00,17.2,3.6,160.0,0.0
2025-03-11 02:00:00,16.7,4.1,160.0,0.0
2025-03-11 03:00:00,15.55,3.8499999999999996,160.0,0.0
2025-03-11 04:00:00,13.3,3.1,180.0,0.0
2025-03-11 05:00:00,13.3,5.1,599.5,
2025-03-11 06:00:00,14.0,6.15,200.0,0.125
2025-03-11 07:00:00,12.2,4.1,200.0,0.0
2025-03-11 08:00:00,11.1,4.6,210.0,0.0
2025-03-11 09:00:00,10.55,4.85,210.0,0.0
2025-03-11 10:00:00,11.1,3.6,210.0,0.0
2025-03-11 11:00:00,8.9,2.1,190.0,0.0
2025-03-11 12:00:00,8.600000000000001,2.35,185.0,0.0
2025-03-11 13:00:00,11.7,4.6,200.0,
2025-03-11 14:00:00,15.0,4.1,180.0,
2025-03-11 15:00:00,17.2,5.15,185.0,0.125
2025-03-11 16:00:00,22.2,5.1,160.0,
2025-03-11 17:00:00,24.4,8.2,180.0,0.0
2025-03-11 18:00:00,25.0,7.449999999999999,175.0,0.0
2025-03-11 19:00:00,26.7,7.7,180.0,0.0
2025-03-11 20:00:00,26.7,7.7,180.0,0.0
2025-03-11 21:00:00,26.7,7.7,175.0,0.0
2025-03-11 22:00:00,26.1,8.2,170.0,0.0
2025-03-11 23:00:00,25.0,7.2,180.0,0.0
2025-03-12 00:00:00,23.9,6.7,170.0,0.0
2025-03-12 01:00:00,22.2,6.7,180.0,0.0
2025-03-12 02:00:00,21.7,6.7,180.0,0.0
2025-03-12 03:00:00,21.15,7.2,180.0,0.0
2025-03-12 04:00:00,19.4,7.2,180.0,0.0
2025-03-12 05:00:00,18.9,8.2,594.5,0.0
2025-03-12 06:00:00,18.6,8.75,195.0,0.0
2025-03-12 07:00:00,17.2,7.7,200.0,0.0
2025-03-12 08:00:00,16.1,6.7,190.0,0.0
2025-03-12 09:00:00,15.55,6.45,190.0,0.0
2025-03-12 10:00:00,14.4,6.2,190.0,0.0
2025-03-12 11:00:00,13.9,5.1,180.0,0.0
2025-03-12 12:00:00,13.9,5.65,185.0,0.0
2025-03-12 13:00:00,15.6,7.2,190.0,0.0
2025-03-12 14:00:00,17.8,7.2,190.0,0.0
2025-03-12 15:00:00,19.200000000000003,6.7,185.0,0.0
2025-03-12 16:00:00,22.8,5.7,160.0,
2025-03-12 17:00:00,25.0,7.7,190.0,
2025-03-12 18:00:00,25.0,8.25,190.0,0.25
2025-03-12 19:00:00,26.1,7.2,190.0,
2025-03-12 20:00:00,26.7,4.1,180.0,
2025-03-12 21:00:00,28.3,5.1,190.0,
2025-03-12 22:00:00,28.9,6.2,280.0,
2025-03-12 23:00:00,28.9,7.7,260.0,
2025-03-13 00:00:00,27.5,5.65,265.0,0.5
2025-03-13 01:00:00,22.8,3.6,210.0,0.0
2025-03-13 02:00:00,22.2,4.6,200.0,0.0
2025-03-13 03:00:00,20.549999999999997,4.35,205.0,0.0
2025-03-13 04:00:00,17.8,4.1,220.0,0.0
2025-03-13 05:00:00,16.1,4.6,604.5,0.0
2025-03-13 06:00:00,16.4,4.85,220.0,0.0
2025-03-13 07:00:00,18.3,6.2,250.0,0.0
2025-03-13 08:00:00,16.1,3.6,230.0,0.0
2025-03-13 09:00:00,15.25,3.1,230.0,0.0
2025-03-13 10:00:00,13.3,2.1,200.0,0.0
2025-03-13 11:00:00,13.9,2.6,200.0,
2025-03-13 12:00:00,14.45,2.6,240.0,0.25
2025-03-13 13:00:00,17.2,2.1,260.0,
2025-03-13 14:00:00,19.4,3.6,270.0,
2025-03-13 15:00:00,20.799999999999997,3.6,275.0,0.5
2025-03-13 16:00:00,24.4,3.1,230.0,
2025-03-13 17:00:00,26.7,4.1,220.0,
2025-03-13 18:00:00,27.5,5.15,215.0,0.75
2025-03-13 19:00:00,29.4,5.1,230.0,
2025-03-13 20:00:00,29.4,8.2,220.0,
2025-03-13 21:00:00,29.4,6.3999999999999995,230.0,0.75
2025-03-13 22:00:00,28.9,3.1,260.0,
2025-03-13 23:00:00,26.1,3.1,180.0,
2025-03-14 00:00:00,25.25,3.35,170.0,1.0
2025-03-14 01:00:00,23.9,3.6,160.0,
2025-03-14 02:00:00,23.9,5.7,170.0,
2025-03-14 03:00:00,23.049999999999997,4.9,170.0,0.75
2025-03-14 04:00:00,22.8,5.7,170.0,
2025-03-14 05:00:00,22.8,7.7,584.5,
2025-03-14 06:00:00,22.5,7.949999999999999,170.0,0.75
2025-03-14 07:00:00,21.1,6.7,180.0,
2025-03-14 08:00:00,20.0,7.2,180.0,
2025-03-14 09:00:00,19.7,7.45,180.0,0.75
2025-03-14 10:00:00,18.9,7.2,180.0,
2025-03-14 11:00:00,18.9,7.7,170.0,
2025-03-14 12:00:00,18.35,7.949999999999999,175.0,0.25
2025-03-14 13:00:00,18.9,8.2,180.0,
2025-03-14 14:00:00,20.549999999999997,10.3,185.0,
2025-03-14 15:00:00,22.799999999999997,10.8,190.0,0.25
2025-03-14 16:00:00,26.7,8.8,210.0,
2025-03-14 17:00:00,29.4,8.2,240.0,
2025-03-14 18:00:00,29.7,9.25,245.0,0.25
2025-03-14 19:00:00,30.0,10.3,260.0,
2025-03-14 20:00:00,28.9,11.3,250.0,
2025-03-14 21:00:00,28.35,11.3,260.0,1.0
2025-03-14 22:00:00,27.2,10.3,250.0,
2025-03-14 23:00:00,26.4,7.699999999999999,245.0,
2025-03-15 00:00:00,25.55,6.7,260.0,0.75
2025-03-15 01:00:00,24.599999999999998,6.0,270.0,
2025-03-15 02:00:00,24.15,5.95,290.0,
2025-03-15 03:00:00,23.166666666666668,5.666666666666667,293.3333333333333,
2025-03-15 04:00:00,21.7,4.6,290.0,
2025-03-15 05:00:00,20.6,3.6,649.5,
2025-03-15 06:00:00,20.6,4.1,260.0,1.0
2025-03-15 07:00:00,19.4,3.6,200.0,
2025-03-15 08:00:00,18.9,3.6,260.0,
2025-03-15 09:00:00,18.9,3.6,245.0,1.0
2025-03-15 10:00:00,17.2,2.6,220.0,
2025-03-15 11:00:00,17.8,4.1,225.0,
2025-03-15 12:00:00,17.25,3.8499999999999996,220.0,1.0
2025-03-15 13:00:00,17.8,6.7,260.0,
2025-03-15 14:00:00,17.8,8.8,280.0,
2025-03-15 15:00:00,18.05,8.25,280.0,0.25
2025-03-15 16:00:00,18.9,8.2,300.0,
2025-03-15 17:00:00,20.0,9.3,310.0,
2025-03-15 18:00:00,20.0,9.3,305.0,0.25
2025-03-15 19:00:00,20.0,9.8,300.0,
2025-03-15 20:00:00,18.3,9.8,300.0,
2025-03-15 21:00:00,17.5,10.3,305.0,0.75
2025-03-15 22:00:00,16.7,12.4,310.0,
2025-03-15 23:00:00,14.4,8.2,310.0,
2025-03-16 00:00:00,14.4,7.449999999999999,305.0,0.75
2025-03-16 01:00:00,14.4,5.1,290.0,
2025-03-16 02:00:00,14.4,5.1,310.0,
2025-03-16 03:00:00,13.850000000000001,5.4,310.0,0.75
2025-03-16 04:00:00,12.2,4.6,310.0,
2025-03-16 05:00:00,10.6,4.6,654.5,
2025-03-16 06:00:00,10.85,4.6,295.0,0.25
2025-03-16 07:00:00,10.0,4.1,300.0,
2025-03-16 08:00:00,9.4,4.6,320.0,0.0
2025-03-16 09:00:00,8.6,4.6,320.0,0.0
2025-03-16 10:00:00,6.7,3.6,320.0,0.0
2025-03-16 11:00:00,5.6,3.6,330.0,0.0
2025-03-16 12:00:00,5.85,3.8499999999999996,340.0,
2025-03-16 13:00:00,9.4,4.6,360.0,0.0
2025-03-16 14:00:00,11.7,3.6,20.0,0.0
2025-03-16 15:00:00,12.25,2.85,185.0,0.0
2025-03-16 16:00:00,14.4,2.1,110.0,0.0
2025-03-16 17:00:00,16.1,0.0,999.0,0.0
2025-03-16 18:00:00,17.200000000000003,1.55,504.5,0.0
2025-03-16 19:00:00,18.9,3.1,290.0,0.0
2025-03-16 20:00:00,20.0,3.6,180.0,
2025-03-16 21:00:00,20.0,1.9000000000000001,436.3333333333333,0.25
2025-03-16 22:00:00,20.6,1.5,270.0,
2025-03-16 23:00:00,20.0,0.0,999.0,
2025-03-17 00:00:00,18.6,1.3,539.5,0.25
2025-03-17 01:00:00,15.6,0.0,999.0,
2025-03-17 02:00:00,15.0,2.1,100.0,
2025-03-17 03:00:00,14.7,2.1,120.0,0.25
2025-03-17 04:00:00,12.8,2.6,160.0,0.0
2025-03-17 05:00:00,12.2,2.1,579.5,
2025-03-17 06:00:00,11.649999999999999,2.35,160.0,0.25
2025-03-17 07:00:00,11.1,3.1,160.0,
2025-03-17 08:00:00,10.6,3.6,180.0,
2025-03-17 09:00:00,11.149999999999999,4.1,180.0,0.25
2025-03-17 10:00:00,10.0,2.6,180.0,
2025-03-17 11:00:00,10.0,2.6,200.0,
2025-03-17 12:00:00,10.3,2.35,185.0,0.5
2025-03-17 13:00:00,14.4,5.1,190.0,
2025-03-17 14:00:00,17.2,8.2,190.0,
2025-03-17 15:00:00,18.9,8.5,195.0,0.25
2025-03-17 16:00:00,23.3,11.3,200.0,
2025-03-17 17:00:00,25.6,8.8,180.0,
2025-03-17 18:00:00,26.4,9.8,185.0,0.25
2025-03-17 19:00:00,27.8,8.8,180.0,
2025-03-17 20:00:00,27.8,8.2,180.0,
2025-03-17 21:00:00,27.8,9.0,180.0,0.5
2025-03-17 22:00:00,27.2,11.8,190.0,
2025-03-17 23:00:00,25.6,8.2,170.0,
2025-03-18 00:00:00,25.3,7.449999999999999,170.0,0.75
2025-03-18 01:00:00,23.3,8.2,170.0,
2025-03-18 02:00:00,22.8,7.7,170.0,
2025-03-18 03:00:00,22.25,7.2,175.0,0.75
2025-03-18 04:00:00,21.1,10.3,180.0,
2025-03-18 05:00:00,19.4,9.8,594.5,
2025-03-18 06:00:00,19.15,9.0,185.0,0.5
2025-03-18 07:00:00,17.8,7.7,180.0,
2025-03-18 08:00:00,16.7,7.7,180.0,
2025-03-18 09:00:00,16.4,6.95,180.0,0.75
2025-03-18 10:00:00,15.6,6.2,170.0,
2025-03-18 11:00:00,15.0,7.7,180.0,
2025-03-18 12:00:00,14.7,7.45,180.0,0.75
2025-03-18 13:00:00,16.1,8.8,170.0,
2025-03-18 14:00:00,17.8,10.3,180.0,
2025-03-18 15:00:00,18.9,10.05,180.0,0.75
2025-03-18 16:00:00,22.8,10.8,190.0,
2025-03-18 17:00:00,24.4,12.4,190.0,
2025-03-18 18:00:00,25.25,13.15,185.0,0.75
2025-03-18 19:00:00,27.2,13.9,190.0,
2025-03-18 20:00:00,27.8,11.3,170.0,
2025-03-18 21:00:00,27.8,11.3,170.0,0.25
2025-03-18 22:00:00,27.2,10.3,170.0,
2025-03-18 23:00:00,26.7,10.3,180.0,
2025-03-19 00:00:00,26.15,10.55,175.0,0.25
2025-03-19 01:00:00,23.9,11.3,170.0,
2025-03-19 02:00:00,22.8,11.8,170.0,
2025-03-19 03:00:00,21.950000000000003,11.8,175.0,0.75
2025-03-19 04:00:00,20.6,13.4,180.0,
2025-03-19 05:00:00,19.4,10.8,589.5,
2025-03-19 06:00:00,19.4,11.0,190.0,0.75
2025-03-19 07:00:00,20.0,8.8,220.0,
2025-03-19 08:00:00,20.0,7.2,220.0,
2025-03-19 09:00:00,20.55,9.8,250.0,1.0
2025-03-19 10:00:00,20.0,8.8,270.0,
2025-03-19 11:00:00,18.9,8.8,280.0,
2025-03-19 12:00:00,18.35,8.25,280.0,0.125
2025-03-19 13:00:00,17.2,8.2,300.0,
2025-03-19 14:00:00,15.6,12.9,300.0,0.0
2025-03-19 15:00:00,15.850000000000001,13.15,300.0,0.0
2025-03-19 16:00:00,17.2,11.3,300.0,0.0
2025-03-19 17:00:00,17.2,12.4,310.0,
2025-03-19 18:00:00,17.2,12.65,305.0,0.25
2025-03-19 19:00:00,17.8,11.8,300.0,
2025-03-19 20:00:00,18.3,11.8,300.0,
2025-03-19 21:00:00,17.5,12.850000000000001,305.0,0.5
2025-03-19 22:00:00,15.6,12.9,320.0,
2025-03-19 23:00:00,13.3,13.4,320.0,
2025-03-20 00:00:00,12.75,12.100000000000001,320.0,0.5
2025-03-20 01:00:00,11.1,9.8,330.0,
2025-03-20 02:00:00,10.6,6.2,320.0,0.0
2025-03-20 03:00:00,10.6,7.5,315.0,0.0
2025-03-20 04:00:00,9.4,5.7,320.0,0.0
2025-03-20 05:00:00,8.9,6.7,659.5,0.0
2025-03-20 06:00:00,8.9,7.449999999999999,320.0,0.0
2025-03-20 07:00:00,7.8,5.7,320.0,0.0
2025-03-20 08:00:00,7.8,7.2,320.0,0.0
2025-03-20 09:00:00,7.25,6.7,320.0,0.0
2025-03-20 10:00:00,6.7,5.7,320.0,0.0
2025-03-20 11:00:00,6.1,5.7,330.0,
2025-03-20 12:00:00,5.85,4.65,325.0,0.25
2025-03-20 13:00:00,8.3,5.7,330.0,0.0
2025-03-20 14:00:00,10.0,6.2,340.0,
2025-03-20 15:00:00,11.1,5.65,335.0,0.125
2025-03-20 16:00:00,13.9,6.2,330.0,0.0
2025-03-20 17:00:00,15.0,4.6,350.0,0.0
2025-03-20 18:00:00,15.55,5.15,335.0,
2025-03-20 19:00:00,16.7,5.1,350.0,0.0
2025-03-20 20:00:00,17.8,5.1,330.0,0.0
2025-03-20 21:00:00,17.8,5.466666666666666,330.0,
2025-03-20 22:00:00,17.8,3.1,330.0,0.0
2025-03-20 23:00:00,16.7,0.0,999.0,
2025-03-21 00:00:00,14.75,1.55,524.5,0.25
2025-03-21 01:00:00,12.8,1.5,100.0,
2025-03-21 02:00:00,12.2,1.5,110.0,0.0
2025-03-21 03:00:00,11.1,2.3,125.0,0.0
2025-03-21 04:00:00,10.0,3.6,160.0,0.0
2025-03-21 05:00:00,9.4,3.1,579.5,0.0
2025-03-21 06:00:00,9.15,3.35,160.0,0.0
2025-03-21 07:00:00,7.2,1.5,120.0,0.0
2025-03-21 08:00:00,8.9,4.6,180.0,0.0
2025-03-21 09:00:00,8.600000000000001,4.35,175.0,0.0
2025-03-21 10:00:00,8.9,4.1,170.0,
2025-03-21 11:00:00,7.2,2.1,210.0,
2025-03-21 12:00:00,7.75,4.15,195.0,0.25
2025-03-21 13:00:00,10.0,8.2,180.0,
2025-03-21 14:00:00,13.3,7.7,170.0,
2025-03-21 15:00:00,14.700000000000001,9.5,180.0,0.25
2025-03-21 16:00:00,18.3,11.8,190.0,0.0
2025-03-21 17:00:00,20.0,8.8,170.0,0.0
2025-03-21 18:00:00,20.85,9.55,185.0,0.0
2025-03-21 19:00:00,23.3,8.8,170.0,
2025-03-21 20:00:00,24.4,10.3,200.0,
2025-03-21 21:00:00,24.7,8.75,210.0,0.25
2025-03-21 22:00:00,25.0,7.2,210.0,
2025-03-21 23:00:00,24.4,5.1,200.0,
2025-03-22 00:00:00,23.049999999999997,4.6,185.0,0.25
2025-03-22 01:00:00,20.0,4.6,170.0,
2025-03-22 02:00:00,18.9,5.7,320.0,
2025-03-22 03:00:00,19.23333333333333,2.9333333333333336,503.0,0.25
2025-03-22 04:00:00,18.3,0.0,999.0,0.0
2025-03-22 05:00:00,14.4,3.1,569.5,0.0
2025-03-22 06:00:00,15.8,4.1,160.0,0.0
2025-03-22 07:00:00,15.0,3.1,180.0,0.0
2025-03-22 08:00:00,14.4,4.1,180.0,0.0
2025-03-22 09:00:00,13.850000000000001,3.5999999999999996,170.0,0.0
2025-03-22 10:00:00,12.2,2.6,140.0,0.0
2025-03-22 11:00:00,11.1,3.1,160.0,
2025-03-22 12:00:00,11.1,2.6,160.0,0.25
2025-03-22 13:00:00,14.4,3.1,170.0,
2025-03-22 14:00:00,16.7,4.1,170.0,
2025-03-22 15:00:00,18.049999999999997,4.6,185.0,0.25
2025-03-22 16:00:00,22.8,5.7,190.0,
2025-03-22 17:00:00,25.0,6.2,170.0,
2025-03-22 18:00:00,25.3,7.5,165.0,0.25
2025-03-22 19:00:00,27.2,9.3,170.0,
2025-03-22 20:00:00,27.2,11.3,180.0,
2025-03-22 21:00:00,27.2,10.05,175.0,0.25
2025-03-22 22:00:00,27.2,9.8,180.0,
2025-03-22 23:00:00,26.1,8.8,170.0,0.0
2025-03-23 00:00:00,25.55,8.5,165.0,0.0
2025-03-23 01:00:00,23.9,8.2,160.0,0.0
2025-03-23 02:00:00,23.3,8.8,160.0,0.0
2025-03-23 03:00:00,23.05,9.05,165.0,0.0
2025-03-23 04:00:00,21.7,10.3,170.0,
2025-03-23 05:00:00,20.6,11.3,589.5,
2025-03-23 06:00:00,20.3,10.8,185.0,0.75
2025-03-23 07:00:00,18.9,10.3,190.0,
2025-03-23 08:00:00,18.3,10.3,190.0,
2025-03-23 09:00:00,18.133333333333336,9.1,190.0,0.75
2025-03-23 10:00:00,18.3,7.5,185.0,
2025-03-23 11:00:00,17.8,6.2,180.0,
2025-03-23 12:00:00,17.8,5.65,180.0,0.5
2025-03-23 13:00:00,19.4,7.2,190.0,
2025-03-23 14:00:00,21.7,7.7,200.0,
2025-03-23 15:00:00,22.5,6.7,215.0,0.75
2025-03-23 16:00:00,25.0,4.6,240.0,
2025-03-23 17:00:00,26.7,3.1,999.0,
2025-03-23 18:00:00,26.333333333333332,5.466666666666666,446.3333333333333,1.0
2025-03-23 19:00:00,26.1,6.2,360.0,
2025-03-23 20:00:00,27.2,5.1,360.0,
2025-03-23 21:00:00,26.95,6.15,185.0,0.5
2025-03-23 22:00:00,25.6,8.8,10.0,
2025-03-23 23:00:00,24.4,8.8,10.0,
2025-03-24 00:00:00,23.6,8.8,10.0,0.5
2025-03-24 01:00:00,21.1,7.2,20.0,
2025-03-24 02:00:00,19.4,6.2,360.0,
2025-03-24 03:00:00,18.299999999999997,5.65,360.0,0.5
2025-03-24 04:00:00,16.7,4.1,20.0,
2025-03-24 05:00:00,15.6,5.7,674.5,
2025-03-24 06:00:00,14.75,4.65,350.0,0.5
2025-03-24 07:00:00,12.2,2.1,340.0,
2025-03-24 08:00:00,12.2,1.5,340.0,
2025-03-24 09:00:00,11.649999999999999,1.8,350.0,0.5
2025-03-24 10:00:00,10.6,1.5,360.0,
2025-03-24 11:00:00,10.0,3.1,330.0,
2025-03-24 12:00:00,10.0,3.1,330.0,0.25
2025-03-24 13:00:00,13.9,2.1,340.0,
2025-03-24 14:00:00,16.7,2.1,120.0,
2025-03-24 15:00:00,18.049999999999997,3.9000000000000004,135.0,0.25
2025-03-24 16:00:00,21.1,4.6,150.0,
2025-03-24 17:00:00,22.8,3.1,130.0,
2025-03-24 18:00:00,23.05,2.3,564.5,0.25
2025-03-24 19:00:00,25.0,3.1,200.0,
2025-03-24 20:00:00,26.1,4.6,190.0,
2025-03-24 21:00:00,26.1,3.5999999999999996,594.5,0.5
2025-03-24 22:00:00,26.1,2.1,210.0,
2025-03-24 23:00:00,25.0,2.6,180.0,
2025-03-25 00:00:00,23.6,3.3499999999999996,175.0,0.5
2025-03-25 01:00:00,21.7,2.1,160.0,
2025-03-25 02:00:00,20.0,2.6,160.0,
2025-03-25 03:00:00,19.7,2.85,160.0,0.75
2025-03-25 04:00:00,17.8,1.5,150.0,
2025-03-25 05:00:00,17.8,0.0,999.0,
2025-03-25 06:00:00,16.950000000000003,0.75,529.5,0.75
2025-03-25 07:00:00,17.2,0.0,999.0,
2025-03-25 08:00:00,17.2,0.0,999.0,
2025-03-25 09:00:00,15.8,2.55,604.5,0.125
2025-03-25 10:00:00,13.9,1.5,90.0,
2025-03-25 11:00:00,14.4,0.0,999.0,
2025-03-25 12:00:00,14.7,0.0,999.0,0.5
2025-03-25 13:00:00,17.2,0.0,999.0,
2025-03-25 14:00:00,20.6,1.5,160.0,
2025-03-25 15:00:00,22.5,2.3,160.0,0.75
2025-03-25 16:00:00,26.1,3.6,180.0,
2025-03-25 17:00:00,28.9,3.6,150.0,
2025-03-25 18:00:00,29.15,3.6,150.0,0.25
2025-03-25 19:00:00,31.7,4.6,170.0,
2025-03-25 20:00:00,32.2,4.1,140.0,
2025-03-25 21:00:00,31.650000000000002,5.15,150.0,0.5
2025-03-25 22:00:00,30.6,5.1,130.0,
2025-03-25 23:00:00,28.15,7.45,120.0,
2025-03-26 00:00:00,25.083333333333332,4.8,146.66666666666666,0.75
2025-03-26 01:00:00,22.1,4.4,130.0,
2025-03-26 02:00:00,22.2,3.1,80.0,
2025-03-26 03:00:00,21.95,2.85,95.0,0.75
2025-03-26 04:00:00,22.2,5.1,140.0,
2025-03-26 05:00:00,22.2,4.6,584.5,
2025-03-26 06:00:00,21.4,4.6,175.0,0.25
2025-03-26 07:00:00,20.6,1.5,160.0,
2025-03-26 08:00:00,20.0,6.2,30.0,
2025-03-26 09:00:00,19.7,6.2,55.0,0.75
2025-03-26 10:00:00,19.4,5.1,100.0,
2025-03-26 11:00:00,18.9,4.1,100.0,
2025-03-26 12:00:00,18.9,4.1,85.0,0.75
2025-03-26 13:00:00,18.9,3.6,90.0,
2025-03-26 14:00:00,20.0,5.1,110.0,
2025-03-26 15:00:00,20.85,5.1,95.0,0.75
2025-03-26 16:00:00,22.2,5.1,80.0,
2025-03-26 17:00:00,22.2,4.6,90.0,
2025-03-26 18:00:00,22.75,4.35,95.0,0.75
2025-03-26 19:00:00,25.0,7.7,140.0,
2025-03-26 20:00:00,25.6,7.2,140.0,
2025-03-26 21:00:00,25.85,7.2,140.0,0.75
2025-03-26 22:00:00,26.1,7.2,160.0,
2025-03-26 23:00:00,25.6,4.6,160.0,
2025-03-27 00:00:00,24.75,4.35,155.0,0.75
2025-03-27 01:00:00,21.1,3.1,100.0,
2025-03-27 02:00:00,20.6,3.6,100.0,
2025-03-27 03:00:00,20.3,3.35,100.0,0.75
2025-03-27 04:00:00,18.9,2.6,110.0,
2025-03-27 05:00:00,18.9,3.6,574.5,
2025-03-27 06:00:00,18.35,3.1,140.0,0.75
2025-03-27 07:00:00,17.2,3.1,130.0,
2025-03-27 08:00:00,16.7,2.6,120.0,
2025-03-27 09:00:00,16.4,2.35,125.0,0.75
2025-03-27 10:00:00,16.7,1.5,120.0,
2025-03-27 11:00:00,15.6,1.5,140.0,
2025-03-27 12:00:00,15.850000000000001,1.5,145.0,0.5
2025-03-27 13:00:00,17.2,1.5,150.0,
2025-03-27 14:00:00,20.0,2.6,170.0,
2025-03-27 15:00:00,21.1,3.3499999999999996,160.0,0.75
2025-03-27 16:00:00,23.9,3.6,150.0,
2025-03-27 17:00:00,25.0,6.7,170.0,
2025-03-27 18:00:00,25.0,6.7,170.0,
2025-03-27 19:00:00,26.7,7.2,150.0,
2025-03-27 20:00:00,,,,
2025-03-27 21:00:00,22.2,9.8,140.0,
2025-03-27 22:00:00,20.6,10.3,170.0,
2025-03-27 23:00:00,18.9,8.2,160.0,
2025-03-28 00:00:00,17.2,5.7,130.0,
2025-03-28 01:00:00,16.65,5.65,120.0,
2025-03-28 02:00:00,16.7,3.6,120.0,
2025-03-28 03:00:00,17.2,4.6,130.0,
2025-03-28 04:00:00,16.65,5.4,135.0,
2025-03-28 05:00:00,16.1,4.6,342.25,
2025-03-28 06:00:00,16.65,5.1,125.0,1.0
2025-03-28 07:00:00,17.1,4.6,125.0,
2025-03-28 08:00:00,17.2,3.6,140.0,
2025-03-28 09:00:00,17.3,4.0,145.0,1.0
2025-03-28 10:00:00,18.05,4.35,180.0,
2025-03-28 11:00:00,18.3,6.866666666666667,193.33333333333334,
2025-03-28 12:00:00,17.916666666666668,7.033333333333334,201.66666666666666,1.0
2025-03-28 13:00:00,17.8,2.1,190.0,
2025-03-28 14:00:00,18.3,0.0,999.0,1.0
2025-03-28 15:00:00,19.15,4.6,160.0,
2025-03-28 16:00:00,19.7,5.15,165.0,
2025-03-28 17:00:00,21.1,5.1,200.0,
2025-03-28 18:00:00,21.4,5.4,185.0,0.75
2025-03-28 19:00:00,21.7,5.1,170.0,
2025-03-28 20:00:00,21.7,5.7,160.0,
2025-03-28 21:00:00,21.4,5.95,155.0,1.0
2025-03-28 22:00:00,20.6,6.2,140.0,
2025-03-28 23:00:00,20.6,5.1,150.0,
2025-03-29 00:00:00,20.0,4.85,145.0,0.75
2025-03-29 01:00:00,17.8,3.6,130.0,
2025-03-29 02:00:00,17.8,3.6,150.0,
2025-03-29 03:00:00,17.5,3.35,150.0,0.75
2025-03-29 04:00:00,17.2,4.9,165.0,
2025-03-29 05:00:00,17.2,4.35,436.3333333333333,
2025-03-29 06:00:00,17.2,4.433333333333333,166.66666666666666,0.5
2025-03-29 07:00:00,17.2,4.6,180.0,
2025-03-29 08:00:00,17.8,5.7,190.0,
2025-03-29 09:00:00,17.8,4.9,180.0,1.0
2025-03-29 10:00:00,18.3,5.7,180.0,
2025-03-29 11:00:00,18.3,4.966666666666666,173.33333333333334,
2025-03-29 12:00:00,18.3,5.125,175.0,1.0
2025-03-29 13:00:00,18.6,6.7,180.0,
2025-03-29 14:00:00,19.7,6.7,185.0,
2025-03-29 15:00:00,20.400000000000002,7.533333333333334,193.33333333333334,1.0
2025-03-29 16:00:00,22.2,6.7,170.0,
2025-03-29 17:00:00,24.15,7.2,165.0,
2025-03-29 18:00:00,25.549999999999997,6.7,175.0,0.25
2025-03-29 19:00:00,27.8,7.2,150.0,
2025-03-29 20:00:00,27.2,8.8,160.0,
2025-03-29 21:00:00,27.5,8.0,160.0,0.5
2025-03-29 22:00:00,27.2,8.2,170.0,
2025-03-29 23:00:00,26.1,7.2,160.0,
2025-03-30 00:00:00,25.85,6.7,160.0,0.75
2025-03-30 01:00:00,25.0,5.7,150.0,
2025-03-30 02:00:00,24.4,4.6,160.0,
2025-03-30 03:00:00,24.399999999999995,3.4,190.0,1.0
2025-03-30 04:00:00,22.2,4.1,170.0,
2025-03-30 05:00:00,20.85,6.45,463.0,
2025-03-30 06:00:00,19.75,4.65,155.0,1.0
2025-03-30 07:00:00,18.9,3.6,150.0,
2025-03-30 08:00:00,18.9,3.1,120.0,
2025-03-30 09:00:00,18.9,3.5999999999999996,135.0,0.75
2025-03-30 10:00:00,19.099999999999998,4.966666666666666,153.33333333333334,
2025-03-30 11:00:00,20.0,6.2,175.0,
2025-03-30 12:00:00,20.400000000000002,5.666666666666667,183.33333333333334,0.75
2025-03-30 13:00:00,21.1,9.3,190.0,
2025-03-30 14:00:00,22.5,7.699999999999999,185.0,
2025-03-30 15:00:00,23.35,9.0,190.0,0.75
2025-03-30 16:00:00,26.1,10.3,210.0,
2025-03-30 17:00:00,27.2,8.8,220.0,
2025-03-30 18:00:00,27.75,8.8,210.0,0.75
2025-03-30 19:00:00,27.8,6.7,200.0,
2025-03-30 20:00:00,26.7,7.7,330.0,
2025-03-30 21:00:00,25.8,8.319999999999999,330.0,0.75
2025-03-30 22:00:00,23.9,7.7,330.0,
2025-03-30 23:00:00,21.7,6.7,340.0,
2025-03-31 00:00:00,20.299999999999997,6.45,175.0,0.5
2025-03-31 01:00:00,18.3,6.2,340.0,
2025-03-31 02:00:00,17.2,5.7,350.0,
2025-03-31 03:00:00,16.65,6.2,355.0,0.5
2025-03-31 04:00:00,14.4,6.7,30.0,
2025-03-31 05:00:00,13.3,4.1,514.5,
2025-03-31 06:00:00,13.05,4.1,25.0,0.125
2025-03-31 07:00:00,12.2,5.7,30.0,0.0
2025-03-31 08:00:00,11.7,4.1,30.0,0.0
2025-03-31 09:00:00,11.149999999999999,3.3499999999999996,195.0,
2025-03-31 10:00:00,11.1,3.6,350.0,
2025-03-31 11:00:00,11.1,6.7,340.0,
2025-03-31 12:00:00,10.85,6.45,340.0,0.5
2025-03-31 13:00:00,12.8,6.7,10.0,
2025-03-31 14:00:00,14.4,8.2,10.0,
2025-03-31 15:00:00,15.0,7.699999999999999,185.0,0.5
2025-03-31 16:00:00,16.7,7.2,10.0,0.25
2025-03-31 17:00:00,18.3,5.1,350.0,0.25
2025-03-31 18:00:00,19.15,5.1,190.0,0.125
2025-03-31 19:00:00,20.6,6.2,10.0,
2025-03-31 20:00:00,21.7,4.6,20.0,
2025-03-31 21:00:00,21.95,5.4,20.0,0.375
2025-03-31 22:00:00,22.2,4.1,10.0,
2025-03-31 23:00:00,21.1,3.1,50.0,
2025-04-01 00:00:00,20.0,3.1,55.0,0.75
2025-04-01 01:00:00,18.3,2.1,90.0,
2025-04-01 02:00:00,16.1,2.1,70.0,
2025-04-01 03:00:00,16.4,2.35,80.0,0.25
2025-04-01 04:00:00,14.4,1.5,50.0,0.25
2025-04-01 05:00:00,14.4,1.5,539.5,0.5
2025-04-01 06:00:00,13.3,1.8,65.0,0.375
2025-04-01 07:00:00,12.8,3.1,60.0,0.25
2025-04-01 08:00:00,11.7,3.1,130.0,
2025-04-01 09:00:00,11.95,2.85,135.0,0.75
2025-04-01 10:00:00,11.7,2.6,150.0,
2025-04-01 11:00:00,12.8,4.6,140.0,
2025-04-01 12:00:00,13.350000000000001,3.8499999999999996,145.0,0.75
2025-04-01 13:00:00,16.7,4.1,150.0,
2025-04-01 14:00:00,18.9,6.7,160.0,
2025-04-01 15:00:00,19.45,6.2,160.0,1.0
2025-04-01 16:00:00,21.7,7.2,150.0,
2025-04-01 17:00:00,21.65,6.7,160.0,
2025-04-01 18:00:00,23.049999999999997,7.5,160.0,1.0
2025-04-01 19:00:00,26.1,11.3,160.0,
2025-04-01 20:00:00,26.7,9.3,180.0,
2025-04-01 21:00:00,26.4,10.55,175.0,0.75
2025-04-01 22:00:00,26.1,12.4,170.0,
2025-04-01 23:00:00,25.6,9.8,170.0,
2025-04-02 00:00:00,25.400000000000002,9.6,170.0,0.75
2025-04-02 01:00:00,24.4,8.2,170.0,
2025-04-02 02:00:00,24.4,9.3,160.0,
2025-04-02 03:00:00,24.275,9.8,167.5,0.75
2025-04-02 04:00:00,23.3,12.4,180.0,0.25
2025-04-02 05:00:00,22.8,10.850000000000001,446.3333333333333,
2025-04-02 06:00:00,23.05,9.8,175.0,1.0
2025-04-02 07:00:00,23.3,10.3,170.0,
2025-04-02 08:00:00,23.3,10.3,180.0,
2025-04-02 09:00:00,23.3,10.05,175.0,1.0
2025-04-02 10:00:00,23.3,10.8,180.0,
2025-04-02 11:00:00,23.3,10.3,190.0,
2025-04-02 12:00:00,23.3,9.0,200.0,1.0
2025-04-02 13:00:00,22.03333333333333,6.7,176.66666666666666,
2025-04-02 14:00:00,22.8,4.1,220.0,
2025-04-02 15:00:00,18.966666666666665,6.516666666666667,325.0,1.0
2025-04-02 16:00:00,20.6,3.6,30.0,
2025-04-02 17:00:00,22.8,2.6,20.0,
2025-04-02 18:00:00,23.6,2.05,509.5,1.0
2025-04-02 19:00:00,25.6,2.6,80.0,
2025-04-02 20:00:00,25.0,2.6,130.0,
2025-04-02 21:00:00,25.55,2.6,115.0,1.0
2025-04-02 22:00:00,25.6,2.1,105.0,
2025-04-02 23:00:00,23.3,3.1,120.0,
2025-04-03 00:00:00,23.05,2.6,115.0,0.75
2025-04-03 01:00:00,21.7,1.5,120.0,
2025-04-03 02:00:00,21.7,2.6,80.0,
2025-04-03 03:00:00,21.7,2.35,90.0,0.75
2025-04-03 04:00:00,20.6,2.6,90.0,
2025-04-03 05:00:00,20.6,3.6,529.5,
2025-04-03 06:00:00,20.6,4.1,50.0,1.0
2025-04-03 07:00:00,20.3,3.8499999999999996,65.0,
2025-04-03 08:00:00,18.85,5.4,60.0,
2025-04-03 09:00:00,18.05,5.4,45.0,1.0
2025-04-03 10:00:00,17.2,6.2,10.0,
2025-04-03 11:00:00,15.3,10.55,25.0,
2025-04-03 12:00:00,15.0,8.25,40.0,1.0
2025-04-03 13:00:00,15.0,6.7,20.0,
2025-04-03 14:00:00,13.9,10.8,360.0,
2025-04-03 15:00:00,13.9,10.05,190.0,1.0
2025-04-03 16:00:00,15.0,9.8,50.0,
2025-04-03 17:00:00,15.0,6.2,20.0,
2025-04-03 18:00:00,15.55,5.4,25.0,1.0
2025-04-03 19:00:00,17.2,4.6,360.0,
2025-04-03 20:00:00,16.7,4.6,40.0,
2025-04-03 21:00:00,16.7,4.85,35.0,1.0
2025-04-03 22:00:00,16.1,7.2,350.0,
2025-04-03 23:00:00,15.6,6.2,360.0,
2025-04-04 00:00:00,14.799999999999999,6.7,126.66666666666667,1.0
2025-04-04 01:00:00,14.4,6.7,20.0,
2025-04-04 02:00:00,14.4,4.6,30.0,
2025-04-04 03:00:00,14.4,4.6,40.0,1.0
2025-04-04 04:00:00,13.9,4.6,45.0,
2025-04-04 05:00:00,13.9,5.7,529.5,
2025-04-04 06:00:00,13.9,4.4,60.0,1.0
2025-04-04 07:00:00,13.9,2.6,30.0,
2025-04-04 08:00:00,13.9,5.1,350.0,
2025-04-04 09:00:00,13.9,4.6,123.33333333333333,1.0
2025-04-04 10:00:00,13.3,4.1,350.0,
2025-04-04 11:00:00,12.8,4.35,20.0,
2025-04-04 12:00:00,13.05,4.6,185.0,1.0
2025-04-04 13:00:00,13.3,4.6,185.0,
2025-04-04 14:00:00,13.9,5.1,10.0,
2025-04-04 15:00:00,13.9,5.8,97.5,1.0
2025-04-04 16:00:00,13.9,4.35,15.0,
2025-04-04 17:00:00,14.05,4.75,265.0,
2025-04-04 18:00:00,14.4,6.166666666666667,340.0,1.0
2025-04-04 19:00:00,14.4,7.7,330.0,
2025-04-04 20:00:00,14.4,4.6,340.0,
2025-04-04 21:00:00,14.4,5.4,340.0,1.0
2025-04-04 22:00:00,14.4,5.95,345.0,
2025-04-04 23:00:00,14.4,6.033333333333334,343.3333333333333,
2025-04-05 00:00:00,14.233333333333334,6.533333333333334,346.6666666666667,1.0
2025-04-05 01:00:00,13.9,5.7,350.0,
2025-04-05 02:00:00,13.9,4.6,350.0,
2025-04-05 03:00:00,13.9,5.9,185.0,1.0
2025-04-05 04:00:00,13.9,5.466666666666666,16.666666666666668,
2025-04-05 05:00:00,13.3,5.7,509.5,
2025-04-05 06:00:00,13.3,5.7,30.0,1.0
2025-04-05 07:00:00,12.5,5.4,30.0,
2025-04-05 08:00:00,12.199999999999998,5.3,71.66666666666667,
2025-04-05 09:00:00,12.0,10.5,268.0,1.0
2025-04-05 10:00:00,11.1,9.8,360.0,
2025-04-05 11:00:00,10.6,11.3,30.0,
2025-04-05 12:00:00,10.766666666666666,8.9,20.0,1.0
2025-04-05 13:00:00,10.6,7.449999999999999,25.0,
2025-04-05 14:00:00,11.1,7.2,350.0,
2025-04-05 15:00:00,11.1,7.699999999999999,180.0,1.0
2025-04-05 16:00:00,11.7,8.2,350.0,
2025-04-05 17:00:00,11.7,9.8,350.0,
2025-04-05 18:00:00,11.95,9.8,350.0,1.0
2025-04-05 19:00:00,11.95,10.05,350.0,
2025-04-05 20:00:00,11.1,10.133333333333335,353.3333333333333,
2025-04-05 21:00:00,10.85,8.75,360.0,1.0
2025-04-05 22:00:00,10.0,7.7,360.0,
2025-04-05 23:00:00,10.0,8.8,350.0,
2025-04-06 00:00:00,9.7,7.75,345.0,1.0
2025-04-06 01:00:00,8.9,7.2,343.3333333333333,
2025-04-06 02:00:00,8.9,7.699999999999999,335.0,
2025-04-06 03:00:00,8.9,8.033333333333333,336.6666666666667,1.0
2025-04-06 04:00:00,8.3,7.2,330.0,
2025-04-06 05:00:00,7.233333333333333,7.566666666666667,487.25,
2025-04-06 06:00:00,5.6,8.75,312.5,1.0
2025-04-06 07:00:00,5.6,7.7,330.0,
2025-04-06 08:00:00,5.6,7.7,330.0,
2025-04-06 09:00:00,5.3,7.949999999999999,330.0,1.0
2025-04-06 10:00:00,5.0,7.2,330.0,
2025-04-06 11:00:00,5.0,8.8,330.0,
2025-04-06 12:00:00,5.3,8.0,325.0,1.0
2025-04-06 13:00:00,5.6,7.2,330.0,
2025-04-06 14:00:00,6.1,6.95,330.0,
2025-04-06 15:00:00,6.1,7.2,330.0,1.0
2025-04-06 16:00:00,6.1,7.2,320.0,
2025-04-06 17:00:00,7.2,6.7,330.0,
2025-04-06 18:00:00,7.75,7.2,330.0,1.0
2025-04-06 19:00:00,7.2,8.8,340.0,
2025-04-06 20:00:00,7.2,7.2,330.0,
2025-04-06 21:00:00,7.766666666666667,6.533333333333334,340.0,1.0
2025-04-06 22:00:00,8.05,5.7,340.0,
2025-04-06 23:00:00,8.3,6.2,350.0,
2025-04-07 00:00:00,8.3,5.3,343.3333333333333,1.0
2025-04-07 01:00:00,7.8,3.1,360.0,
2025-04-07 02:00:00,8.3,3.1,320.0,
2025-04-07 03:00:00,8.3,2.85,295.0,0.75
2025-04-07 04:00:00,7.8,3.6,260.0,
2025-04-07 05:00:00,7.2,2.6,634.5,
2025-04-07 06:00:00,6.65,2.6,270.0,0.5
2025-04-07 07:00:00,6.1,3.1,300.0,0.0
2025-04-07 08:00:00,5.6,4.1,310.0,0.0
2025-04-07 09:00:00,5.3,4.1,310.0,0.0
2025-04-07 10:00:00,5.0,3.6,310.0,0.0
2025-04-07 11:00:00,5.0,4.1,300.0,0.0
2025-04-07 12:00:00,5.3,3.0999999999999996,300.0,0.0
2025-04-07 13:00:00,7.8,2.6,340.0,0.0
2025-04-07 14:00:00,10.0,2.1,350.0,
2025-04-07 15:00:00,11.65,3.0999999999999996,350.0,0.125
2025-04-07 16:00:00,15.0,5.1,360.0,
2025-04-07 17:00:00,16.1,4.1,10.0,0.0
2025-04-07 18:00:00,16.4,2.8,504.5,0.0
2025-04-07 19:00:00,17.8,3.6,330.0,0.0
2025-04-07 20:00:00,18.9,2.6,360.0,0.0
2025-04-07 21:00:00,18.9,4.15,360.0,0.0
2025-04-07 22:00:00,19.4,3.6,340.0,0.0
2025-04-07 23:00:00,18.9,2.6,320.0,0.0
2025-04-08 00:00:00,17.5,2.85,335.0,0.0
2025-04-08 01:00:00,14.4,0.0,999.0,0.0
2025-04-08 02:00:00,15.0,2.1,350.0,0.0
2025-04-08 03:00:00,13.9,2.1,325.0,0.0
2025-04-08 04:00:00,12.2,1.5,999.0,0.0
2025-04-08 05:00:00,10.6,1.5,549.5,0.0
2025-04-08 06:00:00,10.0,1.8,155.0,0.0
2025-04-08 07:00:00,9.4,2.1,280.0,0.0
2025-04-08 08:00:00,9.4,0.0,999.0,0.0
2025-04-08 09:00:00,8.3,1.05,609.5,0.0
2025-04-08 10:00:00,7.2,2.6,220.0,0.0
2025-04-08 11:00:00,6.1,2.6,220.0,0.0
2025-04-08 12:00:00,6.65,2.35,205.0,0.0
2025-04-08 13:00:00,11.1,1.5,190.0,
2025-04-08 14:00:00,16.1,3.6,230.0,0.0
2025-04-08 15:00:00,17.200000000000003,3.8499999999999996,220.0,
2025-04-08 16:00:00,20.0,4.6,190.0,0.0
2025-04-08 17:00:00,21.7,2.6,999.0,0.0
2025-04-08 18:00:00,21.95,4.15,594.5,0.0
2025-04-08 19:00:00,22.2,4.1,170.0,0.0
2025-04-08 20:00:00,22.8,4.1,170.0,0.0
2025-04-08 21:00:00,23.05,4.9,165.0,0.0
2025-04-08 22:00:00,23.3,5.1,180.0,0.0
2025-04-08 23:00:00,21.7,5.1,180.0,
2025-04-09 00:00:00,20.85,4.6,170.0,0.25
2025-04-09 01:00:00,17.8,4.1,150.0,
2025-04-09 02:00:00,16.7,3.6,150.0,
2025-04-09 03:00:00,16.15,3.6,155.0,0.25
2025-04-09 04:00:00,16.1,4.1,160.0,
2025-04-09 05:00:00,15.6,4.1,579.5,0.0
2025-04-09 06:00:00,15.6,4.1,165.0,
2025-04-09 07:00:00,15.0,4.6,170.0,
2025-04-09 08:00:00,14.4,4.6,180.0,0.0
2025-04-09 09:00:00,14.4,4.6,180.0,0.0
2025-04-09 10:00:00,14.4,6.2,190.0,0.0
2025-04-09 11:00:00,13.9,6.7,180.0,0.0
2025-04-09 12:00:00,13.350000000000001,5.65,165.0,0.0
2025-04-09 13:00:00,15.6,6.2,180.0,0.0
2025-04-09 14:00:00,17.8,8.2,190.0,0.0
2025-04-09 15:00:00,19.200000000000003,7.699999999999999,190.0,
2025-04-09 16:00:00,22.2,7.7,170.0,
2025-04-09 17:00:00,23.9,7.2,180.0,
2025-04-09 18:00:00,24.45,7.699999999999999,180.0,0.25
2025-04-09 19:00:00,26.1,9.8,170.0,
2025-04-09 20:00:00,27.8,9.3,170.0,0.0
2025-04-09 21:00:00,28.05,8.5,175.0,0.0
2025-04-09 22:00:00,28.3,8.2,170.0,0.0
2025-04-09 23:00:00,27.2,8.2,170.0,0.0
2025-04-10 00:00:00,26.4,6.3999999999999995,165.0,0.0
2025-04-10 01:00:00,23.9,5.1,160.0,0.0
2025-04-10 02:00:00,22.8,4.6,160.0,0.0
2025-04-10 03:00:00,21.700000000000003,4.1,160.0,0.0
2025-04-10 04:00:00,18.9,3.1,160.0,0.0
2025-04-10 05:00:00,18.3,3.1,579.5,0.0
2025-04-10 06:00:00,18.3,3.35,160.0,0.0
2025-04-10 07:00:00,17.8,3.6,160.0,0.0
2025-04-10 08:00:00,15.0,2.6,110.0,0.0
2025-04-10 09:00:00,15.0,2.85,120.0,0.0
2025-04-10 10:00:00,13.3,3.1,130.0,0.0
2025-04-10 11:00:00,13.9,3.1,120.0,
2025-04-10 12:00:00,14.15,3.1,115.0,0.25
2025-04-10 13:00:00,16.1,3.6,150.0,
2025-04-10 14:00:00,18.3,2.1,170.0,
2025-04-10 15:00:00,19.700000000000003,2.1,584.5,0.25
2025-04-10 16:00:00,22.8,0.0,999.0,
2025-04-10 17:00:00,25.0,3.6,60.0,
2025-04-10 18:00:00,26.1,3.8499999999999996,35.0,0.25
2025-04-10 19:00:00,28.3,3.6,40.0,
2025-04-10 20:00:00,28.3,3.6,30.0,
2025-04-10 21:00:00,28.6,2.55,40.0,0.25
2025-04-10 22:00:00,28.9,3.6,40.0,0.0
2025-04-10 23:00:00,27.2,6.2,20.0,0.0
2025-04-11 00:00:00,25.549999999999997,4.4,15.0,0.0
2025-04-11 01:00:00,23.9,0.0,999.0,0.0
2025-04-11 02:00:00,22.8,0.0,999.0,0.0
2025-04-11 03:00:00,22.25,1.05,669.5,0.0
2025-04-11 04:00:00,19.4,3.1,330.0,0.0
2025-04-11 05:00:00,18.3,5.1,679.5,0.0
2025-04-11 06:00:00,18.05,3.8499999999999996,185.0,0.0
2025-04-11 07:00:00,16.7,1.5,10.0,0.0
2025-04-11 08:00:00,16.1,3.6,350.0,0.0
2025-04-11 09:00:00,15.55,3.6,350.0,0.0
2025-04-11 10:00:00,13.9,3.1,340.0,0.0
2025-04-11 11:00:00,12.8,3.1,350.0,
2025-04-11 12:00:00,13.600000000000001,2.85,350.0,0.125
2025-04-11 13:00:00,17.8,2.6,10.0,0.0
2025-04-11 14:00:00,21.7,2.6,40.0,0.0
2025-04-11 15:00:00,22.5,2.05,519.5,0.0
2025-04-11 16:00:00,25.0,3.6,50.0,0.0
2025-04-11 17:00:00,26.1,3.6,30.0,
2025-04-11 18:00:00,26.4,4.1,25.0,0.25
2025-04-11 19:00:00,26.1,3.6,40.0,
2025-04-11 20:00:00,26.7,4.1,330.0,0.0
2025-04-11 21:00:00,26.7,3.8499999999999996,340.0,0.0
2025-04-11 22:00:00,26.1,2.6,20.0,0.0
2025-04-11 23:00:00,24.4,2.1,30.0,0.0
2025-04-12 00:00:00,23.299999999999997,2.1,35.0,0.0
2025-04-12 01:00:00,22.8,0.0,999.0,0.0
2025-04-12 02:00:00,21.1,2.1,120.0,0.0
2025-04-12 03:00:00,20.25,2.35,135.0,0.0
2025-04-12 04:00:00,17.8,2.1,140.0,0.0
2025-04-12 05:00:00,16.1,2.6,549.5,0.0
2025-04-12 06:00:00,16.4,1.3,549.5,0.0
2025-04-12 07:00:00,15.6,3.1,150.0,0.0
2025-04-12 08:00:00,14.4,3.6,130.0,0.0
2025-04-12 09:00:00,14.7,3.1,125.0,
2025-04-12 10:00:00,14.4,1.5,150.0,
2025-04-12 11:00:00,13.9,2.1,120.0,
2025-04-12 12:00:00,14.15,2.1,130.0,0.25
2025-04-12 13:00:00,17.8,3.6,140.0,
2025-04-12 14:00:00,20.6,5.7,160.0,
2025-04-12 15:00:00,21.700000000000003,5.7,165.0,0.25
2025-04-12 16:00:00,24.4,7.2,180.0,
2025-04-12 17:00:00,26.1,6.2,170.0,0.0
2025-04-12 18:00:00,26.4,6.7,170.0,0.0
2025-04-12 19:00:00,27.2,7.2,160.0,0.0
2025-04-12 20:00:00,27.8,9.3,190.0,0.0
2025-04-12 21:00:00,28.05,9.8,180.0,0.0
2025-04-12 22:00:00,27.8,7.7,170.0,0.0
2025-04-12 23:00:00,26.7,6.2,150.0,0.0
2025-04-13 00:00:00,26.15,6.2,155.0,0.0
2025-04-13 01:00:00,24.4,5.7,160.0,0.0
2025-04-13 02:00:00,23.9,6.7,160.0,0.0
2025-04-13 03:00:00,23.6,6.95,160.0,0.0
2025-04-13 04:00:00,22.2,6.2,160.0,0.0
2025-04-13 05:00:00,21.7,7.2,584.5,0.0
2025-04-13 06:00:00,21.7,7.699999999999999,175.0,0.0
2025-04-13 07:00:00,20.6,6.2,180.0,0.0
2025-04-13 08:00:00,20.0,7.2,180.0,0.0
2025-04-13 09:00:00,19.7,6.95,180.0,0.0
2025-04-13 10:00:00,18.3,6.7,180.0,0.0
2025-04-13 11:00:00,17.8,6.2,190.0,0.0
2025-04-13 12:00:00,18.05,6.7,185.0,
2025-04-13 13:00:00,20.0,8.8,180.0,
2025-04-13 14:00:00,22.8,8.8,200.0,
2025-04-13 15:00:00,24.450000000000003,9.3,200.0,0.25
2025-04-13 16:00:00,27.8,10.8,200.0,
2025-04-13 17:00:00,29.4,11.3,190.0,
2025-04-13 18:00:00,30.25,12.100000000000001,190.0,0.25
2025-04-13 19:00:00,32.8,13.4,190.0,
2025-04-13 20:00:00,33.3,12.9,200.0,
2025-04-13 21:00:00,33.3,11.600000000000001,190.0,0.5
2025-04-13 22:00:00,32.2,11.3,180.0,
2025-04-13 23:00:00,30.6,8.2,180.0,
2025-04-14 00:00:00,30.0,9.0,180.0,0.25
2025-04-14 01:00:00,28.3,6.7,180.0,
2025-04-14 02:00:00,27.2,8.2,180.0,0.0
2025-04-14 03:00:00,26.65,8.75,180.0,0.0
2025-04-14 04:00:00,25.0,9.8,180.0,0.0
2025-04-14 05:00:00,23.9,12.4,589.5,
2025-04-14 06:00:00,23.35,11.600000000000001,185.0,0.25
2025-04-14 07:00:00,21.1,8.8,190.0,
2025-04-14 08:00:00,20.0,7.7,190.0,0.0
2025-04-14 09:00:00,19.45,7.7,185.0,
2025-04-14 10:00:00,18.3,8.2,190.0,
2025-04-14 11:00:00,17.8,5.1,180.0,
2025-04-14 12:00:00,17.8,5.4,180.0,0.25
2025-04-14 13:00:00,20.0,5.1,210.0,
2025-04-14 14:00:00,21.7,9.3,200.0,
2025-04-14 15:00:00,22.799999999999997,8.25,195.0,0.75
2025-04-14 16:00:00,25.0,6.2,210.0,
2025-04-14 17:00:00,27.2,3.6,240.0,
2025-04-14 18:00:00,27.5,2.55,619.5,0.5
2025-04-14 19:00:00,28.9,1.5,999.0,
2025-04-14 20:00:00,30.6,2.6,999.0,
2025-04-14 21:00:00,30.6,3.1,674.5,0.5
2025-04-14 22:00:00,28.9,5.1,10.0,
2025-04-14 23:00:00,26.7,8.2,10.0,
2025-04-15 00:00:00,25.85,7.449999999999999,10.0,0.75
2025-04-15 01:00:00,23.9,7.7,30.0,
2025-04-15 02:00:00,22.8,6.7,20.0,
2025-04-15 03:00:00,22.25,6.45,20.0,0.75
2025-04-15 04:00:00,20.6,8.8,30.0,
2025-04-15 05:00:00,19.4,7.7,504.5,
2025-04-15 06:00:00,18.85,8.25,20.0,0.75
2025-04-15 07:00:00,17.8,6.2,20.0,
2025-04-15 08:00:00,16.7,6.2,30.0,
2025-04-15 09:00:00,16.4,5.95,35.0,0.75
2025-04-15 10:00:00,14.4,4.1,30.0,
2025-04-15 11:00:00,13.9,4.1,40.0,
2025-04-15 12:00:00,14.15,3.3499999999999996,45.0,0.5
2025-04-15 13:00:00,16.7,4.6,40.0,
2025-04-15 14:00:00,18.3,7.2,70.0,
2025-04-15 15:00:00,18.85,5.65,55.0,0.125
2025-04-15 16:00:00,20.6,3.6,80.0,
2025-04-15 17:00:00,21.7,3.6,40.0,
2025-04-15 18:00:00,22.25,4.1,55.0,0.25
2025-04-15 19:00:00,23.9,5.7,40.0,
2025-04-15 20:00:00,23.3,3.1,90.0,
2025-04-15 21:00:00,23.6,4.4,70.0,0.5
2025-04-15 22:00:00,23.3,4.1,60.0,
2025-04-15 23:00:00,22.8,2.1,70.0,
2025-04-16 00:00:00,21.700000000000003,2.6,85.0,0.25
2025-04-16 01:00:00,19.4,2.1,90.0,
2025-04-16 02:00:00,18.9,2.6,110.0,0.0
2025-04-16 03:00:00,18.35,2.05,105.0,0.0
2025-04-16 04:00:00,17.8,2.1,100.0,0.0
2025-04-16 05:00:00,16.7,0.0,999.0,0.0
2025-04-16 06:00:00,16.15,0.75,564.5,
2025-04-16 07:00:00,15.6,0.0,999.0,
2025-04-16 08:00:00,14.4,0.0,999.0,0.0
2025-04-16 09:00:00,14.15,0.0,999.0,
2025-04-16 10:00:00,13.3,2.6,140.0,
2025-04-16 11:00:00,13.3,3.6,130.0,
2025-04-16 12:00:00,14.15,2.85,120.0,0.25
2025-04-16 13:00:00,17.8,5.1,140.0,
2025-04-16 14:00:00,20.6,4.6,160.0,
2025-04-16 15:00:00,21.700000000000003,5.65,165.0,0.25
2025-04-16 16:00:00,24.4,8.8,180.0,
2025-04-16 17:00:00,25.6,9.8,160.0,
2025-04-16 18:00:00,25.85,9.3,170.0,0.75
2025-04-16 19:00:00,26.7,9.3,170.0,
2025-04-16 20:00:00,26.7,10.3,180.0,
2025-04-16 21:00:00,27.25,9.8,185.0,0.5
2025-04-16 22:00:00,26.7,8.8,180.0,
2025-04-16 23:00:00,26.7,9.3,180.0,
2025-04-17 00:00:00,26.15,8.5,175.0,0.25
2025-04-17 01:00:00,23.9,6.2,160.0,
2025-04-17 02:00:00,23.9,6.2,160.0,
2025-04-17 03:00:00,23.35,6.7,165.0,0.25
2025-04-17 04:00:00,22.8,8.2,180.0,0.0
2025-04-17 05:00:00,21.7,8.2,584.5,
2025-04-17 06:00:00,21.4,7.449999999999999,170.0,0.125
2025-04-17 07:00:00,20.6,7.2,170.0,0.0
2025-04-17 08:00:00,20.0,6.7,170.0,0.0
2025-04-17 09:00:00,19.7,6.7,165.0,
2025-04-17 10:00:00,20.0,6.2,180.0,
2025-04-17 11:00:00,20.0,6.2,170.0,
2025-04-17 12:00:00,20.0,5.95,170.0,1.0
2025-04-17 13:00:00,21.1,6.2,190.0,
2025-04-17 14:00:00,22.5,10.8,190.0,
2025-04-17 15:00:00,23.6,9.8,190.0,0.5
2025-04-17 16:00:00,26.1,11.8,200.0,
2025-04-17 17:00:00,26.1,8.8,180.0,
2025-04-17 18:00:00,26.65,8.8,175.0,0.75
2025-04-17 19:00:00,27.8,10.8,170.0,
2025-04-17 20:00:00,28.3,9.8,170.0,
2025-04-17 21:00:00,28.05,10.3,170.0,0.75
2025-04-17 22:00:00,28.3,9.8,170.0,
2025-04-17 23:00:00,27.8,6.7,170.0,
2025-04-18 00:00:00,27.25,7.2,170.0,0.75
2025-04-18 01:00:00,26.1,7.7,160.0,
2025-04-18 02:00:00,25.0,10.8,170.0,
2025-04-18 03:00:00,24.7,11.05,170.0,0.75
2025-04-18 04:00:00,23.3,10.3,170.0,
2025-04-18 05:00:00,22.2,9.3,584.5,
2025-04-18 06:00:00,21.95,9.55,170.0,0.5
2025-04-18 07:00:00,21.7,10.8,170.0,
2025-04-18 08:00:00,21.1,10.3,170.0,
2025-04-18 09:00:00,21.1,11.350000000000001,170.0,0.75
2025-04-18 10:00:00,20.6,10.3,170.0,
2025-04-18 11:00:00,21.1,9.3,180.0,
2025-04-18 12:00:00,21.1,8.0,185.0,1.0
2025-04-18 13:00:00,21.1,10.3,180.0,
2025-04-18 14:00:00,22.5,7.949999999999999,185.0,
2025-04-18 15:00:00,23.333333333333332,8.066666666666666,180.0,1.0
2025-04-18 16:00:00,25.6,8.2,180.0,
2025-04-18 17:00:00,27.2,11.8,200.0,
2025-04-18 18:00:00,27.75,10.0,200.0,1.0
2025-04-18 19:00:00,29.4,9.3,190.0,
2025-04-18 20:00:00,29.4,9.3,180.0,
2025-04-18 21:00:00,29.15,7.75,175.0,1.0
2025-04-18 22:00:00,28.3,5.7,140.0,
2025-04-18 23:00:00,27.8,6.7,150.0,
2025-04-19 00:00:00,27.5,7.449999999999999,155.0,1.0
2025-04-19 01:00:00,26.7,6.2,150.0,
2025-04-19 02:00:00,26.1,11.3,160.0,
2025-04-19 03:00:00,26.1,11.05,175.0,1.0
2025-04-19 04:00:00,25.0,9.3,170.0,
2025-04-19 05:00:00,24.4,6.2,584.5,
2025-04-19 06:00:00,24.399999999999995,7.199999999999999,173.33333333333334,1.0
2025-04-19 07:00:00,24.4,7.7,180.0,
2025-04-19 08:00:00,23.9,10.3,170.0,
2025-04-19 09:00:00,23.9,9.8,180.0,1.0
2025-04-19 10:00:00,20.0,10.133333333333335,253.33333333333334,
2025-04-19 11:00:00,18.3,5.4,200.0,
2025-04-19 12:00:00,18.3,4.35,175.0,1.0
2025-04-19 13:00:00,18.3,4.1,150.0,
2025-04-19 14:00:00,18.9,1.5,170.0,
2025-04-19 15:00:00,19.424999999999997,1.275,354.75,1.0
2025-04-19 16:00:00,20.6,4.6,150.0,
2025-04-19 17:00:00,22.2,5.1,100.0,
2025-04-19 18:00:00,23.6,6.4,115.0,1.0
2025-04-19 19:00:00,25.6,9.3,140.0,
2025-04-19 20:00:00,23.9,6.7,130.0,
2025-04-19 21:00:00,23.9,5.9,120.0,1.0
2025-04-19 22:00:00,23.9,8.2,120.0,
2025-04-19 23:00:00,23.9,7.7,120.0,
2025-04-20 00:00:00,23.9,7.949999999999999,120.0,1.0
2025-04-20 01:00:00,22.9,7.7,135.0,
2025-04-20 02:00:00,23.05,7.449999999999999,135.0,
2025-04-20 03:00:00,23.3,6.7,143.33333333333334,1.0
2025-04-20 04:00:00,22.8,7.7,140.0,
2025-04-20 05:00:00,22.8,5.7,574.5,
2025-04-20 06:00:00,22.8,4.3,160.0,1.0
2025-04-20 07:00:00,22.2,5.1,130.0,
2025-04-20 08:00:00,21.7,3.1,160.0,
2025-04-20 09:00:00,20.933333333333334,3.1,446.3333333333333,1.0
2025-04-20 10:00:00,19.7,3.0749999999999997,160.0,
2025-04-20 11:00:00,20.0,9.8,160.0,
2025-04-20 12:00:00,20.0,8.0,165.0,1.0
2025-04-20 13:00:00,20.6,5.1,180.0,
2025-04-20 14:00:00,20.6,6.95,185.0,
2025-04-20 15:00:00,19.466666666666665,7.7,233.33333333333334,1.0
2025-04-20 16:00:00,18.6,8.8,260.0,
2025-04-20 17:00:00,20.0,9.3,270.0,
2025-04-20 18:00:00,21.1,9.3,255.0,0.5
2025-04-20 19:00:00,23.3,7.2,260.0,
2025-04-20 20:00:00,25.0,8.2,270.0,
2025-04-20 21:00:00,24.7,6.949999999999999,270.0,0.25
2025-04-20 22:00:00,23.9,7.2,250.0,
2025-04-20 23:00:00,22.8,5.7,280.0,
2025-04-21 00:00:00,22.25,5.7,285.0,0.25
2025-04-21 01:00:00,20.6,3.1,280.0,0.0
2025-04-21 02:00:00,20.0,3.1,290.0,0.0
2025-04-21 03:00:00,18.6,3.1,310.0,0.0
2025-04-21 04:00:00,16.7,2.1,360.0,0.0
2025-04-21 05:00:00,16.1,0.0,999.0,0.0
2025-04-21 06:00:00,15.55,0.0,999.0,0.0
2025-04-21 07:00:00,15.6,0.0,999.0,0.0
2025-04-21 08:00:00,13.9,0.0,999.0,0.0
2025-04-21 09:00:00,12.8,0.0,999.0,0.0
2025-04-21 10:00:00,12.8,1.5,170.0,0.0
2025-04-21 11:00:00,12.8,0.0,999.0,
2025-04-21 12:00:00,13.600000000000001,0.0,999.0,0.125
2025-04-21 13:00:00,16.7,0.0,999.0,0.0
2025-04-21 14:00:00,19.4,1.5,120.0,0.0
2025-04-21 15:00:00,20.799999999999997,1.8,100.0,
2025-04-21 16:00:00,23.3,2.6,100.0,0.0
2025-04-21 17:00:00,24.4,0.0,999.0,0.0
2025-04-21 18:00:00,25.25,1.3,549.5,0.0
2025-04-21 19:00:00,26.7,4.1,80.0,0.0
2025-04-21 20:00:00,26.1,2.6,120.0,0.0
2025-04-21 21:00:00,26.4,2.85,125.0,
2025-04-21 22:00:00,26.7,4.1,120.0,
2025-04-21 23:00:00,25.0,3.1,120.0,
2025-04-22 00:00:00,23.9,3.1,125.0,0.25
2025-04-22 01:00:00,21.7,1.5,100.0,
2025-04-22 02:00:00,21.1,1.5,110.0,0.0
2025-04-22 03:00:00,20.25,1.5,110.0,
2025-04-22 04:00:00,18.9,1.5,120.0,0.0
2025-04-22 05:00:00,17.8,2.6,559.5,0.0
2025-04-22 06:00:00,17.8,1.3,559.5,0.0
2025-04-22 07:00:00,16.7,1.5,130.0,0.0
2025-04-22 08:00:00,16.7,2.6,160.0,
2025-04-22 09:00:00,16.4,2.05,150.0,0.25
2025-04-22 10:00:00,15.6,2.1,150.0,
2025-04-22 11:00:00,15.0,0.0,999.0,
2025-04-22 12:00:00,16.740000000000002,1.78,287.8,0.25
2025-04-22 13:00:00,18.7,2.4333333333333336,130.0,
2025-04-22 14:00:00,21.95,3.6,175.0,0.0
2025-04-22 15:00:00,23.049999999999997,2.85,185.0,
2025-04-22 16:00:00,26.1,5.7,180.0,
2025-04-22 17:00:00,27.8,5.7,150.0,
2025-04-22 18:00:00,28.05,4.4,574.5,0.25
2025-04-22 19:00:00,29.4,2.6,160.0,
2025-04-22 20:00:00,30.0,3.6,160.0,
2025-04-22 21:00:00,30.3,4.65,150.0,0.25
2025-04-22 22:00:00,30.0,3.6,150.0,
2025-04-22 23:00:00,28.9,4.6,170.0,
2025-04-23 00:00:00,28.049999999999997,4.35,150.0,0.25
2025-04-23 01:00:00,25.0,4.6,130.0,
2025-04-23 02:00:00,24.4,3.6,120.0,
2025-04-23 03:00:00,23.85,3.6,125.0,0.75
2025-04-23 04:00:00,23.3,4.1,130.0,
2025-04-23 05:00:00,22.8,4.1,559.5,
2025-04-23 06:00:00,22.8,3.8499999999999996,135.0,0.75
2025-04-23 07:00:00,22.2,3.6,140.0,
2025-04-23 08:00:00,21.7,3.6,140.0,
2025-04-23 09:00:00,21.7,2.733333333333333,143.33333333333334,1.0
2025-04-23 10:00:00,17.96666666666667,9.433333333333334,326.6666666666667,
2025-04-23 11:00:00,17.333333333333332,5.166666666666667,136.66666666666666,
2025-04-23 12:00:00,17.5,3.75,289.75,1.0
2025-04-23 13:00:00,17.8,4.6,50.0,
2025-04-23 14:00:00,20.0,6.2,100.0,
2025-04-23 15:00:00,21.4,4.65,110.0,0.5
2025-04-23 16:00:00,25.0,5.7,130.0,
2025-04-23 17:00:00,25.6,5.7,160.0,
2025-04-23 18:00:00,26.15,4.9,145.0,0.5
2025-04-23 19:00:00,26.1,5.7,120.0,
2025-04-23 20:00:00,25.6,5.1,120.0,
2025-04-23 21:00:00,25.85,4.85,120.0,0.75
2025-04-23 22:00:00,26.1,4.1,130.0,
2025-04-23 23:00:00,26.1,5.1,120.0,
2025-04-24 00:00:00,25.25,5.65,115.0,0.5
2025-04-24 01:00:00,23.9,6.2,110.0,
2025-04-24 02:00:00,22.8,7.2,130.0,
2025-04-24 03:00:00,22.25,6.15,125.0,0.25
2025-04-24 04:00:00,21.7,4.1,120.0,
2025-04-24 05:00:00,21.1,6.2,564.5,
2025-04-24 06:00:00,20.900000000000002,5.666666666666667,133.33333333333334,0.75
2025-04-24 07:00:00,20.6,5.1,140.0,
2025-04-24 08:00:00,20.6,4.1,150.0,
2025-04-24 09:00:00,20.6,4.35,150.0,1.0
2025-04-24 10:00:00,20.6,4.6,160.0,
2025-04-24 11:00:00,20.6,4.1,170.0,
2025-04-24 12:00:00,20.6,4.1,162.5,1.0
2025-04-24 13:00:00,21.1,3.3499999999999996,175.0,
2025-04-24 14:00:00,18.32,5.14,236.0,
2025-04-24 15:00:00,18.05,5.65,30.0,1.0
2025-04-24 16:00:00,20.0,2.6,90.0,
2025-04-24 17:00:00,18.9,2.85,115.0,
2025-04-24 18:00:00,18.5,2.766666666666667,86.66666666666667,1.0
2025-04-24 19:00:00,18.3,3.5999999999999996,175.0,
2025-04-24 20:00:00,17.8,10.3,110.0,
2025-04-24 21:00:00,18.35,7.2,125.0,1.0
2025-04-24 22:00:00,21.1,0.0,999.0,
2025-04-24 23:00:00,21.1,2.6,180.0,
2025-04-25 00:00:00,20.25,2.85,175.0,0.25
2025-04-25 01:00:00,18.9,2.1,130.0,
2025-04-25 02:00:00,17.8,1.5,130.0,
2025-04-25 03:00:00,17.8,2.05,150.0,0.5
2025-04-25 04:00:00,17.8,2.6,170.0,
2025-04-25 05:00:00,17.8,1.5,549.5,
2025-04-25 06:00:00,17.5,2.05,125.0,0.75
2025-04-25 07:00:00,16.1,2.1,140.0,
2025-04-25 08:00:00,16.7,1.5,90.0,
2025-04-25 09:00:00,16.4,1.8,115.0,0.25
2025-04-25 10:00:00,17.2,1.3,564.5,
2025-04-25 11:00:00,17.8,5.4,30.0,
2025-04-25 12:00:00,18.0,3.2,86.0,1.0
2025-04-25 13:00:00,18.9,4.6,120.0,
2025-04-25 14:00:00,20.6,3.6,120.0,
2025-04-25 15:00:00,21.15,3.8499999999999996,125.0,0.75
2025-04-25 16:00:00,22.2,4.6,130.0,
2025-04-25 17:00:00,22.8,3.6,160.0,
2025-04-25 18:00:00,23.35,3.35,175.0,1.0
2025-04-25 19:00:00,24.4,2.1,130.0,
2025-04-25 20:00:00,25.6,3.1,200.0,
2025-04-25 21:00:00,25.85,3.35,190.0,0.5
2025-04-25 22:00:00,26.1,3.1,999.0,
2025-04-25 23:00:00,25.6,3.6,180.0,
2025-04-26 00:00:00,24.75,2.85,170.0,0.5
2025-04-26 01:00:00,23.9,2.1,100.0,
2025-04-26 02:00:00,22.2,2.1,130.0,
2025-04-26 03:00:00,22.2,1.8,140.0,0.75
2025-04-26 04:00:00,21.7,0.0,999.0,
2025-04-26 05:00:00,21.1,2.1,569.5,
2025-04-26 06:00:00,21.65,1.8,125.0,1.0
2025-04-26 07:00:00,21.7,2.1,130.0,
2025-04-26 08:00:00,21.7,0.0,999.0,
2025-04-26 09:00:00,21.4,0.9,567.0,0.75
2025-04-26 10:00:00,21.1,2.1,110.0,
2025-04-26 11:00:00,20.0,2.6,130.0,
2025-04-26 12:00:00,20.55,2.85,130.0,0.75
2025-04-26 13:00:00,22.2,4.1,155.0,
2025-04-26 14:00:00,22.96666666666667,5.5,170.0,
2025-04-26 15:00:00,23.333333333333332,6.533333333333334,163.33333333333334,0.75
2025-04-26 16:00:00,24.7,5.15,185.0,
2025-04-26 17:00:00,26.1,5.7,160.0,
2025-04-26 18:00:00,26.65,5.4,150.0,0.75
2025-04-26 19:00:00,26.7,4.1,160.0,
2025-04-26 20:00:00,28.3,6.2,170.0,
2025-04-26 21:00:00,28.05,6.45,170.0,0.75
2025-04-26 22:00:00,27.8,3.6,150.0,
2025-04-26 23:00:00,26.7,2.6,140.0,
2025-04-27 00:00:00,26.15,3.1,125.0,0.5
2025-04-27 01:00:00,22.8,2.6,150.0,
2025-04-27 02:00:00,24.4,4.6,170.0,
2025-04-27 03:00:00,24.15,3.3499999999999996,160.0,0.75
2025-04-27 04:00:00,23.9,4.1,160.0,
2025-04-27 05:00:00,23.9,4.6,584.5,
2025-04-27 06:00:00,23.6,4.35,175.0,0.75
2025-04-27 07:00:00,21.7,3.1,160.0,
2025-04-27 08:00:00,21.1,2.6,120.0,
2025-04-27 09:00:00,20.55,2.85,125.0,0.25
2025-04-27 10:00:00,20.0,2.6,150.0,
2025-04-27 11:00:00,20.0,2.35,135.0,
2025-04-27 12:00:00,20.566666666666666,2.9333333333333336,130.0,0.75
2025-04-27 13:00:00,22.2,4.1,160.0,
2025-04-27 14:00:00,23.5,5.866666666666667,166.66666666666666,
2025-04-27 15:00:00,24.15,5.95,170.0,0.75
2025-04-27 16:00:00,24.4,4.6,170.0,
2025-04-27 17:00:00,25.6,5.95,160.0,
2025-04-27 18:00:00,26.15,6.7,160.0,0.75
2025-04-27 19:00:00,27.2,6.7,150.0,
2025-04-27 20:00:00,27.2,6.7,170.0,
2025-04-27 21:00:00,26.95,7.2,170.0,1.0
2025-04-27 22:00:00,26.7,7.7,160.0,
2025-04-27 23:00:00,26.1,7.2,160.0,
2025-04-28 00:00:00,26.1,5.9,160.0,1.0
2025-04-28 01:00:00,24.4,4.1,150.0,
2025-04-28 02:00:00,23.9,3.1,150.0,
2025-04-28 03:00:00,23.6,3.35,145.0,0.75
2025-04-28 04:00:00,23.9,6.2,160.0,
2025-04-28 05:00:00,23.9,5.1,579.5,
2025-04-28 06:00:00,23.6,6.4,165.0,0.75
2025-04-28 07:00:00,22.8,7.2,170.0,
2025-04-28 08:00:00,22.8,8.2,170.0,
2025-04-28 09:00:00,22.8,7.199999999999999,170.0,0.75
2025-04-28 10:00:00,22.2,6.2,170.0,
2025-04-28 11:00:00,22.2,7.2,180.0,
2025-04-28 12:00:00,22.2,6.95,175.0,0.75
2025-04-28 13:00:00,23.3,9.3,170.0,
2025-04-28 14:00:00,23.3,9.8,180.0,
2025-04-28 15:00:00,24.15,9.8,180.0,1.0
2025-04-28 16:00:00,25.0,10.8,170.0,
2025-04-28 17:00:00,25.0,5.7,180.0,
2025-04-28 18:00:00,25.400000000000002,7.066666666666666,176.66666666666666,1.0
2025-04-28 19:00:00,25.6,7.2,180.0,
2025-04-28 20:00:00,26.7,9.3,180.0,
2025-04-28 21:00:00,26.4,9.55,175.0,1.0
2025-04-28 22:00:00,26.1,7.2,180.0,
2025-04-28 23:00:00,25.6,7.2,170.0,
2025-04-29 00:00:00,25.6,6.15,170.0,0.75
2025-04-29 01:00:00,25.0,6.7,160.0,
2025-04-29 02:00:00,25.0,6.7,170.0,
2025-04-29 03:00:00,24.7,6.45,165.0,1.0
2025-04-29 04:00:00,23.9,8.2,160.0,
2025-04-29 05:00:00,23.9,8.2,584.5,
2025-04-29 06:00:00,23.6,6.949999999999999,170.0,0.75
2025-04-29 07:00:00,23.3,5.7,160.0,
2025-04-29 08:00:00,22.8,5.1,160.0,
2025-04-29 09:00:00,22.5,4.85,145.0,1.0
2025-04-29 10:00:00,21.7,6.2,160.0,
2025-04-29 11:00:00,22.2,2.6,170.0,
2025-04-29 12:00:00,22.2,3.1,165.0,1.0
2025-04-29 13:00:00,22.5,4.1,140.0,
2025-04-29 14:00:00,23.6,5.15,145.0,
2025-04-29 15:00:00,24.15,5.15,150.0,1.0
2025-04-29 16:00:00,25.3,6.7,165.0,
2025-04-29 17:00:00,26.7,6.7,170.0,
2025-04-29 18:00:00,26.7,7.75,175.0,0.75
2025-04-29 19:00:00,28.3,6.2,160.0,
2025-04-29 20:00:00,27.2,7.2,160.0,
2025-04-29 21:00:00,27.5,7.2,165.0,0.75
2025-04-29 22:00:00,27.2,6.7,150.0,
2025-04-29 23:00:00,26.7,6.2,160.0,
2025-04-30 00:00:00,26.15,5.65,150.0,0.75
2025-04-30 01:00:00,25.0,5.7,140.0,
2025-04-30 02:00:00,24.4,6.7,140.0,
2025-04-30 03:00:00,24.15,6.45,145.0,1.0
2025-04-30 04:00:00,23.3,5.1,160.0,
2025-04-30 05:00:00,22.8,7.2,574.5,
2025-04-30 06:00:00,22.5,6.45,145.0,1.0
2025-04-30 07:00:00,21.1,4.1,140.0,
2025-04-30 08:00:00,21.1,4.6,150.0,
2025-04-30 09:00:00,21.1,5.9,155.0,0.5
2025-04-30 10:00:00,21.1,5.866666666666667,150.0,
2025-04-30 11:00:00,21.1,4.1,145.0,
2025-04-30 12:00:00,21.3,4.8,136.66666666666666,1.0
2025-04-30 13:00:00,21.7,6.45,140.0,
2025-04-30 14:00:00,21.7,7.033333333333334,150.0,
2025-04-30 15:00:00,20.7,5.859999999999999,180.0,1.0
2025-04-30 16:00:00,15.4,7.233333333333334,130.0,
2025-04-30 17:00:00,15.6,5.3,56.666666666666664,
2025-04-30 18:00:00,15.6,3.225,319.75,1.0
2025-04-30 19:00:00,15.933333333333335,2.033333333333333,113.33333333333333,
2025-04-30 20:00:00,16.1,4.1,120.0,
2025-04-30 21:00:00,16.1,3.8499999999999996,135.0,1.0
2025-04-30 22:00:00,16.7,3.1,130.0,
2025-04-30 23:00:00,16.7,0.0,999.0,
2025-05-01 00:00:00,16.7,0.75,589.5,1.0
2025-05-01 01:00:00,16.7,1.5,100.0,
2025-05-01 02:00:00,17.2,2.05,30.0,
2025-05-01 03:00:00,17.03333333333333,2.2333333333333334,63.333333333333336,1.0
2025-05-01 04:00:00,16.7,3.6,150.0,
2025-05-01 05:00:00,16.1,3.1,589.5,
2025-05-01 06:00:00,16.3,3.266666666666667,173.33333333333334,0.75
2025-05-01 07:00:00,16.7,6.95,210.0,
2025-05-01 08:00:00,16.1,4.1,210.0,
2025-05-01 09:00:00,16.1,1.3666666666666665,736.0,1.0
2025-05-01 10:00:00,16.1,0.5,682.6666666666666,
2025-05-01 11:00:00,16.1,0.0,999.0,1.0
2025-05-01 12:00:00,16.7,0.0,999.0,
2025-05-01 13:00:00,17.8,0.0,999.0,
2025-05-01 14:00:00,17.8,2.1,140.0,
2025-05-01 15:00:00,18.866666666666664,2.1,133.33333333333334,1.0
2025-05-01 16:00:00,20.6,0.0,999.0,
2025-05-01 17:00:00,21.1,2.1,190.0,
2025-05-01 18:00:00,21.65,2.6,175.0,1.0
2025-05-01 19:00:00,22.2,3.6,130.0,
2025-05-01 20:00:00,22.8,3.6,130.0,
2025-05-01 21:00:00,23.05,3.35,115.0,1.0
2025-05-01 22:00:00,24.4,3.8499999999999996,120.0,
2025-05-01 23:00:00,24.4,2.6,90.0,
2025-05-02 00:00:00,23.85,2.6,75.0,0.5
2025-05-02 01:00:00,21.7,2.1,120.0,
2025-05-02 02:00:00,22.8,2.6,100.0,
2025-05-02 03:00:00,22.5,2.6,95.0,0.75
2025-05-02 04:00:00,21.7,0.75,559.5,
2025-05-02 05:00:00,21.4,2.8,433.0,
2025-05-02 06:00:00,20.55,4.9,170.0,0.5
2025-05-02 07:00:00,18.9,2.6,190.0,
2025-05-02 08:00:00,17.8,2.6,230.0,
2025-05-02 09:00:00,18.05,4.9,280.0,0.75
2025-05-02 10:00:00,19.15,4.15,185.0,
2025-05-02 11:00:00,18.9,4.1,20.0,
2025-05-02 12:00:00,18.6,2.8,55.0,0.75
2025-05-02 13:00:00,18.9,2.6,50.0,
2025-05-02 14:00:00,19.4,3.1,40.0,
2025-05-02 15:00:00,19.15,3.8499999999999996,40.0,1.0
2025-05-02 16:00:00,16.7,4.9,30.0,
2025-05-02 17:00:00,16.580000000000002,4.54,206.0,
2025-05-02 18:00:00,16.7,3.0749999999999997,437.25,1.0
2025-05-02 19:00:00,16.3,4.833333333333333,180.0,
2025-05-02 20:00:00,17.9,5.7,345.0,
2025-05-02 21:00:00,18.166666666666668,6.0,343.3333333333333,0.75
2025-05-02 22:00:00,18.9,4.6,350.0,
2025-05-02 23:00:00,18.9,4.6,340.0,
2025-05-03 00:00:00,18.9,4.85,345.0,0.75
2025-05-03 01:00:00,18.3,1.5,360.0,
2025-05-03 02:00:00,18.3,1.5,100.0,
2025-05-03 03:00:00,18.3,0.75,549.5,0.75
2025-05-03 04:00:00,16.7,3.1,320.0,
2025-05-03 05:00:00,15.6,3.6,674.5,0.0
2025-05-03 06:00:00,15.0,3.35,345.0,0.0
2025-05-03 07:00:00,13.9,3.6,320.0,0.0
2025-05-03 08:00:00,12.8,2.1,320.0,0.0
2025-05-03 09:00:00,12.25,2.6,325.0,0.0
2025-05-03 10:00:00,12.2,5.1,340.0,0.0
2025-05-03 11:00:00,12.2,4.6,340.0,0.0
2025-05-03 12:00:00,12.75,4.35,340.0,0.0
2025-05-03 13:00:00,15.6,5.1,350.0,0.0
2025-05-03 14:00:00,17.8,6.7,350.0,0.0
2025-05-03 15:00:00,18.35,7.2,355.0,
2025-05-03 16:00:00,19.4,4.6,20.0,
2025-05-03 17:00:00,20.6,4.1,350.0,
2025-05-03 18:00:00,21.15,4.6,340.0,0.25
2025-05-03 19:00:00,22.2,5.7,330.0,
2025-05-03 20:00:00,22.8,4.1,320.0,
2025-05-03 21:00:00,23.05,4.1,320.0,0.125
2025-05-03 22:00:00,22.8,2.6,330.0,0.0
2025-05-03 23:00:00,21.7,4.6,20.0,0.0
2025-05-04 00:00:00,20.549999999999997,3.5999999999999996,20.0,0.0
2025-05-04 01:00:00,17.2,2.6,20.0,0.0
2025-05-04 02:00:00,17.8,2.1,350.0,0.0
2025-05-04 03:00:00,16.950000000000003,1.8,185.0,0.0
2025-05-04 04:00:00,15.6,0.0,999.0,0.0
2025-05-04 05:00:00,16.1,0.0,999.0,0.0
2025-05-04 06:00:00,15.55,0.0,999.0,0.0
2025-05-04 07:00:00,13.9,2.6,360.0,0.0
2025-05-04 08:00:00,13.3,0.0,999.0,0.0
2025-05-04 09:00:00,13.600000000000001,0.0,999.0,0.0
2025-05-04 10:00:00,12.8,0.0,999.0,0.0
2025-05-04 11:00:00,12.2,1.5,210.0,0.0
2025-05-04 12:00:00,13.6,0.75,604.5,0.0
2025-05-04 13:00:00,17.2,0.0,999.0,0.0
2025-05-04 14:00:00,19.4,2.1,130.0,0.0
2025-05-04 15:00:00,20.25,2.85,130.0,0.0
2025-05-04 16:00:00,21.7,3.6,110.0,
2025-05-04 17:00:00,22.8,1.5,999.0,
2025-05-04 18:00:00,23.35,2.3,999.0,0.25
2025-05-04 19:00:00,23.9,0.0,999.0,
2025-05-04 20:00:00,25.0,2.6,80.0,
2025-05-04 21:00:00,24.7,3.1,115.0,0.5
2025-05-04 22:00:00,24.4,1.5,999.0,
2025-05-04 23:00:00,23.9,2.6,110.0,
2025-05-05 00:00:00,22.799999999999997,2.6,110.0,0.5
2025-05-05 01:00:00,20.0,2.6,110.0,
2025-05-05 02:00:00,18.9,2.6,130.0,
2025-05-05 03:00:00,18.6,2.35,135.0,0.75
2025-05-05 04:00:00,18.3,1.5,100.0,
2025-05-05 05:00:00,18.9,3.1,549.5,
2025-05-05 06:00:00,18.6,2.6,100.0,0.75
2025-05-05 07:00:00,17.8,1.5,130.0,
2025-05-05 08:00:00,16.7,0.0,999.0,
2025-05-05 09:00:00,16.7,0.0,999.0,0.75
2025-05-05 10:00:00,16.1,1.5,110.0,
2025-05-05 11:00:00,16.1,1.5,120.0,
2025-05-05 12:00:00,16.4,2.3,120.0,0.5
2025-05-05 13:00:00,18.9,3.6,120.0,
2025-05-05 14:00:00,20.0,4.6,110.0,
2025-05-05 15:00:00,20.0,4.35,110.0,0.75
2025-05-05 16:00:00,19.4,3.1,120.0,
2025-05-05 17:00:00,18.65,2.6,210.0,
2025-05-05 18:00:00,17.5,3.3499999999999996,275.0,1.0
2025-05-05 19:00:00,16.4,4.15,195.0,
2025-05-05 20:00:00,16.7,5.1,50.0,
2025-05-05 21:00:00,16.7,4.6,65.0,1.0
2025-05-05 22:00:00,15.6,3.6,100.0,
2025-05-05 23:00:00,16.1,5.7,110.0,
2025-05-06 00:00:00,16.1,4.9,105.0,0.75
2025-05-06 01:00:00,15.6,3.6,100.0,
2025-05-06 02:00:00,15.0,2.1,80.0,
2025-05-06 03:00:00,15.3,2.35,90.0,0.75
2025-05-06 04:00:00,15.0,3.1,80.0,
2025-05-06 05:00:00,15.6,2.6,534.5,
2025-05-06 06:00:00,15.6,3.1,65.0,1.0
2025-05-06 07:00:00,16.7,3.6,100.0,
2025-05-06 08:00:00,16.7,3.6,100.0,
2025-05-06 09:00:00,16.333333333333332,3.933333333333333,100.0,1.0
2025-05-06 10:00:00,16.1,3.1,90.0,
2025-05-06 11:00:00,15.6,3.1,90.0,
2025-05-06 12:00:00,15.850000000000001,3.5999999999999996,90.0,1.0
2025-05-06 13:00:00,16.1,5.7,100.0,
2025-05-06 14:00:00,15.725,5.275,102.5,
2025-05-06 15:00:00,15.98,5.26,383.8,1.0
2025-05-06 16:00:00,15.7,5.15,50.0,
2025-05-06 17:00:00,16.133333333333336,3.5999999999999996,83.33333333333333,
2025-05-06 18:00:00,17.5,2.85,55.0,
2025-05-06 19:00:00,19.75,2.85,669.5,
2025-05-06 20:00:00,20.0,3.5999999999999996,40.0,
2025-05-06 21:00:00,19.6,2.725,55.0,1.0
2025-05-06 22:00:00,20.0,2.6,70.0,
2025-05-06 23:00:00,19.4,0.0,999.0,
2025-05-07 00:00:00,19.15,1.05,529.5,1.0
2025-05-07 01:00:00,17.8,1.5,20.0,
2025-05-07 02:00:00,16.1,2.1,10.0,
2025-05-07 03:00:00,16.3,1.9000000000000001,30.0,0.25
2025-05-07 04:00:00,15.6,2.1,40.0,
2025-05-07 05:00:00,15.0,2.1,529.5,
2025-05-07 06:00:00,15.533333333333333,1.7,26.666666666666668,0.25
2025-05-07 07:00:00,15.6,2.766666666666667,56.666666666666664,
2025-05-07 08:00:00,15.6,2.35,60.0,
2025-05-07 09:00:00,15.6,1.05,524.5,
2025-05-07 10:00:00,15.850000000000001,0.75,594.5,
2025-05-07 11:00:00,16.7,1.5,250.0,
2025-05-07 12:00:00,16.95,2.3,285.0,1.0
2025-05-07 13:00:00,18.3,3.1,360.0,
2025-05-07 14:00:00,19.15,3.3499999999999996,335.0,
2025-05-07 15:00:00,19.7,4.9,325.0,0.5
2025-05-07 16:00:00,19.4,2.6,310.0,
2025-05-07 17:00:00,21.1,2.1,240.0,
2025-05-07 18:00:00,22.03333333333333,1.4000000000000001,479.6666666666667,0.5
2025-05-07 19:00:00,23.3,3.5999999999999996,320.0,
2025-05-07 20:00:00,25.0,3.1,290.0,
2025-05-07 21:00:00,25.0,4.65,295.0,0.5
2025-05-07 22:00:00,25.0,3.6,320.0,
2025-05-07 23:00:00,24.4,4.1,340.0,
2025-05-08 00:00:00,23.85,3.8499999999999996,340.0,0.25
2025-05-08 01:00:00,22.2,2.6,290.0,
2025-05-08 02:00:00,22.8,3.1,300.0,0.0
2025-05-08 03:00:00,22.25,1.55,649.5,0.0
2025-05-08 04:00:00,21.1,2.1,260.0,0.0
2025-05-08 05:00:00,19.4,2.1,634.5,0.0
2025-05-08 06:00:00,18.6,2.35,250.0,0.0
2025-05-08 07:00:00,17.8,3.1,250.0,0.0
2025-05-08 08:00:00,18.3,4.1,240.0,
2025-05-08 09:00:00,17.75,3.8499999999999996,250.0,0.25
2025-05-08 10:00:00,17.8,4.1,280.0,
2025-05-08 11:00:00,17.2,4.1,290.0,
2025-05-08 12:00:00,17.75,4.1,290.0,0.125
2025-05-08 13:00:00,18.3,5.7,330.0,
2025-05-08 14:00:00,21.1,5.7,340.0,
2025-05-08 15:00:00,21.950000000000003,5.4,340.0,0.25
2025-05-08 16:00:00,23.3,6.2,330.0,
2025-05-08 17:00:00,23.9,4.6,320.0,
2025-05-08 18:00:00,24.45,5.4,320.0,0.75
2025-05-08 19:00:00,25.0,4.6,320.0,
2025-05-08 20:00:00,25.6,6.2,340.0,
2025-05-08 21:00:00,24.450000000000003,6.95,180.0,1.0
2025-05-08 22:00:00,22.8,7.7,20.0,
2025-05-08 23:00:00,22.2,4.6,360.0,
2025-05-09 00:00:00,21.65,4.1,195.0,1.0
2025-05-09 01:00:00,20.0,2.1,20.0,
2025-05-09 02:00:00,21.1,0.0,999.0,
2025-05-09 03:00:00,21.1,1.05,669.5,1.0
2025-05-09 04:00:00,18.9,2.6,330.0,
2025-05-09 05:00:00,18.9,1.5,664.5,
2025-05-09 06:00:00,18.35,2.05,335.0,0.75
2025-05-09 07:00:00,17.2,3.6,340.0,
2025-05-09 08:00:00,16.7,4.1,340.0,
2025-05-09 09:00:00,16.4,4.1,340.0,0.25
2025-05-09 10:00:00,16.1,4.1,340.0,
2025-05-09 11:00:00,16.1,4.6,350.0,
2025-05-09 12:00:00,16.950000000000003,4.85,355.0,0.25
2025-05-09 13:00:00,19.4,5.1,360.0,
2025-05-09 14:00:00,21.1,6.2,360.0,
2025-05-09 15:00:00,21.65,6.45,190.0,0.25
2025-05-09 16:00:00,22.8,6.7,360.0,
2025-05-09 17:00:00,24.4,6.7,10.0,
2025-05-09 18:00:00,24.7,7.449999999999999,185.0,0.5
2025-05-09 19:00:00,26.1,8.2,20.0,
2025-05-09 20:00:00,25.6,8.8,10.0,
2025-05-09 21:00:00,25.85,7.75,15.0,0.75
2025-05-09 22:00:00,25.6,9.3,20.0,
2025-05-09 23:00:00,25.0,7.7,40.0,
2025-05-10 00:00:00,24.15,6.7,40.0,0.5
2025-05-10 01:00:00,21.1,2.6,50.0,
2025-05-10 02:00:00,20.6,3.6,50.0,
2025-05-10 03:00:00,19.75,3.1,35.0,0.25
2025-05-10 04:00:00,20.0,3.1,350.0,
2025-05-10 05:00:00,18.9,3.6,669.5,
2025-05-10 06:00:00,18.6,3.35,335.0,0.75
2025-05-10 07:00:00,17.8,3.1,330.0,
2025-05-10 08:00:00,17.2,3.1,320.0,
2025-05-10 09:00:00,17.2,3.35,325.0,0.5
2025-05-10 10:00:00,16.7,4.1,340.0,
2025-05-10 11:00:00,16.7,3.6,350.0,
2025-05-10 12:00:00,17.25,4.1,350.0,0.5
2025-05-10 13:00:00,19.4,4.6,10.0,
2025-05-10 14:00:00,21.1,4.6,20.0,
2025-05-10 15:00:00,21.950000000000003,3.5999999999999996,190.0,0.25
2025-05-10 16:00:00,25.0,4.1,340.0,
2025-05-10 17:00:00,25.0,4.6,10.0,
2025-05-10 18:00:00,25.55,4.85,185.0,0.5
2025-05-10 19:00:00,26.1,8.2,10.0,
2025-05-10 20:00:00,26.7,7.2,350.0,
2025-05-10 21:00:00,25.85,7.699999999999999,180.0,0.75
2025-05-10 22:00:00,24.4,6.7,20.0,
2025-05-10 23:00:00,23.3,6.7,360.0,
2025-05-11 00:00:00,22.75,6.2,195.0,1.0
2025-05-11 01:00:00,21.1,4.6,30.0,
2025-05-11 02:00:00,20.0,3.6,40.0,
2025-05-11 03:00:00,19.15,3.35,25.0,1.0
2025-05-11 04:00:00,17.8,3.6,30.0,
2025-05-11 05:00:00,16.7,2.6,504.5,
2025-05-11 06:00:00,16.4,3.3499999999999996,180.0,0.75
2025-05-11 07:00:00,15.0,4.1,350.0,
2025-05-11 08:00:00,14.4,4.1,340.0,
2025-05-11 09:00:00,14.4,3.8499999999999996,335.0,0.5
2025-05-11 10:00:00,13.9,4.6,320.0,
2025-05-11 11:00:00,13.9,4.6,340.0,
2025-05-11 12:00:00,14.15,4.6,330.0,0.75
2025-05-11 13:00:00,16.7,5.1,340.0,
2025-05-11 14:00:00,20.0,5.7,340.0,
2025-05-11 15:00:00,21.4,5.7,345.0,0.75
2025-05-11 16:00:00,23.3,8.2,360.0,
2025-05-11 17:00:00,22.8,6.7,10.0,
2025-05-11 18:00:00,23.6,7.2,180.0,0.75
2025-05-11 19:00:00,25.0,6.7,10.0,
2025-05-11 20:00:00,25.0,7.2,360.0,
2025-05-11 21:00:00,24.7,6.95,360.0,0.75
2025-05-11 22:00:00,25.0,7.7,20.0,
2025-05-11 23:00:00,23.3,7.2,20.0,
2025-05-12 00:00:00,22.5,6.95,20.0,0.75
2025-05-12 01:00:00,20.6,4.1,10.0,
2025-05-12 02:00:00,20.0,5.7,30.0,
2025-05-12 03:00:00,19.45,5.15,35.0,0.75
2025-05-12 04:00:00,17.8,3.1,50.0,
2025-05-12 05:00:00,17.2,1.5,524.5,0.0
2025-05-12 06:00:00,17.2,1.8,190.0,0.0
2025-05-12 07:00:00,17.2,2.1,290.0,0.0
2025-05-12 08:00:00,16.7,3.1,300.0,0.0
2025-05-12 09:00:00,16.4,3.1,315.0,0.0
2025-05-12 10:00:00,15.0,2.1,320.0,0.0
2025-05-12 11:00:00,13.9,2.1,350.0,
2025-05-12 12:00:00,15.850000000000001,2.1,330.0,0.25
2025-05-12 13:00:00,20.0,2.1,320.0,
2025-05-12 14:00:00,21.7,2.6,330.0,
2025-05-12 15:00:00,22.5,2.35,664.5,0.25
2025-05-12 16:00:00,24.4,3.1,350.0,
2025-05-12 17:00:00,25.6,2.1,30.0,
2025-05-12 18:00:00,26.7,2.1,310.0,
2025-05-12 19:00:00,27.8,0.0,999.0,
2025-05-12 20:00:00,28.3,3.1,999.0,
2025-05-12 21:00:00,28.3,2.6,524.5,0.5
2025-05-12 22:00:00,27.2,1.5,200.0,
2025-05-12 23:00:00,27.2,1.5,999.0,
2025-05-13 00:00:00,26.1,2.55,584.5,0.25
2025-05-13 01:00:00,23.3,2.6,150.0,0.0
2025-05-13 02:00:00,22.8,3.1,160.0,0.0
2025-05-13 03:00:00,22.25,3.1,165.0,0.0
2025-05-13 04:00:00,20.6,2.6,140.0,0.0
2025-05-13 05:00:00,20.6,3.6,584.5,0.0
2025-05-13 06:00:00,20.6,3.8499999999999996,175.0,0.0
2025-05-13 07:00:00,20.0,3.1,160.0,0.0
2025-05-13 08:00:00,20.0,4.1,160.0,0.0
2025-05-13 09:00:00,19.7,3.8499999999999996,160.0,
2025-05-13 10:00:00,19.4,4.1,150.0,
2025-05-13 11:00:00,18.9,3.6,130.0,
2025-05-13 12:00:00,19.45,4.1,140.0,0.75
2025-05-13 13:00:00,22.2,6.2,170.0,
2025-05-13 14:00:00,25.0,7.2,180.0,
2025-05-13 15:00:00,25.55,7.45,175.0,0.75
2025-05-13 16:00:00,28.3,8.2,170.0,
2025-05-13 17:00:00,30.6,8.8,180.0,
2025-05-13 18:00:00,31.15,8.5,185.0,0.25
2025-05-13 19:00:00,32.8,8.2,180.0,
2025-05-13 20:00:00,33.9,9.3,190.0,
2025-05-13 21:00:00,33.9,8.75,185.0,0.75
2025-05-13 22:00:00,33.3,8.8,170.0,
2025-05-13 23:00:00,32.2,6.7,170.0,
2025-05-14 00:00:00,31.650000000000002,6.7,170.0,0.75
2025-05-14 01:00:00,29.4,5.1,170.0,
2025-05-14 02:00:00,29.4,6.7,170.0,
2025-05-14 03:00:00,29.15,6.95,175.0,0.75
2025-05-14 04:00:00,27.8,6.2,170.0,
2025-05-14 05:00:00,27.2,9.3,589.5,
2025-05-14 06:00:00,26.65,8.25,185.0,0.75
2025-05-14 07:00:00,25.6,6.2,190.0,
2025-05-14 08:00:00,25.0,6.2,190.0,
2025-05-14 09:00:00,25.0,5.65,190.0,0.5
2025-05-14 10:00:00,24.4,5.7,180.0,
2025-05-14 11:00:00,24.4,6.7,190.0,
2025-05-14 12:00:00,25.0,6.2,195.0,1.0
2025-05-14 13:00:00,27.2,7.2,210.0,
2025-05-14 14:00:00,30.0,8.2,210.0,
2025-05-14 15:00:00,30.85,7.199999999999999,210.0,0.75
2025-05-14 16:00:00,33.3,5.7,210.0,
2025-05-14 17:00:00,34.4,6.2,200.0,
2025-05-14 18:00:00,33.3,6.45,185.0,0.75
2025-05-14 19:00:00,33.3,6.2,180.0,
2025-05-14 20:00:00,33.3,6.7,170.0,
2025-05-14 21:00:00,32.2,7.449999999999999,175.0,0.75
2025-05-14 22:00:00,31.1,7.7,180.0,
2025-05-14 23:00:00,30.6,6.2,170.0,
2025-05-15 00:00:00,30.3,6.45,170.0,0.75
2025-05-15 01:00:00,28.9,6.2,170.0,
2025-05-15 02:00:00,28.3,4.1,160.0,
2025-05-15 03:00:00,28.05,4.6,165.0,0.5
2025-05-15 04:00:00,27.8,6.7,180.0,
2025-05-15 05:00:00,27.2,8.2,589.5,
2025-05-15 06:00:00,26.95,7.949999999999999,185.0,0.75
2025-05-15 07:00:00,26.1,6.2,180.0,
2025-05-15 08:00:00,25.6,5.1,180.0,
2025-05-15 09:00:00,25.0,4.85,180.0,1.0
2025-05-15 10:00:00,23.9,4.1,170.0,
2025-05-15 11:00:00,23.9,5.7,180.0,
2025-05-15 12:00:00,24.15,5.95,190.0,0.75
2025-05-15 13:00:00,25.6,6.2,180.0,
2025-05-15 14:00:00,26.7,6.7,200.0,
2025-05-15 15:00:00,27.5,5.4,210.0,0.75
2025-05-15 16:00:00,28.3,3.1,260.0,
2025-05-15 17:00:00,31.1,3.1,340.0,
2025-05-15 18:00:00,31.4,3.1,185.0,0.75
2025-05-15 19:00:00,30.6,3.1,30.0,
2025-05-15 20:00:00,30.6,3.1,360.0,
2025-05-15 21:00:00,30.3,3.5999999999999996,350.0,1.0
2025-05-15 22:00:00,30.6,5.7,320.0,
2025-05-15 23:00:00,27.8,4.6,360.0,
2025-05-16 00:00:00,26.950000000000003,5.15,355.0,0.75
2025-05-16 01:00:00,24.4,2.6,360.0,
2025-05-16 02:00:00,24.4,3.6,340.0,
2025-05-16 03:00:00,24.15,3.35,340.0,0.75
2025-05-16 04:00:00,22.8,0.0,999.0,
2025-05-16 05:00:00,23.3,0.0,999.0,
2025-05-16 06:00:00,22.75,0.75,584.5,0.75
2025-05-16 07:00:00,22.2,2.6,100.0,
2025-05-16 08:00:00,23.9,4.1,170.0,
2025-05-16 09:00:00,24.15,4.6,180.0,1.0
2025-05-16 10:00:00,24.4,5.7,190.0,
2025-05-16 11:00:00,24.4,5.1,185.0,
2025-05-16 12:00:00,24.599999999999998,6.5,180.0,1.0
2025-05-16 13:00:00,25.6,8.8,190.0,
2025-05-16 14:00:00,26.7,8.8,200.0,
2025-05-16 15:00:00,27.599999999999998,7.8999999999999995,206.66666666666666,0.75
2025-05-16 16:00:00,28.9,5.7,220.0,
2025-05-16 17:00:00,28.85,5.1,190.0,
2025-05-16 18:00:00,30.0,5.4,190.0,1.0
2025-05-16 19:00:00,30.6,4.1,190.0,
2025-05-16 20:00:00,30.0,4.1,170.0,
2025-05-16 21:00:00,30.3,4.6,170.0,1.0
2025-05-16 22:00:00,29.15,5.9,195.0,
2025-05-16 23:00:00,28.3,9.8,190.0,
2025-05-17 00:00:00,26.266666666666666,4.633333333333334,456.3333333333333,0.75
2025-05-17 01:00:00,23.9,2.6,180.0,
2025-05-17 02:00:00,24.4,0.0,999.0,
2025-05-17 03:00:00,24.15,0.0,999.0,0.75
2025-05-17 04:00:00,23.9,0.0,999.0,
2025-05-17 05:00:00,23.3,1.5,539.5,
2025-05-17 06:00:00,23.05,0.75,539.5,0.75
2025-05-17 07:00:00,23.9,1.5,110.0,
2025-05-17 08:00:00,23.3,2.1,120.0,
2025-05-17 09:00:00,23.05,2.35,130.0,0.75
2025-05-17 10:00:00,22.8,3.1,140.0,
2025-05-17 11:00:00,22.8,2.6,130.0,
2025-05-17 12:00:00,23.35,3.3499999999999996,140.0,0.75
2025-05-17 13:00:00,25.3,4.35,165.0,
2025-05-17 14:00:00,27.1,5.4,180.0,
2025-05-17 15:00:00,27.933333333333334,5.666666666666667,173.33333333333334,0.75
2025-05-17 16:00:00,28.3,6.2,180.0,
2025-05-17 17:00:00,29.4,5.1,180.0,
2025-05-17 18:00:00,30.25,4.85,180.0,1.0
2025-05-17 19:00:00,32.2,4.6,160.0,
2025-05-17 20:00:00,32.2,5.7,170.0,
2025-05-17 21:00:00,31.400000000000002,6.45,160.0,0.75
2025-05-17 22:00:00,29.4,7.2,155.0,
2025-05-17 23:00:00,28.5,8.625,167.5,
2025-05-18 00:00:00,27.25,6.45,165.0,0.75
2025-05-18 01:00:00,24.4,4.1,170.0,
2025-05-18 02:00:00,23.9,4.1,150.0,
2025-05-18 03:00:00,23.9,4.35,150.0,0.5
2025-05-18 04:00:00,23.9,4.6,150.0,
2025-05-18 05:00:00,23.9,5.1,574.5,
2025-05-18 06:00:00,23.6,4.35,150.0,0.75
2025-05-18 07:00:00,23.9,4.1,160.0,
2025-05-18 08:00:00,24.4,5.15,165.0,
2025-05-18 09:00:00,24.399999999999995,4.433333333333333,160.0,1.0
2025-05-18 10:00:00,24.4,4.1,170.0,
2025-05-18 11:00:00,24.4,5.1,170.0,
2025-05-18 12:00:00,24.7,5.4,175.0,1.0
2025-05-18 13:00:00,25.6,5.7,180.0,
2025-05-18 14:00:00,26.7,6.7,170.0,
2025-05-18 15:00:00,26.95,6.7,175.0,1.0
2025-05-18 16:00:00,27.8,6.7,170.0,
2025-05-18 17:00:00,28.3,8.2,170.0,
2025-05-18 18:00:00,27.9,7.85,172.5,1.0
2025-05-18 19:00:00,28.3,8.2,170.0,
2025-05-18 20:00:00,28.7,8.966666666666667,160.0,
2025-05-18 21:00:00,27.599999999999998,7.733333333333334,156.66666666666666,1.0
2025-05-18 22:00:00,26.7,5.1,120.0,
2025-05-18 23:00:00,25.6,5.1,140.0,
2025-05-19 00:00:00,25.6,4.1,130.0,1.0
2025-05-19 01:00:00,25.6,2.6,65.0,
2025-05-19 02:00:00,25.85,3.8499999999999996,135.0,
2025-05-19 03:00:00,25.166666666666668,3.5999999999999996,93.33333333333333,1.0
2025-05-19 04:00:00,25.6,10.8,150.0,
2025-05-19 05:00:00,25.0,8.8,574.5,
2025-05-19 06:00:00,25.0,7.033333333333334,153.33333333333334,1.0
2025-05-19 07:00:00,24.4,7.75,160.0,
2025-05-19 08:00:00,24.4,7.2,170.0,
2025-05-19 09:00:00,24.23333333333333,6.866666666666667,163.33333333333334,1.0
2025-05-19 10:00:00,23.9,5.7,170.0,
2025-05-19 11:00:00,23.9,5.1,160.0,
2025-05-19 12:00:00,24.15,4.35,160.0,1.0
2025-05-19 13:00:00,25.0,5.7,180.0,
2025-05-19 14:00:00,25.6,6.7,170.0,
2025-05-19 15:00:00,25.933333333333337,8.066666666666666,176.66666666666666,1.0
2025-05-19 16:00:00,26.7,6.7,180.0,
2025-05-19 17:00:00,26.95,6.2,195.0,
2025-05-19 18:00:00,28.133333333333336,8.233333333333333,200.0,0.75
2025-05-19 19:00:00,27.8,11.3,180.0,
2025-05-19 20:00:00,28.05,10.850000000000001,170.0,
2025-05-19 21:00:00,28.3,10.850000000000001,170.0,0.75
2025-05-19 22:00:00,28.9,9.55,170.0,
2025-05-19 23:00:00,28.3,12.4,170.0,
2025-05-20 00:00:00,28.3,10.05,175.0,0.75
2025-05-20 01:00:00,27.2,7.2,180.0,
2025-05-20 02:00:00,27.2,8.2,180.0,
2025-05-20 03:00:00,26.95,7.699999999999999,180.0,0.25
2025-05-20 04:00:00,26.7,7.7,200.0,
2025-05-20 05:00:00,22.400000000000002,9.516666666666667,358.42857142857144,
2025-05-20 06:00:00,21.46666666666667,5.3,216.66666666666666,0.75
2025-05-20 07:00:00,22.8,4.1,200.0,
2025-05-20 08:00:00,23.3,3.6,200.0,
2025-05-20 09:00:00,23.3,3.8499999999999996,210.0,0.25
2025-05-20 10:00:00,23.3,4.1,270.0,
2025-05-20 11:00:00,21.1,8.2,290.0,
2025-05-20 12:00:00,20.55,6.3999999999999995,305.0,0.125
2025-05-20 13:00:00,21.1,5.7,330.0,
2025-05-20 14:00:00,22.8,7.2,340.0,0.0
2025-05-20 15:00:00,23.35,6.95,325.0,0.0
2025-05-20 16:00:00,25.0,6.2,320.0,0.0
2025-05-20 17:00:00,26.7,8.2,310.0,
2025-05-20 18:00:00,27.25,7.949999999999999,315.0,0.125
2025-05-20 19:00:00,27.8,8.2,340.0,
2025-05-20 20:00:00,28.3,7.2,360.0,
2025-05-20 21:00:00,28.3,7.2,360.0,0.25
2025-05-20 22:00:00,27.8,5.1,20.0,
2025-05-20 23:00:00,26.7,4.6,10.0,
2025-05-21 00:00:00,25.549999999999997,4.35,15.0,0.25
2025-05-21 01:00:00,23.3,3.1,360.0,
2025-05-21 02:00:00,23.3,2.1,350.0,
2025-05-21 03:00:00,23.05,1.05,674.5,0.125
2025-05-21 04:00:00,20.6,2.6,210.0,0.0
2025-05-21 05:00:00,20.6,1.5,604.5,
2025-05-21 06:00:00,19.450000000000003,2.3,210.0,0.25
2025-05-21 07:00:00,16.7,3.6,220.0,
2025-05-21 08:00:00,16.7,4.1,210.0,
2025-05-21 09:00:00,16.95,3.0999999999999996,190.0,0.5
2025-05-21 10:00:00,16.1,1.5,150.0,
2025-05-21 11:00:00,16.7,1.5,200.0,
2025-05-21 12:00:00,18.049999999999997,2.05,195.0,0.75
2025-05-21 13:00:00,21.7,1.5,140.0,
2025-05-21 14:00:00,25.0,3.6,190.0,
2025-05-21 15:00:00,26.1,4.1,190.0,0.75
2025-05-21 16:00:00,28.9,3.6,180.0,
2025-05-21 17:00:00,,,,
2025-05-21 18:00:00,30.0,5.7,170.0,
2025-05-21 19:00:00,30.6,5.1,170.0,
2025-05-21 20:00:00,31.1,4.6,170.0,
2025-05-21 21:00:00,30.85,3.8499999999999996,175.0,0.75
2025-05-21 22:00:00,30.6,3.6,160.0,
2025-05-21 23:00:00,30.0,4.1,180.0,
2025-05-22 00:00:00,29.15,4.35,165.0,0.5
2025-05-22 01:00:00,25.0,2.6,150.0,
2025-05-22 02:00:00,23.9,3.1,170.0,
2025-05-22 03:00:00,23.6,3.1,170.0,0.125
2025-05-22 04:00:00,22.2,3.1,160.0,0.0
2025-05-22 05:00:00,23.3,4.6,579.5,0.0
2025-05-22 06:00:00,22.5,4.1,165.0,0.0
2025-05-22 07:00:00,21.7,2.6,150.0,0.0
2025-05-22 08:00:00,19.4,3.6,180.0,0.0
2025-05-22 09:00:00,20.0,3.1,175.0,
2025-05-22 10:00:00,20.6,3.1,180.0,
2025-05-22 11:00:00,20.0,2.1,180.0,
2025-05-22 12:00:00,21.5,2.933333333333333,180.0,0.75
2025-05-22 13:00:00,23.9,5.1,190.0,
2025-05-22 14:00:00,25.0,5.15,180.0,
2025-05-22 15:00:00,25.0,5.333333333333333,173.33333333333334,0.75
2025-05-22 16:00:00,27.2,3.8499999999999996,155.0,
2025-05-22 17:00:00,29.4,3.1,999.0,
2025-05-22 18:00:00,30.0,2.85,579.5,0.5
2025-05-22 19:00:00,31.1,4.1,130.0,
2025-05-22 20:00:00,31.1,4.6,120.0,
2025-05-22 21:00:00,30.55,4.1,120.0,0.5
2025-05-22 22:00:00,28.9,2.6,130.0,
2025-05-22 23:00:00,28.9,4.1,100.0,
2025-05-23 00:00:00,28.35,5.15,125.0,0.75
2025-05-23 01:00:00,27.2,1.5,100.0,
2025-05-23 02:00:00,27.2,3.6,260.0,
2025-05-23 03:00:00,25.639999999999997,6.279999999999999,226.0,1.0
2025-05-23 04:00:00,26.7,4.1,180.0,
2025-05-23 05:00:00,25.0,2.6,539.5,
2025-05-23 06:00:00,24.7,2.05,50.0,1.0
2025-05-23 07:00:00,23.3,2.6,70.0,
2025-05-23 08:00:00,23.3,2.6,80.0,
2025-05-23 09:00:00,23.05,2.35,75.0,0.75
2025-05-23 10:00:00,22.8,2.1,100.0,
2025-05-23 11:00:00,21.7,1.5,40.0,
2025-05-23 12:00:00,22.5,0.75,519.5,0.75
2025-05-23 13:00:00,26.1,2.6,160.0,
2025-05-23 14:00:00,27.8,3.6,160.0,
2025-05-23 15:00:00,28.9,3.35,160.0,0.25
2025-05-23 16:00:00,31.1,3.6,220.0,
2025-05-23 17:00:00,31.7,0.0,999.0,0.0
2025-05-23 18:00:00,32.25,1.05,999.0,
2025-05-23 19:00:00,33.3,2.6,190.0,
2025-05-23 20:00:00,33.3,3.6,190.0,
2025-05-23 21:00:00,33.3,4.35,180.0,0.25
2025-05-23 22:00:00,33.3,5.1,150.0,
2025-05-23 23:00:00,32.8,6.2,150.0,
2025-05-24 00:00:00,32.25,5.95,160.0,0.25
2025-05-24 01:00:00,30.0,6.7,140.0,
2025-05-24 02:00:00,29.4,5.1,150.0,
2025-05-24 03:00:00,29.15,4.85,150.0,0.75
2025-05-24 04:00:00,28.3,5.1,160.0,
2025-05-24 05:00:00,28.3,7.7,584.5,
2025-05-24 06:00:00,27.5,7.45,170.0,0.75
2025-05-24 07:00:00,26.1,6.2,180.0,
2025-05-24 08:00:00,25.6,8.8,190.0,
2025-05-24 09:00:00,25.3,8.25,185.0,0.75
2025-05-24 10:00:00,25.0,9.3,180.0,
2025-05-24 11:00:00,25.0,9.05,190.0,
2025-05-24 12:00:00,25.3,7.25,185.0,1.0
2025-05-24 13:00:00,26.7,8.8,200.0,
2025-05-24 14:00:00,27.2,9.3,200.0,
2025-05-24 15:00:00,28.049999999999997,9.3,205.0,1.0
2025-05-24 16:00:00,30.0,5.4,190.0,
2025-05-24 17:00:00,30.6,7.7,130.0,
2025-05-24 18:00:00,31.15,7.45,130.0,0.75
2025-05-24 19:00:00,32.2,6.7,140.0,
2025-05-24 20:00:00,33.3,8.2,170.0,
2025-05-24 21:00:00,33.3,8.75,160.0,0.5
2025-05-24 22:00:00,33.3,10.3,160.0,
2025-05-24 23:00:00,32.2,8.8,170.0,
2025-05-25 00:00:00,31.950000000000003,7.25,165.0,0.25
2025-05-25 01:00:00,30.0,4.6,150.0,
2025-05-25 02:00:00,30.0,5.7,150.0,
2025-05-25 03:00:00,29.45,5.15,150.0,0.75
2025-05-25 04:00:00,28.3,4.6,150.0,
2025-05-25 05:00:00,27.8,5.1,579.5,
2025-05-25 06:00:00,27.5,5.1,160.0,0.75
2025-05-25 07:00:00,26.7,4.6,170.0,
2025-05-25 08:00:00,26.1,5.7,170.0,0.0
2025-05-25 09:00:00,25.85,5.95,175.0,
2025-05-25 10:00:00,25.0,7.7,170.0,
2025-05-25 11:00:00,25.0,7.2,170.0,
2025-05-25 12:00:00,25.3,8.25,175.0,0.75
2025-05-25 13:00:00,26.95,8.0,185.0,
2025-05-25 14:00:00,28.3,10.3,190.0,
2025-05-25 15:00:00,29.15,10.05,195.0,0.75
2025-05-25 16:00:00,31.1,9.8,200.0,
2025-05-25 17:00:00,31.7,7.7,210.0,
2025-05-25 18:00:00,32.5,7.7,195.0,0.75
2025-05-25 19:00:00,34.4,7.2,160.0,
2025-05-25 20:00:00,34.4,8.2,180.0,
2025-05-25 21:00:00,34.15,7.449999999999999,180.0,0.5
2025-05-25 22:00:00,33.9,7.2,170.0,
2025-05-25 23:00:00,33.3,6.7,160.0,
2025-05-26 00:00:00,32.2,6.7,160.0,0.5
2025-05-26 01:00:00,30.6,5.1,170.0,
2025-05-26 02:00:00,30.0,4.1,140.0,
2025-05-26 03:00:00,29.7,5.65,140.0,1.0
2025-05-26 04:00:00,28.3,4.6,160.0,
2025-05-26 05:00:00,28.3,6.2,579.5,
2025-05-26 06:00:00,25.725,6.300000000000001,462.25,1.0
2025-05-26 07:00:00,19.15,10.425,35.0,
2025-05-26 08:00:00,18.866666666666664,8.766666666666667,40.0,
2025-05-26 09:00:00,19.4,8.5,35.0,1.0
2025-05-26 10:00:00,19.4,4.6,60.0,
2025-05-26 11:00:00,19.4,6.7,75.0,
2025-05-26 12:00:00,19.4,4.1000000000000005,399.6666666666667,1.0
2025-05-26 13:00:00,20.6,2.1,240.0,
2025-05-26 14:00:00,20.6,3.6,210.0,
2025-05-26 15:00:00,20.76666666666667,3.4333333333333336,283.3333333333333,1.0
2025-05-26 16:00:00,21.7,2.1,130.0,
2025-05-26 17:00:00,22.2,2.05,175.0,
2025-05-26 18:00:00,22.400000000000002,2.066666666666667,196.66666666666666,1.0
2025-05-26 19:00:00,22.5,3.3499999999999996,195.0,
2025-05-26 20:00:00,21.1,3.6,50.0,
2025-05-26 21:00:00,21.1,1.8,524.5,1.0
2025-05-26 22:00:00,21.1,0.0,999.0,
2025-05-26 23:00:00,20.6,1.5,60.0,
2025-05-27 00:00:00,20.6,2.05,35.0,1.0
2025-05-27 01:00:00,20.6,3.1,60.0,
2025-05-27 02:00:00,20.6,1.8,115.0,
2025-05-27 03:00:00,20.6,3.0999999999999996,85.0,1.0
2025-05-27 04:00:00,20.6,3.6,80.0,
2025-05-27 05:00:00,20.85,2.35,393.0,
2025-05-27 06:00:00,20.933333333333334,2.266666666666667,83.33333333333333,1.0
2025-05-27 07:00:00,19.4,0.0,999.0,
2025-05-27 08:00:00,20.0,2.1,340.0,
2025-05-27 09:00:00,19.7,2.35,175.0,1.0
2025-05-27 10:00:00,18.9,2.6,360.0,
2025-05-27 11:00:00,19.2,3.8499999999999996,185.0,
2025-05-27 12:00:00,20.0,2.85,30.0,0.75
2025-05-27 13:00:00,20.766666666666666,2.066666666666667,83.33333333333333,
2025-05-27 14:00:00,22.8,2.1,80.0,
2025-05-27 15:00:00,23.9,1.8,70.0,0.5
2025-05-27 16:00:00,26.1,2.6,30.0,
2025-05-27 17:00:00,25.6,3.1,40.0,
2025-05-27 18:00:00,26.4,4.1,25.0,0.75
2025-05-27 19:00:00,28.3,5.1,30.0,
2025-05-27 20:00:00,28.3,4.1,350.0,
2025-05-27 21:00:00,28.05,3.8499999999999996,200.0,0.5
2025-05-27 22:00:00,27.8,3.6,30.0,
2025-05-27 23:00:00,27.2,4.1,30.0,
2025-05-28 00:00:00,26.4,4.1,35.0,0.75
2025-05-28 01:00:00,25.0,2.1,90.0,
2025-05-28 02:00:00,24.4,2.1,100.0,
2025-05-28 03:00:00,24.15,2.1,105.0,0.75
2025-05-28 04:00:00,23.3,2.1,80.0,
2025-05-28 05:00:00,22.2,1.5,534.5,
2025-05-28 06:00:00,21.95,2.05,55.0,0.5
2025-05-28 07:00:00,21.7,3.1,30.0,
2025-05-28 08:00:00,21.7,3.6,40.0,
2025-05-28 09:00:00,21.15,3.35,40.0,1.0
2025-05-28 10:00:00,20.6,4.1,40.0,
2025-05-28 11:00:00,20.0,2.6,30.0,
2025-05-28 12:00:00,20.3,2.85,190.0,1.0
2025-05-28 13:00:00,21.1,3.1,70.0,
2025-05-28 14:00:00,22.2,3.6,80.0,
2025-05-28 15:00:00,22.5,2.85,95.0,0.75
2025-05-28 16:00:00,23.3,3.1,130.0,
2025-05-28 17:00:00,23.3,4.6,140.0,
2025-05-28 18:00:00,23.725,4.475,140.0,0.75
2025-05-28 19:00:00,25.6,3.6,110.0,
2025-05-28 20:00:00,25.6,3.6,120.0,
2025-05-28 21:00:00,25.6,5.15,130.0,0.75
2025-05-28 22:00:00,25.0,6.7,140.0,
2025-05-28 23:00:00,24.4,4.6,140.0,
2025-05-29 00:00:00,23.6,3.8499999999999996,135.0,0.5
2025-05-29 01:00:00,22.2,1.5,120.0,
2025-05-29 02:00:00,21.1,3.1,140.0,
2025-05-29 03:00:00,21.1,3.5999999999999996,150.0,0.25
2025-05-29 04:00:00,20.6,3.1,150.0,
2025-05-29 05:00:00,20.0,2.6,579.5,
2025-05-29 06:00:00,19.7,2.35,150.0,0.125
2025-05-29 07:00:00,19.4,3.1,160.0,
2025-05-29 08:00:00,19.4,2.35,160.0,
2025-05-29 09:00:00,19.7,2.05,140.0,0.75
2025-05-29 10:00:00,20.0,2.6,130.0,
2025-05-29 11:00:00,20.6,3.1,130.0,
2025-05-29 12:00:00,20.6,2.2333333333333334,96.66666666666667,1.0
2025-05-29 13:00:00,21.1,3.1,110.0,
2025-05-29 14:00:00,21.7,2.6,140.0,
2025-05-29 15:00:00,22.233333333333334,3.1,160.0,1.0
2025-05-29 16:00:00,25.0,4.1,200.0,
2025-05-29 17:00:00,27.2,3.1,999.0,
2025-05-29 18:00:00,27.75,3.35,614.5,0.75
2025-05-29 19:00:00,28.9,3.1,170.0,
2025-05-29 20:00:00,29.4,3.6,240.0,
2025-05-29 21:00:00,29.7,4.1,225.0,0.25
2025-05-29 22:00:00,30.0,2.1,320.0,
2025-05-29 23:00:00,27.2,6.7,40.0,
2025-05-30 00:00:00,26.95,5.4,40.0,0.75
2025-05-30 01:00:00,26.1,5.7,30.0,
2025-05-30 02:00:00,25.6,5.1,30.0,
2025-05-30 03:00:00,25.6,3.8499999999999996,45.0,0.75
2025-05-30 04:00:00,24.45,2.85,190.0,
2025-05-30 05:00:00,23.15,4.6,569.6666666666666,
2025-05-30 06:00:00,22.5,6.3999999999999995,355.0,1.0
2025-05-30 07:00:00,20.0,7.199999999999999,10.0,
2025-05-30 08:00:00,19.15,4.35,25.0,
2025-05-30 09:00:00,18.9,6.15,180.0,1.0
2025-05-30 10:00:00,18.2,5.3,20.0,
2025-05-30 11:00:00,17.96666666666667,3.766666666666666,23.333333333333332,
2025-05-30 12:00:00,18.6,4.1,20.0,0.75
2025-05-30 13:00:00,20.0,5.7,20.0,
2025-05-30 14:00:00,22.2,4.1,50.0,
2025-05-30 15:00:00,22.75,3.8499999999999996,40.0,0.75
2025-05-30 16:00:00,24.4,5.1,50.0,
2025-05-30 17:00:00,25.6,4.1,350.0,
2025-05-30 18:00:00,26.15,4.1,205.0,0.75
2025-05-30 19:00:00,27.2,3.6,20.0,
2025-05-30 20:00:00,27.8,5.1,360.0,
2025-05-30 21:00:00,28.05,4.35,355.0,0.5
2025-05-30 22:00:00,27.2,5.1,340.0,
2025-05-30 23:00:00,26.7,4.6,20.0,
2025-05-31 00:00:00,26.15,4.35,190.0,0.5
2025-05-31 01:00:00,23.3,4.1,360.0,
2025-05-31 02:00:00,22.8,2.6,20.0,
2025-05-31 03:00:00,23.05,2.35,15.0,0.25
2025-05-31 04:00:00,21.7,0.0,999.0,
2025-05-31 05:00:00,21.7,0.0,999.0,
2025-05-31 06:00:00,21.15,0.75,514.5,0.25
2025-05-31 07:00:00,20.0,1.5,20.0,
2025-05-31 08:00:00,21.1,0.0,999.0,
2025-05-31 09:00:00,20.55,0.75,674.5,0.25
2025-05-31 10:00:00,18.9,0.0,999.0,
2025-05-31 11:00:00,18.3,1.5,210.0,
2025-05-31 12:00:00,20.0,2.05,220.0,0.5
2025-05-31 13:00:00,23.9,3.1,220.0,
2025-05-31 14:00:00,25.6,3.1,210.0,
2025-05-31 15:00:00,26.15,2.3,604.5,0.5
2025-05-31 16:00:00,27.8,1.5,999.0,
2025-05-31 17:00:00,28.9,0.0,999.0,
2025-05-31 18:00:00,29.15,0.0,999.0,0.5
2025-05-31 19:00:00,29.4,2.6,240.0,
2025-05-31 20:00:00,30.6,0.0,999.0,
2025-05-31 21:00:00,30.3,1.8,599.5,0.5
2025-05-31 22:00:00,30.0,1.5,190.0,
2025-05-31 23:00:00,29.4,0.0,999.0,
2025-06-01 00:00:00,28.6,1.3,584.5,0.5
2025-06-01 01:00:00,26.1,2.1,150.0,
2025-06-01 02:00:00,24.4,3.6,140.0,
2025-06-01 03:00:00,24.4,3.6,145.0,0.25
2025-06-01 04:00:00,23.9,2.6,150.0,
2025-06-01 05:00:00,22.8,2.6,719.3333333333334,0.0
2025-06-01 06:00:00,23.05,2.85,165.0,0.0
2025-06-01 07:00:00,22.2,1.5,170.0,
2025-06-01 08:00:00,21.7,2.1,150.0,
2025-06-01 09:00:00,21.4,2.35,155.0,0.25
2025-06-01 10:00:00,21.1,3.1,180.0,
2025-06-01 11:00:00,21.1,2.1,160.0,
2025-06-01 12:00:00,21.950000000000003,2.35,150.0,0.75
2025-06-01 13:00:00,23.9,4.1,150.0,
2025-06-01 14:00:00,25.6,6.2,50.0,
2025-06-01 15:00:00,25.85,5.65,70.0,0.75
2025-06-01 16:00:00,25.0,5.1,120.0,
2025-06-01 17:00:00,27.8,6.2,150.0,
2025-06-01 18:00:00,28.35,5.65,155.0,0.75
2025-06-01 19:00:00,30.0,4.6,170.0,
2025-06-01 20:00:00,30.6,3.6,160.0,
2025-06-01 21:00:00,30.85,1.8,579.5,0.25
2025-06-01 22:00:00,31.1,3.6,120.0,
2025-06-01 23:00:00,29.4,4.6,120.0,
2025-06-02 00:00:00,28.85,5.65,135.0,0.75
2025-06-02 01:00:00,25.0,3.6,160.0,
2025-06-02 02:00:00,25.0,3.1,200.0,
2025-06-02 03:00:00,24.45,3.5999999999999996,175.0,0.75
2025-06-02 04:00:00,24.4,3.6,120.0,
2025-06-02 05:00:00,23.9,3.6,564.5,
2025-06-02 06:00:00,23.6,3.6,130.0,0.5
2025-06-02 07:00:00,22.8,2.6,140.0,
2025-06-02 08:00:00,23.3,2.85,120.0,
2025-06-02 09:00:00,23.3,4.15,125.0,1.0
2025-06-02 10:00:00,22.8,4.1,120.0,
2025-06-02 11:00:00,22.8,4.1,130.0,
2025-06-02 12:00:00,23.35,4.35,135.0,0.5
2025-06-02 13:00:00,25.6,5.7,160.0,
2025-06-02 14:00:00,27.2,6.2,170.0,
2025-06-02 15:00:00,28.049999999999997,5.95,165.0,0.25
2025-06-02 16:00:00,30.0,5.65,170.0,
2025-06-02 17:00:00,31.7,8.2,180.0,
2025-06-02 18:00:00,32.25,7.949999999999999,180.0,0.25
2025-06-02 19:00:00,33.9,6.7,160.0,
2025-06-02 20:00:00,33.9,7.7,170.0,
2025-06-02 21:00:00,33.3,7.2,160.0,
2025-06-02 22:00:00,32.8,7.7,170.0,
2025-06-02 23:00:00,31.7,8.2,170.0,
2025-06-03 00:00:00,31.4,7.199999999999999,160.0,0.75
2025-06-03 01:00:00,30.0,5.1,160.0,
2025-06-03 02:00:00,29.4,6.7,160.0,
2025-06-03 03:00:00,29.15,6.2,160.0,0.75
2025-06-03 04:00:00,27.8,5.1,160.0,
2025-06-03 05:00:00,27.2,6.2,584.5,
2025-06-03 06:00:00,26.95,6.2,175.0,0.5
2025-06-03 07:00:00,26.1,6.2,170.0,
2025-06-03 08:00:00,25.6,6.2,170.0,
2025-06-03 09:00:00,25.0,6.95,170.0,0.75
2025-06-03 10:00:00,24.4,6.7,180.0,
2025-06-03 11:00:00,24.15,6.95,180.0,
2025-06-03 12:00:00,24.7,6.7,180.0,0.75
2025-06-03 13:00:00,26.1,7.2,190.0,
2025-06-03 14:00:00,25.85,7.2,185.0,
2025-06-03 15:00:00,25.933333333333337,6.866666666666667,170.0,1.0
2025-06-03 16:00:00,28.3,8.2,170.0,
2025-06-03 17:00:00,30.6,8.8,70.0,
2025-06-03 18:00:00,30.8,8.5,120.0,0.75
2025-06-03 19:00:00,31.7,6.7,170.0,
2025-06-03 20:00:00,31.7,8.8,170.0,
2025-06-03 21:00:00,31.950000000000003,9.8,175.0,0.75
2025-06-03 22:00:00,31.1,10.8,180.0,
2025-06-03 23:00:00,30.6,10.3,180.0,
2025-06-04 00:00:00,30.0,9.55,175.0,0.75
2025-06-04 01:00:00,29.4,6.7,170.0,
2025-06-04 02:00:00,28.9,8.2,160.0,
2025-06-04 03:00:00,26.4,7.199999999999999,100.0,1.0
2025-06-04 04:00:00,23.85,4.9,145.0,
2025-06-04 05:00:00,23.3,4.1,449.6666666666667,
2025-06-04 06:00:00,23.733333333333334,3.9333333333333336,196.66666666666666,1.0
2025-06-04 07:00:00,24.4,2.6,240.0,
2025-06-04 08:00:00,24.4,1.5,250.0,
2025-06-04 09:00:00,23.85,3.05,285.0,1.0
2025-06-04 10:00:00,21.1,7.2,310.0,
2025-06-04 11:00:00,18.9,6.7,330.0,
2025-06-04 12:00:00,19.15,5.9,330.0,1.0
2025-06-04 13:00:00,19.4,5.1,330.0,
2025-06-04 14:00:00,20.0,6.2,340.0,
2025-06-04 15:00:00,20.3,5.65,335.0,1.0
2025-06-04 16:00:00,21.1,5.1,320.0,
2025-06-04 17:00:00,22.2,4.6,320.0,
2025-06-04 18:00:00,22.766666666666666,5.3,326.6666666666667,1.0
2025-06-04 19:00:00,24.4,4.1,320.0,
2025-06-04 20:00:00,25.0,3.6,310.0,
2025-06-04 21:00:00,25.55,3.35,330.0,0.75
2025-06-04 22:00:00,26.7,2.6,340.0,
2025-06-04 23:00:00,25.0,4.1,60.0,
2025-06-05 00:00:00,24.7,3.3499999999999996,45.0,0.5
2025-06-05 01:00:00,22.8,3.1,10.0,
2025-06-05 02:00:00,22.2,3.1,20.0,
2025-06-05 03:00:00,22.5,3.1,25.0,0.5
2025-06-05 04:00:00,22.8,2.6,30.0,
2025-06-05 05:00:00,22.2,3.1,509.5,
2025-06-05 06:00:00,22.2,3.1,25.0,1.0
2025-06-05 07:00:00,22.1,1.8,25.0,
2025-06-05 08:00:00,22.5,1.5,50.0,
2025-06-05 09:00:00,22.8,1.8,55.0,1.0
2025-06-05 10:00:00,22.8,2.6,70.0,
2025-06-05 11:00:00,22.8,4.1,20.0,
2025-06-05 12:00:00,22.8,3.8499999999999996,35.0,1.0
2025-06-05 13:00:00,22.8,4.6,10.0,
2025-06-05 14:00:00,22.8,4.1,10.0,
2025-06-05 15:00:00,22.5,4.6,10.0,1.0
2025-06-05 16:00:00,22.2,3.0999999999999996,210.0,
2025-06-05 17:00:00,24.45,3.8499999999999996,135.0,
2025-06-05 18:00:00,26.4,5.15,170.0,0.75
2025-06-05 19:00:00,30.0,3.6,180.0,
2025-06-05 20:00:00,31.1,5.7,150.0,
2025-06-05 21:00:00,31.1,5.15,155.0,0.5
2025-06-05 22:00:00,31.7,4.6,140.0,
2025-06-05 23:00:00,31.7,3.1,160.0,
2025-06-06 00:00:00,31.4,3.35,140.0,0.5
2025-06-06 01:00:00,29.4,4.1,130.0,
2025-06-06 02:00:00,28.9,6.2,140.0,
2025-06-06 03:00:00,28.6,5.95,140.0,0.75
2025-06-06 04:00:00,27.8,5.1,150.0,
2025-06-06 05:00:00,27.2,3.6,579.5,
2025-06-06 06:00:00,27.2,4.35,165.0,0.75
2025-06-06 07:00:00,27.2,8.2,190.0,
2025-06-06 08:00:00,26.7,8.8,190.0,
2025-06-06 09:00:00,26.7,8.0,195.0,0.75
2025-06-06 10:00:00,26.1,6.2,190.0,
2025-06-06 11:00:00,26.1,5.1,180.0,
2025-06-06 12:00:00,26.4,5.1,190.0,0.75
2025-06-06 13:00:00,27.8,5.7,190.0,
2025-06-06 14:00:00,28.3,5.7,200.0,
2025-06-06 15:00:00,28.85,5.7,200.0,0.75
2025-06-06 16:00:00,31.1,5.1,200.0,
2025-06-06 17:00:00,32.2,5.7,190.0,
2025-06-06 18:00:00,32.2,5.95,190.0,0.75
2025-06-06 19:00:00,32.8,6.2,170.0,
2025-06-06 20:00:00,33.3,6.7,180.0,
2025-06-06 21:00:00,33.3,6.45,185.0,0.25
2025-06-06 22:00:00,32.8,5.1,170.0,
2025-06-06 23:00:00,32.2,7.2,180.0,
2025-06-07 00:00:00,31.950000000000003,5.9,180.0,0.25
2025-06-07 01:00:00,30.6,5.1,170.0,
2025-06-07 02:00:00,29.4,4.1,170.0,
2025-06-07 03:00:00,29.15,3.8499999999999996,175.0,0.75
2025-06-07 04:00:00,28.9,3.6,170.0,
2025-06-07 05:00:00,28.3,3.1,589.5,
2025-06-07 06:00:00,28.6,4.4,185.0,1.0
2025-06-07 07:00:00,27.8,6.7,190.0,
2025-06-07 08:00:00,27.2,8.2,180.0,
2025-06-07 09:00:00,26.95,8.75,185.0,0.75
2025-06-07 10:00:00,26.1,7.2,210.0,
2025-06-07 11:00:00,26.1,4.1,230.0,
2025-06-07 12:00:00,26.4,5.4,215.0,0.75
2025-06-07 13:00:00,27.8,6.7,220.0,
2025-06-07 14:00:00,29.4,7.2,220.0,
2025-06-07 15:00:00,29.424999999999997,4.5,252.5,0.5
2025-06-07 16:00:00,29.4,2.6,30.0,
2025-06-07 17:00:00,30.0,1.5,999.0,
2025-06-07 18:00:00,30.85,2.3,574.5,0.75
2025-06-07 19:00:00,32.2,2.6,999.0,
2025-06-07 20:00:00,33.9,6.2,180.0,
2025-06-07 21:00:00,33.349999999999994,6.2,165.0,0.5
2025-06-07 22:00:00,33.3,6.2,180.0,
2025-06-07 23:00:00,33.3,6.2,180.0,
2025-06-08 00:00:00,33.05,5.95,175.0,0.5
2025-06-08 01:00:00,31.7,4.6,180.0,
2025-06-08 02:00:00,30.6,4.1,170.0,
2025-06-08 03:00:00,30.6,4.9,180.0,0.25
2025-06-08 04:00:00,30.0,6.7,190.0,
2025-06-08 05:00:00,29.4,7.2,594.5,
2025-06-08 06:00:00,29.15,6.45,185.0,0.75
2025-06-08 07:00:00,27.2,6.2,190.0,
2025-06-08 08:00:00,27.2,5.7,200.0,
2025-06-08 09:00:00,26.95,5.4,205.0,0.5
2025-06-08 10:00:00,26.1,3.1,200.0,
2025-06-08 11:00:00,26.1,3.6,200.0,
2025-06-08 12:00:00,26.7,3.6,220.0,
2025-06-08 13:00:00,27.2,1.5,170.0,
2025-06-08 14:00:00,27.8,3.6,210.0,
2025-06-08 15:00:00,28.6,3.35,215.0,0.75
2025-06-08 16:00:00,30.6,2.6,230.0,
2025-06-08 17:00:00,32.2,2.6,999.0,
2025-06-08 18:00:00,32.75,3.3499999999999996,579.5,0.5
2025-06-08 19:00:00,33.9,4.1,180.0,
2025-06-08 20:00:00,35.0,4.6,180.0,
2025-06-08 21:00:00,34.7,3.3499999999999996,180.0,0.5
2025-06-08 22:00:00,34.4,5.7,160.0,
2025-06-08 23:00:00,33.9,11.3,190.0,
2025-06-09 00:00:00,33.05,8.75,175.0,0.5
2025-06-09 01:00:00,31.7,5.1,180.0,
2025-06-09 02:00:00,31.1,4.6,180.0,
2025-06-09 03:00:00,25.066666666666666,10.733333333333334,121.66666666666667,1.0
2025-06-09 04:00:00,21.7,6.15,50.0,
2025-06-09 05:00:00,22.03333333333333,2.5666666666666664,474.75,
2025-06-09 06:00:00,21.95,1.8,250.0,1.0
2025-06-09 07:00:00,22.8,10.3,220.0,
2025-06-09 08:00:00,20.0,10.3,210.0,
2025-06-09 09:00:00,20.55,6.2,170.0,1.0
2025-06-09 10:00:00,21.7,6.2,230.0,
2025-06-09 11:00:00,20.0,3.6,200.0,
2025-06-09 12:00:00,20.0,2.85,200.0,0.75
2025-06-09 13:00:00,20.6,3.1,230.0,
2025-06-09 14:00:00,24.4,3.6,270.0,
2025-06-09 15:00:00,25.799999999999997,4.35,280.0,0.25
2025-06-09 16:00:00,28.9,6.2,340.0,
2025-06-09 17:00:00,28.9,5.1,320.0,
2025-06-09 18:00:00,29.45,3.3,659.5,0.25
2025-06-09 19:00:00,30.6,3.1,20.0,
2025-06-09 20:00:00,31.1,2.6,90.0,
2025-06-09 21:00:00,31.1,2.05,544.5,0.5
2025-06-09 22:00:00,32.2,0.0,999.0,
2025-06-09 23:00:00,31.7,2.1,60.0,
2025-06-10 00:00:00,30.85,2.1,95.0,0.5
2025-06-10 01:00:00,28.9,2.1,120.0,
2025-06-10 02:00:00,28.3,2.1,110.0,
2025-06-10 03:00:00,27.75,2.1,110.0,0.5
2025-06-10 04:00:00,26.1,1.5,50.0,
2025-06-10 05:00:00,25.6,1.5,534.5,
2025-06-10 06:00:00,25.6,0.75,534.5,0.5
2025-06-10 07:00:00,25.0,1.5,100.0,
2025-06-10 08:00:00,24.4,1.5,120.0,
2025-06-10 09:00:00,24.4,0.75,559.5,0.75
2025-06-10 10:00:00,23.9,2.6,70.0,
2025-06-10 11:00:00,23.9,1.5,170.0,
2025-06-10 12:00:00,24.75,1.5,170.0,0.75
2025-06-10 13:00:00,26.1,2.6,180.0,
2025-06-10 14:00:00,26.7,4.1,180.0,
2025-06-10 15:00:00,26.7,3.5999999999999996,165.0,1.0
2025-06-10 16:00:00,25.6,7.7,210.0,
2025-06-10 17:00:00,22.8,3.6,220.0,
2025-06-10 18:00:00,23.6,4.35,140.0,1.0
2025-06-10 19:00:00,25.6,0.0,999.0,
2025-06-10 20:00:00,26.1,2.6,200.0,
2025-06-10 21:00:00,26.1,2.35,230.0,0.75
2025-06-10 22:00:00,25.6,3.1,260.0,
2025-06-10 23:00:00,25.6,2.6,240.0,
2025-06-11 00:00:00,25.6,1.3,619.5,0.75
2025-06-11 01:00:00,24.4,0.0,999.0,
2025-06-11 02:00:00,23.9,2.1,130.0,
2025-06-11 03:00:00,23.9,1.8,135.0,0.75
2025-06-11 04:00:00,22.8,3.1,140.0,
2025-06-11 05:00:00,22.2,2.1,579.5,
2025-06-11 06:00:00,22.2,2.6,160.0,1.0
2025-06-11 07:00:00,22.2,1.5,120.0,
2025-06-11 08:00:00,21.7,2.1,130.0,
2025-06-11 09:00:00,21.95,1.05,564.5,1.0
2025-06-11 10:00:00,22.25,1.05,544.5,
2025-06-11 11:00:00,22.8,0.75,554.5,
2025-06-11 12:00:00,22.2,3.0,273.1666666666667,1.0
2025-06-11 13:00:00,21.7,2.3600000000000003,118.0,
2025-06-11 14:00:00,22.2,2.6,130.0,
2025-06-11 15:00:00,22.599999999999998,3.266666666666667,133.33333333333334,1.0
2025-06-11 16:00:00,23.5,2.6,113.33333333333333,
2025-06-11 17:00:00,24.4,2.35,75.0,
2025-06-11 18:00:00,24.7,2.35,85.0,1.0
2025-06-11 19:00:00,25.0,4.6,110.0,
2025-06-11 20:00:00,25.0,5.15,105.0,
2025-06-11 21:00:00,23.3,6.45,95.0,
2025-06-11 22:00:00,22.8,6.2,100.0,
2025-06-11 23:00:00,23.03333333333333,4.266666666666667,106.66666666666667,
2025-06-12 00:00:00,23.3,5.7,130.0,
2025-06-12 01:00:00,22.5,4.6,125.0,
2025-06-12 02:00:00,22.2,4.6,135.0,
2025-06-12 03:00:00,22.2,4.6,140.0,1.0
2025-06-12 04:00:00,22.2,3.6,140.0,
2025-06-12 05:00:00,22.2,3.6,564.5,
2025-06-12 06:00:00,22.2,3.1,130.0,1.0
2025-06-12 07:00:00,22.2,2.6,110.0,
2025-06-12 08:00:00,21.7,3.35,120.0,
2025-06-12 09:00:00,21.759999999999998,3.2,128.0,1.0
2025-06-12 10:00:00,21.4,2.3,145.0,
2025-06-12 11:00:00,21.1,2.85,120.0,
2025-06-12 12:00:00,21.1,2.325,112.5,1.0
2025-06-12 13:00:00,21.7,2.6,120.0,
2025-06-12 14:00:00,22.2,2.1,160.0,
2025-06-12 15:00:00,22.566666666666666,1.4000000000000001,446.3333333333333,1.0
2025-06-12 16:00:00,24.4,0.0,999.0,
2025-06-12 17:00:00,25.0,2.85,115.0,
2025-06-12 18:00:00,25.7,2.6,416.3333333333333,0.75
2025-06-12 19:00:00,26.7,2.6,100.0,
2025-06-12 20:00:00,27.8,3.6,130.0,
2025-06-12 21:00:00,27.8,3.1,135.0,0.75
2025-06-12 22:00:00,28.3,3.1,200.0,
2025-06-12 23:00:00,27.8,4.1,170.0,
2025-06-13 00:00:00,27.25,3.8499999999999996,160.0,0.5
2025-06-13 01:00:00,25.0,3.1,150.0,
2025-06-13 02:00:00,23.9,2.6,130.0,
2025-06-13 03:00:00,23.6,3.3499999999999996,135.0,0.25
2025-06-13 04:00:00,22.8,2.1,140.0,0.0
2025-06-13 05:00:00,22.2,2.1,564.5,
2025-06-13 06:00:00,22.2,2.6,145.0,0.25
2025-06-13 07:00:00,22.2,4.6,170.0,
2025-06-13 08:00:00,21.7,3.1,170.0,
2025-06-13 09:00:00,21.7,2.975,170.0,0.5
2025-06-13 10:00:00,21.7,4.6,180.0,
2025-06-13 11:00:00,21.7,4.6,170.0,
2025-06-13 12:00:00,21.95,4.85,180.0,0.75
2025-06-13 13:00:00,23.15,6.2,175.0,
2025-06-13 14:00:00,24.4,3.1,999.0,
2025-06-13 15:00:00,25.0,2.6,554.5,0.5
2025-06-13 16:00:00,27.8,3.1,180.0,
2025-06-13 17:00:00,28.9,3.1,170.0,
2025-06-13 18:00:00,29.75,4.65,165.0,0.75
2025-06-13 19:00:00,32.2,6.7,150.0,
2025-06-13 20:00:00,32.2,6.7,170.0,
2025-06-13 21:00:00,32.2,6.2,170.0,0.5
2025-06-13 22:00:00,31.7,5.7,170.0,
2025-06-13 23:00:00,31.7,5.7,170.0,
2025-06-14 00:00:00,31.4,4.9,170.0,0.75
2025-06-14 01:00:00,29.4,3.1,150.0,
2025-06-14 02:00:00,28.9,6.2,140.0,
2025-06-14 03:00:00,28.049999999999997,6.45,155.0,0.25
2025-06-14 04:00:00,26.1,4.6,170.0,0.0
2025-06-14 05:00:00,25.6,3.1,589.5,
2025-06-14 06:00:00,25.3,2.85,185.0,0.25
2025-06-14 07:00:00,24.4,2.6,170.0,
2025-06-14 08:00:00,23.9,3.6,180.0,
2025-06-14 09:00:00,23.9,3.35,175.0,0.75
2025-06-14 10:00:00,23.3,4.1,160.0,
2025-06-14 11:00:00,23.3,4.6,170.0,
2025-06-14 12:00:00,24.15,5.15,180.0,0.75
2025-06-14 13:00:00,26.7,6.7,200.0,
2025-06-14 14:00:00,28.3,6.2,180.0,
2025-06-14 15:00:00,29.15,5.65,200.0,0.75
2025-06-14 16:00:00,31.1,3.6,180.0,
2025-06-14 17:00:00,32.2,5.7,180.0,
2025-06-14 18:00:00,32.2,5.15,160.0,0.75
2025-06-14 19:00:00,32.8,4.6,170.0,
2025-06-14 20:00:00,33.3,5.1,160.0,
2025-06-14 21:00:00,33.3,5.65,165.0,0.5
2025-06-14 22:00:00,33.3,5.7,160.0,
2025-06-14 23:00:00,32.8,6.2,170.0,
2025-06-15 00:00:00,32.5,5.95,165.0,0.25
2025-06-15 01:00:00,30.0,5.7,160.0,
2025-06-15 02:00:00,28.9,4.6,160.0,
2025-06-15 03:00:00,28.35,4.6,165.0,0.25
2025-06-15 04:00:00,27.2,5.1,170.0,0.0
2025-06-15 05:00:00,26.7,5.7,584.5,0.0
2025-06-15 06:00:00,26.4,5.95,175.0,0.0
2025-06-15 07:00:00,25.6,5.7,190.0,0.0
2025-06-15 08:00:00,25.6,7.2,190.0,
2025-06-15 09:00:00,25.3,7.45,195.0,0.25
2025-06-15 10:00:00,25.6,6.95,195.0,
2025-06-15 11:00:00,25.0,4.85,175.0,
2025-06-15 12:00:00,25.55,4.1,175.0,0.75
2025-06-15 13:00:00,26.7,0.0,999.0,
2025-06-15 14:00:00,27.2,5.7,320.0,
2025-06-15 15:00:00,23.0,7.85,87.5,1.0
2025-06-15 16:00:00,22.8,7.7,340.0,
2025-06-15 17:00:00,21.7,6.2,290.0,
2025-06-15 18:00:00,22.25,6.2,240.0,1.0
2025-06-15 19:00:00,25.6,4.1,170.0,
2025-06-15 20:00:00,28.3,2.6,30.0,
2025-06-15 21:00:00,28.6,2.6,514.5,0.75
2025-06-15 22:00:00,28.3,3.6,140.0,
2025-06-15 23:00:00,28.3,2.6,120.0,
2025-06-16 00:00:00,27.75,3.3499999999999996,135.0,0.5
2025-06-16 01:00:00,25.6,3.6,140.0,
2025-06-16 02:00:00,25.0,2.1,150.0,
2025-06-16 03:00:00,24.7,2.1,165.0,0.75
2025-06-16 04:00:00,25.6,4.6,230.0,
2025-06-16 05:00:00,25.0,1.5,614.5,
2025-06-16 06:00:00,24.7,2.05,235.0,0.75
2025-06-16 07:00:00,22.8,0.0,999.0,
2025-06-16 08:00:00,22.8,0.0,999.0,
2025-06-16 09:00:00,22.5,0.0,999.0,0.75
2025-06-16 10:00:00,22.2,1.5,180.0,
2025-06-16 11:00:00,22.2,2.1,190.0,
2025-06-16 12:00:00,22.75,2.6,200.0,0.5
2025-06-16 13:00:00,25.6,2.1,200.0,
2025-06-16 14:00:00,27.8,0.0,999.0,
2025-06-16 15:00:00,28.6,1.05,669.5,0.25
2025-06-16 16:00:00,30.6,1.5,999.0,
2025-06-16 17:00:00,31.7,2.6,320.0,
2025-06-16 18:00:00,31.7,1.3,659.5,0.25
2025-06-16 19:00:00,32.2,0.0,999.0,
2025-06-16 20:00:00,33.9,2.6,999.0,
2025-06-16 21:00:00,33.9,3.1,200.0,
2025-06-16 22:00:00,34.4,2.1,999.0,
2025-06-16 23:00:00,33.9,3.6,190.0,
2025-06-17 00:00:00,33.349999999999994,4.35,175.0,0.5
2025-06-17 01:00:00,31.7,4.6,180.0,
2025-06-17 02:00:00,30.6,4.1,180.0,
2025-06-17 03:00:00,30.3,4.9,180.0,0.5
2025-06-17 04:00:00,30.0,5.7,190.0,
2025-06-17 05:00:00,29.4,6.2,599.5,
2025-06-17 06:00:00,28.85,5.65,200.0,0.25
2025-06-17 07:00:00,27.8,4.6,190.0,0.0
2025-06-17 08:00:00,26.7,4.1,190.0,0.0
2025-06-17 09:00:00,26.4,4.35,190.0,0.0
2025-06-17 10:00:00,25.0,4.1,180.0,
2025-06-17 11:00:00,25.0,5.7,180.0,
2025-06-17 12:00:00,25.55,6.45,185.0,0.25
2025-06-17 13:00:00,27.2,6.2,200.0,
2025-06-17 14:00:00,28.9,7.7,200.0,
2025-06-17 15:00:00,29.45,8.25,200.0,0.25
2025-06-17 16:00:00,31.7,6.7,220.0,
2025-06-17 17:00:00,32.2,8.2,180.0,
2025-06-17 18:00:00,32.2,7.949999999999999,175.0,0.25
2025-06-17 19:00:00,33.3,11.3,190.0,
2025-06-17 20:00:00,33.3,8.2,160.0,
2025-06-17 21:00:00,33.3,9.25,165.0,0.25
2025-06-17 22:00:00,33.3,8.2,170.0,
2025-06-17 23:00:00,32.8,9.3,170.0,
2025-06-18 00:00:00,32.25,9.3,165.0,0.25
2025-06-18 01:00:00,31.1,7.7,160.0,
2025-06-18 02:00:00,30.0,8.2,170.0,
2025-06-18 03:00:00,30.0,7.699999999999999,170.0,0.25
2025-06-18 04:00:00,28.9,8.8,170.0,
2025-06-18 05:00:00,28.3,6.2,589.5,
2025-06-18 06:00:00,28.05,6.95,180.0,0.5
2025-06-18 07:00:00,26.7,8.8,170.0,
2025-06-18 08:00:00,26.1,10.8,170.0,
2025-06-18 09:00:00,25.85,10.3,175.0,0.75
2025-06-18 10:00:00,26.1,5.95,190.0,
2025-06-18 11:00:00,26.1,5.9,150.0,
2025-06-18 12:00:00,26.1,5.65,145.0,0.75
2025-06-18 13:00:00,26.95,6.4,145.0,
2025-06-18 14:00:00,28.15,4.6,170.0,
2025-06-18 15:00:00,28.45,4.225,177.5,0.75
2025-06-18 16:00:00,30.0,4.1,130.0,
2025-06-18 17:00:00,31.7,6.2,150.0,
2025-06-18 18:00:00,31.950000000000003,7.199999999999999,165.0,0.5
2025-06-18 19:00:00,33.3,6.7,170.0,
2025-06-18 20:00:00,33.3,8.2,210.0,
2025-06-18 21:00:00,33.3,8.5,200.0,0.5
2025-06-18 22:00:00,33.3,8.8,200.0,
2025-06-18 23:00:00,33.3,6.7,190.0,
2025-06-19 00:00:00,32.5,6.7,180.0,0.25
2025-06-19 01:00:00,30.6,4.1,170.0,
2025-06-19 02:00:00,30.0,4.6,160.0,
2025-06-19 03:00:00,29.7,4.35,165.0,0.75
2025-06-19 04:00:00,28.9,5.1,170.0,
2025-06-19 05:00:00,28.3,5.7,589.5,
2025-06-19 06:00:00,28.05,6.7,185.0,0.5
2025-06-19 07:00:00,27.2,8.2,190.0,
2025-06-19 08:00:00,26.1,6.2,200.0,
2025-06-19 09:00:00,25.85,5.4,200.0,0.25
2025-06-19 10:00:00,25.0,3.1,190.0,
2025-06-19 11:00:00,25.0,1.5,160.0,
2025-06-19 12:00:00,25.55,2.8,165.0,0.25
2025-06-19 13:00:00,26.95,5.15,175.0,
2025-06-19 14:00:00,28.6,6.2,190.0,
2025-06-19 15:00:00,29.75,6.45,185.0,0.5
2025-06-19 16:00:00,31.1,3.6,220.0,
2025-06-19 17:00:00,31.7,3.6,220.0,
2025-06-19 18:00:00,32.25,3.1,210.0,0.75
2025-06-19 19:00:00,33.9,3.6,220.0,
2025-06-19 20:00:00,34.4,5.7,210.0,
2025-06-19 21:00:00,34.4,4.9,215.0,0.5
2025-06-19 22:00:00,33.3,4.1,160.0,
2025-06-19 23:00:00,33.3,6.2,170.0,
2025-06-20 00:00:00,32.75,5.65,165.0,0.25
2025-06-20 01:00:00,31.1,3.6,160.0,
2025-06-20 02:00:00,30.6,4.6,160.0,0.0
2025-06-20 03:00:00,30.0,4.85,165.0,0.0
2025-06-20 04:00:00,29.4,5.1,170.0,0.0
2025-06-20 05:00:00,28.3,3.6,584.5,0.0
2025-06-20 06:00:00,28.3,3.6,170.0,0.0
2025-06-20 07:00:00,28.3,5.7,180.0,0.0
2025-06-20 08:00:00,27.8,6.2,200.0,0.0
2025-06-20 09:00:00,27.5,5.95,195.0,0.0
2025-06-20 10:00:00,26.7,6.2,200.0,0.0
2025-06-20 11:00:00,26.1,5.7,200.0,
2025-06-20 12:00:00,26.65,6.949999999999999,195.0,0.25
2025-06-20 13:00:00,28.3,7.2,200.0,
2025-06-20 14:00:00,30.0,7.7,210.0,
2025-06-20 15:00:00,30.55,7.7,205.0,0.5
2025-06-20 16:00:00,32.2,8.8,190.0,
2025-06-20 17:00:00,33.3,8.2,190.0,
2025-06-20 18:00:00,33.3,8.75,200.0,0.5
2025-06-20 19:00:00,33.9,8.2,200.0,
2025-06-20 20:00:00,34.4,7.2,200.0,
2025-06-20 21:00:00,34.4,6.95,195.0,0.5
2025-06-20 22:00:00,33.9,5.7,190.0,
2025-06-20 23:00:00,33.3,7.7,190.0,
2025-06-21 00:00:00,32.75,7.7,180.0,0.25
2025-06-21 01:00:00,31.1,4.6,160.0,0.0
2025-06-21 02:00:00,30.6,6.7,160.0,0.0
2025-06-21 03:00:00,30.3,6.95,160.0,0.0
2025-06-21 04:00:00,29.4,6.2,170.0,0.0
2025-06-21 05:00:00,28.9,8.2,589.5,0.0
2025-06-21 06:00:00,28.6,8.2,180.0,0.0
2025-06-21 07:00:00,27.8,10.8,190.0,0.0
2025-06-21 08:00:00,26.7,8.2,190.0,0.0
2025-06-21 09:00:00,26.4,7.699999999999999,185.0,0.0
2025-06-21 10:00:00,25.6,6.7,180.0,
2025-06-21 11:00:00,25.6,6.7,180.0,
2025-06-21 12:00:00,25.85,6.95,185.0,0.5
2025-06-21 13:00:00,26.95,8.25,190.0,
2025-06-21 14:00:00,28.3,9.3,180.0,
2025-06-21 15:00:00,29.15,9.8,185.0,0.75
2025-06-21 16:00:00,31.7,8.8,180.0,
2025-06-21 17:00:00,31.7,9.8,180.0,
2025-06-21 18:00:00,31.950000000000003,9.3,185.0,0.75
2025-06-21 19:00:00,33.3,9.3,180.0,
2025-06-21 20:00:00,33.3,10.8,190.0,
2025-06-21 21:00:00,33.3,8.8,180.0,
2025-06-21 22:00:00,33.9,11.3,190.0,
2025-06-21 23:00:00,32.8,8.8,170.0,
2025-06-22 00:00:00,32.5,8.5,170.0,0.25
2025-06-22 01:00:00,31.1,8.2,170.0,0.0
2025-06-22 02:00:00,30.0,6.7,160.0,0.0
2025-06-22 03:00:00,29.7,6.7,160.0,0.0
2025-06-22 04:00:00,28.9,8.2,170.0,0.0
2025-06-22 05:00:00,28.3,8.2,584.5,0.0
2025-06-22 06:00:00,28.05,7.949999999999999,170.0,0.0
2025-06-22 07:00:00,26.7,9.3,180.0,0.0
2025-06-22 08:00:00,26.1,7.7,180.0,0.0
2025-06-22 09:00:00,25.85,7.45,180.0,
2025-06-22 10:00:00,25.0,5.7,180.0,
2025-06-22 11:00:00,24.4,6.2,170.0,
2025-06-22 12:00:00,25.2,5.866666666666667,166.66666666666666,0.5
2025-06-22 13:00:00,27.2,6.7,170.0,
2025-06-22 14:00:00,28.3,7.7,190.0,
2025-06-22 15:00:00,29.15,8.25,175.0,0.5
2025-06-22 16:00:00,31.1,10.3,170.0,
2025-06-22 17:00:00,32.2,11.3,170.0,
2025-06-22 18:00:00,32.5,9.75,165.0,0.5
2025-06-22 19:00:00,33.3,8.8,180.0,
2025-06-22 20:00:00,33.9,7.7,180.0,
2025-06-22 21:00:00,33.599999999999994,7.949999999999999,170.0,0.5
2025-06-22 22:00:00,33.9,8.2,180.0,
2025-06-22 23:00:00,33.3,7.7,160.0,
2025-06-23 00:00:00,32.75,9.0,155.0,0.25
2025-06-23 01:00:00,30.0,4.6,160.0,
2025-06-23 02:00:00,29.4,7.7,150.0,
2025-06-23 03:00:00,28.85,6.95,150.0,0.125
2025-06-23 04:00:00,27.8,6.2,150.0,
2025-06-23 05:00:00,27.2,6.7,584.5,
2025-06-23 06:00:00,26.95,5.9,165.0,0.25
2025-06-23 07:00:00,26.1,5.1,170.0,
2025-06-23 08:00:00,25.6,4.6,170.0,
2025-06-23 09:00:00,25.3,5.4,180.0,0.5
2025-06-23 10:00:00,25.0,5.1,190.0,
2025-06-23 11:00:00,25.0,5.7,180.0,
2025-06-23 12:00:00,25.55,5.4,180.0,0.75
2025-06-23 13:00:00,27.8,5.7,180.0,
2025-06-23 14:00:00,28.9,5.1,180.0,
2025-06-23 15:00:00,29.45,5.4,185.0,0.75
2025-06-23 16:00:00,31.1,7.2,180.0,
2025-06-23 17:00:00,31.1,7.7,170.0,
2025-06-23 18:00:00,31.650000000000002,6.7,155.0,0.75
2025-06-23 19:00:00,32.8,6.2,170.0,
2025-06-23 20:00:00,32.8,6.2,160.0,
2025-06-23 21:00:00,33.349999999999994,5.15,160.0,0.5
2025-06-23 22:00:00,33.3,7.2,160.0,
2025-06-23 23:00:00,32.8,6.7,160.0,
2025-06-24 00:00:00,32.5,6.2,150.0,0.25
2025-06-24 01:00:00,31.1,6.2,140.0,
2025-06-24 02:00:00,30.0,5.7,140.0,0.0
2025-06-24 03:00:00,29.7,5.7,145.0,0.0
2025-06-24 04:00:00,28.9,5.7,170.0,0.0
2025-06-24 05:00:00,27.2,4.6,584.5,0.0
2025-06-24 06:00:00,26.95,4.85,170.0,0.0
2025-06-24 07:00:00,26.1,4.1,170.0,0.0
2025-06-24 08:00:00,25.6,3.6,170.0,0.0
2025-06-24 09:00:00,25.3,4.1,170.0,0.0
2025-06-24 10:00:00,24.4,2.1,150.0,
2025-06-24 11:00:00,24.4,2.6,160.0,
2025-06-24 12:00:00,25.25,3.1,170.0,0.25
2025-06-24 13:00:00,27.8,4.6,180.0,
2025-06-24 14:00:00,29.4,4.6,190.0,
2025-06-24 15:00:00,30.0,4.35,170.0,0.25
2025-06-24 16:00:00,31.7,5.7,170.0,
2025-06-24 17:00:00,32.2,5.1,180.0,
2025-06-24 18:00:00,32.5,4.85,180.0,0.5
2025-06-24 19:00:00,33.9,5.1,190.0,
2025-06-24 20:00:00,33.3,4.1,150.0,
2025-06-24 21:00:00,32.75,4.9,145.0,0.5
2025-06-24 22:00:00,33.3,5.7,150.0,
2025-06-24 23:00:00,32.8,5.1,130.0,
2025-06-25 00:00:00,32.25,5.4,125.0,0.25
2025-06-25 01:00:00,30.6,6.2,140.0,
2025-06-25 02:00:00,30.0,6.2,140.0,
2025-06-25 03:00:00,29.15,5.95,140.0,0.25
2025-06-25 04:00:00,27.2,7.2,160.0,
2025-06-25 05:00:00,26.1,5.1,584.5,
2025-06-25 06:00:00,25.85,4.35,160.0,0.25
2025-06-25 07:00:00,24.4,4.6,130.0,
2025-06-25 08:00:00,24.4,3.1,170.0,
2025-06-25 09:00:00,24.15,3.35,170.0,0.5
2025-06-25 10:00:00,23.3,2.6,130.0,
2025-06-25 11:00:00,23.9,3.6,140.0,
2025-06-25 12:00:00,24.15,3.8499999999999996,145.0,0.75
2025-06-25 13:00:00,26.1,3.6,170.0,
2025-06-25 14:00:00,27.8,4.1,150.0,
2025-06-25 15:00:00,28.133333333333336,3.766666666666666,143.33333333333334,0.5
2025-06-25 16:00:00,29.4,3.1,190.0,
2025-06-25 17:00:00,31.1,4.1,180.0,
2025-06-25 18:00:00,31.1,3.8499999999999996,160.0,0.75
2025-06-25 19:00:00,26.525000000000002,3.375,197.5,
2025-06-25 20:00:00,26.7,2.1,50.0,
2025-06-25 21:00:00,27.5,1.05,524.5,0.75
2025-06-25 22:00:00,30.0,2.6,150.0,
2025-06-25 23:00:00,28.3,5.7,160.0,
2025-06-26 00:00:00,28.05,5.4,150.0,0.75
2025-06-26 01:00:00,26.7,3.1,150.0,
2025-06-26 02:00:00,26.7,5.1,170.0,
2025-06-26 03:00:00,26.4,5.4,165.0,0.75
2025-06-26 04:00:00,25.6,3.1,160.0,
2025-06-26 05:00:00,25.0,3.6,579.5,
2025-06-26 06:00:00,25.0,4.1,165.0,0.5
2025-06-26 07:00:00,24.4,4.1,160.0,
2025-06-26 08:00:00,23.9,3.6,180.0,
2025-06-26 09:00:00,24.15,4.1,190.0,0.75
2025-06-26 10:00:00,24.099999999999998,4.466666666666667,190.0,
2025-06-26 11:00:00,23.9,4.1,185.0,
2025-06-26 12:00:00,24.633333333333336,4.266666666666667,180.0,0.75
2025-06-26 13:00:00,25.85,4.85,170.0,
2025-06-26 14:00:00,27.2,4.6,160.0,
2025-06-26 15:00:00,27.5,4.85,165.0,0.75
2025-06-26 16:00:00,28.6,5.15,170.0,
2025-06-26 17:00:00,29.7,4.35,165.0,
2025-06-26 18:00:00,30.85,4.6,170.0,0.75
2025-06-26 19:00:00,32.2,4.6,180.0,
2025-06-26 20:00:00,32.8,4.6,160.0,
2025-06-26 21:00:00,32.8,4.6,170.0,0.5
2025-06-26 22:00:00,32.8,6.2,170.0,
2025-06-26 23:00:00,32.2,7.7,160.0,
2025-06-27 00:00:00,31.950000000000003,7.2,160.0,0.5
2025-06-27 01:00:00,30.0,7.2,160.0,
2025-06-27 02:00:00,28.9,5.1,160.0,
2025-06-27 03:00:00,28.6,4.6,165.0,0.5
2025-06-27 04:00:00,27.2,5.7,170.0,
2025-06-27 05:00:00,26.1,6.2,584.5,
2025-06-27 06:00:00,25.85,5.4,175.0,0.5
2025-06-27 07:00:00,25.6,5.1,200.0,
2025-06-27 08:00:00,25.0,4.6,190.0,
2025-06-27 09:00:00,24.7,3.8499999999999996,195.0,0.5
2025-06-27 10:00:00,23.9,3.6,160.0,
2025-06-27 11:00:00,24.4,3.6,180.0,
2025-06-27 12:00:00,24.8,3.4333333333333336,163.33333333333334,0.75
2025-06-27 13:00:00,26.7,4.6,170.0,
2025-06-27 14:00:00,28.3,4.6,190.0,
2025-06-27 15:00:00,28.85,5.15,180.0,0.5
2025-06-27 16:00:00,31.1,4.6,200.0,
2025-06-27 17:00:00,31.7,4.1,180.0,
2025-06-27 18:00:00,31.950000000000003,4.35,180.0,0.5
2025-06-27 19:00:00,33.3,5.7,180.0,
2025-06-27 20:00:00,33.3,6.2,170.0,
2025-06-27 21:00:00,33.3,6.2,175.0,0.5
2025-06-27 22:00:00,32.8,6.7,170.0,
2025-06-27 23:00:00,32.5,5.15,180.0,
2025-06-28 00:00:00,32.2,4.6,170.0,0.75
2025-06-28 01:00:00,31.1,4.1,160.0,
2025-06-28 02:00:00,30.0,4.6,150.0,
2025-06-28 03:00:00,29.7,4.6,155.0,0.75
2025-06-28 04:00:00,28.9,4.6,160.0,
2025-06-28 05:00:00,28.3,6.2,584.5,
2025-06-28 06:00:00,28.05,5.95,175.0,0.75
2025-06-28 07:00:00,27.2,6.7,180.0,
2025-06-28 08:00:00,26.7,5.1,190.0,
2025-06-28 09:00:00,26.4,6.4,190.0,0.75
2025-06-28 10:00:00,26.1,6.2,190.0,
2025-06-28 11:00:00,25.6,5.7,190.0,
2025-06-28 12:00:00,26.15,5.7,190.0,0.75
2025-06-28 13:00:00,27.8,5.1,210.0,
2025-06-28 14:00:00,29.4,5.7,210.0,
2025-06-28 15:00:00,30.0,5.4,195.0,0.75
2025-06-28 16:00:00,31.1,4.1,200.0,
2025-06-28 17:00:00,32.8,5.7,180.0,
2025-06-28 18:00:00,33.05,5.7,589.5,0.75
2025-06-28 19:00:00,33.9,5.7,160.0,
2025-06-28 20:00:00,34.4,6.7,190.0,
2025-06-28 21:00:00,34.15,6.2,175.0,0.75
2025-06-28 22:00:00,33.9,7.2,170.0,
2025-06-28 23:00:00,33.3,6.7,150.0,
2025-06-29 00:00:00,32.75,6.7,155.0,0.25
2025-06-29 01:00:00,31.7,5.7,150.0,
2025-06-29 02:00:00,30.6,5.7,150.0,
2025-06-29 03:00:00,30.0,4.65,150.0,0.125
2025-06-29 04:00:00,28.9,3.6,160.0,
2025-06-29 05:00:00,28.9,5.7,579.5,
2025-06-29 06:00:00,28.35,5.4,170.0,0.125
2025-06-29 07:00:00,27.8,7.7,200.0,0.0
2025-06-29 08:00:00,27.2,7.2,190.0,0.0
2025-06-29 09:00:00,26.95,6.7,195.0,0.0
2025-06-29 10:00:00,26.1,5.1,190.0,0.0
2025-06-29 11:00:00,25.6,4.6,190.0,
2025-06-29 12:00:00,26.15,4.35,195.0,0.25
2025-06-29 13:00:00,27.8,5.7,210.0,
2025-06-29 14:00:00,29.4,5.7,210.0,
2025-06-29 15:00:00,30.25,5.4,205.0,0.25
2025-06-29 16:00:00,32.2,5.7,160.0,
2025-06-29 17:00:00,32.2,6.2,160.0,
2025-06-29 18:00:00,32.75,6.7,160.0,0.25
2025-06-29 19:00:00,33.3,6.2,160.0,
2025-06-29 20:00:00,33.3,6.7,160.0,
2025-06-29 21:00:00,33.599999999999994,6.7,170.0,0.25
2025-06-29 22:00:00,34.4,6.7,170.0,
2025-06-29 23:00:00,33.3,6.2,180.0,
2025-06-30 00:00:00,33.05,5.65,175.0,0.25
2025-06-30 01:00:00,31.7,3.6,160.0,
2025-06-30 02:00:00,30.6,4.1,140.0,
2025-06-30 03:00:00,30.3,4.6,155.0,0.25
2025-06-30 04:00:00,28.9,7.2,170.0,
2025-06-30 05:00:00,27.8,5.1,589.5,
2025-06-30 06:00:00,27.25,5.4,175.0,0.25
2025-06-30 07:00:00,26.1,6.7,190.0,
2025-06-30 08:00:00,25.6,6.2,190.0,
2025-06-30 09:00:00,25.3,5.95,185.0,0.5
2025-06-30 10:00:00,24.4,5.1,180.0,
2025-06-30 11:00:00,25.0,7.2,200.0,
2025-06-30 12:00:00,25.3,6.15,200.0,0.5
2025-06-30 13:00:00,27.2,7.2,200.0,
2025-06-30 14:00:00,28.9,6.2,210.0,
2025-06-30 15:00:00,29.45,5.95,210.0,0.5
2025-06-30 16:00:00,31.7,5.7,210.0,
2025-06-30 17:00:00,32.8,4.6,210.0,
2025-06-30 18:00:00,33.05,5.65,205.0,0.5
2025-06-30 19:00:00,34.4,3.1,210.0,
2025-06-30 20:00:00,33.9,4.1,180.0,
2025-06-30 21:00:00,34.15,4.6,185.0,0.5
2025-06-30 22:00:00,34.4,6.2,170.0,
2025-06-30 23:00:00,33.3,8.2,170.0,
2025-07-01 00:00:00,33.05,7.449999999999999,175.0,0.5
2025-07-01 01:00:00,31.7,4.1,170.0,
2025-07-01 02:00:00,28.9,12.9,10.0,
2025-07-01 03:00:00,26.4,10.3,185.0,0.75
2025-07-01 04:00:00,23.9,4.6,360.0,
2025-07-01 05:00:00,25.0,1.5,742.6666666666666,
2025-07-01 06:00:00,24.7,2.8,245.0,1.0
2025-07-01 07:00:00,24.4,3.6,300.0,
2025-07-01 08:00:00,23.9,2.6,240.0,
2025-07-01 09:00:00,24.15,3.1,275.0,0.75
2025-07-01 10:00:00,23.3,4.1,340.0,
2025-07-01 11:00:00,23.3,3.6,10.0,
2025-07-01 12:00:00,23.85,3.6,15.0,0.75
2025-07-01 13:00:00,26.1,2.6,10.0,
2025-07-01 14:00:00,27.2,2.6,340.0,
2025-07-01 15:00:00,28.049999999999997,2.6,669.5,0.75
2025-07-01 16:00:00,30.6,2.1,320.0,
2025-07-01 17:00:00,31.1,1.5,999.0,
2025-07-01 18:00:00,31.650000000000002,2.05,999.0,0.75
2025-07-01 19:00:00,32.2,3.1,50.0,
2025-07-01 20:00:00,32.2,2.1,70.0,
2025-07-01 21:00:00,32.2,3.0999999999999996,205.0,0.75
2025-07-01 22:00:00,31.1,4.1,10.0,
2025-07-01 23:00:00,30.6,2.6,10.0,
2025-07-02 00:00:00,30.6,2.6,10.0,0.75
2025-07-02 01:00:00,29.4,3.1,20.0,
2025-07-02 02:00:00,29.4,3.1,30.0,
2025-07-02 03:00:00,28.85,2.85,70.0,0.75
2025-07-02 04:00:00,28.3,2.1,110.0,
2025-07-02 05:00:00,28.3,2.1,554.5,
2025-07-02 06:00:00,27.75,1.8,100.0,0.75
2025-07-02 07:00:00,27.2,0.0,999.0,
2025-07-02 08:00:00,26.7,0.0,999.0,
2025-07-02 09:00:00,26.7,0.0,999.0,0.75
2025-07-02 10:00:00,26.7,0.0,999.0,
2025-07-02 11:00:00,26.1,0.0,999.0,
2025-07-02 12:00:00,26.65,0.75,564.5,0.75
2025-07-02 13:00:00,28.9,1.5,100.0,
2025-07-02 14:00:00,30.0,2.1,100.0,
2025-07-02 15:00:00,30.55,1.8,549.5,0.75
2025-07-02 16:00:00,32.8,2.1,240.0,
2025-07-02 17:00:00,31.1,2.6,160.0,
2025-07-02 18:00:00,31.650000000000002,2.05,155.0,0.75
2025-07-02 19:00:00,32.8,3.6,110.0,
2025-07-02 20:00:00,30.0,8.8,50.0,
2025-07-02 21:00:00,29.8,5.833333333333333,26.666666666666668,0.75
2025-07-02 22:00:00,28.6,3.8499999999999996,30.0,
2025-07-02 23:00:00,28.9,3.6,60.0,
2025-07-03 00:00:00,28.9,3.6,65.0,1.0
2025-07-03 01:00:00,28.9,3.6,80.0,
2025-07-03 02:00:00,28.3,3.6,110.0,
2025-07-03 03:00:00,28.3,2.85,110.0,0.75
2025-07-03 04:00:00,28.3,2.6,90.0,
2025-07-03 05:00:00,27.2,1.5,549.5,
2025-07-03 06:00:00,27.2,0.75,549.5,1.0
2025-07-03 07:00:00,26.7,1.5,100.0,
2025-07-03 08:00:00,26.7,2.6,130.0,
2025-07-03 09:00:00,26.7,2.35,135.0,1.0
2025-07-03 10:00:00,26.7,1.5,140.0,
2025-07-03 11:00:00,26.7,2.6,160.0,
2025-07-03 12:00:00,27.25,3.5999999999999996,180.0,1.0
2025-07-03 13:00:00,27.2,6.2,220.0,
2025-07-03 14:00:00,27.8,5.7,210.0,
2025-07-03 15:00:00,27.8,5.4,190.0,1.0
2025-07-03 16:00:00,27.8,2.6,130.0,
2025-07-03 17:00:00,29.4,5.1,180.0,
2025-07-03 18:00:00,29.4,4.85,170.0,1.0
2025-07-03 19:00:00,30.0,3.6,140.0,
2025-07-03 20:00:00,30.0,4.6,150.0,
2025-07-03 21:00:00,30.3,5.65,155.0,0.75
2025-07-03 22:00:00,28.3,4.6,170.0,
2025-07-03 23:00:00,27.8,5.1,170.0,
2025-07-04 00:00:00,27.25,5.65,165.0,0.75
2025-07-04 01:00:00,25.6,5.1,150.0,
2025-07-04 02:00:00,25.0,4.6,180.0,
2025-07-04 03:00:00,24.7,4.35,170.0,0.75
2025-07-04 04:00:00,24.4,3.1,160.0,
2025-07-04 05:00:00,25.0,2.6,569.5,
2025-07-04 06:00:00,25.0,3.4333333333333336,140.0,1.0
2025-07-04 07:00:00,25.0,3.3499999999999996,165.0,
2025-07-04 08:00:00,25.0,4.1,180.0,
2025-07-04 09:00:00,24.7,4.1,170.0,1.0
2025-07-04 10:00:00,24.299999999999997,2.975,147.5,
2025-07-04 11:00:00,24.4,4.6,160.0,
2025-07-04 12:00:00,24.8,3.6,156.66666666666666,1.0
2025-07-04 13:00:00,25.3,4.9,145.0,
2025-07-04 14:00:00,26.599999999999998,5.833333333333333,170.0,
2025-07-04 15:00:00,27.5,6.575,172.5,1.0
2025-07-04 16:00:00,29.4,5.1,160.0,
2025-07-04 17:00:00,30.0,7.2,180.0,
2025-07-04 18:00:00,30.55,7.2,170.0,0.75
2025-07-04 19:00:00,32.2,6.2,150.0,
2025-07-04 20:00:00,28.3,6.2,180.0,
2025-07-04 21:00:00,29.450000000000003,5.95,155.0,0.75
2025-07-04 22:00:00,25.549999999999997,9.8,190.0,
2025-07-04 23:00:00,25.0,5.1,180.0,
2025-07-05 00:00:00,25.3,4.35,175.0,0.75
2025-07-05 01:00:00,25.6,3.6,160.0,
2025-07-05 02:00:00,25.3,3.6,150.0,
2025-07-05 03:00:00,24.439999999999998,3.2,146.0,0.75
2025-07-05 04:00:00,24.4,2.6,160.0,
2025-07-05 05:00:00,23.9,4.1,574.5,
2025-07-05 06:00:00,23.9,3.8499999999999996,150.0,1.0
2025-07-05 07:00:00,23.933333333333334,4.266666666666667,150.0,
2025-07-05 08:00:00,23.899999999999995,3.1,133.33333333333334,
2025-07-05 09:00:00,23.899999999999995,2.6,123.33333333333333,1.0
2025-07-05 10:00:00,23.933333333333334,2.9333333333333336,126.66666666666667,
2025-07-05 11:00:00,24.099999999999998,3.4333333333333336,130.0,
2025-07-05 12:00:00,24.7,3.1,135.0,1.0
2025-07-05 13:00:00,26.85,4.85,155.0,
2025-07-05 14:00:00,26.7,3.5999999999999996,150.0,
2025-07-05 15:00:00,27.5,4.4,160.0,0.75
2025-07-05 16:00:00,28.933333333333334,4.3,146.66666666666666,
2025-07-05 17:00:00,26.4,5.9,155.0,
2025-07-05 18:00:00,27.200000000000003,4.85,155.0,0.75
2025-07-05 19:00:00,28.9,7.7,170.0,
2025-07-05 20:00:00,27.25,4.6,195.0,
2025-07-05 21:00:00,28.05,5.4,180.0,1.0
2025-07-05 22:00:00,28.3,6.7,160.0,
2025-07-05 23:00:00,27.2,6.7,170.0,
2025-07-06 00:00:00,26.95,6.2,165.0,0.75
2025-07-06 01:00:00,25.85,4.9,165.0,
2025-07-06 02:00:00,25.0,4.6,170.0,
2025-07-06 03:00:00,25.0,3.6,166.66666666666666,1.0
2025-07-06 04:00:00,25.0,3.6,160.0,
2025-07-06 05:00:00,25.0,2.6,584.5,
2025-07-06 06:00:00,24.7,2.35,155.0,1.0
2025-07-06 07:00:00,25.0,2.1,140.0,
2025-07-06 08:00:00,24.4,3.1,140.0,
2025-07-06 09:00:00,24.15,3.1,140.0,1.0
2025-07-06 10:00:00,23.9,3.1,150.0,
2025-07-06 11:00:00,23.9,2.1,120.0,
2025-07-06 12:00:00,24.15,2.6,130.0,1.0
2025-07-06 13:00:00,24.8,3.933333333333333,123.33333333333333,
2025-07-06 14:00:00,26.15,5.15,150.0,
2025-07-06 15:00:00,26.95,6.15,165.0,0.75
2025-07-06 16:00:00,25.3,6.7,185.0,
2025-07-06 17:00:00,24.4,4.6,160.0,
2025-07-06 18:00:00,25.549999999999997,4.6,180.0,1.0
2025-07-06 19:00:00,27.8,4.6,200.0,
2025-07-06 20:00:00,28.3,4.6,180.0,
2025-07-06 21:00:00,28.85,4.6,175.0,0.75
2025-07-06 22:00:00,29.4,5.7,180.0,
2025-07-06 23:00:00,30.0,4.6,160.0,
2025-07-07 00:00:00,29.45,4.1,165.0,0.5
2025-07-07 01:00:00,27.8,3.6,170.0,
2025-07-07 02:00:00,26.7,2.6,170.0,
2025-07-07 03:00:00,26.7,2.85,165.0,0.25
2025-07-07 04:00:00,26.7,3.6,170.0,
2025-07-07 05:00:00,25.6,1.5,589.5,
2025-07-07 06:00:00,25.3,0.75,589.5,0.75
2025-07-07 07:00:00,24.4,0.0,999.0,
2025-07-07 08:00:00,24.4,1.5,110.0,
2025-07-07 09:00:00,24.4,1.5,120.0,1.0
2025-07-07 10:00:00,24.4,2.6,160.0,
2025-07-07 11:00:00,24.4,2.1,130.0,
2025-07-07 12:00:00,25.25,3.0999999999999996,140.0,0.75
2025-07-07 13:00:00,26.05,5.4,155.0,
2025-07-07 14:00:00,26.3,3.266666666666667,186.66666666666666,
2025-07-07 15:00:00,26.95,3.5999999999999996,180.0,0.75
2025-07-07 16:00:00,29.4,6.2,200.0,
2025-07-07 17:00:00,31.1,6.2,200.0,
2025-07-07 18:00:00,31.650000000000002,6.7,210.0,0.75
2025-07-07 19:00:00,31.7,7.2,190.0,
2025-07-07 20:00:00,32.2,6.7,200.0,
2025-07-07 21:00:00,32.5,5.9,195.0,0.75
2025-07-07 22:00:00,32.8,8.2,200.0,
2025-07-07 23:00:00,31.7,7.7,210.0,
2025-07-08 00:00:00,31.4,7.2,205.0,0.5
2025-07-08 01:00:00,30.0,5.1,180.0,
2025-07-08 02:00:00,28.9,4.1,170.0,
2025-07-08 03:00:00,28.35,4.35,170.0,0.25
2025-07-08 04:00:00,26.7,4.1,170.0,0.0
2025-07-08 05:00:00,26.1,3.6,584.5,0.0
2025-07-08 06:00:00,25.85,2.85,170.0,0.0
2025-07-08 07:00:00,25.0,2.6,160.0,
2025-07-08 08:00:00,25.0,4.1,190.0,
2025-07-08 09:00:00,25.0,4.6,195.0,0.5
2025-07-08 10:00:00,24.4,3.1,180.0,
2025-07-08 11:00:00,24.4,2.6,190.0,
2025-07-08 12:00:00,25.25,3.5999999999999996,205.0,0.75
2025-07-08 13:00:00,27.2,4.6,200.0,
2025-07-08 14:00:00,29.4,5.7,220.0,
2025-07-08 15:00:00,30.25,4.9,220.0,0.75
2025-07-08 16:00:00,32.2,4.1,200.0,
2025-07-08 17:00:00,32.8,4.6,200.0,
2025-07-08 18:00:00,32.8,3.3499999999999996,205.0,0.5
2025-07-08 19:00:00,35.0,2.6,999.0,
2025-07-08 20:00:00,35.0,2.6,999.0,
2025-07-08 21:00:00,34.45,4.15,609.5,0.75
2025-07-08 22:00:00,33.849999999999994,6.95,220.0,
2025-07-08 23:00:00,27.2,7.7,100.0,
2025-07-09 00:00:00,26.4,7.45,140.0,0.75
2025-07-09 01:00:00,23.3,9.3,170.0,
2025-07-09 02:00:00,22.2,4.1,160.0,
2025-07-09 03:00:00,22.599999999999998,3.766666666666667,160.0,0.75
2025-07-09 04:00:00,22.8,1.5,140.0,
2025-07-09 05:00:00,23.3,3.6,574.5,
2025-07-09 06:00:00,23.05,3.6,150.0,0.75
2025-07-09 07:00:00,22.8,0.0,999.0,
2025-07-09 08:00:00,23.3,3.1,200.0,
2025-07-09 09:00:00,23.05,3.1,205.0,0.75
2025-07-09 10:00:00,22.96666666666667,3.933333333333333,186.66666666666666,
2025-07-09 11:00:00,23.3,3.8499999999999996,185.0,
2025-07-09 12:00:00,23.666666666666668,3.6,176.66666666666666,0.75
2025-07-09 13:00:00,25.0,5.7,210.0,
2025-07-09 14:00:00,26.7,2.6,230.0,
2025-07-09 15:00:00,27.25,2.6,205.0,0.75
2025-07-09 16:00:00,29.4,3.1,210.0,
2025-07-09 17:00:00,30.6,3.6,200.0,
2025-07-09 18:00:00,31.400000000000002,1.8,599.5,0.5
2025-07-09 19:00:00,33.3,2.1,999.0,
2025-07-09 20:00:00,33.9,2.6,140.0,
2025-07-09 21:00:00,34.45,2.05,569.5,0.5
2025-07-09 22:00:00,33.9,0.0,999.0,
2025-07-09 23:00:00,33.9,2.1,160.0,
2025-07-10 00:00:00,30.599999999999998,7.900000000000001,180.0,0.5
2025-07-10 01:00:00,26.0,7.7,135.0,
2025-07-10 02:00:00,25.0,3.1,250.0,
2025-07-10 03:00:00,25.0,2.9,200.0,1.0
2025-07-10 04:00:00,24.4,3.1,170.0,
2025-07-10 05:00:00,25.0,2.6,604.5,
2025-07-10 06:00:00,24.7,3.1,190.0,0.125
2025-07-10 07:00:00,24.4,3.1,160.0,0.0
2025-07-10 08:00:00,23.9,2.6,160.0,0.0
2025-07-10 09:00:00,23.9,2.6,160.0,
2025-07-10 10:00:00,23.9,4.6,190.0,
2025-07-10 11:00:00,23.9,4.6,180.0,
2025-07-10 12:00:00,24.75,4.35,190.0,0.5
2025-07-10 13:00:00,26.7,4.6,200.0,
2025-07-10 14:00:00,28.3,5.1,200.0,
2025-07-10 15:00:00,29.450000000000003,5.1,200.0,0.25
2025-07-10 16:00:00,31.7,4.6,200.0,0.0
2025-07-10 17:00:00,33.3,7.2,220.0,
2025-07-10 18:00:00,33.849999999999994,6.95,210.0,0.25
2025-07-10 19:00:00,34.4,4.1,160.0,
2025-07-10 20:00:00,35.0,5.1,200.0,
2025-07-10 21:00:00,35.0,5.65,200.0,0.5
2025-07-10 22:00:00,35.0,6.7,210.0,
2025-07-10 23:00:00,33.9,6.2,160.0,
2025-07-11 00:00:00,33.349999999999994,6.2,165.0,0.25
2025-07-11 01:00:00,31.7,5.7,170.0,0.0
2025-07-11 02:00:00,30.6,5.1,160.0,0.0
2025-07-11 03:00:00,30.0,4.85,165.0,0.0
2025-07-11 04:00:00,29.4,6.2,180.0,0.0
2025-07-11 05:00:00,28.9,7.7,594.5,0.0
2025-07-11 06:00:00,28.6,6.95,190.0,0.0
2025-07-11 07:00:00,27.8,8.2,200.0,0.0
2025-07-11 08:00:00,27.2,6.7,200.0,0.0
2025-07-11 09:00:00,26.65,6.45,200.0,0.0
2025-07-11 10:00:00,25.6,6.2,190.0,0.0
2025-07-11 11:00:00,25.0,4.6,200.0,
2025-07-11 12:00:00,25.3,5.15,200.0,0.5
2025-07-11 13:00:00,27.2,6.7,210.0,
2025-07-11 14:00:00,29.4,8.2,200.0,
2025-07-11 15:00:00,30.0,7.449999999999999,195.0,0.25
2025-07-11 16:00:00,31.7,7.2,170.0,
2025-07-11 17:00:00,32.2,6.7,190.0,
2025-07-11 18:00:00,32.75,8.0,180.0,0.5
2025-07-11 19:00:00,33.3,9.3,170.0,
2025-07-11 20:00:00,34.4,9.3,190.0,
2025-07-11 21:00:00,33.599999999999994,8.25,180.0,0.75
2025-07-11 22:00:00,32.8,7.7,170.0,
2025-07-11 23:00:00,32.2,7.7,180.0,
2025-07-12 00:00:00,31.950000000000003,6.7,175.0,0.5
2025-07-12 01:00:00,30.0,5.7,150.0,
2025-07-12 02:00:00,28.9,8.2,160.0,
2025-07-12 03:00:00,28.35,7.449999999999999,165.0,0.25
2025-07-12 04:00:00,27.2,6.7,170.0,
2025-07-12 05:00:00,27.2,7.2,584.5,
2025-07-12 06:00:00,26.95,6.45,170.0,0.25
2025-07-12 07:00:00,26.1,5.7,170.0,
2025-07-12 08:00:00,26.1,4.1,170.0,
2025-07-12 09:00:00,26.1,4.9,175.0,0.75
2025-07-12 10:00:00,26.1,5.7,170.0,
2025-07-12 11:00:00,25.8,3.8499999999999996,170.0,
2025-07-12 12:00:00,25.76666666666667,6.333333333333333,180.0,1.0
2025-07-12 13:00:00,26.4,7.699999999999999,200.0,
2025-07-12 14:00:00,27.8,6.2,180.0,
2025-07-12 15:00:00,28.475,8.25,197.5,0.75
2025-07-12 16:00:00,30.0,7.7,190.0,
2025-07-12 17:00:00,31.7,7.2,200.0,
2025-07-12 18:00:00,30.299999999999997,6.45,175.0,0.75
2025-07-12 19:00:00,33.3,5.1,210.0,
2025-07-12 20:00:00,33.9,6.2,210.0,
2025-07-12 21:00:00,30.725,5.925,155.0,0.75
2025-07-12 22:00:00,31.950000000000003,5.15,170.0,
2025-07-12 23:00:00,31.1,5.65,160.0,
2025-07-13 00:00:00,30.55,7.199999999999999,190.0,0.75
2025-07-13 01:00:00,25.6,3.6,40.0,
2025-07-13 02:00:00,24.45,7.033333333333334,166.66666666666666,
2025-07-13 03:00:00,23.899999999999995,2.9,120.0,1.0
2025-07-13 04:00:00,23.9,3.1,150.0,
2025-07-13 05:00:00,23.9,3.1,569.5,
2025-07-13 06:00:00,23.9,2.85,140.0,0.75
2025-07-13 07:00:00,23.9,3.35,150.0,
2025-07-13 08:00:00,24.2,4.35,195.0,
2025-07-13 09:00:00,24.4,4.1,195.0,1.0
2025-07-13 10:00:00,24.15,3.5999999999999996,205.0,
2025-07-13 11:00:00,23.3,3.1,170.0,
2025-07-13 12:00:00,23.6,5.15,190.0,1.0
2025-07-13 13:00:00,23.9,2.6,240.0,
2025-07-13 14:00:00,24.4,3.6,250.0,
2025-07-13 15:00:00,24.7,3.6,240.0,1.0
2025-07-13 16:00:00,27.2,4.6,220.0,
2025-07-13 17:00:00,28.9,5.1,200.0,
2025-07-13 18:00:00,29.45,5.1,220.0,1.0
2025-07-13 19:00:00,30.6,4.1,240.0,
2025-07-13 20:00:00,31.7,4.6,210.0,
2025-07-13 21:00:00,31.4,3.8499999999999996,210.0,0.75
2025-07-13 22:00:00,32.2,4.6,170.0,
2025-07-13 23:00:00,29.4,8.8,190.0,
2025-07-14 00:00:00,28.85,7.75,185.0,0.75
2025-07-14 01:00:00,26.7,3.6,180.0,
2025-07-14 02:00:00,26.1,5.1,180.0,0.75
2025-07-14 03:00:00,25.0,4.6,180.0,
2025-07-14 04:00:00,24.4,3.6,180.0,
2025-07-14 05:00:00,23.9,4.1,584.5,
2025-07-14 06:00:00,24.15,4.1,185.0,0.75
2025-07-14 07:00:00,24.4,3.6,210.0,
2025-07-14 08:00:00,24.4,3.1,210.0,
2025-07-14 09:00:00,24.4,2.3,220.0,0.75
2025-07-14 10:00:00,24.099999999999998,2.9333333333333336,186.66666666666666,
2025-07-14 11:00:00,23.3,3.1,150.0,
2025-07-14 12:00:00,22.975,2.475,155.0,0.75
2025-07-14 13:00:00,22.2,2.9333333333333336,156.66666666666666,
2025-07-14 14:00:00,21.7,2.6,170.0,
2025-07-14 15:00:00,22.400000000000002,2.4333333333333336,443.0,1.0
2025-07-14 16:00:00,24.7,4.65,225.0,
2025-07-14 17:00:00,26.15,5.1,205.0,0.75
2025-07-14 18:00:00,28.85,4.1,240.0,
2025-07-14 19:00:00,30.6,0.0,999.0,
2025-07-14 20:00:00,31.7,2.1,210.0,
2025-07-14 21:00:00,32.25,2.85,200.0,0.75
2025-07-14 22:00:00,32.8,4.1,190.0,
2025-07-14 23:00:00,31.1,4.6,160.0,
2025-07-15 00:00:00,31.1,4.85,160.0,0.75
2025-07-15 01:00:00,29.4,4.1,170.0,
2025-07-15 02:00:00,28.9,2.6,180.0,
2025-07-15 03:00:00,28.6,3.1,180.0,0.25
2025-07-15 04:00:00,27.8,3.1,180.0,
2025-07-15 05:00:00,27.8,4.6,589.5,
2025-07-15 06:00:00,27.5,5.15,185.0,0.25
2025-07-15 07:00:00,26.7,4.6,200.0,
2025-07-15 08:00:00,26.1,4.6,210.0,
2025-07-15 09:00:00,25.85,3.5999999999999996,205.0,0.5
2025-07-15 10:00:00,25.0,3.6,180.0,
2025-07-15 11:00:00,25.0,3.6,170.0,
2025-07-15 12:00:00,25.55,4.35,185.0,0.75
2025-07-15 13:00:00,26.7,6.2,200.0,
2025-07-15 14:00:00,29.4,6.7,230.0,
2025-07-15 15:00:00,29.8,6.533333333333334,213.33333333333334,0.75
2025-07-15 16:00:00,31.7,6.2,210.0,
2025-07-15 17:00:00,32.2,5.7,200.0,
2025-07-15 18:00:00,32.75,5.95,190.0,0.5
2025-07-15 19:00:00,33.3,7.2,170.0,
2025-07-15 20:00:00,33.9,7.7,150.0,
2025-07-15 21:00:00,33.9,6.95,160.0,0.5
2025-07-15 22:00:00,33.9,7.7,180.0,
2025-07-15 23:00:00,32.2,7.7,180.0,
2025-07-16 00:00:00,31.950000000000003,7.7,205.0,0.75
2025-07-16 01:00:00,29.15,5.65,225.0,
2025-07-16 02:00:00,28.3,1.5,210.0,
2025-07-16 03:00:00,27.75,1.8,190.0,1.0
2025-07-16 04:00:00,27.2,2.6,180.0,
2025-07-16 05:00:00,27.2,1.5,574.5,
2025-07-16 06:00:00,27.2,2.8,160.0,0.75
2025-07-16 07:00:00,27.2,4.6,180.0,
2025-07-16 08:00:00,26.7,6.2,180.0,
2025-07-16 09:00:00,26.4,5.4,180.0,0.75
2025-07-16 10:00:00,25.6,3.6,170.0,
2025-07-16 11:00:00,25.6,5.1,170.0,
2025-07-16 12:00:00,25.76666666666667,5.633333333333333,180.0,0.75
2025-07-16 13:00:00,26.4,6.95,195.0,
2025-07-16 14:00:00,28.3,5.1,190.0,
2025-07-16 15:00:00,29.433333333333334,5.633333333333333,176.66666666666666,0.5
2025-07-16 16:00:00,31.1,6.2,190.0,
2025-07-16 17:00:00,31.7,6.2,190.0,
2025-07-16 18:00:00,31.950000000000003,5.65,170.0,0.75
2025-07-16 19:00:00,33.3,5.1,150.0,
2025-07-16 20:00:00,33.9,6.2,160.0,
2025-07-16 21:00:00,33.9,6.45,170.0,0.75
2025-07-16 22:00:00,33.9,7.2,150.0,
2025-07-16 23:00:00,32.8,6.7,150.0,
2025-07-17 00:00:00,32.5,6.95,155.0,0.5
2025-07-17 01:00:00,31.1,5.1,170.0,
2025-07-17 02:00:00,30.6,5.1,160.0,
2025-07-17 03:00:00,30.3,5.65,160.0,0.5
2025-07-17 04:00:00,29.4,4.6,160.0,
2025-07-17 05:00:00,28.9,3.6,579.5,
2025-07-17 06:00:00,28.35,3.6,165.0,0.125
2025-07-17 07:00:00,27.8,4.6,180.0,0.0
2025-07-17 08:00:00,26.7,5.1,200.0,0.0
2025-07-17 09:00:00,26.4,5.4,200.0,0.0
2025-07-17 10:00:00,25.0,5.1,190.0,
2025-07-17 11:00:00,24.4,4.6,190.0,
2025-07-17 12:00:00,25.0,4.35,190.0,0.5
2025-07-17 13:00:00,26.7,4.6,200.0,
2025-07-17 14:00:00,27.8,3.1,220.0,
2025-07-17 15:00:00,28.35,3.5999999999999996,195.0,0.5
2025-07-17 16:00:00,30.0,4.1,190.0,
2025-07-17 17:00:00,31.1,3.6,160.0,
2025-07-17 18:00:00,31.650000000000002,2.85,155.0,0.75
2025-07-17 19:00:00,33.9,6.2,180.0,
2025-07-17 20:00:00,34.4,4.6,170.0,
2025-07-17 21:00:00,34.7,5.9,170.0,0.5
2025-07-17 22:00:00,35.0,6.2,180.0,
2025-07-17 23:00:00,33.9,5.7,180.0,
2025-07-18 00:00:00,33.349999999999994,5.4,175.0,0.5
2025-07-18 01:00:00,31.7,4.1,160.0,
2025-07-18 02:00:00,30.0,3.1,160.0,
2025-07-18 03:00:00,29.7,3.35,160.0,0.5
2025-07-18 04:00:00,28.9,3.6,160.0,
2025-07-18 05:00:00,27.8,4.6,589.5,
2025-07-18 06:00:00,27.25,4.6,185.0,0.25
2025-07-18 07:00:00,26.1,3.6,170.0,
2025-07-18 08:00:00,25.0,2.6,190.0,
2025-07-18 09:00:00,24.7,2.6,180.0,0.5
2025-07-18 10:00:00,25.0,3.6,200.0,
2025-07-18 11:00:00,24.4,3.6,190.0,
2025-07-18 12:00:00,25.25,3.8499999999999996,195.0,0.75
2025-07-18 13:00:00,27.8,3.6,200.0,
2025-07-18 14:00:00,29.4,3.1,220.0,
2025-07-18 15:00:00,30.25,3.1,205.0,0.5
2025-07-18 16:00:00,32.8,3.6,210.0,
2025-07-18 17:00:00,33.9,6.2,190.0,
2025-07-18 18:00:00,33.9,5.65,175.0,0.25
2025-07-18 19:00:00,35.0,5.7,180.0,
2025-07-18 20:00:00,35.0,5.7,150.0,
2025-07-18 21:00:00,35.0,5.4,150.0,0.25
2025-07-18 22:00:00,35.0,4.6,180.0,
2025-07-18 23:00:00,34.4,6.7,170.0,
2025-07-19 00:00:00,33.599999999999994,6.45,170.0,0.25
2025-07-19 01:00:00,31.1,4.6,150.0,
2025-07-19 02:00:00,30.0,5.7,170.0,
2025-07-19 03:00:00,29.15,5.15,165.0,0.5
2025-07-19 04:00:00,27.2,7.2,170.0,
2025-07-19 05:00:00,26.7,4.1,584.5,
2025-07-19 06:00:00,26.7,4.1,175.0,0.5
2025-07-19 07:00:00,26.7,5.1,200.0,
2025-07-19 08:00:00,26.1,4.6,200.0,
2025-07-19 09:00:00,26.1,5.15,200.0,0.5
2025-07-19 10:00:00,25.6,3.1,200.0,
2025-07-19 11:00:00,25.0,3.1,180.0,
2025-07-19 12:00:00,25.55,3.5999999999999996,180.0,0.75
2025-07-19 13:00:00,27.8,6.2,190.0,
2025-07-19 14:00:00,29.4,7.2,200.0,
2025-07-19 15:00:00,30.25,6.7,205.0,0.75
2025-07-19 16:00:00,32.8,6.7,200.0,
2025-07-19 17:00:00,33.3,5.1,190.0,
2025-07-19 18:00:00,33.849999999999994,5.9,180.0,0.5
2025-07-19 19:00:00,35.0,6.2,170.0,
2025-07-19 20:00:00,34.4,7.7,170.0,
2025-07-19 21:00:00,34.4,7.45,170.0,0.25
2025-07-19 22:00:00,33.9,8.8,180.0,
2025-07-19 23:00:00,32.8,9.3,180.0,
2025-07-20 00:00:00,32.5,9.05,180.0,0.25
2025-07-20 01:00:00,31.1,6.7,180.0,
2025-07-20 02:00:00,30.6,6.2,180.0,
2025-07-20 03:00:00,30.0,5.15,175.0,0.125
2025-07-20 04:00:00,28.9,4.1,170.0,0.0
2025-07-20 05:00:00,28.3,4.1,584.5,0.0
2025-07-20 06:00:00,28.3,3.8499999999999996,170.0,0.0
2025-07-20 07:00:00,28.3,8.2,190.0,0.0
2025-07-20 08:00:00,27.2,6.2,190.0,
2025-07-20 09:00:00,27.2,6.45,185.0,0.25
2025-07-20 10:00:00,26.7,6.2,190.0,
2025-07-20 11:00:00,26.7,6.2,190.0,
2025-07-20 12:00:00,26.95,6.95,185.0,0.5
2025-07-20 13:00:00,28.9,8.2,190.0,
2025-07-20 14:00:00,30.0,8.8,210.0,
2025-07-20 15:00:00,30.85,8.25,200.0,0.25
2025-07-20 16:00:00,32.8,7.2,190.0,
2025-07-20 17:00:00,33.3,8.8,190.0,
2025-07-20 18:00:00,33.599999999999994,9.3,200.0,0.5
2025-07-20 19:00:00,34.4,8.8,170.0,
2025-07-20 20:00:00,34.4,8.2,180.0,
2025-07-20 21:00:00,34.7,8.2,175.0,0.5
2025-07-20 22:00:00,35.0,9.8,190.0,
2025-07-20 23:00:00,33.3,8.2,170.0,
2025-07-21 00:00:00,33.05,8.5,175.0,0.25
2025-07-21 01:00:00,31.7,7.2,170.0,
2025-07-21 02:00:00,30.6,5.7,170.0,
2025-07-21 03:00:00,30.3,6.45,175.0,0.25
2025-07-21 04:00:00,29.4,5.7,180.0,
2025-07-21 05:00:00,28.3,7.7,594.5,
2025-07-21 06:00:00,28.05,7.45,185.0,0.25
2025-07-21 07:00:00,27.2,7.7,190.0,
2025-07-21 08:00:00,26.7,6.7,180.0,
2025-07-21 09:00:00,26.4,7.449999999999999,180.0,0.25
2025-07-21 10:00:00,25.6,5.7,190.0,
2025-07-21 11:00:00,25.6,6.2,190.0,
2025-07-21 12:00:00,25.85,6.45,185.0,0.5
2025-07-21 13:00:00,27.8,8.2,190.0,
2025-07-21 14:00:00,28.9,7.7,200.0,
2025-07-21 15:00:00,29.75,8.5,200.0,0.5
2025-07-21 16:00:00,32.2,9.3,190.0,
2025-07-21 17:00:00,33.3,6.7,190.0,
2025-07-21 18:00:00,33.849999999999994,7.75,190.0,0.25
2025-07-21 19:00:00,35.6,7.7,210.0,
2025-07-21 20:00:00,35.6,7.7,190.0,
2025-07-21 21:00:00,35.85,7.949999999999999,195.0,0.25
2025-07-21 22:00:00,35.6,9.3,200.0,
2025-07-21 23:00:00,35.0,6.7,170.0,
2025-07-22 00:00:00,34.45,6.7,175.0,0.25
2025-07-22 01:00:00,32.2,6.7,180.0,
2025-07-22 02:00:00,31.7,7.2,180.0,
2025-07-22 03:00:00,30.85,6.15,180.0,0.5
2025-07-22 04:00:00,28.9,4.6,180.0,
2025-07-22 05:00:00,28.9,4.1,594.5,
2025-07-22 06:00:00,28.9,5.4,190.0,0.5
2025-07-22 07:00:00,28.3,6.7,190.0,
2025-07-22 08:00:00,27.2,5.1,180.0,
2025-07-22 09:00:00,26.65,4.6,185.0,0.25
2025-07-22 10:00:00,25.6,6.2,180.0,
2025-07-22 11:00:00,25.0,5.1,180.0,
2025-07-22 12:00:00,25.55,5.65,185.0,0.75
2025-07-22 13:00:00,26.7,6.2,190.0,
2025-07-22 14:00:00,28.3,5.1,180.0,
2025-07-22 15:00:00,29.15,5.65,190.0,0.5
2025-07-22 16:00:00,31.7,5.7,200.0,
2025-07-22 17:00:00,33.3,5.1,200.0,
2025-07-22 18:00:00,33.849999999999994,5.9,205.0,0.5
2025-07-22 19:00:00,35.0,5.7,160.0,
2025-07-22 20:00:00,35.0,6.2,160.0,
2025-07-22 21:00:00,35.3,6.2,165.0,0.5
2025-07-22 22:00:00,35.0,5.7,150.0,
2025-07-22 23:00:00,33.9,5.7,170.0,
2025-07-23 00:00:00,33.349999999999994,6.2,170.0,0.75
2025-07-23 01:00:00,32.2,5.1,150.0,
2025-07-23 02:00:00,31.1,6.2,160.0,
2025-07-23 03:00:00,30.85,5.65,160.0,0.5
2025-07-23 04:00:00,29.4,4.6,160.0,
2025-07-23 05:00:00,28.9,4.1,584.5,
2025-07-23 06:00:00,28.9,4.35,170.0,0.75
2025-07-23 07:00:00,28.3,5.1,180.0,
2025-07-23 08:00:00,27.8,5.1,180.0,
2025-07-23 09:00:00,27.25,5.1,185.0,0.75
2025-07-23 10:00:00,26.1,4.1,190.0,
2025-07-23 11:00:00,25.6,4.6,170.0,
2025-07-23 12:00:00,25.85,4.85,170.0,0.5
2025-07-23 13:00:00,27.8,6.2,200.0,
2025-07-23 14:00:00,29.4,6.7,190.0,
2025-07-23 15:00:00,30.0,6.2,190.0,0.5
2025-07-23 16:00:00,32.2,6.7,190.0,
2025-07-23 17:00:00,33.3,6.2,180.0,
2025-07-23 18:00:00,33.849999999999994,5.95,180.0,0.25
2025-07-23 19:00:00,35.0,5.7,160.0,
2025-07-23 20:00:00,35.6,6.2,160.0,
2025-07-23 21:00:00,35.6,6.2,165.0,0.25
2025-07-23 22:00:00,35.0,6.7,170.0,
2025-07-23 23:00:00,34.4,6.2,170.0,
2025-07-24 00:00:00,33.849999999999994,6.7,170.0,0.25
2025-07-24 01:00:00,32.2,5.7,160.0,
2025-07-24 02:00:00,31.7,4.6,160.0,
2025-07-24 03:00:00,31.15,4.6,155.0,0.125
2025-07-24 04:00:00,30.0,5.1,170.0,0.0
2025-07-24 05:00:00,29.4,4.1,579.5,0.0
2025-07-24 06:00:00,29.15,4.6,160.0,0.0
2025-07-24 07:00:00,28.3,6.2,170.0,0.0
2025-07-24 08:00:00,27.8,4.6,180.0,0.0
2025-07-24 09:00:00,27.5,4.6,190.0,0.0
2025-07-24 10:00:00,27.2,4.6,190.0,0.0
2025-07-24 11:00:00,26.7,3.6,190.0,
2025-07-24 12:00:00,26.95,3.8499999999999996,190.0,0.25
2025-07-24 13:00:00,28.9,5.7,200.0,
2025-07-24 14:00:00,30.6,5.1,200.0,
2025-07-24 15:00:00,31.400000000000002,5.4,200.0,0.25
2025-07-24 16:00:00,33.3,4.1,170.0,
2025-07-24 17:00:00,33.9,5.1,170.0,
2025-07-24 18:00:00,34.45,5.1,170.0,0.25
2025-07-24 19:00:00,35.6,5.1,170.0,
2025-07-24 20:00:00,36.1,4.6,160.0,
2025-07-24 21:00:00,36.400000000000006,5.65,170.0,0.25
2025-07-24 22:00:00,36.1,8.8,160.0,
2025-07-24 23:00:00,35.6,5.1,140.0,
2025-07-25 00:00:00,35.0,5.4,145.0,0.25
2025-07-25 01:00:00,32.8,6.2,150.0,
2025-07-25 02:00:00,31.1,3.6,140.0,
2025-07-25 03:00:00,30.85,3.8499999999999996,145.0,0.25
2025-07-25 04:00:00,29.4,4.6,150.0,
2025-07-25 05:00:00,28.9,4.1,579.5,
2025-07-25 06:00:00,28.6,4.1,170.0,0.25
2025-07-25 07:00:00,26.7,2.1,190.0,
2025-07-25 08:00:00,25.6,0.0,999.0,
2025-07-25 09:00:00,26.15,1.55,609.5,0.75
2025-07-25 10:00:00,25.6,2.1,120.0,
2025-07-25 11:00:00,25.0,1.5,120.0,
2025-07-25 12:00:00,25.55,2.05,135.0,0.75
2025-07-25 13:00:00,28.3,2.6,200.0,
2025-07-25 14:00:00,31.1,3.1,180.0,
2025-07-25 15:00:00,31.95,3.1,180.0,0.5
2025-07-25 16:00:00,34.4,5.1,160.0,
2025-07-25 17:00:00,35.6,5.7,160.0,
2025-07-25 18:00:00,35.85,4.9,155.0,0.5
2025-07-25 19:00:00,36.1,3.6,160.0,
2025-07-25 20:00:00,36.7,4.6,180.0,
2025-07-25 21:00:00,36.7,4.6,185.0,0.75
2025-07-25 22:00:00,36.1,3.1,160.0,
2025-07-25 23:00:00,35.6,8.2,180.0,
2025-07-26 00:00:00,34.45,7.449999999999999,185.0,0.5
2025-07-26 01:00:00,31.7,4.1,170.0,
2025-07-26 02:00:00,31.1,3.1,160.0,
2025-07-26 03:00:00,30.85,3.5999999999999996,170.0,0.75
2025-07-26 04:00:00,30.0,3.1,170.0,
2025-07-26 05:00:00,29.4,2.6,574.5,
2025-07-26 06:00:00,29.15,3.1,160.0,0.75
2025-07-26 07:00:00,28.3,2.6,160.0,
2025-07-26 08:00:00,27.8,2.1,170.0,
2025-07-26 09:00:00,27.5,2.6,160.0,0.75
2025-07-26 10:00:00,26.7,3.1,180.0,
2025-07-26 11:00:00,26.1,2.1,180.0,
2025-07-26 12:00:00,26.950000000000003,2.35,180.0,0.5
2025-07-26 13:00:00,29.4,3.6,190.0,
2025-07-26 14:00:00,31.7,4.6,150.0,
2025-07-26 15:00:00,31.950000000000003,5.15,160.0,0.25
2025-07-26 16:00:00,32.8,6.7,190.0,
2025-07-26 17:00:00,33.3,6.2,190.0,
2025-07-26 18:00:00,33.849999999999994,5.65,175.0,0.75
2025-07-26 19:00:00,35.0,5.1,170.0,
2025-07-26 20:00:00,35.0,4.6,150.0,
2025-07-26 21:00:00,35.3,5.65,150.0,0.75
2025-07-26 22:00:00,34.15,6.2,155.0,
2025-07-26 23:00:00,32.1,4.85,150.0,
2025-07-27 00:00:00,32.5,5.15,165.0,0.75
2025-07-27 01:00:00,32.2,6.7,170.0,
2025-07-27 02:00:00,31.1,6.7,170.0,
2025-07-27 03:00:00,30.55,6.7,180.0,0.75
2025-07-27 04:00:00,28.9,8.2,180.0,
2025-07-27 05:00:00,28.3,6.7,594.5,
2025-07-27 06:00:00,28.05,6.2,185.0,0.5
2025-07-27 07:00:00,27.2,7.7,180.0,
2025-07-27 08:00:00,27.2,6.7,185.0,
2025-07-27 09:00:00,27.03333333333333,6.033333333333334,186.66666666666666,0.75
2025-07-27 10:00:00,26.1,7.2,180.0,
2025-07-27 11:00:00,26.1,6.2,190.0,
2025-07-27 12:00:00,26.65,5.95,185.0,0.75
2025-07-27 13:00:00,27.2,6.2,190.0,
2025-07-27 14:00:00,28.3,6.7,200.0,
2025-07-27 15:00:00,29.15,6.45,205.0,1.0
2025-07-27 16:00:00,31.1,6.7,200.0,
2025-07-27 17:00:00,32.2,3.6,160.0,
2025-07-27 18:00:00,33.05,4.9,175.0,0.75
2025-07-27 19:00:00,34.4,6.7,170.0,
2025-07-27 20:00:00,33.9,5.7,190.0,
2025-07-27 21:00:00,34.45,5.95,185.0,0.75
2025-07-27 22:00:00,35.0,6.2,170.0,
2025-07-27 23:00:00,34.4,6.7,180.0,
2025-07-28 00:00:00,34.15,6.45,185.0,0.5
2025-07-28 01:00:00,32.8,4.6,190.0,
2025-07-28 02:00:00,31.7,4.1,170.0,
2025-07-28 03:00:00,31.4,4.6,170.0,0.25
2025-07-28 04:00:00,29.4,6.2,180.0,
2025-07-28 05:00:00,28.9,6.7,594.5,
2025-07-28 06:00:00,28.6,6.2,190.0,0.25
2025-07-28 07:00:00,27.8,6.2,180.0,
2025-07-28 08:00:00,27.2,3.6,200.0,0.0
2025-07-28 09:00:00,26.65,3.35,195.0,0.0
2025-07-28 10:00:00,26.1,3.1,200.0,0.0
2025-07-28 11:00:00,25.6,3.1,180.0,
2025-07-28 12:00:00,26.15,3.5999999999999996,185.0,0.25
2025-07-28 13:00:00,28.3,4.6,210.0,
2025-07-28 14:00:00,30.6,5.1,190.0,
2025-07-28 15:00:00,31.15,5.4,190.0,0.25
2025-07-28 16:00:00,32.8,3.1,220.0,
2025-07-28 17:00:00,33.9,4.6,210.0,
2025-07-28 18:00:00,34.45,3.5999999999999996,210.0,0.25
2025-07-28 19:00:00,35.6,3.1,160.0,
2025-07-28 20:00:00,35.6,4.1,190.0,
2025-07-28 21:00:00,35.6,4.6,190.0,0.5
2025-07-28 22:00:00,35.0,5.7,190.0,
2025-07-28 23:00:00,35.0,4.6,190.0,
2025-07-29 00:00:00,33.9,5.1,170.0,
2025-07-29 01:00:00,32.8,3.1,160.0,
2025-07-29 02:00:00,31.7,2.6,160.0,
2025-07-29 03:00:00,30.6,2.6,160.0,
2025-07-29 04:00:00,29.4,3.6,170.0,0.0
2025-07-29 05:00:00,28.9,3.1,584.5,0.0
2025-07-29 06:00:00,28.35,2.85,175.0,0.0
2025-07-29 07:00:00,28.3,3.1,170.0,0.0
2025-07-29 08:00:00,27.8,3.6,190.0,0.0
2025-07-29 09:00:00,27.25,3.6,190.0,0.0
2025-07-29 10:00:00,26.7,4.1,200.0,0.0
2025-07-29 11:00:00,27.2,3.6,210.0,
2025-07-29 12:00:00,27.5,4.1,210.0,0.125
2025-07-29 13:00:00,29.4,5.1,220.0,0.0
2025-07-29 14:00:00,31.7,3.6,240.0,0.0
2025-07-29 15:00:00,32.5,4.1,240.0,0.0
2025-07-29 16:00:00,34.4,2.6,999.0,
2025-07-29 17:00:00,35.6,3.1,170.0,
2025-07-29 18:00:00,36.150000000000006,2.85,584.5,0.5
2025-07-29 19:00:00,36.1,2.1,999.0,
2025-07-29 20:00:00,37.2,2.1,999.0,
2025-07-29 21:00:00,37.2,2.1,999.0,0.5
2025-07-29 22:00:00,36.7,3.1,210.0,
2025-07-29 23:00:00,36.1,4.1,150.0,
2025-07-30 00:00:00,35.55,4.1,170.0,0.25
2025-07-30 01:00:00,33.3,3.6,150.0,
2025-07-30 02:00:00,32.8,3.6,170.0,0.0
2025-07-30 03:00:00,32.25,3.6,170.0,0.0
2025-07-30 04:00:00,31.1,3.6,170.0,0.0
2025-07-30 05:00:00,29.4,3.1,589.5,0.0
2025-07-30 06:00:00,29.15,2.6,185.0,0.0
2025-07-30 07:00:00,28.3,3.1,220.0,0.0
2025-07-30 08:00:00,28.3,3.6,230.0,0.0
2025-07-30 09:00:00,27.75,3.35,225.0,0.0
2025-07-30 10:00:00,26.1,2.1,200.0,
2025-07-30 11:00:00,26.7,2.6,210.0,
2025-07-30 12:00:00,27.5,2.85,210.0,0.25
2025-07-30 13:00:00,31.1,2.6,220.0,
2025-07-30 14:00:00,31.7,3.1,220.0,
2025-07-30 15:00:00,33.05,2.6,609.5,0.25
2025-07-30 16:00:00,35.6,2.1,150.0,
2025-07-30 17:00:00,36.7,4.1,170.0,
2025-07-30 18:00:00,36.95,2.8,584.5,0.25
2025-07-30 19:00:00,37.2,5.1,140.0,
2025-07-30 20:00:00,37.8,3.1,150.0,
2025-07-30 21:00:00,37.8,2.3,150.0,0.75
2025-07-30 22:00:00,37.8,3.1,150.0,
2025-07-30 23:00:00,37.2,3.1,190.0,
2025-07-31 00:00:00,36.1,3.35,180.0,0.75
2025-07-31 01:00:00,33.9,3.6,170.0,
2025-07-31 02:00:00,31.7,3.1,180.0,
2025-07-31 03:00:00,31.7,2.85,180.0,0.75
2025-07-31 04:00:00,31.1,2.1,200.0,
2025-07-31 05:00:00,29.4,2.6,589.5,
2025-07-31 06:00:00,28.85,2.35,185.0,0.25
2025-07-31 07:00:00,27.8,2.6,190.0,
2025-07-31 08:00:00,27.8,2.6,200.0,
2025-07-31 09:00:00,27.25,2.6,205.0,0.5
2025-07-31 10:00:00,26.7,3.6,220.0,
2025-07-31 11:00:00,27.2,3.1,220.0,
2025-07-31 12:00:00,27.75,2.85,280.0,0.25
2025-07-31 13:00:00,31.1,0.0,999.0,
2025-07-31 14:00:00,33.9,0.0,999.0,
2025-07-31 15:00:00,34.75,1.3,504.5,0.25
2025-07-31 16:00:00,37.2,2.1,999.0,
2025-07-31 17:00:00,37.2,2.1,999.0,
2025-07-31 18:00:00,37.75,1.8,999.0,0.25
2025-07-31 19:00:00,38.9,2.1,999.0,
2025-07-31 20:00:00,38.9,4.1,230.0,
2025-07-31 21:00:00,38.9,3.0999999999999996,614.5,0.25
2025-07-31 22:00:00,37.8,3.6,160.0,
2025-07-31 23:00:00,37.2,0.0,999.0,
2025-08-01 00:00:00,36.650000000000006,1.8,569.5,0.25
2025-08-01 01:00:00,34.4,2.1,999.0,
2025-08-01 02:00:00,31.650000000000002,8.0,60.0,
2025-08-01 03:00:00,30.25,7.5,70.0,0.75
2025-08-01 04:00:00,28.9,3.6,100.0,
2025-08-01 05:00:00,28.3,4.6,702.6666666666666,
2025-08-01 06:00:00,28.3,3.3499999999999996,125.0,0.25
2025-08-01 07:00:00,27.2,3.1,70.0,
2025-08-01 08:00:00,26.7,2.6,70.0,
2025-08-01 09:00:00,27.25,2.6,80.0,0.75
2025-08-01 10:00:00,27.2,3.1,80.0,
2025-08-01 11:00:00,26.1,1.5,70.0,
2025-08-01 12:00:00,26.65,2.8,70.0,0.75
2025-08-01 13:00:00,27.2,3.1,50.0,
2025-08-01 14:00:00,28.9,1.5,999.0,
2025-08-01 15:00:00,29.75,0.75,999.0,0.75
2025-08-01 16:00:00,32.2,2.6,999.0,
2025-08-01 17:00:00,33.3,3.1,999.0,
2025-08-01 18:00:00,33.3,3.35,679.5,0.75
2025-08-01 19:00:00,33.3,3.1,20.0,
2025-08-01 20:00:00,34.4,4.6,30.0,
2025-08-01 21:00:00,34.4,4.6,185.0,0.5
2025-08-01 22:00:00,34.4,5.1,350.0,
2025-08-01 23:00:00,34.4,4.1,350.0,
2025-08-02 00:00:00,32.5,5.9,355.0,0.75
2025-08-02 01:00:00,28.3,7.2,30.0,
2025-08-02 02:00:00,27.2,6.2,20.0,
2025-08-02 03:00:00,27.2,4.9,30.0,0.75
2025-08-02 04:00:00,26.7,3.1,30.0,
2025-08-02 05:00:00,26.1,3.1,514.5,
2025-08-02 06:00:00,26.1,2.85,70.0,0.75
2025-08-02 07:00:00,25.6,0.0,999.0,
2025-08-02 08:00:00,26.1,0.0,999.0,
2025-08-02 09:00:00,25.25,1.55,674.5,0.75
2025-08-02 10:00:00,25.0,3.6,360.0,
2025-08-02 11:00:00,25.0,3.1,340.0,
2025-08-02 12:00:00,25.3,2.85,180.0,0.5
2025-08-02 13:00:00,26.7,2.1,30.0,
2025-08-02 14:00:00,28.3,2.6,999.0,
2025-08-02 15:00:00,28.3,3.1,569.6666666666666,0.75
2025-08-02 16:00:00,30.0,4.1,360.0,
2025-08-02 17:00:00,30.0,3.1,45.0,
2025-08-02 18:00:00,31.7,2.6,524.5,0.75
2025-08-02 19:00:00,32.2,3.6,350.0,
2025-08-02 20:00:00,33.9,2.1,999.0,
2025-08-02 21:00:00,34.15,2.1,679.5,0.5
2025-08-02 22:00:00,34.4,3.6,340.0,
2025-08-02 23:00:00,33.9,3.6,50.0,
2025-08-03 00:00:00,33.349999999999994,3.8499999999999996,40.0,0.5
2025-08-03 01:00:00,31.1,5.1,110.0,
2025-08-03 02:00:00,30.6,4.1,100.0,
2025-08-03 03:00:00,30.0,3.8499999999999996,100.0,0.5
2025-08-03 04:00:00,28.3,5.7,110.0,
2025-08-03 05:00:00,27.8,4.1,554.5,
2025-08-03 06:00:00,27.5,4.1,115.0,0.75
2025-08-03 07:00:00,26.7,4.1,120.0,
2025-08-03 08:00:00,26.5,4.266666666666667,130.0,
2025-08-03 09:00:00,26.1,3.8499999999999996,120.0,0.75
2025-08-03 10:00:00,25.6,3.6,130.0,
2025-08-03 11:00:00,25.0,3.6,140.0,
2025-08-03 12:00:00,25.400000000000002,3.4333333333333336,120.0,0.75
2025-08-03 13:00:00,26.4,3.35,125.0,
2025-08-03 14:00:00,28.9,2.6,120.0,
2025-08-03 15:00:00,29.15,2.05,559.5,0.75
2025-08-03 16:00:00,31.7,1.5,999.0,
2025-08-03 17:00:00,32.2,1.8,609.5,
2025-08-03 18:00:00,24.47142857142857,7.871428571428572,235.71428571428572,0.75
2025-08-03 19:00:00,25.25,5.65,160.0,
2025-08-03 20:00:00,27.8,3.1,140.0,
2025-08-03 21:00:00,28.9,1.55,569.5,0.75
2025-08-03 22:00:00,31.1,1.5,110.0,
2025-08-03 23:00:00,31.1,3.6,130.0,
2025-08-04 00:00:00,30.55,3.35,130.0,0.5
2025-08-04 01:00:00,28.3,2.6,120.0,
2025-08-04 02:00:00,27.8,2.6,120.0,
2025-08-04 03:00:00,27.5,2.6,120.0,0.25
2025-08-04 04:00:00,26.7,2.1,130.0,
2025-08-04 05:00:00,26.1,2.6,569.5,
2025-08-04 06:00:00,26.1,3.1,140.0,0.5
2025-08-04 07:00:00,26.1,2.1,140.0,
2025-08-04 08:00:00,26.1,2.1,130.0,
2025-08-04 09:00:00,22.385714285714283,7.128571428571428,155.71428571428572,0.75
2025-08-04 10:00:00,21.066666666666666,3.4333333333333336,53.333333333333336,
2025-08-04 11:00:00,21.7,0.0,999.0,
2025-08-04 12:00:00,21.7,1.3,514.5,0.75
2025-08-04 13:00:00,22.8,2.6,60.0,
2025-08-04 14:00:00,23.9,0.0,999.0,
2025-08-04 15:00:00,24.75,0.75,999.0,0.75
2025-08-04 16:00:00,26.7,1.5,150.0,
2025-08-04 17:00:00,28.9,1.5,999.0,
2025-08-04 18:00:00,29.75,0.75,999.0,0.5
2025-08-04 19:00:00,31.1,2.6,120.0,
2025-08-04 20:00:00,32.2,3.1,20.0,
2025-08-04 21:00:00,32.5,2.3,509.5,0.5
2025-08-04 22:00:00,31.1,3.6,80.0,
2025-08-04 23:00:00,31.7,3.6,110.0,
2025-08-05 00:00:00,30.85,3.35,115.0,0.25
2025-08-05 01:00:00,28.3,3.1,130.0,
2025-08-05 02:00:00,28.3,3.1,130.0,
2025-08-05 03:00:00,27.5,2.6,135.0,0.125
2025-08-05 04:00:00,26.7,2.1,160.0,0.0
2025-08-05 05:00:00,26.7,3.1,584.5,0.0
2025-08-05 06:00:00,26.15,2.85,170.0,0.0
2025-08-05 07:00:00,25.0,2.1,180.0,0.0
2025-08-05 08:00:00,25.6,0.0,999.0,
2025-08-05 09:00:00,25.0,1.05,579.5,0.25
2025-08-05 10:00:00,24.4,1.5,130.0,
2025-08-05 11:00:00,23.9,0.0,999.0,
2025-08-05 12:00:00,24.75,0.0,999.0,0.75
2025-08-05 13:00:00,26.7,1.5,160.0,
2025-08-05 14:00:00,28.9,2.6,180.0,
2025-08-05 15:00:00,29.15,1.3,589.5,0.25
2025-08-05 16:00:00,31.7,2.6,130.0,
2025-08-05 17:00:00,31.7,2.6,999.0,
2025-08-05 18:00:00,32.25,3.5999999999999996,554.5,0.25
2025-08-05 19:00:00,33.3,3.6,160.0,
2025-08-05 20:00:00,33.3,2.1,999.0,
2025-08-05 21:00:00,33.3,2.6,559.5,0.25
2025-08-05 22:00:00,33.3,5.1,150.0,
2025-08-05 23:00:00,32.2,4.6,120.0,
2025-08-06 00:00:00,31.650000000000002,5.15,130.0,0.5
2025-08-06 01:00:00,30.0,5.1,150.0,
2025-08-06 02:00:00,29.4,4.6,160.0,0.0
2025-08-06 03:00:00,28.85,4.35,165.0,
2025-08-06 04:00:00,27.2,2.6,170.0,0.0
2025-08-06 05:00:00,26.1,3.1,584.5,0.0
2025-08-06 06:00:00,26.1,2.85,165.0,0.0
2025-08-06 07:00:00,25.6,2.1,160.0,0.0
2025-08-06 08:00:00,25.0,1.5,150.0,0.0
2025-08-06 09:00:00,24.7,1.8,150.0,0.0
2025-08-06 10:00:00,24.4,2.1,140.0,0.0
2025-08-06 11:00:00,24.4,2.6,180.0,
2025-08-06 12:00:00,25.25,2.35,175.0,0.125
2025-08-06 13:00:00,27.8,3.1,170.0,0.0
2025-08-06 14:00:00,30.0,6.2,180.0,0.0
2025-08-06 15:00:00,30.55,5.95,180.0,
2025-08-06 16:00:00,32.2,4.1,180.0,
2025-08-06 17:00:00,32.8,4.1,150.0,
2025-08-06 18:00:00,33.05,3.8499999999999996,145.0,0.5
2025-08-06 19:00:00,34.4,4.6,160.0,
2025-08-06 20:00:00,35.0,4.6,160.0,
2025-08-06 21:00:00,35.0,4.6,180.0,0.25
2025-08-06 22:00:00,34.4,6.2,150.0,
2025-08-06 23:00:00,33.9,4.6,120.0,0.0
2025-08-07 00:00:00,33.05,4.85,120.0,
2025-08-07 01:00:00,31.1,5.1,130.0,
2025-08-07 02:00:00,30.0,4.6,130.0,0.0
2025-08-07 03:00:00,29.7,4.35,140.0,0.0
2025-08-07 04:00:00,28.9,3.6,160.0,0.0
2025-08-07 05:00:00,27.8,2.6,574.5,0.0
2025-08-07 06:00:00,27.5,2.85,165.0,0.0
2025-08-07 07:00:00,27.2,2.6,160.0,0.0
2025-08-07 08:00:00,26.1,2.1,160.0,0.0
2025-08-07 09:00:00,26.1,2.35,160.0,0.0
2025-08-07 10:00:00,26.1,3.1,170.0,0.0
2025-08-07 11:00:00,25.6,2.1,160.0,0.0
2025-08-07 12:00:00,26.4,2.6,165.0,
2025-08-07 13:00:00,28.9,3.1,190.0,
2025-08-07 14:00:00,31.1,3.6,210.0,0.0
2025-08-07 15:00:00,31.650000000000002,4.35,210.0,
2025-08-07 16:00:00,33.3,5.1,220.0,
2025-08-07 17:00:00,35.0,6.7,200.0,
2025-08-07 18:00:00,35.0,5.15,200.0,0.5
2025-08-07 19:00:00,35.0,5.1,170.0,
2025-08-07 20:00:00,35.6,5.1,170.0,
2025-08-07 21:00:00,35.6,5.1,165.0,0.25
2025-08-07 22:00:00,35.6,4.6,150.0,
2025-08-07 23:00:00,35.0,5.1,160.0,
2025-08-08 00:00:00,34.45,5.1,165.0,0.125
2025-08-08 01:00:00,32.8,3.6,160.0,0.0
2025-08-08 02:00:00,31.7,4.1,150.0,0.0
2025-08-08 03:00:00,31.15,4.35,150.0,0.0
2025-08-08 04:00:00,30.0,3.1,160.0,0.0
2025-08-08 05:00:00,28.9,3.6,579.5,0.0
2025-08-08 06:00:00,28.6,3.6,170.0,0.0
2025-08-08 07:00:00,27.8,3.6,180.0,0.0
2025-08-08 08:00:00,27.8,4.1,180.0,0.0
2025-08-08 09:00:00,27.8,4.6,185.0,
2025-08-08 10:00:00,26.7,3.6,180.0,
2025-08-08 11:00:00,26.7,3.1,170.0,
2025-08-08 12:00:00,27.25,3.5999999999999996,170.0,0.25
2025-08-08 13:00:00,29.4,5.1,190.0,
2025-08-08 14:00:00,31.7,6.2,200.0,
2025-08-08 15:00:00,32.5,6.45,200.0,0.125
2025-08-08 16:00:00,34.4,8.2,210.0,0.0
2025-08-08 17:00:00,35.0,6.2,180.0,
2025-08-08 18:00:00,35.3,5.15,190.0,0.25
2025-08-08 19:00:00,36.1,5.7,160.0,
2025-08-08 20:00:00,36.1,6.2,160.0,
2025-08-08 21:00:00,36.1,6.2,160.0,0.25
2025-08-08 22:00:00,36.1,6.7,190.0,
2025-08-08 23:00:00,35.0,7.2,170.0,0.0
2025-08-09 00:00:00,34.45,6.95,170.0,0.0
2025-08-09 01:00:00,33.3,6.2,160.0,
2025-08-09 02:00:00,32.2,7.2,160.0,0.0
2025-08-09 03:00:00,31.650000000000002,5.9,160.0,0.0
2025-08-09 04:00:00,30.0,4.6,170.0,
2025-08-09 05:00:00,29.4,4.1,589.5,
2025-08-09 06:00:00,29.15,3.8499999999999996,180.0,0.25
2025-08-09 07:00:00,28.3,4.1,170.0,
2025-08-09 08:00:00,27.2,3.1,180.0,
2025-08-09 09:00:00,27.2,3.35,175.0,0.25
2025-08-09 10:00:00,27.2,3.6,190.0,
2025-08-09 11:00:00,27.2,4.1,180.0,
2025-08-09 12:00:00,27.5,4.6,180.0,0.25
2025-08-09 13:00:00,29.4,6.7,200.0,0.0
2025-08-09 14:00:00,31.1,5.7,200.0,
2025-08-09 15:00:00,31.650000000000002,5.95,205.0,0.125
2025-08-09 16:00:00,33.3,5.1,200.0,0.0
2025-08-09 17:00:00,33.9,4.6,200.0,
2025-08-09 18:00:00,34.45,5.65,185.0,0.25
2025-08-09 19:00:00,35.6,6.7,190.0,
2025-08-09 20:00:00,36.1,7.2,160.0,
2025-08-09 21:00:00,35.85,6.95,160.0,0.25
2025-08-09 22:00:00,35.6,6.2,170.0,
2025-08-09 23:00:00,35.0,7.2,170.0,
2025-08-10 00:00:00,34.45,6.95,165.0,0.25
2025-08-10 01:00:00,32.8,6.7,140.0,
2025-08-10 02:00:00,31.7,5.1,140.0,
2025-08-10 03:00:00,31.15,5.1,145.0,0.25
2025-08-10 04:00:00,30.0,4.1,150.0,
2025-08-10 05:00:00,29.4,3.6,574.5,0.0
2025-08-10 06:00:00,29.15,4.9,160.0,0.0
2025-08-10 07:00:00,28.3,6.7,180.0,0.0
2025-08-10 08:00:00,27.2,6.2,190.0,0.0
2025-08-10 09:00:00,27.2,6.2,190.0,0.0
2025-08-10 10:00:00,26.7,5.1,210.0,0.0
2025-08-10 11:00:00,26.1,4.6,190.0,
2025-08-10 12:00:00,26.4,4.6,185.0,0.25
2025-08-10 13:00:00,28.3,4.6,190.0,
2025-08-10 14:00:00,30.0,4.6,180.0,
2025-08-10 15:00:00,30.85,5.15,190.0,0.125
2025-08-10 16:00:00,32.8,6.2,160.0,
2025-08-10 17:00:00,33.3,6.2,180.0,
2025-08-10 18:00:00,33.849999999999994,4.15,589.5,0.25
2025-08-10 19:00:00,35.0,1.5,999.0,
2025-08-10 20:00:00,35.0,4.1,130.0,
2025-08-10 21:00:00,35.0,4.6,135.0,0.75
2025-08-10 22:00:00,34.4,5.1,140.0,
2025-08-10 23:00:00,33.9,4.1,160.0,
2025-08-11 00:00:00,33.349999999999994,4.9,160.0,0.5
2025-08-11 01:00:00,31.7,4.1,140.0,
2025-08-11 02:00:00,31.1,4.1,130.0,
2025-08-11 03:00:00,30.85,4.9,145.0,0.5
2025-08-11 04:00:00,29.4,7.2,150.0,
2025-08-11 05:00:00,28.9,3.6,579.5,
2025-08-11 06:00:00,28.35,3.8499999999999996,165.0,0.25
2025-08-11 07:00:00,27.2,2.6,160.0,
2025-08-11 08:00:00,26.7,2.1,140.0,
2025-08-11 09:00:00,26.4,2.1,145.0,0.25
2025-08-11 10:00:00,26.1,2.1,120.0,
2025-08-11 11:00:00,25.0,2.6,120.0,
2025-08-11 12:00:00,25.85,2.35,135.0,0.25
2025-08-11 13:00:00,28.3,4.1,180.0,
2025-08-11 14:00:00,30.0,4.6,210.0,
2025-08-11 15:00:00,30.55,4.6,200.0,0.25
2025-08-11 16:00:00,32.2,3.1,190.0,
2025-08-11 17:00:00,33.3,4.6,180.0,
2025-08-11 18:00:00,33.599999999999994,3.3499999999999996,589.5,0.5
2025-08-11 19:00:00,34.4,3.1,240.0,
2025-08-11 20:00:00,34.4,1.5,999.0,
2025-08-11 21:00:00,34.7,3.05,589.5,0.5
2025-08-11 22:00:00,35.0,4.1,150.0,
2025-08-11 23:00:00,34.4,5.1,190.0,
2025-08-12 00:00:00,33.849999999999994,4.85,180.0,0.25
2025-08-12 01:00:00,32.8,4.1,150.0,
2025-08-12 02:00:00,31.7,3.6,140.0,
2025-08-12 03:00:00,31.4,4.65,140.0,0.25
2025-08-12 04:00:00,30.0,2.6,160.0,
2025-08-12 05:00:00,29.4,3.6,574.5,
2025-08-12 06:00:00,28.85,3.35,160.0,0.5
2025-08-12 07:00:00,27.8,2.6,140.0,
2025-08-12 08:00:00,27.2,8.8,30.0,
2025-08-12 09:00:00,26.65,5.45,50.0,0.75
2025-08-12 10:00:00,26.1,2.1,210.0,
2025-08-12 11:00:00,26.7,2.1,340.0,
2025-08-12 12:00:00,26.7,3.5999999999999996,345.0,0.75
2025-08-12 13:00:00,26.7,4.6,360.0,
2025-08-12 14:00:00,26.7,5.1,330.0,
2025-08-12 15:00:00,26.7,4.1,330.0,0.75
2025-08-12 16:00:00,27.8,4.1,60.0,
2025-08-12 17:00:00,29.4,2.6,70.0,
2025-08-12 18:00:00,30.25,2.35,65.0,0.75
2025-08-12 19:00:00,33.9,2.1,330.0,
2025-08-12 20:00:00,32.8,1.5,999.0,
2025-08-12 21:00:00,31.7,4.6,514.5,0.75
2025-08-12 22:00:00,30.0,4.9,55.0,
2025-08-12 23:00:00,28.9,2.6,50.0,
2025-08-13 00:00:00,28.9,2.05,70.0,0.75
2025-08-13 01:00:00,28.3,3.1,160.0,
2025-08-13 02:00:00,28.3,3.1,200.0,
2025-08-13 03:00:00,28.05,2.6,215.0,0.75
2025-08-13 04:00:00,27.8,0.0,999.0,
2025-08-13 05:00:00,26.7,2.6,659.5,
2025-08-13 06:00:00,26.15,2.35,165.0,0.75
2025-08-13 07:00:00,26.7,1.5,330.0,
2025-08-13 08:00:00,25.6,2.1,340.0,
2025-08-13 09:00:00,25.85,2.1,305.0,0.75
2025-08-13 10:00:00,26.1,4.6,250.0,
2025-08-13 11:00:00,26.1,4.6,280.0,
2025-08-13 12:00:00,26.1,3.8499999999999996,255.0,0.75
2025-08-13 13:00:00,26.1,0.0,999.0,
2025-08-13 14:00:00,26.7,2.1,140.0,
2025-08-13 15:00:00,26.7,2.85,155.0,0.75
2025-08-13 16:00:00,27.2,2.1,180.0,
2025-08-13 17:00:00,29.4,3.1,160.0,
2025-08-13 18:00:00,30.0,3.35,190.0,0.5
2025-08-13 19:00:00,31.7,2.6,140.0,
2025-08-13 20:00:00,32.2,2.1,210.0,
2025-08-13 21:00:00,32.5,2.1,604.5,0.5
2025-08-13 22:00:00,32.8,1.5,999.0,
2025-08-13 23:00:00,32.8,1.5,120.0,
2025-08-14 00:00:00,32.25,2.3,125.0,0.5
2025-08-14 01:00:00,29.4,3.1,140.0,
2025-08-14 02:00:00,29.4,4.1,140.0,
2025-08-14 03:00:00,28.85,3.8499999999999996,145.0,0.125
2025-08-14 04:00:00,27.8,3.1,180.0,0.0
2025-08-14 05:00:00,26.7,3.1,589.5,0.0
2025-08-14 06:00:00,26.7,1.55,589.5,0.0
2025-08-14 07:00:00,25.6,3.1,160.0,0.0
2025-08-14 08:00:00,25.6,3.1,180.0,
2025-08-14 09:00:00,25.6,2.6,185.0,0.25
2025-08-14 10:00:00,26.1,2.1,200.0,
2025-08-14 11:00:00,25.6,1.5,130.0,0.0
2025-08-14 12:00:00,26.15,1.5,135.0,0.0
2025-08-14 13:00:00,28.9,3.6,190.0,0.0
2025-08-14 14:00:00,30.0,3.1,160.0,
2025-08-14 15:00:00,30.85,3.1,140.0,0.25
2025-08-14 16:00:00,33.3,,999.0,
2025-08-14 17:00:00,35.0,4.1,170.0,
2025-08-14 18:00:00,35.3,5.4,185.0,0.5
2025-08-14 19:00:00,36.1,4.6,180.0,
2025-08-14 20:00:00,36.7,5.7,190.0,
2025-08-14 21:00:00,36.400000000000006,5.15,175.0,0.5
2025-08-14 22:00:00,36.1,5.1,170.0,
2025-08-14 23:00:00,35.0,6.7,170.0,
2025-08-15 00:00:00,34.45,6.7,165.0,0.25
2025-08-15 01:00:00,33.3,5.7,160.0,
2025-08-15 02:00:00,32.2,5.7,150.0,
2025-08-15 03:00:00,31.950000000000003,4.9,150.0,0.5
2025-08-15 04:00:00,30.6,4.1,150.0,
2025-08-15 05:00:00,30.6,5.7,584.5,
2025-08-15 06:00:00,30.3,5.95,175.0,0.25
2025-08-15 07:00:00,28.9,6.7,180.0,
2025-08-15 08:00:00,28.9,6.7,190.0,0.0
2025-08-15 09:00:00,28.35,6.2,185.0,0.0
2025-08-15 10:00:00,27.2,5.1,180.0,0.0
2025-08-15 11:00:00,26.7,4.6,170.0,0.0
2025-08-15 12:00:00,26.95,5.15,170.0,
2025-08-15 13:00:00,28.9,5.1,190.0,
2025-08-15 14:00:00,30.0,7.2,180.0,
2025-08-15 15:00:00,30.85,7.2,180.0,0.25
2025-08-15 16:00:00,32.8,7.7,180.0,
2025-08-15 17:00:00,34.4,4.1,170.0,
2025-08-15 18:00:00,34.7,4.9,185.0,0.5
2025-08-15 19:00:00,35.6,8.8,170.0,
2025-08-15 20:00:00,36.1,3.1,160.0,
2025-08-15 21:00:00,36.1,4.65,150.0,0.5
2025-08-15 22:00:00,35.6,6.7,140.0,
2025-08-15 23:00:00,35.0,6.2,160.0,
2025-08-16 00:00:00,34.45,4.9,160.0,0.5
2025-08-16 01:00:00,32.8,4.6,160.0,
2025-08-16 02:00:00,32.2,4.1,150.0,
2025-08-16 03:00:00,31.950000000000003,5.4,160.0,0.75
2025-08-16 04:00:00,30.0,5.1,190.0,
2025-08-16 05:00:00,29.4,4.1,599.5,
2025-08-16 06:00:00,29.15,5.65,195.0,0.5
2025-08-16 07:00:00,27.8,5.1,180.0,
2025-08-16 08:00:00,27.8,7.2,190.0,
2025-08-16 09:00:00,27.5,6.15,190.0,0.25
2025-08-16 10:00:00,26.7,5.7,190.0,
2025-08-16 11:00:00,26.1,4.1,170.0,
2025-08-16 12:00:00,26.4,4.9,170.0,0.25
2025-08-16 13:00:00,28.3,6.2,190.0,
2025-08-16 14:00:00,30.0,4.6,190.0,
2025-08-16 15:00:00,30.85,5.15,195.0,0.25
2025-08-16 16:00:00,32.2,4.6,190.0,
2025-08-16 17:00:00,33.3,4.6,160.0,
2025-08-16 18:00:00,33.849999999999994,5.4,160.0,0.5
2025-08-16 19:00:00,35.0,5.7,200.0,
2025-08-16 20:00:00,34.4,3.6,170.0,
2025-08-16 21:00:00,34.7,4.9,170.0,0.75
2025-08-16 22:00:00,33.9,6.2,170.0,
2025-08-16 23:00:00,33.9,5.1,150.0,
2025-08-17 00:00:00,33.349999999999994,5.1,150.0,0.5
2025-08-17 01:00:00,31.7,5.1,130.0,
2025-08-17 02:00:00,31.7,4.1,130.0,
2025-08-17 03:00:00,31.4,3.8499999999999996,140.0,0.5
2025-08-17 04:00:00,30.0,4.1,170.0,
2025-08-17 05:00:00,29.4,5.1,584.5,
2025-08-17 06:00:00,29.15,5.1,170.0,0.5
2025-08-17 07:00:00,28.3,5.1,180.0,
2025-08-17 08:00:00,28.3,6.2,190.0,
2025-08-17 09:00:00,28.05,5.15,180.0,0.5
2025-08-17 10:00:00,27.2,3.6,170.0,
2025-08-17 11:00:00,26.7,3.1,170.0,
2025-08-17 12:00:00,26.95,3.5999999999999996,170.0,0.5
2025-08-17 13:00:00,27.8,5.1,190.0,
2025-08-17 14:00:00,30.0,5.1,190.0,
2025-08-17 15:00:00,30.85,5.4,200.0,0.5
2025-08-17 16:00:00,32.2,5.7,180.0,
2025-08-17 17:00:00,32.8,3.1,190.0,
2025-08-17 18:00:00,33.05,3.5999999999999996,205.0,0.75
2025-08-17 19:00:00,33.9,3.6,180.0,
2025-08-17 20:00:00,33.9,0.0,999.0,
2025-08-17 21:00:00,34.15,2.05,574.5,0.75
2025-08-17 22:00:00,34.4,5.7,170.0,
2025-08-17 23:00:00,34.4,4.1,160.0,
2025-08-18 00:00:00,33.849999999999994,4.6,155.0,0.75
2025-08-18 01:00:00,32.2,3.6,150.0,
2025-08-18 02:00:00,31.1,3.6,130.0,
2025-08-18 03:00:00,30.55,3.35,140.0,0.75
2025-08-18 04:00:00,29.4,2.1,160.0,
2025-08-18 05:00:00,28.9,1.5,574.5,
2025-08-18 06:00:00,28.6,2.05,145.0,0.5
2025-08-18 07:00:00,27.8,2.6,170.0,
2025-08-18 08:00:00,27.8,0.0,999.0,
2025-08-18 09:00:00,27.5,1.05,559.5,0.5
2025-08-18 10:00:00,26.1,2.1,140.0,
2025-08-18 11:00:00,26.7,2.1,160.0,
2025-08-18 12:00:00,27.25,2.1,165.0,0.5
2025-08-18 13:00:00,30.0,3.6,200.0,
2025-08-18 14:00:00,32.2,5.1,220.0,
2025-08-18 15:00:00,33.05,5.65,220.0,0.25
2025-08-18 16:00:00,35.0,4.1,210.0,
2025-08-18 17:00:00,35.6,2.1,170.0,
2025-08-18 18:00:00,36.150000000000006,2.35,210.0,0.5
2025-08-18 19:00:00,37.2,2.1,310.0,
2025-08-18 20:00:00,37.2,2.1,180.0,
2025-08-18 21:00:00,37.5,2.1,589.5,0.5
2025-08-18 22:00:00,37.2,2.6,120.0,
2025-08-18 23:00:00,36.7,4.1,170.0,
2025-08-19 00:00:00,36.150000000000006,4.6,170.0,0.25
2025-08-19 01:00:00,34.4,3.1,170.0,
2025-08-19 02:00:00,33.3,4.6,150.0,
2025-08-19 03:00:00,32.75,3.8499999999999996,150.0,0.25
2025-08-19 04:00:00,30.6,3.1,160.0,
2025-08-19 05:00:00,30.0,2.6,604.5,
2025-08-19 06:00:00,30.0,2.85,195.0,0.25
2025-08-19 07:00:00,29.4,2.6,200.0,
2025-08-19 08:00:00,28.3,2.6,210.0,
2025-08-19 09:00:00,28.05,1.3,604.5,0.25
2025-08-19 10:00:00,28.3,2.1,230.0,
2025-08-19 11:00:00,27.8,0.0,999.0,
2025-08-19 12:00:00,28.05,0.0,999.0,0.5
2025-08-19 13:00:00,31.7,0.0,999.0,
2025-08-19 14:00:00,33.3,2.1,330.0,
2025-08-19 15:00:00,34.15,1.05,664.5,0.5
2025-08-19 16:00:00,36.7,0.0,999.0,
2025-08-19 17:00:00,37.2,3.6,110.0,
2025-08-19 18:00:00,37.5,3.35,95.0,0.5
2025-08-19 19:00:00,37.8,0.0,999.0,
2025-08-19 20:00:00,38.9,3.6,80.0,
2025-08-19 21:00:00,38.9,2.55,100.0,0.25
2025-08-19 22:00:00,37.8,3.6,140.0,
2025-08-19 23:00:00,37.8,4.1,130.0,
2025-08-20 00:00:00,36.7,3.5999999999999996,125.0,0.5
2025-08-20 01:00:00,34.7,3.35,145.0,
2025-08-20 02:00:00,34.4,3.6,180.0,
2025-08-20 03:00:00,33.599999999999994,3.1,245.0,0.75
2025-08-20 04:00:00,31.7,4.1,270.0,
2025-08-20 05:00:00,31.1,3.1,619.5,
2025-08-20 06:00:00,30.566666666666666,4.966666666666666,86.66666666666667,0.5
2025-08-20 07:00:00,27.8,4.1,30.0,
2025-08-20 08:00:00,28.3,3.6,90.0,
2025-08-20 09:00:00,28.3,2.55,90.0,0.5
2025-08-20 10:00:00,27.8,2.6,110.0,
2025-08-20 11:00:00,27.2,2.1,110.0,
2025-08-20 12:00:00,27.5,3.9000000000000004,235.0,0.75
2025-08-20 13:00:00,26.7,8.2,330.0,
2025-08-20 14:00:00,24.75,4.9,315.0,
2025-08-20 15:00:00,24.15,2.3,644.5,1.0
2025-08-20 16:00:00,24.7,2.3,85.0,
2025-08-20 17:00:00,26.1,0.0,999.0,
2025-08-20 18:00:00,26.65,0.0,999.0,0.75
2025-08-20 19:00:00,30.6,2.6,360.0,
2025-08-20 20:00:00,32.2,2.6,290.0,
2025-08-20 21:00:00,32.75,2.35,644.5,0.75
2025-08-20 22:00:00,33.9,2.6,340.0,
2025-08-20 23:00:00,32.8,4.6,10.0,
2025-08-21 00:00:00,32.25,4.1,15.0,0.75
2025-08-21 01:00:00,30.6,3.6,350.0,
2025-08-21 02:00:00,30.0,2.6,340.0,
2025-08-21 03:00:00,29.7,3.1,315.0,0.25
2025-08-21 04:00:00,28.3,3.6,280.0,
2025-08-21 05:00:00,28.3,3.1,644.5,
2025-08-21 06:00:00,28.05,3.35,305.0,0.5
2025-08-21 07:00:00,26.7,3.6,320.0,
2025-08-21 08:00:00,26.7,3.6,320.0,
2025-08-21 09:00:00,26.4,3.1,330.0,0.125
2025-08-21 10:00:00,25.6,2.6,340.0,
2025-08-21 11:00:00,25.6,3.1,330.0,
2025-08-21 12:00:00,25.85,3.1,345.0,0.25
2025-08-21 13:00:00,27.8,2.6,30.0,
2025-08-21 14:00:00,30.0,2.6,360.0,
2025-08-21 15:00:00,30.85,3.5999999999999996,360.0,0.25
2025-08-21 16:00:00,33.3,1.5,999.0,
2025-08-21 17:00:00,34.4,3.6,40.0,
2025-08-21 18:00:00,34.4,4.35,25.0,0.5
2025-08-21 19:00:00,34.4,3.1,60.0,
2025-08-21 20:00:00,36.1,5.1,10.0,
2025-08-21 21:00:00,36.1,4.6,35.0,0.5
2025-08-21 22:00:00,35.0,4.6,60.0,
2025-08-21 23:00:00,34.15,6.7,45.0,
2025-08-22 00:00:00,32.96666666666667,4.466666666666667,103.33333333333333,0.5
2025-08-22 01:00:00,31.1,2.1,230.0,
2025-08-22 02:00:00,30.6,1.5,130.0,
2025-08-22 03:00:00,30.0,1.5,145.0,0.75
2025-08-22 04:00:00,29.4,2.1,220.0,
2025-08-22 05:00:00,28.3,1.5,619.5,
2025-08-22 06:00:00,28.05,0.75,619.5,0.5
2025-08-22 07:00:00,28.3,0.0,999.0,
2025-08-22 08:00:00,28.3,0.0,999.0,
2025-08-22 09:00:00,27.75,0.0,999.0,1.0
2025-08-22 10:00:00,27.2,2.1,190.0,
2025-08-22 11:00:00,26.7,3.6,50.0,
2025-08-22 12:00:00,26.95,3.1,40.0,0.75
2025-08-22 13:00:00,26.7,3.6,300.0,
2025-08-22 14:00:00,27.2,2.6,999.0,
2025-08-22 15:00:00,27.75,2.85,609.5,0.75
2025-08-22 16:00:00,30.6,0.0,999.0,
2025-08-22 17:00:00,31.7,1.5,320.0,
2025-08-22 18:00:00,32.25,2.3,305.0,0.75
2025-08-22 19:00:00,34.4,3.6,360.0,
2025-08-22 20:00:00,34.4,2.6,999.0,
2025-08-22 21:00:00,34.7,3.5999999999999996,534.5,0.5
2025-08-22 22:00:00,33.9,3.6,110.0,
2025-08-22 23:00:00,33.3,3.6,120.0,
2025-08-23 00:00:00,32.5,3.1,130.0,0.5
2025-08-23 01:00:00,30.6,2.6,150.0,
2025-08-23 02:00:00,29.4,2.1,160.0,
2025-08-23 03:00:00,29.15,1.05,579.5,0.5
2025-08-23 04:00:00,27.2,0.0,999.0,
2025-08-23 05:00:00,27.2,1.5,579.5,
2025-08-23 06:00:00,27.2,2.8,190.0,0.25
2025-08-23 07:00:00,27.2,3.1,240.0,
2025-08-23 08:00:00,26.1,3.1,190.0,
2025-08-23 09:00:00,25.55,2.85,210.0,0.25
2025-08-23 10:00:00,23.9,2.6,190.0,
2025-08-23 11:00:00,25.0,1.5,260.0,
2025-08-23 12:00:00,25.85,1.5,295.0,0.25
2025-08-23 13:00:00,28.3,2.6,350.0,
2025-08-23 14:00:00,30.6,3.1,300.0,
2025-08-23 15:00:00,31.7,3.1,649.5,0.25
2025-08-23 16:00:00,33.3,3.1,350.0,
2025-08-23 17:00:00,33.9,5.1,340.0,
2025-08-23 18:00:00,34.833333333333336,6.0,126.66666666666667,0.5
2025-08-23 19:00:00,35.6,5.1,20.0,
2025-08-23 20:00:00,35.6,5.1,30.0,
2025-08-23 21:00:00,35.3,5.1,35.0,0.25
2025-08-23 22:00:00,34.4,4.6,20.0,
2025-08-23 23:00:00,33.9,5.7,10.0,
2025-08-24 00:00:00,33.05,4.65,25.0,0.125
2025-08-24 01:00:00,30.0,3.1,20.0,
2025-08-24 02:00:00,29.4,3.1,20.0,
2025-08-24 03:00:00,28.9,2.1,10.0,
2025-08-24 04:00:00,28.3,1.5,20.0,0.0
2025-08-24 05:00:00,28.3,4.1,509.5,0.0
2025-08-24 06:00:00,27.5,3.3499999999999996,20.0,0.0
2025-08-24 07:00:00,26.1,2.6,10.0,0.0
2025-08-24 08:00:00,26.1,3.1,10.0,
2025-08-24 09:00:00,25.85,3.1,180.0,0.25
2025-08-24 10:00:00,24.4,3.1,10.0,
2025-08-24 11:00:00,24.4,2.6,340.0,
2025-08-24 12:00:00,25.0,2.6,340.0,0.25
2025-08-24 13:00:00,27.2,3.6,10.0,
2025-08-24 14:00:00,28.9,2.6,360.0,
2025-08-24 15:00:00,29.75,1.3,679.5,0.25
2025-08-24 16:00:00,32.8,2.6,330.0,
2025-08-24 17:00:00,34.4,2.6,999.0,
2025-08-24 18:00:00,34.7,1.3,999.0,0.25
2025-08-24 19:00:00,36.1,3.6,10.0,
2025-08-24 20:00:00,36.1,3.1,999.0,
2025-08-24 21:00:00,35.85,3.1,549.5,0.75
2025-08-24 22:00:00,35.6,2.1,80.0,
2025-08-24 23:00:00,35.0,2.6,130.0,
2025-08-25 00:00:00,33.3,3.1,120.0,
2025-08-25 01:00:00,31.7,2.6,150.0,
2025-08-25 02:00:00,31.7,4.1,160.0,
2025-08-25 03:00:00,30.0,2.6,170.0,
2025-08-25 04:00:00,28.9,3.1,180.0,
2025-08-25 05:00:00,27.8,2.6,589.5,
2025-08-25 06:00:00,27.2,3.1,170.0,
2025-08-25 07:00:00,26.7,1.5,160.0,
2025-08-25 08:00:00,26.7,3.1,170.0,
2025-08-25 09:00:00,26.7,2.6,190.0,
2025-08-25 10:00:00,25.0,3.1,180.0,
2025-08-25 11:00:00,25.6,2.6,180.0,
2025-08-25 12:00:00,26.1,4.1,200.0,
2025-08-25 13:00:00,28.3,3.1,200.0,
2025-08-25 14:00:00,30.0,4.6,190.0,
2025-08-25 15:00:00,32.2,5.1,170.0,
2025-08-25 16:00:00,33.9,5.7,170.0,
2025-08-25 17:00:00,35.0,6.7,170.0,
2025-08-25 18:00:00,35.0,4.1,170.0,
2025-08-25 19:00:00,35.0,3.6,120.0,
2025-08-25 20:00:00,35.6,2.6,160.0,
2025-08-25 21:00:00,36.1,3.1,210.0,
2025-08-25 22:00:00,35.6,3.6,180.0,
2025-08-25 23:00:00,34.4,6.2,140.0,
2025-08-26 00:00:00,32.8,5.1,130.0,
2025-08-26 01:00:00,31.7,4.1,130.0,
2025-08-26 02:00:00,31.7,5.1,140.0,
2025-08-26 03:00:00,31.1,3.1,130.0,
2025-08-26 04:00:00,30.0,3.6,30.0,
2025-08-26 05:00:00,28.9,4.1,519.5,
2025-08-26 06:00:00,27.2,4.6,40.0,
2025-08-26 07:00:00,26.7,3.6,60.0,
2025-08-26 08:00:00,26.1,4.6,40.0,
2025-08-26 09:00:00,25.0,4.6,50.0,
2025-08-26 10:00:00,24.4,4.1,50.0,
2025-08-26 11:00:00,23.9,4.1,80.0,
2025-08-26 12:00:00,24.4,3.6,60.0,
2025-08-26 13:00:00,24.4,4.6,80.0,
2025-08-26 14:00:00,25.0,5.1,60.0,
2025-08-26 15:00:00,26.7,4.6,110.0,
2025-08-26 16:00:00,27.8,4.1,100.0,
2025-08-26 17:00:00,28.9,4.1,80.0,
2025-08-26 18:00:00,30.0,5.7,50.0,
2025-08-26 19:00:00,30.0,3.6,80.0,
2025-08-26 20:00:00,30.0,3.6,100.0,
2025-08-26 21:00:00,30.6,3.6,80.0,
2025-08-26 22:00:00,30.0,7.2,70.0,
2025-08-26 23:00:00,28.9,5.7,70.0,
2025-08-27 00:00:00,27.2,4.6,60.0,
2025-08-27 01:00:00,25.6,4.6,70.0,
2025-08-27 02:00:00,25.0,5.1,60.0,
2025-08-27 03:00:00,24.4,4.1,60.0,
2025-08-27 04:00:00,23.9,5.7,60.0,
2025-08-27 05:00:00,,,999.0,
