datetime,ERCOT.LOAD,ERCOT.PVGR.GEN,ERCOT.WIND.GEN,NET_LOAD,scenario
2025-01-01 00:00:00,44715.45590277778,1.0552663627266885,13285.939850260416,31428.46078615464,senario_A
2025-01-01 01:00:00,44110.29101128472,1.0872583060463268,14369.247057291666,29739.956695687004,senario_A
2025-01-01 02:00:00,43795.57606987847,1.1151368721326191,14888.718368055555,28905.742564950786,senario_A
2025-01-01 03:00:00,43630.22015625,1.1136441656947136,15306.719254557293,28322.387257527014,senario_A
2025-01-01 04:00:00,43519.32366753472,1.129319120546182,15025.925239800346,28492.26910861383,senario_A
2025-01-01 05:00:00,43405.02808159722,1.1416172352433205,14533.832936197916,28870.053528164066,senario_A
2025-01-01 06:00:00,44283.52310763889,1.142005668481191,13816.766783854167,30465.61431811624,senario_A
2025-01-01 07:00:00,45377.646536458335,1.1525999487439793,13888.115163845488,31488.378772664102,senario_A
2025-01-01 08:00:00,46309.21947482639,638.412079433898,12594.33648654514,33076.47090884735,senario_A
2025-01-01 09:00:00,46825.202855902775,11433.077904459635,9984.72621202257,25407.39873942057,senario_A
2025-01-01 10:00:00,47131.74827256944,24957.351516927083,7872.005112847222,14302.391642795137,senario_A
2025-01-01 11:00:00,47276.67506944444,27906.19248372396,7717.370464952257,11653.112120768224,senario_A
2025-01-01 12:00:00,46524.09295572917,27726.805738932293,6782.058583984375,12015.2286328125,senario_A
2025-01-01 13:00:00,45351.827879774304,26850.78975911458,5886.002196180556,12615.035924479167,senario_A
2025-01-01 14:00:00,44939.30490451389,27218.531653645834,5309.832826605903,12410.940424262153,senario_A
2025-01-01 15:00:00,44680.55547309028,27493.297932942714,4986.361904839409,12200.895635308156,senario_A
2025-01-01 16:00:00,44216.28831163194,26376.38679361979,5057.003190104167,12782.898327907988,senario_A
2025-01-01 17:00:00,44620.3129969618,15712.646377766927,5274.000495334201,23633.666123860676,senario_A
2025-01-01 18:00:00,46518.09880859375,1871.5153083270789,4729.073768988716,39917.509731277954,senario_A
2025-01-01 19:00:00,47753.3267686632,1.1068715357283752,4772.094882269966,42980.12501485751,senario_A
2025-01-01 20:00:00,47792.99050998264,1.1013914794723194,5709.3115028211805,42082.577615681985,senario_A
2025-01-01 21:00:00,48766.12856119792,1.0999001075824102,7623.351590169271,41141.67707092106,senario_A
2025-01-01 22:00:00,48667.33704210069,1.0537001160780588,9275.565049913195,39390.71829207142,senario_A
2025-01-01 23:00:00,47113.08603298611,1.0903158909082413,11967.43841796875,35144.557299126456,senario_A
2025-01-02 00:00:00,46362.64152560764,1.0376528626680375,15692.78075846354,30668.82311428144,senario_A
2025-01-02 01:00:00,45550.05586588541,1.078488692144553,17267.3892578125,28281.588119380765,senario_A
2025-01-02 02:00:00,45394.30384114583,1.1122338780760765,18284.72212890625,27108.469478361505,senario_A
2025-01-02 03:00:00,45395.90789279514,1.1499886389573415,18311.009993489584,27083.7479106666,senario_A
2025-01-02 04:00:00,45376.76631076389,1.1834674566984176,18025.171707899302,27350.411135407885,senario_A
2025-01-02 05:00:00,45860.45716145833,1.1849559477965037,18046.707955729165,27812.564249781368,senario_A
2025-01-02 06:00:00,47439.95216579861,1.1782567653059959,18228.73523220486,29210.038676828444,senario_A
2025-01-02 07:00:00,49699.50082465278,1.1811637549599012,17476.632897135416,32221.686763762402,senario_A
2025-01-02 08:00:00,51557.37722873264,254.9030804069837,17131.33129123264,34171.142857093015,senario_A
2025-01-02 09:00:00,52250.06522135417,6652.455032552083,15990.57199652778,29607.038192274304,senario_A
2025-01-02 10:00:00,51780.594418402776,16185.776376953123,12237.01605685764,23357.801984592013,senario_A
2025-01-02 11:00:00,51181.53367404514,18560.25943359375,8750.644583875868,23870.62965657552,senario_A
2025-01-02 12:00:00,49727.29762152778,19003.869798177082,6926.667039930556,23796.760783420144,senario_A
2025-01-02 13:00:00,48729.688016493055,18501.525595703126,5714.101431749132,24514.060989040798,senario_A
2025-01-02 14:00:00,48393.99588975695,18094.239956054687,4469.236771918403,25830.51916178386,senario_A
2025-01-02 15:00:00,48379.72066297743,18679.313633626305,3344.037799004449,26356.369230346674,senario_A
2025-01-02 16:00:00,48248.47112196181,17292.94578450521,2573.025066189236,28382.500271267367,senario_A
2025-01-02 17:00:00,47809.08519097222,11451.26046101888,2465.894787055121,33891.92994289822,senario_A
2025-01-02 18:00:00,48772.296942274304,1793.8577232116459,2521.0441748046874,44457.39504425797,senario_A
2025-01-02 19:00:00,49700.18971788194,0.8923937208453814,2970.28855061849,46729.008773542606,senario_A
2025-01-02 20:00:00,49366.86644097222,0.9102561451991399,3935.933928493924,45430.02225633309,senario_A
2025-01-02 21:00:00,49298.23922526042,0.9241094907124837,5438.336599934896,43858.97851583481,senario_A
2025-01-02 22:00:00,48438.62151041667,1.0934123217066127,6867.53150390625,41569.99659418871,senario_A
2025-01-02 23:00:00,47135.22495225695,1.1061274207631746,7289.968044704861,39844.15078013133,senario_A
2025-01-03 00:00:00,45990.13499565972,1.134964026212692,7745.123811848958,38243.87621978455,senario_A
2025-01-03 01:00:00,44875.49760850694,1.1787705716490746,7432.95431749132,37441.364520443974,senario_A
2025-01-03 02:00:00,44433.79814236111,1.1848652623097102,7683.517667643229,36749.09560945557,senario_A
2025-01-03 03:00:00,44197.93671440972,1.2027241213123003,7914.694414605035,36282.03957568337,senario_A
2025-01-03 04:00:00,43462.67898220486,1.2012305482228598,7260.699101019965,36200.778650636676,senario_A
2025-01-03 05:00:00,43610.46458984375,1.2111064344644547,7256.85208984375,36352.40139356554,senario_A
2025-01-03 06:00:00,44980.05056640625,1.2329062873125076,7604.726429036458,37374.09123108248,senario_A
2025-01-03 07:00:00,47089.93203559028,1.2344605219364166,7324.605509440104,39764.09206562825,senario_A
2025-01-03 08:00:00,48711.235460069445,177.2434539157152,6663.368784722222,41870.6232214315,senario_A
2025-01-03 09:00:00,49172.94039930555,5610.979962056478,5281.246398383247,38280.71403886582,senario_A
2025-01-03 10:00:00,48993.65819878472,15648.705681966143,2643.064640570746,30701.887876247827,senario_A
2025-01-03 11:00:00,48481.67735677084,19454.94857910156,1712.53730726454,27314.191470404734,senario_A
2025-01-03 12:00:00,48173.20431640625,20136.038946940105,2191.593228624132,25845.57214084201,senario_A
2025-01-03 13:00:00,47610.192786458334,20222.648079427083,3177.3939523654512,24210.1507546658,senario_A
2025-01-03 14:00:00,47300.19924804688,21192.28228881836,4580.750128173828,21527.166831054696,senario_A
2025-01-03 15:00:00,47800.2550889757,21910.84177775065,5597.55974351671,20291.853567708335,senario_A
2025-01-03 16:00:00,47008.606545138886,21602.22050292969,6384.131649305556,19022.25439290364,senario_A
2025-01-03 17:00:00,46633.58192057291,12954.04339518229,7128.320122612848,26551.218402777773,senario_A
2025-01-03 18:00:00,47398.959375,1809.8934802226227,7593.082298177083,37995.983596600294,senario_A
2025-01-03 19:00:00,48412.98005208333,0.9094650126000245,9684.767432725694,38727.303154345034,senario_A
2025-01-03 20:00:00,48113.37448350695,0.762513566960891,12723.41297309028,35389.198996849715,senario_A
2025-01-03 21:00:00,47474.54240885417,0.7537135131657123,16111.765010850697,31362.02368449031,senario_A
2025-01-03 22:00:00,46733.0188671875,0.8026160271962484,18657.93931640625,28074.276934754052,senario_A
2025-01-03 23:00:00,45540.46825954861,0.9215314708650113,19481.3740234375,26058.172704640245,senario_A
2025-01-04 00:00:00,43921.96764756944,0.9192491295933725,19664.720690104168,24256.327708335684,senario_A
2025-01-04 01:00:00,42416.06562065972,0.9320681001742681,19492.481510416663,22922.65204214288,senario_A
2025-01-04 02:00:00,41482.16644097222,0.934010190963745,18953.571905381945,22527.660525399315,senario_A
2025-01-04 03:00:00,40587.37734809028,0.9550870938102405,18785.15016059028,21801.27210040619,senario_A
2025-01-04 04:00:00,39950.46718315972,0.9937455842892329,18154.74513671875,21794.728300856685,senario_A
2025-01-04 05:00:00,39872.39961371528,1.0473892630139985,17642.68393880208,22228.668285650187,senario_A
2025-01-04 06:00:00,40526.82232638889,1.0580604707201322,17467.347057291667,23058.4172086265,senario_A
2025-01-04 07:00:00,41419.8406640625,1.0200909833113352,17846.251592881945,23572.568980197244,senario_A
2025-01-04 08:00:00,42556.58256944444,121.40726751675209,18609.132371961805,23826.042929965883,senario_A
2025-01-04 09:00:00,43872.11922743056,2494.939816945394,19096.995959201387,22280.183451283778,senario_A
2025-01-04 10:00:00,45653.42283420139,8098.593612467448,19349.12628472222,18205.70293701172,senario_A
2025-01-04 11:00:00,47437.07758897569,11281.457357584635,20319.68616753472,15835.934063856334,senario_A
2025-01-04 12:00:00,48216.54362413195,10527.526997884115,22396.874205729167,15292.142420518663,senario_A
2025-01-04 13:00:00,47754.8225,8940.998736165366,22956.96865234375,15856.855111490884,senario_A
2025-01-04 14:00:00,47804.523984375,8468.152337239582,23391.24990451389,15945.12174262153,senario_A
2025-01-04 15:00:00,47292.59385416667,7096.183624674481,23919.704283854167,16276.705945638023,senario_A
2025-01-04 16:00:00,46959.48465277778,5450.803919270834,24412.85824652778,17095.822486979167,senario_A
2025-01-04 17:00:00,46813.97252604167,4248.785085449219,24697.937654079866,17867.24978651258,senario_A
2025-01-04 18:00:00,47531.81731770833,1221.4074587376913,26715.51715494792,19594.89270402272,senario_A
2025-01-04 19:00:00,48503.72807725694,2.280027624666691,27777.84080295139,20723.60724668089,senario_A
2025-01-04 20:00:00,48127.58327256944,1.8796407342950503,28043.415355902776,20082.28827593237,senario_A
2025-01-04 21:00:00,47444.41449652778,1.6716651299595833,27876.82366753472,19565.919163863102,senario_A
2025-01-04 22:00:00,46659.250772569445,1.3155752567450205,27126.033645833333,19531.901551479365,senario_A
2025-01-04 23:00:00,45362.50529947917,0.9965141868591307,25854.801649305555,19506.707135986755,senario_A
2025-01-05 00:00:00,43927.39953125,0.972498085697492,24419.06939236111,19507.357640803188,senario_A
2025-01-05 01:00:00,42120.36916666666,1.0105730164051057,23002.43828776042,19116.92030588983,senario_A
2025-01-05 02:00:00,41119.64821397569,0.9353075296680133,22315.105926649307,18803.606979796717,senario_A
2025-01-05 03:00:00,40264.82927517361,0.9111756413181623,21441.672647569445,18822.245451962845,senario_A
2025-01-05 04:00:00,39739.02673611111,1.02173555235068,20871.93226128472,18866.07273927404,senario_A
2025-01-05 05:00:00,39210.3295703125,1.015801362792651,20281.72208767361,18927.59168127609,senario_A
2025-01-05 06:00:00,39475.8401953125,1.0149611277381578,20409.283726128477,19065.541508056285,senario_A
2025-01-05 07:00:00,40529.32897569444,0.9574080974857013,21375.44199435764,19152.92957323932,senario_A
2025-01-05 08:00:00,41422.1105078125,111.2913515595595,21870.91082682292,19439.908329430018,senario_A
2025-01-05 09:00:00,43161.06908420139,2798.550536499024,21643.1187890625,18719.399758639862,senario_A
2025-01-05 10:00:00,44985.488038194446,5130.95313313802,22059.82070529514,17794.714199761285,senario_A
2025-01-05 11:00:00,46170.24394965278,7193.986818847657,21898.25091796875,17078.006212836375,senario_A
2025-01-05 12:00:00,46961.92867621528,8839.493854166667,21587.045577256944,16535.38924479167,senario_A
2025-01-05 13:00:00,48036.31220486111,10547.794106445312,21376.26751736111,16112.25058105469,senario_A
2025-01-05 14:00:00,48663.21449652778,11855.33259765625,20603.490006510416,16204.391892361113,senario_A
2025-01-05 15:00:00,49092.414105902775,11999.546553548178,19984.98658203125,17107.880970323346,senario_A
2025-01-05 16:00:00,49435.511273871525,11247.510013020834,20268.09591579861,17919.905345052084,senario_A
2025-01-05 17:00:00,50143.737139756944,8322.493446858723,21856.422404513887,19964.821288384333,senario_A
2025-01-05 18:00:00,52496.85119357639,2030.6933092673619,24371.08840060764,26095.069483701383,senario_A
2025-01-05 19:00:00,55353.88163628472,1.612312544286251,24226.52164496528,31125.74767877516,senario_A
2025-01-05 20:00:00,56573.71661892361,1.357194002866745,25367.98848524305,31204.370939677694,senario_A
2025-01-05 21:00:00,57199.03017795139,1.394447690049807,26360.370164930555,30837.265565330785,senario_A
2025-01-05 22:00:00,57428.73270833334,1.1018257841467858,26807.745028211804,30619.885854337383,senario_A
2025-01-05 23:00:00,56624.42126302084,1.021144299109777,24952.139659288197,31671.26045943353,senario_A
2025-01-06 00:00:00,55994.71570746528,0.936110854546229,22759.19915581597,33234.58044079476,senario_A
2025-01-06 01:00:00,55583.99936631945,0.8910052935282389,21235.177371961807,34347.93098906411,senario_A
2025-01-06 02:00:00,55613.284296875,0.8763440828025341,20008.69036675347,35603.71758603872,senario_A
2025-01-06 03:00:00,55844.87998697917,0.8715963302552701,18135.18548611111,37708.82290453781,senario_A
2025-01-06 04:00:00,56736.15983506945,0.8841357026497523,17116.723739149307,39618.55196021749,senario_A
2025-01-06 05:00:00,58571.31987196181,1.0683320438861847,16618.7724609375,41951.479078980425,senario_A
2025-01-06 06:00:00,61357.59268446181,1.046409755150477,15906.14375108507,45450.40252362158,senario_A
2025-01-06 07:00:00,65329.80832899306,1.0669600228468576,15742.78607313368,49585.955295836524,senario_A
2025-01-06 08:00:00,67859.38311631944,659.9834723728895,14410.432432725696,52788.96721122086,senario_A
2025-01-06 09:00:00,68063.06128472222,13347.863947347007,11909.970789930556,42805.226547444654,senario_A
2025-01-06 10:00:00,67162.37912326389,29061.871946614578,10239.926121961806,27860.581054687507,senario_A
2025-01-06 11:00:00,65019.78586371528,31437.96662109375,7799.776944986979,25782.04229763455,senario_A
2025-01-06 12:00:00,63076.47179470486,30084.23001302083,6152.437160915799,26839.804620768235,senario_A
2025-01-06 13:00:00,60609.96362847222,28625.92896484375,5356.2169580078125,26627.81770562066,senario_A
2025-01-06 14:00:00,59045.87691623264,28456.601503906255,4627.441374240451,25961.834038085937,senario_A
2025-01-06 15:00:00,57368.63071614583,28341.136777343752,3985.580469292535,25041.913469509545,senario_A
2025-01-06 16:00:00,56301.43033420139,27942.54164388021,3634.92719780816,24723.96149251302,senario_A
2025-01-06 17:00:00,56770.73025607639,17314.2252742513,3611.8671476236977,35844.63783420139,senario_A
2025-01-06 18:00:00,59283.30420138889,2102.047664978504,3881.959647081163,53299.29688932923,senario_A
2025-01-06 19:00:00,62673.111707899305,1.050333855524659,5152.0245328776045,57520.03684116617,senario_A
2025-01-06 20:00:00,63876.96954861111,0.7054259434342383,6688.380246853299,57187.883875814376,senario_A
2025-01-06 21:00:00,64172.16722873264,0.7246208532651266,7680.710964084202,56490.73164379517,senario_A
2025-01-06 22:00:00,63606.72426215278,0.7456854258974392,7816.252969835069,55789.72560689181,senario_A
2025-01-06 23:00:00,61993.71366536459,0.769456050445636,8519.605923394098,53473.33828592004,senario_A
2025-01-07 00:00:00,61111.99861545139,0.7593357069293658,8814.730007595486,52296.50927214898,senario_A
2025-01-07 01:00:00,59885.56013454861,0.7718611448009809,8577.01484266493,51307.773430738875,senario_A
2025-01-07 02:00:00,59316.890844184025,0.7691707256436349,8196.659281141494,51119.462392316884,senario_A
2025-01-07 03:00:00,59152.98112413195,0.8533557951947054,8066.232765842014,51085.89500249474,senario_A
2025-01-07 04:00:00,59638.1194921875,0.7881151687602201,7581.303781467014,52056.02759555172,senario_A
2025-01-07 05:00:00,61174.300505642364,0.7917035308976967,7407.911012369792,53765.597789741674,senario_A
2025-01-07 06:00:00,63865.97073567708,0.8334522063036759,8210.765770399306,55654.37151307147,senario_A
2025-01-07 07:00:00,67598.56618489583,0.7983211582402389,8521.553324110244,59076.21453962733,senario_A
2025-01-07 08:00:00,68943.63319878472,598.4614029244582,8767.16982747396,59578.00196838631,senario_A
2025-01-07 09:00:00,67944.51736328125,10855.586901448567,7461.646625434028,49627.28383639866,senario_A
2025-01-07 10:00:00,66282.61555555556,24518.215745442707,6157.633456488716,35606.76635362414,senario_A
2025-01-07 11:00:00,63598.31657552083,28819.01892252604,5411.712772894965,29367.58488009983,senario_A
2025-01-07 12:00:00,60972.96939236111,27847.597819010414,5067.145763346354,28058.225810004344,senario_A
2025-01-07 13:00:00,58921.77090060764,26859.175657552085,5340.433214518229,26722.16202853733,senario_A
2025-01-07 14:00:00,58019.30119357639,26286.73069986979,6362.52996202257,25370.040531684033,senario_A
2025-01-07 15:00:00,57270.99732204861,25704.448304036458,7795.747190212674,23770.80182779948,senario_A
2025-01-07 16:00:00,56091.905125868056,23587.83802408854,9281.134847547744,23222.932254231768,senario_A
2025-01-07 17:00:00,56532.93853298611,13522.321750488283,11900.336558159725,31110.2802243381,senario_A
2025-01-07 18:00:00,59578.18392578125,1685.5907192802429,12753.49386935764,45139.09933714337,senario_A
2025-01-07 19:00:00,62660.79697482639,1.6745305728912354,12948.5940625,49710.5283817535,senario_A
2025-01-07 20:00:00,63467.61811631944,0.9420020721852779,14153.26939670139,49313.40671754586,senario_A
2025-01-07 21:00:00,63453.469210069445,0.9004318543275196,14536.123444010416,48916.4453342047,senario_A
2025-01-07 22:00:00,62584.35014322917,0.9134915346900623,14744.440902777778,47838.9957489167,senario_A
2025-01-07 23:00:00,60547.22205729166,0.8895258719225725,14733.10646484375,45813.226066576,senario_A
2025-01-08 00:00:00,58959.85379448785,0.859284755413731,14721.434184027778,44237.56032570465,senario_A
2025-01-08 01:00:00,58099.98388454861,0.8931712458531063,14266.653978949653,43832.436734353105,senario_A
2025-01-08 02:00:00,57934.71243489583,0.9139410442113876,13972.540032552084,43961.258461299534,senario_A
2025-01-08 03:00:00,57543.839600694446,0.8772430374224981,14116.932772352431,43426.02958530459,senario_A
2025-01-08 04:00:00,58150.32687934028,0.9181213448941707,14462.801813151042,43686.606944844345,senario_A
2025-01-08 05:00:00,59291.64083333333,0.9106053135792413,14414.761303168403,44875.96892485135,senario_A
2025-01-08 06:00:00,61957.596338975694,0.8716571762164433,13432.980628255207,48523.744053544266,senario_A
2025-01-08 07:00:00,65879.23846354167,0.8731916887561479,12306.53015407986,53571.835117773044,senario_A
2025-01-08 08:00:00,67539.4243923611,233.75332280640802,10362.222982855905,56943.44808669879,senario_A
2025-01-08 09:00:00,67376.17684027778,5173.567029418946,8991.917485894097,53210.69232496474,senario_A
2025-01-08 10:00:00,66880.29097222222,12049.712438964845,7773.525622287327,47057.05291097005,senario_A
2025-01-08 11:00:00,65568.0755295139,14751.340532226564,6034.1902273220485,44782.54476996529,senario_A
2025-01-08 12:00:00,63967.41695746528,16157.44307291667,5379.549293077257,42430.42459147135,senario_A
2025-01-08 13:00:00,62524.56344184028,16770.54521158854,4751.242137044271,41002.77609320747,senario_A
2025-01-08 14:00:00,61780.58412760417,16861.796160481772,4298.503462727865,40620.28450439453,senario_A
2025-01-08 15:00:00,60788.94780815972,15895.758058268233,3805.2476790364585,41087.942070855024,senario_A
2025-01-08 16:00:00,61278.2286328125,13190.908966471354,3547.36586452908,44539.953801812066,senario_A
2025-01-08 17:00:00,60324.19805555556,7183.945162760418,3521.559517415365,49618.69337537977,senario_A
2025-01-08 18:00:00,62314.46517795139,796.915049511989,3878.849165581597,57638.7009628578,senario_A
2025-01-08 19:00:00,64726.484010416665,0.5991340322295825,4474.785994194878,60251.09888218956,senario_A
2025-01-08 20:00:00,64958.31248263889,0.7786681861678759,4937.969898546007,60019.563915906714,senario_A
2025-01-08 21:00:00,64345.01673177083,0.7853332512577376,4844.087071397569,59500.144327122005,senario_A
2025-01-08 22:00:00,63244.56568576389,0.7951849647859732,5938.270509982639,57305.49999081646,senario_A
2025-01-08 23:00:00,61295.29695746528,0.8234911092619102,6682.015217556424,54612.4582487996,senario_A
2025-01-09 00:00:00,59461.255078125,0.8944666326542694,7398.775462782118,52061.585148710226,senario_A
2025-01-09 01:00:00,58362.86870659722,0.8928106900056203,7714.087029622396,50647.88886628482,senario_A
2025-01-09 02:00:00,57308.71496961806,0.8697758608063062,7335.522316080729,49972.322877676525,senario_A
2025-01-09 03:00:00,56862.234956597225,0.8915429519613584,6671.851874457465,50189.4915391878,senario_A
2025-01-09 04:00:00,56686.56704861111,0.8857827685276667,6212.685361328125,50472.99590451446,senario_A
2025-01-09 05:00:00,57186.02610243056,0.8888372068603834,5930.938906792535,51254.19835843116,senario_A
2025-01-09 06:00:00,58440.32703559028,0.9045622771978379,4836.319438476563,53603.10303483652,senario_A
2025-01-09 07:00:00,61104.98148871528,0.929879866639773,3618.776062825521,57485.27554602312,senario_A
2025-01-09 08:00:00,62783.73100694444,49.82358328094085,3071.0930390082467,59662.814384655256,senario_A
2025-01-09 09:00:00,63382.42641059028,1068.7493304189047,3020.500040147569,59293.1770400238,senario_A
2025-01-09 10:00:00,64844.992743055554,3749.6062477620444,3679.448356933594,57415.93813835992,senario_A
2025-01-09 11:00:00,66288.9542578125,5824.422212320964,4562.299332682292,55902.232712809244,senario_A
2025-01-09 12:00:00,66360.69588541667,7442.457513020834,4720.8772992621525,54197.36107313369,senario_A
2025-01-09 13:00:00,65648.886640625,7329.558060709635,4356.355329589844,53962.97325032552,senario_A
2025-01-09 14:00:00,65711.84499131945,5945.565997314453,4783.6143386501735,54982.66465535483,senario_A
2025-01-09 15:00:00,65771.44638020833,5339.135419921875,5101.242143554688,55331.06881673177,senario_A
2025-01-09 16:00:00,66224.47899305556,4020.002949625651,6154.277297092014,56050.19874633789,senario_A
2025-01-09 17:00:00,66823.31810763889,2687.3959712727865,7205.374996744792,56930.5471396213,senario_A
2025-01-09 18:00:00,67989.39013020834,637.605877565543,8213.327222764758,59138.457029878045,senario_A
2025-01-09 19:00:00,68382.74644097222,0.9694911858439446,8635.27695203993,59746.49999774645,senario_A
2025-01-09 20:00:00,67940.00686631944,0.8496912537018457,10122.99974283854,57816.15743222719,senario_A
2025-01-09 21:00:00,66903.38245659722,0.8219667828579744,10981.78607313368,55920.77441668068,senario_A
2025-01-09 22:00:00,65398.21092881945,0.8611785145103932,9994.675222439237,55402.6745278657,senario_A
2025-01-09 23:00:00,63284.79765190972,0.8483294771114985,10322.944486762151,52961.00483567046,senario_A
2025-01-10 00:00:00,61303.15923611111,0.8710496620337169,12166.602606336806,49135.68558011227,senario_A
2025-01-10 01:00:00,60112.39165798611,0.8863160282373428,14380.135376519098,45731.369965438775,senario_A
2025-01-10 02:00:00,59446.91034722222,0.887047589123249,16129.253134765626,43316.77016486747,senario_A
2025-01-10 03:00:00,58906.837230902776,0.897788281540076,17566.401573350693,41339.53786927054,senario_A
2025-01-10 04:00:00,58856.34398871528,0.8925330226620038,19331.84160373264,39523.60985195998,senario_A
2025-01-10 05:00:00,59578.40265190973,0.9130043611923855,20425.1396484375,39152.34999911104,senario_A
2025-01-10 06:00:00,61706.91238715278,1.0067870315909386,21504.721256510416,40201.184343610774,senario_A
2025-01-10 07:00:00,64702.39491753472,0.9487615608175595,22735.457018229168,41965.989137744735,senario_A
2025-01-10 08:00:00,66404.22956597223,96.16484463592371,23532.60571831597,42775.45900302034,senario_A
2025-01-10 09:00:00,66684.63028645833,3618.8878332519535,23272.65699869792,39793.08545450846,senario_A
2025-01-10 10:00:00,67010.27733506945,10378.675762532552,23110.62379123264,33520.97778130425,senario_A
2025-01-10 11:00:00,67014.97051215278,13666.526298828125,22476.055865885417,30872.38834743924,senario_A
2025-01-10 12:00:00,67179.39499131944,14978.028800455726,21882.2045030382,30319.161687825515,senario_A
2025-01-10 13:00:00,66377.9330295139,14810.047819010415,22380.09445529514,29187.790755208334,senario_A
2025-01-10 14:00:00,65873.4671310764,13802.796095377606,22784.856475694443,29285.814560004346,senario_A
2025-01-10 15:00:00,65223.27375868055,14101.232801106775,22192.364735243056,28929.676222330723,senario_A
2025-01-10 16:00:00,64254.106024305554,15821.511508789063,19401.12426649305,29031.470249023445,senario_A
2025-01-10 17:00:00,63134.60673177084,13257.636686197919,16137.609077690971,33739.36096788195,senario_A
2025-01-10 18:00:00,64306.12323350694,2999.54839829127,12293.290965711803,49013.283869503866,senario_A
2025-01-10 19:00:00,65844.06369357639,3.6791049167017142,10791.523312717014,55048.86127594267,senario_A
2025-01-10 20:00:00,65313.65646701389,0.9239534033834933,11284.92535373264,54027.80715987786,senario_A
2025-01-10 21:00:00,65059.84867621528,0.9158921627203622,11417.933119574653,53640.99966447792,senario_A
2025-01-10 22:00:00,64472.163697916665,0.9275122780601184,11521.69963216146,52949.53655347714,senario_A
2025-01-10 23:00:00,63151.343355034725,0.9115529932578404,12006.682916666668,51143.74888537479,senario_A
2025-01-11 00:00:00,61858.32529079861,0.9070400270819665,13837.5208984375,48019.89735233403,senario_A
2025-01-11 01:00:00,61380.516284722224,0.9106373298168182,16361.099856770834,45018.505790621566,senario_A
2025-01-11 02:00:00,61267.33697482639,0.9251227694749832,18819.801575520836,42446.61027653607,senario_A
2025-01-11 03:00:00,61812.67664496528,0.9264438555637995,19967.179809027777,41844.570392081936,senario_A
2025-01-11 04:00:00,61820.96414496528,0.88315416097641,20779.715297309027,41040.365693495274,senario_A
2025-01-11 05:00:00,62648.78993055556,1.084977787733078,21586.258817274305,41061.44613549353,senario_A
2025-01-11 06:00:00,63786.47396701389,1.4081654970844586,22286.86259982639,41498.20320169041,senario_A
2025-01-11 07:00:00,65617.24474392361,1.3649716112017631,22231.960108506944,43383.91966380547,senario_A
2025-01-11 08:00:00,67243.71340277778,701.6818338627617,21854.727159288195,44687.30440962682,senario_A
2025-01-11 09:00:00,66657.71440972222,13244.448761393229,20960.050171440973,32453.215476888017,senario_A
2025-01-11 10:00:00,64195.78663628472,28188.70419921875,17688.033973524307,18319.04846354166,senario_A
2025-01-11 11:00:00,60924.50758680556,29595.224381510416,16531.95933919271,14797.323866102433,senario_A
2025-01-11 12:00:00,57823.18951388889,28027.152763671875,17197.847391493055,12598.189358723957,senario_A
2025-01-11 13:00:00,55362.76116753472,26391.76710611979,18035.068040364586,10935.926021050345,senario_A
2025-01-11 14:00:00,54187.44166232639,23916.321474609376,19253.378448350693,11017.74173936632,senario_A
2025-01-11 15:00:00,52908.12592013889,22305.377944335938,19320.087736545134,11282.660239257817,senario_A
2025-01-11 16:00:00,50912.246705729165,20779.329747721353,18791.430013020832,11341.48694498698,senario_A
2025-01-11 17:00:00,49879.12887586805,15779.313859049478,20158.520598958334,13941.294417860241,senario_A
2025-01-11 18:00:00,51582.3049609375,3738.1926700274157,21696.11791015625,26147.99438075384,senario_A
2025-01-11 19:00:00,54323.54912326389,4.236914885838827,22700.229075520838,31619.08313285721,senario_A
2025-01-11 20:00:00,55309.95330295139,0.9358336230119069,24509.623483072915,30799.39398625546,senario_A
2025-01-11 21:00:00,55741.28298611111,0.8824170804520448,25009.94482204861,30730.45574698205,senario_A
2025-01-11 22:00:00,55606.17026041666,0.8779845659434795,25305.02640407986,30300.26587177085,senario_A
2025-01-11 23:00:00,54730.46671006944,0.8374261322617531,24507.3525390625,30222.27674487468,senario_A
2025-01-12 00:00:00,53827.94486545139,0.8820029377937317,23607.873309461807,30219.189553051787,senario_A
2025-01-12 01:00:00,52712.92987413194,0.8795849828918776,21571.76342881945,31140.286860329605,senario_A
2025-01-12 02:00:00,52408.519127604166,0.8889274008075396,20847.417326388888,31560.212873814467,senario_A
2025-01-12 03:00:00,52898.54086805556,0.9115609562397003,21284.817923177085,31612.811383922235,senario_A
2025-01-12 04:00:00,52759.81136284722,0.9370844419797262,19173.05662109375,33585.81765731149,senario_A
2025-01-12 05:00:00,53042.10883680556,0.9861155326167743,19119.88845920139,33921.23426207155,senario_A
2025-01-12 06:00:00,53735.65332899305,0.9835660083095232,19093.59531467014,34641.0744483146,senario_A
2025-01-12 07:00:00,55107.966553819446,0.9914900517463683,19408.35631293403,35698.61875083367,senario_A
2025-01-12 08:00:00,56699.47111979167,382.07508035719394,19724.63142361111,36592.76461582337,senario_A
2025-01-12 09:00:00,57163.40602430556,9917.105826619467,17957.139098307292,29289.161099378798,senario_A
2025-01-12 10:00:00,55817.59111545139,22863.13072265625,13900.097105034722,19054.363287760418,senario_A
2025-01-12 11:00:00,54943.78369357639,24677.070869140625,15285.602234157986,14981.11059027778,senario_A
2025-01-12 12:00:00,54207.59706163195,24595.599109700517,15481.534126519096,14130.463825412333,senario_A
2025-01-12 13:00:00,52116.86625,24384.348634440103,14274.784700520831,13457.732915039065,senario_A
2025-01-12 14:00:00,50486.04013454861,25052.257744140625,12500.46543185764,12933.316958550346,senario_A
2025-01-12 15:00:00,49338.40501736111,25877.188473307295,11218.587367621529,12242.629176432287,senario_A
2025-01-12 16:00:00,48316.17429253472,24381.702210286458,10650.623819444443,13283.84826280382,senario_A
2025-01-12 17:00:00,48434.39552951389,17204.284891764324,10132.21847873264,21097.892159016923,senario_A
2025-01-12 18:00:00,50342.52521701389,2998.3239455159505,8498.946708984375,38845.25456251357,senario_A
2025-01-12 19:00:00,52609.81118055555,4.289007954895496,9226.759167751736,43378.76300484892,senario_A
2025-01-12 20:00:00,53112.32677083334,1.1280044521888097,12018.82884657118,41092.369919809964,senario_A
2025-01-12 21:00:00,53341.90256076389,1.1657972026864687,14593.536254340275,38747.20050922093,senario_A
2025-01-12 22:00:00,52594.57733940972,1.1760861911376317,15427.195366753473,37166.205886465104,senario_A
2025-01-12 23:00:00,51433.7062109375,1.203716264665127,15463.539126519096,35968.96336815374,senario_A
2025-01-13 00:00:00,49999.89662326389,1.205607779721419,15663.193528645834,34335.497486838336,senario_A
2025-01-13 01:00:00,50201.42016059028,1.245834376315276,16013.218401692708,34186.95592452126,senario_A
2025-01-13 02:00:00,50365.07558159722,1.2931346662839254,15742.11927517361,34621.66317175733,senario_A
2025-01-13 03:00:00,49919.41006944444,1.2399506053328513,15012.960938585067,34905.20918025404,senario_A
2025-01-13 04:00:00,50606.3502734375,1.231813087463379,13662.47994032118,36942.63852002886,senario_A
2025-01-13 05:00:00,52378.891236979165,1.2379279988010725,11779.14592013889,40598.50738884148,senario_A
2025-01-13 06:00:00,55429.97674479167,1.262400550941626,9995.86087890625,45432.853465334476,senario_A
2025-01-13 07:00:00,59937.952703993054,1.2522750034928323,9100.329949001736,50836.370479987825,senario_A
2025-01-13 08:00:00,61037.59330295139,692.7194601419568,8304.276993815105,52040.59684899433,senario_A
2025-01-13 09:00:00,60903.09083767361,11927.434597167969,7387.795668402778,41587.86057210287,senario_A
2025-01-13 10:00:00,59472.50301649306,26895.513881835934,6431.246934678819,26145.742199978304,senario_A
2025-01-13 11:00:00,56869.28377170139,29282.60537434896,5594.801115451389,21991.87728190104,senario_A
2025-01-13 12:00:00,54823.56259114584,28864.31384440104,5742.15421875,20217.0945279948,senario_A
2025-01-13 13:00:00,52912.323797743054,28743.088450520838,5885.744150390625,18283.491196831594,senario_A
2025-01-13 14:00:00,51655.573029513886,29301.84615234375,5623.995676540799,16729.731200629336,senario_A
2025-01-13 15:00:00,51258.51143663195,30278.281249999993,5287.056813693576,15693.173372938378,senario_A
2025-01-13 16:00:00,51321.26336697049,29582.62094075521,5168.934181722006,16569.708244493275,senario_A
2025-01-13 17:00:00,50223.03515625,20445.934130859372,5079.385485568577,24697.71553982205,senario_A
2025-01-13 18:00:00,51619.05450086806,3801.8949851544694,4379.681197102865,43437.47831861072,senario_A
2025-01-13 19:00:00,54350.23979383681,6.1617778735856215,4622.116748046875,49721.96126791635,senario_A
2025-01-13 20:00:00,55185.03944878472,1.045301312506199,6233.499992947049,48950.494154525164,senario_A
2025-01-13 21:00:00,55858.425770399306,0.9459909991423289,8206.455608181424,47651.02417121874,senario_A
2025-01-13 22:00:00,55750.18927083333,0.9649124975502492,10276.131915147567,45473.092443188216,senario_A
2025-01-13 23:00:00,54381.26780815972,0.9625539529323579,12477.293464626737,41903.01178958005,senario_A
2025-01-14 00:00:00,53800.33629123264,0.9289058960974216,14171.772737630208,39627.634647706334,senario_A
2025-01-14 01:00:00,53046.99718315972,0.8357718468209108,14404.530309244792,38641.63110206811,senario_A
2025-01-14 02:00:00,53693.88312065973,0.8486079947650433,14890.076400824652,38802.958111840315,senario_A
2025-01-14 03:00:00,53955.722235243054,0.8381309291720389,14435.781538628473,39519.10256568541,senario_A
2025-01-14 04:00:00,54139.38518012153,0.8633961353699366,13243.558025173612,40894.96375881255,senario_A
2025-01-14 05:00:00,55117.06651692709,0.8539816595117251,13342.78488172743,41773.427653540144,senario_A
2025-01-14 06:00:00,57891.12155598959,0.8896155238648256,12617.044449869793,45273.18749059594,senario_A
2025-01-14 07:00:00,61867.34498480903,0.8856086533764997,11813.415066189236,50053.04430996642,senario_A
2025-01-14 08:00:00,63285.26833333333,246.04438789000113,10369.431420355902,52669.792525087425,senario_A
2025-01-14 09:00:00,62075.34808159722,6166.446480814617,9197.731299913194,46711.17030086942,senario_A
2025-01-14 10:00:00,60070.86490234375,16969.848110351562,6450.712960069444,36650.303831922734,senario_A
2025-01-14 11:00:00,57707.95023220487,20827.257848307294,4973.018453233507,31907.67393066407,senario_A
2025-01-14 12:00:00,55670.934446614585,21494.357765299475,5355.660554470486,28820.916126844626,senario_A
2025-01-14 13:00:00,54360.95647786458,20716.603146158857,4563.5145464409725,29080.83878526475,senario_A
2025-01-14 14:00:00,53688.17948350695,20083.309501953125,3500.069652235243,30104.800329318583,senario_A
2025-01-14 15:00:00,53635.31443576389,19621.72499348958,3055.4586716037325,30958.130770670574,senario_A
2025-01-14 16:00:00,53279.38861111111,18020.388459879556,2783.971170179579,32475.02898105198,senario_A
2025-01-14 17:00:00,52837.35114583333,12909.843341471355,2620.6874403211805,37306.82036404079,senario_A
2025-01-14 18:00:00,53645.78373914931,2894.0249185053503,2572.290935872396,48179.46788477156,senario_A
2025-01-14 19:00:00,55207.90789930556,7.868563186575969,3578.538678656684,51621.500657462304,senario_A
2025-01-14 20:00:00,55634.19076388889,0.8828587317963441,5555.81497124566,50077.49293391143,senario_A
2025-01-14 21:00:00,55283.92154079861,0.9153659056127073,6760.623911675347,48522.38226321765,senario_A
2025-01-14 22:00:00,54591.76202690973,0.9384958969056606,7570.804173719618,47020.01935729321,senario_A
2025-01-14 23:00:00,52799.025852864586,0.6075693839788436,8515.073076171875,44283.34520730873,senario_A
2025-01-15 00:00:00,51257.55499131944,0.6138704634333649,7890.676171061198,43366.26494979481,senario_A
2025-01-15 01:00:00,49638.775907118055,0.6350125568608442,6473.517147352431,43164.62374720876,senario_A
2025-01-15 02:00:00,48975.62856336805,0.614619029512008,5816.750124782986,43158.263819555556,senario_A
2025-01-15 03:00:00,48883.86522569445,0.6679051200052103,5250.2707904730905,43632.92653010135,senario_A
2025-01-15 04:00:00,49516.82162109375,0.6593449498961368,5174.2288850911455,44341.93339105271,senario_A
2025-01-15 05:00:00,50617.39122395834,0.6481476452946662,5106.2974652777775,45510.44561103526,senario_A
2025-01-15 06:00:00,53082.67020399305,0.6576211284101008,5385.026198459202,47696.98638440544,senario_A
2025-01-15 07:00:00,56472.14246744791,0.7861844043433666,5902.38156358507,50568.9747194585,senario_A
2025-01-15 08:00:00,57133.45190755208,162.68114064832528,5247.873104383681,51722.897662520074,senario_A
2025-01-15 09:00:00,57496.44964192708,5775.856043599448,5271.166719292535,46449.42687903509,senario_A
2025-01-15 10:00:00,57286.11610243056,17731.134913736983,5046.81370062934,34508.16748806424,senario_A
2025-01-15 11:00:00,55932.972899305554,20958.913805338543,4395.281509874132,30578.777584092873,senario_A
2025-01-15 12:00:00,54537.10057942708,21672.719153645834,3927.561630045573,28936.819795735675,senario_A
2025-01-15 13:00:00,52867.76712890625,21868.430147298175,3673.0323175727,27326.304664035375,senario_A
2025-01-15 14:00:00,52302.92993706597,22111.6184358724,4013.158337673611,26178.15316351996,senario_A
2025-01-15 15:00:00,50749.31488498264,22152.10196289062,4560.248218315972,24036.964703776044,senario_A
2025-01-15 16:00:00,49947.69536241319,20657.419484049482,4389.525152452257,24900.750725911454,senario_A
2025-01-15 17:00:00,50134.538218315975,14184.236647949218,3938.654721950955,32011.6468484158,senario_A
2025-01-15 18:00:00,51112.654772135415,2749.5044349416103,3853.037881944445,44510.11245524936,senario_A
2025-01-15 19:00:00,52725.57523871528,3.65824555610617,4243.551169433594,48478.36582372558,senario_A
2025-01-15 20:00:00,53101.16864149306,0.6012659793843825,4706.7765625,48393.79081301367,senario_A
2025-01-15 21:00:00,53224.45105685764,0.758864398325483,4713.932412109375,48509.75978034994,senario_A
2025-01-15 22:00:00,52377.71384548611,0.810353983094295,4786.729420572917,47590.1740709301,senario_A
2025-01-15 23:00:00,51140.19647569444,0.8079478776951631,4401.68267686632,46737.70585095043,senario_A
2025-01-16 00:00:00,50456.69872829861,0.8552674115200838,4379.475776909722,46076.36768397737,senario_A
2025-01-16 01:00:00,49238.43060980903,0.8218939127524694,4520.320106336805,44717.28860955947,senario_A
2025-01-16 02:00:00,49265.38397352431,0.8262518976132075,4672.29482313368,44592.26289849302,senario_A
2025-01-16 03:00:00,50098.78185980903,0.7809236919383208,5495.956917860243,44602.044018256856,senario_A
2025-01-16 04:00:00,50518.57815755208,0.8091092776258787,5842.112523871528,44675.65652440293,senario_A
2025-01-16 05:00:00,51797.83557942708,0.8503875534236431,5539.393197699653,46257.59199417401,senario_A
2025-01-16 06:00:00,54698.10670789931,0.8858319932222367,5296.520919596354,49400.699956309734,senario_A
2025-01-16 07:00:00,58965.084173177085,0.879992489516735,5615.652659505208,53348.551521182366,senario_A
2025-01-16 08:00:00,60616.57933159722,689.8874444532892,6010.563084309896,53916.12880283403,senario_A
2025-01-16 09:00:00,59750.354479166665,10593.740063883462,5622.0189800347225,43534.59543524848,senario_A
2025-01-16 10:00:00,57739.96135850695,24096.507425130207,4033.6691284179688,29609.784804958777,senario_A
2025-01-16 11:00:00,54209.11351779514,26666.087535807295,2434.1487543402777,25108.877227647565,senario_A
2025-01-16 12:00:00,51911.32328776042,27297.547565104163,2798.0960885959203,21815.679634060332,senario_A
2025-01-16 13:00:00,50825.53132378472,26216.897724609375,3625.084051649306,20983.549547526043,senario_A
2025-01-16 14:00:00,49516.556953125,25681.656571451822,4062.632388644748,19772.26799302843,senario_A
2025-01-16 15:00:00,48383.58460720486,26007.568209635414,4373.705565863716,18002.310831705727,senario_A
2025-01-16 16:00:00,47333.37950520834,24998.93826660156,4481.782894965278,17852.658343641502,senario_A
2025-01-16 17:00:00,47054.34641276042,19404.14560384115,4661.360292426215,22988.840516493052,senario_A
2025-01-16 18:00:00,48256.48689019097,3897.5824753888455,5468.234739040799,38890.66967576133,senario_A
2025-01-16 19:00:00,50229.795703125,3.6852712315476186,8456.718535698785,41769.39189619467,senario_A
2025-01-16 20:00:00,51579.67030381945,0.5325510480006536,13715.898442925349,37863.239309846096,senario_A
2025-01-16 21:00:00,52186.58810763889,0.6364624936381975,16725.908089192708,35460.04355595254,senario_A
2025-01-16 22:00:00,51902.46203993056,1.0695937264462312,20870.232356770837,31031.160089433273,senario_A
2025-01-16 23:00:00,50726.84855251736,1.5569745551049712,22935.55460069445,27789.736977267807,senario_A
2025-01-17 00:00:00,49427.8097157118,0.9963014406214159,23581.449503038195,25845.363911232984,senario_A
2025-01-17 01:00:00,48568.99410807292,0.9398469197750092,23942.033053385418,24626.021207767724,senario_A
2025-01-17 02:00:00,48420.75524305556,0.8930596600969632,23981.493504774306,24438.368678621155,senario_A
2025-01-17 03:00:00,48410.71986328125,0.8262883776426315,23471.571722005207,24938.321852898403,senario_A
2025-01-17 04:00:00,48659.42188585069,0.855406488776207,23386.926744791668,25271.63973457024,senario_A
2025-01-17 05:00:00,48892.47708550347,1.0444983848184348,22831.333745117183,26060.09884200147,senario_A
2025-01-17 06:00:00,51020.54135199653,1.0664695143699645,22939.435596788197,28080.03928569396,senario_A
2025-01-17 07:00:00,54493.14226345486,1.296703882664442,23214.822909613715,31277.022649958482,senario_A
2025-01-17 08:00:00,55737.4945985243,289.13911918188137,23798.01045030382,31650.3450290386,senario_A
2025-01-17 09:00:00,55330.42388237847,4010.927777659099,23341.240014105904,27978.256090613468,senario_A
2025-01-17 10:00:00,55096.86788194445,9359.013603515625,22672.10703125,23065.74724717882,senario_A
2025-01-17 11:00:00,55122.844361979165,10163.844184977213,22034.9094406467,22924.09073635525,senario_A
2025-01-17 12:00:00,54071.29808159722,10780.53871439616,22515.207717013887,20775.551650187168,senario_A
2025-01-17 13:00:00,53333.52675998264,12128.18271077474,23213.814487847223,17991.52956136068,senario_A
2025-01-17 14:00:00,53113.83249565972,12257.577670898438,23495.14540798611,17361.109416775176,senario_A
2025-01-17 15:00:00,51962.422671440974,10510.793763020833,23555.380379774306,17896.248528645836,senario_A
2025-01-17 16:00:00,50669.97745442709,8927.513704427083,23804.52707465278,17937.93667534723,senario_A
2025-01-17 17:00:00,49700.37387152778,6553.2438240559895,23988.26738932292,19158.862658148868,senario_A
2025-01-17 18:00:00,49897.07585720486,1493.3573480288187,24879.44944769965,23524.26906147639,senario_A
2025-01-17 19:00:00,51241.45542534722,6.270027805405359,25896.29606391059,25338.88933363123,senario_A
2025-01-17 20:00:00,50891.43301866319,0.8586815251410007,26611.260807291663,24279.31352984639,senario_A
2025-01-17 21:00:00,50213.91733072917,0.8199701601763566,26581.95207899305,23631.145281575944,senario_A
2025-01-17 22:00:00,49234.72749782986,0.8108122054239113,26082.53042317708,23151.386262447355,senario_A
2025-01-17 23:00:00,47772.5519032118,0.7832522965470949,25251.31740234375,22520.451248571506,senario_A
2025-01-18 00:00:00,46495.3286046007,0.8861019415780902,25955.02047092014,20539.42203173898,senario_A
2025-01-18 01:00:00,45423.38350694445,0.9198386179904143,25745.34972439236,19677.113943934095,senario_A
2025-01-18 02:00:00,44326.92135416667,0.8480504176268975,24381.2045046658,19944.868799083244,senario_A
2025-01-18 03:00:00,44043.59524305556,0.8542490237454573,23196.51957465278,20846.22141937904,senario_A
2025-01-18 04:00:00,44208.69114149306,0.8636563760042191,22528.68571180556,21679.141773311498,senario_A
2025-01-18 05:00:00,44970.34282877604,0.9197509291271369,21070.718595920134,23898.70448192678,senario_A
2025-01-18 06:00:00,46337.31154730903,0.9371221138536929,20031.660894097226,26304.713531097947,senario_A
2025-01-18 07:00:00,48643.19951171875,0.9113766284286976,18735.40406684028,29906.884068250038,senario_A
2025-01-18 08:00:00,50235.3530360243,392.5485505105555,18035.154911024307,31807.649574489442,senario_A
2025-01-18 09:00:00,51882.79254340278,11671.943171183268,17048.80201171875,23162.04736050076,senario_A
2025-01-18 10:00:00,53550.368064236114,22404.638914388022,16252.386314019095,14893.342835828997,senario_A
2025-01-18 11:00:00,51839.36305121528,22626.656166992187,15324.760367838542,13887.946516384553,senario_A
2025-01-18 12:00:00,50299.00504340278,22269.219677734374,14048.514972873263,13981.270392795142,senario_A
2025-01-18 13:00:00,48903.53679470486,21180.394573567708,13310.702495659722,14412.439725477429,senario_A
2025-01-18 14:00:00,48079.26984157986,19568.088349609374,13353.501598307292,15157.679893663193,senario_A
2025-01-18 15:00:00,47654.53331597222,18890.084663085938,12987.300152994792,15777.148499891491,senario_A
2025-01-18 16:00:00,47476.5584266493,17672.64388183594,12852.279581163197,16951.63496365017,senario_A
2025-01-18 17:00:00,47972.58457899305,14183.286443684894,13917.532486979168,19871.76564832899,senario_A
2025-01-18 18:00:00,49615.12811414931,4355.4379103597,17513.109073350694,27746.581130438914,senario_A
2025-01-18 19:00:00,52365.3468858507,12.967631253053746,22080.1908311632,30272.18842343444,senario_A
2025-01-18 20:00:00,53710.93550130208,1.2016128136465947,26157.80715711805,27551.926731370386,senario_A
2025-01-18 21:00:00,54819.51132161458,1.3155005816618601,27465.20599392361,27352.989827109308,senario_A
2025-01-18 22:00:00,55889.123075086805,1.2927184415856998,27579.571087239583,28308.25926940564,senario_A
2025-01-18 23:00:00,55809.9686328125,1.1970522541552782,27307.295155707467,28501.476424850884,senario_A
2025-01-19 00:00:00,56012.00883463542,1.3267140451073647,27091.34905815972,28919.33306243059,senario_A
2025-01-19 01:00:00,56208.308350694446,1.255563706656297,27152.213287760416,29054.839499227375,senario_A
2025-01-19 02:00:00,56775.06290147569,0.9222649998466173,27203.09654079861,29571.044095677233,senario_A
2025-01-19 03:00:00,57420.07590494792,0.8259609112143517,26776.706106770835,30642.54383726587,senario_A
2025-01-19 04:00:00,58641.30715277778,0.7972110187510648,25727.06906684028,32913.44087491876,senario_A
2025-01-19 05:00:00,60036.57805989583,0.8635676647722721,23861.28687065972,36174.42762157133,senario_A
2025-01-19 06:00:00,61819.01215060764,0.890448462118705,22091.256794704863,39726.86490744066,senario_A
2025-01-19 07:00:00,64141.73860243055,0.8623231906692188,20443.556432291665,43697.319846948216,senario_A
2025-01-19 08:00:00,66383.33622612848,769.2570277098317,17607.456163194445,48006.623035224206,senario_A
2025-01-19 09:00:00,67669.11713975694,13566.984165852864,14176.409375,39925.72359890408,senario_A
2025-01-19 10:00:00,67920.78112413194,28100.80205078125,13813.325460069444,26006.653613281254,senario_A
2025-01-19 11:00:00,65795.16468532986,31013.817086588537,11837.276351996528,22944.071246744796,senario_A
2025-01-19 12:00:00,63130.88297309028,31156.67457031249,9173.125318467884,22801.083084309903,senario_A
2025-01-19 13:00:00,61113.265,31051.508665364578,7103.597789171007,22958.158545464416,senario_A
2025-01-19 14:00:00,59273.154637586806,31756.42371744792,5840.821508246528,21675.909411892357,senario_A
2025-01-19 15:00:00,57977.7093359375,31463.81599609375,5529.191936848958,20984.701402994793,senario_A
2025-01-19 16:00:00,56806.70109809028,31216.028964843754,5146.288102213542,20444.384031032983,senario_A
2025-01-19 17:00:00,57343.59605034722,25024.411321614585,5291.03205078125,27028.152677951388,senario_A
2025-01-19 18:00:00,60173.05559895833,5550.224505055746,5240.622055121527,49382.20903878105,senario_A
2025-01-19 19:00:00,63972.88863715278,20.507508255212255,5914.053037380642,58038.32809151692,senario_A
2025-01-19 20:00:00,65516.75251519097,0.53332243082424,8370.625717230903,57145.59347552924,senario_A
2025-01-19 21:00:00,66504.52053385417,0.5403724268327157,11235.68961046007,55268.290550967264,senario_A
2025-01-19 22:00:00,66754.88577690972,0.6475488489369552,12885.415542534722,53868.822685526065,senario_A
2025-01-19 23:00:00,65947.15371527777,0.5748576905330023,13827.816810980905,52118.76204660634,senario_A
2025-01-20 00:00:00,66566.71767795138,0.7250553398455182,14803.80763481988,51762.184987791654,senario_A
2025-01-20 01:00:00,65350.67310763889,0.8156188670794169,15391.701060112848,49958.156428658964,senario_A
2025-01-20 02:00:00,65896.79440755208,0.8637410306930542,15254.605492621527,50641.32517389985,senario_A
2025-01-20 03:00:00,66442.78769314237,0.8604166853924592,15766.800203993056,50675.12707246392,senario_A
2025-01-20 04:00:00,67056.38570746528,0.8492045887808006,15904.178352864585,51151.35815001191,senario_A
2025-01-20 05:00:00,67444.76130859375,0.9185209394494693,15858.880455729166,51584.96233192513,senario_A
2025-01-20 06:00:00,69106.69586805555,0.9067761441568534,15667.207900390626,53438.581191520774,senario_A
2025-01-20 07:00:00,71618.88666232639,0.9091451646884283,15350.325774197048,56267.65174296466,senario_A
2025-01-20 08:00:00,73251.05819444444,330.4150719267626,15179.188267144098,57741.45485537358,senario_A
2025-01-20 09:00:00,73603.58346788194,6883.548988647462,14268.588385416666,52451.4460938178,senario_A
2025-01-20 10:00:00,74873.42797309028,15435.799868164062,15609.832996690538,43827.79510823568,senario_A
2025-01-20 11:00:00,73864.85180989583,17983.135325520834,15088.839768880209,40792.876715494785,senario_A
2025-01-20 12:00:00,72671.01150173611,18813.446357421875,12342.558655598958,41515.00648871528,senario_A
2025-01-20 13:00:00,71189.09521267361,18536.106207682293,10231.510890842012,42421.4781141493,senario_A
2025-01-20 14:00:00,69907.69912760417,17354.452138671877,8674.789345703124,43878.457643229165,senario_A
2025-01-20 15:00:00,69463.76572916667,15390.890947265627,8463.037830946181,45609.836950954865,senario_A
2025-01-20 16:00:00,70438.55121961805,12235.725111490887,9425.372944878472,48777.45316324869,senario_A
2025-01-20 17:00:00,70963.03849609375,9079.101252441405,11883.112327473958,50000.82491617839,senario_A
2025-01-20 18:00:00,71633.62575520833,2816.8349379475912,13840.448565538194,54976.34225172255,senario_A
2025-01-20 19:00:00,73026.1829513889,277.7941554993143,15450.298599175348,57298.09019671423,senario_A
2025-01-20 20:00:00,72740.00901692708,0.6604316619535286,17592.70269965278,55146.64588561236,senario_A
2025-01-20 21:00:00,72584.06184027778,0.9397318377594153,19113.554359809023,53469.567748630994,senario_A
2025-01-20 22:00:00,71679.26688368055,0.7814644726117452,19614.543641493052,52063.941777714885,senario_A
2025-01-20 23:00:00,69834.41591145833,0.5305937906603018,20461.310930989584,49372.57438667808,senario_A
2025-01-21 00:00:00,68428.01520182291,0.5352401702105999,20916.05209418403,47511.42786746867,senario_A
2025-01-21 01:00:00,67835.76671875,0.5300615958372752,20242.7295811632,47592.507075990965,senario_A
2025-01-21 02:00:00,67517.96786892362,0.5239769246677557,19162.222651909724,48355.221240089224,senario_A
2025-01-21 03:00:00,67820.68549913194,0.5116917038460573,17936.953096788195,49883.22071063991,senario_A
2025-01-21 04:00:00,67880.59277126736,0.4949067949752012,16242.789141710067,51637.30872276231,senario_A
2025-01-21 05:00:00,68553.75655381945,0.5210941381752491,14392.27587782118,54160.95958186009,senario_A
2025-01-21 06:00:00,69941.14357638889,0.7609273336827755,12863.667212456598,57076.715436598606,senario_A
2025-01-21 07:00:00,72387.30340711806,0.8964227153857549,12111.161814236111,60275.245170166556,senario_A
2025-01-21 08:00:00,74111.31827256945,166.3624938627084,10006.677707248264,63938.27807145848,senario_A
2025-01-21 09:00:00,74073.61827907986,6425.796670532226,7956.001803249783,59691.81980529785,senario_A
2025-01-21 10:00:00,74053.61403211806,18580.45491699219,5989.232831624349,49483.92628350152,senario_A
2025-01-21 11:00:00,72537.46315538195,23008.067742513016,5928.7975678168405,43600.59784505209,senario_A
2025-01-21 12:00:00,71226.15597222222,24428.13862792969,6652.965726996527,40145.051617296005,senario_A
2025-01-21 13:00:00,69483.98390190973,25708.06729492187,7863.140863172743,35912.77574381512,senario_A
2025-01-21 14:00:00,66891.00825303819,27410.172753906256,9133.092883029514,30347.74261610242,senario_A
2025-01-21 15:00:00,64482.01486328125,29465.01984375,9492.103528645834,25524.891490885413,senario_A
2025-01-21 16:00:00,62336.49725694444,27638.536087239583,9810.557183159724,24887.403986545134,senario_A
2025-01-21 17:00:00,61648.48237847223,23118.472470703124,10694.45271375868,27835.557194010435,senario_A
2025-01-21 18:00:00,64565.47958984375,6017.26790898641,12035.59306749132,46512.61861336602,senario_A
2025-01-21 19:00:00,68838.63787326388,51.297959011830386,12965.832564019098,55821.507350232954,senario_A
2025-01-21 20:00:00,70736.38245659722,0.5751127614329258,16038.797212456597,54697.01013137918,senario_A
2025-01-21 21:00:00,72104.71473958333,1.4024218037724494,19554.607868923613,52548.70444885595,senario_A
2025-01-21 22:00:00,72482.21650173611,1.3109583621223768,22391.363109809023,50089.54243356496,senario_A
2025-01-21 23:00:00,70912.97845920139,0.9514688846220573,23180.420657552084,47731.606332764684,senario_A
2025-01-22 00:00:00,69740.3519921875,0.6812360676626363,23267.237866753472,46472.43288936637,senario_A
2025-01-22 01:00:00,69712.5322092014,0.6067645133286714,23650.657721354168,46061.2677233339,senario_A
2025-01-22 02:00:00,69437.35091796875,0.6741496436794598,23738.26857421875,45698.408194106334,senario_A
2025-01-22 03:00:00,69410.56098090278,0.6452230310440064,23663.30857421875,45746.60718365299,senario_A
2025-01-22 04:00:00,69871.26265625,0.716433269282182,23544.10477430556,46326.441448675156,senario_A
2025-01-22 05:00:00,71209.89717447916,0.9845331848661105,23496.1904296875,47712.7222116068,senario_A
2025-01-22 06:00:00,73465.3941015625,1.0812313911318778,23107.6971484375,50356.61572173388,senario_A
2025-01-22 07:00:00,76368.46869357639,0.6818394986291727,22143.52273871528,54224.26411536247,senario_A
2025-01-22 08:00:00,77531.96049696181,924.5801120943825,21242.22175998264,55365.15862488479,senario_A
2025-01-22 09:00:00,76080.133203125,14670.657580159506,20054.696796875,41354.77882609051,senario_A
2025-01-22 10:00:00,72093.3639453125,29792.384388020837,15419.675601128472,26881.303956163196,senario_A
2025-01-22 11:00:00,67999.40344618056,31735.71244140625,12663.85296875,23599.83803602431,senario_A
2025-01-22 12:00:00,64521.70269097222,30680.427073567713,11805.41628797743,22035.859329427076,senario_A
2025-01-22 13:00:00,61047.262115885416,28878.121129557294,11012.757096354168,21156.383889973957,senario_A
2025-01-22 14:00:00,57997.03655598958,24983.329777018225,11121.484605034722,21892.222173936632,senario_A
2025-01-22 15:00:00,55111.36432725695,24076.633361002605,9977.119836154514,21057.611130099835,senario_A
2025-01-22 16:00:00,53666.620440538194,23646.93524251302,9104.626066623265,20915.05913140191,senario_A
2025-01-22 17:00:00,53827.00051215278,20542.94940592448,9326.923395182292,23957.127711046014,senario_A
2025-01-22 18:00:00,56165.59288411459,5082.747436294556,9030.946691623263,42051.898756196766,senario_A
2025-01-22 19:00:00,59801.65271267361,12.161749774900576,9873.328348524306,49916.1626143744,senario_A
2025-01-22 20:00:00,61083.86950954861,0.27319748647510994,12387.136125217014,48696.46018684513,senario_A
2025-01-22 21:00:00,61896.014375,0.28496024491886296,14975.132846137152,46920.596568617926,senario_A
2025-01-22 22:00:00,61777.74658203125,0.4142521296193201,16064.246124131943,45713.086205769694,senario_A
2025-01-22 23:00:00,60674.43273220486,0.4750814773390691,16243.4645703125,44430.49308041503,senario_A
2025-01-23 00:00:00,58959.75290798611,0.4739348262548446,14496.714729817708,44462.56424334215,senario_A
2025-01-23 01:00:00,58255.39700737847,0.4723348658531904,12777.58412109375,45477.34055141887,senario_A
2025-01-23 02:00:00,58383.234283854166,0.4761554392427205,12166.71931966146,46216.03880875346,senario_A
2025-01-23 03:00:00,59077.08970920139,0.5421655265986918,12314.940088975694,46761.6074546991,senario_A
2025-01-23 04:00:00,59801.81600043402,0.5305364650984605,12685.598627387151,47115.686836581765,senario_A
2025-01-23 05:00:00,61341.180451388886,0.537290821323792,12927.371519097222,48413.27164147034,senario_A
2025-01-23 06:00:00,64000.90034505208,0.5180350735783577,12969.335477430555,51031.04683254795,senario_A
2025-01-23 07:00:00,67814.1287109375,0.5057184040546416,13615.047137586806,54198.57585494664,senario_A
2025-01-23 08:00:00,69262.23174479167,636.7042824069661,13713.85601779514,54911.67144458956,senario_A
2025-01-23 09:00:00,67666.12885850694,12534.85984781901,12381.24806640625,42750.020944281685,senario_A
2025-01-23 10:00:00,64085.0291297743,26533.424744466145,8084.175687391493,29467.428697916665,senario_A
2025-01-23 11:00:00,60557.171413845484,29634.7943359375,8145.594786783854,22776.78229112413,senario_A
2025-01-23 12:00:00,58715.04520833334,30036.633440755206,11004.77168077257,17673.64008680556,senario_A
2025-01-23 13:00:00,56465.91348524306,29646.189658203126,11383.405909288194,15436.317917751738,senario_A
2025-01-23 14:00:00,54496.49654947917,28012.12911458334,10766.877320963542,15717.490113932288,senario_A
2025-01-23 15:00:00,52572.2818467882,25131.659594726567,10395.412938368056,17045.20931369358,senario_A
2025-01-23 16:00:00,51339.40538519965,22775.266892903644,10480.272336968315,18083.86615532769,senario_A
2025-01-23 17:00:00,51281.93641927083,19930.057988281253,10454.918309461806,20896.960121527773,senario_A
2025-01-23 18:00:00,53817.64556857639,5748.4956841532385,9238.63271375868,38830.51717066447,senario_A
2025-01-23 19:00:00,57148.20418619792,38.13223111798366,7446.615137261285,49663.45681781865,senario_A
2025-01-23 20:00:00,58604.86250217014,0.3574546126027902,7272.720721028646,51331.78432652889,senario_A
2025-01-23 21:00:00,59181.21587673611,0.4901437785724798,6021.808361545139,53158.9173714124,senario_A
2025-01-23 22:00:00,58543.84688802083,0.5374036277830601,4959.896819118923,53583.412665274125,senario_A
2025-01-23 23:00:00,57543.3712391493,0.5249504191676775,4542.093384331597,53000.75290439854,senario_A
2025-01-24 00:00:00,56950.481449652776,0.5255631501972675,5084.485894097223,51865.46999240536,senario_A
2025-01-24 01:00:00,56846.819850260414,0.5879706400632858,6509.540074869792,50336.69180475055,senario_A
2025-01-24 02:00:00,57590.11324435764,0.6243686691423257,8936.09662326389,48653.39225242461,senario_A
2025-01-24 03:00:00,58495.55729817708,0.6208496509989102,11686.58234700521,46808.354101520876,senario_A
2025-01-24 04:00:00,60002.92450954861,0.5730090909699599,14848.961902126735,45153.389598330905,senario_A
2025-01-24 05:00:00,62253.6161046007,0.6060933850705623,17295.472374131943,44957.53763708369,senario_A
2025-01-24 06:00:00,65032.81385416666,0.9222981757918994,19377.049986979167,45654.8415690117,senario_A
2025-01-24 07:00:00,68839.59391493055,1.0727102104574442,21049.524748263888,47788.9964564562,senario_A
2025-01-24 08:00:00,70712.02493489583,1045.2483936146896,22088.55654296875,47578.219998312394,senario_A
2025-01-24 09:00:00,68679.42693576388,15739.234053141274,21621.499945746527,31318.69293687608,senario_A
2025-01-24 10:00:00,64088.11734592014,31189.093736979168,17157.34311848958,15741.680490451392,senario_A
2025-01-24 11:00:00,59946.05357204861,30880.888154296874,17810.15363172743,11255.011786024304,senario_A
2025-01-24 12:00:00,56765.90032986111,28215.166145833333,19113.501783854168,9437.232400173612,senario_A
2025-01-24 13:00:00,54449.335692274304,27403.474443359377,18918.805828993056,8127.055419921871,senario_A
2025-01-24 14:00:00,53042.32924262153,26417.78259765625,19026.420128038197,7598.126516927081,senario_A
2025-01-24 15:00:00,52268.12654513889,25329.034466145833,19027.191668836807,7911.90041015625,senario_A
2025-01-24 16:00:00,51003.60361762153,23298.468751627603,19189.23107421875,8515.903791775174,senario_A
2025-01-24 17:00:00,49942.61572265625,18581.018028971353,20259.85255642361,11101.745137261285,senario_A
2025-01-24 18:00:00,51129.826200086805,5394.3134207153325,22715.321751844614,23020.191027526856,senario_A
2025-01-24 19:00:00,54055.07208116319,52.43770373366773,25007.65718315972,28994.977194269803,senario_A
2025-01-24 20:00:00,55511.380423177085,0.70005042274793,25851.64765407986,29659.032718674476,senario_A
2025-01-24 21:00:00,56234.14499023437,0.975409032901128,26514.165026041668,29719.004555159798,senario_A
2025-01-24 22:00:00,56388.820243055554,1.0055442301928998,26669.5469921875,29718.267706637856,senario_A
2025-01-24 23:00:00,55692.11889105903,0.9498465744157631,26539.266043836804,29151.903000647806,senario_A
2025-01-25 00:00:00,54815.91729492188,1.0501166654626528,26706.84509765625,28108.022080600163,senario_A
2025-01-25 01:00:00,54292.91075520834,0.7651478261252245,26218.417682291667,28073.727925090545,senario_A
2025-01-25 02:00:00,54286.58003689236,1.0225065343578656,26040.574129774304,28244.9834005837,senario_A
2025-01-25 03:00:00,54418.72476345486,1.059826502352953,26159.8457421875,28257.819194765012,senario_A
2025-01-25 04:00:00,54690.09898220486,0.8319174289206663,26109.902645399303,28579.364419376634,senario_A
2025-01-25 05:00:00,55832.81422092014,0.6242945084472497,26679.476126302085,29152.71380010961,senario_A
2025-01-25 06:00:00,56639.88396267361,0.9625602642198403,26248.632899305558,30390.28850310383,senario_A
2025-01-25 07:00:00,58230.957690972224,1.2548024622102578,26092.99496744792,32136.707921062094,senario_A
2025-01-25 08:00:00,59529.63322916667,624.52020775641,25579.836378038195,33325.27664337207,senario_A
2025-01-25 09:00:00,60041.435438368055,11025.407613932291,23335.898578559027,25680.129245876735,senario_A
2025-01-25 10:00:00,59057.49333333333,21258.91734049479,19754.235086805555,18044.340906032983,senario_A
2025-01-25 11:00:00,57325.425703125,19243.64164835612,20479.43423719618,17602.349817572704,senario_A
2025-01-25 12:00:00,55260.3634906684,18053.478704427085,19842.04873480903,17364.83605143229,senario_A
2025-01-25 13:00:00,53447.19635959202,17801.849295247397,17730.819822048612,17914.527242296008,senario_A
2025-01-25 14:00:00,51164.95467013889,15707.672129313152,14975.774364149303,20481.50817667643,senario_A
2025-01-25 15:00:00,50368.38771267361,13839.654916992187,13129.418859592011,23399.313936089413,senario_A
2025-01-25 16:00:00,49468.145455729165,11044.56455078125,12173.515030381945,26250.065874565968,senario_A
2025-01-25 17:00:00,49469.93847439236,5871.670112711588,11994.036957465278,31604.23140421549,senario_A
2025-01-25 18:00:00,49840.79885416666,1818.4108635457355,12691.388685980904,35330.99930464001,senario_A
2025-01-25 19:00:00,51141.51431206597,34.69981005755564,14270.942009548611,36835.8724924598,senario_A
2025-01-25 20:00:00,51462.99697265625,0.3544202121843894,17839.16420247396,33623.4783499701,senario_A
2025-01-25 21:00:00,50875.23512152778,0.590416160672903,19310.766436631944,31563.878268735163,senario_A
2025-01-25 22:00:00,49638.805514322914,0.5941723794738452,18698.21392361111,30939.99741833233,senario_A
2025-01-25 23:00:00,47988.4713921441,0.5914480632543564,18759.78607204861,29228.093872032234,senario_A
2025-01-26 00:00:00,46616.1225499132,0.6425824127097924,18260.70087239583,28354.77909510466,senario_A
2025-01-26 01:00:00,45593.48328993056,0.6478013888498146,18823.99740234375,26768.838086197964,senario_A
2025-01-26 02:00:00,44493.17321180556,0.6256422311564286,18689.915757378472,25802.63181219593,senario_A
2025-01-26 03:00:00,43585.47461805555,0.6474210362136364,17752.38043185764,25832.446765161698,senario_A
2025-01-26 04:00:00,43317.0320203993,0.6732231964170933,15781.41537109375,27534.943426109134,senario_A
2025-01-26 05:00:00,43202.16801866319,0.6399986757338045,13867.207606336806,29334.320413650654,senario_A
2025-01-26 06:00:00,43764.41292534722,0.6078577952086924,12551.084046223958,31212.721021328056,senario_A
2025-01-26 07:00:00,44900.62643988715,0.631381147901217,11694.002099609375,33205.99295912988,senario_A
2025-01-26 08:00:00,45903.71899739583,77.5709633755684,10153.184057074654,35672.96397694561,senario_A
2025-01-26 09:00:00,47461.38707899306,2529.902285003662,7863.893579644097,37067.591214345295,senario_A
2025-01-26 10:00:00,49515.1002734375,7813.815182698567,6374.110643039279,35327.174447699654,senario_A
2025-01-26 11:00:00,50409.5996484375,11274.223935546874,6005.992247721354,33129.383465169274,senario_A
2025-01-26 12:00:00,50618.74256510416,13434.232853190104,5335.679137912326,31848.83057400173,senario_A
2025-01-26 13:00:00,50706.6157530382,14184.790834960939,5408.027347005208,31113.797571072046,senario_A
2025-01-26 14:00:00,51009.32497178819,14073.60112141927,5639.272162000868,31296.451688368055,senario_A
2025-01-26 15:00:00,50759.07901692709,13303.568483072915,5958.063038736979,31497.447495117198,senario_A
2025-01-26 16:00:00,50760.38472005208,12538.651080322265,6232.125419786242,31989.608219943577,senario_A
2025-01-26 17:00:00,51252.60985677083,9929.563487141928,6594.886487630209,34728.1598819987,senario_A
2025-01-26 18:00:00,52451.93730577257,2405.4109105682373,6730.694889865452,43315.83150533888,senario_A
2025-01-26 19:00:00,53513.410006510414,37.67913737941533,7695.806698676215,45779.92417045478,senario_A
2025-01-26 20:00:00,53787.91135850694,0.45428770843893285,8422.320609809029,45365.13646098947,senario_A
2025-01-26 21:00:00,52752.9369813368,0.549764494250218,8978.643161892362,43773.74405495019,senario_A
2025-01-26 22:00:00,52086.256215277775,0.5923420003056525,10259.546967230905,41826.11690604656,senario_A
2025-01-26 23:00:00,50480.161840277775,0.553555320004622,11204.146182725695,39275.46210223208,senario_A
2025-01-27 00:00:00,48789.91354600695,0.6231659695506097,11552.636732855904,37236.6536471815,senario_A
2025-01-27 01:00:00,47661.66148220486,0.6960700775682925,11840.473685980904,35820.491726146385,senario_A
2025-01-27 02:00:00,46824.98573242188,0.704968770891428,11312.226117621529,35512.05464602946,senario_A
2025-01-27 03:00:00,46241.889405381946,0.6983416612943013,10651.332992621528,35589.85807109912,senario_A
2025-01-27 04:00:00,46646.58161458333,0.6993490124245485,10352.59873263889,36293.28353293202,senario_A
2025-01-27 05:00:00,48071.87141927084,0.6584507977962493,10046.113717447915,38025.09925102513,senario_A
2025-01-27 06:00:00,51111.91798394097,0.6718573259313901,9122.38781358507,41988.85831302997,senario_A
2025-01-27 07:00:00,55242.92904079861,0.6666786738236745,8435.287297092014,46806.97506503278,senario_A
2025-01-27 08:00:00,57440.08534179688,79.06008249809345,7945.028250732422,49415.997008566366,senario_A
2025-01-27 09:00:00,57578.3655186632,2783.3232246907555,6788.174124891493,48006.86816908095,senario_A
2025-01-27 10:00:00,57361.355657552085,8395.32510904948,4761.378091362847,44204.65245713976,senario_A
2025-01-27 11:00:00,56858.66816623264,11788.577293294271,3632.052449001736,41438.03842393663,senario_A
2025-01-27 12:00:00,56259.21083550347,14622.402410074868,3018.786351114909,38618.022074313696,senario_A
2025-01-27 13:00:00,55252.68186414931,16838.949705403644,2842.939105360243,35570.79305338542,senario_A
2025-01-27 14:00:00,54855.46147569444,16985.07383300781,2502.094625922309,35368.29301676432,senario_A
2025-01-27 15:00:00,54219.44639105903,16067.00700032552,2750.0241349283856,35402.41525580512,senario_A
2025-01-27 16:00:00,52723.68887803819,13681.354290771487,2846.913977796766,36195.42060946994,senario_A
2025-01-27 17:00:00,52142.56975260417,9376.90791422526,2547.392564832899,40218.26927354601,senario_A
2025-01-27 18:00:00,53354.3222265625,2788.231589304606,2304.1146568467884,48261.97598041111,senario_A
2025-01-27 19:00:00,54882.11767578125,52.390713041722776,2621.488103841146,52208.23885889838,senario_A
2025-01-27 20:00:00,54833.09777777778,0.6512931893765926,3211.9839290364584,51620.462555551945,senario_A
2025-01-27 21:00:00,54251.78407552083,0.7296894834438958,4016.7839992947047,50234.27038674268,senario_A
2025-01-27 22:00:00,52894.675737847225,0.7965081163744131,4145.754358181423,48748.12487154943,senario_A
2025-01-27 23:00:00,51004.833618706594,0.7544407453636328,3865.845497775608,47138.23368018563,senario_A
2025-01-28 00:00:00,49531.30830295139,0.7729346642891566,3843.707983669705,45686.8273846174,senario_A
2025-01-28 01:00:00,47457.934759114585,0.7765107168753942,3291.096510687934,44166.06173770978,senario_A
2025-01-28 02:00:00,46875.05352430556,0.7978631633520126,2795.610603841146,44078.64505730106,senario_A
2025-01-28 03:00:00,46710.0915625,0.7940853490928808,2326.1426567925346,44383.154820358366,senario_A
2025-01-28 04:00:00,46292.78301649306,0.7746319198111693,1514.0635171169704,44777.944867456274,senario_A
2025-01-28 05:00:00,46966.30254991319,0.7605688101549943,1050.463153483073,45915.07882761997,senario_A
2025-01-28 06:00:00,48736.38446831597,0.7527912170191606,891.749124891493,47843.882552207455,senario_A
2025-01-28 07:00:00,51968.90549696181,0.7772121571501096,1079.7178564453125,50888.41042835935,senario_A
2025-01-28 08:00:00,53090.79821397569,75.18888214915992,1374.9211987304689,51640.68813309607,senario_A
2025-01-28 09:00:00,52961.94480685764,1732.6948108418783,1432.5107998318142,49796.739196183946,senario_A
2025-01-28 10:00:00,53171.45340494792,5144.744512532552,1032.7098563639322,46993.999036051435,senario_A
2025-01-28 11:00:00,53373.71220703125,8387.747202148437,595.9066787041559,44390.05832617865,senario_A
2025-01-28 12:00:00,52768.5052593316,10065.158007812499,374.6562587822808,42328.690992736825,senario_A
2025-01-28 13:00:00,52787.09313151042,11492.929462076823,200.30813018798827,41093.855539245604,senario_A
2025-01-28 14:00:00,51977.27872178819,10736.549620768228,301.7796103583442,40938.94949066162,senario_A
2025-01-28 15:00:00,51659.138155381945,8694.532613118488,408.9806196085612,42555.62492265489,senario_A
2025-01-28 16:00:00,50233.71633680556,5495.583663330078,509.4770956081814,44228.6555778673,senario_A
2025-01-28 17:00:00,50573.38148220486,2901.710178019206,767.4014739990234,46904.26983018663,senario_A
2025-01-28 18:00:00,51402.14295572916,721.4108996073405,1398.3138232421877,49282.41823287964,senario_A
2025-01-28 19:00:00,52457.21451388889,6.5247985046853625,2206.5067389594183,50244.18297642478,senario_A
2025-01-28 20:00:00,52417.10042751736,0.5016351891557376,3179.3908072916665,49237.20798503654,senario_A
2025-01-28 21:00:00,51798.64095486111,0.7053060413400332,3946.9588953993057,47850.976753420466,senario_A
2025-01-28 22:00:00,50891.374754774304,0.7905198648075262,4472.05179578993,46418.53243911957,senario_A
2025-01-28 23:00:00,48810.78832248264,0.7771223503972093,4351.5881902398005,44458.42300989244,senario_A
2025-01-29 00:00:00,46392.01769748264,0.8466266294320425,4495.113330620659,41896.05774023254,senario_A
2025-01-29 01:00:00,44385.51028862847,0.7943680024643738,3924.154701199002,40460.56121942701,senario_A
2025-01-29 02:00:00,43694.91743489583,0.8196284982065359,3218.36961968316,40475.72818671447,senario_A
2025-01-29 03:00:00,43237.35205837674,0.8118299559255442,3018.6647725423177,40217.87545587849,senario_A
2025-01-29 04:00:00,43343.66162109375,0.825690937936306,3475.6312871636283,39867.20464299219,senario_A
2025-01-29 05:00:00,44218.031519097225,0.8080663587401311,3891.809426405165,40325.414026333325,senario_A
2025-01-29 06:00:00,45870.45066189236,0.8457261061916749,4470.908296440973,41398.696639345195,senario_A
2025-01-29 07:00:00,48454.49017469618,0.8388376918435096,4596.99826280382,43856.65307420051,senario_A
2025-01-29 08:00:00,49870.34039496528,45.63134669909874,5086.063987630208,44738.64506063597,senario_A
2025-01-29 09:00:00,49807.138012152776,937.4130741119384,5257.909850802951,43611.81508723789,senario_A
2025-01-29 10:00:00,49780.10337239583,2801.3207990519204,5566.950242377387,41411.83233096652,senario_A
2025-01-29 11:00:00,49949.97879882813,4615.812355041504,6014.093984781901,39320.072459004725,senario_A
2025-01-29 12:00:00,50212.28120551216,6410.016712646484,6099.879077826606,37702.385415039076,senario_A
2025-01-29 13:00:00,50138.85960069444,7555.428379720051,6008.0655729166665,36575.36564805773,senario_A
2025-01-29 14:00:00,50462.58854600695,7899.53807393392,5883.194087999132,36679.85638407389,senario_A
2025-01-29 15:00:00,50371.15653537327,8218.756062825521,6165.3857248263885,35987.01474772136,senario_A
2025-01-29 16:00:00,49835.96201280382,7326.556846516927,6777.594249131945,35731.81091715495,senario_A
2025-01-29 17:00:00,49498.52230685764,6210.773193359375,7129.998843858507,36157.75026963976,senario_A
2025-01-29 18:00:00,50133.98905598959,2703.3128057861327,6992.933465169271,40437.742785034185,senario_A
2025-01-29 19:00:00,51110.35387369792,63.48297971114516,6496.867629665799,44550.00326432097,senario_A
2025-01-29 20:00:00,50856.98809678819,0.6499358597397804,6347.006367730035,44509.33179319841,senario_A
2025-01-29 21:00:00,49808.470859375,0.6875964453816414,6755.411042751736,43052.37222017788,senario_A
2025-01-29 22:00:00,48655.93787543403,0.694102530553937,7299.447546386718,41355.79622651675,senario_A
2025-01-29 23:00:00,46646.21957790799,0.6979879193007945,8008.117768012153,38637.403821976535,senario_A
2025-01-30 00:00:00,44398.03771918403,0.6986840089162191,9502.441282552085,34894.89775262303,senario_A
2025-01-30 01:00:00,43044.28696614583,0.7794181413948535,11807.547317708331,31235.960230296107,senario_A
2025-01-30 02:00:00,42381.26710720486,0.7892081130544344,13235.654205729166,29144.82369336264,senario_A
2025-01-30 03:00:00,41186.91092122396,0.8221728843450546,12592.613312717014,28593.4754356226,senario_A
2025-01-30 04:00:00,41227.6036187066,0.8170765219628812,12251.449761284724,28975.33678089991,senario_A
2025-01-30 05:00:00,41809.59648003472,0.7577800902724265,11884.237662760415,29924.60103718403,senario_A
2025-01-30 06:00:00,42932.51162977431,0.7784022718171277,11993.015738932292,30938.717488570197,senario_A
2025-01-30 07:00:00,45911.91777560764,0.8295952473208308,12275.496015896268,33635.59216446405,senario_A
2025-01-30 08:00:00,47609.98580729167,72.28757060127954,12798.343152669271,34739.35508402112,senario_A
2025-01-30 09:00:00,48210.6220811632,4644.673622283936,14052.937919921877,29513.010538957387,senario_A
2025-01-30 10:00:00,48382.60114474827,12773.393269042968,12862.418108452692,22746.7897672526,senario_A
2025-01-30 11:00:00,48472.54332139757,15618.55369140625,13391.162164713542,19462.827465277784,senario_A
2025-01-30 12:00:00,48426.36955837673,17318.554620768227,16403.689383680554,14704.125553927952,senario_A
2025-01-30 13:00:00,48715.11700086806,16907.520158284507,19316.62262152778,12490.97422105577,senario_A
2025-01-30 14:00:00,49252.80920355903,16189.28194173177,21030.887797309028,12032.63946451823,senario_A
2025-01-30 15:00:00,49118.57597113715,15126.482989908855,21569.026484375,12423.066496853298,senario_A
2025-01-30 16:00:00,48487.14746744792,12512.637219645183,21330.40982042101,14644.100427381723,senario_A
2025-01-30 17:00:00,48043.59514865452,8580.071400553385,21176.407972547742,18287.115775553386,senario_A
2025-01-30 18:00:00,48097.59557725694,3284.921419576009,21583.704058702257,23228.97009897868,senario_A
2025-01-30 19:00:00,49171.73965820312,61.34856099310021,21646.31954047309,27464.07155673693,senario_A
2025-01-30 20:00:00,49230.37321180556,0.6206548367689053,21305.664405381944,27924.08815158685,senario_A
2025-01-30 21:00:00,48816.500340711806,0.9621525967121125,22162.31866753472,26653.219520580376,senario_A
2025-01-30 22:00:00,48120.549682074656,1.0453826813896496,22365.81494140625,25753.689357987016,senario_A
2025-01-30 23:00:00,46411.14770073785,0.777376045535008,22205.70091145833,24204.66941323398,senario_A
2025-01-31 00:00:00,44121.93018229167,0.7736953096836805,21885.64442545573,22235.512061526257,senario_A
2025-01-31 01:00:00,43485.546486545136,0.7841896963119506,21803.54025824653,21681.222038602293,senario_A
2025-01-31 02:00:00,43133.66612630209,0.8322101177151005,21403.59822428385,21729.235691900518,senario_A
2025-01-31 03:00:00,42705.33057617187,0.7171211681514977,21447.13444607205,21257.479008931674,senario_A
2025-01-31 04:00:00,42756.43687934028,0.768468195113043,21668.755583224825,21086.912827920343,senario_A
2025-01-31 05:00:00,43731.24397460937,0.8079386601845423,21797.963149414063,21932.472886535128,senario_A
2025-01-31 06:00:00,45997.4789453125,1.0667877464989821,21945.9008203125,24050.511337253494,senario_A
2025-01-31 07:00:00,49887.38547309028,0.9790109481414159,22398.21381076389,27488.192651378253,senario_A
2025-01-31 08:00:00,51840.86078342014,851.7569696110486,22968.695291341144,28020.408522467944,senario_A
2025-01-31 09:00:00,52573.98541015625,13945.264630126952,22104.107332899304,16524.613447129992,senario_A
2025-01-31 10:00:00,53307.82805447048,27410.029767659504,18470.1309358724,7427.66735093858,senario_A
2025-01-31 11:00:00,50814.52051757812,26551.480960286455,17319.14719184028,6943.892365451389,senario_A
2025-01-31 12:00:00,48899.01978732639,22899.897341308595,17775.94516547309,8223.177280544704,senario_A
2025-01-31 13:00:00,47809.226903211806,21628.162159016927,17216.467503797743,8964.597240397135,senario_A
2025-01-31 14:00:00,46845.514131944445,21505.328723958333,16042.151356336806,9298.034051649305,senario_A
2025-01-31 15:00:00,46183.96037760417,22175.26954345703,14181.764009060327,9826.926825086812,senario_A
2025-01-31 16:00:00,46106.683662109375,22715.696040852865,11638.16668701172,11752.82093424479,senario_A
2025-01-31 17:00:00,46233.11895833333,19740.857462972002,8288.494345703126,18203.767149658204,senario_A
2025-01-31 18:00:00,46695.382400173614,8334.552902526855,4568.009240451389,33792.82025719537,senario_A
2025-01-31 19:00:00,47871.37981336805,119.02239021847646,2070.50824991862,45681.849173230956,senario_A
2025-01-31 20:00:00,47809.077041015626,0.45746953094999,1444.5696441311306,46364.049927353546,senario_A
2025-01-31 21:00:00,47488.98342230903,0.5541461383799712,1505.8836870659725,45982.54558910468,senario_A
2025-01-31 22:00:00,47061.21308702257,0.6871053729454676,1654.8898885091146,45405.63609314051,senario_A
2025-01-31 23:00:00,46287.7406108941,0.7289123809337616,2190.2971893988715,44096.714509114296,senario_A
2025-02-01 00:00:00,45456.20244574653,0.7048389480635523,3458.420855034722,41997.07675176374,senario_A
2025-02-01 01:00:00,44662.96997938368,0.7138880000511805,4706.093046875,39956.16304450863,senario_A
2025-02-01 02:00:00,44586.70826388889,0.7188230489691098,5980.801774088542,38605.18766675138,senario_A
2025-02-01 03:00:00,44222.07370659722,0.7606019519766172,7455.653062065972,36765.66004257927,senario_A
2025-02-01 04:00:00,44686.50680230035,0.7623757587994138,9353.766270887589,35331.97815565396,senario_A
2025-02-01 05:00:00,45643.36863823784,0.760867116500934,10528.359890407986,35114.24788071335,senario_A
2025-02-01 06:00:00,47028.27893446181,0.779681109637022,11102.052820095489,35925.446433256686,senario_A
2025-02-01 07:00:00,49029.63706380208,0.7804084239403406,11428.585887586803,37600.27076779134,senario_A
2025-02-01 08:00:00,50972.00244791667,1400.4507613922656,12435.822586805556,37135.72909971884,senario_A
2025-02-01 09:00:00,51653.46124131944,17550.74587972005,13916.545697157118,20186.16966444227,senario_A
2025-02-01 10:00:00,50179.92786458333,31771.39724934896,12381.197731662329,6027.332883572044,senario_A
2025-02-01 11:00:00,48851.804947916666,32846.33991292318,11891.912334255643,4113.552700737846,senario_A
2025-02-01 12:00:00,47742.58417534722,28958.102313639316,14122.091853569878,4662.390008138025,senario_A
2025-02-01 13:00:00,46536.426041666666,24739.833053385417,15798.268024088542,5998.324964192707,senario_A
2025-02-01 14:00:00,46440.76235026042,23291.226294352215,16564.08043701172,6585.455618896485,senario_A
2025-02-01 15:00:00,46038.79032009549,21161.406979166666,17411.575693359377,7465.807647569447,senario_A
2025-02-01 16:00:00,45823.57814453125,19582.188107503254,18050.57922309028,8190.810813937718,senario_A
2025-02-01 17:00:00,45517.69701171875,16147.373330078124,18765.1745703125,10605.149111328126,senario_A
2025-02-01 18:00:00,45438.74246853299,6363.376365152995,19423.3341796875,19652.031923692495,senario_A
2025-02-01 19:00:00,46327.32643229167,118.90933122615019,21874.21434244792,24334.202758617605,senario_A
2025-02-01 20:00:00,46488.51320746528,0.46503574013710014,24506.251783854168,21981.79638787097,senario_A
2025-02-01 21:00:00,45804.05188585069,0.7449064826716978,25234.58605685764,20568.72092251038,senario_A
2025-02-01 22:00:00,45286.43515516493,0.9237027459343274,25465.44760199653,19820.06385042247,senario_A
2025-02-01 23:00:00,44471.66924153646,0.8837664864708981,25879.40041612413,18591.38505892586,senario_A
2025-02-02 00:00:00,43617.11466905382,0.8815369888643425,26086.65830295139,17529.57482911357,senario_A
2025-02-02 01:00:00,42934.36931315104,0.8730253025392691,26198.331796875,16735.164490973493,senario_A
2025-02-02 02:00:00,42553.20039713541,0.8579270199437936,25927.18660861545,16625.15586150002,senario_A
2025-02-02 03:00:00,42140.950575086805,1.0568920867641767,25930.56003092448,16209.333652075558,senario_A
2025-02-02 04:00:00,41788.432102864586,1.028457816640536,25154.187337239586,16633.21630780836,senario_A
2025-02-02 05:00:00,41805.67228515625,0.9722252506266038,24481.505745442708,17323.19431446292,senario_A
2025-02-02 06:00:00,42842.83580186632,0.8873138861358165,23919.52599175347,18922.42249622671,senario_A
2025-02-02 07:00:00,43962.08205078125,0.8603928367793561,22345.982059461807,21615.239598482665,senario_A
2025-02-02 08:00:00,45333.51245659722,1220.5940849301714,20125.20529296875,23987.713078698303,senario_A
2025-02-02 09:00:00,47234.81022786458,16633.26827392578,17251.397703993054,13350.144249945748,senario_A
2025-02-02 10:00:00,47546.31722873264,31542.819313964836,11247.337392306858,4756.160522460945,senario_A
2025-02-02 11:00:00,46111.889645182295,33007.48822509765,9368.182998860677,3736.2184212239663,senario_A
2025-02-02 12:00:00,44992.58459743924,31474.30072265625,9284.95300672743,4233.330868055562,senario_A
2025-02-02 13:00:00,44194.19993489584,30480.2917944336,9032.900309787326,4681.007830674915,senario_A
2025-02-02 14:00:00,44730.25810546875,30699.631469726562,9523.274236382378,4507.352399359806,senario_A
2025-02-02 15:00:00,45668.8680078125,29184.583258463535,11246.462160915798,5237.82258843317,senario_A
2025-02-02 16:00:00,46483.96394965277,26624.625813802086,13400.767803819444,6458.570332031237,senario_A
2025-02-02 17:00:00,46879.32111111111,23032.47220377604,15215.34550564236,8631.503401692707,senario_A
2025-02-02 18:00:00,46964.38831814236,8156.643298034667,16639.52453233507,22168.220487772625,senario_A
2025-02-02 19:00:00,48368.84320746528,142.80085768043995,19150.766423611112,29075.275926173726,senario_A
2025-02-02 20:00:00,48610.878567708336,0.6915806801617146,23889.361119791665,24720.82586723651,senario_A
2025-02-02 21:00:00,48198.519111328125,0.9064386217544477,26164.072298177085,22033.540374529282,senario_A
2025-02-02 22:00:00,46750.63548394097,0.9667087139189243,26251.845475260416,20497.823299966636,senario_A
2025-02-02 23:00:00,44711.61131618924,0.9188302925725778,26107.47798394097,18603.214501955696,senario_A
2025-02-03 00:00:00,42701.33507486979,1.008904786358277,26284.457999131944,16415.86817095149,senario_A
2025-02-03 01:00:00,41646.86656901042,0.9873423921565214,26103.91652994792,15541.962696670336,senario_A
2025-02-03 02:00:00,40892.59358506944,0.782224512025714,25402.570998263887,15489.240362293524,senario_A
2025-02-03 03:00:00,40081.50717881945,0.8445845883091291,24379.86429470486,15700.798299526276,senario_A
2025-02-03 04:00:00,39655.01449544271,0.8655797395234306,23799.52886013455,15854.620055568634,senario_A
2025-02-03 05:00:00,39836.159937065975,0.8574254065255325,23831.35449869792,16003.94801296153,senario_A
2025-02-03 06:00:00,41879.30600260416,1.2268649766842523,24809.88005642361,17068.19908120386,senario_A
2025-02-03 07:00:00,44921.39939453125,1.3766993263115483,24953.00316297743,19967.019532227503,senario_A
2025-02-03 08:00:00,46381.07391927084,677.9936763464411,23396.844838867182,22306.235404057217,senario_A
2025-02-03 09:00:00,47007.53356336806,11281.361569824217,20301.83625868056,15424.335734863285,senario_A
2025-02-03 10:00:00,47854.50425564236,22887.38643717448,15400.26693359375,9566.85088487413,senario_A
2025-02-03 11:00:00,47777.13076280382,25830.32764404297,11786.524381239147,10160.278737521703,senario_A
2025-02-03 12:00:00,48461.78382052951,27433.27936279297,10011.481057400171,11017.02340033637,senario_A
2025-02-03 13:00:00,48306.98402777778,27892.127654622396,9303.659657118056,11111.196716037324,senario_A
2025-02-03 14:00:00,49368.46221788194,28308.651217447918,8745.864016927084,12313.94698350694,senario_A
2025-02-03 15:00:00,50581.43828450521,29006.037080078127,9265.376978081596,12310.024226345486,senario_A
2025-02-03 16:00:00,51701.95038845486,28741.399733072914,9176.932960069444,13783.617695312503,senario_A
2025-02-03 17:00:00,52154.85676757812,23240.306599934895,9090.29361219618,19824.25655544705,senario_A
2025-02-03 18:00:00,52405.950071614585,7551.0738857014985,9640.66804470486,35214.20814120823,senario_A
2025-02-03 19:00:00,52547.40503146702,121.29296793460846,12055.655707465276,40370.45635606714,senario_A
2025-02-03 20:00:00,52303.90775065104,0.5880098535120487,15118.708076171875,37184.61166462565,senario_A
2025-02-03 21:00:00,51215.40792534722,0.6438114105165005,17636.47255642361,33578.29155751309,senario_A
2025-02-03 22:00:00,49535.56729817709,0.6681422100091974,20383.663720703124,29151.23543526396,senario_A
2025-02-03 23:00:00,47239.09261610243,0.7911405252416929,22075.78486111111,25162.516614466076,senario_A
2025-02-04 00:00:00,44640.82629340278,0.8767926028370856,22678.877914496527,21961.071586303417,senario_A
2025-02-04 01:00:00,43009.107345920136,0.7093440440793831,22877.180021701388,20131.217980174668,senario_A
2025-02-04 02:00:00,42304.19127061632,0.7160184520483017,22558.64233452691,19744.832917637363,senario_A
2025-02-04 03:00:00,40837.29724934896,0.7315723524987698,21109.08970703125,19727.475969965213,senario_A
2025-02-04 04:00:00,40374.01740017361,0.7294981093704701,18705.585481770835,21667.7024202934,senario_A
2025-02-04 05:00:00,40485.69052408854,0.7371646045148371,17624.34689670139,22860.606462782634,senario_A
2025-02-04 06:00:00,41990.26445203993,0.7608787863453229,16627.466587456598,25362.036985796993,senario_A
2025-02-04 07:00:00,44793.12489800347,0.7870873494570454,15769.65797688802,29022.679833766,senario_A
2025-02-04 08:00:00,46349.32266818576,256.35157797982293,14797.898483072917,31295.07260713302,senario_A
2025-02-04 09:00:00,46957.34755967882,5960.626371663411,13213.78904405382,27782.93214396159,senario_A
2025-02-04 10:00:00,48015.70733832465,12922.921072591147,10974.15377061632,24118.632495117185,senario_A
2025-02-04 11:00:00,48568.12256944445,16503.496444498698,9356.05527967665,22708.570845269103,senario_A
2025-02-04 12:00:00,49274.029390190975,19766.90532918294,8465.522960883247,21041.60110012479,senario_A
2025-02-04 13:00:00,49863.77566948785,21498.047761637372,8021.935491672092,20343.792416178385,senario_A
2025-02-04 14:00:00,50658.19370225695,22125.82371785482,7845.848524983724,20686.521459418404,senario_A
2025-02-04 15:00:00,52223.70751953125,21831.943341471353,8507.86153998481,21883.902638075087,senario_A
2025-02-04 16:00:00,52970.64360677084,20982.466402180995,8759.646064995659,23228.53113959419,senario_A
2025-02-04 17:00:00,52717.88264105903,19301.675517985026,9163.896458333333,24252.31066474068,senario_A
2025-02-04 18:00:00,51886.98614149306,7098.77389485677,10357.158951822918,34431.05329481337,senario_A
2025-02-04 19:00:00,52001.90842881944,159.351613127167,11414.364609917537,40428.192205774736,senario_A
2025-02-04 20:00:00,51600.53253255208,0.5605988149965803,12488.419266764324,39111.55266697276,senario_A
2025-02-04 21:00:00,50101.18517686632,0.6988568990925947,12390.17339952257,37710.31292044466,senario_A
2025-02-04 22:00:00,48831.18681206597,0.660464811772108,11771.117738715278,37059.40860853892,senario_A
2025-02-04 23:00:00,46434.55544813368,0.6933576518297194,10896.310073784722,35537.55201669713,senario_A
2025-02-05 00:00:00,43881.17044270833,0.7118405761321385,9957.209797092011,33923.24880504019,senario_A
2025-02-05 01:00:00,43327.79830512153,0.7295661630233128,10436.182437065972,32890.886301892526,senario_A
2025-02-05 02:00:00,41888.07116753472,0.7402954711019993,10790.25244466146,31097.078427402157,senario_A
2025-02-05 03:00:00,40861.92026909722,0.7380338675280411,10540.036847873263,30321.14538735643,senario_A
2025-02-05 04:00:00,41041.00737196181,0.7566027749578158,10440.74304796007,30599.507721226782,senario_A
2025-02-05 05:00:00,42430.914763454864,0.770731480071942,11453.340338541666,30976.803693433125,senario_A
2025-02-05 06:00:00,43171.68672743056,0.8661395880579947,11831.505938585067,31339.314649257438,senario_A
2025-02-05 07:00:00,45125.4162890625,0.8649430718024571,11161.929263237847,33962.62208275285,senario_A
2025-02-05 08:00:00,46493.08950737847,171.7527627215286,11916.520024956597,34404.81671970034,senario_A
2025-02-05 09:00:00,47169.30354166667,3165.065989379883,12754.877086588542,31249.360465698246,senario_A
2025-02-05 10:00:00,48709.70190972222,8854.913987223306,13554.679620225694,26300.10830227322,senario_A
2025-02-05 11:00:00,50268.531861979165,14409.966757812499,15494.389946831598,20364.175157335067,senario_A
2025-02-05 12:00:00,51303.41741753472,17552.74236816406,17899.22482638889,15851.450222981774,senario_A
2025-02-05 13:00:00,52033.37490451389,18516.357944335938,19044.58881076389,14472.42814941406,senario_A
2025-02-05 14:00:00,52206.74298177083,19326.50249674479,19039.310093315973,13840.93039171007,senario_A
2025-02-05 15:00:00,52255.38127821181,18156.84052408854,18903.666726345487,15194.874027777783,senario_A
2025-02-05 16:00:00,52692.19837890625,18011.295600585938,18858.065414496527,15822.837363823786,senario_A
2025-02-05 17:00:00,52484.13450737847,15668.748219401039,18886.52562282986,17928.86066514757,senario_A
2025-02-05 18:00:00,52255.977078993055,6582.260480143229,19347.638203125,26326.078395724824,senario_A
2025-02-05 19:00:00,52427.68125108507,164.36158708212275,20383.41732910156,31879.902334901388,senario_A
2025-02-05 20:00:00,52344.94814019097,0.6620024259885151,23552.438793402776,28791.847344362206,senario_A
2025-02-05 21:00:00,51382.80291883681,1.2107937174538772,25222.161575520837,26159.43054959852,senario_A
2025-02-05 22:00:00,50034.32331597222,1.047066151201725,25291.761827256945,24741.514422564076,senario_A
2025-02-05 23:00:00,47659.36309027778,1.2392785959442456,24936.763072916667,22721.36073876517,senario_A
2025-02-06 00:00:00,45617.10969184028,0.9808654700716336,24273.048018663198,21343.080807707018,senario_A
2025-02-06 01:00:00,44066.69749782986,0.8189426761368911,23458.78143880208,20607.09711635164,senario_A
2025-02-06 02:00:00,42464.35996744792,0.7750739696125188,22564.497641059028,19899.08725241928,senario_A
2025-02-06 03:00:00,41491.136015625,0.797545352379481,22021.69504557292,19468.643424699705,senario_A
2025-02-06 04:00:00,40828.16891493055,0.8136291035513082,21383.32801649305,19444.027269333954,senario_A
2025-02-06 05:00:00,40749.66020616319,0.8251524700721106,21014.05451388889,19734.78053980423,senario_A
2025-02-06 06:00:00,42113.77307508681,0.8392733934521676,20621.290516493056,21491.643285200298,senario_A
2025-02-06 07:00:00,43731.11069878472,0.838807719697555,18497.170043402777,25233.101847662252,senario_A
2025-02-06 08:00:00,44698.583268229166,484.05790930360564,17532.664735243055,26681.860623682504,senario_A
2025-02-06 09:00:00,45993.15412109375,8877.495213623046,15611.581412760415,21504.077494710284,senario_A
2025-02-06 10:00:00,49355.45412760416,20888.35431152344,12503.629332682292,15963.470483398425,senario_A
2025-02-06 11:00:00,49292.87418619792,25653.54799641927,9198.090130750868,14441.236059027782,senario_A
2025-02-06 12:00:00,49969.29274305556,26973.168844401043,7489.969245334201,15506.154653320313,senario_A
2025-02-06 13:00:00,50794.91026692709,27814.59418619792,6709.5364979383685,16270.7795827908,senario_A
2025-02-06 14:00:00,52380.84022135416,27871.70129231771,6174.232058376736,18334.906870659717,senario_A
2025-02-06 15:00:00,53658.22905598959,27883.313203125,6219.088690863715,19555.827162000878,senario_A
2025-02-06 16:00:00,54614.19606336806,27954.74225016276,6780.0668359375,19879.386977267797,senario_A
2025-02-06 17:00:00,54977.42732638889,23539.952338867188,8217.347707248264,23220.12728027344,senario_A
2025-02-06 18:00:00,54671.887074652775,8443.886411743164,9983.24673611111,36244.7539267985,senario_A
2025-02-06 19:00:00,53663.55140625,209.4857017339021,12678.907178819443,40775.15852569666,senario_A
2025-02-06 20:00:00,53266.45348524306,4.574905137072007,15793.982197265625,37467.896382840365,senario_A
2025-02-06 21:00:00,52370.260418836806,2.749760175247987,17403.134659288193,34964.37599937337,senario_A
2025-02-06 22:00:00,50831.99051215278,0.6043018578986327,17094.18171657986,33737.20449371502,senario_A
2025-02-06 23:00:00,48215.34448784722,0.5980677229166032,15017.956354166668,33196.79006595764,senario_A
2025-02-07 00:00:00,45125.63954861112,0.6385505243639151,12258.496117621527,32866.504880465225,senario_A
2025-02-07 01:00:00,43332.712102864585,0.718579591612021,10265.165029296875,33066.8284939761,senario_A
2025-02-07 02:00:00,42211.12865451389,0.7258685595790545,9698.53964735243,32511.863138601875,senario_A
2025-02-07 03:00:00,41598.9040516493,0.7482772147158782,8851.572608506944,32746.58316592764,senario_A
2025-02-07 04:00:00,41725.02532986111,0.7636910144984721,8925.382058376736,32798.879580469875,senario_A
2025-02-07 05:00:00,41479.90698350695,0.7817033716042836,7824.293972981771,33654.831307153574,senario_A
2025-02-07 06:00:00,42885.912194010416,0.7933327737326423,7630.073288438585,35255.045572798095,senario_A
2025-02-07 07:00:00,45630.73976128472,0.7709848253428937,7826.217509765625,37803.751266693755,senario_A
2025-02-07 08:00:00,46813.48764322917,265.6622511603435,8054.877228190104,38492.948163878726,senario_A
2025-02-07 09:00:00,47356.9085546875,5323.834875488281,7673.661387261284,34359.41229193793,senario_A
2025-02-07 10:00:00,48558.21808810764,12475.256490071613,7086.031389431424,28996.9302086046,senario_A
2025-02-07 11:00:00,49832.9713671875,15770.593528645833,6764.278011610243,27298.099826931422,senario_A
2025-02-07 12:00:00,50882.53483181424,19026.289836832682,7261.38318508572,24594.86180989584,senario_A
2025-02-07 13:00:00,51615.441907552085,21529.15117919922,8541.314149305555,21544.97657904731,senario_A
2025-02-07 14:00:00,52973.24573133681,24064.050978190106,10221.828411458331,18687.366341688372,senario_A
2025-02-07 15:00:00,54555.54131835938,24944.184423014325,11984.561026475694,17626.795868869358,senario_A
2025-02-07 16:00:00,54358.03906684028,24824.637659505206,14791.354969618056,14742.046437717021,senario_A
2025-02-07 17:00:00,54389.71643012153,21629.2274597168,17346.475183376737,15414.013787027994,senario_A
2025-02-07 18:00:00,53401.691922743055,8208.212958272297,18139.651929253472,27053.827035217284,senario_A
2025-02-07 19:00:00,53087.9305078125,233.08087169100844,19526.50558810764,33328.34404801385,senario_A
2025-02-07 20:00:00,52431.511569010414,0.6124117058515549,23630.09245876736,28800.806698537202,senario_A
2025-02-07 21:00:00,51271.074205729165,0.8264754421015581,25836.763511284724,25433.484219002337,senario_A
2025-02-07 22:00:00,50464.57607638889,1.1083952295283477,26425.97036675347,24037.49731440589,senario_A
2025-02-07 23:00:00,49096.183836805554,0.9663673940797647,26549.857350260416,22545.360119151057,senario_A
2025-02-08 00:00:00,46970.92619791667,1.3109139620264372,26847.51103732639,20122.104246628252,senario_A
2025-02-08 01:00:00,45278.35394965278,0.9841047714153925,26671.074127604166,18606.2957172772,senario_A
2025-02-08 02:00:00,44143.78753580729,0.9581470384200415,26520.98961046007,17621.8397783088,senario_A
2025-02-08 03:00:00,43166.14822048611,0.824012853105863,26163.26762586805,17002.056581764955,senario_A
2025-02-08 04:00:00,42465.92526801215,0.9543629830082259,25784.69876736111,16680.27213766803,senario_A
2025-02-08 05:00:00,41928.026640625,0.7695212800304094,25085.561592881942,16841.695526463027,senario_A
2025-02-08 06:00:00,41872.70540364584,0.7757467754681904,24378.257779947915,17493.671876922457,senario_A
2025-02-08 07:00:00,42680.1355859375,0.7610659496486186,24126.72912109375,18552.645398894103,senario_A
2025-02-08 08:00:00,43424.08011067708,756.2226030248901,23437.88851996528,19229.96898768691,senario_A
2025-02-08 09:00:00,45409.65269748264,9549.782338460287,21192.35942274305,14667.510936279301,senario_A
2025-02-08 10:00:00,48698.32783854166,20546.297942708334,18435.46910590278,9716.56078993055,senario_A
2025-02-08 11:00:00,50646.38158854167,27065.29356933594,17038.652743055554,6542.435276150176,senario_A
2025-02-08 12:00:00,51141.03051215278,29202.820244140625,16071.080665147569,5867.129602864585,senario_A
2025-02-08 13:00:00,52651.40796440972,29742.20343424479,16278.11820529514,6631.08632486979,senario_A
2025-02-08 14:00:00,54381.15578559028,27983.483336588535,17753.85781467014,8643.814634331604,senario_A
2025-02-08 15:00:00,55507.5673828125,27717.716533203118,18737.15668185764,9052.694167751742,senario_A
2025-02-08 16:00:00,56134.02481336806,27428.486565755215,18674.91265625,10030.625591362845,senario_A
2025-02-08 17:00:00,55675.650703125,22117.502763671873,19765.38380208333,13792.764137369799,senario_A
2025-02-08 18:00:00,54019.25009114584,8067.134837137857,21711.58248263889,24240.532771369097,senario_A
2025-02-08 19:00:00,52560.203016493055,198.501486923201,21860.218995225696,30501.482534344155,senario_A
2025-02-08 20:00:00,51746.75237196181,0.2207528625552852,23037.70797960069,28708.82363949856,senario_A
2025-02-08 21:00:00,50482.61150607639,0.4812492011735837,22867.37152560764,27614.758731267575,senario_A
2025-02-08 22:00:00,49444.6788921441,0.5664812442536156,20933.856873372395,28510.255537527446,senario_A
2025-02-08 23:00:00,47764.79541015625,0.5482457595566909,18558.38382595486,29205.86333844183,senario_A
2025-02-09 00:00:00,45419.52211371528,0.5818458824356396,15962.065461154514,29456.874806678326,senario_A
2025-02-09 01:00:00,43895.12549913194,0.5999883631368477,14607.508202039931,29287.017308728868,senario_A
2025-02-09 02:00:00,42809.51029513889,0.6153538767496745,14880.053779296875,27928.84116196527,senario_A
2025-02-09 03:00:00,43076.21090060764,0.6130405161281427,15476.664633246528,27598.933226844983,senario_A
2025-02-09 04:00:00,41757.72660373264,0.6257720470428466,15875.788932562937,25881.31189912266,senario_A
2025-02-09 05:00:00,41272.87974826389,0.7025267881155013,15763.856870117188,25508.320351358583,senario_A
2025-02-09 06:00:00,41256.22511393229,0.6955857285733025,15383.015691460503,25872.513836743216,senario_A
2025-02-09 07:00:00,41691.62654513889,0.7020832125966747,14726.817970377604,26964.106491548686,senario_A
2025-02-09 08:00:00,42634.60679036458,253.32110549986362,13878.708947753908,28502.576737110812,senario_A
2025-02-09 09:00:00,44842.196139322914,4921.218552347818,11832.069519042969,28088.908067932127,senario_A
2025-02-09 10:00:00,47403.4133203125,11257.38231974284,11117.492586805556,25028.53841376411,senario_A
2025-02-09 11:00:00,48453.58134874132,15377.254041341146,9352.09270968967,23724.2345977105,senario_A
2025-02-09 12:00:00,49423.45304036458,17712.94201334635,7472.288035481771,24238.222991536455,senario_A
2025-02-09 13:00:00,50392.67252170139,19153.495061848953,6857.533227403429,24381.644232449005,senario_A
2025-02-09 14:00:00,51222.58218315972,19295.663243815106,6905.152594943576,25021.76634440104,senario_A
2025-02-09 15:00:00,51970.028595920136,19302.57803588867,7373.050846354166,25294.3997136773,senario_A
2025-02-09 16:00:00,52353.077105034725,16829.42641479492,7849.682985975477,27673.967704264327,senario_A
2025-02-09 17:00:00,52840.991688368056,13242.882821451822,8407.063638780382,31191.045228135852,senario_A
2025-02-09 18:00:00,52491.89366970486,5331.002483113607,9181.433073730468,37979.45811286078,senario_A
2025-02-09 19:00:00,52076.12449435764,231.69189346472422,9516.616850585937,42327.815750306974,senario_A
2025-02-09 20:00:00,51262.28942925347,0.43656127876291667,10002.059901801214,41259.79296617349,senario_A
2025-02-09 21:00:00,50780.97943142361,0.5460148870075742,9659.749157443575,41120.68425909303,senario_A
2025-02-09 22:00:00,49884.4416015625,0.6168416469792525,8709.9346999783,41173.89005993722,senario_A
2025-02-09 23:00:00,48495.87723198785,0.6221064788351456,8535.092965494792,39960.162160014224,senario_A
2025-02-10 00:00:00,46331.27319661458,0.6478792786101499,8387.776067708333,37942.84924962764,senario_A
2025-02-10 01:00:00,44905.98134874132,0.6635387671987215,7364.297473958333,37541.02033601579,senario_A
2025-02-10 02:00:00,44008.24734700521,0.6536931791901588,7092.960221082899,36914.63343274312,senario_A
2025-02-10 03:00:00,43125.205443793406,0.6950068432092665,5976.981005859375,37147.52943109082,senario_A
2025-02-10 04:00:00,42854.17458333333,0.678286342372497,5408.899147406684,37444.597149584275,senario_A
2025-02-10 05:00:00,43248.79513020833,0.6821989237144589,5033.301621500651,38214.81130978397,senario_A
2025-02-10 06:00:00,45100.89566840278,0.6603960362821817,4994.950116238064,40105.28515612843,senario_A
2025-02-10 07:00:00,48375.26875434028,0.6791810230289896,5394.160790608724,42980.42878270853,senario_A
2025-02-10 08:00:00,50382.42118055555,105.66240359892447,5273.029484049479,45003.729292907155,senario_A
2025-02-10 09:00:00,50882.969296875,1306.8287497965496,4195.639158799913,45380.50138827854,senario_A
2025-02-10 10:00:00,51328.36763563368,3495.8496739705406,2874.552340698242,44957.9656209649,senario_A
2025-02-10 11:00:00,52142.99585177952,5519.6185368855795,2220.3591556803385,44403.0181592136,senario_A
2025-02-10 12:00:00,52727.78006510417,6954.351174825033,2170.0896610514324,43603.339229227706,senario_A
2025-02-10 13:00:00,53344.58473524306,8712.610315755208,2832.9592252604166,41799.01519422743,senario_A
2025-02-10 14:00:00,53224.749765625,8326.45348063151,3779.0096565755207,41119.28662841796,senario_A
2025-02-10 15:00:00,53030.80594618055,6397.096423746745,4486.826710611979,42146.88281182183,senario_A
2025-02-10 16:00:00,53559.27000434028,4494.101243489584,5418.989697265625,43646.17906358507,senario_A
2025-02-10 17:00:00,53567.143654513886,2903.3341646321614,5762.755209418403,44901.054280463315,senario_A
2025-02-10 18:00:00,53838.503203125,636.6805251057943,5848.12774359809,47353.69493442112,senario_A
2025-02-10 19:00:00,54730.01782552083,12.802553352465232,6092.896997612847,48624.31827455552,senario_A
2025-02-10 20:00:00,54646.589262152775,0.6082915459076563,6781.988223741319,47863.99274686555,senario_A
2025-02-10 21:00:00,53996.84667100695,0.5861946494877337,7032.828980034722,46963.431496322744,senario_A
2025-02-10 22:00:00,52994.60973524306,0.5860125712056954,7847.778949652778,45146.244773019076,senario_A
2025-02-10 23:00:00,50530.16282118056,0.6478023681541284,8612.51337890625,41917.00163990616,senario_A
2025-02-11 00:00:00,48372.0675390625,0.6395959648986657,7941.673286132813,40429.75465696478,senario_A
2025-02-11 01:00:00,46846.046141493054,0.6429074436922868,7859.395065104167,38986.0081689452,senario_A
2025-02-11 02:00:00,45795.04802083333,0.6607021843890349,8357.26304578993,37437.124272859015,senario_A
2025-02-11 03:00:00,45430.80101996528,0.6660929697255292,7696.430027126736,37733.70489986882,senario_A
2025-02-11 04:00:00,45324.34598090278,0.6949878366788227,7934.463303493923,37389.18768957217,senario_A
2025-02-11 05:00:00,45650.56745225695,0.6918059232334296,7698.789645724826,37951.08600060889,senario_A
2025-02-11 06:00:00,47665.62887586805,0.6981929223736126,7625.447764756945,40039.48291818873,senario_A
2025-02-11 07:00:00,50769.020546875,0.6821672671536605,7701.383473849826,43066.95490575802,senario_A
2025-02-11 08:00:00,52332.64498697917,121.39173750594259,8316.299896918403,43894.953352554825,senario_A
2025-02-11 09:00:00,52999.32338107639,2416.206963348389,8335.661342230902,42247.4550754971,senario_A
2025-02-11 10:00:00,53594.42931857639,5730.541116943359,9770.31007703993,38093.5781245931,senario_A
2025-02-11 11:00:00,53589.17625434028,7645.676103515625,9048.363861762153,36895.1362890625,senario_A
2025-02-11 12:00:00,53575.79986979167,9234.191000976562,8338.46133843316,36003.147530381946,senario_A
2025-02-11 13:00:00,54048.69621961805,10212.79622639974,8001.194609917535,35834.705383300774,senario_A
2025-02-11 14:00:00,53800.32100477431,10074.183537801107,8154.32572672526,35571.81174024794,senario_A
2025-02-11 15:00:00,54128.21323784722,9452.494913736979,8639.222985026041,36036.495339084206,senario_A
2025-02-11 16:00:00,53908.83426649305,7631.851086425781,9678.066654730905,36598.91652533636,senario_A
2025-02-11 17:00:00,53771.142999131946,4874.619792480468,10832.810926649305,38063.712280002175,senario_A
2025-02-11 18:00:00,54317.68684461805,1212.8767109680175,11766.90873046875,41337.901403181284,senario_A
2025-02-11 19:00:00,55332.36611002604,47.69265474150578,12426.423449164497,42858.25000612004,senario_A
2025-02-11 20:00:00,55344.24532118056,0.7543048295875391,12694.367022569444,42649.12399378153,senario_A
2025-02-11 21:00:00,54653.793125,0.8488019165893395,13525.308878038197,41127.63544504521,senario_A
2025-02-11 22:00:00,53362.48134114583,0.8935666400194169,12817.732905815972,40543.854868689836,senario_A
2025-02-11 23:00:00,51169.26365017361,0.8699405957758427,11111.794222005208,40056.59948757263,senario_A
2025-02-12 00:00:00,49042.43370876736,0.7935709312558175,8705.028251953125,40336.61188588298,senario_A
2025-02-12 01:00:00,47604.77930230035,1.9758183961858349,6693.16956366645,40909.633920237706,senario_A
2025-02-12 02:00:00,46361.597734375,0.6983248600363731,5559.851107855903,40801.04830165906,senario_A
2025-02-12 03:00:00,45863.03108832465,0.715131040600439,5389.242013346354,40473.0739439377,senario_A
2025-02-12 04:00:00,45774.89356987847,0.7536245450625817,4801.474767523871,40972.66517780954,senario_A
2025-02-12 05:00:00,46249.73065538194,0.7542057870328427,4491.64654405382,41757.32990554109,senario_A
2025-02-12 06:00:00,47727.954585503474,0.739722077002128,4177.984616699218,43549.23024672725,senario_A
2025-02-12 07:00:00,50884.09223849826,0.7846110520263513,4460.799279106988,46422.50834833925,senario_A
2025-02-12 08:00:00,52280.96960611979,297.37883781810604,5142.871935221354,46840.71883308033,senario_A
2025-02-12 09:00:00,52822.14607638889,2145.136016031901,5718.978368055556,44958.03169230143,senario_A
2025-02-12 10:00:00,54071.13134548611,5315.661486816406,6903.800024414062,41851.66983425564,senario_A
2025-02-12 11:00:00,54881.85309461805,9012.247668457032,6850.976304796007,39018.629121365004,senario_A
2025-02-12 12:00:00,54969.22433051215,12041.964878743489,6880.262971462674,36046.99648030599,senario_A
2025-02-12 13:00:00,54747.33015190972,14503.476007486981,7918.176930881076,32325.67721354167,senario_A
2025-02-12 14:00:00,54351.46999348958,15975.81119954427,8777.28906656901,29598.369727376306,senario_A
2025-02-12 15:00:00,54019.81853298611,13559.735447591147,9514.778782552085,30945.304302842873,senario_A
2025-02-12 16:00:00,54627.76672309028,10497.601675008138,11782.864892849391,32347.300155232748,senario_A
2025-02-12 17:00:00,56063.79269639757,7716.7813478597,15421.651675347222,32925.359673190644,senario_A
2025-02-12 18:00:00,55976.099365234375,2879.6578089396157,16685.074222547744,36411.36733374702,senario_A
2025-02-12 19:00:00,57535.46723415799,106.25733761891722,17049.070447591144,40380.13944894793,senario_A
2025-02-12 20:00:00,58176.31606987847,0.6334288492550453,16857.41331488715,41318.269326142065,senario_A
2025-02-12 21:00:00,58262.231255425344,72.0927756841729,16506.163853081598,41683.974626659576,senario_A
2025-02-12 22:00:00,57342.33441297744,95.9492217492188,14714.568661295572,42531.81652993265,senario_A
2025-02-12 23:00:00,55837.63582465277,0.6458135854701201,13744.999262152778,42091.99074891452,senario_A
2025-02-13 00:00:00,54474.24982747396,0.6581581412876646,14402.919478624131,40070.672190708545,senario_A
2025-02-13 01:00:00,53529.86010959202,10.788084721167882,14843.036881510418,38676.03514336043,senario_A
2025-02-13 02:00:00,53475.76832465278,0.629498556467394,16464.815005696615,37010.3238203997,senario_A
2025-02-13 03:00:00,53297.33176649306,0.6035762399186689,18578.39945095486,34718.328739298275,senario_A
2025-02-13 04:00:00,53750.63236002605,0.5398321197554469,19195.60276312934,34554.489764776954,senario_A
2025-02-13 05:00:00,54940.50518229167,0.6018544914821783,18378.890338541667,36561.012989258525,senario_A
2025-02-13 06:00:00,57928.51632378472,0.6014504209036629,17058.273004557293,40869.64186880653,senario_A
2025-02-13 07:00:00,62399.08334309896,0.6160681749011079,14715.465178222656,47683.0020967014,senario_A
2025-02-13 08:00:00,64513.58771809896,797.4315739835301,13955.734378255209,49760.42176586023,senario_A
2025-02-13 09:00:00,64766.63477430555,7849.089221598307,13459.223509114585,43458.32204359266,senario_A
2025-02-13 10:00:00,64317.38745659722,16061.662342122396,12016.151713324653,36239.57340115018,senario_A
2025-02-13 11:00:00,63737.47249565972,21386.44773071289,9624.339329427085,32726.685435519743,senario_A
2025-02-13 12:00:00,61698.819444444445,24666.25359700521,7850.147552625868,29182.41829481337,senario_A
2025-02-13 13:00:00,59648.40917100695,26522.655605468753,6785.12038031684,26340.633185221355,senario_A
2025-02-13 14:00:00,58036.22578559028,28209.426809895835,6427.237970377604,23399.561005316842,senario_A
2025-02-13 15:00:00,56286.62809570313,25548.720080159506,6128.689708658854,24609.218306884766,senario_A
2025-02-13 16:00:00,55702.17194552952,19499.983869628908,5585.664973958334,30616.523101942275,senario_A
2025-02-13 17:00:00,56480.40909939236,14050.561945393882,5022.17789320204,37407.669260796436,senario_A
2025-02-13 18:00:00,57939.383697916666,4981.787349955241,5094.73594265408,47862.86040530735,senario_A
2025-02-13 19:00:00,60139.983980034725,285.58996764084327,5590.154891628689,54264.23912076519,senario_A
2025-02-13 20:00:00,60795.46059353299,0.45116661095370836,6473.945454779731,54321.06397214231,senario_A
2025-02-13 21:00:00,60524.9780327691,7.8120154663175345,7270.47314046224,53246.692876840534,senario_A
2025-02-13 22:00:00,59546.05686631944,4.537084256224334,8712.99408610026,50828.525695962955,senario_A
2025-02-13 23:00:00,57602.93869791667,0.4746476588149866,10318.27125,47284.19280025786,senario_A
2025-02-14 00:00:00,56117.30641927083,0.4850535361965496,11734.719168836806,44382.10219689783,senario_A
2025-02-14 01:00:00,54719.7498296441,0.4869427885736028,13274.86051296658,41444.402373888945,senario_A
2025-02-14 02:00:00,53696.21806857639,0.5897247518599034,14189.964388020831,39505.6639558037,senario_A
2025-02-14 03:00:00,53269.27608940972,0.6734062782054145,14145.548710123698,39123.053973007816,senario_A
2025-02-14 04:00:00,52772.46524739584,0.7537257616221904,14314.302220052085,38457.409301582135,senario_A
2025-02-14 05:00:00,53594.51547743056,0.7762833589812119,14339.945802951388,39253.7933911202,senario_A
2025-02-14 06:00:00,55805.93434027778,0.7726837363342444,14960.037923177084,40845.12373336436,senario_A
2025-02-14 07:00:00,59025.67241319444,0.7676584881047408,17195.300324435764,41829.60443027057,senario_A
2025-02-14 08:00:00,60315.944036458335,520.9696921683351,18078.77380967882,41716.200534611184,senario_A
2025-02-14 09:00:00,59721.167404513886,7276.968912760416,16143.10443250868,36301.09405924479,senario_A
2025-02-14 10:00:00,58900.49983506944,15340.339477539059,15600.800067274306,27959.360290256067,senario_A
2025-02-14 11:00:00,57968.14494357639,18370.87823079427,16546.498797743057,23050.76791503906,senario_A
2025-02-14 12:00:00,56572.81620876736,18393.377119140623,16441.61227186415,21737.826817762594,senario_A
2025-02-14 13:00:00,55668.32085503472,18408.996392415364,17390.287177734375,19869.03728488498,senario_A
2025-02-14 14:00:00,54799.3376171875,15227.08512532552,18521.438467881944,21050.81402398003,senario_A
2025-02-14 15:00:00,54241.05543402778,12066.609071451821,18826.540516493056,23347.905846082904,senario_A
2025-02-14 16:00:00,53696.676484375,8508.07228108724,18912.283812934027,26276.320390353732,senario_A
2025-02-14 17:00:00,53891.34176540799,6326.435110270182,19313.78833387587,28251.118321261936,senario_A
2025-02-14 18:00:00,54319.68767686632,2776.413823445638,20800.07045138889,30743.20340203179,senario_A
2025-02-14 19:00:00,55084.40464192708,145.5621178249518,21984.268976779516,32954.573547322616,senario_A
2025-02-14 20:00:00,54908.70177517361,1.347021309460203,22372.098509114585,32535.256244749566,senario_A
2025-02-14 21:00:00,54208.34776041667,1.3922689985483885,22616.45808485243,31590.49740656569,senario_A
2025-02-14 22:00:00,52977.784142795135,1.3170479837805034,22351.173154296877,30625.29394051448,senario_A
2025-02-14 23:00:00,51169.36615342882,1.0663922948886952,22309.041212565106,28859.258548568825,senario_A
2025-02-15 00:00:00,49357.27347222222,1.063884750207265,22204.541822916668,27151.66776455535,senario_A
2025-02-15 01:00:00,47930.710438368056,1.029410053094228,22119.83017578125,25809.85085253371,senario_A
2025-02-15 02:00:00,46681.826575520834,1.0113476831714312,22123.5059765625,24557.309251275165,senario_A
2025-02-15 03:00:00,46315.79694010417,1.2302476841211318,19949.52527560764,26365.041416812408,senario_A
2025-02-15 04:00:00,45847.06689236111,1.167419067720572,17706.144153645833,28139.755319647553,senario_A
2025-02-15 05:00:00,45269.070525173614,1.184001383582751,16627.221647135415,28640.664876654617,senario_A
2025-02-15 06:00:00,45787.95232530382,1.202331154445807,15618.355529513889,30168.394464635487,senario_A
2025-02-15 07:00:00,46949.011154513886,1.1287212425470352,15165.870628255208,31782.011805016133,senario_A
2025-02-15 08:00:00,47909.813576388886,322.03926006294785,16089.97064046224,31497.803675863695,senario_A
2025-02-15 09:00:00,49152.62885850694,6173.063954467775,17199.769971788195,25779.79493225097,senario_A
2025-02-15 10:00:00,50079.70961805555,13501.771481119791,16381.198368055557,20196.7397688802,senario_A
2025-02-15 11:00:00,50637.03799479167,15761.711196289063,17321.077336154514,17554.249462348096,senario_A
2025-02-15 12:00:00,50410.51894097222,14534.485032552082,18686.102699652776,17189.931208767364,senario_A
2025-02-15 13:00:00,50121.95630642361,14925.491909179687,20392.715848524305,14803.748548719617,senario_A
2025-02-15 14:00:00,50130.570043402775,15189.65953125,22196.05407986111,12744.856432291665,senario_A
2025-02-15 15:00:00,49437.906549479165,13346.407486165364,23157.515299479168,12933.983763834633,senario_A
2025-02-15 16:00:00,47981.50068684896,12850.424628092447,22057.624757486978,13073.451301269532,senario_A
2025-02-15 17:00:00,47318.66986979167,11469.821364746094,21891.44866970486,13957.399835340719,senario_A
2025-02-15 18:00:00,47283.95079644097,6523.324036254882,21270.29728732639,19490.3294728597,senario_A
2025-02-15 19:00:00,48384.651787109375,453.56757218360895,20508.36056640625,27422.723648519517,senario_A
2025-02-15 20:00:00,48972.990927734376,0.8706571358690658,18127.88243652344,30844.237834075066,senario_A
2025-02-15 21:00:00,48988.19569986979,1.1007373052338758,18995.70206325955,29991.39289930501,senario_A
2025-02-15 22:00:00,48964.3747265625,0.9780964087446531,19004.759578993056,29958.637051160695,senario_A
2025-02-15 23:00:00,48362.605711805554,0.991945058008035,18029.15571831597,30332.458048431577,senario_A
2025-02-16 00:00:00,47813.39532118056,0.9330828275283178,18915.314715711807,28897.147522641222,senario_A
2025-02-16 01:00:00,47525.83674913194,1.044685704112053,20362.84114583333,27161.9509175945,senario_A
2025-02-16 02:00:00,47652.322764756944,1.1139875347415606,23081.3052734375,24569.9035037847,senario_A
2025-02-16 03:00:00,47983.752452256944,1.0994444160660108,24124.58600043403,23858.067007406848,senario_A
2025-02-16 04:00:00,49026.78136284722,1.1113137444853782,23468.36431640625,25557.305732696488,senario_A
2025-02-16 05:00:00,49387.67052517361,1.1139813138047854,23056.093059895837,26330.46348396397,senario_A
2025-02-16 06:00:00,51100.66944878472,1.1255580801765124,21685.83486328125,29413.709027423298,senario_A
2025-02-16 07:00:00,53410.15362738715,1.3889243997385103,20785.89193847656,32622.872764510852,senario_A
2025-02-16 08:00:00,55643.49508246528,2539.6714795319235,17644.994914822048,35458.82868811131,senario_A
2025-02-16 09:00:00,57152.63111111111,19440.32108642578,15159.594028049043,22552.715996636285,senario_A
2025-02-16 10:00:00,57379.12697482639,30676.331565755216,14614.674729817709,12088.120679253463,senario_A
2025-02-16 11:00:00,55781.38978298611,33730.54655598958,11750.89230902778,10299.950917968747,senario_A
2025-02-16 12:00:00,54076.65702582465,35592.06455973307,8880.758900824652,9603.833565266925,senario_A
2025-02-16 13:00:00,52183.68466579861,35748.0794921875,7226.557357855902,9209.04781575521,senario_A
2025-02-16 14:00:00,50710.61345052083,35606.29548502604,6243.553807508681,8860.764157986108,senario_A
2025-02-16 15:00:00,50051.92791992187,36191.84875325521,5914.213734266493,7945.86543240017,senario_A
2025-02-16 16:00:00,49352.943547092014,34818.63245035807,5839.637168646918,8694.673928087028,senario_A
2025-02-16 17:00:00,49000.86460394965,30143.48279215495,5607.4893226454,13249.8924891493,senario_A
2025-02-16 18:00:00,49865.25852213542,12801.914245402018,5899.9913152398,31163.352961493598,senario_A
2025-02-16 19:00:00,52811.17377278646,512.1493133406217,7292.4201696777345,45006.6042897681,senario_A
2025-02-16 20:00:00,54337.54880533854,0.27818224612002573,10653.382205403646,43683.88841768878,senario_A
2025-02-16 21:00:00,55012.89405924479,0.4530595680202047,13765.811544867622,41246.629454809154,senario_A
2025-02-16 22:00:00,54930.4454296875,0.4824562110503514,15077.381293402776,39852.58168007367,senario_A
2025-02-16 23:00:00,54161.5775390625,0.5097062242527802,16147.636616753472,38013.43121608478,senario_A
2025-02-17 00:00:00,53010.05655164931,0.5143028028060993,17238.551481662325,35770.99076718418,senario_A
2025-02-17 01:00:00,52760.093049045136,0.6374782162532211,19249.98044108073,33509.475129748156,senario_A
2025-02-17 02:00:00,53354.82958767361,0.7020811412731807,21105.44103515625,32248.686471376084,senario_A
2025-02-17 03:00:00,53537.29127712674,0.6794039814422528,22310.879853515624,31225.73201962967,senario_A
2025-02-17 04:00:00,53891.66784939236,0.7343626070395112,22597.78419867621,31293.149288109114,senario_A
2025-02-17 05:00:00,55132.139645182295,0.7222052324563264,22625.55515299479,32505.862286955045,senario_A
2025-02-17 06:00:00,57689.46871961805,0.8242430659135183,22895.321124131944,34793.32335242019,senario_A
2025-02-17 07:00:00,61273.23578559028,1.122739293326934,22826.001575520837,38446.111470776115,senario_A
2025-02-17 08:00:00,62929.816171875,2990.463908924262,22557.22871961805,37382.12354333268,senario_A
2025-02-17 09:00:00,61699.62798285591,20656.825108235676,19529.641851671007,21513.161022949225,senario_A
2025-02-17 10:00:00,59853.6555078125,29808.689163411458,18311.254602864585,11733.71174153646,senario_A
2025-02-17 11:00:00,57561.77454427083,29762.18507486979,18093.78744574653,9705.802023654513,senario_A
2025-02-17 12:00:00,55319.01201388889,29272.668014322917,17520.00822048611,8526.335779079862,senario_A
2025-02-17 13:00:00,53653.838671875,26907.87806640625,17903.279796006944,8842.680809461803,senario_A
2025-02-17 14:00:00,52540.332604166666,23617.40040690104,18929.331746961805,9993.60045030382,senario_A
2025-02-17 15:00:00,51424.3905859375,21641.612880859375,18944.54274522569,10838.234959852434,senario_A
2025-02-17 16:00:00,49271.48198242187,17263.377399088542,19466.17501736111,12541.92956597222,senario_A
2025-02-17 17:00:00,49270.15699652778,14836.201289062501,20477.473804253477,13956.481903211807,senario_A
2025-02-17 18:00:00,50135.14761284722,7369.1584108988445,23191.912078993057,19574.077122955317,senario_A
2025-02-17 19:00:00,52218.53460720486,379.3153923803816,24293.987800564235,27545.231414260244,senario_A
2025-02-17 20:00:00,53518.618040364585,0.8032944443821907,26271.085294596352,27246.72945132385,senario_A
2025-02-17 21:00:00,53020.322374131945,0.6102783157676459,26565.83143934462,26453.880656471556,senario_A
2025-02-17 22:00:00,51943.480824652775,0.5534569381487866,26356.468536783854,25586.458830930773,senario_A
2025-02-17 23:00:00,49747.36864583333,0.4377950568993887,25976.33661838108,23770.594232395357,senario_A
2025-02-18 00:00:00,48152.48547200521,0.46874988051131355,25795.59678873698,22356.419933387715,senario_A
2025-02-18 01:00:00,46510.45078559028,0.669438166519006,25314.87820529514,21194.903142128616,senario_A
2025-02-18 02:00:00,45648.393501519095,0.6456004629656671,24780.221566297743,20867.526334758386,senario_A
2025-02-18 03:00:00,44759.33638454861,0.7039005332191784,24597.655601128477,20160.976882886913,senario_A
2025-02-18 04:00:00,44180.14707248264,0.7866558014973998,22777.86528483073,21401.49513185042,senario_A
2025-02-18 05:00:00,44962.41126302083,0.7672251116236051,21249.23593967014,23712.40809823907,senario_A
2025-02-18 06:00:00,47271.31742296007,0.8989280735577145,20966.38998155382,26304.028513332694,senario_A
2025-02-18 07:00:00,50644.603585069446,0.7040692034860452,19373.724750434027,31270.174765431933,senario_A
2025-02-18 08:00:00,51916.7811328125,359.0252319523692,19631.508287760415,31926.247613099717,senario_A
2025-02-18 09:00:00,52335.635771484376,4847.879709574381,19847.197196180558,27640.55886572944,senario_A
2025-02-18 10:00:00,52210.035040147566,10130.471997680665,18244.49699435764,23835.06604810926,senario_A
2025-02-18 11:00:00,52133.2830219184,11146.39300028483,17205.379410264755,23781.51061136882,senario_A
2025-02-18 12:00:00,52243.07260850695,12600.055671386719,17099.558828125,22543.45810899523,senario_A
2025-02-18 13:00:00,52814.802354600695,12970.898634033205,17882.159318033853,21961.744402533637,senario_A
2025-02-18 14:00:00,54088.14653211806,12519.907142740885,18901.33805121528,22666.901338161893,senario_A
2025-02-18 15:00:00,54732.35775607639,11497.414092610677,18790.47515842014,24444.46850504557,senario_A
2025-02-18 16:00:00,54571.63547200521,10863.835768432617,19339.185717230903,24368.61398634169,senario_A
2025-02-18 17:00:00,56749.284192708335,9527.46541768392,20176.522318250867,27045.29645677355,senario_A
2025-02-18 18:00:00,58875.58402235243,4907.289237263997,20452.33480360243,33515.959981486,senario_A
2025-02-18 19:00:00,61371.7168999566,403.6613056689997,19167.952104492186,41800.103489795416,senario_A
2025-02-18 20:00:00,62739.20595486112,0.4624434123188257,18904.001642795138,43834.74186865367,senario_A
2025-02-18 21:00:00,63495.61127929688,0.4188003275170921,19328.298089192707,44166.89438977665,senario_A
2025-02-18 22:00:00,63383.60710503472,0.6215046549340089,19559.53856770833,43823.44703267145,senario_A
2025-02-18 23:00:00,62575.3637890625,0.5909459925691285,18785.196924913194,43789.57591815674,senario_A
2025-02-19 00:00:00,62129.42312282986,0.6509458594148357,18352.02920464409,43776.74297232635,senario_A
2025-02-19 01:00:00,61996.526779513886,0.6198789201676844,19381.294856770837,42614.61204382288,senario_A
2025-02-19 02:00:00,62634.08379014757,0.591927056312561,21257.60848524305,41375.88337784821,senario_A
2025-02-19 03:00:00,63567.54199978299,0.5902982533226411,22438.32087293837,41128.6308285913,senario_A
2025-02-19 04:00:00,63797.25436197917,0.5445047122240066,21976.84450954861,41819.86534771833,senario_A
2025-02-19 05:00:00,65274.14320529514,0.5556132748226325,21613.00375434028,43660.58383768004,senario_A
2025-02-19 06:00:00,67772.85337456597,0.5853984747827053,21124.11817437066,46648.14980172053,senario_A
2025-02-19 07:00:00,71913.53064236112,0.6320331622163454,20299.53925564236,51613.359353556545,senario_A
2025-02-19 08:00:00,74309.18779730903,321.4697815878192,19021.70738715278,54966.01062856843,senario_A
2025-02-19 09:00:00,75413.3954405382,3586.8115990193683,18385.680513780386,53440.903327738444,senario_A
2025-02-19 10:00:00,76589.70869791666,8428.649638061524,18265.21169325087,49895.84736660427,senario_A
2025-02-19 11:00:00,78140.46212239584,12376.442557373046,17511.77824815538,48252.24131686742,senario_A
2025-02-19 12:00:00,78717.45966579861,15429.424954427084,17805.713873697918,45482.32083767361,senario_A
2025-02-19 13:00:00,77835.78326822916,17779.322845052084,17851.62077907986,42204.839644097214,senario_A
2025-02-19 14:00:00,76806.5798654514,19236.250522460938,17281.39734592014,40288.93199707032,senario_A
2025-02-19 15:00:00,76033.44884331597,19875.109110514328,16381.170816514756,39777.168916286886,senario_A
2025-02-19 16:00:00,74617.32752170139,19339.783580729167,15023.811643880208,40253.73229709201,senario_A
2025-02-19 17:00:00,74022.09784288195,16696.57159667969,13756.021475694444,43569.50477050782,senario_A
2025-02-19 18:00:00,74576.17391927083,8388.506752319336,13016.69212673611,53170.97504021538,senario_A
2025-02-19 19:00:00,75532.85124565972,550.054094734167,12247.484738226996,62735.312412698564,senario_A
2025-02-19 20:00:00,76575.51276909723,0.5435247835020225,11644.782164442277,64930.18707987145,senario_A
2025-02-19 21:00:00,76411.66756944444,0.3749548109869161,10897.502377387153,65513.7902372463,senario_A
2025-02-19 22:00:00,75533.7919314236,0.41247872825091086,9855.067733018665,65678.3117196767,senario_A
2025-02-19 23:00:00,74761.98671875,0.41282287846008936,9850.82078125,64910.75311462155,senario_A
2025-02-20 00:00:00,73514.11830295139,0.35447410630683107,10104.01921875,63409.744610095084,senario_A
2025-02-20 01:00:00,72949.25143663194,0.44320370964705946,9887.989416232638,63060.81881668966,senario_A
2025-02-20 02:00:00,72406.85895399305,0.5510475026195247,9639.287690429688,62767.020216060744,senario_A
2025-02-20 03:00:00,72302.78296875,0.6632253747681776,10068.102434895833,62234.01730847941,senario_A
2025-02-20 04:00:00,72728.40760850694,0.7650715024272601,10605.469440104169,62122.17309690035,senario_A
2025-02-20 05:00:00,74056.88350260416,0.8680931437015533,10999.850784505208,63056.16462495526,senario_A
2025-02-20 06:00:00,75708.88405381945,0.829827637175719,10819.886157769097,64888.16806841317,senario_A
2025-02-20 07:00:00,78921.933359375,1.7624230447411537,9991.35095811632,68928.81997821394,senario_A
2025-02-20 08:00:00,80376.47003038194,2366.5835965760552,9396.84162434896,68613.04480945693,senario_A
2025-02-20 09:00:00,79388.78842447916,15223.820339355467,9131.949914279514,55033.01817084418,senario_A
2025-02-20 10:00:00,77427.50961371527,24822.835294596356,8045.884454752604,44558.789864366314,senario_A
2025-02-20 11:00:00,75650.86638020833,29834.996018880207,6916.167105577257,38899.703255750865,senario_A
2025-02-20 12:00:00,73775.53024305556,32739.498938802084,5520.329596354167,35515.70170789931,senario_A
2025-02-20 13:00:00,71398.98135199652,33981.68533528646,4831.160551757813,32586.135464952255,senario_A
2025-02-20 14:00:00,68497.33086154514,34013.772473144534,4699.083284776476,29784.47510362413,senario_A
2025-02-20 15:00:00,65720.57244140626,32738.444674479164,4637.911746961806,28344.216019965286,senario_A
2025-02-20 16:00:00,64255.04980577257,31354.51656575521,4501.089296332465,28399.4439436849,senario_A
2025-02-20 17:00:00,64261.74283637153,26289.29476074219,4649.669695095487,33322.778380533855,senario_A
2025-02-20 18:00:00,66075.793359375,10930.987733968099,5447.0877094184025,49697.717915988505,senario_A
2025-02-20 19:00:00,69242.67,636.4907863433162,6381.6938259548615,62224.48538770182,senario_A
2025-02-20 20:00:00,70695.38535807292,0.46381692913671324,6640.109850802952,64054.81169034082,senario_A
2025-02-20 21:00:00,70799.25743706597,0.37970485846201574,7137.4689935980905,63661.40873860941,senario_A
2025-02-20 22:00:00,69866.07079861111,0.3665893789629141,7598.808392469618,62266.89581676253,senario_A
2025-02-20 23:00:00,68423.04392361111,0.4085975317408641,7778.740464952257,60643.89486112711,senario_A
2025-02-21 00:00:00,66935.29183159722,0.4598754916340112,7341.011215277777,59593.8207408278,senario_A
2025-02-21 01:00:00,66291.79692274306,0.6496422384182612,6677.499042426215,59613.64823807842,senario_A
2025-02-21 02:00:00,65606.10192165799,0.6768337761859098,7216.88010687934,58388.54498100246,senario_A
2025-02-21 03:00:00,65323.731282552086,0.6971165389815965,7469.737208116319,57853.29695789678,senario_A
2025-02-21 04:00:00,65396.07525607639,0.6904530490934848,7649.763836805556,57745.62096622174,senario_A
2025-02-21 05:00:00,66171.99093098959,0.7077042358120282,8208.788171657987,57962.49505509579,senario_A
2025-02-21 06:00:00,68086.31006510416,0.7752244774003823,8240.165745307075,59845.369095319686,senario_A
2025-02-21 07:00:00,71422.13679253473,1.357635602404674,8005.654192437066,63415.12496449526,senario_A
2025-02-21 08:00:00,72663.62282118056,775.5962430310249,7400.891032986111,64487.135545163415,senario_A
2025-02-21 09:00:00,72213.76427517361,6126.691529744467,6767.677939453125,59319.39480597602,senario_A
2025-02-21 10:00:00,72260.939921875,12046.373684082031,6227.843201497396,53986.723036295574,senario_A
2025-02-21 11:00:00,71919.98295572917,15803.520471191405,5686.821822374132,50429.64066216363,senario_A
2025-02-21 12:00:00,71060.08394965278,19533.38863932292,5162.325490180122,46364.36982014974,senario_A
2025-02-21 13:00:00,70040.37339626736,20674.28896647136,4826.119976128472,44539.964453667526,senario_A
2025-02-21 14:00:00,69183.69262152778,21209.210017903646,4695.999446072048,43278.48315755208,senario_A
2025-02-21 15:00:00,68302.2719921875,19059.083610026042,4559.203967556424,44683.98441460503,senario_A
2025-02-21 16:00:00,67329.76572916667,16593.746800130208,4496.020470377604,46239.99845865886,senario_A
2025-02-21 17:00:00,66824.12292100694,12834.710635579426,4514.001610243055,49475.41067518447,senario_A
2025-02-21 18:00:00,67481.80631293403,6077.285688578288,4721.052032741971,56683.46859161377,senario_A
2025-02-21 19:00:00,68109.81921006944,399.9680204960455,5718.991455349393,61990.859734224,senario_A
2025-02-21 20:00:00,68680.61065972222,0.6457857997342944,7615.453851047092,61064.511022875406,senario_A
2025-02-21 21:00:00,68394.90087673611,0.6067205598950385,8823.805711805555,59570.488444370654,senario_A
2025-02-21 22:00:00,67318.65329427083,0.646437724083662,9449.186744791668,57868.820111755085,senario_A
2025-02-21 23:00:00,65619.36701497396,0.659975826839606,9579.52951171875,56039.17752742837,senario_A
2025-02-22 00:00:00,64249.3850499132,0.650529601375262,9698.288046875,54550.44647343682,senario_A
2025-02-22 01:00:00,63030.90290364583,0.6468404156963029,10068.472575954862,52961.78348727527,senario_A
2025-02-22 02:00:00,62568.21805121528,0.6754561234017213,10594.729075520834,51972.813519571035,senario_A
2025-02-22 03:00:00,61860.56793619792,0.6731208520630996,10748.312522786458,51111.5822925594,senario_A
2025-02-22 04:00:00,61173.96311414931,0.7507989768187205,10170.726334635418,51002.48598053707,senario_A
2025-02-22 05:00:00,61544.55156684028,0.8490504657228788,9310.480909016927,52233.22160735763,senario_A
2025-02-22 06:00:00,62623.74873263889,0.8856977887948354,8692.486920572917,53930.37611427718,senario_A
2025-02-22 07:00:00,64570.47857204861,2.274578616519769,7858.862190212673,56709.34180321942,senario_A
2025-02-22 08:00:00,66179.09191623263,1330.1237262407938,7195.404253472222,57653.56393651961,senario_A
2025-02-22 09:00:00,66832.55140625,12458.736029459635,6517.934465060764,47855.880911729604,senario_A
2025-02-22 10:00:00,66137.85871961806,22067.688221028646,5127.840905490451,38942.32959309897,senario_A
2025-02-22 11:00:00,64784.25112304687,24640.69060546875,4663.95863389757,35479.60188368055,senario_A
2025-02-22 12:00:00,63186.14463541667,25274.136919759112,4180.548027615017,33731.45968804254,senario_A
2025-02-22 13:00:00,61403.16860351562,24390.275416666667,3859.74583577474,33153.14735107422,senario_A
2025-02-22 14:00:00,59256.59538845486,23516.008515625,3646.6034765625,32093.98339626736,senario_A
2025-02-22 15:00:00,58487.718736979165,22890.140745442706,3275.514073621962,32322.063917914493,senario_A
2025-02-22 16:00:00,56967.87722873264,21532.764662679034,2867.7997732883027,32567.312792765304,senario_A
2025-02-22 17:00:00,56206.658990885415,18075.46399576823,2878.5932514105903,35252.6017437066,senario_A
2025-02-22 18:00:00,56781.3866015625,8170.141575113932,3089.845355360243,45521.39967108832,senario_A
2025-02-22 19:00:00,57919.53695095486,459.7335754681875,3914.806713867188,53544.99666161949,senario_A
2025-02-22 20:00:00,58592.42028428819,0.4291104552398125,5719.904591471354,52872.0865823616,senario_A
2025-02-22 21:00:00,58341.71546223958,0.43928965739905834,7040.063712022569,51301.21246055962,senario_A
2025-02-22 22:00:00,57592.59016059028,0.41396154917776573,7497.076844075521,50095.09935496558,senario_A
2025-02-22 23:00:00,56141.27002604167,0.39053950456281494,7928.061678059896,48212.81780847721,senario_A
2025-02-23 00:00:00,54977.01349826389,0.5132181653877099,8698.971000434029,46277.52927966447,senario_A
2025-02-23 01:00:00,53846.38118489584,0.5789246641596157,10182.477043185763,43663.32521704592,senario_A
2025-02-23 02:00:00,53799.10080078125,0.640444573611021,11098.429742838542,42700.0306133691,senario_A
2025-02-23 03:00:00,53046.89865885417,0.6808610445757708,11219.041351996528,41827.176445813064,senario_A
2025-02-23 04:00:00,52635.61001953125,0.6834286660452684,11179.072470703126,41455.854120162076,senario_A
2025-02-23 05:00:00,51582.11059027778,0.670963244040807,9885.64064344618,41695.798983587556,senario_A
2025-02-23 06:00:00,52148.97195095486,0.6747370257476966,9267.913037109374,42880.38417681973,senario_A
2025-02-23 07:00:00,53171.90060655382,0.7067540804545085,7925.692936740452,45245.50091573291,senario_A
2025-02-23 08:00:00,54333.617960069445,1146.496176660806,7010.329304741754,46176.79247866689,senario_A
2025-02-23 09:00:00,55243.14314670139,10655.460963134767,5928.910764431424,38658.7714191352,senario_A
2025-02-23 10:00:00,54952.41652994792,18165.819321289062,3216.438509657118,33570.15869900174,senario_A
2025-02-23 11:00:00,53778.2554014757,24461.184404296877,2486.994107530382,26830.076889648437,senario_A
2025-02-23 12:00:00,52368.46635633681,30568.303115234376,2615.795120171441,19184.36812093099,senario_A
2025-02-23 13:00:00,50839.61759440104,32317.2505078125,2572.858150024414,15949.508936564125,senario_A
2025-02-23 14:00:00,49280.05345703125,31686.963248697917,2187.970766330295,15405.11944200304,senario_A
2025-02-23 15:00:00,49233.09303602431,30784.982981770834,2126.460844590929,16321.649209662544,senario_A
2025-02-23 16:00:00,48544.63741102431,30098.32321940104,2112.788203396268,16333.525988227004,senario_A
2025-02-23 17:00:00,47186.05570203993,27897.679378255212,2350.601589898004,16937.774733886712,senario_A
2025-02-23 18:00:00,47888.646648220485,13987.067277018228,2388.520386827257,31513.058984375,senario_A
2025-02-23 19:00:00,49597.47197265625,911.6353364406525,2048.490673421224,46637.34596279437,senario_A
2025-02-23 20:00:00,50456.20299696181,0.5429705601185559,2671.9649755859373,47783.69505081575,senario_A
2025-02-23 21:00:00,50673.76569878472,0.6409129733343918,3223.26602593316,47449.858759878225,senario_A
2025-02-23 22:00:00,50230.07706597223,0.6083450666069983,3930.124796481663,46299.34392442396,senario_A
2025-02-23 23:00:00,48657.31490017361,0.6120875253280003,4883.293819444444,43773.40899320384,senario_A
2025-02-24 00:00:00,46918.80229166667,0.6402622663974762,5569.376140407986,41348.785888992286,senario_A
2025-02-24 01:00:00,46090.18865885417,0.6940996326878667,6278.89975897895,39810.59480024253,senario_A
2025-02-24 02:00:00,46115.142942708335,0.7706462973852952,7658.656344401042,38455.71595200991,senario_A
2025-02-24 03:00:00,46984.76054470486,0.8333896622558434,8787.124089626735,38196.80306541587,senario_A
2025-02-24 04:00:00,47363.72334852431,0.8886809080839156,9468.43636935764,37894.39829825859,senario_A
2025-02-24 05:00:00,48595.80952148438,0.9796349256237348,10050.861695963542,38543.96819059522,senario_A
2025-02-24 06:00:00,51068.38177734375,0.9221965795755387,9684.11751953125,41383.34206123292,senario_A
2025-02-24 07:00:00,54611.586869574654,1.129781783769528,8274.402924804688,46336.0541629862,senario_A
2025-02-24 08:00:00,55763.74794270833,1944.4031287133694,7587.924558919271,46231.42025507569,senario_A
2025-02-24 09:00:00,55555.080842013886,15141.671228841147,6313.562598334418,34099.84701483832,senario_A
2025-02-24 10:00:00,53103.61055447048,24019.9443355306,3919.8945001220704,25163.771718817807,senario_A
2025-02-24 11:00:00,51330.589895833335,28057.322542317714,3116.433735894097,20156.833617621523,senario_A
2025-02-24 12:00:00,49922.53488498264,33620.04009114583,4619.893256022136,11682.601537814677,senario_A
2025-02-24 13:00:00,49324.23485243056,36271.533466796885,6254.240424262152,6798.460961371526,senario_A
2025-02-24 14:00:00,48499.44259982639,35835.37059895834,6365.949312065973,6298.122688802078,senario_A
2025-02-24 15:00:00,47471.64822916667,34064.964879557294,6825.566822374132,6581.116527235243,senario_A
2025-02-24 16:00:00,46731.44907877605,32372.827320963537,6833.51408311632,7525.107674696194,senario_A
2025-02-24 17:00:00,46846.14200737848,30388.358181966145,6607.030703531901,9850.753121880436,senario_A
2025-02-24 18:00:00,47351.59141276042,16378.935458170572,6212.029245334202,24760.626709255648,senario_A
2025-02-24 19:00:00,48612.65960286458,1025.214594738086,6130.941084526909,41456.50392359959,senario_A
2025-02-24 20:00:00,49510.96176215278,0.4217344633241495,9345.377386067708,40165.16264162175,senario_A
2025-02-24 21:00:00,49424.15196180555,0.40368402808904646,13512.915422092014,35910.832855685454,senario_A
2025-02-24 22:00:00,47896.42576605903,0.4126235847423474,16168.261263020831,31727.751879453455,senario_A
2025-02-24 23:00:00,46197.99303819444,0.4274667323380708,16923.300047743054,29274.26552371905,senario_A
2025-02-25 00:00:00,44409.24460720486,0.603965314924717,16701.842940538194,27706.79770135174,senario_A
2025-02-25 01:00:00,43268.19176540799,0.788452430119117,15277.056360677085,27990.346952300784,senario_A
2025-02-25 02:00:00,41731.95506944445,0.8297068486611048,13417.073609754774,28314.05175284101,senario_A
2025-02-25 03:00:00,40941.19758680555,0.8557598567008972,12215.012957899306,28725.328869049546,senario_A
2025-02-25 04:00:00,41210.42142361112,0.8785609809309244,11185.577171495226,30023.965691134967,senario_A
2025-02-25 05:00:00,42293.98859917535,0.8454326848189035,9565.44273220486,32727.700434285667,senario_A
2025-02-25 06:00:00,44945.28958984375,0.9128534946342308,8086.884348958333,36857.49238739078,senario_A
2025-02-25 07:00:00,48849.30762261285,3.3042694095397995,7557.771003146701,41288.232350056605,senario_A
2025-02-25 08:00:00,49844.89790798611,3201.031617673238,7074.546956922743,39569.31933339013,senario_A
2025-02-25 09:00:00,49566.55446506076,19675.53669433594,5613.579184027778,24277.438586697044,senario_A
2025-02-25 10:00:00,48591.87384114583,30556.988398437497,3478.703468967014,14556.18197374132,senario_A
2025-02-25 11:00:00,47882.69502387153,34222.687470703124,4371.900008138021,9288.107545030383,senario_A
2025-02-25 12:00:00,47060.05097113716,34393.03818847657,5316.895799560547,7350.11698310005,senario_A
2025-02-25 13:00:00,46644.82562825521,34326.229993489585,5289.165023328993,7029.430611436632,senario_A
2025-02-25 14:00:00,47171.39663628472,34198.67910481771,6042.257052951389,6930.460478515621,senario_A
2025-02-25 15:00:00,47854.9653125,34036.98100911458,7130.279134657118,6687.705168728301,senario_A
2025-02-25 16:00:00,48785.52945095486,33172.15934570312,8640.87789984809,6972.492205403652,senario_A
2025-02-25 17:00:00,48534.99101128472,29239.392623697917,10012.994079861111,9282.604307725693,senario_A
2025-02-25 18:00:00,48708.53593098959,15302.215107421875,11876.421572265624,21529.899251302093,senario_A
2025-02-25 19:00:00,49538.48993923611,1036.7223649473488,12709.0016929796,35792.76588130917,senario_A
2025-02-25 20:00:00,49723.90430121528,0.2695640575637419,15866.711061197915,33856.923675959806,senario_A
2025-02-25 21:00:00,48785.18294704861,0.5352155378957588,18967.952259114583,29816.695472396135,senario_A
2025-02-25 22:00:00,47640.92938368056,0.8421524441738923,21567.81396592882,26072.273265307565,senario_A
2025-02-25 23:00:00,45482.54810221354,0.8748364734152952,23395.74536838108,22085.927897359048,senario_A
2025-02-26 00:00:00,43086.3370171441,1.11866810195148,23961.15205674913,19124.066292293013,senario_A
2025-02-26 01:00:00,41900.852456597226,1.1400888531903426,23922.29550347222,17977.41686427181,senario_A
2025-02-26 02:00:00,41443.10352864584,1.0211035350958506,24219.57890842014,17222.50351669061,senario_A
2025-02-26 03:00:00,40658.94559244792,1.1316417837391297,24057.9417719184,16599.872178745783,senario_A
2025-02-26 04:00:00,40195.19321180556,1.239103612502416,24120.51177951389,16073.442328679168,senario_A
2025-02-26 05:00:00,40217.25944769965,1.2961039266735315,23597.39163248698,16618.571711286,senario_A
2025-02-26 06:00:00,42117.55891493055,1.2539442509412766,23303.01266710069,18813.292303578917,senario_A
2025-02-26 07:00:00,45333.00253580729,6.815990112846096,22407.90441786024,22918.2821278342,senario_A
2025-02-26 08:00:00,46267.9353125,3019.492653700511,20797.697643229167,22450.745015570323,senario_A
2025-02-26 09:00:00,47199.3874609375,17455.443600667317,17661.872797851564,12082.071062418618,senario_A
2025-02-26 10:00:00,48210.49216579861,24530.74306640625,15966.211784667968,7713.537314724395,senario_A
2025-02-26 11:00:00,47726.9565733507,23347.482404785158,16420.38274875217,7959.091419813369,senario_A
2025-02-26 12:00:00,47351.886067708336,22619.116170247395,16554.404945746526,8178.364951714415,senario_A
2025-02-26 13:00:00,47254.804378255205,22088.865941975913,16764.57166937934,8401.366766899951,senario_A
2025-02-26 14:00:00,48783.5725390625,23996.805403645834,16903.72001464844,7883.047120768228,senario_A
2025-02-26 15:00:00,49384.87710394965,24537.297941080727,17170.516843532987,7677.062319335935,senario_A
2025-02-26 16:00:00,50046.8923969184,24361.580853678384,17880.005259331596,7805.306283908423,senario_A
2025-02-26 17:00:00,50882.16313042535,21419.279404703775,19761.252355685763,9701.631370035815,senario_A
2025-02-26 18:00:00,51034.52850477431,9545.071059977214,22532.117237413197,18957.3402073839,senario_A
2025-02-26 19:00:00,50778.32476453993,490.08092195312184,24617.536759440103,25670.707083146706,senario_A
2025-02-26 20:00:00,50751.9884765625,2.306589627067248,25253.823410373265,25495.858476562174,senario_A
2025-02-26 21:00:00,49876.10325954861,2.5317615834871927,25593.654635416668,24279.916862548456,senario_A
2025-02-26 22:00:00,48586.72865125868,2.5503541829188663,25546.65794921875,23037.520347857015,senario_A
2025-02-26 23:00:00,46018.13011610243,1.6108429440359275,24272.396622178818,21744.122650979578,senario_A
2025-02-27 00:00:00,43684.64962999132,1.2164710315068563,24163.63556640625,19519.797592553565,senario_A
2025-02-27 01:00:00,42419.0776171875,1.0873616830507915,23694.940772569444,18723.049482935003,senario_A
2025-02-27 02:00:00,40970.46652994792,1.0383706048379342,23147.67287272136,17821.75528662172,senario_A
2025-02-27 03:00:00,39685.73588867187,0.7760021716977159,21886.16977864583,17798.790107854344,senario_A
2025-02-27 04:00:00,39481.02826280382,0.8690068449576696,19839.66588378906,19640.4933721698,senario_A
2025-02-27 05:00:00,39879.16880967882,0.8284339148302873,18674.227093641493,21204.113282122496,senario_A
2025-02-27 06:00:00,41469.113805338544,0.8620315388341744,17980.71776421441,23487.534009585303,senario_A
2025-02-27 07:00:00,44771.37477756076,2.3034107985099155,17629.32131293403,27139.750053828226,senario_A
2025-02-27 08:00:00,46320.20806966146,1804.2930370696386,17389.79711642795,27126.117916163865,senario_A
2025-02-27 09:00:00,46990.829233940975,11187.596716715496,13421.663585069444,22381.568932156035,senario_A
2025-02-27 10:00:00,47443.57245117187,19454.29850911458,11043.20953233507,16946.064409722225,senario_A
2025-02-27 11:00:00,48312.972003038194,23406.32326619466,13511.087646755645,11395.56109008789,senario_A
2025-02-27 12:00:00,48979.32499240452,25323.767078857425,15126.112914496529,8529.44499905057,senario_A
2025-02-27 13:00:00,48057.88940429688,28219.539040527343,12535.553381076388,7302.796982693151,senario_A
2025-02-27 14:00:00,46849.7412109375,29454.27619140625,9625.611154513888,7769.853865017361,senario_A
2025-02-27 15:00:00,46931.02311740451,30171.377083333333,7116.847729492188,9642.798304578992,senario_A
2025-02-27 16:00:00,46941.99996853299,31105.157099609376,5908.267508680556,9928.575360243058,senario_A
2025-02-27 17:00:00,47434.76990234375,27374.022819824222,5184.136924641927,14876.610157877603,senario_A
2025-02-27 18:00:00,47545.186310763886,13591.546901448568,3952.170022515191,30001.46938680013,senario_A
2025-02-27 19:00:00,48030.035834418406,1034.7127495247373,2942.9538431125216,44052.36924178115,senario_A
2025-02-27 20:00:00,48019.26442274306,0.4731721343348423,2785.4894249131944,45233.301825695526,senario_A
2025-02-27 21:00:00,47639.06068576389,0.5929571254551411,2952.3524012586804,44686.11532737976,senario_A
2025-02-27 22:00:00,46744.87211805556,0.7623609673480192,3320.8226402452256,43423.287116842985,senario_A
2025-02-27 23:00:00,45186.60154405382,0.8597982403387627,3872.8179754638672,41312.92377034961,senario_A
2025-02-28 00:00:00,43159.17837673611,0.9161696616311868,4547.506838650173,38610.75536842431,senario_A
2025-02-28 01:00:00,42454.21189236111,0.9690102360894283,5543.834199083116,36909.408683041904,senario_A
2025-02-28 02:00:00,41687.46558810764,0.9548766403396924,6453.133575846354,35233.37713562095,senario_A
2025-02-28 03:00:00,41633.46465277778,0.9896442400415739,7648.290993652344,33984.184014885395,senario_A
2025-02-28 04:00:00,41904.25386501736,0.9741993209222952,8417.174608018664,33486.10505767777,senario_A
2025-02-28 05:00:00,42382.77124891493,1.007554087465008,8751.848418240017,33629.915276587446,senario_A
2025-02-28 06:00:00,44909.358810763886,1.0254486837983132,8585.217722439236,36323.115639640855,senario_A
2025-02-28 07:00:00,48488.81811740452,10.083750535150369,8697.303921169705,39781.43044569966,senario_A
2025-02-28 08:00:00,49787.57976128472,5166.687791722616,9141.633955349393,35479.25801421271,senario_A
2025-02-28 09:00:00,49216.63769422743,24430.283331705734,8392.915264756944,16393.43909776475,senario_A
2025-02-28 10:00:00,48016.2241655816,34195.16141927083,5893.87532430013,7927.187422010644,senario_A
2025-02-28 11:00:00,48190.64741970486,34527.33111653646,7566.157520073784,6097.158783094617,senario_A
2025-02-28 12:00:00,49059.69197482639,35421.772851562506,8137.33984375,5500.579279513884,senario_A
2025-02-28 13:00:00,48343.205458984376,35637.963014322915,7703.132385525174,5002.1100591362865,senario_A
2025-02-28 14:00:00,47732.53393012153,35203.59291748047,7435.046189643012,5093.894822998046,senario_A
2025-02-28 15:00:00,47442.94407877604,36161.373235677085,6409.513776719835,4872.0570663791195,senario_A
2025-02-28 16:00:00,47702.895639105904,35506.099396972655,5070.613898247613,7126.182343885635,senario_A
2025-02-28 17:00:00,48411.36465169271,31618.395078124995,4000.0069060601127,12792.962667507603,senario_A
2025-02-28 18:00:00,47919.41060546875,15374.736646728514,3710.8024544270834,28833.871504313152,senario_A
2025-02-28 19:00:00,47604.36473090278,1079.4680479399115,3504.529391479492,43020.36729148338,senario_A
2025-02-28 20:00:00,47515.31813259549,0.3450383162871003,4354.263727484809,43160.70936679439,senario_A
2025-02-28 21:00:00,47001.7867578125,0.5530493621031443,6562.367866753472,40438.86584169693,senario_A
2025-02-28 22:00:00,46540.24923068576,0.6831705688685178,9607.237652452255,36932.32840766464,senario_A
2025-02-28 23:00:00,45151.72380642361,0.7696311299254497,10140.685752224392,35010.2684230693,senario_A
2025-03-01 00:00:00,43459.77612304688,0.8638806389272213,9897.03871310764,33561.87352930031,senario_A
2025-03-01 01:00:00,41449.75821180556,0.9709590709457795,8968.470112304687,32480.317140429925,senario_A
2025-03-01 02:00:00,40462.29946072049,0.9772485864162446,8258.76465983073,32202.557552303344,senario_A
2025-03-01 03:00:00,40198.32948676215,1.0033154929677646,7931.448569878472,32265.87760139071,senario_A
2025-03-01 04:00:00,39580.49931423611,0.9807361545165381,6925.271484646268,32654.247093435326,senario_A
2025-03-01 05:00:00,39370.12277994792,0.9507932660977045,5922.155535888672,33447.01645079315,senario_A
2025-03-01 06:00:00,40151.577801649306,0.9568110728263854,4959.721470811632,35190.89951976485,senario_A
2025-03-01 07:00:00,41367.58013997396,11.112399975359441,4703.212722439236,36653.25501755936,senario_A
2025-03-01 08:00:00,42533.44421549479,5064.640445543924,5344.56125108507,32124.242518865794,senario_A
2025-03-01 09:00:00,45573.38474392361,24393.701469726562,4824.427974446615,16355.255299750435,senario_A
2025-03-01 10:00:00,46163.540170355904,34777.23974039714,3391.3266524929472,7994.973777465815,senario_A
2025-03-01 11:00:00,45829.60542860243,37095.471700846356,3101.371707221137,5632.762020534938,senario_A
2025-03-01 12:00:00,46624.07001953125,36579.371376953124,2789.493148803711,7255.205493774418,senario_A
2025-03-01 13:00:00,46571.22602430556,36022.433421223956,2212.799655761719,8335.992947319883,senario_A
2025-03-01 14:00:00,47273.30488498264,35645.8928108724,2061.9839521280924,9565.428121982146,senario_A
2025-03-01 15:00:00,48298.22167100695,35396.82347167969,2425.211337619357,10476.186861707904,senario_A
2025-03-01 16:00:00,48868.8329296875,35097.36650716146,3096.7143535698783,10674.752068956164,senario_A
2025-03-01 17:00:00,49554.368424479166,29881.855498046883,3358.2012008327906,16314.311725599491,senario_A
2025-03-01 18:00:00,49274.85899739584,13841.276789957681,4242.715530056424,31190.866677381735,senario_A
2025-03-01 19:00:00,47696.27519965278,767.7009623018901,6748.113927951389,40180.4603093995,senario_A
2025-03-01 20:00:00,47620.90839735243,5.354829523364703,11520.952137586806,36094.60143024226,senario_A
2025-03-01 21:00:00,47219.940529513886,0.5982569240406156,17149.719309082033,30069.62296350781,senario_A
2025-03-01 22:00:00,46243.998682725694,1.5215716743469239,21104.59228515625,25137.884825895097,senario_A
2025-03-01 23:00:00,45437.623459201386,1.1825899646182856,23673.73151421441,21762.709355022354,senario_A
2025-03-02 00:00:00,43138.24610243055,1.2075206734240054,24313.12026692708,18823.91831483005,senario_A
2025-03-02 01:00:00,41555.23756076389,1.2873660548528034,24631.99245659722,16921.957738111818,senario_A
2025-03-02 02:00:00,40340.30231987847,1.326209855178992,24937.233317599825,15401.742792423469,senario_A
2025-03-02 03:00:00,39523.933189019095,1.3276042672991752,24193.91701497396,15328.688569777834,senario_A
2025-03-02 04:00:00,39298.4899609375,1.2655459706981977,23671.075774739584,15626.14864022722,senario_A
2025-03-02 05:00:00,39041.26124131944,1.3294771956900755,23332.52405924479,15707.407704878951,senario_A
2025-03-02 06:00:00,39384.75891493056,1.5234367426733177,24019.318482530383,15363.916995657499,senario_A
2025-03-02 07:00:00,40171.469090711806,12.789746227165063,24496.489205186637,15662.190139298003,senario_A
2025-03-02 08:00:00,41162.0175249566,3241.164264259338,24068.67324327257,13852.180017424696,senario_A
2025-03-02 09:00:00,43906.50375434028,14282.383632812503,22072.88661892361,7551.233502604166,senario_A
2025-03-02 10:00:00,45088.97140733507,17907.133946126305,21658.503450520835,5523.33401068793,senario_A
2025-03-02 11:00:00,45816.503797743055,17948.782992350265,22322.39487955729,5545.325925835499,senario_A
2025-03-02 12:00:00,45758.26185980903,17031.642126057945,22836.896966688368,5889.722767062714,senario_A
2025-03-02 13:00:00,46089.88343098958,17047.62128621419,23189.91620768229,5852.345937093101,senario_A
2025-03-02 14:00:00,47007.31484483507,18746.3827347819,22929.476982421875,5331.455127631296,senario_A
2025-03-02 15:00:00,47829.79538519965,20075.26560180664,22771.373344184027,4983.156439208982,senario_A
2025-03-02 16:00:00,48294.05478841146,19931.462749430342,22929.049310438368,5433.542728542747,senario_A
2025-03-02 17:00:00,48473.55719184028,17101.03515950521,22937.08406955295,8435.437962782118,senario_A
2025-03-02 18:00:00,48776.52645507813,8729.947816772461,21623.033882378477,18423.544755927192,senario_A
2025-03-02 19:00:00,48808.972235243054,851.5886365622282,16883.489420030382,31073.894178650444,senario_A
2025-03-02 20:00:00,48794.94474175348,0.5980166685581207,15262.570725640193,33531.77599944473,senario_A
2025-03-02 21:00:00,47812.16087782118,0.6403335214282075,15770.65408311632,32040.866461183432,senario_A
2025-03-02 22:00:00,46777.02770724826,0.6353691853955388,16545.917366265192,30230.47497179767,senario_A
2025-03-02 23:00:00,45087.56990342882,0.776373960065345,16985.143524305557,28101.6500051632,senario_A
2025-03-03 00:00:00,43002.31439236111,0.9231233538687229,16974.879817708334,26026.511451298913,senario_A
2025-03-03 01:00:00,42206.07694769965,0.8625023992359638,17116.134474826387,25089.079970474028,senario_A
2025-03-03 02:00:00,40538.044991319446,0.8595868709683419,16081.877599826388,24455.30780462209,senario_A
2025-03-03 03:00:00,39736.923246527775,0.9308737515409787,15513.46136501736,24222.531007758877,senario_A
2025-03-03 04:00:00,39781.30814344618,0.9609741853922604,16619.15328938802,23161.193879872764,senario_A
2025-03-03 05:00:00,40101.85621961806,0.9636906054864327,17354.523117404515,22746.369411608055,senario_A
2025-03-03 06:00:00,41858.72751736111,0.9879473772644997,16960.398741319445,24897.3408286644,senario_A
2025-03-03 07:00:00,44874.28963975694,2.662828474715352,18118.48659559462,26753.14021568761,senario_A
2025-03-03 08:00:00,46293.80323676216,1376.0015396340686,20283.38569390191,24634.416003226186,senario_A
2025-03-03 09:00:00,47796.31554361979,8364.088966674804,20853.91399902344,18578.312577921548,senario_A
2025-03-03 10:00:00,49192.24722873264,14304.932358805338,20766.62520128038,14120.689668646919,senario_A
2025-03-03 11:00:00,49970.96758246528,16285.386429036458,21621.900342881945,12063.680810546877,senario_A
2025-03-03 12:00:00,50842.77889756944,16695.52494954427,22619.30412109375,11527.94982693142,senario_A
2025-03-03 13:00:00,51171.22550347223,16249.916153971357,23527.450774739584,11393.858574761296,senario_A
2025-03-03 14:00:00,51628.0921875,14798.362540690103,24756.71866319445,12073.010983615444,senario_A
2025-03-03 15:00:00,51636.391508246525,12423.563715616863,25485.60554470486,13727.222247924798,senario_A
2025-03-03 16:00:00,51484.18253255208,9108.997787679036,25518.404713541662,16856.78003133138,senario_A
2025-03-03 17:00:00,52682.26534830729,6632.730126546223,26050.64032280816,19998.89489895291,senario_A
2025-03-03 18:00:00,52957.149185112845,3067.6982729085285,26883.373502061637,23006.07741014268,senario_A
2025-03-03 19:00:00,52999.1007421875,231.78898828660448,27429.103174913194,25338.208578987695,senario_A
2025-03-03 20:00:00,53161.70076063368,1.029108111311992,28073.503075086806,25087.16857743556,senario_A
2025-03-03 21:00:00,52526.08141927084,0.9925497956573963,28264.502330729167,24260.586538746018,senario_A
2025-03-03 22:00:00,51216.51419921875,1.1029123615225156,28131.34110026041,23084.070186596815,senario_A
2025-03-03 23:00:00,48471.952417534725,1.217963770379623,27910.48893880208,20560.245514962266,senario_A
2025-03-04 00:00:00,46092.526315104165,1.2917234160006046,26826.605647243923,19264.628944444245,senario_A
2025-03-04 01:00:00,44212.2370171441,1.3524061430742342,25859.09872450087,18351.785886500158,senario_A
2025-03-04 02:00:00,43132.74740017361,1.2613615421454112,26089.934268663197,17041.55176996827,senario_A
2025-03-04 03:00:00,42277.448203125,1.3021349361538888,26165.693361545134,16110.452706643715,senario_A
2025-03-04 04:00:00,42123.76509982639,1.3149184239904086,25856.920045572915,16265.53013582949,senario_A
2025-03-04 05:00:00,42687.71588650173,1.0522334433098635,24098.826907552084,18587.836745506338,senario_A
2025-03-04 06:00:00,43829.29289496528,1.720859522819519,24831.18398220486,18996.388053237595,senario_A
2025-03-04 07:00:00,45563.57641276042,1.5911658564209938,26315.5271999783,19246.458046925698,senario_A
2025-03-04 08:00:00,46506.98064670139,878.1915745337803,25209.73875705295,20419.05031511466,senario_A
2025-03-04 09:00:00,47131.19764756945,6504.248975830078,24307.296720920134,16319.651950819232,senario_A
2025-03-04 10:00:00,47740.21665581597,12338.184345906577,23854.38029893663,11547.652010972764,senario_A
2025-03-04 11:00:00,47798.28857204861,17080.565861002604,23116.88095920139,7600.841751844615,senario_A
2025-03-04 12:00:00,47293.00253038194,19507.567653401693,21941.156342230905,5844.2785347493445,senario_A
2025-03-04 13:00:00,46754.13888888889,19697.97329386393,21579.35796929253,5476.807625732428,senario_A
2025-03-04 14:00:00,46621.09182725695,19505.75930989583,21360.745939670134,5754.586577690981,senario_A
2025-03-04 15:00:00,47316.22953993056,20522.904745686854,21321.359337022568,5471.965457221137,senario_A
2025-03-04 16:00:00,47293.65234157986,18202.628243815103,21599.86554199219,7491.158555772567,senario_A
2025-03-04 17:00:00,48129.513819444444,16678.38019042969,21951.03330078125,9500.100328233504,senario_A
2025-03-04 18:00:00,48226.52095486111,8107.325675252279,23581.83337673611,16537.36190287272,senario_A
2025-03-04 19:00:00,49006.46272135417,591.4670996277531,24818.51023871528,23596.48538301113,senario_A
2025-03-04 20:00:00,49601.26404079861,1.0431421754260857,23188.582189670135,26411.63870895305,senario_A
2025-03-04 21:00:00,48669.72741753472,1.0232746905088426,21747.381673719618,26921.322469124592,senario_A
2025-03-04 22:00:00,47246.95165798611,0.8456371600925923,20309.28734375,26936.81867707602,senario_A
2025-03-04 23:00:00,45630.92698133681,0.7884918540467818,19347.401729600693,26282.73675988207,senario_A
2025-03-05 00:00:00,43696.36850911458,0.9813043118764957,18858.833637695312,24836.553567107392,senario_A
2025-03-05 01:00:00,42574.88254123264,1.0370607841014863,18646.050776909724,23927.794703538813,senario_A
2025-03-05 02:00:00,42126.56123046875,0.9453740576903025,18761.67902126736,23363.9368351437,senario_A
2025-03-05 03:00:00,41626.85197699653,0.9368659461537996,19144.101846788195,22481.81326426218,senario_A
2025-03-05 04:00:00,40799.43435980903,0.9946849759419758,18458.658849826388,22339.780825006696,senario_A
2025-03-05 05:00:00,41510.29492621528,0.9880538683136304,17676.567313368054,23832.739558978916,senario_A
2025-03-05 06:00:00,43693.189073350695,1.020274079144001,16663.99201497396,27028.176784297593,senario_A
2025-03-05 07:00:00,47120.31764105903,26.15753816008568,14404.751456163194,32689.408646735752,senario_A
2025-03-05 08:00:00,48183.12744357639,6779.921597391764,13705.962348090276,27697.24349809435,senario_A
2025-03-05 09:00:00,49830.29920572916,27767.68070800782,10750.22142903646,11312.39706868488,senario_A
2025-03-05 10:00:00,49836.6381640625,31610.791347656246,11591.22697157118,6634.6198448350715,senario_A
2025-03-05 11:00:00,48130.83414496528,32122.888089192707,9931.24480685764,6076.701248914933,senario_A
2025-03-05 12:00:00,46919.86086371528,34357.50385091146,7491.7597037760415,5070.597309027778,senario_A
2025-03-05 13:00:00,46204.68723741319,35870.71725911458,5577.093589409722,4756.876388888892,senario_A
2025-03-05 14:00:00,46229.31641710069,36197.11965494792,4716.827785915799,5315.368976236967,senario_A
2025-03-05 15:00:00,45912.93680555555,36228.15002278645,4076.352327473958,5608.4344552951425,senario_A
2025-03-05 16:00:00,46148.47399088542,35984.8778515625,3769.475214572483,6394.120924750432,senario_A
2025-03-05 17:00:00,47052.7980186632,33496.566748046884,3581.0161474609376,9975.215123155376,senario_A
2025-03-05 18:00:00,47421.31271050347,16972.130941975913,4198.443164333768,26250.738604193793,senario_A
2025-03-05 19:00:00,47643.6987890625,1229.2735617587964,4879.1289870876735,41535.296240216034,senario_A
2025-03-05 20:00:00,48136.06882378472,0.5937451972564061,7731.630012478298,40403.84506610916,senario_A
2025-03-05 21:00:00,48325.95411675347,0.6011958562831083,11972.272902560764,36353.080018336426,senario_A
2025-03-05 22:00:00,47875.685,0.5840741552909215,15877.902686631944,31997.198239212765,senario_A
2025-03-05 23:00:00,46035.00365885417,0.72402104601264,18272.24297743056,27762.036660377595,senario_A
2025-03-06 00:00:00,44564.944652777776,1.2373343300819397,20383.249789496527,24180.45752895117,senario_A
2025-03-06 01:00:00,43750.11561848958,1.5538774779438973,22746.643621961804,21001.918119049835,senario_A
2025-03-06 02:00:00,43971.563888888886,1.4393378641208012,23925.41213324653,20044.71241777824,senario_A
2025-03-06 03:00:00,44113.513235677085,1.347098564306895,24222.00773871528,19890.158398397496,senario_A
2025-03-06 04:00:00,43740.285112847225,1.4035254846016567,23836.480032552085,19902.401554810538,senario_A
2025-03-06 05:00:00,44084.45189236111,1.5063668686151503,24079.14056640625,20003.804959086247,senario_A
2025-03-06 06:00:00,46489.80768012153,1.5350576000412306,24449.69086805556,22038.581754465926,senario_A
2025-03-06 07:00:00,50169.86427734375,49.46974530388911,24229.70640625,25890.688125789864,senario_A
2025-03-06 08:00:00,51538.68809244792,5349.28694753011,24830.787881944445,21358.613262973362,senario_A
2025-03-06 09:00:00,51442.60265407986,14855.510811360678,25181.20476345486,11405.887079264325,senario_A
2025-03-06 10:00:00,50326.636963975696,17635.07049316406,25399.340028211805,7292.226442599829,senario_A
2025-03-06 11:00:00,49342.98869574653,18683.167501627602,24497.066121961805,6162.755072157121,senario_A
2025-03-06 12:00:00,48491.80716145833,17897.716580403645,24620.570258246527,5973.520322808159,senario_A
2025-03-06 13:00:00,47806.020184461806,17148.174495442712,24673.31320095486,5984.532488064233,senario_A
2025-03-06 14:00:00,47103.14789930556,15941.53912760417,24820.97820095486,6340.630570746525,senario_A
2025-03-06 15:00:00,47016.745681423614,15478.68702311198,24958.841968315974,6579.216689995661,senario_A
2025-03-06 16:00:00,46862.81264865452,14956.605480143233,25329.827358940973,6576.379809570317,senario_A
2025-03-06 17:00:00,47582.66043402778,13857.847557779949,26200.05782986111,7524.755046386719,senario_A
2025-03-06 18:00:00,48184.90972222222,7439.035978597005,26949.591942274303,13796.28180135091,senario_A
2025-03-06 19:00:00,49036.361397569446,536.4539614572127,27538.30455512153,20961.602880990704,senario_A
2025-03-06 20:00:00,49844.33396701389,0.9218003800014656,27804.28603081597,22039.12613581792,senario_A
2025-03-06 21:00:00,49414.79032118055,1.1028232316672801,27833.922059461805,21579.76543848708,senario_A
2025-03-06 22:00:00,48302.25706163194,1.0611881033082802,27838.171888020832,20463.0239855078,senario_A
2025-03-06 23:00:00,46320.66831163195,0.6661664754152299,27903.169418402777,18416.832726753757,senario_A
2025-03-07 00:00:00,44160.67623697917,0.7394523525238037,27746.77319444445,16413.163590182197,senario_A
2025-03-07 01:00:00,43171.99013020833,0.8384006414810816,27353.82515190972,15817.326577657132,senario_A
2025-03-07 02:00:00,42887.01009982639,0.8780633046726387,26867.53775390625,16018.594282615468,senario_A
2025-03-07 03:00:00,41706.59665798611,0.9572519700725874,25088.75595920139,16616.88344681465,senario_A
2025-03-07 04:00:00,41021.13008246528,0.9380315335591635,22934.4029296875,18085.78912124422,senario_A
2025-03-07 05:00:00,40867.35919704861,0.9513370262583096,20790.66286892361,20075.74499109874,senario_A
2025-03-07 06:00:00,42124.78178819444,0.9908627512057622,18715.364561631945,23408.426363811293,senario_A
2025-03-07 07:00:00,44284.16245225695,14.017893084883688,17332.194325086806,26937.950234085256,senario_A
2025-03-07 08:00:00,45400.96802083333,2567.8221310170493,16626.338881293403,26206.80700852288,senario_A
2025-03-07 09:00:00,47067.425282118056,12241.41953531901,14240.820889756944,20585.184857042106,senario_A
2025-03-07 10:00:00,48323.495130208335,20282.367364908856,12258.070007595486,15783.057757703993,senario_A
2025-03-07 11:00:00,49744.735078125,24314.682270507812,13021.78824001736,12408.264567599826,senario_A
2025-03-07 12:00:00,49834.97234375,26550.072841796875,11436.019176432292,11848.880325520833,senario_A
2025-03-07 13:00:00,50130.60776909722,28759.443076171876,9005.09938530816,12366.065307617188,senario_A
2025-03-07 14:00:00,49912.04339409722,29761.499049479164,7544.069844835069,12606.47449978299,senario_A
2025-03-07 15:00:00,50596.75440104167,30600.236617838542,6359.720947265625,13636.7968359375,senario_A
2025-03-07 16:00:00,51642.6074609375,30554.35335611979,4957.411443684896,16130.842661132812,senario_A
2025-03-07 17:00:00,52339.82444878472,26534.4285172526,4612.746402452257,21192.649529079863,senario_A
2025-03-07 18:00:00,52313.065755208336,13589.747713623048,6066.186322157118,32657.131719428166,senario_A
2025-03-07 19:00:00,51083.80829427084,1144.8384758361801,7367.813109266493,42571.15670916817,senario_A
2025-03-07 20:00:00,50121.97139322916,0.24035285507639248,9030.889648980035,41090.841391394046,senario_A
2025-03-07 21:00:00,49676.22156684028,0.21881563753510513,13292.8303515625,36383.17239964024,senario_A
2025-03-07 22:00:00,48475.04033420139,0.2367681197077035,16432.76868706597,32042.03487901571,senario_A
2025-03-07 23:00:00,46856.37471354166,0.18404026581595334,18239.87870659722,28616.31196667863,senario_A
2025-03-08 00:00:00,45229.28736979167,0.23650481053938466,20884.1393359375,24344.91152904363,senario_A
2025-03-08 01:00:00,43594.47124565972,0.238773644392689,22647.614216579863,20946.618255435464,senario_A
2025-03-08 02:00:00,42725.21961371528,0.4491525902599096,22676.4863671875,20048.284093937516,senario_A
2025-03-08 03:00:00,41645.86108072917,0.8829450969894728,22412.793817274305,19232.18431835788,senario_A
2025-03-08 04:00:00,40761.15989583333,1.3498335563143096,21725.581163194445,19034.22889908257,senario_A
2025-03-08 05:00:00,40517.21117621528,0.9719158365329106,21037.835907118057,19478.403353260688,senario_A
2025-03-08 06:00:00,41085.57370225695,1.0545172496636708,21134.486360677085,19950.032824330203,senario_A
2025-03-08 07:00:00,42120.89637152778,3.9822160407900813,21162.006037326388,20954.908118160598,senario_A
2025-03-08 08:00:00,43160.920373263885,1364.5940164120993,20502.71591796875,21293.610438883035,senario_A
2025-03-08 09:00:00,45830.29787760416,7696.335672200521,19838.639976128477,18295.32222927516,senario_A
2025-03-08 10:00:00,47432.06762586805,13235.11080485026,17947.21232638889,16249.7444946289,senario_A
2025-03-08 11:00:00,48893.2488671875,17268.520198567712,16380.699483506944,15244.029185112848,senario_A
2025-03-08 12:00:00,50114.21924045139,19272.291455078124,15369.878467881945,15472.049317491323,senario_A
2025-03-08 13:00:00,51597.77202256944,19090.006658528648,14628.24914279514,17879.516221245656,senario_A
2025-03-08 14:00:00,51964.076328125,18612.68666829427,14747.111536458331,18604.278123372394,senario_A
2025-03-08 15:00:00,52518.64224826389,17569.341928710935,13926.087802734375,21023.212516818578,senario_A
2025-03-08 16:00:00,53197.14017795139,16249.299718424478,14523.238871527778,22424.601587999132,senario_A
2025-03-08 17:00:00,53057.11068142361,13785.376005045573,16404.710015190973,22867.024661187064,senario_A
2025-03-08 18:00:00,52393.86188368056,7327.538254394532,19082.54222439236,25983.78140489367,senario_A
2025-03-08 19:00:00,51870.08001302083,851.5161156009635,19619.958825954865,31398.605071465,senario_A
2025-03-08 20:00:00,51927.58675347222,0.26503133917848254,20026.387918836805,31900.933803296237,senario_A
2025-03-08 21:00:00,50208.16023003472,0.4214748377849658,19621.156089409724,30586.582665787213,senario_A
2025-03-08 22:00:00,48926.18041232639,0.5059753784040609,19011.82112196181,29913.853314986176,senario_A
2025-03-08 23:00:00,47234.74293402778,0.5973897763590018,18741.620032552084,28492.525511699336,senario_A
2025-03-09 00:00:00,45509.328424479165,0.6369416445990403,17875.562296006945,27633.129186827624,senario_A
2025-03-09 01:00:00,43489.614296875,0.7827869164943695,16794.973667534723,26693.85784242378,senario_A
2025-03-09 03:00:00,42634.60448350695,0.8124817383786043,15673.925111762152,26959.866890006415,senario_A
2025-03-09 04:00:00,42789.7558203125,0.7292193157970905,16100.882978515623,26688.14362248108,senario_A
2025-03-09 05:00:00,42908.77017361111,0.7383260822296143,16530.00401909722,26378.02782843166,senario_A
2025-03-09 06:00:00,42685.95779947917,0.743724830498298,16004.566946614585,26680.647128034085,senario_A
2025-03-09 07:00:00,43435.404405381945,0.733851482818524,14762.47449435764,28672.19605954149,senario_A
2025-03-09 08:00:00,44848.47492621528,7.1430245021979015,13482.20818576389,31359.123715949194,senario_A
2025-03-09 09:00:00,45834.82389322917,2505.5686826705933,13474.966845703126,29854.288364855453,senario_A
2025-03-09 10:00:00,47645.51936197917,13326.075528971354,12841.568114149306,21477.875718858508,senario_A
2025-03-09 11:00:00,48627.9548828125,18898.302802734375,12247.427631293403,17482.22444878472,senario_A
2025-03-09 12:00:00,49135.907495659725,22267.99505371094,12429.206358506945,14438.70608344184,senario_A
2025-03-09 13:00:00,49127.81547743056,24989.091575520833,12457.40921983507,11681.314682074655,senario_A
2025-03-09 14:00:00,49489.28934895834,27590.975439453126,12304.457445746528,9593.856463758682,senario_A
2025-03-09 15:00:00,48672.566866319445,26868.041822916664,12358.62630750868,9445.8987358941,senario_A
2025-03-09 16:00:00,47464.9921484375,25556.493741861977,12256.164367404514,9652.33403917101,senario_A
2025-03-09 17:00:00,46432.51072048611,23530.162993164064,11679.787132161458,11222.56059516059,senario_A
2025-03-09 18:00:00,46471.380902777775,21295.239724934898,10591.280029296877,14584.861148546,senario_A
2025-03-09 19:00:00,46846.024835069446,15687.838355305994,9324.554146050346,21833.632333713103,senario_A
2025-03-09 20:00:00,47863.797847222224,1996.8411557070415,7159.403311631944,38707.55337988323,senario_A
2025-03-09 21:00:00,48576.613893229165,12.759482259874542,4820.212107204861,43743.64230376443,senario_A
2025-03-09 22:00:00,48257.27030815972,0.5038714462518691,4272.428565538195,43984.337871175274,senario_A
2025-03-09 23:00:00,46964.459283854165,0.5223517567912737,4247.592550455729,42716.34438164164,senario_A
2025-03-10 00:00:00,45009.65107638889,0.5314901222288608,4609.950529513889,40399.16905675277,senario_A
2025-03-10 01:00:00,43737.97513237847,0.6293080760041871,4906.5676486545135,38830.77817564796,senario_A
2025-03-10 02:00:00,43477.99714409722,0.7486290929218133,4814.108180338541,38663.14033466576,senario_A
2025-03-10 03:00:00,43612.96919270833,0.7756660196681817,5382.938621961805,38229.25490472686,senario_A
2025-03-10 04:00:00,44703.03482204861,0.7452010412514208,6597.968140190972,38104.32148081639,senario_A
2025-03-10 05:00:00,45265.94832465277,0.6810138850410778,7727.242453884549,37538.024856883174,senario_A
2025-03-10 06:00:00,47283.60161024306,0.6418214423954487,7972.933691948785,39310.02609685188,senario_A
2025-03-10 07:00:00,50014.73915364583,0.5599229020873706,7845.4455984157985,42168.733632327945,senario_A
2025-03-10 08:00:00,52382.03883246528,110.26407486920556,8045.407665473091,44226.367092122986,senario_A
2025-03-10 09:00:00,52152.38310763889,9678.045948689778,7973.643815104167,34500.69334384495,senario_A
2025-03-10 10:00:00,52112.8337890625,31547.542804361983,6689.779298502604,13875.51168619791,senario_A
2025-03-10 11:00:00,49939.509427083336,37112.27740559896,4191.794747721354,8635.437273763026,senario_A
2025-03-10 12:00:00,48333.796796875,37417.24621093749,4543.0486965603295,6373.501889377182,senario_A
2025-03-10 13:00:00,47548.69903211806,37033.84410156249,5569.22138671875,4945.633543836814,senario_A
2025-03-10 14:00:00,47912.75944444445,36684.50625325521,6685.376646592882,4542.8765445963545,senario_A
2025-03-10 15:00:00,48288.99157986111,36214.83219075521,7884.576176215278,4189.583212890624,senario_A
2025-03-10 16:00:00,48251.332291666666,34984.3887890625,9014.48846028646,4252.455042317708,senario_A
2025-03-10 17:00:00,48337.65083767361,33865.90201497396,10001.434739583334,4470.314083116316,senario_A
2025-03-10 18:00:00,48553.53200954861,32906.10280273438,10650.858958333334,4996.570248480897,senario_A
2025-03-10 19:00:00,48849.73046006945,20023.937998860678,11359.332351345483,17466.460109863285,senario_A
2025-03-10 20:00:00,48009.36946614584,2369.05793119212,11932.377034505207,33707.93450044852,senario_A
2025-03-10 21:00:00,48231.09402777778,0.37634251420696574,16346.869086371527,31883.84859889204,senario_A
2025-03-10 22:00:00,47426.89080729167,0.4040029005582133,20514.41301432292,26912.073790068192,senario_A
2025-03-10 23:00:00,45823.38127604167,11.129415044561028,23672.465279947915,22139.786581049193,senario_A
2025-03-11 00:00:00,44441.58555555555,0.9340127568940322,25356.729602864583,19083.921939934076,senario_A
2025-03-11 01:00:00,42843.57081163194,0.5896939839422702,25872.66451388889,16970.316603759104,senario_A
2025-03-11 02:00:00,41990.03841579861,0.5083759258687496,25951.498385416668,16038.031654456074,senario_A
2025-03-11 03:00:00,42056.96180989583,0.5588667208453019,25808.28448784722,16248.118455327767,senario_A
2025-03-11 04:00:00,42229.06904513889,0.538047170539697,25893.74993706597,16334.781060902373,senario_A
2025-03-11 05:00:00,41993.798910590274,0.9097962895532449,25621.30186197917,16371.587252321551,senario_A
2025-03-11 06:00:00,43906.9906640625,1.1807404969632624,25643.27609809028,18262.533825475253,senario_A
2025-03-11 07:00:00,46720.936375868056,1.2939692727228005,25575.52858940972,21144.11381718561,senario_A
2025-03-11 08:00:00,48875.39430555556,127.58095066323877,25310.027725694443,23437.78562919788,senario_A
2025-03-11 09:00:00,49457.83259114583,9339.410703633626,23547.946985677085,16570.474901835118,senario_A
2025-03-11 10:00:00,49607.98102864583,25713.979602864587,18155.34398654514,5738.6574392361035,senario_A
2025-03-11 11:00:00,49176.54289496528,29973.998483072915,16530.70544813368,2671.8389637586806,senario_A
2025-03-11 12:00:00,47559.38293836806,28881.815751953123,15921.207511935763,2756.3596744791703,senario_A
2025-03-11 13:00:00,46786.00823784722,28453.73364583333,15520.71578342014,2811.5588085937507,senario_A
2025-03-11 14:00:00,47141.005464409725,29161.507695312495,15527.04074435764,2452.4570247395895,senario_A
2025-03-11 15:00:00,47577.51963107639,29547.079137369794,15553.49327690972,2476.9472167968797,senario_A
2025-03-11 16:00:00,48252.128541666665,29731.516875,15682.119282769096,2838.4923838975683,senario_A
2025-03-11 17:00:00,49488.239453125,30036.492454427083,16156.133470052084,3295.6135286458357,senario_A
2025-03-11 18:00:00,50388.91086805556,27166.794918619795,16811.204585503474,6410.9113639322895,senario_A
2025-03-11 19:00:00,50845.86103298611,17996.407127278646,18558.889427083333,14290.564478624132,senario_A
2025-03-11 20:00:00,49981.92442708334,2118.634372809306,18148.357061631945,29714.932992642087,senario_A
2025-03-11 21:00:00,49778.942235243056,0.2963152642796436,19716.317252604167,30062.32866737461,senario_A
2025-03-11 22:00:00,49070.65528211805,0.40231321292618905,23233.861707899305,25836.391261005818,senario_A
2025-03-11 23:00:00,47450.65312065972,0.8111290558179219,25978.395987413194,21471.44600419071,senario_A
2025-03-12 00:00:00,45273.07283203125,0.6514816889663537,26691.46162543403,18580.95972490825,senario_A
2025-03-12 01:00:00,42526.05762369792,0.7539725447446107,26173.598904622395,16351.70474653078,senario_A
2025-03-12 02:00:00,42157.62133789063,1.4075896745920182,26819.119010959203,15337.094737256837,senario_A
2025-03-12 03:00:00,41593.091536458334,1.311933960020542,26453.08430772569,15138.69529477262,senario_A
2025-03-12 04:00:00,40818.63381944445,1.0372271584471067,25825.90396484375,14991.692627442248,senario_A
2025-03-12 05:00:00,40590.9427734375,1.0890293577313424,25318.29564236111,15271.558101718656,senario_A
2025-03-12 06:00:00,41362.82006076389,0.860178023080031,24696.07937934028,16665.880503400524,senario_A
2025-03-12 07:00:00,43650.59842447917,0.8626648460825284,23898.825073784723,19750.91068584836,senario_A
2025-03-12 08:00:00,45231.81963758681,73.08706377277771,22697.940258246526,22460.7923155675,senario_A
2025-03-12 09:00:00,45518.82227430555,6263.760190429688,21046.57018012153,18208.491903754333,senario_A
2025-03-12 10:00:00,47524.55124565972,21807.60448404948,17522.962196180557,8193.984565429684,senario_A
2025-03-12 11:00:00,47747.507256944446,27459.006077473954,14973.282748480902,5315.218430989589,senario_A
2025-03-12 12:00:00,49496.92004340278,30948.817233072914,15051.231068793402,3496.8717415364645,senario_A
2025-03-12 13:00:00,50020.50686197917,29396.13286783854,17279.696028645834,3344.677965494797,senario_A
2025-03-12 14:00:00,51342.80943142361,26614.623896484372,19712.901002604165,5015.28453233507,senario_A
2025-03-12 15:00:00,52383.15758680556,24271.318813476562,20847.351712239582,7264.487061089414,senario_A
2025-03-12 16:00:00,53261.347565104166,23789.44197265625,21371.88259765625,8100.022994791667,senario_A
2025-03-12 17:00:00,54116.4800108507,22144.744978841147,21389.9822905816,10581.75274142795,senario_A
2025-03-12 18:00:00,55014.57552951389,18020.765029296876,21259.17517361111,15734.635326605901,senario_A
2025-03-12 19:00:00,54398.22329861111,11483.685053710939,21864.174403211804,21050.363841688373,senario_A
2025-03-12 20:00:00,53626.52180121528,1907.667479664882,22076.52194878472,29642.332372765683,senario_A
2025-03-12 21:00:00,52888.72345920139,0.032187183614369105,21063.450523003477,31825.2407490143,senario_A
2025-03-12 22:00:00,51284.15500868056,0.0930939307516776,22501.90465494792,28782.157259801887,senario_A
2025-03-12 23:00:00,48905.55827256945,0.304862760156393,23344.957957899307,25560.295451909988,senario_A
2025-03-13 00:00:00,46122.15435329861,0.25336332463969785,22825.125546875,23296.77544309897,senario_A
2025-03-13 01:00:00,44179.30110243055,0.21979625515639767,21759.058984375,22420.022321800396,senario_A
2025-03-13 02:00:00,42430.67637586805,0.21621668477853137,20041.34330512153,22389.116854061747,senario_A
2025-03-13 03:00:00,42079.50922743056,0.2322427324205637,19193.939830729167,22885.337153968972,senario_A
2025-03-13 04:00:00,41135.63881510417,0.2799335500473777,18953.335753038195,22182.023128515928,senario_A
2025-03-13 05:00:00,40616.53313368056,0.5240424453715483,16993.815379774307,23622.19371146088,senario_A
2025-03-13 06:00:00,41617.50428168403,0.7123129892100889,14502.764647081163,27114.027321613652,senario_A
2025-03-13 07:00:00,43844.35036892361,0.7000289304554461,13415.079904513888,30428.570435479265,senario_A
2025-03-13 08:00:00,45342.27965711806,124.6258862769107,12713.79841796875,32503.8553528724,senario_A
2025-03-13 09:00:00,45731.24273003472,7556.525203857422,11200.998696831595,26973.7188293457,senario_A
2025-03-13 10:00:00,47761.89571180556,23178.167978515627,6397.110983344184,18186.61674994575,senario_A
2025-03-13 11:00:00,49158.25759548611,31927.468707682296,2832.439332953559,14398.349554850254,senario_A
2025-03-13 12:00:00,50156.38476779514,33349.99292643229,2699.856080525716,14106.535760837132,senario_A
2025-03-13 13:00:00,50948.604327256944,32661.177936197917,4188.32796061198,14099.098430447048,senario_A
2025-03-13 14:00:00,52832.94546875,31628.81721028646,7608.409488389757,13595.718770073781,senario_A
2025-03-13 15:00:00,54702.0730360243,29745.87017252604,12020.155240885417,12936.047622612847,senario_A
2025-03-13 16:00:00,56240.466271701385,25698.40895426432,16036.76208794488,14505.295229492185,senario_A
2025-03-13 17:00:00,57839.07282118056,22531.455813802084,17947.034657118056,17360.582350260418,senario_A
2025-03-13 18:00:00,57478.613637152775,17812.25483561198,17511.045789930555,22155.31301161024,senario_A
2025-03-13 19:00:00,55537.54069769965,9192.214401855468,16588.86280924479,29756.463486599394,senario_A
2025-03-13 20:00:00,54477.7000390625,931.4035278602441,17082.074270833335,36464.22224036892,senario_A
2025-03-13 21:00:00,53577.30659722223,0.5100108985000406,18151.21779079861,35425.57879552512,senario_A
2025-03-13 22:00:00,51973.33037326389,0.24895905051380385,19468.82962890625,32504.251785307126,senario_A
2025-03-13 23:00:00,49491.23495442709,0.4058648636937141,20598.475064561637,28892.35402500176,senario_A
2025-03-14 00:00:00,47135.48131510417,0.5935462660094102,23579.88873046875,23554.999038369406,senario_A
2025-03-14 01:00:00,45751.68439670139,0.6221461531768242,26638.63363064236,19112.42861990586,senario_A
2025-03-14 02:00:00,44680.49620659722,0.7568126539885998,27125.08677517361,17554.652618769618,senario_A
2025-03-14 03:00:00,43992.55006076389,0.8914089638988176,27206.658057725694,16785.000594074296,senario_A
2025-03-14 04:00:00,43317.70651041667,1.0551609193285305,27120.347337239586,16196.304012257755,senario_A
2025-03-14 05:00:00,42685.14101128472,1.1852556894719601,27151.966506076387,15531.989249518861,senario_A
2025-03-14 06:00:00,43351.081971571184,1.5064246827363967,27392.955784505208,15956.619762383238,senario_A
2025-03-14 07:00:00,45300.50891493056,1.5187373649577296,27265.726397569444,18033.263779996152,senario_A
2025-03-14 08:00:00,46897.89890190972,27.635050510565442,26658.35226236979,20211.911589029365,senario_A
2025-03-14 09:00:00,47269.67891493056,3569.470668945313,25493.8628624132,18206.345383572047,senario_A
2025-03-14 10:00:00,48814.06526041667,11487.663474121095,23233.704774305555,14092.697011990018,senario_A
2025-03-14 11:00:00,50070.48377170139,18072.513302408857,20885.10621744792,11112.86425184461,senario_A
2025-03-14 12:00:00,50947.88986545139,23312.313251953125,18491.32684244792,9144.249771050345,senario_A
2025-03-14 13:00:00,51843.85242621528,25806.800419921878,16484.63120876736,9552.42079752604,senario_A
2025-03-14 14:00:00,53567.8638671875,28186.310364583333,14809.105973307293,10572.447529296876,senario_A
2025-03-14 15:00:00,54925.567194010415,27797.51068440756,15564.7621226671,11563.294386935755,senario_A
2025-03-14 16:00:00,56409.24131510417,26994.441337890625,16351.345695529511,13063.454281684033,senario_A
2025-03-14 17:00:00,57398.88177951389,24717.12496907552,18398.124633246527,14283.632177191841,senario_A
2025-03-14 18:00:00,57358.11943576389,19234.28393880208,20857.9334765625,17265.90202039931,senario_A
2025-03-14 19:00:00,56182.02442274305,8807.607595214844,22363.859915364585,25010.55691216362,senario_A
2025-03-14 20:00:00,54325.40662326389,746.3215254340694,23134.84031467014,30444.24478315968,senario_A
2025-03-14 21:00:00,53304.31081705729,0.2570833554196482,24005.42903157552,29298.624702126348,senario_A
2025-03-14 22:00:00,51739.92122829861,0.439841839671135,23515.80455512153,28223.67683133741,senario_A
2025-03-14 23:00:00,49938.38482204861,0.5938071437180041,22674.014565972226,27263.776448932666,senario_A
2025-03-15 00:00:00,47568.86222222223,0.6430139071245987,22125.273135850694,25442.946072464416,senario_A
2025-03-15 01:00:00,45154.19814670139,0.7013386161128679,21069.22019748264,24084.27661060264,senario_A
2025-03-15 02:00:00,43170.89063802084,0.6868057744204998,19494.154381510416,23676.049450736005,senario_A
2025-03-15 03:00:00,40929.14746961805,0.6874763588110605,16766.571059027778,24161.88893423146,senario_A
2025-03-15 04:00:00,40023.75103732639,0.693620902399222,16019.07281467014,24003.984601753848,senario_A
2025-03-15 05:00:00,40153.51006076389,0.6671718712647756,17046.719715711806,23106.123173180815,senario_A
2025-03-15 06:00:00,40533.71123263889,0.6298309930165608,18044.46133246528,22488.620069180597,senario_A
2025-03-15 07:00:00,40789.37702690972,0.634640724559625,17604.61857421875,23184.123811966412,senario_A
2025-03-15 08:00:00,42075.56369357639,32.02822651003798,17954.9494140625,24088.58605300385,senario_A
2025-03-15 09:00:00,42989.92260416667,4839.3517947642,17506.06718315972,20644.503626242746,senario_A
2025-03-15 10:00:00,45361.73438151042,18761.85278645833,16395.70611436632,10204.175480685768,senario_A
2025-03-15 11:00:00,48086.02539930555,21555.21852701823,19279.355397135416,7251.4514751519055,senario_A
2025-03-15 12:00:00,48304.75222222223,21574.948352864583,19711.13451822917,7018.669351128479,senario_A
2025-03-15 13:00:00,47187.69961805556,19814.66194173177,19772.281820746528,7600.755855577259,senario_A
2025-03-15 14:00:00,47139.19514756944,19461.064192708334,20024.340245225696,7653.7907096354065,senario_A
2025-03-15 15:00:00,47657.60803819444,20422.764982096356,19949.305729166663,7285.537326931422,senario_A
2025-03-15 16:00:00,47916.141692708334,20138.396497395835,19851.625403645838,7926.119791666661,senario_A
2025-03-15 17:00:00,48321.73307291666,19810.652553710937,19202.7888671875,9308.291652018219,senario_A
2025-03-15 18:00:00,48210.3213671875,16001.505608723957,18726.79984375,13482.015914713542,senario_A
2025-03-15 19:00:00,47644.84336371528,10997.007729492188,17926.502921006944,18721.332713216147,senario_A
2025-03-15 20:00:00,46976.50832465278,1691.0524816840887,13473.826430121528,31811.62941284716,senario_A
2025-03-15 21:00:00,46963.04753038195,0.48074853050212063,10081.149250217011,36881.41753163443,senario_A
2025-03-15 22:00:00,45733.73759548611,0.4024156452715396,7771.013350694445,37962.32182914639,senario_A
2025-03-15 23:00:00,44051.68687065972,0.4429870869964361,5960.342521158854,38090.901362413875,senario_A
2025-03-16 00:00:00,42288.96665798611,0.4747747713824113,5412.248745659722,36876.243137555,senario_A
2025-03-16 01:00:00,41147.77572482639,0.6223106189568837,5201.8585172526045,35945.29489695482,senario_A
2025-03-16 02:00:00,40212.21887586806,0.6425296489397685,5502.927473415799,34708.648872803315,senario_A
2025-03-16 03:00:00,39915.38263888889,0.6645854528745014,6613.875379774306,33300.84267366171,senario_A
2025-03-16 04:00:00,39556.60078559028,0.6735925691823165,8095.64595703125,31460.281235989845,senario_A
2025-03-16 05:00:00,39321.843090277776,0.6662643231451512,10224.614851345486,29096.561974609143,senario_A
2025-03-16 06:00:00,39379.16161892361,0.6682455236713091,11579.016690538194,27799.476682861743,senario_A
2025-03-16 07:00:00,40074.96452690973,0.6868606689075629,12166.222724609375,27908.054941631446,senario_A
2025-03-16 08:00:00,41301.42755642361,282.9022958683968,11577.664883897569,29440.86037665764,senario_A
2025-03-16 09:00:00,43369.49713975695,12201.233583170573,10093.92588107639,21074.337675509993,senario_A
2025-03-16 10:00:00,45907.555043402775,33292.97453776042,7236.885963541667,5377.694542100689,senario_A
2025-03-16 11:00:00,45316.85876736111,34431.10673502604,7539.964530707465,3345.787501627604,senario_A
2025-03-16 12:00:00,44355.10112738716,33374.29704833984,7259.258168538411,3721.545910508913,senario_A
2025-03-16 13:00:00,43851.503854166665,33823.45634440104,6435.289686957465,3592.7578228081584,senario_A
2025-03-16 14:00:00,43626.71247829861,32524.324863281254,6849.057931315104,4253.329683702249,senario_A
2025-03-16 15:00:00,44421.52202256944,32266.133945312497,7571.061508246527,4584.326569010419,senario_A
2025-03-16 16:00:00,45023.56735351562,31668.825112304687,8035.785387505425,5318.956853705505,senario_A
2025-03-16 17:00:00,46052.51608940972,32367.75193359375,7436.788446723091,6247.97570909288,senario_A
2025-03-16 18:00:00,47237.34196614583,31842.46137044271,6523.619293619791,8871.26130208333,senario_A
2025-03-16 19:00:00,47481.53137586806,21084.98270751953,5168.123313259549,21228.425355088977,senario_A
2025-03-16 20:00:00,46906.03603732639,2734.0525237496695,3964.1509060329854,40207.832607543736,senario_A
2025-03-16 21:00:00,46890.76162326389,0.8993062134335439,4796.027570800781,42093.834746249675,senario_A
2025-03-16 22:00:00,46213.17545572917,0.34051773319641754,7332.728444552951,38880.106493443025,senario_A
2025-03-16 23:00:00,44505.18654079861,0.28865234337747087,9738.843781467014,34766.05410698822,senario_A
2025-03-17 00:00:00,42314.23785590278,0.45613867036998273,12401.69505859375,29912.086658638655,senario_A
2025-03-17 01:00:00,40993.14848524306,0.455433776974678,16037.79017361111,24954.902877854976,senario_A
2025-03-17 02:00:00,40312.158502604165,0.6237421513100465,18601.90646267361,21709.628297779247,senario_A
2025-03-17 03:00:00,40150.88050347223,0.9293793644011021,19489.855010850693,20660.096113257136,senario_A
2025-03-17 04:00:00,40553.43625868056,0.9471961789329846,20651.32552083333,19901.1635416683,senario_A
2025-03-17 05:00:00,41200.94023003472,1.0866604713102181,22186.196961805555,19013.656607757857,senario_A
2025-03-17 06:00:00,42557.585379774304,1.0753460822502772,22870.59104763455,19685.918986057502,senario_A
2025-03-17 07:00:00,45324.92555121528,1.2145060389737288,23164.88273003472,22158.82831514159,senario_A
2025-03-17 08:00:00,47330.72962673611,327.333584176302,23077.725075954862,23925.670966604943,senario_A
2025-03-17 09:00:00,48418.159166666665,10573.745094197593,22271.70831597222,15572.705756496853,senario_A
2025-03-17 10:00:00,49627.61516493056,24697.104225260417,19560.65016059028,5369.860779079863,senario_A
2025-03-17 11:00:00,49124.14344184028,25327.767508138022,19937.506475694445,3858.8694580078118,senario_A
2025-03-17 12:00:00,48807.19722764757,22568.770588378906,21714.66116373698,4523.765475531687,senario_A
2025-03-17 13:00:00,48426.28676215278,21362.955986328125,21987.559605034723,5075.771170789929,senario_A
2025-03-17 14:00:00,48363.08664496528,21447.128061523443,21812.61413845486,5103.3444449869785,senario_A
2025-03-17 15:00:00,49376.127005208335,22498.95211751302,22128.631449652778,4748.543438042536,senario_A
2025-03-17 16:00:00,50367.51902235243,23420.618818359373,22191.4627218967,4755.43748209636,senario_A
2025-03-17 17:00:00,51737.18170138889,22288.901676432295,23047.014453125,6401.265571831591,senario_A
2025-03-17 18:00:00,52383.13969184028,18302.13046875,23282.801202256946,10798.208020833335,senario_A
2025-03-17 19:00:00,51988.52917534722,9692.563332926433,23840.55163845486,18455.414203965927,senario_A
2025-03-17 20:00:00,51704.94605902778,1169.4421715177875,24171.27499131945,26364.228896190543,senario_A
2025-03-17 21:00:00,51625.238172743055,0.02942799151875075,24611.18045138889,27014.028293362648,senario_A
2025-03-17 22:00:00,50077.061484375,0.08029604878431795,24778.31749565972,25298.663692666494,senario_A
2025-03-17 23:00:00,47499.36651801215,0.2227240527545412,24861.24437934028,22637.899414619114,senario_A
2025-03-18 00:00:00,44706.10529079861,0.23072366595268246,24674.284680989585,20031.58988614307,senario_A
2025-03-18 01:00:00,42630.275889756944,0.4014875708768765,24633.62779296875,17996.24660921732,senario_A
2025-03-18 02:00:00,41350.00752604166,0.49721002633372946,24514.481473524305,16835.028842491025,senario_A
2025-03-18 03:00:00,40725.56238715278,0.5392019156614939,24544.767454427085,16180.25573081003,senario_A
2025-03-18 04:00:00,40803.11841579861,0.6693659578263759,24458.976078559022,16343.472971281768,senario_A
2025-03-18 05:00:00,40512.11551649305,0.652951009174188,24392.995965711805,16118.466599772077,senario_A
2025-03-18 06:00:00,41488.41684027778,0.7007154449323812,24528.94799045139,16958.76813438146,senario_A
2025-03-18 07:00:00,44007.53241753472,0.7256491750478745,24905.382369791667,19101.424398568008,senario_A
2025-03-18 08:00:00,45367.84667100695,260.0369388623039,24723.24123480903,20384.56849733562,senario_A
2025-03-18 09:00:00,46169.68908854167,8067.619242553711,24023.017450086805,14079.052395901159,senario_A
2025-03-18 10:00:00,48295.37120659722,17140.758502604167,23142.296156684028,8012.316547309027,senario_A
2025-03-18 11:00:00,48363.44685329861,20309.18107096354,22006.831822916665,6047.433959418402,senario_A
2025-03-18 12:00:00,48973.28768663194,21650.498400065106,22249.944641927083,5072.844644639754,senario_A
2025-03-18 13:00:00,50100.30125,23107.10039876302,22345.38105251736,4647.8197987196145,senario_A
2025-03-18 14:00:00,50835.56916666667,23146.616145833334,22584.200199652776,5104.752821180558,senario_A
2025-03-18 15:00:00,52079.26191840278,23558.28414713542,22852.66187717014,5668.315894097221,senario_A
2025-03-18 16:00:00,53491.87190429687,23490.54981282552,23488.55137641059,6512.770715060764,senario_A
2025-03-18 17:00:00,54908.2062890625,23492.224957682294,23396.61640407986,8019.364927300347,senario_A
2025-03-18 18:00:00,55437.15210503472,21252.117262369793,23530.016009114584,10655.018833550344,senario_A
2025-03-18 19:00:00,54749.18222547743,11096.597930501302,23751.373283962672,19901.211011013456,senario_A
2025-03-18 20:00:00,53975.09597222223,1096.5332236886645,24388.703995225693,28489.85875330787,senario_A
2025-03-18 21:00:00,53727.88552083333,0.16895689724711702,24393.67332248264,29334.043241453444,senario_A
2025-03-18 22:00:00,52126.67986979167,0.297954580374062,24117.617938368057,28008.763976843235,senario_A
2025-03-18 23:00:00,49342.26368923611,0.5156939774006604,23580.221629774307,25761.526365484402,senario_A
2025-03-19 00:00:00,46273.07543077257,0.5693343133231004,23635.898696289063,22636.607400170185,senario_A
2025-03-19 01:00:00,43833.26571180556,0.651001661469539,23609.624105902774,20222.990604241313,senario_A
2025-03-19 02:00:00,42577.23079427084,0.6120820567508538,23733.00316189236,18843.61555032173,senario_A
2025-03-19 03:00:00,42150.69456163194,0.6655820772051811,23679.30320529514,18470.725774259598,senario_A
2025-03-19 04:00:00,42354.683515625,0.6912634735306105,23779.29361328125,18574.698638870224,senario_A
2025-03-19 05:00:00,42458.87751302083,0.6950564443568388,23468.98781684028,18989.194639736197,senario_A
2025-03-19 06:00:00,42396.44790364584,0.6906519939998785,21718.744138454866,20677.013113196976,senario_A
2025-03-19 07:00:00,44332.24085069444,0.7520956998566787,20917.188196614585,23414.30055838,senario_A
2025-03-19 08:00:00,45406.17078125,122.43560233106214,19972.46039713541,25311.27478178353,senario_A
2025-03-19 09:00:00,46500.0084375,6604.366780293782,19481.780735677083,20413.860921529133,senario_A
2025-03-19 10:00:00,47851.044396701385,17218.930166015627,18731.766456163197,11900.347774522561,senario_A
2025-03-19 11:00:00,48858.64546006944,20456.699119466146,19766.01310329861,8635.933237304685,senario_A
2025-03-19 12:00:00,49716.65208767361,22338.279895833333,21575.808860677083,5802.563331163194,senario_A
2025-03-19 13:00:00,50531.75856336806,23319.880883789065,22552.681851128476,4659.195828450516,senario_A
2025-03-19 14:00:00,50517.49638454861,23374.3013671875,22271.43394314236,4871.76107421875,senario_A
2025-03-19 15:00:00,50217.88393663194,22838.868028971352,21947.102554253477,5431.913353407108,senario_A
2025-03-19 16:00:00,50145.27885850694,21789.14867675781,22028.7315234375,6327.398658311635,senario_A
2025-03-19 17:00:00,50749.54546006944,20727.6426188151,22388.31747612847,7633.585365125869,senario_A
2025-03-19 18:00:00,51462.98625868056,18403.67641764323,22245.418511284723,10813.891329752612,senario_A
2025-03-19 19:00:00,50164.82580295139,10750.727939453125,22080.15886067708,17333.939002821182,senario_A
2025-03-19 20:00:00,49755.396875,1541.4117830848693,21494.41340494792,26719.571686967207,senario_A
2025-03-19 21:00:00,49803.45818142361,1.0155630418658257,20545.328663194443,29257.1139551873,senario_A
2025-03-19 22:00:00,47998.36079861111,0.33011331364512436,18606.855501302085,29391.175183995376,senario_A
2025-03-19 23:00:00,46036.79327256944,0.3485862240195273,17013.353717447917,29023.090968897504,senario_A
2025-03-20 00:00:00,43963.00965277778,0.3689636381467182,16176.411889105902,27786.22880003373,senario_A
2025-03-20 01:00:00,42535.0169140625,0.4298940191169579,14771.21169813368,27763.375321909705,senario_A
2025-03-20 02:00:00,41284.85318142361,0.510159468104442,12841.96265842014,28442.38036353537,senario_A
2025-03-20 03:00:00,40236.0464453125,0.5143430354694525,11600.64443467882,28634.88766759821,senario_A
2025-03-20 04:00:00,39790.425737847225,0.5193703698118527,10026.180922309028,29763.725445168388,senario_A
2025-03-20 05:00:00,40487.32111545139,0.5196251463393371,8785.087940538195,31701.713549766857,senario_A
2025-03-20 06:00:00,42302.075902777775,0.5167893073956171,8381.250283203124,33920.308830267255,senario_A
2025-03-20 07:00:00,45653.7375,0.533589449127515,7985.159251844618,37668.044658706254,senario_A
2025-03-20 08:00:00,47695.34544704861,495.57043459266424,7318.715810004341,39881.05920245161,senario_A
2025-03-20 09:00:00,48343.99206597222,14552.542085367839,5597.662272135417,28193.787708468964,senario_A
2025-03-20 10:00:00,48854.711141493055,35088.65732096354,4236.456151801215,9529.5976687283,senario_A
2025-03-20 11:00:00,48269.63834635416,38689.89967122396,5337.654506293403,4242.084168836794,senario_A
2025-03-20 12:00:00,47158.880208333336,39229.00795898438,5271.614507378472,2658.257741970483,senario_A
2025-03-20 13:00:00,46519.53954427083,39235.08246419271,4949.087250976562,2335.36982910156,senario_A
2025-03-20 14:00:00,46572.54690972222,38891.58441080729,5026.296546766493,2654.665952148438,senario_A
2025-03-20 15:00:00,46363.59289930556,38528.729143880206,5275.69489312066,2559.168862304691,senario_A
2025-03-20 16:00:00,45896.3732421875,37301.47475585937,5539.250602213541,3055.647884114588,senario_A
2025-03-20 17:00:00,46083.43762152778,37133.08899739584,5644.798109809028,3305.550514322913,senario_A
2025-03-20 18:00:00,46300.172534722224,34028.44612304688,5795.445308159722,6476.281103515621,senario_A
2025-03-20 19:00:00,46417.356119791664,22757.75483479818,6910.61380750868,16748.987477484807,senario_A
2025-03-20 20:00:00,46702.75532118056,3299.4195354207363,9134.0385671658,34269.29721859402,senario_A
2025-03-20 21:00:00,47146.49252170139,0.9515312211029231,13128.840513237848,34016.70047724244,senario_A
2025-03-20 22:00:00,46761.83756076389,0.41692416836818047,18206.25837782118,28555.162258774337,senario_A
2025-03-20 23:00:00,45201.71384548611,0.4867614346494278,21783.13232204861,23418.094762002853,senario_A
2025-03-21 00:00:00,43595.97149739583,0.47585569014151896,22504.37181857639,21091.1238231293,senario_A
2025-03-21 01:00:00,43000.870047743054,0.576740821947654,23037.31976779514,19962.973539125967,senario_A
2025-03-21 02:00:00,42489.23013888889,0.6222334645191828,23090.34231770833,19398.265587716036,senario_A
2025-03-21 03:00:00,41835.60153211805,0.5254459972182909,22854.05683810764,18981.019248013192,senario_A
2025-03-21 04:00:00,41402.73375434028,0.5258075863619645,22577.1265234375,18825.081423316424,senario_A
2025-03-21 05:00:00,42133.43164930555,0.5613015746573607,22588.6610655382,19544.209282192696,senario_A
2025-03-21 06:00:00,44137.2080078125,0.46888403244316573,22489.241976996527,21647.497146783528,senario_A
2025-03-21 07:00:00,47124.738854166666,0.5288289939363797,22800.841449652777,24323.368575519955,senario_A
2025-03-21 08:00:00,49005.36130642361,523.5885606437425,22881.03867621528,25600.734069564587,senario_A
2025-03-21 09:00:00,49792.68427517361,11468.170948486328,22121.57240885417,16202.940917833119,senario_A
2025-03-21 10:00:00,50321.00420138889,23824.60922363281,20070.40304904514,6425.991928710937,senario_A
2025-03-21 11:00:00,49934.49470920139,22303.915654296878,21730.67138671875,5899.907668185762,senario_A
2025-03-21 12:00:00,48337.1740625,21076.30774902344,21180.996510416662,6079.869803059901,senario_A
2025-03-21 13:00:00,47162.77986979167,23518.468966471355,18324.779294704866,5319.531608615453,senario_A
2025-03-21 14:00:00,46386.00028645834,28099.72437499999,14413.535754123264,3872.7401573350817,senario_A
2025-03-21 15:00:00,46336.95798177084,31885.019801432296,12031.633725043404,2420.3044552951433,senario_A
2025-03-21 16:00:00,46871.394921875,35108.83352864583,10149.694264322916,1612.8671289062513,senario_A
2025-03-21 17:00:00,47429.43775607639,34910.16153645834,9248.05144205729,3271.2247775607575,senario_A
2025-03-21 18:00:00,48023.71085069444,33385.854140625,8357.965362413195,6279.891347656247,senario_A
2025-03-21 19:00:00,47967.74034722222,21080.270630696617,8249.67211751302,18637.797599012585,senario_A
2025-03-21 20:00:00,47347.10200520833,3270.8704919433603,8864.762201605903,35211.46931165907,senario_A
2025-03-21 21:00:00,47509.07623697917,217.99291262308753,12231.70751953125,35059.375804824835,senario_A
2025-03-21 22:00:00,46638.007078993054,217.13397730509442,15559.30466579861,30861.56843588935,senario_A
2025-03-21 23:00:00,45363.02948784722,76.60933429193994,18449.890162760417,26836.52999079486,senario_A
2025-03-22 00:00:00,43730.64481770834,0.29579799909144633,20466.290540364585,23264.05847934466,senario_A
2025-03-22 01:00:00,42340.238671875,0.37654706969857216,20849.386388888888,21490.475735916414,senario_A
2025-03-22 02:00:00,41189.41329861112,0.5023927256713311,20423.7945030382,20765.116402847252,senario_A
2025-03-22 03:00:00,39801.77135850694,0.5313140787680943,19138.345325520837,20662.894718907337,senario_A
2025-03-22 04:00:00,39411.18324652778,0.5437572594980399,18299.09692274305,21111.54256652523,senario_A
2025-03-22 05:00:00,39194.548359375,0.8601934779683749,16911.52886176215,22282.159304134886,senario_A
2025-03-22 06:00:00,39702.770546875,0.646822541753451,15518.48625,24183.63747433324,senario_A
2025-03-22 07:00:00,40783.35690104167,0.6502953815460204,14997.770687934028,25784.9359177261,senario_A
2025-03-22 08:00:00,42003.55145399306,439.99859523748364,15879.83868923611,25683.714169519466,senario_A
2025-03-22 09:00:00,43570.60416232639,11996.636603190105,16432.81937934028,15141.148179796004,senario_A
2025-03-22 10:00:00,46449.27832899305,28080.720721028647,13713.958152126736,4654.59945583767,senario_A
2025-03-22 11:00:00,46857.30509548611,27098.08865885417,15145.831120876735,4613.385315755206,senario_A
2025-03-22 12:00:00,46991.79700954861,27932.00050455729,14642.456188151042,4417.3403168402765,senario_A
2025-03-22 13:00:00,47625.776154513886,27551.557887369796,15437.933916015623,4636.284351128466,senario_A
2025-03-22 14:00:00,48602.92837673611,25666.526720377602,17542.70747612847,5393.694180230039,senario_A
2025-03-22 15:00:00,49523.179348958336,24870.142501627604,18882.173049045137,5770.863798285594,senario_A
2025-03-22 16:00:00,50768.29979600695,25205.328131510418,19655.309092881944,5907.662571614586,senario_A
2025-03-22 17:00:00,51642.94668836806,24928.922703450517,20152.623522135415,6561.400462782127,senario_A
2025-03-22 18:00:00,52362.800390625,22018.251158854164,21042.14168619792,9302.407545572918,senario_A
2025-03-22 19:00:00,51957.74723090278,12700.603024902344,21938.54071614583,17318.603489854602,senario_A
2025-03-22 20:00:00,51036.62850694444,2122.3698292160034,22953.906597222223,25960.352080506214,senario_A
2025-03-22 21:00:00,50829.93338541667,1.0696551179831537,23910.739774305555,26918.123955993127,senario_A
2025-03-22 22:00:00,49738.39526475695,0.26053701190898804,24100.26992621528,25637.86480152977,senario_A
2025-03-22 23:00:00,47967.245985243055,0.33554350917538006,24009.387934027774,23957.522507706108,senario_A
2025-03-23 00:00:00,45909.94919704861,0.42140864980717496,23768.695557725696,22140.832230673106,senario_A
2025-03-23 01:00:00,43974.961588541664,0.4686229316393533,23550.070889756946,20424.422075853083,senario_A
2025-03-23 02:00:00,42614.9343359375,0.4654822979867459,23307.64321397569,19306.82563966382,senario_A
2025-03-23 03:00:00,41715.03062934028,0.48733317260940867,23055.024856770837,18659.518439396834,senario_A
2025-03-23 04:00:00,41145.596228298615,0.5699737054606278,22754.670703125,18390.355551468154,senario_A
2025-03-23 05:00:00,40166.14825086806,0.5702288179596265,22286.580384114583,17878.997637935514,senario_A
2025-03-23 06:00:00,39985.09326388889,0.5666318709651629,21298.824251302085,18685.702380715844,senario_A
2025-03-23 07:00:00,40410.91187934028,0.582514309734106,20085.21827907986,20325.111085950688,senario_A
2025-03-23 08:00:00,41224.44875868056,126.33701922277609,19437.29732638889,21660.8144130689,senario_A
2025-03-23 09:00:00,42733.53215711805,4369.481430664062,17930.65297526042,20433.397751193566,senario_A
2025-03-23 10:00:00,45840.391710069445,13294.317968749998,16967.433723958333,15578.640017361115,senario_A
2025-03-23 11:00:00,48081.52313368056,18233.188014322917,18428.775355902777,11419.559763454865,senario_A
2025-03-23 12:00:00,49920.39133680556,20132.657084960938,19096.34341362847,10691.39083821615,senario_A
2025-03-23 13:00:00,51635.52851128472,20778.8963688151,19128.27406684028,11728.358075629338,senario_A
2025-03-23 14:00:00,52413.03620225695,21634.204401041665,18608.569090711804,12170.262710503484,senario_A
2025-03-23 15:00:00,53284.95860243055,23472.419923502606,17472.290221354167,12340.24845757378,senario_A
2025-03-23 16:00:00,54562.61943576389,24626.169723307292,16464.236625434027,13472.21308702257,senario_A
2025-03-23 17:00:00,55703.22738715278,24433.226367187497,15355.28714952257,15914.713870442713,senario_A
2025-03-23 18:00:00,55995.575208333335,21071.28659016927,14940.51312282986,19983.775495334205,senario_A
2025-03-23 19:00:00,55204.26161458333,12286.332632649739,14955.524994574653,27962.403987358935,senario_A
2025-03-23 20:00:00,54253.8446484375,2116.353948287964,14973.932972005208,37163.557728144326,senario_A
2025-03-23 21:00:00,53983.32045572917,1.0941294605160752,15089.203816189236,38893.02251007942,senario_A
2025-03-23 22:00:00,52142.30381510417,0.3077728439122437,14692.26701063368,37449.72903162658,senario_A
2025-03-23 23:00:00,49216.35773003472,0.6179080894589424,13554.598169487846,35661.141652457416,senario_A
2025-03-24 00:00:00,46288.43065538195,0.6379647123813629,12551.71236219618,33736.080328473385,senario_A
2025-03-24 01:00:00,44187.10734375,0.6385259798169136,11561.200835503472,32625.267982266712,senario_A
2025-03-24 02:00:00,42931.4640234375,0.6444277788201968,10858.170665147569,32072.64893051111,senario_A
2025-03-24 03:00:00,41755.9112109375,0.6407018835842608,10552.340374348958,31202.93013470496,senario_A
2025-03-24 04:00:00,39944.234305555554,0.6473097885151704,9606.540343967014,30337.046651800025,senario_A
2025-03-24 05:00:00,40051.423016493056,0.6742997065683205,8835.756019965278,31214.99269682121,senario_A
2025-03-24 06:00:00,41124.636171875,0.5840464099744955,7772.142840711806,33351.909284753216,senario_A
2025-03-24 07:00:00,43817.93872395833,0.5961940340697766,6498.612009548611,37318.73052037565,senario_A
2025-03-24 08:00:00,45521.27071180556,555.5275066611171,6088.743338216146,38876.9998669283,senario_A
2025-03-24 09:00:00,46608.42697916667,13943.279586181641,6117.451602647569,26547.695790337457,senario_A
2025-03-24 10:00:00,49248.95715277778,32114.09161783854,4960.417540690104,12174.447994249134,senario_A
2025-03-24 11:00:00,49516.70941840278,34113.3982063802,5247.779109700521,10155.532102322057,senario_A
2025-03-24 12:00:00,48934.553828125,33155.20264648438,5771.65993218316,10007.691249457457,senario_A
2025-03-24 13:00:00,49811.07979166666,34971.96052408854,5403.93995062934,9435.17931694878,senario_A
2025-03-24 14:00:00,51220.01315972222,36018.789947916666,5006.243142361112,10194.980069444442,senario_A
2025-03-24 15:00:00,53285.16397569444,36433.22264648438,5222.258942599827,11629.682386610239,senario_A
2025-03-24 16:00:00,55232.76992947049,36901.488045247395,5585.379944254557,12745.901939968535,senario_A
2025-03-24 17:00:00,57213.539536675344,36386.52697265625,5857.002028944227,14970.010535074869,senario_A
2025-03-24 18:00:00,58262.17967773438,33243.418869628906,5919.423304036458,19099.337504069015,senario_A
2025-03-24 19:00:00,57444.64134548611,20433.898763020836,5515.224571940104,31495.51801052517,senario_A
2025-03-24 20:00:00,54449.16994791666,3012.7906082598365,4835.612271592882,46600.76706806394,senario_A
2025-03-24 21:00:00,53078.276380208335,1.827706167077025,5877.37069173177,47199.07798230949,senario_A
2025-03-24 22:00:00,52315.87197482639,0.23477429565042254,8463.415683051215,43852.22151747953,senario_A
2025-03-24 23:00:00,49586.9436328125,0.34945943104724086,10557.25810329861,39029.33607008284,senario_A
2025-03-25 00:00:00,46388.27490017361,0.4004143098990123,12813.182738715275,33574.691747148434,senario_A
2025-03-25 01:00:00,43625.84700954861,0.5182906289895375,15567.29642578125,28058.03229313837,senario_A
2025-03-25 02:00:00,42188.89680121528,0.5396870269874732,16394.73935546875,25793.61775871954,senario_A
2025-03-25 03:00:00,40994.88756076389,0.5925828692317008,16699.55482638889,24294.740151505768,senario_A
2025-03-25 04:00:00,39940.970625,0.5737475890417892,15887.43587999132,24052.96099741964,senario_A
2025-03-25 05:00:00,39932.31271701389,0.5812259008983771,14896.967078993055,25034.76441211994,senario_A
2025-03-25 06:00:00,41262.24799913194,0.5934980067114035,13874.793077256943,27386.861423868286,senario_A
2025-03-25 07:00:00,44035.967560763886,0.6005749628941217,13183.736199001736,30851.63078679925,senario_A
2025-03-25 08:00:00,45457.10026909722,529.5325397292772,12717.133333333331,32210.43439603461,senario_A
2025-03-25 09:00:00,46183.64190104167,12475.84582377116,11180.112225477433,22527.68385179308,senario_A
2025-03-25 10:00:00,49794.08656684028,31130.00477864583,8401.106695963541,10262.975092230905,senario_A
2025-03-25 11:00:00,51900.25791666667,36026.03770833333,8797.273930121528,7076.946278211812,senario_A
2025-03-25 12:00:00,52152.7124609375,35204.09158854167,9405.037349175347,7543.583523220486,senario_A
2025-03-25 13:00:00,53338.60232204861,36154.38114908854,8198.165431315105,8986.055741644963,senario_A
2025-03-25 14:00:00,55895.37533420139,36856.350045572915,7519.390573459202,11519.634715169272,senario_A
2025-03-25 15:00:00,58385.60853298611,36764.395520833335,7203.923572048611,14417.289440104163,senario_A
2025-03-25 16:00:00,60307.95506944445,35432.31221028646,7327.470168728299,17548.172690429692,senario_A
2025-03-25 17:00:00,62364.71896701389,33515.85236002604,7482.538444010416,21366.328162977436,senario_A
2025-03-25 18:00:00,63098.137699652776,28370.314879557292,8199.935176323785,26527.887643771697,senario_A
2025-03-25 19:00:00,60618.41087239584,13164.147673746744,9890.091687282986,37564.17151136611,senario_A
2025-03-25 20:00:00,58336.637339409725,1701.6566449912389,12063.293818359374,44571.68687605911,senario_A
2025-03-25 21:00:00,57834.77595486112,0.7249643462422924,15980.319148220486,41853.73184229439,senario_A
2025-03-25 22:00:00,56439.477543402776,0.21867741286754594,20122.776013454863,36316.482852535046,senario_A
2025-03-25 23:00:00,53608.2912890625,0.4611235720912614,22505.88149305556,31101.948672434854,senario_A
2025-03-26 00:00:00,49832.1330967882,0.5450833026568095,22922.600840386283,26908.987173099264,senario_A
2025-03-26 01:00:00,46715.3517078993,0.6244338788588842,22857.90900390625,23856.818270114192,senario_A
2025-03-26 02:00:00,44647.94062934028,0.6356197280685106,22076.9971875,22570.30782211221,senario_A
2025-03-26 03:00:00,43519.42108506944,0.610150994459788,20791.375963541668,22727.43497053332,senario_A
2025-03-26 04:00:00,42848.17639756944,0.6078611601392429,19382.33613498264,23465.23240142666,senario_A
2025-03-26 05:00:00,42289.18664496528,0.630259183893601,17845.21906467014,24443.337321111252,senario_A
2025-03-26 06:00:00,43363.84689236112,0.6608400716384251,16600.171429036458,26763.014623253028,senario_A
2025-03-26 07:00:00,45927.38409288194,0.6490924705564975,15669.72425889757,30257.01074151381,senario_A
2025-03-26 08:00:00,47306.7215125868,252.0264567970236,14573.409047309027,32481.286008480754,senario_A
2025-03-26 09:00:00,47648.051746961806,5140.038791605632,13399.553659939236,29108.459295416935,senario_A
2025-03-26 10:00:00,49400.00472439236,13146.765022786458,11976.519937065972,24276.719764539932,senario_A
2025-03-26 11:00:00,51668.73912977431,17335.964093424478,13366.22840277778,20966.546633572056,senario_A
2025-03-26 12:00:00,53535.33410590278,21584.642493489584,13910.040021701388,18040.65159071181,senario_A
2025-03-26 13:00:00,53469.26962890625,24076.92027669271,13917.742957899303,15474.60639431424,senario_A
2025-03-26 14:00:00,54222.60312934028,23402.324108072917,14886.293309461806,15933.985711805555,senario_A
2025-03-26 15:00:00,54913.26602430556,21999.681653645835,15455.107116970486,17458.477253689234,senario_A
2025-03-26 16:00:00,54993.73650607639,20669.97445638021,15282.093142361113,19041.66890733507,senario_A
2025-03-26 17:00:00,55189.99497829861,19383.594915364585,15487.974854600694,20318.425208333327,senario_A
2025-03-26 18:00:00,55070.14187934028,14958.941622721355,16857.47693793403,23253.72331868489,senario_A
2025-03-26 19:00:00,54126.29879774305,8690.708499348959,19224.831746961805,26210.758551432285,senario_A
2025-03-26 20:00:00,53321.98816189236,1468.6607541084288,21871.613203125,29981.71420465893,senario_A
2025-03-26 21:00:00,53514.367751736114,0.7005377235511938,23626.66668185764,29887.000532154918,senario_A
2025-03-26 22:00:00,52272.69165364583,0.5163262020051478,25364.82422743056,26907.351100013264,senario_A
2025-03-26 23:00:00,49463.38345486111,0.6595185638964176,24636.41886935764,24826.305066939578,senario_A
2025-03-27 00:00:00,46649.769118923614,0.6256055582066378,24019.91416232639,22629.22935103902,senario_A
2025-03-27 01:00:00,44481.18545789931,0.6161106614768506,23170.34052517361,21310.228822064222,senario_A
2025-03-27 02:00:00,42922.72926215278,0.6640132925907771,20609.87863715278,22312.186611707413,senario_A
2025-03-27 03:00:00,41181.23740017361,0.6773613148430983,18667.262330729165,22513.297708129605,senario_A
2025-03-27 04:00:00,40294.10618272569,0.6979172736903031,16882.79363064236,23410.61463480964,senario_A
2025-03-27 05:00:00,40481.57977430556,0.6933032995462417,15719.089953342014,24761.796517664,senario_A
2025-03-27 06:00:00,41643.56195746528,0.698011356194814,14889.16642903646,26753.697517072625,senario_A
2025-03-27 07:00:00,44246.09767144097,0.6923440151909986,14082.004308810763,30163.40101861502,senario_A
2025-03-27 08:00:00,45880.21499565972,254.17659638995926,12810.119985894096,32815.918413375664,senario_A
2025-03-27 09:00:00,46170.50755208333,6157.021211140951,11311.90466796875,28701.581672973625,senario_A
2025-03-27 10:00:00,48110.57714409722,14962.449488932292,9372.52495985243,23775.60269531249,senario_A
2025-03-27 11:00:00,48960.951265190975,17393.562677408852,11825.4561328125,19741.932454969625,senario_A
2025-03-27 12:00:00,49530.08808159722,20164.609033203124,13051.817708333334,16313.661340060762,senario_A
2025-03-27 13:00:00,50176.3487999132,21772.512550455725,12563.244049479166,15840.592199978306,senario_A
2025-03-27 14:00:00,51076.11554470486,21949.955317382817,12396.599912109376,16729.560315212664,senario_A
2025-03-27 15:00:00,51253.26398220486,20158.429288736977,12150.596335720486,18944.238357747396,senario_A
2025-03-27 16:00:00,51414.81276150174,18934.317603352865,12970.959600694445,19509.535557454426,senario_A
2025-03-27 17:00:00,50783.42347222223,16164.686025390623,14593.70910264757,20025.028344184044,senario_A
2025-03-27 18:00:00,50637.4562109375,11618.869226888022,15664.990554470483,23353.59642957899,senario_A
2025-03-27 19:00:00,49714.048168402776,5974.264140014649,16833.295617404514,26906.488410983617,senario_A
2025-03-27 20:00:00,49481.92269097222,940.2107878581683,17079.622102864585,31462.08980024947,senario_A
2025-03-27 21:00:00,49452.77584635417,0.4062674632668495,17573.524835069446,31878.844743821457,senario_A
2025-03-27 22:00:00,49113.67402777778,0.4629263775547344,17081.648518880207,32031.562582520015,senario_A
2025-03-27 23:00:00,46552.12135850694,0.7046255565186341,14878.76872721354,31672.64800573688,senario_A
2025-03-28 00:00:00,44219.92599826389,0.7436578931907812,13392.629403211806,30826.552937158896,senario_A
2025-03-28 01:00:00,42837.01795138889,0.6855142132441203,12323.847035590275,30512.48540158537,senario_A
2025-03-28 02:00:00,41488.5625,0.6751151870687803,9978.167808159722,31509.71957665321,senario_A
2025-03-28 03:00:00,40719.53836805555,0.6782130320866901,9396.805832248265,31322.054322775202,senario_A
2025-03-28 04:00:00,40526.267934027775,0.6900483747820059,9911.736501736112,30613.841383916882,senario_A
2025-03-28 05:00:00,40444.74748480903,0.6991732295850912,9992.329580078123,30451.718731501318,senario_A
2025-03-28 06:00:00,41375.56954427083,0.7212510743240516,10115.86423719618,31258.984056000325,senario_A
2025-03-28 07:00:00,43646.77133029514,0.7463745811581612,9299.802860243057,34346.22209547093,senario_A
2025-03-28 08:00:00,45084.05420572917,60.24495873302221,8135.383601888021,36888.42564510813,senario_A
2025-03-28 09:00:00,46070.12555121528,2989.3209281921386,7470.216604275173,35610.58801874797,senario_A
2025-03-28 10:00:00,47051.24884548611,9968.38072672526,7600.493372395833,29482.374746365014,senario_A
2025-03-28 11:00:00,47967.92675564236,16199.98550292969,7045.531307508681,24722.409945203988,senario_A
2025-03-28 12:00:00,48966.14389756945,21932.96892089844,5465.360580512152,21567.814396158858,senario_A
2025-03-28 13:00:00,49377.29688151042,23545.452326660157,4116.647860649957,21715.196694200306,senario_A
2025-03-28 14:00:00,49800.507105034725,23134.639375,3447.3360511610244,23218.531678873704,senario_A
2025-03-28 15:00:00,50590.975108506944,22146.076772460936,3972.4284331597214,24472.469902886285,senario_A
2025-03-28 16:00:00,51514.61182291667,21347.27494140625,5071.189863823784,25096.147017686635,senario_A
2025-03-28 17:00:00,52169.29322048611,22202.28626139323,5983.202874891493,23983.80408420139,senario_A
2025-03-28 18:00:00,51461.39805989584,20206.748767903642,7135.817041015625,24118.83225097657,senario_A
2025-03-28 19:00:00,50758.316380208336,15242.421141764324,9332.52715060764,26183.368087836374,senario_A
2025-03-28 20:00:00,49927.07625,2999.4145409377415,12010.902981770834,34916.758727291424,senario_A
2025-03-28 21:00:00,49967.59696614584,1.0741138757641115,16817.521023220484,33149.00182904959,senario_A
2025-03-28 22:00:00,49501.30908420139,0.2763986274351675,20894.43319444445,28606.599491129506,senario_A
2025-03-28 23:00:00,48098.14916232639,0.4161168485383192,22317.451004774302,25780.282040703547,senario_A
2025-03-29 00:00:00,46182.12221354167,0.47595058252414063,22768.96091796875,23412.68534499039,senario_A
2025-03-29 01:00:00,44021.21848524306,0.514559861322244,22809.266799045137,21211.437126336597,senario_A
2025-03-29 02:00:00,42398.06101996528,0.5559668533007304,22707.339552951387,19690.16550016059,senario_A
2025-03-29 03:00:00,41734.26924479166,0.5559027888874213,22558.434615885417,19175.278726117358,senario_A
2025-03-29 04:00:00,41208.6604296875,0.682536205103,22082.593528645837,19125.384364836562,senario_A
2025-03-29 05:00:00,40973.95118489584,0.6329284532368183,21653.78761067708,19319.530645765524,senario_A
2025-03-29 06:00:00,40814.08246527778,0.6127996895710628,20846.60017361111,19966.869491977097,senario_A
2025-03-29 07:00:00,41519.170078125,0.6352237512667974,20329.259292534723,21189.275561839004,senario_A
2025-03-29 08:00:00,42741.923272569446,180.03389537359277,19601.94213107639,22959.947246119464,senario_A
2025-03-29 09:00:00,44159.26266059028,6195.324378255209,16760.73220703125,21203.206075303817,senario_A
2025-03-29 10:00:00,46671.02004340278,16068.917200520833,13664.19541232639,16937.90743055556,senario_A
2025-03-29 11:00:00,48472.87893663195,22281.72867675781,12479.269153645831,13711.881106228304,senario_A
2025-03-29 12:00:00,49481.21960503472,26303.36043782552,10378.887406684027,12798.971760525174,senario_A
2025-03-29 13:00:00,50910.74338541667,31974.652561848958,8907.45341688368,10028.637406684029,senario_A
2025-03-29 14:00:00,53156.10857204861,33594.22681640625,8913.700750868056,10648.181004774304,senario_A
2025-03-29 15:00:00,56103.43476996528,34355.59472005208,11134.832513020834,10613.007536892363,senario_A
2025-03-29 16:00:00,58582.843209635415,33566.98241210937,13710.349384765625,11305.511412760421,senario_A
2025-03-29 17:00:00,60076.069956597225,31867.14598632812,16666.94681640625,11541.977153862856,senario_A
2025-03-29 18:00:00,60213.6752734375,25855.15064127604,19259.882643229168,15098.641988932286,senario_A
2025-03-29 19:00:00,58941.0494140625,12922.853618164063,20239.63559895833,25778.56019694011,senario_A
2025-03-29 20:00:00,57141.33250434028,2185.2156274159747,21391.86916449653,33564.24771242778,senario_A
2025-03-29 21:00:00,55748.89493489584,2.996212570642432,20524.82687934028,35221.07184298492,senario_A
2025-03-29 22:00:00,53157.07964409722,0.35044240972648066,18389.98197265625,34766.74722903124,senario_A
2025-03-29 23:00:00,50475.21697482639,0.5488440951208273,15821.29193576389,34653.37619496738,senario_A
2025-03-30 00:00:00,48242.55259548611,0.5610229987402756,14155.674521484376,34086.31705100299,senario_A
2025-03-30 01:00:00,45697.26244357639,0.5883143306275209,12706.307019314236,32990.367109931525,senario_A
2025-03-30 02:00:00,44089.96390625,0.5817648775378863,13009.966343315971,31079.415798056485,senario_A
2025-03-30 03:00:00,42792.384505208334,0.5806116526325544,14613.233836805555,28178.570056750148,senario_A
2025-03-30 04:00:00,42804.09398871528,0.5866097080210844,15695.1757421875,27108.331636819756,senario_A
2025-03-30 05:00:00,42489.32558159722,0.5614635950823624,16283.620888671874,26205.143229330264,senario_A
2025-03-30 06:00:00,42041.622601996525,0.5520042229195435,16430.728370225694,25610.342227547913,senario_A
2025-03-30 07:00:00,42149.19728298611,0.5554148361086846,16629.297105034722,25519.344763115278,senario_A
2025-03-30 08:00:00,42951.1434375,189.02858758548894,16724.653235677084,26037.46161423743,senario_A
2025-03-30 09:00:00,45321.35980034722,6293.663638509115,16366.377993706596,22661.318168131507,senario_A
2025-03-30 10:00:00,48840.86659722222,16776.90146158854,15098.08087890625,16965.884256727433,senario_A
2025-03-30 11:00:00,50877.497643229166,21328.009617513017,15323.123540581597,14226.364485134553,senario_A
2025-03-30 12:00:00,51545.20858506944,26193.690307617188,12865.52279296875,12485.995484483505,senario_A
2025-03-30 13:00:00,52451.54017361111,28988.507945963545,10205.774943576387,13257.257284071176,senario_A
2025-03-30 14:00:00,53905.98618706597,29951.908004557292,7862.23629014757,16091.841892361112,senario_A
2025-03-30 15:00:00,56023.19651909722,30174.16551106771,6188.204950086805,19660.826057942704,senario_A
2025-03-30 16:00:00,57313.92891927083,30380.854521484383,5091.892495659722,21841.181902126726,senario_A
2025-03-30 17:00:00,57406.53601128472,29430.513268229166,4555.044954969618,23420.977788085936,senario_A
2025-03-30 18:00:00,57716.00763237848,25164.424930013025,4255.966712510851,28295.615989854607,senario_A
2025-03-30 19:00:00,56504.67350694445,15958.253842773438,4896.374934895834,35650.04472927518,senario_A
2025-03-30 20:00:00,54097.2717578125,3009.1312982559207,6606.554206814236,44481.586252742345,senario_A
2025-03-30 21:00:00,53678.3976171875,3.353977037856045,9259.581137695312,44415.46250245433,senario_A
2025-03-30 22:00:00,53096.08567057292,0.35792470430334405,12233.418909505208,40862.30883636341,senario_A
2025-03-30 23:00:00,50641.096844618056,0.5455626191198826,13730.06500217014,36910.486279828794,senario_A
2025-03-31 00:00:00,47934.808046875,0.49868767480055487,13058.781768663195,34875.527590537,senario_A
2025-03-31 01:00:00,45228.47828993056,0.5214671442409355,11764.93337782118,33463.02344496513,senario_A
2025-03-31 02:00:00,43592.6320703125,0.5364874030152957,9709.014933810764,33883.08064909872,senario_A
2025-03-31 03:00:00,42033.52248697917,0.5465927533308665,7089.70820203993,34943.26769218591,senario_A
2025-03-31 04:00:00,41416.4748828125,0.6436350180705388,5121.535843641493,36294.29540415294,senario_A
2025-03-31 05:00:00,42152.83469618056,0.6096488507588704,5750.885034722222,36401.34001260757,senario_A
2025-03-31 06:00:00,43906.75612847223,0.5570046430329482,7481.431008029514,36424.76811579969,senario_A
2025-03-31 07:00:00,45787.837495659725,0.5578438785672187,7864.331140407986,37922.94851137317,senario_A
2025-03-31 08:00:00,47171.52592447917,650.2541378595432,8240.612136501735,38280.65965011789,senario_A
2025-03-31 09:00:00,48360.48315104167,10452.934400024415,7104.834663628472,30802.71408738878,senario_A
2025-03-31 10:00:00,51094.010088975694,25773.530590820308,5173.40860514323,20147.070893012155,senario_A
2025-03-31 11:00:00,52830.4238671875,31908.85436197916,4593.293874240451,16328.275630967888,senario_A
2025-03-31 12:00:00,52426.75083767361,33772.56769856771,3715.5800889756943,14938.603050130201,senario_A
2025-03-31 13:00:00,52403.223229166666,36447.691393229165,3462.445444607205,12493.086391330296,senario_A
2025-03-31 14:00:00,53486.67680989584,37335.663561197915,2946.600096028646,13204.413152669282,senario_A
2025-03-31 15:00:00,55115.00547743055,37310.12991536458,2808.7831065538194,14996.092455512153,senario_A
2025-03-31 16:00:00,56376.671046006944,37409.48072591146,2758.1840874565974,16209.006232638887,senario_A
2025-03-31 17:00:00,57498.55028645833,36368.19604166666,3180.711968315972,17949.642276475697,senario_A
2025-03-31 18:00:00,57818.47629774306,32428.655006510413,4228.719079318576,21161.10221191407,senario_A
2025-03-31 19:00:00,56676.597380642364,19644.21735107422,5435.8646875,31596.51534206814,senario_A
2025-03-31 20:00:00,54551.35528211806,3415.8683776346834,7110.680944010417,44024.80596047296,senario_A
2025-03-31 21:00:00,53410.491534288194,4.638840786910926,10062.423171657983,43343.4295218433,senario_A
2025-03-31 22:00:00,52780.956675347225,0.1478811766424526,13670.301281467016,39110.50751270357,senario_A
2025-03-31 23:00:00,50116.9649609375,0.5201255985473594,16838.549879557293,33277.89495578166,senario_A
2025-04-01 00:00:00,46973.584435763885,0.5827475037177403,19777.0345703125,27195.96711794767,senario_A
2025-04-01 01:00:00,44347.33285590278,0.7381240552912155,21239.620792100694,23106.973939746793,senario_A
2025-04-01 02:00:00,43433.84516927083,0.7128340258946021,21297.058719618057,22136.073615626883,senario_A
2025-04-01 03:00:00,42100.17939019097,0.7222795338928699,20466.9307530382,21632.52635761888,senario_A
2025-04-01 04:00:00,41229.996178385416,1.000278499474128,19947.03302517361,21281.962874712335,senario_A
2025-04-01 05:00:00,41721.92383463542,1.1232345316807428,20082.740026041665,21638.06057406207,senario_A
2025-04-01 06:00:00,42695.75569878472,1.1567684971789518,20593.76732638889,22100.83160389865,senario_A
2025-04-01 07:00:00,45269.35060763889,0.9634927272299926,21039.558875868057,24228.828239043603,senario_A
2025-04-01 08:00:00,46803.75691840277,436.24608337153995,21347.53703342014,25019.97380161109,senario_A
2025-04-01 09:00:00,47991.93538628472,5670.671496988932,21157.38170355903,21163.882185736762,senario_A
2025-04-01 10:00:00,49885.925047743054,10568.867564290364,20920.83029079861,18396.22719265408,senario_A
2025-04-01 11:00:00,51500.45527126736,12344.804720052083,22372.066399739582,16783.584151475698,senario_A
2025-04-01 12:00:00,52140.44743055556,13234.405771484377,23127.35655815972,15778.685100911462,senario_A
2025-04-01 13:00:00,53338.242712673615,14626.001868489584,23426.73011935764,15285.510724826392,senario_A
2025-04-01 14:00:00,53972.23374348958,15813.370252278646,23927.63101128472,14231.232479926213,senario_A
2025-04-01 15:00:00,54787.13982855903,16774.800760091148,24119.280970052085,13893.058098415804,senario_A
2025-04-01 16:00:00,55973.69079644097,18450.357128906253,24134.13315755208,13389.200509982635,senario_A
2025-04-01 17:00:00,57294.64069661458,17848.547880859373,24277.723743489583,15168.369072265628,senario_A
2025-04-01 18:00:00,58079.341137152776,15550.957905273437,24554.113838975696,17974.269392903647,senario_A
2025-04-01 19:00:00,57915.86336805556,8119.785740966796,24781.450399305555,25014.627227783203,senario_A
2025-04-01 20:00:00,57417.66350043403,1895.4749567604067,24616.75351345486,30905.43503021876,senario_A
2025-04-01 21:00:00,57148.27864800347,3.316989089548588,24241.393661024307,32903.56799788961,senario_A
2025-04-01 22:00:00,56083.45366753472,0.32772071031232664,25598.960590277777,30484.165356546633,senario_A
2025-04-01 23:00:00,54296.112725694446,0.5853255588312944,26568.909585503472,27726.617814632144,senario_A
2025-04-02 00:00:00,51894.32591362847,0.5995815879106521,26669.16699869792,25224.559333342633,senario_A
2025-04-02 01:00:00,49375.857112630205,0.5840676502262552,26332.5033468967,23042.769698083277,senario_A
2025-04-02 02:00:00,47741.119480251735,0.5848455988367398,26179.44024305556,21561.094391597337,senario_A
2025-04-02 03:00:00,46624.06917643229,0.6327288295328617,25887.951130642363,20735.485316960392,senario_A
2025-04-02 04:00:00,45672.83139322917,0.6526135056217512,24868.37465060764,20803.804129115913,senario_A
2025-04-02 05:00:00,45514.67336805556,0.5633086697757244,23472.314131944444,22041.79592744134,senario_A
2025-04-02 06:00:00,46954.234453125,0.5587205715974172,23952.705075954866,23000.970656598533,senario_A
2025-04-02 07:00:00,49653.16379557292,0.5746726864576339,24444.989620225693,25207.599502660763,senario_A
2025-04-02 08:00:00,50653.19118923611,300.5943790101012,21988.088201497398,28364.50860872861,senario_A
2025-04-02 09:00:00,51332.04474283855,6011.492952168783,17826.65120768229,27493.90058298748,senario_A
2025-04-02 10:00:00,53370.79470052083,14438.55295735677,16009.349867078992,22922.891876085072,senario_A
2025-04-02 11:00:00,54862.73940972222,18945.905330403646,15312.076292317708,20604.757787000868,senario_A
2025-04-02 12:00:00,54795.50551649305,20279.883369140625,11935.90411783854,22579.71802951389,senario_A
2025-04-02 13:00:00,55288.088342013885,21531.456871337894,8637.813980848525,25118.817489827463,senario_A
2025-04-02 14:00:00,56425.66606553819,22606.41909667969,6733.8416155327695,27085.405353325736,senario_A
2025-04-02 15:00:00,57299.72902777778,23309.205250651044,5742.7532345920135,28247.770542534723,senario_A
2025-04-02 16:00:00,58701.29186306424,25031.183614908856,5256.324415690105,28413.783832465277,senario_A
2025-04-02 17:00:00,58992.154660373264,22546.38523763021,5752.7997238498265,30692.969698893226,senario_A
2025-04-02 18:00:00,58285.7971842448,17533.903321940106,6476.355719943576,34275.538142361125,senario_A
2025-04-02 19:00:00,56190.5131890191,9676.079471842448,7917.547370605469,38596.886346571184,senario_A
2025-04-02 20:00:00,55498.29685763889,1659.5951650635402,9634.07912109375,44204.622571481596,senario_A
2025-04-02 21:00:00,55796.67041666667,0.720679185812672,12098.027338324651,43697.9223991562,senario_A
2025-04-02 22:00:00,54966.59672960069,0.2292433857669432,14519.104227430556,40447.26325878437,senario_A
2025-04-02 23:00:00,53826.93407552083,0.48836491373678037,15889.416297471787,37937.029413135315,senario_A
2025-04-03 00:00:00,51276.34179253472,0.36415574196105194,16680.185194769965,34595.792442022794,senario_A
2025-04-03 01:00:00,48816.64703125,0.4953896250141163,17544.18379720052,31271.967844424467,senario_A
2025-04-03 02:00:00,47154.00598307292,0.590570344676574,18578.86309244792,28574.552320280327,senario_A
2025-04-03 03:00:00,45902.6851953125,0.5879752617081007,18460.34888020833,27441.74833984246,senario_A
2025-04-03 04:00:00,45215.76188693576,0.5870006921390692,18457.86074435764,26757.31414188598,senario_A
2025-04-03 05:00:00,44992.308029513886,0.5906344860295454,18618.88169270833,26372.835702319528,senario_A
2025-04-03 06:00:00,46088.97976453993,0.6096599299709001,19807.77000217014,26280.60010243982,senario_A
2025-04-03 07:00:00,48539.24959852431,0.6125750565404693,21703.50720865885,26835.129814808915,senario_A
2025-04-03 08:00:00,49546.473483072914,264.39026082793873,22779.07566189236,26503.007560352617,senario_A
2025-04-03 09:00:00,50950.05232638889,4255.720751953126,23372.50347873264,23321.828095703127,senario_A
2025-04-03 10:00:00,53403.63159830729,10432.226819864909,22272.90553873698,20698.4992397054,senario_A
2025-04-03 11:00:00,54697.49390190972,12928.688444824218,21137.3551171875,20631.450339898,senario_A
2025-04-03 12:00:00,55259.86582139757,16346.641126302084,19819.76875,19093.455945095488,senario_A
2025-04-03 13:00:00,56237.33004557292,21850.355398763022,18299.391647135417,16087.58299967448,senario_A
2025-04-03 14:00:00,57621.96079861111,23628.91983235677,16944.711603190106,17048.329363064233,senario_A
2025-04-03 15:00:00,58815.27477430556,23780.474166666667,15936.577297092012,19098.22331054688,senario_A
2025-04-03 16:00:00,59388.76204210069,22700.122372233076,16251.612983940971,20437.02668592664,senario_A
2025-04-03 17:00:00,60082.13370985243,20750.25180013021,17122.45500542535,22209.426904296874,senario_A
2025-04-03 18:00:00,59886.98013780382,17145.997244466147,18571.208195529514,24169.774697808156,senario_A
2025-04-03 19:00:00,58868.99541992188,8691.77692392985,21081.82272677952,29095.395769212508,senario_A
2025-04-03 20:00:00,57803.48814019097,1023.7855271927515,22822.33859049479,33957.36402250343,senario_A
2025-04-03 21:00:00,57303.69114583333,2.596593004266421,22707.421436631943,34593.67311619712,senario_A
2025-04-03 22:00:00,55471.05056532118,1.7977841578423979,21538.9375124783,33930.31526868504,senario_A
2025-04-03 23:00:00,52911.12328993056,1.911757224400838,20870.07273003472,32039.13880267144,senario_A
2025-04-04 00:00:00,49950.75154513889,1.9334278313318887,19815.268621961804,30133.549495345753,senario_A
2025-04-04 01:00:00,47251.50298502604,2.070716571956873,19432.156272243923,27817.27599621016,senario_A
2025-04-04 02:00:00,45876.074149305554,2.059311923533678,20092.15260362413,25781.86223375789,senario_A
2025-04-04 03:00:00,45447.09514322917,2.084673272371292,20146.672905815973,25298.337564140824,senario_A
2025-04-04 04:00:00,44246.93510742187,2.0543087049822013,18309.94811143663,25934.93268728026,senario_A
2025-04-04 05:00:00,44230.363198784726,2.099800503253937,15553.15465060764,28675.108747673832,senario_A
2025-04-04 06:00:00,45587.9158485243,2.082112053334713,14503.278315700954,31082.55542077001,senario_A
2025-04-04 07:00:00,47709.54279513889,2.1305375568072,12940.209365234376,34767.20289234771,senario_A
2025-04-04 08:00:00,49266.95651909722,215.84574352622036,13098.18662326389,35952.92415230711,senario_A
2025-04-04 09:00:00,50336.37260850694,2788.3550483194986,14434.09620985243,33113.92135033501,senario_A
2025-04-04 10:00:00,52582.53353298611,7414.050367838542,15813.130412326387,29355.35275282118,senario_A
2025-04-04 11:00:00,54692.729136284725,9882.40512939453,16803.54351345486,28006.780493435333,senario_A
2025-04-04 12:00:00,56180.39992621528,12553.956406250001,17698.07347873264,25928.37004123264,senario_A
2025-04-04 13:00:00,57639.54024305556,15118.159101562498,18293.818797743057,24227.56234375001,senario_A
2025-04-04 14:00:00,58572.57270833333,16001.316616210937,18757.414446614584,23813.841645507808,senario_A
2025-04-04 15:00:00,58433.90916232639,14402.958805338538,19099.916174045135,24931.034182942716,senario_A
2025-04-04 16:00:00,58342.12254557292,12033.870553995768,19222.70751139323,27085.544480183926,senario_A
2025-04-04 17:00:00,58075.46562934028,9409.180944824218,19027.76298394097,29638.52170057509,senario_A
2025-04-04 18:00:00,57469.58231987847,8182.31487101237,19038.221349826388,30249.04609903971,senario_A
2025-04-04 19:00:00,56377.00713107639,3913.7779565429682,19567.64169704861,32895.58747748481,senario_A
2025-04-04 20:00:00,55294.64085503472,679.1978254930178,19902.8534375,34712.5895920417,senario_A
2025-04-04 21:00:00,54826.91453993056,1.422212066563467,20352.441059027777,34473.05126883622,senario_A
2025-04-04 22:00:00,53719.38176215278,0.25168618747343613,22192.061840277776,31527.068235687526,senario_A
2025-04-04 23:00:00,52124.93673611112,0.2965574256082375,23620.970494791665,28503.669683893848,senario_A
2025-04-05 00:00:00,49820.42857638889,0.6309290685877202,23911.6381000434,25908.1595472769,senario_A
2025-04-05 01:00:00,48093.12020833333,0.7366892500221729,25319.63685601129,22772.746663072016,senario_A
2025-04-05 02:00:00,45868.8372016059,0.7422094584753116,24473.9784765625,21394.116515584923,senario_A
2025-04-05 03:00:00,45111.13781575521,0.7148025834808747,24018.27765516493,21092.145358006797,senario_A
2025-04-05 04:00:00,44525.88857530382,0.7176331808542212,23945.24778049045,20579.92316163252,senario_A
2025-04-05 05:00:00,44090.28487847222,0.7147289541860421,23403.939262152777,20685.630887365263,senario_A
2025-04-05 06:00:00,44527.159136284725,0.7494696048895518,23987.1521484375,20539.257518242335,senario_A
2025-04-05 07:00:00,45189.12724392361,0.7612672234078248,23483.80985243056,21704.556124269642,senario_A
2025-04-05 08:00:00,46345.73550998264,110.47692960540454,23730.420659722226,22504.837920655005,senario_A
2025-04-05 09:00:00,47791.69643663194,1639.5416481272382,23694.620675455728,22457.53411304897,senario_A
2025-04-05 10:00:00,49381.3393250868,3967.0837057495114,23784.01316080729,21630.242458530003,senario_A
2025-04-05 11:00:00,50786.84806640625,5754.035769042969,24440.784001736112,20592.028295627173,senario_A
2025-04-05 12:00:00,51179.905964626734,8088.148700561524,24453.50469780816,18638.252566257048,senario_A
2025-04-05 13:00:00,51571.36821397569,10538.806846516927,24216.851981336804,16815.709386121962,senario_A
2025-04-05 14:00:00,51167.30418402778,11727.740808919272,23297.236295572915,16142.327079535597,senario_A
2025-04-05 15:00:00,50946.55366970486,10972.686326090494,23334.777281358507,16639.09006225586,senario_A
2025-04-05 16:00:00,50515.302201605904,8664.88877746582,23702.17040581597,18148.243018324112,senario_A
2025-04-05 17:00:00,50094.73223090278,7169.737290039062,23833.50605685764,19091.488884006078,senario_A
2025-04-05 18:00:00,49829.60190972222,5456.050345865886,24542.27047309028,19831.281090766057,senario_A
2025-04-05 19:00:00,49477.752573784725,3078.6219522094725,25280.02649088541,21119.104130689844,senario_A
2025-04-05 20:00:00,49472.41690104167,477.1499340232213,26358.25510199653,22637.011865021926,senario_A
2025-04-05 21:00:00,49677.95193359375,1.0372455802063147,26963.640646701388,22713.274041312157,senario_A
2025-04-05 22:00:00,48899.42301323785,0.6977082367241382,27391.816945529517,21506.90835947161,senario_A
2025-04-05 23:00:00,47745.41396592882,0.7965635133037965,27658.931106770837,20085.686295644682,senario_A
2025-04-06 00:00:00,46205.57365017361,0.760349958539009,27564.241840277777,18640.571459937295,senario_A
2025-04-06 01:00:00,44384.04250434028,0.7494577061136563,26999.535807291668,17383.757239342496,senario_A
2025-04-06 02:00:00,43349.53907335069,0.7547581544270118,25292.51913031684,18056.26518487942,senario_A
2025-04-06 03:00:00,42280.32971788194,0.7683437119424343,21819.651469184028,20459.909904985972,senario_A
2025-04-06 04:00:00,42108.419270833336,0.7743354937434197,19229.560104166667,22878.084831172928,senario_A
2025-04-06 05:00:00,42178.167317708336,0.7822718632345399,17964.43958875868,24212.945457086418,senario_A
2025-04-06 06:00:00,42500.20609700521,0.6941335460791984,17659.280749782985,24840.231213676147,senario_A
2025-04-06 07:00:00,43289.65833767361,0.5943734486897785,17110.298780381945,26178.765183842977,senario_A
2025-04-06 08:00:00,44703.86525607639,293.40124255398905,17189.34930121528,27221.114712307117,senario_A
2025-04-06 09:00:00,46476.33054253472,4732.036545410157,17846.297437065972,23897.996560058593,senario_A
2025-04-06 10:00:00,48275.0363671875,13648.941798502603,19357.106651475693,15268.987917209208,senario_A
2025-04-06 11:00:00,49262.30166883681,18290.8559375,19918.71625,11052.729481336806,senario_A
2025-04-06 12:00:00,49668.36185763889,21347.168529866536,20017.65388075087,8303.539447021485,senario_A
2025-04-06 13:00:00,50586.67562608507,23994.09585164388,19742.22668348524,6850.353090955945,senario_A
2025-04-06 14:00:00,50257.80580729167,26078.867213541664,17954.82058810764,6224.1180056423655,senario_A
2025-04-06 15:00:00,49301.73665364584,26198.996363932292,16486.083116319445,6616.6571733941055,senario_A
2025-04-06 16:00:00,48550.40163194444,24686.09025878906,15975.29277126736,7889.018601888021,senario_A
2025-04-06 17:00:00,48052.72003797743,23519.89260986328,15791.381761067709,8741.44566704644,senario_A
2025-04-06 18:00:00,48205.16775499132,21678.315981445314,15066.821391059028,11460.03038248698,senario_A
2025-04-06 19:00:00,48526.932265625,17763.061085611982,13738.80540798611,17025.06577202691,senario_A
2025-04-06 20:00:00,48721.82795138889,4682.497766621907,10411.919775390625,33627.41040937636,senario_A
2025-04-06 21:00:00,48566.62104817708,23.28973938671251,6429.9905192057295,42113.34078958465,senario_A
2025-04-06 22:00:00,47147.59391493056,0.34148517441004517,4748.047250705296,42399.205179050856,senario_A
2025-04-06 23:00:00,45426.06444661458,0.3921020094491541,4241.408799506294,41184.26354509884,senario_A
2025-04-07 00:00:00,44208.39797092014,0.5393245629469554,3889.411483832466,40318.447162524724,senario_A
2025-04-07 01:00:00,43409.18836588541,0.5589383761088054,3974.859957139757,39433.769470369545,senario_A
2025-04-07 02:00:00,42606.21429253472,0.5462203494707744,3331.6473391384548,39274.0207330468,senario_A
2025-04-07 03:00:00,42200.45828559028,0.6491008208195369,3081.928444281684,39117.88074048777,senario_A
2025-04-07 04:00:00,43117.22230577257,0.649041212486724,3478.219889594184,39638.353374965904,senario_A
2025-04-07 05:00:00,44197.02664930555,0.6484343232711156,4218.414528537326,39977.96368644496,senario_A
2025-04-07 06:00:00,45694.80710503472,0.7373108378176887,4545.325570339627,41148.74422385728,senario_A
2025-04-07 07:00:00,48109.17486111111,0.8078121423224608,4727.75293891059,43380.614110058195,senario_A
2025-04-07 08:00:00,50770.58466362847,2756.4431482032937,4976.33740492079,43037.80411050438,senario_A
2025-04-07 09:00:00,52485.48300889757,22991.82981323242,4145.269372626411,25348.38382303874,senario_A
2025-04-07 10:00:00,51156.4315625,37056.12736979167,2164.1699731445315,11936.1342195638,senario_A
2025-04-07 11:00:00,49964.68228515625,38059.19905924479,2539.0335457356773,9366.449680175778,senario_A
2025-04-07 12:00:00,49305.158615451386,38252.61662109375,3484.137750108507,7568.404244249127,senario_A
2025-04-07 13:00:00,48571.679578993055,38828.022112630206,4430.851451551649,5312.8060148112,senario_A
2025-04-07 14:00:00,47936.28404079861,38830.896767578124,4556.857091471355,4548.530181749129,senario_A
2025-04-07 15:00:00,47254.33714301216,38648.15463297526,4280.629869791666,4325.552640245236,senario_A
2025-04-07 16:00:00,46856.77277994792,37972.049615885415,4168.571186387804,4716.151977674699,senario_A
2025-04-07 17:00:00,46861.58282118056,36136.550224609375,3925.922785101997,6799.109811469185,senario_A
2025-04-07 18:00:00,47249.77183810764,35531.073646647135,3482.713574354384,8235.984617106122,senario_A
2025-04-07 19:00:00,47416.11388888889,25637.07391113281,2708.6466786024307,19070.393299153646,senario_A
2025-04-07 20:00:00,46957.73118489584,5181.144405873616,1639.1932394748264,40137.393539547396,senario_A
2025-04-07 21:00:00,47120.21359266493,26.075469620140893,1546.718383348253,45547.41973969653,senario_A
2025-04-07 22:00:00,46136.816306423614,0.34375026689221455,2837.1936721462675,43299.278884010455,senario_A
2025-04-07 23:00:00,44927.85559027778,0.3772724722822507,4312.53375515408,40614.94456265142,senario_A
2025-04-08 00:00:00,43241.21108072917,0.35106764202316587,6355.587430555555,36885.27258253159,senario_A
2025-04-08 01:00:00,41656.276875,0.4452517381558815,8538.556706814235,33117.27491644761,senario_A
2025-04-08 02:00:00,41765.20655598959,0.512303110572199,10848.209506835938,30916.484746043086,senario_A
2025-04-08 03:00:00,41808.79833767361,0.5568744827558597,11597.319879014756,30210.921584176096,senario_A
2025-04-08 04:00:00,42003.83629991319,0.5451338821773728,12554.628141276042,29448.66302475497,senario_A
2025-04-08 05:00:00,42736.15180989583,0.5437207864224911,12974.819034288195,29760.789054821216,senario_A
2025-04-08 06:00:00,44459.92039930556,0.6444220661620299,12949.663295355902,31509.612681883496,senario_A
2025-04-08 07:00:00,48109.44361002604,0.7207372677450378,12613.141925726995,35495.5809470313,senario_A
2025-04-08 08:00:00,49412.67650173611,2597.6556130820513,12659.0459375,34155.97495115406,senario_A
2025-04-08 09:00:00,49413.67650173611,21896.4052335612,11279.802009548612,16237.469258626299,senario_A
2025-04-08 10:00:00,48759.47023220486,37322.75231282552,7228.078377007379,4208.639542371963,senario_A
2025-04-08 11:00:00,47732.771953125,38539.24394205729,6413.612398003473,2779.9156130642323,senario_A
2025-04-08 12:00:00,47362.26936197917,38978.70818033854,6140.685272352431,2242.8759092882,senario_A
2025-04-08 13:00:00,47346.06458767361,39431.94130533854,5905.602503797743,2008.5207785373223,senario_A
2025-04-08 14:00:00,47715.78154730903,39494.75835611979,6245.679169921875,1975.3440212673659,senario_A
2025-04-08 15:00:00,48498.88369357639,39423.503268229164,6637.550260959201,2437.830164388025,senario_A
2025-04-08 16:00:00,49086.70253038195,39341.343746744795,7294.120319010417,2451.2384646267346,senario_A
2025-04-08 17:00:00,49773.929713541664,38458.40690755208,8328.76865234375,2986.754153645832,senario_A
2025-04-08 18:00:00,50290.78364149306,35200.053320312494,9849.407562934028,5241.322758246535,senario_A
2025-04-08 19:00:00,50502.898025173614,24598.481111653648,11555.995491536458,14348.421421983508,senario_A
2025-04-08 20:00:00,49783.60290364584,5015.1435303243,12858.496436631944,31909.9629366896,senario_A
2025-04-08 21:00:00,49905.42224175347,25.85831277589003,17371.982977430554,32507.580951547025,senario_A
2025-04-08 22:00:00,48786.04605685764,1.8114925477902097,21923.017608506943,26861.2169558029,senario_A
2025-04-08 23:00:00,46601.4401953125,36.48655852476756,24220.027940538195,22344.925696249535,senario_A
2025-04-09 00:00:00,44291.58337022569,1.7726535081366694,24849.706116536458,19440.104600181097,senario_A
2025-04-09 01:00:00,42437.877276475694,0.3151265489558379,25012.87335503472,17424.688794892016,senario_A
2025-04-09 02:00:00,41276.23699001736,0.3471625179052353,24840.83728298611,16435.05254451334,senario_A
2025-04-09 03:00:00,40686.78234375,0.45061040525635077,24198.59220920139,16487.73952414335,senario_A
2025-04-09 04:00:00,40353.73761935764,0.5363936558862527,23932.422560763887,16420.77866493787,senario_A
2025-04-09 05:00:00,40478.14779947917,0.45367389849076667,23769.239759114585,16708.454366466096,senario_A
2025-04-09 06:00:00,42085.46302408854,0.36520370536794255,24078.74836805556,18006.34945232761,senario_A
2025-04-09 07:00:00,45430.11809027778,0.5185479313631851,24548.18523871528,20881.414303631132,senario_A
2025-04-09 08:00:00,46795.68908637153,2502.964414705833,24689.885455729167,19602.83921593653,senario_A
2025-04-09 09:00:00,48689.861067708334,16313.798331298829,22492.71225640191,9883.350480007597,senario_A
2025-04-09 10:00:00,48990.66783528646,23709.083865559896,19966.68381076389,5314.900158962675,senario_A
2025-04-09 11:00:00,48275.52026909722,24195.356963704427,19129.468776584203,4950.694528808592,senario_A
2025-04-09 12:00:00,47662.34283637153,25778.949415690106,17383.582847222224,4499.810573459199,senario_A
2025-04-09 13:00:00,48075.38848524306,30249.63666829428,14874.614020182293,2951.137796766485,senario_A
2025-04-09 14:00:00,48813.559296875,34315.580690104165,12504.208033854167,1993.7705729166664,senario_A
2025-04-09 15:00:00,49961.38228190104,37679.07472330729,11022.99247829861,1259.3150802951368,senario_A
2025-04-09 16:00:00,51504.76157877605,38448.14529947916,10510.792597384983,2545.8236819119065,senario_A
2025-04-09 17:00:00,53278.15977430555,37310.40086263021,10514.384993489582,5453.373918185762,senario_A
2025-04-09 18:00:00,54726.5297938368,35550.43958333334,10953.36837782118,8222.721832682282,senario_A
2025-04-09 19:00:00,54705.76038845486,25497.019440104166,11052.720121527778,18156.020826822914,senario_A
2025-04-09 20:00:00,53098.56346137153,5321.972669881185,11469.860031467017,36306.730760023325,senario_A
2025-04-09 21:00:00,52170.278851996525,26.252081696569608,14420.413767361111,37723.613002938844,senario_A
2025-04-09 22:00:00,51129.14199978299,0.7789290059482058,17154.803264973958,33973.559805803074,senario_A
2025-04-09 23:00:00,48683.12179253472,0.43574991506834815,17553.258817274305,31129.427225345346,senario_A
2025-04-10 00:00:00,45464.76039930555,0.23157229421039416,15662.322993706595,29802.20583330475,senario_A
2025-04-10 01:00:00,42989.88665581597,0.25318548290679854,13221.039835069443,29768.59363526362,senario_A
2025-04-10 02:00:00,41408.888780381945,0.2515399943478405,11203.669335666233,30204.96790472136,senario_A
2025-04-10 03:00:00,41037.03482638889,0.42178727457920695,10786.94839952257,30249.66463959174,senario_A
2025-04-10 04:00:00,39861.98762261285,0.4278475456436475,10413.09314344618,29448.46663162102,senario_A
2025-04-10 05:00:00,39680.2211610243,0.43445973897973694,10597.606261935764,29082.180439349562,senario_A
2025-04-10 06:00:00,40805.1212999132,0.4217939859131971,10436.434363064236,30368.265142863045,senario_A
2025-04-10 07:00:00,43410.81834418403,0.6606638173262278,9814.652993706595,33595.50468666011,senario_A
2025-04-10 08:00:00,44829.68950303819,2826.0518761793774,8906.321331922743,33097.31629493607,senario_A
2025-04-10 09:00:00,46513.09818576389,22365.42057454427,6948.381881510417,17199.295729709203,senario_A
2025-04-10 10:00:00,48763.22651475694,36264.07339518229,4673.141381835938,7826.011737738712,senario_A
2025-04-10 11:00:00,49404.15091905382,37935.875973307295,4426.665769856771,7041.609175889755,senario_A
2025-04-10 12:00:00,50030.6075531684,38511.847247721365,5131.788524305555,6386.971781141476,senario_A
2025-04-10 13:00:00,51481.07549913194,39370.458676757815,6363.6092706977,5747.007551676426,senario_A
2025-04-10 14:00:00,53500.00271484375,39611.653380533855,7236.006584743924,6652.342749565973,senario_A
2025-04-10 15:00:00,55628.536050347226,39662.8039485677,7981.261063910591,7984.471037868935,senario_A
2025-04-10 16:00:00,57876.114381510415,39713.038066406254,8341.394263780381,9821.68205132378,senario_A
2025-04-10 17:00:00,60059.925209418405,38845.21587483724,8774.135034722221,12440.574299858945,senario_A
2025-04-10 18:00:00,61300.97160590278,36437.679755859375,9350.564324001736,15512.727526041666,senario_A
2025-04-10 19:00:00,60283.57130425347,24785.159618326823,10042.811094563802,25455.600591362847,senario_A
2025-04-10 20:00:00,57033.28841362847,5198.551515248617,10610.999026692709,41223.737871687146,senario_A
2025-04-10 21:00:00,55824.8923328993,129.19513553619385,13950.16675672743,41745.53044063567,senario_A
2025-04-10 22:00:00,55056.988213975696,75.66118979543448,17809.229929470486,37172.097094709774,senario_A
2025-04-10 23:00:00,52416.446451822914,0.26517926053454477,18875.877760416668,33540.303512145714,senario_A
2025-04-11 00:00:00,48194.74007378472,0.40500088314215343,17559.455393337674,30634.879679563906,senario_A
2025-04-11 01:00:00,45324.45955295139,0.38618388655285035,15334.29248046875,29989.780888596084,senario_A
2025-04-11 02:00:00,43445.74514973958,0.345009087746342,13326.396320529511,30119.003820122325,senario_A
2025-04-11 03:00:00,42194.76291883681,0.3984565684199332,11890.451789279514,30303.912672988874,senario_A
2025-04-11 04:00:00,41189.90847439236,0.407864347534875,11426.28713921441,29763.213470830415,senario_A
2025-04-11 05:00:00,40824.89022786458,0.4014961338291565,11187.721047092014,29636.76768463873,senario_A
2025-04-11 06:00:00,41653.39862955729,0.42195125183711446,9750.721190863716,31902.255487441733,senario_A
2025-04-11 07:00:00,44301.08673611111,1.053303160518408,8606.428751898871,35693.60468105172,senario_A
2025-04-11 08:00:00,45380.598203125,2697.7500449482604,7815.486922471789,34867.36123570495,senario_A
2025-04-11 09:00:00,47142.4309375,21671.541630045573,6072.499562174479,19398.38974527995,senario_A
2025-04-11 10:00:00,49148.21861979167,36687.96999348958,3843.097515733507,8617.151110568577,senario_A
2025-04-11 11:00:00,51591.34668836805,39457.44198893229,5373.484568684896,6760.420130750867,senario_A
2025-04-11 12:00:00,52659.25221679688,39902.71190755208,5462.01615085178,7294.524158393016,senario_A
2025-04-11 13:00:00,53192.61302734375,39421.35490397136,5232.703970540365,8538.554152832025,senario_A
2025-04-11 14:00:00,54694.80431640625,39164.06451822916,5407.476032986111,10123.263765190974,senario_A
2025-04-11 15:00:00,56308.89726888021,39103.07024088541,5565.148586697049,11640.678441297749,senario_A
2025-04-11 16:00:00,58093.8921234809,38862.158421223954,5263.644436306424,13968.089265950524,senario_A
2025-04-11 17:00:00,59746.42869140625,38226.37389322916,5072.288123372396,16447.76667480469,senario_A
2025-04-11 18:00:00,60522.16943359375,35791.8810546875,5606.54395453559,19123.744424370656,senario_A
2025-04-11 19:00:00,58869.64310546875,24294.812709960937,7145.822314453125,27429.00808105469,senario_A
2025-04-11 20:00:00,56055.693226996525,5155.350925649007,9569.80376844618,41330.53853290134,senario_A
2025-04-11 21:00:00,54545.53390190972,31.481277940534056,13684.395279405382,40829.657344563806,senario_A
2025-04-11 22:00:00,53038.48671006945,0.3699870729198058,18930.400753038197,34107.71596995833,senario_A
2025-04-11 23:00:00,50782.62184027778,0.9014521724730731,22205.080321180558,28576.64006692475,senario_A
2025-04-12 00:00:00,47982.98874457465,1.0485210259258746,23509.938235677084,24472.001987871638,senario_A
2025-04-12 01:00:00,45385.4620203993,1.0238657110432783,23855.355959201388,21529.08219548687,senario_A
2025-04-12 02:00:00,43522.72384440104,0.6829218585789204,23937.548509114586,19584.49241342788,senario_A
2025-04-12 03:00:00,41468.78654296875,0.6143063866719604,23338.012986653644,18130.159249928438,senario_A
2025-04-12 04:00:00,40782.457466362845,0.7058820498734713,23151.38198079427,17630.369603518702,senario_A
2025-04-12 05:00:00,40280.45397569444,0.652490836456418,23138.53513454861,17141.266350309375,senario_A
2025-04-12 06:00:00,40315.07780381945,0.6441775542994339,23048.27303385417,17266.16059241098,senario_A
2025-04-12 07:00:00,41177.6170811632,1.3248988615597288,23105.62350368924,18070.668678612397,senario_A
2025-04-12 08:00:00,42181.62300998264,2943.476139299075,22712.21599392361,16525.930876759954,senario_A
2025-04-12 09:00:00,45422.47044053819,18014.780820312495,19541.832256944443,7865.857363281255,senario_A
2025-04-12 10:00:00,47140.88310112847,26137.366560872393,16677.714781901042,4325.801758355035,senario_A
2025-04-12 11:00:00,48926.25318793403,26812.46359700521,18272.687538519964,3841.1020524088563,senario_A
2025-04-12 12:00:00,50050.74596788194,25839.53313151042,20060.09007378472,4151.122762586805,senario_A
2025-04-12 13:00:00,51174.35484375,25183.09513671875,21575.93869357639,4415.321013454857,senario_A
2025-04-12 14:00:00,52322.11202582465,25404.641956380212,21845.705319010416,5071.764750434024,senario_A
2025-04-12 15:00:00,54423.12067925347,26172.069739583334,22043.823624131943,6207.227315538195,senario_A
2025-04-12 16:00:00,56298.10560438368,26625.65245442708,22062.69812934028,7609.755020616321,senario_A
2025-04-12 17:00:00,58137.18847764757,26253.433860677083,22813.091179470484,9070.663437500003,senario_A
2025-04-12 18:00:00,58924.27943359375,24762.736334635418,23325.81136935764,10835.731729600691,senario_A
2025-04-12 19:00:00,58523.382728949655,18846.127683105467,24353.918209635416,15323.336836208768,senario_A
2025-04-12 20:00:00,56653.035859375,4957.894946339925,25228.89540581597,26466.245507219104,senario_A
2025-04-12 21:00:00,55232.78444769965,36.80207193128764,26529.58826605903,28666.394109709334,senario_A
2025-04-12 22:00:00,53272.04776584201,0.6161793120577932,26867.25040581597,26404.18118071399,senario_A
2025-04-12 23:00:00,50831.08055989583,1.0579236485560735,27173.87345269097,23656.149183556307,senario_A
2025-04-13 00:00:00,48825.51994357639,1.342639526327451,27375.550523003472,21448.62678104659,senario_A
2025-04-13 01:00:00,46116.31760633681,1.3299684192736945,27112.19973524305,19002.78790267448,senario_A
2025-04-13 02:00:00,44242.98744357639,1.104678957760334,26913.44973524305,17328.43302937558,senario_A
2025-04-13 03:00:00,43057.981015625,1.7146840651830038,26945.27338107639,16110.992950483429,senario_A
2025-04-13 04:00:00,42056.92071180556,1.2394930472473302,26808.64433648004,15247.036882278273,senario_A
2025-04-13 05:00:00,41185.20852430556,1.398177295923233,26560.503671875,14623.306675134638,senario_A
2025-04-13 06:00:00,41037.08984809028,1.5335360276699066,26571.101516927083,14464.454795135527,senario_A
2025-04-13 07:00:00,41573.68264756945,2.159258723855019,26501.44329644097,15070.08009240462,senario_A
2025-04-13 08:00:00,42026.60804470486,2679.1835539992653,25711.007606336807,13636.416884368784,senario_A
2025-04-13 09:00:00,45820.89989583333,13634.160234781903,23638.88218044705,8547.85748060438,senario_A
2025-04-13 10:00:00,48612.06890625,19563.156796875,22749.581729600694,6299.33037977431,senario_A
2025-04-13 11:00:00,49391.784190538194,21506.353414713543,21775.052230902777,6110.378544921874,senario_A
2025-04-13 12:00:00,51144.12146918403,24824.587383219397,20734.747840711807,5584.786245252824,senario_A
2025-04-13 13:00:00,53196.57775499132,27317.856612955737,20203.03028266059,5675.69085937499,senario_A
2025-04-13 14:00:00,55704.947740885415,30865.524456380215,19061.890846354167,5777.532438151033,senario_A
2025-04-13 15:00:00,58438.83547309028,33788.06027018229,17772.55919487847,6878.216008029514,senario_A
2025-04-13 16:00:00,60508.42997287327,34533.54236328126,17837.293671332467,8137.593938259546,senario_A
2025-04-13 17:00:00,62473.64541883681,33938.054602864584,18605.36242838541,9930.228387586812,senario_A
2025-04-13 18:00:00,63219.15205729166,32003.540992838534,19595.29937717014,11620.311687282989,senario_A
2025-04-13 19:00:00,62554.33243923611,23518.262285156252,20768.75017361111,18267.31998046875,senario_A
2025-04-13 20:00:00,60212.70659939236,4629.630998738607,22625.02873046875,32958.046870185004,senario_A
2025-04-13 21:00:00,58858.41185112847,7.391965711070224,25065.358307291663,33785.66157812574,senario_A
2025-04-13 22:00:00,57004.15567708333,0.6693310847630103,26986.188659939235,30017.29768605933,senario_A
2025-04-13 23:00:00,53943.09271050347,0.6678421149651208,27305.39414659288,26637.03072179563,senario_A
2025-04-14 00:00:00,50327.70973524306,0.6247772894054651,27334.61946180556,22992.465496148092,senario_A
2025-04-14 01:00:00,47211.77505533854,1.079261807873845,27172.139600694445,20038.556192836226,senario_A
2025-04-14 02:00:00,45167.934678819445,0.8621805147826671,26976.34903645833,18190.72346184633,senario_A
2025-04-14 03:00:00,43908.21916124132,0.6563045813391606,26347.41842176649,17560.144434893493,senario_A
2025-04-14 04:00:00,43301.18798611111,0.6871819668014844,26050.62163248698,17249.87917165733,senario_A
2025-04-14 05:00:00,43307.51853298611,0.4655313856403032,25701.45951171875,17605.59348988172,senario_A
2025-04-14 06:00:00,44218.56075737847,0.5746427381535371,24930.126867404517,19287.859247235803,senario_A
2025-04-14 07:00:00,46499.019937065976,1.8448331353565055,24012.06675130208,22485.108352628537,senario_A
2025-04-14 08:00:00,47670.36092773438,2131.056125337283,23069.859442274304,22469.445360122794,senario_A
2025-04-14 09:00:00,49504.138875868055,14931.370630289712,20669.66370605469,13903.104539523654,senario_A
2025-04-14 10:00:00,53137.81169270833,26305.816271158856,19433.48525607639,7398.510165473086,senario_A
2025-04-14 11:00:00,54189.091528862846,30845.392900390627,17481.505073784723,5862.193554687496,senario_A
2025-04-14 12:00:00,55107.25386501736,32239.86690755208,16220.478298611111,6646.908658854167,senario_A
2025-04-14 13:00:00,56176.9537890625,32729.83905924479,15662.568527560765,7784.5462022569445,senario_A
2025-04-14 14:00:00,58562.1016796875,34233.241022135415,15076.59872938368,9252.261928168402,senario_A
2025-04-14 15:00:00,61139.70954644097,34796.31779622396,15444.709845648871,10898.681904568144,senario_A
2025-04-14 16:00:00,63062.43652994792,34388.58792317708,14970.088415527343,13703.760191243493,senario_A
2025-04-14 17:00:00,65043.60770833334,32359.552187499998,15850.536136067709,16833.51938476563,senario_A
2025-04-14 18:00:00,65850.16355034722,26538.83617675781,17319.847723524304,21991.479650065106,senario_A
2025-04-14 19:00:00,64238.86744249132,13477.612825724284,18276.543761935765,32484.71085483127,senario_A
2025-04-14 20:00:00,60867.26456814236,2525.235149714152,18148.471865776908,40193.5575526513,senario_A
2025-04-14 21:00:00,59266.772721354166,37.10768041482816,18333.20999728733,40896.45504365201,senario_A
2025-04-14 22:00:00,57188.705907118056,0.1930379297211765,19604.20483940972,37584.30802977862,senario_A
2025-04-14 23:00:00,54249.39854600695,0.23628534858425443,20583.121527777777,33666.04073288059,senario_A
2025-04-15 00:00:00,50827.624036458335,0.37113861789306,20743.573820529517,30083.679077310928,senario_A
2025-04-15 01:00:00,47314.64782443576,0.506317043453455,21481.1759375,25832.965569892305,senario_A
2025-04-15 02:00:00,45353.93745225694,0.48459904596209513,21321.38618272569,24032.066670485285,senario_A
2025-04-15 03:00:00,43867.058982204864,0.3623226146648326,20826.642137586805,23040.054522003393,senario_A
2025-04-15 04:00:00,42892.49271701389,0.3615236723919709,19544.16654296875,23347.96465037275,senario_A
2025-04-15 05:00:00,42129.34797526042,0.436716481372714,18357.370024956595,23771.54123382245,senario_A
2025-04-15 06:00:00,43003.42143229167,0.5244294033572077,16736.44539605035,26266.451606837963,senario_A
2025-04-15 07:00:00,45445.21090494792,1.8909480130051572,14348.78557454427,31094.534382390644,senario_A
2025-04-15 08:00:00,46262.24134765625,2114.6452881717682,12749.880492892797,31397.715566591683,senario_A
2025-04-15 09:00:00,47654.29084201389,16230.251989746097,11474.461382378471,19949.577469889326,senario_A
2025-04-15 10:00:00,49981.16779513889,27310.544775390626,12377.66134765625,10292.961672092015,senario_A
2025-04-15 11:00:00,51464.54078233507,30948.639628906247,13233.73419623481,7282.166957194013,senario_A
2025-04-15 12:00:00,51926.66208550347,32346.88329182943,11833.828198784722,7745.95059488932,senario_A
2025-04-15 13:00:00,52436.11992404514,32492.683421223963,10899.5124609375,9043.924041883676,senario_A
2025-04-15 14:00:00,53289.03307617187,34002.64021809896,9872.505422092014,9413.887435980898,senario_A
2025-04-15 15:00:00,54153.478760850696,34680.93190429687,9216.260152994791,10256.286703559033,senario_A
2025-04-15 16:00:00,54917.01149739583,33479.537737630206,8835.276393229167,12602.19736653646,senario_A
2025-04-15 17:00:00,55789.432886284725,33116.02751953125,8513.188765190973,14160.216601562503,senario_A
2025-04-15 18:00:00,56681.89235243056,30029.911230468748,9095.89666341146,17556.08445855035,senario_A
2025-04-15 19:00:00,55836.04878472223,21011.91649495443,10166.795023328994,24657.337266438808,senario_A
2025-04-15 20:00:00,54255.3155078125,5176.356045227052,10950.826199001736,38128.13326358371,senario_A
2025-04-15 21:00:00,53548.44241753472,70.08026322905751,11661.081319444444,41817.28083486122,senario_A
2025-04-15 22:00:00,52281.88978298611,0.17722971225778258,14805.640048828123,37476.07250444573,senario_A
2025-04-15 23:00:00,49908.899377170135,0.49022724125534295,17555.42156032986,32352.987589599015,senario_A
2025-04-16 00:00:00,47646.4195030382,0.5899680198480686,19252.44070638021,28393.388828638144,senario_A
2025-04-16 01:00:00,45294.061072048615,0.706974825958411,20090.109229600694,25203.24486762196,senario_A
2025-04-16 02:00:00,43818.740598958335,0.6524577196439106,20527.448719618056,23290.63942162063,senario_A
2025-04-16 03:00:00,42060.945572916666,0.6552647842963536,20072.909680989585,21987.380627142782,senario_A
2025-04-16 04:00:00,41049.13885416667,0.5305648979047933,19594.70705078125,21453.901238487513,senario_A
2025-04-16 05:00:00,41064.53430555556,0.5180542416870594,19445.88002170139,21618.136229612483,senario_A
2025-04-16 06:00:00,42602.95300347222,0.6296951437989871,20022.26335720486,22580.05995112356,senario_A
2025-04-16 07:00:00,45310.942473958334,2.7185892306268213,20790.3899609375,24517.833923790204,senario_A
2025-04-16 08:00:00,46488.564184027775,2185.3596238803866,20396.259116753477,23906.94544339391,senario_A
2025-04-16 09:00:00,48137.31713975695,15600.912158203124,17895.978548177085,14640.426433376746,senario_A
2025-04-16 10:00:00,50578.68400607639,23928.844409179685,17965.102118055554,8684.737478841154,senario_A
2025-04-16 11:00:00,52008.63797309028,24669.725249023435,19746.522795138888,7592.389928927954,senario_A
2025-04-16 12:00:00,53265.01528211805,26367.229401041666,19617.81766710069,7279.968213975695,senario_A
2025-04-16 13:00:00,54070.02331163194,26762.11451171875,19498.09356119792,7809.815238715273,senario_A
2025-04-16 14:00:00,55588.12476996528,27516.23168945312,19616.285397135416,8455.607683376744,senario_A
2025-04-16 15:00:00,57165.888146701385,28197.17677734375,19784.102178819445,9184.60919053819,senario_A
2025-04-16 16:00:00,59354.81527777778,28216.356409505206,21183.499201388888,9954.959666883686,senario_A
2025-04-16 17:00:00,60371.88391493056,26367.53859700521,22102.428550347224,11901.916767578125,senario_A
2025-04-16 18:00:00,60655.45973090278,22917.470022786456,23158.48003689236,14579.509671223961,senario_A
2025-04-16 19:00:00,60253.59979166667,18449.05673746745,23698.32324435764,18106.219809841576,senario_A
2025-04-16 20:00:00,58514.55127604167,4964.071255849202,24680.90322482639,28869.576795366076,senario_A
2025-04-16 21:00:00,57932.74026909722,47.62398962537448,25960.9917686632,31924.124510808648,senario_A
2025-04-16 22:00:00,56385.31879340278,0.5696879826734463,26283.36226996528,30101.38683545483,senario_A
2025-04-16 23:00:00,53880.808828125,0.6711315379788478,26565.99240668403,27314.145289902994,senario_A
2025-04-17 00:00:00,50568.940824652775,0.9322479816526175,26676.42872829861,23891.57984837251,senario_A
2025-04-17 01:00:00,47531.4402734375,1.0254662919044495,26442.35375434028,21088.06105280532,senario_A
2025-04-17 02:00:00,45997.55236545139,0.9918860491116841,26286.54865451389,19710.011824888392,senario_A
2025-04-17 03:00:00,44650.38992621528,0.8191488190491993,26097.82667317708,18551.74410421915,senario_A
2025-04-17 04:00:00,43974.46016059028,0.7472419830660025,26065.8703624132,17907.842556194013,senario_A
2025-04-17 05:00:00,43497.67333767361,0.6401097736259301,25353.907328559028,18143.125899340957,senario_A
2025-04-17 06:00:00,44662.68747829861,1.3754197307427725,25154.25562934028,19507.05642922759,senario_A
2025-04-17 07:00:00,47106.32015190972,2.7568518244226774,24186.13211371528,22917.431186370017,senario_A
2025-04-17 08:00:00,47860.60030815972,2495.529371935527,22754.61679470486,22610.454141519338,senario_A
2025-04-17 09:00:00,50369.24647135416,14932.253293457034,20757.78324001736,14679.209937879768,senario_A
2025-04-17 10:00:00,53418.889140625,23715.729207356773,19671.116119791663,10032.04381347656,senario_A
2025-04-17 11:00:00,54726.36453993055,29329.7467578125,18392.80896918403,7003.808812934025,senario_A
2025-04-17 12:00:00,55459.7081640625,32726.544404296874,17091.69900607639,5641.4647536892335,senario_A
2025-04-17 13:00:00,56753.3121484375,33812.009453125,16563.26215386285,6378.040541449653,senario_A
2025-04-17 14:00:00,58866.30023871528,33892.31549153646,17241.753539496527,7732.231207682296,senario_A
2025-04-17 15:00:00,61329.08632378472,33523.0226953125,18963.36305772569,8842.700570746529,senario_A
2025-04-17 16:00:00,62620.81188802084,31432.09369466146,19838.407276475693,11350.310916883689,senario_A
2025-04-17 17:00:00,63199.74013020833,27680.255032552082,20545.232437065973,14974.252660590271,senario_A
2025-04-17 18:00:00,62918.71637152778,23922.7118359375,21151.535972222224,17844.468563368053,senario_A
2025-04-17 19:00:00,61018.595794270834,15217.015310872395,23018.04319878472,22783.537284613718,senario_A
2025-04-17 20:00:00,59088.72711371528,3719.595100326538,24874.84355685764,30494.288456531103,senario_A
2025-04-17 21:00:00,58384.64337673611,40.127548742840695,26126.09856336805,32218.417264625215,senario_A
2025-04-17 22:00:00,57088.52473524305,0.8956667527059714,26571.96598958333,30515.663078907015,senario_A
2025-04-17 23:00:00,54610.83364149305,0.7327917477488517,26580.372688802083,28029.728160943218,senario_A
2025-04-18 00:00:00,51865.86516927083,0.8133852126200994,26648.93610894097,25216.115675117242,senario_A
2025-04-18 01:00:00,48962.13968315972,0.9579140937328339,26397.738658854167,22563.44311021182,senario_A
2025-04-18 02:00:00,47464.97207899306,0.7820197019229332,26281.29611111111,21182.893948180023,senario_A
2025-04-18 03:00:00,46106.708203125,0.8556245998044808,26188.59795138889,19917.25462713631,senario_A
2025-04-18 04:00:00,45129.032239583335,0.8574507350226243,25894.921414930555,19233.25337391776,senario_A
2025-04-18 05:00:00,44931.37508680556,0.5728549771010876,25309.766875,19621.035356828455,senario_A
2025-04-18 06:00:00,45352.717721354165,0.6852810216943422,24934.3764453125,20417.65599501997,senario_A
2025-04-18 07:00:00,46228.5853125,6.307278990844885,24001.17064670139,22221.107386807762,senario_A
2025-04-18 08:00:00,47034.40444010417,1712.7019624010723,23411.112595486116,21910.58988221698,senario_A
2025-04-18 09:00:00,49215.38184461805,8856.913603515624,22602.23016059028,17756.238080512147,senario_A
2025-04-18 10:00:00,52646.34498263889,16455.335932617185,22623.63048611111,13567.378563910595,senario_A
2025-04-18 11:00:00,54926.16745225695,21028.412654622396,22175.611161024302,11722.14363661025,senario_A
2025-04-18 12:00:00,56982.11736979167,24513.631591796875,21148.46835720486,11320.017420789933,senario_A
2025-04-18 13:00:00,59216.90953125,26109.933369140625,19879.38961154514,13227.58655056424,senario_A
2025-04-18 14:00:00,60680.228663194444,26820.017838541666,18237.12909505208,15623.081729600697,senario_A
2025-04-18 15:00:00,62032.1048828125,25991.053587239585,17002.369609375,19038.681686197913,senario_A
2025-04-18 16:00:00,62692.93326388889,20732.170066731775,17099.118919270833,24861.644277886277,senario_A
2025-04-18 17:00:00,63065.260859375,16028.549759114587,17786.129231770832,29250.581868489575,senario_A
2025-04-18 18:00:00,61905.045750868056,10430.478276367188,18612.779989149305,32861.78748535156,senario_A
2025-04-18 19:00:00,60093.44971788194,4556.048957926431,18288.511807725696,37248.88895222981,senario_A
2025-04-18 20:00:00,58554.39259982639,845.3080787976584,18901.75646050347,38807.32806052526,senario_A
2025-04-18 21:00:00,58315.86905381944,5.999335371715327,20289.290559895835,38020.57915855189,senario_A
2025-04-18 22:00:00,57131.15287760417,0.28973458680013814,21386.512100694443,35744.35104232293,senario_A
2025-04-18 23:00:00,55329.1622265625,0.2746141574283441,22444.87554470486,32884.012067700205,senario_A
2025-04-19 00:00:00,52882.74657552083,0.4419405962526798,23075.43126953125,29806.873365393327,senario_A
2025-04-19 01:00:00,50673.34844184028,0.5641298564275106,22465.56852430556,28207.21578767829,senario_A
2025-04-19 02:00:00,49014.46569878472,0.47319656292597456,22726.303157552084,26287.68934466971,senario_A
2025-04-19 03:00:00,47549.43598958333,0.5177220613509417,20980.41952690972,26568.498740612264,senario_A
2025-04-19 04:00:00,46308.52268663194,0.48478612855076786,20001.646931423613,26306.390969079777,senario_A
2025-04-19 05:00:00,45658.164418402775,0.41555904065569244,20298.37505642361,25359.373802938506,senario_A
2025-04-19 06:00:00,44911.030516493054,0.5724730086574952,19544.76258029514,25365.695463189255,senario_A
2025-04-19 07:00:00,44113.04073350695,0.758849594220519,16843.724286024306,27268.557597888423,senario_A
2025-04-19 08:00:00,44224.49903211805,734.7207631532352,16411.68615451389,27078.092114450927,senario_A
2025-04-19 09:00:00,46690.67447482639,6468.654404907226,17361.209879557293,22860.81019036187,senario_A
2025-04-19 10:00:00,50277.41588975694,14339.956100260415,18098.673081597222,17838.786707899304,senario_A
2025-04-19 11:00:00,51217.91926649305,17575.971427408855,16487.836167534722,17154.111671549475,senario_A
2025-04-19 12:00:00,52250.34323784722,19269.359641927083,14553.499332682291,18427.484263237846,senario_A
2025-04-19 13:00:00,53753.61029079861,21715.71870279948,15093.937468532986,16943.954119466147,senario_A
2025-04-19 14:00:00,54441.78237413194,20904.463089192708,16754.816220703124,16782.503064236105,senario_A
2025-04-19 15:00:00,54934.95430555556,18907.007386067704,17657.61720703125,18370.329712456612,senario_A
2025-04-19 16:00:00,55284.99374131944,17556.762724609373,18113.279303385418,19614.951713324648,senario_A
2025-04-19 17:00:00,55638.76154513889,16644.087257486975,19216.384147135417,19778.290140516496,senario_A
2025-04-19 18:00:00,55487.73763454861,11889.698610839841,20119.512584635417,23478.526439073354,senario_A
2025-04-19 19:00:00,54656.77419270833,6111.920243326823,20121.00593967014,28423.84800971137,senario_A
2025-04-19 20:00:00,53754.77987413194,1605.4697277450562,19126.52636067708,33022.783785709806,senario_A
2025-04-19 21:00:00,53814.37089409722,19.86816011335856,18063.50607421875,35730.996659765115,senario_A
2025-04-19 22:00:00,53234.16212239584,0.18774258859455586,18528.475883246527,34705.498496560715,senario_A
2025-04-19 23:00:00,51734.42741753472,0.24926334952314688,19238.41635633681,32495.761797848387,senario_A
2025-04-20 00:00:00,50143.67844618056,0.46728690579533577,20360.76574001736,29782.4454192574,senario_A
2025-04-20 01:00:00,48444.30737847222,0.6993272108832994,22254.661829427085,26188.946221834256,senario_A
2025-04-20 02:00:00,46511.31852864583,0.3835435612003008,21034.84994140625,25476.085043678384,senario_A
2025-04-20 03:00:00,44977.06668836805,0.4684918195009231,17411.059326171875,27565.53887037668,senario_A
2025-04-20 04:00:00,44099.88784722222,0.47026518136262896,12640.858927951387,31458.55865408947,senario_A
2025-04-20 05:00:00,43258.245824652775,0.461594631075859,10489.927494574653,32767.85673544705,senario_A
2025-04-20 06:00:00,42716.37629774305,0.4780785624186198,10014.210302734376,32701.68791644626,senario_A
2025-04-20 07:00:00,42791.39709201389,1.7305764460563662,11345.309697265626,31444.356818302207,senario_A
2025-04-20 08:00:00,43340.96673611111,1383.557842505773,11969.18423611111,29988.224657494226,senario_A
2025-04-20 09:00:00,46438.86896701389,11462.355491129558,13797.23078233507,21179.282693549263,senario_A
2025-04-20 10:00:00,49564.53313368056,19173.729482421877,15519.380498046876,14871.423153211808,senario_A
2025-04-20 11:00:00,51218.879678819445,22917.417742513022,16621.342468532985,11680.119467773438,senario_A
2025-04-20 12:00:00,51440.66280815972,24890.862036132814,15922.77031141493,10627.030460611979,senario_A
2025-04-20 13:00:00,52164.569900173614,25856.96303548177,15418.771298828126,10888.835565863717,senario_A
2025-04-20 14:00:00,53240.8451171875,28108.32148111979,14207.02320529514,10925.500430772569,senario_A
2025-04-20 15:00:00,53817.93582465278,31322.954759114582,11004.781818576388,11490.199246961807,senario_A
2025-04-20 16:00:00,54293.36720052084,32466.09645833334,8018.024541558159,13809.246200629343,senario_A
2025-04-20 17:00:00,54959.572413194444,31498.623294270838,5553.163338216146,17907.78578070746,senario_A
2025-04-20 18:00:00,55095.06092881945,30039.77140625,3783.938133409288,21271.351389160158,senario_A
2025-04-20 19:00:00,54531.053546006944,23279.387861328127,2417.037567138672,28834.628117540145,senario_A
2025-04-20 20:00:00,52225.69936197917,7163.506791280111,1275.1273117404514,43787.06525895861,senario_A
2025-04-20 21:00:00,50514.28381076389,104.63179079767627,1255.937317437066,49153.71470252915,senario_A
2025-04-20 22:00:00,49088.360390625,0.16377001186522333,1744.2414600965712,47343.95516051656,senario_A
2025-04-20 23:00:00,47770.684765625,0.27342912990599866,3087.649384765625,44682.76195172947,senario_A
2025-04-21 00:00:00,47189.285234375,0.22749435233573112,5926.704855143229,41262.35288487943,senario_A
2025-04-21 01:00:00,45029.22703993056,0.2982170699040095,9166.61061360677,35862.31820925389,senario_A
2025-04-21 02:00:00,43736.63044270833,0.41282079130411137,11199.21576388889,32537.00185802814,senario_A
2025-04-21 03:00:00,42410.11738715278,0.4066363065938154,11753.29361002604,30656.417140820144,senario_A
2025-04-21 04:00:00,41295.782183159725,0.4153574748833973,11328.145979817707,29967.22084586713,senario_A
2025-04-21 05:00:00,40934.31319878472,0.4088593244055906,10794.682923177084,30139.22141628323,senario_A
2025-04-21 06:00:00,42211.39217881944,0.4181581057608127,10484.86162000868,31726.112400705,senario_A
2025-04-21 07:00:00,44118.20600694444,6.579182489166657,10310.971002604168,33800.655821851105,senario_A
2025-04-21 08:00:00,45325.89840711805,4710.913634236654,9927.50215060764,30687.48262227376,senario_A
2025-04-21 09:00:00,48114.426705729165,23653.131013997394,7902.814731987847,16558.480959743923,senario_A
2025-04-21 10:00:00,49392.79240017361,33335.08814778646,4913.34754014757,11144.35671223958,senario_A
2025-04-21 11:00:00,49858.06625434028,34055.11919921875,5973.817898763021,9829.129156358507,senario_A
2025-04-21 12:00:00,50552.369752604165,33860.72672526042,7287.714458007813,9403.92856933593,senario_A
2025-04-21 13:00:00,52124.57575520833,36088.25661132813,7197.916323242188,8838.402820638014,senario_A
2025-04-21 14:00:00,54273.20450954861,36974.24611328125,6714.235218641493,10584.723177625863,senario_A
2025-04-21 15:00:00,56331.938203125,36989.596315104165,7061.168585611979,12281.173302408853,senario_A
2025-04-21 16:00:00,58592.09582465278,38057.23469401042,8114.982848849826,12419.878281792537,senario_A
2025-04-21 17:00:00,60520.65412760417,38206.535026041674,10490.954634331598,11823.164467230896,senario_A
2025-04-21 18:00:00,61626.0393359375,36314.42841471355,12219.82771158854,13091.783209635414,senario_A
2025-04-21 19:00:00,60996.32858072917,27058.203281250004,12847.56810329861,21090.557196180554,senario_A
2025-04-21 20:00:00,58583.06920572917,7181.674937032063,12627.048659939235,38774.34560875787,senario_A
2025-04-21 21:00:00,56863.36650173611,81.23900293493489,14351.665319010415,42430.46217979076,senario_A
2025-04-21 22:00:00,55110.43834635417,0.9240159442524115,18528.15347439236,36581.36085601756,senario_A
2025-04-21 23:00:00,52924.72101128472,0.3110263108462095,21505.918541666662,31418.491443307208,senario_A
2025-04-22 00:00:00,49365.806328125,0.2694908937687675,22038.875366753477,27326.661470477753,senario_A
2025-04-22 01:00:00,46690.56208333333,0.22432122595608228,22259.14011284722,24431.197649260153,senario_A
2025-04-22 02:00:00,45096.247074652776,0.35537783093750475,21737.3343359375,23358.55736088434,senario_A
2025-04-22 03:00:00,43995.52175347223,0.3840651540458202,21213.307493489585,22781.830194828603,senario_A
2025-04-22 04:00:00,43271.503823784726,0.48611274048686026,20917.33582248264,22353.681888561598,senario_A
2025-04-22 05:00:00,42711.71090277778,0.416046312029163,20574.838782552084,22136.456073913665,senario_A
2025-04-22 06:00:00,43923.91600694445,0.5009123648206393,20215.13728298611,23708.277811593518,senario_A
2025-04-22 07:00:00,46620.18486545139,18.242855558296043,19852.97945963541,26748.962550257682,senario_A
2025-04-22 08:00:00,47723.01513888889,3547.005814158122,19200.147332899305,24975.86199183146,senario_A
2025-04-22 09:00:00,49402.34681423611,16743.371661783855,15840.961069878473,16818.014082573784,senario_A
2025-04-22 10:00:00,51685.97491753472,25886.874025065106,14499.422737630208,11299.678154839403,senario_A
2025-04-22 11:00:00,53866.76181857639,28641.610602213535,15713.163744574653,9511.987471788205,senario_A
2025-04-22 12:00:00,55420.13931857639,30219.37837890625,15347.029214409722,9853.731725260415,senario_A
2025-04-22 13:00:00,57455.57629340278,32064.759586588545,14830.470384114584,10560.346322699652,senario_A
2025-04-22 14:00:00,60483.01524305555,32424.287324218752,15210.693980034725,12848.033938802077,senario_A
2025-04-22 15:00:00,62783.18460503472,29931.709397786457,17332.97517469618,15518.500032552085,senario_A
2025-04-22 16:00:00,64084.70937065972,26919.97805989583,19062.553467881942,18102.17784288195,senario_A
2025-04-22 17:00:00,65219.67031684028,24993.27094563802,20193.631100260416,20032.768270941848,senario_A
2025-04-22 18:00:00,65301.993828125,22817.06955891927,20646.25906901041,21838.66520019532,senario_A
2025-04-22 19:00:00,63687.00677517361,16177.831835123696,20401.271940104165,27107.902999945753,senario_A
2025-04-22 20:00:00,61337.84926649305,3792.1277673339846,19478.481493055555,38067.240006103515,senario_A
2025-04-22 21:00:00,59951.00989583333,59.68275656104088,19150.454307725693,40740.8728315466,senario_A
2025-04-22 22:00:00,58443.87865885417,2.498754369318485,20095.697955729167,38345.68194875568,senario_A
2025-04-22 23:00:00,55561.55302951389,0.24603044158468634,20579.737690972222,34981.56930810008,senario_A
2025-04-23 00:00:00,52361.23202365451,0.3556141604234774,20179.024210069445,32181.852199424648,senario_A
2025-04-23 01:00:00,49468.54317708333,0.4645236908644437,18540.22586588541,30927.852787507058,senario_A
2025-04-23 02:00:00,47828.46496961806,0.4622287135322889,17757.043070746528,30070.959670157994,senario_A
2025-04-23 03:00:00,45814.67628472222,0.38414899257322144,16002.811671006944,29811.4804647227,senario_A
2025-04-23 04:00:00,45434.0671375868,0.3885391960293054,15302.834665798611,30130.843932592157,senario_A
2025-04-23 05:00:00,45025.06353515625,0.39339838020503526,14721.700548773872,30302.969588002175,senario_A
2025-04-23 06:00:00,45555.91407660591,0.390392134177188,14559.627646484376,30995.89603798736,senario_A
2025-04-23 07:00:00,47285.82102864584,0.4379666015009085,13221.958941514757,34063.424120529584,senario_A
2025-04-23 08:00:00,48018.79340277778,817.175685719947,13253.603197157116,33948.014519900724,senario_A
2025-04-23 09:00:00,49415.21861545139,8299.628960571288,12169.272958170572,28946.31669670953,senario_A
2025-04-23 10:00:00,51458.38000434028,18034.971829427086,11922.293070746528,21501.115104166667,senario_A
2025-04-23 11:00:00,53379.27692708333,23342.515968424475,12840.099127604166,17196.66183105469,senario_A
2025-04-23 12:00:00,54749.77884548612,27182.204305013023,13401.204866536458,14166.36967393664,senario_A
2025-04-23 13:00:00,55988.43195095486,30381.671695963545,13141.737958984377,12465.022296006937,senario_A
2025-04-23 14:00:00,57171.00843967014,31053.451464843747,12814.88595594618,13302.671018880215,senario_A
2025-04-23 15:00:00,58106.80195529514,30211.064404296874,13228.248514539931,14667.489036458332,senario_A
2025-04-23 16:00:00,59622.49760416667,29989.829847005218,13718.088220486112,15914.579536675337,senario_A
2025-04-23 17:00:00,60147.8156640625,26605.607194010416,14250.07462890625,19292.133841145835,senario_A
2025-04-23 18:00:00,60115.66213107639,21205.647846679687,15410.08880859375,23499.925475802956,senario_A
2025-04-23 19:00:00,58889.92233398437,12415.159004923502,16809.197095269097,29665.566233791767,senario_A
2025-04-23 20:00:00,57545.39195095486,2496.8747039540613,17945.85929470486,37102.65795229594,senario_A
2025-04-23 21:00:00,57582.48639322917,30.005643231955666,18971.95843532986,38580.52231466735,senario_A
2025-04-23 22:00:00,56055.40083333333,0.2508988088369369,19923.528678385417,36131.62125613908,senario_A
2025-04-23 23:00:00,53013.38756076389,0.269225417493532,18912.068274739584,34101.050060606816,senario_A
2025-04-24 00:00:00,49968.86127604167,0.31894268294796346,19346.34354709201,30622.198786266716,senario_A
2025-04-24 01:00:00,48009.21422200521,0.2867743159892658,18585.434240993924,29423.4932066953,senario_A
2025-04-24 02:00:00,46277.16458224826,0.3415887057657042,17476.654536132814,28800.168457409683,senario_A
2025-04-24 03:00:00,45770.67006076389,0.4871934168785811,17272.855514322917,28497.3273530241,senario_A
2025-04-24 04:00:00,44731.581244574656,0.39873888847728567,16267.512217068142,28463.670288618036,senario_A
2025-04-24 05:00:00,44600.03389973958,0.4054593292499581,15429.678287760416,29169.95015264991,senario_A
2025-04-24 06:00:00,45675.98420898437,0.40990016464143986,14536.379476453993,31139.19483236574,senario_A
2025-04-24 07:00:00,48463.06556315104,2.943194973506034,13248.368324110244,35211.75404406729,senario_A
2025-04-24 08:00:00,49517.45176649305,1063.6650817330678,13103.8756898329,35349.910994927086,senario_A
2025-04-24 09:00:00,49991.47432834201,5804.229029541014,12776.244542914495,31411.000755886504,senario_A
2025-04-24 10:00:00,52444.222427300345,12654.926373901366,12505.4100773112,27283.885976087782,senario_A
2025-04-24 11:00:00,54671.72581597222,17796.822412109374,12780.07142469618,24094.831979166665,senario_A
2025-04-24 12:00:00,56959.45190863715,21738.694051106773,14390.059194607204,20830.698662923176,senario_A
2025-04-24 13:00:00,58214.34555989583,24380.814895833337,15842.29281141493,17991.23785264756,senario_A
2025-04-24 14:00:00,59205.44645833333,23495.64485514323,15545.152740885416,20164.64886230469,senario_A
2025-04-24 15:00:00,59376.28768663194,22159.480369466146,14188.32806749132,23028.479249674478,senario_A
2025-04-24 16:00:00,59183.13035590278,20115.97934407552,12916.201282552083,26150.949729275173,senario_A
2025-04-24 17:00:00,58657.97314670139,17828.954698893227,13186.545511067709,27642.472936740458,senario_A
2025-04-24 18:00:00,58073.37647460937,17576.416505126952,14375.306663953994,26121.653305528427,senario_A
2025-04-24 19:00:00,56943.150811631946,12419.993722330728,14779.45515625,29743.70193305122,senario_A
2025-04-24 20:00:00,55527.64993706597,3797.5429116821288,15144.04523763021,36586.06178775363,senario_A
2025-04-24 21:00:00,54492.785520833335,118.95776507986088,15399.390992296008,38974.43676345747,senario_A
2025-04-24 22:00:00,53319.13771701389,0.489233088803788,17533.54107313368,35785.1074107914,senario_A
2025-04-24 23:00:00,50888.00462239584,0.5814114082107941,18594.70123046875,32292.721980518883,senario_A
2025-04-25 00:00:00,48478.036840277775,0.2850728022741774,18990.34504557292,29487.40672190258,senario_A
2025-04-25 01:00:00,46123.95035590278,0.36976943131536244,18908.18024468316,27215.400341788303,senario_A
2025-04-25 02:00:00,44880.61337239584,0.788947807153066,18130.20840277778,26749.61602181091,senario_A
2025-04-25 03:00:00,43885.13188585069,0.5973863982781767,18094.733584526908,25789.800914925505,senario_A
2025-04-25 04:00:00,43074.62785698785,0.6212035268172621,17513.148370225696,25560.858283235335,senario_A
2025-04-25 05:00:00,42956.35661892361,0.4226918708284695,15629.432299262153,27326.501627790625,senario_A
2025-04-25 06:00:00,44147.33757052951,0.4417094526315729,13534.493279622397,30612.402581454488,senario_A
2025-04-25 07:00:00,46719.69984375,1.820197117527326,11671.616067708334,35046.26357892414,senario_A
2025-04-25 08:00:00,48000.86196180555,1169.316363668442,9606.00212076823,37225.54347736888,senario_A
2025-04-25 09:00:00,49210.79712456597,7811.598986816405,7315.406818576389,34083.79131917318,senario_A
2025-04-25 10:00:00,51627.52230251736,15345.475325113934,7202.410657687717,29079.63631971571,senario_A
2025-04-25 11:00:00,53970.14076280382,20589.159455566405,7523.135034179688,25857.84627305773,senario_A
2025-04-25 12:00:00,55779.93791232639,24265.502861735025,7669.759133029514,23844.675917561854,senario_A
2025-04-25 13:00:00,57239.35579861111,27266.53399576823,8252.373261990017,21720.448540852864,senario_A
2025-04-25 14:00:00,58802.161553819446,28107.928421223958,9250.301349826388,21443.931782769097,senario_A
2025-04-25 15:00:00,60121.89813368056,29341.618496093753,10777.95168701172,20002.327950575083,senario_A
2025-04-25 16:00:00,61468.43249782986,26934.839586588543,13015.092035590278,21518.500875651036,senario_A
2025-04-25 17:00:00,62675.42210069444,25642.20551106771,15767.845538194444,21265.37105143229,senario_A
2025-04-25 18:00:00,62803.63255208333,23372.4753934733,17881.53246310764,21549.624695502385,senario_A
2025-04-25 19:00:00,61184.714448784725,14103.523828124999,18409.2965625,28671.894058159727,senario_A
2025-04-25 20:00:00,58812.00038736979,2737.1183147176102,16692.616948784722,39382.26512386746,senario_A
2025-04-25 21:00:00,57526.03425998264,36.574955144276224,15461.771480848523,42027.687823989836,senario_A
2025-04-25 22:00:00,55884.6094140625,0.3347965437856812,16066.733939615886,39817.54067790283,senario_A
2025-04-25 23:00:00,53586.73318142361,0.3014933040489753,17256.479370659723,36329.95231745984,senario_A
2025-04-26 00:00:00,51367.18657877604,0.2782690343260764,17526.521441514757,33840.38686822696,senario_A
2025-04-26 01:00:00,49033.18534939236,0.525482189717392,16592.358932291667,32440.300934910978,senario_A
2025-04-26 02:00:00,47344.58921983507,0.48763102062046526,16606.115715603297,30737.98587321115,senario_A
2025-04-26 03:00:00,46232.61023763021,0.6135934324314196,17118.00329264323,29113.993351554545,senario_A
2025-04-26 04:00:00,44396.8237391493,0.6362765649457771,16393.14651312934,28003.040949455015,senario_A
2025-04-26 05:00:00,43678.56240559896,1.090191329283019,16329.876787380645,27347.595426889035,senario_A
2025-04-26 06:00:00,43509.08470811632,1.2170390006899834,15978.406587999132,27529.461081116504,senario_A
2025-04-26 07:00:00,43780.23179904514,17.760721755574146,14996.576161024306,28765.894916265264,senario_A
2025-04-26 08:00:00,44408.26325737847,3074.789901275635,14589.23334201389,26744.24001408895,senario_A
2025-04-26 09:00:00,47041.41985677083,12737.290068359376,14471.878951822917,19832.250836588537,senario_A
2025-04-26 10:00:00,50701.2203515625,19609.28844278971,17135.224092881945,13956.707815890844,senario_A
2025-04-26 11:00:00,52770.01466579861,21883.58501302084,17490.39484375,13396.034809027773,senario_A
2025-04-26 12:00:00,54695.869127604165,23318.443859049483,16844.07282986111,14533.352438693571,senario_A
2025-04-26 13:00:00,56772.33427734375,24817.476582031246,16734.01656467014,15220.841130642362,senario_A
2025-04-26 14:00:00,58457.30654730903,26106.543963216143,16418.854659559463,15931.907924533425,senario_A
2025-04-26 15:00:00,59786.7361219618,27182.422700195315,16732.513881293402,15871.799540473086,senario_A
2025-04-26 16:00:00,61204.96115451389,26673.12114583333,16792.613083767363,17739.2269249132,senario_A
2025-04-26 17:00:00,61720.22087890625,25019.95194091797,17274.689494900173,19425.579443088107,senario_A
2025-04-26 18:00:00,61402.71003472222,19237.730314127602,16600.141988932293,25564.83773166233,senario_A
2025-04-26 19:00:00,59523.17019965278,10134.732521158854,15692.70638888889,33695.731289605035,senario_A
2025-04-26 20:00:00,57249.29652669271,2796.772450510661,14981.468479817708,39471.05559636434,senario_A
2025-04-26 21:00:00,55866.0736968316,153.90200592413544,13959.158597276475,41753.01309363099,senario_A
2025-04-26 22:00:00,53814.99519097222,0.2765061664332946,14775.530345052084,39039.1883397537,senario_A
2025-04-26 23:00:00,53221.36217447917,0.32098669732610385,16224.548835720489,36996.49235206135,senario_A
2025-04-27 00:00:00,50978.990078125,0.4691426302244265,16804.162860243057,34174.35807525172,senario_A
2025-04-27 01:00:00,48577.18466362848,0.3514171572526296,17269.779927842883,31307.053318628346,senario_A
2025-04-27 02:00:00,46159.53299587674,0.4659598242864012,16658.764604492186,29500.302431560267,senario_A
2025-04-27 03:00:00,45544.924944661456,1.0445647683367132,18068.04767686632,27475.832703026797,senario_A
2025-04-27 04:00:00,44476.91847113716,0.7556507914389172,18475.070366210937,26001.092454134785,senario_A
2025-04-27 05:00:00,43909.73752061632,0.5188688957567016,17579.254488389757,26329.964163330806,senario_A
2025-04-27 06:00:00,43294.42824110243,0.5192984112600486,16127.850504014756,27166.058438676417,senario_A
2025-04-27 07:00:00,43462.11344618056,15.66968172321717,15445.607112630209,28000.83665182714,senario_A
2025-04-27 08:00:00,43752.34792643229,2858.0646750831606,14707.545640733508,26186.737610615623,senario_A
2025-04-27 09:00:00,46350.81533311632,13477.545474446615,14522.193615722656,18351.076242947052,senario_A
2025-04-27 10:00:00,50044.898961588544,20065.80293741862,16786.449481336807,13192.646542833118,senario_A
2025-04-27 11:00:00,54086.201935763886,24134.293388671875,18778.904140625,11173.004406467011,senario_A
2025-04-27 12:00:00,56078.77012586805,25012.53744466146,19457.979691297744,11608.252989908851,senario_A
2025-04-27 13:00:00,58148.99468532986,25031.44634440104,20031.27957248264,13086.268768446182,senario_A
2025-04-27 14:00:00,60285.45210286458,24734.213698323565,21066.490824652778,14484.747579888237,senario_A
2025-04-27 15:00:00,61771.91254123264,25140.008695475262,21851.447271050347,14780.45657470703,senario_A
2025-04-27 16:00:00,62667.46968858507,23238.374626057943,22434.745512695317,16994.34954983181,senario_A
2025-04-27 17:00:00,63604.48388671875,21542.701642252603,23186.78046983507,18875.001774631073,senario_A
2025-04-27 18:00:00,63706.12595052084,19609.02825683594,23738.059446614585,20359.03824707032,senario_A
2025-04-27 19:00:00,62505.46793402778,13380.016324869794,23791.42399522569,25334.027613932296,senario_A
2025-04-27 20:00:00,60955.80091254341,3677.7415529123937,24639.187506510418,32638.871853120603,senario_A
2025-04-27 21:00:00,60122.789835069445,73.56499333009123,24710.071642795137,35339.153198944216,senario_A
2025-04-27 22:00:00,59053.42150390625,0.39818487292776494,25264.78429470486,33788.23902432846,senario_A
2025-04-27 23:00:00,56246.65366102431,0.665388631100456,25661.869971788197,30584.118300605012,senario_A
2025-04-28 00:00:00,52705.32468532986,0.7368042150139809,25520.97191189236,27183.61596922249,senario_A
2025-04-28 01:00:00,49841.64091905382,1.1701196794956923,25062.516927625868,24777.953871748454,senario_A
2025-04-28 02:00:00,48059.22937717014,1.079143562465906,24428.27587456597,23629.874359041703,senario_A
2025-04-28 03:00:00,47430.73330729167,0.8137261371314526,23861.24115017361,23568.678430980934,senario_A
2025-04-28 04:00:00,46914.168619791664,1.0724339660505453,24259.558203125,22653.53798270061,senario_A
2025-04-28 05:00:00,46760.544293619794,1.3781278039018314,24265.057399088542,22494.10876672735,senario_A
2025-04-28 06:00:00,47856.42646484375,1.4901840561131634,24244.85270996094,23610.0835708267,senario_A
2025-04-28 07:00:00,50074.928827039934,37.928706156214076,23748.22476888021,26288.77535200351,senario_A
2025-04-28 08:00:00,51132.85138888889,3012.054227752686,22856.645121527778,25264.15203960843,senario_A
2025-04-28 09:00:00,52799.81564236112,11057.031802571615,21021.50894314236,20721.27489664715,senario_A
2025-04-28 10:00:00,55580.185062934026,16099.48457845052,20523.644459635416,18957.056024848087,senario_A
2025-04-28 11:00:00,57703.78535373264,20090.535201822917,20206.94886284722,17406.3012890625,senario_A
2025-04-28 12:00:00,58772.33825737847,22389.73532023112,19025.454532877604,17357.148404269745,senario_A
2025-04-28 13:00:00,60025.57615342882,24573.308666178385,18135.455390625,17316.81209662543,senario_A
2025-04-28 14:00:00,61120.91504774305,24629.608331705727,18165.881345486112,18325.425370551213,senario_A
2025-04-28 15:00:00,62083.928740234376,23150.829562581377,18915.366925998263,20017.732251654736,senario_A
2025-04-28 16:00:00,62508.50106987848,21258.925610758462,19667.76965657552,21581.805802544503,senario_A
2025-04-28 17:00:00,63610.90597330729,19872.254740397137,19649.96073730469,24088.690495605464,senario_A
2025-04-28 18:00:00,63743.08940863716,16454.250402425132,19825.593778211805,27463.245228000225,senario_A
2025-04-28 19:00:00,62181.41658854167,11674.065938720703,18516.30657714844,31991.04407267253,senario_A
2025-04-28 20:00:00,60867.1062109375,3182.0730078125,19250.00294921875,38435.030253906254,senario_A
2025-04-28 21:00:00,60347.628517795136,66.02823127032566,20559.32515190972,39722.27513461509,senario_A
2025-04-28 22:00:00,59141.24031467014,0.27838118510320786,21958.65180338541,37182.31013009962,senario_A
2025-04-28 23:00:00,56672.43898328993,0.3463673146131138,23218.9679953342,33453.12462064112,senario_A
2025-04-29 00:00:00,53421.88757595486,0.5316397304460405,22646.999475368924,30774.356460855488,senario_A
2025-04-29 01:00:00,50945.70018229167,0.5003788880507151,21743.776762695317,29201.423040708305,senario_A
2025-04-29 02:00:00,48313.11877604167,0.6848439495141307,20976.273460828997,27336.16047126316,senario_A
2025-04-29 03:00:00,46996.58738064236,0.4479007328550021,19647.12722873264,27349.012251176868,senario_A
2025-04-29 04:00:00,46139.10972222222,0.46337130263447757,19065.92466796875,27072.72168295084,senario_A
2025-04-29 05:00:00,45855.89124348958,0.4640727929770947,17171.411138237847,28684.016032458756,senario_A
2025-04-29 06:00:00,46986.91431315104,0.6374395810067653,16407.88267252604,30578.394201043997,senario_A
2025-04-29 07:00:00,49479.15689236111,8.910339570144814,16825.90573784722,32644.340814943745,senario_A
2025-04-29 08:00:00,50164.58527560764,1785.6291990788777,15244.0657288954,33134.89034763336,senario_A
2025-04-29 09:00:00,50971.0374359809,9378.005193277995,13879.557851833768,27713.474390869134,senario_A
2025-04-29 10:00:00,53194.00611111111,16409.052120768225,13952.957936197916,22831.996054144973,senario_A
2025-04-29 11:00:00,55825.54848090278,19209.03207356771,15210.666634114585,21405.849773220485,senario_A
2025-04-29 12:00:00,58258.783294270834,22441.839263102214,17459.397412109374,18357.546619059245,senario_A
2025-04-29 13:00:00,59647.5303515625,24646.996018880207,18972.38031141493,16028.15402126736,senario_A
2025-04-29 14:00:00,60595.68021375868,25245.081284179687,18545.02819715712,16805.57073242187,senario_A
2025-04-29 15:00:00,61602.52779188368,24882.09111735026,17900.26337510851,18820.17329942491,senario_A
2025-04-29 16:00:00,63015.47206054688,24249.538080240884,18376.18411458333,20389.749865722668,senario_A
2025-04-29 17:00:00,63309.13728949653,22674.213143717447,19352.6442843967,21282.279861382383,senario_A
2025-04-29 18:00:00,63587.6853125,19885.256387939455,19156.99321126302,24545.435713297527,senario_A
2025-04-29 19:00:00,62650.88681857639,13817.858505045577,19184.012347547745,29649.015965983068,senario_A
2025-04-29 20:00:00,60575.31965603299,2822.257922414143,19297.719580078126,38455.34215354072,senario_A
2025-04-29 21:00:00,59545.116953125,52.80888554357303,17542.316666666666,41949.99140091476,senario_A
2025-04-29 22:00:00,57970.16627061632,0.27551296704759193,16550.020326605903,41419.87043104337,senario_A
2025-04-29 23:00:00,55439.61376302083,0.2451737130060792,17195.962224392362,38243.40636491547,senario_A
2025-04-30 00:00:00,52786.87115885417,0.44806188183526197,17287.770948350695,35498.65214862164,senario_A
2025-04-30 01:00:00,49880.41406684028,0.4840008968363205,16826.1703125,33053.759753443446,senario_A
2025-04-30 02:00:00,48503.98617838541,0.49111502463618917,16099.197009819878,32404.298053540893,senario_A
2025-04-30 03:00:00,47827.869375,0.508615380724271,16841.745919596353,30985.61484002292,senario_A
2025-04-30 04:00:00,47243.54549804688,0.5152988926197092,17710.344748806423,29532.685450347835,senario_A
2025-04-30 05:00:00,46375.97773871528,0.5221003052095572,16673.40413736979,29702.05150104028,senario_A
2025-04-30 06:00:00,47481.83751302084,0.6539657258614897,15419.629775390626,32061.55377190435,senario_A
2025-04-30 07:00:00,49534.24512586805,15.322933028141659,14873.726559244791,34645.195633595125,senario_A
2025-04-30 08:00:00,50515.650401475694,2028.6911651357013,13383.938611924914,35103.020624415076,senario_A
2025-04-30 09:00:00,51816.37351453993,9260.934507649741,13305.273864746094,29250.1651421441,senario_A
2025-04-30 10:00:00,53555.73896375868,14719.229621175133,12526.575216742622,26309.93412584093,senario_A
2025-04-30 11:00:00,54808.47664171007,17279.039204101562,10920.016210666232,26609.42122694227,senario_A
2025-04-30 12:00:00,56270.05163628472,21603.845452473957,9266.616512586805,25399.589671223956,senario_A
2025-04-30 13:00:00,56783.38209092882,23209.19366739909,8882.759701605903,24691.428721923832,senario_A
2025-04-30 14:00:00,57832.31353298611,22387.408736979167,8741.64621202257,26703.258583984374,senario_A
2025-04-30 15:00:00,58249.70614583333,22875.979985351565,8900.727067057293,26472.99909342447,senario_A
2025-04-30 16:00:00,59038.45938585069,21745.610244140626,10131.964694010416,27160.884447699653,senario_A
2025-04-30 17:00:00,59857.49081163194,21536.638629557292,11398.666584201388,26922.185597873264,senario_A
2025-04-30 18:00:00,59904.46196614584,20097.06401570638,12073.386514485675,27734.01143595379,senario_A
2025-04-30 19:00:00,58851.0084516059,15491.820629475911,12082.462069769965,31276.72575236002,senario_A
2025-04-30 20:00:00,57345.895425347226,5615.066546427409,12637.22290907118,39093.605969848635,senario_A
2025-04-30 21:00:00,56184.22265190973,230.5657028922687,11020.661754557292,44932.99519446018,senario_A
2025-04-30 22:00:00,54903.87767578125,0.31520331667736157,9956.519026963975,44947.0434455006,senario_A
2025-04-30 23:00:00,51602.14953125,0.30268064244339854,8273.483064100477,43328.36378650708,senario_A
2025-05-01 00:00:00,49795.130462239584,0.3071781095489859,8960.181713867187,40834.641570262844,senario_A
2025-05-01 01:00:00,47228.09221571181,0.3198949207613865,9242.802579210069,37984.969741580986,senario_A
2025-05-01 02:00:00,46203.78889973959,0.3384938384095827,9926.949954427084,36276.5004514741,senario_A
2025-05-01 03:00:00,45301.61643663194,0.3875117422640323,10563.670452473958,34737.55847241572,senario_A
2025-05-01 04:00:00,44188.20260199653,0.44477367145319774,9494.179457465278,34693.5783708598,senario_A
2025-05-01 05:00:00,43585.11840060764,0.33768652358402806,7945.616505533854,35639.164208550195,senario_A
2025-05-01 06:00:00,44725.44257378472,0.33110128899415336,7668.238716362847,37056.87275613288,senario_A
2025-05-01 07:00:00,46665.7074609375,15.756084818939367,7741.475583767361,38908.4757923512,senario_A
2025-05-01 08:00:00,48014.14364800348,3832.479856592814,7876.547658962673,36305.116132448,senario_A
2025-05-01 09:00:00,51072.61151258681,16491.274204915364,7829.087043185764,26752.250264485687,senario_A
2025-05-01 10:00:00,53173.172840711806,22323.390039062502,7335.464098849827,23514.31870279948,senario_A
2025-05-01 11:00:00,55109.2530967882,24309.743697916667,6826.35286187066,23973.156537000872,senario_A
2025-05-01 12:00:00,56827.40505533854,26572.058014322916,6659.90666124132,23595.440379774303,senario_A
2025-05-01 13:00:00,58231.67747612847,28810.927493489588,6341.751841362847,23078.998141276035,senario_A
2025-05-01 14:00:00,59518.27664496528,30491.732643229167,6047.213265516493,22979.330736219617,senario_A
2025-05-01 15:00:00,61088.59388454861,30467.64891276042,6324.128770616319,24296.816201171867,senario_A
2025-05-01 16:00:00,62075.01754340278,28028.521552734375,6747.601712646484,27298.89427802192,senario_A
2025-05-01 17:00:00,62361.87327690972,24424.030561523436,6702.003201497396,31235.83951388889,senario_A
2025-05-01 18:00:00,61853.401979166665,21903.29246459961,6997.545316704644,32952.56419786241,senario_A
2025-05-01 19:00:00,61336.07767795139,17538.825593261718,7623.495989583333,36173.75609510634,senario_A
2025-05-01 20:00:00,59503.28606119792,6390.094700419108,10704.34996310764,42408.84139767117,senario_A
2025-05-01 21:00:00,58808.48825086805,209.40353487337939,13870.40558919271,44728.67912680196,senario_A
2025-05-01 22:00:00,57730.82829861111,0.41438541523491346,17059.85846544054,40670.55544775534,senario_A
2025-05-01 23:00:00,54718.95439670139,0.2380024079978466,19226.06550564236,35492.65088865103,senario_A
2025-05-02 00:00:00,51713.29564887153,0.4315668356294433,18835.261104600693,32877.60297743521,senario_A
2025-05-02 01:00:00,48533.515221354166,0.774310078372558,18640.993037109376,29891.74787416642,senario_A
2025-05-02 02:00:00,46791.81064236111,0.6091637171804904,18579.344092881944,28211.85738576199,senario_A
2025-05-02 03:00:00,45345.73749782986,0.544844921628634,17774.150928819443,27571.04172408879,senario_A
2025-05-02 04:00:00,43368.66997070312,0.4139643632496396,16582.900628255207,26785.355378084663,senario_A
2025-05-02 05:00:00,43026.73594075521,0.45822765142967303,16578.162924262153,26448.114788841627,senario_A
2025-05-02 06:00:00,43969.55205729167,0.42421004419525465,14823.44990451389,29145.677942733586,senario_A
2025-05-02 07:00:00,46385.44940538194,21.46276301463445,13985.46328233507,32378.52336003224,senario_A
2025-05-02 08:00:00,47465.34012369792,3680.8916361490883,13147.903425564236,30636.54506198459,senario_A
2025-05-02 09:00:00,49351.95589518229,11902.917844848633,14542.983352864583,22906.054697469073,senario_A
2025-05-02 10:00:00,51608.20096028646,16194.675674235023,16906.534500868056,18506.990785183374,senario_A
2025-05-02 11:00:00,53673.91202799479,17335.261165364587,17174.78721842448,19163.86364420572,senario_A
2025-05-02 12:00:00,55475.69404079861,18873.26493286133,18010.65480957031,18591.774298366967,senario_A
2025-05-02 13:00:00,56390.183621961805,18987.86756347656,18517.44317057292,18884.872887912326,senario_A
2025-05-02 14:00:00,57207.22283311632,19172.012826334634,19326.647935112847,18708.56207166884,senario_A
2025-05-02 15:00:00,56549.94859375,19200.09853027344,18901.484633246528,18448.36543023003,senario_A
2025-05-02 16:00:00,55575.84194010417,17483.439278971353,17714.73826388889,20377.664397243927,senario_A
2025-05-02 17:00:00,55145.55447916667,16519.419607747397,17559.863643663193,21066.27122775608,senario_A
2025-05-02 18:00:00,54058.81695638021,15788.34041341146,17253.386895073785,21017.08964789496,senario_A
2025-05-02 19:00:00,52947.330160590274,12121.7159765625,16484.678911675346,24340.935272352424,senario_A
2025-05-02 20:00:00,51548.267990451386,4661.844566040039,15588.863895399303,31297.559529012044,senario_A
2025-05-02 21:00:00,50829.74411024305,225.20423619980613,12509.399370659725,38095.140503383525,senario_A
2025-05-02 22:00:00,49908.51601996528,0.25456606159607564,10837.138837890623,39071.12261601306,senario_A
2025-05-02 23:00:00,48148.4305186632,0.2923947605242332,9971.830282389325,38176.30784151335,senario_A
2025-05-03 00:00:00,46022.022856987845,0.28485293705637255,8667.32128282335,37354.41672122744,senario_A
2025-05-03 01:00:00,44016.975546875,0.37294204662864405,8857.27762125651,35159.32498357187,senario_A
2025-05-03 02:00:00,42759.79248046875,0.4605606358870863,8469.410898980035,34289.921020852824,senario_A
2025-05-03 03:00:00,41287.24868923611,0.454443436563015,7552.52996242947,33734.26428337008,senario_A
2025-05-03 04:00:00,40471.71364583333,0.4522593762477239,6384.603466932509,34086.65791952458,senario_A
2025-05-03 05:00:00,39816.310615234375,0.44525932836035886,5396.287250027127,34419.57810587889,senario_A
2025-05-03 06:00:00,40426.2930078125,0.44787911931673674,5246.9088123914935,35178.93631630169,senario_A
2025-05-03 07:00:00,41109.63721788194,95.56799743831158,5869.348715277778,35144.72050516585,senario_A
2025-05-03 08:00:00,42690.32742947049,7464.327249501546,6300.546031494141,28925.4541484748,senario_A
2025-05-03 09:00:00,45688.80155815972,26797.06878417969,6011.781143663195,12879.951630316837,senario_A
2025-05-03 10:00:00,46665.21882161458,34691.63740966797,5642.263438720704,6331.317973225905,senario_A
2025-05-03 11:00:00,47140.86095920139,36071.459710286465,5843.826742078993,5225.574506835931,senario_A
2025-05-03 12:00:00,47748.41958007812,36993.69916910808,5647.739340684679,5106.981070285368,senario_A
2025-05-03 13:00:00,48552.5693109809,38276.1409773763,5315.469227294921,4960.959106309678,senario_A
2025-05-03 14:00:00,49594.53258463542,38882.23520100911,5197.533305664063,5514.764077962242,senario_A
2025-05-03 15:00:00,50469.84533420139,39057.7911328125,5292.654398600261,6119.399802788631,senario_A
2025-05-03 16:00:00,51633.53948784722,38693.86360351562,5278.336864149305,7661.339020182293,senario_A
2025-05-03 17:00:00,52710.18750434028,38695.27499674479,5266.533300238715,8748.379207356778,senario_A
2025-05-03 18:00:00,53278.74001736111,36429.059198404946,5604.143443196615,11245.537375759548,senario_A
2025-05-03 19:00:00,52885.85726996528,28004.653876953125,6099.860601671007,18781.342791341147,senario_A
2025-05-03 20:00:00,51122.35601453993,9315.04548441569,6282.07539727105,35525.23513285319,senario_A
2025-05-03 21:00:00,49600.20532552083,228.8580902218547,7334.20662475586,42037.140610543116,senario_A
2025-05-03 22:00:00,48454.036905381945,0.0447892215568572,9417.300281032984,39036.6918351274,senario_A
2025-05-03 23:00:00,46915.62342556424,0.0441505169930556,11142.608811577693,35772.97046346955,senario_A
2025-05-04 00:00:00,44755.67486111111,0.1589179143682122,12132.642348632811,32622.873594563927,senario_A
2025-05-04 01:00:00,42570.67592773437,0.21492134114727376,13239.458086208768,29331.00292018446,senario_A
2025-05-04 02:00:00,41003.80494466146,0.4665622082104286,14475.548191189237,26527.790191264015,senario_A
2025-05-04 03:00:00,39989.28445746528,0.3648475725700458,15157.976199273004,24830.9434106197,senario_A
2025-05-04 04:00:00,38937.35475477431,0.3845376562078794,15547.367242296006,23389.60297482209,senario_A
2025-05-04 05:00:00,38617.90112521702,0.3790936944385369,15770.329261338977,22847.192770183603,senario_A
2025-05-04 06:00:00,38888.72663736979,0.3729621618303159,16862.80336968316,22025.5503055248,senario_A
2025-05-04 07:00:00,38975.33497070312,139.33589040509113,17304.168547092013,21531.83053320602,senario_A
2025-05-04 08:00:00,39974.74315538195,7946.531215616862,16410.35847439236,15617.853465372726,senario_A
2025-05-04 09:00:00,43071.759369574655,25655.995761718747,12244.353256564673,5171.410351291235,senario_A
2025-05-04 10:00:00,45131.09489583333,31129.598972981774,11346.30798719618,2655.187935655378,senario_A
2025-05-04 11:00:00,45802.83001302083,31528.189472656246,11872.347629123264,2402.2929112413203,senario_A
2025-05-04 12:00:00,46814.37409613715,32238.474634602862,12088.644649251302,2487.2548122829867,senario_A
2025-05-04 13:00:00,47988.00736219618,32350.259434407555,12647.549457465278,2990.1984703233447,senario_A
2025-05-04 14:00:00,49527.56801215278,32255.614892578127,13573.922476128471,3698.030643446178,senario_A
2025-05-04 15:00:00,51378.35962239583,32072.400084635417,14760.64396375868,4545.315574001734,senario_A
2025-05-04 16:00:00,53145.42582682292,31291.36838948568,16351.499685329862,5502.557752007375,senario_A
2025-05-04 17:00:00,54765.663498263886,29234.8016796875,18058.82664279514,7472.035175781246,senario_A
2025-05-04 18:00:00,56042.74023871528,26326.24105957031,19478.617350260414,10237.881828884558,senario_A
2025-05-04 19:00:00,55689.90625651042,18992.57851155599,21158.885594618056,15538.44215033637,senario_A
2025-05-04 20:00:00,54397.88763454861,5111.76084218343,21657.993393554687,27628.133398810496,senario_A
2025-05-04 21:00:00,53789.54992621528,79.54521685929348,21564.246773003477,32145.757936352507,senario_A
2025-05-04 22:00:00,52516.29587673611,0.6516859395305314,22772.16200954861,29743.482181247975,senario_A
2025-05-04 23:00:00,49914.86712673611,0.37319183435291053,22330.886569010418,27583.60736589134,senario_A
2025-05-05 00:00:00,46728.7261328125,0.2933584805019199,21906.95227918837,24821.480495143634,senario_A
2025-05-05 01:00:00,43969.99110677083,0.39150315020854265,20977.541194118923,22992.058409501697,senario_A
2025-05-05 02:00:00,42092.83573784722,0.4755076728016138,20306.343710394965,21786.016519779452,senario_A
2025-05-05 03:00:00,41178.37422743056,0.4536638960242271,20272.296877170134,20905.6236863644,senario_A
2025-05-05 04:00:00,40995.777100694446,0.4458412636816501,20322.91200954861,20672.419249882154,senario_A
2025-05-05 05:00:00,40883.09631076389,0.3547084983934957,19952.27501953125,20930.466582734243,senario_A
2025-05-05 06:00:00,42531.375093315975,0.7880039069925746,20470.889294162327,22059.697795246655,senario_A
2025-05-05 07:00:00,45102.90468098958,110.06652422060569,21799.331662868924,23193.506493900048,senario_A
2025-05-05 08:00:00,46269.3445811632,4638.350342000325,21818.739751519097,19812.254487643775,senario_A
2025-05-05 09:00:00,48096.92454644097,15103.972311197915,20315.42412597656,12677.528109266492,senario_A
2025-05-05 10:00:00,49535.17154188368,20299.062165120442,19259.737065972226,9976.372310791015,senario_A
2025-05-05 11:00:00,50300.38708007812,20485.49280802409,18310.42546061198,11504.468811442053,senario_A
2025-05-05 12:00:00,51998.53483723958,19755.904039306643,18091.678115234376,14150.952682698564,senario_A
2025-05-05 13:00:00,52686.76710611979,18836.37666137695,19086.59667154948,14763.793773193356,senario_A
2025-05-05 14:00:00,53144.26863389757,15910.420842692056,19659.0490234375,17574.79876776801,senario_A
2025-05-05 15:00:00,53395.11951388889,13251.516455891928,21589.07597873264,18554.52707926432,senario_A
2025-05-05 16:00:00,52866.92329861111,10486.810530598957,22539.229212239585,19840.883555772565,senario_A
2025-05-05 17:00:00,52882.72849175347,10000.656630045574,23369.358637152774,19512.713224555122,senario_A
2025-05-05 18:00:00,52779.589192708336,8877.164403483073,24301.48715766059,19600.93763156467,senario_A
2025-05-05 19:00:00,52422.38050998264,6270.11427368164,24380.166227756075,21772.100008544927,senario_A
2025-05-05 20:00:00,52005.46867513021,2243.065830828348,24820.7746077474,24941.62823655446,senario_A
2025-05-05 21:00:00,52044.35021267361,24.6967591140978,24172.34232421875,27847.311129340764,senario_A
2025-05-05 22:00:00,50822.80663194445,0.5040498234331607,23389.18336805556,27433.119214065457,senario_A
2025-05-05 23:00:00,48300.7337109375,0.4552306404213111,22785.04696831597,25515.231511981106,senario_A
2025-05-06 00:00:00,45554.05799913195,0.4230183403690656,22483.82115668403,23069.813824107547,senario_A
2025-05-06 01:00:00,43485.11127170139,0.7217904412249724,22466.671547309023,21017.717933951142,senario_A
2025-05-06 02:00:00,42375.464832899306,0.6444094930589199,21906.704507378472,20468.11591602778,senario_A
2025-05-06 03:00:00,41605.91256293403,0.638039584259192,21081.14156955295,20524.13295379682,senario_A
2025-05-06 04:00:00,41249.35490017361,0.9986671456197898,20736.82384982639,20511.5323832016,senario_A
2025-05-06 05:00:00,42033.143246527776,0.8628424086173376,19638.618498263888,22393.661905855268,senario_A
2025-05-06 06:00:00,43705.13177517361,0.9518817928433418,18665.85100694445,25038.328886436324,senario_A
2025-05-06 07:00:00,46448.09950520833,6.115668762301405,16045.051619466143,30396.932216979887,senario_A
2025-05-06 08:00:00,47749.84652560764,808.9256506983439,13454.412486979169,33486.508387930124,senario_A
2025-05-06 09:00:00,48792.093359375,5403.097049560547,13819.229879557291,29569.766430257157,senario_A
2025-05-06 10:00:00,50363.95642795139,10671.913751627604,12816.376025390626,26875.66665093316,senario_A
2025-05-06 11:00:00,51332.57336805556,14299.472083333334,12032.205908203125,25000.895376519096,senario_A
2025-05-06 12:00:00,52416.1804969618,16405.356201171875,11817.55158311632,24193.272712673606,senario_A
2025-05-06 13:00:00,53365.94602647569,17793.948421223955,11914.169544270831,23657.828060980908,senario_A
2025-05-06 14:00:00,54346.483505859374,20261.50827270508,11234.970893554688,22850.00433959961,senario_A
2025-05-06 15:00:00,54439.6456108941,24141.900485026043,10607.710338541669,19690.03478732639,senario_A
2025-05-06 16:00:00,54627.398041449655,25119.17551920573,9125.200647650823,20383.021874593098,senario_A
2025-05-06 17:00:00,55850.83318142361,26660.05681559245,7249.1312858072915,21941.645080023867,senario_A
2025-05-06 18:00:00,56667.46655924479,25636.35287516276,6025.262428927951,25005.85125515408,senario_A
2025-05-06 19:00:00,56553.11253146701,19147.524893798825,5128.721310492621,32276.866327175565,senario_A
2025-05-06 20:00:00,54585.70155490452,5835.975294291178,4280.465210232205,44469.26105038113,senario_A
2025-05-06 21:00:00,52759.04486002604,159.01001949240762,4364.2278091091575,48235.807031424476,senario_A
2025-05-06 22:00:00,51988.76070095486,0.2191177039034664,4092.355535413954,47896.186047837,senario_A
2025-05-06 23:00:00,50201.39796115452,0.3650314584436515,4713.378235677084,45487.654694018995,senario_A
2025-05-07 00:00:00,48130.26848198785,0.23816139676918574,5273.398570692274,42856.63174989881,senario_A
2025-05-07 01:00:00,45475.398192274304,0.21366209458559743,4155.038332519532,41320.14619766019,senario_A
2025-05-07 02:00:00,44477.991918402775,0.24171660044540955,4034.086556667752,40443.66364513458,senario_A
2025-05-07 03:00:00,43457.92787434896,0.2551980990171432,4196.357816433377,39261.31485981657,senario_A
2025-05-07 04:00:00,43170.04367404514,0.3978156279151638,4376.8150085449215,38792.830849872305,senario_A
2025-05-07 05:00:00,42888.26751302083,0.45541534441212816,5080.423393012153,37807.38870466426,senario_A
2025-05-07 06:00:00,43603.295069444444,0.4366984994709492,5379.84349500868,38223.01487593629,senario_A
2025-05-07 07:00:00,45716.2410687934,15.671947777271267,5671.006394314236,40029.56272670189,senario_A
2025-05-07 08:00:00,46782.62198025174,2978.0913821792597,6021.050378553602,37783.48021951888,senario_A
2025-05-07 09:00:00,47805.16594618056,13881.999716796876,5311.225876193576,28611.940353190108,senario_A
2025-05-07 10:00:00,49470.16779405382,23774.079496256505,4874.026686604818,20822.061611192497,senario_A
2025-05-07 11:00:00,50560.488854166666,27393.635772298177,4506.036470269098,18660.81661159939,senario_A
2025-05-07 12:00:00,51666.46163194445,30912.600983072916,4221.166698404948,16532.693950466582,senario_A
2025-05-07 13:00:00,53120.10088975694,33661.79739583333,4707.184602322049,14751.11889160156,senario_A
2025-05-07 14:00:00,55051.664172092016,36129.474421386716,5624.123015407986,13298.066735297314,senario_A
2025-05-07 15:00:00,57222.55496527778,37276.27947347005,5859.827793918186,14086.44769788954,senario_A
2025-05-07 16:00:00,59130.73240668403,37388.12574625651,6221.916955159505,15520.689705268014,senario_A
2025-05-07 17:00:00,60888.82190104167,37079.411025390626,6364.368330078125,17445.04254557292,senario_A
2025-05-07 18:00:00,61900.9787999132,35019.587799479166,6336.40749077691,20544.983509657126,senario_A
2025-05-07 19:00:00,61386.15445746528,28096.915275065105,6590.065265842014,26699.17391655816,senario_A
2025-05-07 20:00:00,58962.71897569444,9923.874541829427,6426.460503472223,42612.383930392796,senario_A
2025-05-07 21:00:00,56995.36381835937,334.4821754765138,6502.89772881402,50157.983914068835,senario_A
2025-05-07 22:00:00,55139.58838541667,0.26297037628168857,7291.686680365668,47847.63873467472,senario_A
2025-05-07 23:00:00,52248.81675347222,0.2618569147338469,8517.397584092882,43731.15731246461,senario_A
2025-05-08 00:00:00,49700.744552951386,0.2655508447748919,9280.040790473093,40420.43821163352,senario_A
2025-05-08 01:00:00,46818.26068684896,0.39265161957591765,9405.61576578776,37412.252269441626,senario_A
2025-05-08 02:00:00,44419.34236002604,0.40404268085956574,8447.404272460937,35971.53404488425,senario_A
2025-05-08 03:00:00,43549.118177083335,0.38826070820291836,7061.618540581597,36487.11137579353,senario_A
2025-05-08 04:00:00,42596.47116970486,0.38958286163707573,6234.689036051433,36361.392550791796,senario_A
2025-05-08 05:00:00,42471.55769422743,0.3922736313690741,5437.201384277344,37033.96403631871,senario_A
2025-05-08 06:00:00,43666.90914713542,0.45580389445026703,5542.4850032552085,38123.96833998576,senario_A
2025-05-08 07:00:00,45781.801553819445,173.7030269696315,5969.085952555339,39639.01257429447,senario_A
2025-05-08 08:00:00,47410.94410047743,7454.130075988769,6544.231160888672,33412.582863599986,senario_A
2025-05-08 09:00:00,49506.12234809028,21414.895807291665,5733.194211697049,22358.032329101563,senario_A
2025-05-08 10:00:00,51427.26686523438,29175.559895019534,4791.673130425347,17460.033839789496,senario_A
2025-05-08 11:00:00,53209.77216796875,31218.789873046873,5058.042004665798,16932.940290256083,senario_A
2025-05-08 12:00:00,54936.62288194445,30638.520192057294,5398.755434570313,18899.347255316843,senario_A
2025-05-08 13:00:00,56968.22546223959,29968.679820963538,4687.622597113716,22311.923044162337,senario_A
2025-05-08 14:00:00,58344.04368489584,29150.592945963537,4113.797723524305,25079.653015408,senario_A
2025-05-08 15:00:00,59491.991358506944,26744.34982584635,4767.66308078342,27979.978451877174,senario_A
2025-05-08 16:00:00,60436.946692708334,22149.075571289064,6019.681623806424,32268.18949761285,senario_A
2025-05-08 17:00:00,60462.38894965278,20253.29844238281,6153.48817437066,34055.60233289931,senario_A
2025-05-08 18:00:00,58962.65620225694,14981.111839192708,5564.538900282118,38417.005462782116,senario_A
2025-05-08 19:00:00,57099.66835069445,11102.8200777181,5165.869260525174,40830.97901245118,senario_A
2025-05-08 20:00:00,54322.35152777778,4483.274413045248,4189.16452094184,45649.91259379069,senario_A
2025-05-08 21:00:00,53500.48413519965,238.67861314629516,3454.693069118924,49807.11245293443,senario_A
2025-05-08 22:00:00,51516.60321614584,0.5852424452205498,3483.8950868733723,48032.122886827245,senario_A
2025-05-08 23:00:00,49579.37589518229,0.8763896092772483,3446.4737059868708,46132.02579958614,senario_A
2025-05-09 00:00:00,47058.63375868055,0.7416850752135118,3722.903787434896,43334.98828617045,senario_A
2025-05-09 01:00:00,44705.129565972224,0.5841397193570932,3704.627352701823,40999.918073551045,senario_A
2025-05-09 02:00:00,43022.39722222222,0.6132319181164105,3197.314631890191,39824.46935841391,senario_A
2025-05-09 03:00:00,42397.84929253472,0.6257971520721912,3497.990112847222,38899.23338253542,senario_A
2025-05-09 04:00:00,42022.00323676215,0.5290410856157541,4942.716576334636,37078.7576193419,senario_A
2025-05-09 05:00:00,42152.78911132812,0.44089335097620885,6979.130413140191,35173.21780483695,senario_A
2025-05-09 06:00:00,43557.87837239583,0.4179040746390819,8733.793593207465,34823.66687511373,senario_A
2025-05-09 07:00:00,45365.37525390625,85.64652462777993,9120.446278211806,36159.28245106666,senario_A
2025-05-09 08:00:00,46540.02093315972,6880.366470336914,8920.630970052083,30739.023492770724,senario_A
2025-05-09 09:00:00,47983.623292100696,24459.241454264324,7015.122455647786,16509.259382188586,senario_A
2025-05-09 10:00:00,49710.69801215278,34744.292210286454,6252.003522677951,8714.402279188376,senario_A
2025-05-09 11:00:00,51969.78245442709,36721.125323893226,9297.865905490453,5950.791225043413,senario_A
2025-05-09 12:00:00,52881.1879188368,34182.57469401042,12540.874542100695,6157.73868272568,senario_A
2025-05-09 13:00:00,54123.85063585069,32197.771012369798,14330.951593967016,7595.128029513879,senario_A
2025-05-09 14:00:00,55314.99345486111,31172.610058593753,15279.853700086804,8862.529696180556,senario_A
2025-05-09 15:00:00,56652.46408854167,30116.09423828125,15536.97749186198,10999.392358398436,senario_A
2025-05-09 16:00:00,57255.860364583335,29106.869882812498,15394.249716796876,12754.740764973962,senario_A
2025-05-09 17:00:00,57779.07967013889,27027.16385091146,15068.6544140625,15683.26140516493,senario_A
2025-05-09 18:00:00,57869.1380859375,23359.364829101563,14781.045398220484,19728.72785861545,senario_A
2025-05-09 19:00:00,56824.48942599826,20406.582088623047,13410.974779459635,23006.932557915585,senario_A
2025-05-09 20:00:00,54886.45311957465,8074.779013214111,9763.410061035156,37048.264045325384,senario_A
2025-05-09 21:00:00,53449.11700195313,519.026821715037,7551.48125922309,45378.608921015,senario_A
2025-05-09 22:00:00,52025.49359375,157.59103923487166,6516.630709635417,45351.27184487971,senario_A
2025-05-09 23:00:00,49449.477456597226,0.2857215773065884,5787.993255750868,43661.19847926906,senario_A
2025-05-10 00:00:00,47470.25969184028,0.3041572826852401,5728.668483072916,41741.28705148468,senario_A
2025-05-10 01:00:00,45282.06390407986,0.2943199247245987,5788.451747911241,39493.3178362439,senario_A
2025-05-10 02:00:00,43179.96144965278,0.398910851503412,5872.625191514757,37306.93734728652,senario_A
2025-05-10 03:00:00,41431.698511284725,0.5251198425143956,6039.138364257812,35392.03502718439,senario_A
2025-05-10 04:00:00,40751.41995225695,0.5803466233983636,6680.297552761502,34070.54205287204,senario_A
2025-05-10 05:00:00,40602.40597005208,0.5612043885762492,7576.407995605468,33025.43677005803,senario_A
2025-05-10 06:00:00,40731.07000434028,0.5226930071413517,8374.577276475695,32355.970034857444,senario_A
2025-05-10 07:00:00,41266.02309353299,139.48975673886636,8973.84580485026,32152.687531943862,senario_A
2025-05-10 08:00:00,42264.753542751736,8383.545609537761,9015.46077609592,24865.747157118058,senario_A
2025-05-10 09:00:00,45219.66571180556,27302.046295572916,6259.447114800348,11658.172301432296,senario_A
2025-05-10 10:00:00,47097.2125499132,34967.104384765626,3972.1412632921006,8157.966901855476,senario_A
2025-05-10 11:00:00,49302.10297309028,37349.28750976562,5609.5742985026045,6343.241164822055,senario_A
2025-05-10 12:00:00,51526.60701497396,36255.53399332682,10210.473648003472,5060.59937364367,senario_A
2025-05-10 13:00:00,53999.198046875,35649.173196614574,13331.836384548613,5018.18846571181,senario_A
2025-05-10 14:00:00,54390.01340711806,35402.490540364575,12861.47128580729,6126.051580946192,senario_A
2025-05-10 15:00:00,55072.57218641493,35452.50535319011,12279.269861924911,7340.796971299913,senario_A
2025-05-10 16:00:00,55319.44877604167,33965.18758789063,11805.21185655382,9549.049331597218,senario_A
2025-05-10 17:00:00,55786.54454427084,30838.88551920573,12107.989698350695,12839.669326714411,senario_A
2025-05-10 18:00:00,55514.20576822916,26470.588380533853,12615.150690104168,16428.466697591142,senario_A
2025-05-10 19:00:00,54325.67255425347,21924.667314453127,12812.75681640625,19588.248423394092,senario_A
2025-05-10 20:00:00,52446.23854275174,8599.498222503662,10612.058723687063,33234.681596561015,senario_A
2025-05-10 21:00:00,51498.94189344618,400.056312330092,8573.012549099392,42525.873032016694,senario_A
2025-05-10 22:00:00,50465.0845703125,0.2586565805226564,8707.890845269098,41756.93506846288,senario_A
2025-05-10 23:00:00,48580.001292317706,0.32194517939661926,8507.59203233507,40072.08731480324,senario_A
2025-05-11 00:00:00,46376.35839409722,0.3407151238868634,7322.056296657986,39053.96138231534,senario_A
2025-05-11 01:00:00,44066.407799479166,0.528538177832961,5854.766753472222,38211.112507829115,senario_A
2025-05-11 02:00:00,42135.52143012153,0.5422692442933718,4441.895607638889,37693.08355323835,senario_A
2025-05-11 03:00:00,40801.21284071181,0.5331431125601132,3198.5503054470487,37602.1293921522,senario_A
2025-05-11 04:00:00,40063.41910915799,0.5203453450029094,2597.72340766059,37465.1753561524,senario_A
2025-05-11 05:00:00,39372.6755078125,0.5687601673106353,2119.106182047526,37253.00056559766,senario_A
2025-05-11 06:00:00,39279.66357530382,0.5406317029769222,1983.6775001017247,37295.44544349912,senario_A
2025-05-11 07:00:00,39424.525299479166,111.18376008803645,2361.8577425130206,36951.48379687811,senario_A
2025-05-11 08:00:00,40831.63322482639,7133.330602671305,2625.301780327691,31073.000841827397,senario_A
2025-05-11 09:00:00,43871.35825954861,26921.012138671875,1783.115771620009,15167.230349256724,senario_A
2025-05-11 10:00:00,45682.54298828125,36903.4740999349,1238.5566293334962,7540.512259012856,senario_A
2025-05-11 11:00:00,46885.6804546441,36767.72042480469,3646.995960218642,6470.964069620765,senario_A
2025-05-11 12:00:00,47827.83759548611,36553.703793945315,5054.937255723741,6219.196545817055,senario_A
2025-05-11 13:00:00,49282.16528862847,37884.70077473958,5656.499969618056,5740.96454427084,senario_A
2025-05-11 14:00:00,50697.90954101562,38366.85621988932,6511.816434326172,5819.23688680013,senario_A
2025-05-11 15:00:00,51506.70798936632,37649.53730875651,6655.2301437717015,7201.940536838107,senario_A
2025-05-11 16:00:00,52034.42935655382,36694.15139241536,6165.959829237197,9174.31813490126,senario_A
2025-05-11 17:00:00,53406.74967447917,34397.10052734375,5645.32402452257,13364.325122612854,senario_A
2025-05-11 18:00:00,54511.1652734375,32488.23105794271,5417.731953667535,16605.202261827257,senario_A
2025-05-11 19:00:00,54519.50048611111,26033.953818359376,4968.117583007813,23517.42908474392,senario_A
2025-05-11 20:00:00,53365.726918402775,10046.223245035806,3756.58971218533,39562.91396118164,senario_A
2025-05-11 21:00:00,51477.03943576389,419.94610460888595,3710.245179985894,47346.848151169106,senario_A
2025-05-11 22:00:00,50855.71967881944,0.3004448976367712,4195.240366210937,46660.17886771087,senario_A
2025-05-11 23:00:00,48431.73797851562,0.3341256042321522,4825.447034098307,43605.95681881308,senario_A
2025-05-12 00:00:00,46399.6505360243,0.41976040292531247,5636.8806570095485,40762.35011861183,senario_A
2025-05-12 01:00:00,43858.21994791667,0.5273092135290305,6695.335324435764,37162.35731426737,senario_A
2025-05-12 02:00:00,42216.75075520833,0.47917165239652004,7090.513063151042,35125.758520404896,senario_A
2025-05-12 03:00:00,40806.27495225694,0.578066698561112,7348.101293945312,33457.59559161307,senario_A
2025-05-12 04:00:00,39934.29844726562,0.5950861750046412,6904.5738165961375,33029.12954449448,senario_A
2025-05-12 05:00:00,40256.182374131946,0.5556050039827825,6499.524215494792,33756.10255363317,senario_A
2025-05-12 06:00:00,41419.4902094184,0.5492685754597186,5992.614749620226,35426.32619122272,senario_A
2025-05-12 07:00:00,43618.17167100695,211.24144289950527,6206.141161024306,37200.78906708314,senario_A
2025-05-12 08:00:00,45409.64771267361,10540.88865234375,6749.009797092014,28119.749263237845,senario_A
2025-05-12 09:00:00,48520.06951280382,31463.597434895833,5466.064784613715,11590.407293294273,senario_A
2025-05-12 10:00:00,50417.36574652778,39110.78590820313,4142.685518188477,7163.894320136174,senario_A
2025-05-12 11:00:00,51293.39718967014,40197.03517903646,4932.215660807292,6164.14634982639,senario_A
2025-05-12 12:00:00,52588.78879991319,39790.423102213535,5021.228497043186,7777.137200656472,senario_A
2025-05-12 13:00:00,54816.69249023437,39162.91718343099,4889.291910671658,10764.48339613172,senario_A
2025-05-12 14:00:00,57182.33936523437,38786.51237874349,4855.1524975585935,13540.674488932287,senario_A
2025-05-12 15:00:00,59579.20634440104,38128.59816243489,4969.6680295138885,16480.940152452262,senario_A
2025-05-12 16:00:00,62204.22834309896,37029.80542317709,5173.314926893446,20001.10799302843,senario_A
2025-05-12 17:00:00,64574.25790364584,36220.48529622396,6009.993121202257,22343.779486219624,senario_A
2025-05-12 18:00:00,65464.29264973958,34843.004790852865,6376.041660020616,24245.2461988661,senario_A
2025-05-12 19:00:00,65229.92860894097,25781.272810872397,7095.600232204861,32353.055565863717,senario_A
2025-05-12 20:00:00,62835.21942057292,8952.0270513916,8999.802565239801,44883.389803941514,senario_A
2025-05-12 21:00:00,60771.58177951389,342.64053246420497,13367.388801269532,47061.55244578015,senario_A
2025-05-12 22:00:00,59281.92147243924,0.1697840645536779,19424.890572916665,39856.86111545802,senario_A
2025-05-12 23:00:00,55743.35170355903,0.7098525236050287,23740.894791666666,32001.747059368754,senario_A
2025-05-13 00:00:00,51742.82247395833,0.9284424145519733,25270.630505642363,26471.263525901417,senario_A
2025-05-13 01:00:00,48554.50609809028,1.4521836532652377,25667.74149522569,22885.31241921132,senario_A
2025-05-13 02:00:00,46910.43831163194,1.7129316859443982,25832.47560546875,21076.249774477245,senario_A
2025-05-13 03:00:00,45461.65649197048,1.687634644980232,25359.65413953993,20100.314717785575,senario_A
2025-05-13 04:00:00,44760.75688368056,1.3292319147785503,24872.370807291667,19887.05684447411,senario_A
2025-05-13 05:00:00,44117.42072048611,1.1609252184132735,24277.0811328125,19839.178662455197,senario_A
2025-05-13 06:00:00,45606.88579861111,1.468975857198238,24870.48707248264,20734.929750271272,senario_A
2025-05-13 07:00:00,47741.14016493056,225.53934098084767,24635.11605685764,22880.484767092075,senario_A
2025-05-13 08:00:00,49392.98778862848,8265.798436482746,22787.89441840278,18339.29493374296,senario_A
2025-05-13 09:00:00,51669.84381076389,22100.0781640625,18557.558270399302,11012.207376302085,senario_A
2025-05-13 10:00:00,53876.72571397569,28995.09733968099,16003.779495985244,8877.848878309458,senario_A
2025-05-13 11:00:00,56388.01959635417,32162.070722656255,14973.079838324653,9252.869035373262,senario_A
2025-05-13 12:00:00,59188.18823350695,32674.454990234375,15404.81810655382,11108.915136718759,senario_A
2025-05-13 13:00:00,62459.9865874566,31835.39325602214,16821.39617296007,13803.197158474391,senario_A
2025-05-13 14:00:00,65846.70019097222,33205.1959358724,16366.339187282983,16275.165067816835,senario_A
2025-05-13 15:00:00,69072.8479296875,34231.140301920575,15972.982643500434,18868.72498426649,senario_A
2025-05-13 16:00:00,71836.13901475695,33788.290123697916,16206.817004123264,21841.031886935765,senario_A
2025-05-13 17:00:00,74117.78245225694,31118.21965576172,17473.46772623698,25526.09507025824,senario_A
2025-05-13 18:00:00,74775.19508246527,28678.560670572915,18328.472674696182,27768.161737196177,senario_A
2025-05-13 19:00:00,73478.6189171007,22772.800430501302,18101.480028211805,32604.338458387592,senario_A
2025-05-13 20:00:00,70764.1619921875,6912.762563374838,17829.93167154948,46021.46775726318,senario_A
2025-05-13 21:00:00,68221.27182725695,210.570075648427,17855.270851779514,50155.43089982901,senario_A
2025-05-13 22:00:00,65840.94475694445,0.20539955659459036,18565.761781141493,47274.977576246354,senario_A
2025-05-13 23:00:00,61876.66856662327,0.2081248510318497,19936.447027994796,41940.013413777444,senario_A
2025-05-14 00:00:00,57527.549817708335,0.3292896370962262,21255.356292860244,36271.86423521099,senario_A
2025-05-14 01:00:00,54064.12609809028,0.5373802152772744,21607.2240234375,32456.364694437507,senario_A
2025-05-14 02:00:00,51423.68555338542,0.9506253829350074,21938.33877387153,29484.39615413095,senario_A
2025-05-14 03:00:00,49758.89943142361,0.7632767966141303,21479.473678927952,28278.662475699046,senario_A
2025-05-14 04:00:00,48827.83357638889,0.4757588886717954,21661.30943359375,27166.04838390647,senario_A
2025-05-14 05:00:00,48421.4434657118,0.7406182053436834,21660.972339409724,26759.730508096734,senario_A
2025-05-14 06:00:00,49705.59542100695,0.836252426703771,21848.21351128472,27856.54565729552,senario_A
2025-05-14 07:00:00,51718.21867296007,121.30810918584467,21746.375911458334,29850.53465231589,senario_A
2025-05-14 08:00:00,52747.47942925347,4632.915082499187,20276.029105902777,27838.535240851506,senario_A
2025-05-14 09:00:00,55245.387265625,16761.72836669922,17544.235696343316,20939.42320258247,senario_A
2025-05-14 10:00:00,58179.51046875,27164.089225260424,14068.677123480902,16946.744120008672,senario_A
2025-05-14 11:00:00,60709.981610243056,30714.611331380216,12244.561577419703,17750.808701443137,senario_A
2025-05-14 12:00:00,64211.20052300347,31355.90439453125,12798.92706814236,20056.36906032986,senario_A
2025-05-14 13:00:00,67914.49689670138,33547.76557861328,13464.641535915798,20902.089782172305,senario_A
2025-05-14 14:00:00,71189.01669704862,33356.142263183596,13648.916076660156,24183.958357204865,senario_A
2025-05-14 15:00:00,74382.38416015625,32083.174384765625,15107.233529730904,27191.976245659716,senario_A
2025-05-14 16:00:00,76124.38447916666,30701.868235677077,15943.305412326388,29479.210831163204,senario_A
2025-05-14 17:00:00,77797.194375,29479.617881673184,17158.422799479165,31159.153693847657,senario_A
2025-05-14 18:00:00,77620.32126302083,26081.065279947914,18065.84319444445,33473.41278862847,senario_A
2025-05-14 19:00:00,75548.06259114583,18045.25064737956,17704.722304144965,39798.08963962131,senario_A
2025-05-14 20:00:00,72162.23588107638,4965.9018581899,17390.44284233941,49805.89118054707,senario_A
2025-05-14 21:00:00,69336.21586588542,224.25273150602976,17863.215145399306,51248.74798898008,senario_A
2025-05-14 22:00:00,66870.71159722222,0.8571341353406507,17336.791841905382,49533.0626211815,senario_A
2025-05-14 23:00:00,62975.37368706597,0.9671224204699198,16723.715811631944,46250.69075301355,senario_A
2025-05-15 00:00:00,59077.49358940972,0.8590807740638653,17020.821704101563,42055.8128045341,senario_A
2025-05-15 01:00:00,55173.16297309028,1.070197513004144,17479.096218532984,37692.99655704429,senario_A
2025-05-15 02:00:00,52736.075390625,0.7786899724851053,18353.107513020837,34382.18918763168,senario_A
2025-05-15 03:00:00,51607.46146484375,0.6546156610548497,19389.503433159723,32217.30341602297,senario_A
2025-05-15 04:00:00,50163.08538628472,0.8428531993428865,18533.472986111112,31628.76954697427,senario_A
2025-05-15 05:00:00,49870.93630533854,0.8235513818264006,18149.53482421875,31720.57792973796,senario_A
2025-05-15 06:00:00,50979.89026258681,0.7437713953852654,20740.847278645837,30238.299212545586,senario_A
2025-05-15 07:00:00,53113.20161675348,89.44758355413873,21323.45362630208,31700.300406897266,senario_A
2025-05-15 08:00:00,54186.27532769097,4543.218761952718,19217.19958767361,30425.856978064643,senario_A
2025-05-15 09:00:00,56021.186063368055,15018.26557047526,15505.400180121527,25497.520312771267,senario_A
2025-05-15 10:00:00,58335.9773828125,23689.228629557292,12248.8122265625,22397.936526692713,senario_A
2025-05-15 11:00:00,61171.33233723958,28909.218759765627,10505.770009765623,21756.343567708333,senario_A
2025-05-15 12:00:00,64177.41094835069,31974.777320963534,8263.024650607638,23939.60897677952,senario_A
2025-05-15 13:00:00,66955.96258246528,32543.795354817707,7118.573189561632,27293.59403808594,senario_A
2025-05-15 14:00:00,70083.69308376736,32372.51416015625,6493.288677300347,31217.89024631076,senario_A
2025-05-15 15:00:00,72313.2838454861,33411.080113932294,6288.838720703125,32613.365010850684,senario_A
2025-05-15 16:00:00,73595.29918402778,31313.740149739584,6906.613581271701,35374.945453016495,senario_A
2025-05-15 17:00:00,74179.97961371527,25647.200528971352,7505.118806966146,41027.66027777777,senario_A
2025-05-15 18:00:00,73377.7256032986,22287.421780598957,7966.822165256076,43123.48165744357,senario_A
2025-05-15 19:00:00,71297.13342447917,15030.94270935059,9091.525656738282,47174.665058390296,senario_A
2025-05-15 20:00:00,68716.23344618056,5840.76915608724,9723.138959418402,53152.32533067492,senario_A
2025-05-15 21:00:00,66897.19428385417,379.1931274619699,10132.909697536892,56385.09145885531,senario_A
2025-05-15 22:00:00,65114.86107638889,0.5940786618987718,11759.07572374132,53355.19127398567,senario_A
2025-05-15 23:00:00,62008.18245551215,0.6700110950817665,14732.859437934028,47274.65300648304,senario_A
2025-05-16 00:00:00,58339.26514648437,0.6982992569108804,17104.713473307293,41233.85337392017,senario_A
2025-05-16 01:00:00,54789.62550564236,0.6757230202605327,19355.028185763887,35433.921596858214,senario_A
2025-05-16 02:00:00,52677.61486111111,0.9625228066245715,20349.468510742183,32327.18382756231,senario_A
2025-05-16 03:00:00,51412.2329296875,1.2246223740279676,20681.400230034724,30729.60807727875,senario_A
2025-05-16 04:00:00,50671.23626953125,0.6960729032754899,19589.52523871528,31081.014957912696,senario_A
2025-05-16 05:00:00,50868.17182725694,0.6715058888991674,18396.955045572915,32470.545275795124,senario_A
2025-05-16 06:00:00,51372.20536892361,0.7188045455018679,16663.66087890625,34707.825685471864,senario_A
2025-05-16 07:00:00,53267.017934027775,94.65476348722974,14667.49005750868,38504.87311303186,senario_A
2025-05-16 08:00:00,54103.88715928819,3549.54894007365,12932.764251302084,37621.57396791246,senario_A
2025-05-16 09:00:00,56618.00560546875,12991.433407389322,12014.83080186632,31611.741396213114,senario_A
2025-05-16 10:00:00,60015.26425998264,22049.72024576823,9932.278331163194,28033.26568305122,senario_A
2025-05-16 11:00:00,63586.70991536458,26925.3716015625,9681.700948350694,26979.637365451395,senario_A
2025-05-16 12:00:00,65903.12781901042,30722.65664388021,8907.12401312934,26273.34716200087,senario_A
2025-05-16 13:00:00,67946.73421440972,32522.417180989585,7526.306566840278,27898.010466579857,senario_A
2025-05-16 14:00:00,70431.77676649306,33626.42693033854,6443.851353081597,30361.498483072923,senario_A
2025-05-16 15:00:00,72635.69794704861,33907.69815429687,4728.92080078125,33999.07899197049,senario_A
2025-05-16 16:00:00,74342.1803732639,33567.917685546876,4353.680124782986,36420.58256293403,senario_A
2025-05-16 17:00:00,75092.53490017362,30575.883899739587,4249.117398546007,40267.533601888026,senario_A
2025-05-16 18:00:00,74286.97204644098,25741.84418294271,4699.995577799479,43845.13228569879,senario_A
2025-05-16 19:00:00,70849.29880642361,15370.999315592448,5103.86643500434,50374.43305582683,senario_A
2025-05-16 20:00:00,66872.708359375,4625.515471293131,4823.161438259549,57424.031449822316,senario_A
2025-05-16 21:00:00,64785.38725694444,263.218622520566,5546.899383680556,58975.269250743324,senario_A
2025-05-16 22:00:00,63733.18086154514,0.6814450717469055,8190.853223741319,55541.64619273207,senario_A
2025-05-16 23:00:00,61873.31361979167,0.7509280602137248,10216.101851128473,51656.46084060298,senario_A
2025-05-17 00:00:00,59331.90019748264,0.7425406362613043,12134.388269314237,47196.76938753214,senario_A
2025-05-17 01:00:00,56235.77805555556,0.801281378865242,14292.329518229166,41942.64725594752,senario_A
2025-05-17 02:00:00,54064.89019856771,0.934751753161351,17002.129499782986,37061.82594703155,senario_A
2025-05-17 03:00:00,52202.81195095486,1.4604155474404494,18018.024192708333,34183.32734269909,senario_A
2025-05-17 04:00:00,51046.557901475695,1.8242641301949822,17842.17898220486,33202.55465514064,senario_A
2025-05-17 05:00:00,50319.15071180555,1.0440894953906534,16602.648512369793,33715.458109940366,senario_A
2025-05-17 06:00:00,49791.113307291664,0.9851231067379316,14868.665162760415,34921.46302142451,senario_A
2025-05-17 07:00:00,49625.83543294271,110.957217365702,13877.982466362848,35636.89574921416,senario_A
2025-05-17 08:00:00,50626.97633680556,3447.5924323018394,13602.168921440973,33577.214983062746,senario_A
2025-05-17 09:00:00,54018.0092578125,10512.270287272135,12653.606651475697,30852.132319064665,senario_A
2025-05-17 10:00:00,57924.39536458333,17418.04905110677,11936.54742296007,28569.798890516493,senario_A
2025-05-17 11:00:00,61873.754607204864,22384.98459798177,10748.02519314236,28740.744816080733,senario_A
2025-05-17 12:00:00,64347.50100911458,25961.738024088543,10312.725885416668,28073.037099609373,senario_A
2025-05-17 13:00:00,66853.1664279514,31070.106023763015,10221.348766004774,25561.711638183602,senario_A
2025-05-17 14:00:00,69583.70110677084,33605.33619140625,11277.267747395834,24701.097167968757,senario_A
2025-05-17 15:00:00,72138.71159288194,33830.25628580729,13258.41276421441,25050.04254286024,senario_A
2025-05-17 16:00:00,73829.64344618056,32148.611526692708,14272.228493381075,27408.80342610678,senario_A
2025-05-17 17:00:00,74978.45885416666,27167.38510091146,16523.00484592014,31288.068907335062,senario_A
2025-05-17 18:00:00,73788.004375,20650.049921468097,18289.31494574653,34848.63950778538,senario_A
2025-05-17 19:00:00,71069.56097222223,13820.576200358073,17483.529129774306,39765.455642089844,senario_A
2025-05-17 20:00:00,67155.99090711806,5784.498392944335,15271.899656032989,46099.592858140735,senario_A
2025-05-17 21:00:00,64363.34990017361,394.1312911833326,15786.067431640626,48183.15117734966,senario_A
2025-05-17 22:00:00,62951.390221354166,0.7251212787628173,17967.65126736111,44983.01383271429,senario_A
2025-05-17 23:00:00,60880.376725260416,1.1572695726156235,19497.18320529514,41382.03625039266,senario_A
2025-05-18 00:00:00,58142.2872265625,1.1512831187744934,20826.23969184028,37314.896251603444,senario_A
2025-05-18 01:00:00,55150.89814887153,1.4188709217309952,20405.765421006945,34743.71385694285,senario_A
2025-05-18 02:00:00,53526.480505642365,1.315895296583573,20208.9053125,33316.25929784578,senario_A
2025-05-18 03:00:00,51863.322725694445,1.1525430459777515,20008.51027126736,31853.659911381103,senario_A
2025-05-18 04:00:00,50633.18900390625,1.5762363392611345,19504.87357204861,31126.739195518374,senario_A
2025-05-18 05:00:00,49879.41351996528,1.1695637225111324,19862.092265625,30016.151690617768,senario_A
2025-05-18 06:00:00,49801.52911241319,1.3364601862430572,20654.628851996527,29145.563800230422,senario_A
2025-05-18 07:00:00,49959.93960720486,90.50397859618069,20947.150093315973,28922.28553529271,senario_A
2025-05-18 08:00:00,50552.85697048612,2817.861265563965,20281.229058159723,27453.766646762433,senario_A
2025-05-18 09:00:00,53426.98712456597,10375.11681640625,19397.582649739583,23654.287658420137,senario_A
2025-05-18 10:00:00,56859.43665798611,17838.435693359374,19987.42731770833,19033.573646918405,senario_A
2025-05-18 11:00:00,61020.643438585066,24206.391966145835,20904.59970486111,15909.651767578122,senario_A
2025-05-18 12:00:00,64186.47938042535,28107.824150390625,20145.45031467014,15933.204915364586,senario_A
2025-05-18 13:00:00,65809.49219401041,26360.011468098957,20594.88990451389,18854.590821397564,senario_A
2025-05-18 14:00:00,67332.69899305556,26661.89350585937,21018.89170572917,19651.913781467018,senario_A
2025-05-18 15:00:00,67856.01342881944,24942.94758626302,21601.306605902777,21311.75923665364,senario_A
2025-05-18 16:00:00,68791.4635655382,25054.408247070314,21823.462645399304,21913.592673068582,senario_A
2025-05-18 17:00:00,68950.594140625,22799.366656901042,22143.48140190972,24007.746081814246,senario_A
2025-05-18 18:00:00,68656.43870442708,19575.105126953127,22830.52301215278,26250.810565321175,senario_A
2025-05-18 19:00:00,67505.85595052084,13497.147854817707,22824.86831597222,31183.839779730908,senario_A
2025-05-18 20:00:00,65762.07394314236,6801.483031005859,23600.248671875,35360.342240261496,senario_A
2025-05-18 21:00:00,64741.99799479167,502.35151964664453,24417.980991753477,39821.66548339155,senario_A
2025-05-18 22:00:00,63312.164722222224,1.2159542909761272,25339.308407118056,37971.64036081319,senario_A
2025-05-18 23:00:00,60762.74126085069,1.6637344112992287,26080.17994249132,34680.89758394808,senario_A
2025-05-19 00:00:00,57684.48828776042,1.6729937744140626,26460.955750868052,31221.85954311795,senario_A
2025-05-19 01:00:00,55074.706434461805,1.6558917080362638,26379.28452473958,28693.76601801419,senario_A
2025-05-19 02:00:00,53442.05176432292,1.4980712472399076,25675.942452256942,27764.611240818736,senario_A
2025-05-19 03:00:00,51865.50062717014,1.1301400750378767,23990.19652560764,27874.173961487464,senario_A
2025-05-19 04:00:00,51125.38447482639,0.9571147599319616,21222.028335503477,29902.399024562976,senario_A
2025-05-19 05:00:00,51251.74621527778,0.8900515426695347,18908.55262152778,32342.30354220733,senario_A
2025-05-19 06:00:00,52692.03552517361,0.9412305504083633,18089.689854600696,34601.40444002251,senario_A
2025-05-19 07:00:00,54592.06320529514,198.24035019720594,17493.728350694444,36900.09450440349,senario_A
2025-05-19 08:00:00,55755.22838758681,5238.0955433146155,17708.70368923611,32808.42915503608,senario_A
2025-05-19 09:00:00,57677.80029296875,16273.141455891928,16750.712740885418,24653.946096191405,senario_A
2025-05-19 10:00:00,60426.642350260416,21771.651458333334,16522.73148220486,22132.25940972222,senario_A
2025-05-19 11:00:00,62583.965703125,23381.933502604166,16755.569519314235,22446.4626812066,senario_A
2025-05-19 12:00:00,64465.26591796875,24843.794959309897,15750.299112413197,23871.171846245656,senario_A
2025-05-19 13:00:00,66311.308046875,26896.422688802086,16070.970441623263,23343.91491644965,senario_A
2025-05-19 14:00:00,68326.73465494791,26729.439127604168,17541.189995659723,24056.105531684017,senario_A
2025-05-19 15:00:00,69629.8886328125,25544.851342773436,18768.340815972224,25316.696474066834,senario_A
2025-05-19 16:00:00,70840.0677842882,22724.442508138018,20359.206643880207,27756.418632269975,senario_A
2025-05-19 17:00:00,71394.1711111111,19753.8602360026,21792.781245659724,29847.529629448785,senario_A
2025-05-19 18:00:00,71003.5302734375,17587.042786051432,22326.10793782552,31090.37954956055,senario_A
2025-05-19 19:00:00,70234.82240885416,13342.935131022135,22936.17684244792,33955.7104353841,senario_A
2025-05-19 20:00:00,68642.01792534722,6258.884045410157,24508.22660807292,37874.90727186414,senario_A
2025-05-19 21:00:00,67574.76766059028,422.004017697076,24296.98576280382,42855.77788008939,senario_A
2025-05-19 22:00:00,65473.183637152775,0.6261459338665009,20502.8989453125,44969.65854590641,senario_A
2025-05-19 23:00:00,61894.44373046875,0.6418510275582472,18017.14504340278,43876.65683603841,senario_A
2025-05-20 00:00:00,58166.25855577257,0.6260263152917226,17309.34818793403,40856.28434152325,senario_A
2025-05-20 01:00:00,55358.273161892364,0.8157945006589093,18605.892287326387,36751.56508006532,senario_A
2025-05-20 02:00:00,53692.63317274306,0.7640067899723848,19421.48236111111,34270.38680484198,senario_A
2025-05-20 03:00:00,53640.76712456597,0.7927284418046474,20475.02716362847,33164.9472324957,senario_A
2025-05-20 04:00:00,52194.98671440972,1.2261553793152173,20628.176393229165,31565.584165801243,senario_A
2025-05-20 05:00:00,51604.21008246528,1.4131053336958093,20128.54893717448,31474.248039957103,senario_A
2025-05-20 06:00:00,52367.58375,1.6070763205488523,18313.67016059028,34052.30651308916,senario_A
2025-05-20 07:00:00,53877.3238671875,169.48690947612124,15621.33708984375,38086.49986786763,senario_A
2025-05-20 08:00:00,54345.53314236111,6120.663858947753,12111.67937174479,36113.18991166857,senario_A
2025-05-20 09:00:00,56328.47583333333,21170.758234049477,8916.5410546875,26241.176544596354,senario_A
2025-05-20 10:00:00,58489.44063368056,29533.046985677087,8338.255647243923,20618.13800075955,senario_A
2025-05-20 11:00:00,60046.44999782986,33612.80588867187,6197.782573784722,20235.861535373268,senario_A
2025-05-20 12:00:00,62066.30348741319,36436.737724609375,4354.838548990885,21274.727213812934,senario_A
2025-05-20 13:00:00,64080.26002387153,37723.31923177083,3058.598273925781,23298.34251817492,senario_A
2025-05-20 14:00:00,66321.83836588541,38399.515725911464,2527.895570746528,25394.427069227422,senario_A
2025-05-20 15:00:00,68264.94662760416,39799.153811848955,2344.5411987304688,26121.25161702474,senario_A
2025-05-20 16:00:00,70027.37847222222,40011.586933593746,2493.73971625434,27522.051822374135,senario_A
2025-05-20 17:00:00,71487.023515625,38384.73213460286,2497.3624981011285,30604.92888292101,senario_A
2025-05-20 18:00:00,72277.39549479166,35707.00476236979,2064.1953096516927,34506.19542277018,senario_A
2025-05-20 19:00:00,70706.97021701389,29316.46225585938,1907.9583095974392,39482.54965155707,senario_A
2025-05-20 20:00:00,66768.53745442709,12098.898892008463,1946.575927734375,52723.06263468425,senario_A
2025-05-20 21:00:00,63157.35837673611,733.2133267341059,3031.18628390842,59392.95876609359,senario_A
2025-05-20 22:00:00,62195.15876953125,0.6904980853199958,6819.706797417534,55374.76147402839,senario_A
2025-05-20 23:00:00,59194.85284288194,0.7365688540786505,10196.713988715275,48997.402285312586,senario_A
2025-05-21 00:00:00,55232.4905859375,0.8625595467289289,13247.606826171876,41984.02120021889,senario_A
2025-05-21 01:00:00,51611.55268663194,1.3299749832848708,16430.8376953125,35179.38501633615,senario_A
2025-05-21 02:00:00,49235.78220486111,1.2544184942543506,17633.230397135416,31601.297389231444,senario_A
2025-05-21 03:00:00,47587.088246527775,1.2613360972950858,17953.39193250868,29632.4349779218,senario_A
2025-05-21 04:00:00,46839.83299262153,1.430344817241033,18438.722706163197,28399.67994164109,senario_A
2025-05-21 05:00:00,46957.94857204861,1.3153360938032468,18373.73074544271,28582.9024905121,senario_A
2025-05-21 06:00:00,47134.15145833333,1.0549989692370096,17938.033118489584,29195.063340874505,senario_A
2025-05-21 07:00:00,48841.430251736114,388.10534488419694,18990.5655859375,29462.759320914414,senario_A
2025-05-21 08:00:00,50433.23040256077,8281.60164042155,18669.287958984376,23482.340803154842,senario_A
2025-05-21 09:00:00,52781.16245659722,20606.422613932293,15192.598784722222,16982.14105794271,senario_A
2025-05-21 10:00:00,55205.54014322917,28143.703079427083,13888.701159396702,13173.135904405384,senario_A
2025-05-21 11:00:00,56445.05362630208,29162.084658203115,13668.574855685763,13614.394112413198,senario_A
2025-05-21 12:00:00,58970.49091362847,31537.223867187495,13209.49765516493,14223.769391276044,senario_A
2025-05-21 13:00:00,61658.797495659725,33713.27223632812,12946.605443793404,14998.9198155382,senario_A
2025-05-21 14:00:00,64587.11086154514,34951.13888671875,11874.47062717014,17761.50134765625,senario_A
2025-05-21 15:00:00,67302.6036610243,37354.287867838546,10342.439157986111,19605.876635199646,senario_A
2025-05-21 16:00:00,69076.2225390625,37686.87702473959,8540.800362413194,22848.54515190971,senario_A
2025-05-21 17:00:00,70801.76887586806,36325.92706380208,7423.735199110243,27052.106612955733,senario_A
2025-05-21 18:00:00,71029.42222222222,32536.635182291666,6850.098758680556,31642.688281249997,senario_A
2025-05-21 19:00:00,70048.8219921875,25006.59912109375,6912.497703993055,38129.725167100696,senario_A
2025-05-21 20:00:00,67515.99720052084,10625.31226155599,7412.403130018446,49478.281808946405,senario_A
2025-05-21 21:00:00,65280.30302517361,710.8361501696209,10264.986491970489,54304.4803830335,senario_A
2025-05-21 22:00:00,63792.961742621526,0.6792092003921667,14511.438103298611,49280.844430122524,senario_A
2025-05-21 23:00:00,60021.89067274306,0.9152482682963212,17102.33388888889,42918.64153558587,senario_A
2025-05-22 00:00:00,56642.76110568576,1.1401775655150415,19958.760833333334,36682.860094786905,senario_A
2025-05-22 01:00:00,53490.09939887153,1.6319517780343693,21524.22807074653,31964.239376346963,senario_A
2025-05-22 02:00:00,51709.00804253472,1.7713516634951034,22809.429992947047,28897.806697924174,senario_A
2025-05-22 03:00:00,50177.41749782986,1.5625319223354261,21873.0083843316,28302.84658157593,senario_A
2025-05-22 04:00:00,49330.11399631076,1.7087146086494132,20823.191438802085,28505.21384290003,senario_A
2025-05-22 05:00:00,48830.12557508681,1.4005286434292796,19152.24991753472,29676.475128908663,senario_A
2025-05-22 06:00:00,49570.092176649305,1.0637948424120744,17464.813151041668,32104.215230765225,senario_A
2025-05-22 07:00:00,51339.49978298611,225.09748112797737,16286.320813802084,34828.08148805605,senario_A
2025-05-22 08:00:00,52715.602063802085,6256.12518931071,13627.581374782983,32831.89549970839,senario_A
2025-05-22 09:00:00,55795.770032552085,21180.020166015627,10574.398696831597,24041.35116970486,senario_A
2025-05-22 10:00:00,60759.36103624132,31672.519440104166,10582.951241319444,18503.890354817704,senario_A
2025-05-22 11:00:00,62616.80726996528,36228.66428873698,10783.851932237414,15604.29104899088,senario_A
2025-05-22 12:00:00,64818.134856770834,36865.88608561198,9110.898354492188,18841.350416666668,senario_A
2025-05-22 13:00:00,68525.25265625,35638.5026953125,7771.67731391059,25115.07264702691,senario_A
2025-05-22 14:00:00,72256.17320746528,35183.21139322917,7401.238111436632,29671.72370279948,senario_A
2025-05-22 15:00:00,74659.22792751736,34560.94055013021,7781.706967230903,32316.580410156253,senario_A
2025-05-22 16:00:00,76323.58539496528,33301.74235758463,9659.07354654948,33362.76949083117,senario_A
2025-05-22 17:00:00,76594.3639735243,29718.218642578126,12091.997350260415,34784.14798068577,senario_A
2025-05-22 18:00:00,75725.06874565972,27060.587164713535,14366.414074435765,34298.06750651042,senario_A
2025-05-22 19:00:00,73253.09882378472,20975.010974934892,16666.051616753473,35612.036232096354,senario_A
2025-05-22 20:00:00,70423.10125434028,8033.988179931641,18107.688854166667,44281.42422024197,senario_A
2025-05-22 21:00:00,68634.82389756944,499.83852762291826,19705.37085828993,48429.61451165659,senario_A
2025-05-22 22:00:00,66403.81773654514,0.4327042413627108,19617.850723198782,46785.534309104994,senario_A
2025-05-22 23:00:00,63016.44401041666,0.37572045470277465,18818.618819444444,44197.44947051752,senario_A
2025-05-23 00:00:00,59486.61037326389,0.9238605474804839,20430.376158854167,39055.31035386224,senario_A
2025-05-23 01:00:00,56251.46621961806,0.45406057001401984,19851.35110514323,36399.66105390481,senario_A
2025-05-23 02:00:00,53750.63378689236,0.43396814405918116,19860.156529947915,33890.043288800385,senario_A
2025-05-23 03:00:00,51637.35047200521,0.416350811868906,19061.51641493056,32575.417706262782,senario_A
2025-05-23 04:00:00,49908.2658203125,0.39795445099473004,18033.942018229165,31873.925847632345,senario_A
2025-05-23 05:00:00,49299.97084418403,0.38287858922655377,16030.708487413194,33268.87947818161,senario_A
2025-05-23 06:00:00,49863.506766493054,0.41776639511187874,16165.646162109377,33697.442837988565,senario_A
2025-05-23 07:00:00,51158.48475477431,213.50688736143212,15004.850906032983,35940.1269613799,senario_A
2025-05-23 08:00:00,52285.1823046875,6928.858337504069,13501.085283203123,31855.238683980308,senario_A
2025-05-23 09:00:00,56219.42949435764,22935.747576497393,11465.288235677084,21818.39368218316,senario_A
2025-05-23 10:00:00,59227.46435763889,29675.284472656254,11180.486982421877,18371.69290256076,senario_A
2025-05-23 11:00:00,62508.48231119791,30281.504353841145,12748.8617453342,19478.11621202257,senario_A
2025-05-23 12:00:00,65808.38306423611,32619.002895507812,13205.623432617189,19983.756736111107,senario_A
2025-05-23 13:00:00,68928.08918836806,34743.91561523437,12408.475715060764,21775.697858072926,senario_A
2025-05-23 14:00:00,72345.44148003473,36437.7003092448,11402.088716362849,24505.65245442708,senario_A
2025-05-23 15:00:00,75641.50097222222,38589.5446484375,11142.380748697917,25909.5755750868,senario_A
2025-05-23 16:00:00,77887.21780164931,36700.27728841146,12823.88468967014,28363.055823567713,senario_A
2025-05-23 17:00:00,79060.89068142361,32369.946484374996,15822.715300564236,30868.22889648438,senario_A
2025-05-23 18:00:00,78676.73724175348,27887.032919921876,19228.053732638888,31561.650589192715,senario_A
2025-05-23 19:00:00,76409.59966796875,19925.746122639976,21934.461680230037,34549.39186509874,senario_A
2025-05-23 20:00:00,73189.23258680555,5893.2268777465815,22969.946937934023,44326.058771124946,senario_A
2025-05-23 21:00:00,70749.92620225695,180.83730277895927,24080.93756890191,46488.151330576075,senario_A
2025-05-23 22:00:00,68839.19461154514,0.6975119918584822,25601.83672526042,43236.66037429286,senario_A
2025-05-23 23:00:00,65786.26632595486,0.7215873026226958,26442.572337239584,39342.97240141264,senario_A
2025-05-24 00:00:00,62638.000525173615,0.7877213237682978,26367.76796875,36269.44483509985,senario_A
2025-05-24 01:00:00,59405.38944878472,0.9758736301461856,26293.148973524305,33111.264601630275,senario_A
2025-05-24 02:00:00,56759.38308919271,0.8803719343741734,26260.94080240885,30497.561914849477,senario_A
2025-05-24 03:00:00,55107.20652994792,0.6383360508829354,25951.527872721355,29155.040321175682,senario_A
2025-05-24 04:00:00,53543.263539496525,0.7760484473903975,25416.13447699653,28126.353014052605,senario_A
2025-05-24 05:00:00,52647.25667751736,0.7999737911919753,25022.641197916662,27623.81550580951,senario_A
2025-05-24 06:00:00,52391.81811197917,0.921724697003762,24647.686009114583,27743.210378167587,senario_A
2025-05-24 07:00:00,52131.47032986111,170.77854903553924,24274.35434244792,27686.337438377654,senario_A
2025-05-24 08:00:00,53339.71590060764,6458.291899312337,23068.39179416233,23813.032207132972,senario_A
2025-05-24 09:00:00,57134.11662109375,16474.698849283854,22422.714503038194,18236.7032687717,senario_A
2025-05-24 10:00:00,61088.37332356771,22917.132357991537,23154.129912651908,15017.111052924265,senario_A
2025-05-24 11:00:00,63911.30972873264,26548.34768717448,22402.074492730037,14960.887548828123,senario_A
2025-05-24 12:00:00,66132.82195963542,29157.277494303387,20750.549094509548,16224.995370822482,senario_A
2025-05-24 13:00:00,68874.43968315973,33749.33955729168,18985.256401909723,16139.843723958325,senario_A
2025-05-24 14:00:00,70782.332421875,36449.6146875,16922.172041015627,17410.54569335938,senario_A
2025-05-24 15:00:00,73347.32905381944,36654.14236979166,15387.266684027778,21305.920000000002,senario_A
2025-05-24 16:00:00,75366.07005859374,36030.15397135417,15591.719135199652,23744.19695203992,senario_A
2025-05-24 17:00:00,76543.58692925348,34215.76566650391,17132.11674262153,25195.704520128038,senario_A
2025-05-24 18:00:00,76483.07661458333,30178.209521484372,19217.55075954861,27087.316333550352,senario_A
2025-05-24 19:00:00,75127.74651909723,22903.754204101562,21721.19572265625,30502.796592339415,senario_A
2025-05-24 20:00:00,72398.12676649305,7770.752169189453,23732.57513454861,40894.79946275499,senario_A
2025-05-24 21:00:00,69842.17200086806,261.8554596018791,24779.947937282985,44800.368603983195,senario_A
2025-05-24 22:00:00,67549.087109375,1.0956959406038125,25308.21734375,42239.7740696844,senario_A
2025-05-24 23:00:00,64463.075640190975,0.48929402008652684,25028.564787326388,39434.0215588445,senario_A
2025-05-25 00:00:00,61290.20709743923,0.36245129600167275,22901.72520182292,38388.11944432031,senario_A
2025-05-25 01:00:00,58611.90082465278,0.257818628574411,20330.704772135417,38280.93823388879,senario_A
2025-05-25 02:00:00,55546.55615342882,0.4047087715566159,18180.94601345486,37365.2054312024,senario_A
2025-05-25 03:00:00,53785.53009765625,0.429795654391249,17238.30736111111,36546.79294089075,senario_A
2025-05-25 04:00:00,52633.41231987847,0.3984662074098984,17397.35697265625,35235.65688101482,senario_A
2025-05-25 05:00:00,51555.244231770834,0.40484925735120975,17311.000255533854,34243.83912697963,senario_A
2025-05-25 06:00:00,51427.5037000868,0.4944995848586161,17815.676868489583,33611.33233201236,senario_A
2025-05-25 07:00:00,51124.14671006944,123.6710818965733,19883.55779296875,31116.91783520412,senario_A
2025-05-25 08:00:00,52304.03440212674,6736.936756998699,21070.555969509547,24496.54167561849,senario_A
2025-05-25 09:00:00,57344.61842664931,19880.288364257813,21988.208654513888,15476.12140787761,senario_A
2025-05-25 10:00:00,60183.94583984375,22574.049388834635,23181.674106445316,14428.222344563801,senario_A
2025-05-25 11:00:00,63264.67926215278,26112.424306640627,22766.119427083333,14386.135528428818,senario_A
2025-05-25 12:00:00,65653.7683420139,28728.166634114576,21490.643739149305,15434.957968750012,senario_A
2025-05-25 13:00:00,68490.58737413194,31931.700810546878,19908.02065972222,16650.86590386284,senario_A
2025-05-25 14:00:00,71109.30770833333,33841.814241536464,18380.282855902777,18887.210610894093,senario_A
2025-05-25 15:00:00,73402.93463975695,34474.397721354166,16475.790209418403,22452.746708984378,senario_A
2025-05-25 16:00:00,75053.20430989584,33528.61412434896,16398.061553548177,25126.5286319987,senario_A
2025-05-25 17:00:00,76070.50378038194,32583.18504882812,17802.529346788193,25684.78938476563,senario_A
2025-05-25 18:00:00,76157.45855685764,28349.485133463542,19628.054409722223,28179.919013671875,senario_A
2025-05-25 19:00:00,74829.47505642362,20960.53544921875,20579.20521484375,33289.73439236112,senario_A
2025-05-25 20:00:00,72137.40105902778,7372.634198201497,20763.31421440972,44001.452646416554,senario_A
2025-05-25 21:00:00,69972.72383680556,442.1661373871565,22311.02852050781,47219.52917891058,senario_A
2025-05-25 22:00:00,68381.41243489583,0.7202828558782737,23987.01766981337,44393.674482226575,senario_A
2025-05-25 23:00:00,65516.08628689236,0.5996109569321076,22631.51125,42883.97542593542,senario_A
2025-05-26 00:00:00,62451.2388812934,0.505265192054212,21488.65949924045,40962.074116860895,senario_A
2025-05-26 01:00:00,59543.95662217882,0.5249743225177129,19753.808372395837,39789.62327546046,senario_A
2025-05-26 02:00:00,56937.12532118055,0.4852238249530394,19709.37139322917,37227.26870412643,senario_A
2025-05-26 03:00:00,54110.66119357639,0.49748555529241756,17919.67014485677,36190.493563164324,senario_A
2025-05-26 04:00:00,52025.47238498264,0.4882097173730532,14394.71456922743,37630.26960603784,senario_A
2025-05-26 05:00:00,51607.21356553819,0.5003494785726069,13210.538678385416,38396.174537674204,senario_A
2025-05-26 06:00:00,51218.1131141493,0.4737099784612655,13285.023430989584,37932.61597318126,senario_A
2025-05-26 07:00:00,50871.53664171007,84.10368688235681,13086.858453776042,37700.57450105167,senario_A
2025-05-26 08:00:00,50683.37784288194,3557.717148742676,12037.65648546007,35088.004208679195,senario_A
2025-05-26 09:00:00,53201.26061631944,10869.825328776042,10779.43888671875,31551.996400824646,senario_A
2025-05-26 10:00:00,56017.72010850695,15242.386123046874,10140.821085069443,30634.512900390626,senario_A
2025-05-26 11:00:00,57860.80685438368,18457.344755859376,9155.88587782118,30247.576220703122,senario_A
2025-05-26 12:00:00,59211.18509331597,19898.157972005207,8858.637061631944,30454.39005967882,senario_A
2025-05-26 13:00:00,59777.38475043403,24296.08072753906,8620.47958984375,26860.824433051217,senario_A
2025-05-26 14:00:00,58806.61380859375,25366.114332682293,8066.83405219184,25373.665423719616,senario_A
2025-05-26 15:00:00,59776.32737196181,24435.005880533856,7411.628128255208,27929.693363172744,senario_A
2025-05-26 16:00:00,60259.825360243056,25555.086132812496,7813.196470811632,26891.54275661893,senario_A
2025-05-26 17:00:00,61085.475414496526,24036.366582031253,9702.525066189237,27346.58376627604,senario_A
2025-05-26 18:00:00,61981.2842860243,20562.839913736978,11665.951531032986,29752.492841254338,senario_A
2025-05-26 19:00:00,61739.08913411458,14087.375893554687,12583.031356336804,35068.68188422309,senario_A
2025-05-26 20:00:00,60111.95486328125,5961.012738647461,12846.458485243056,41304.48363939073,senario_A
2025-05-26 21:00:00,59185.741181640624,480.84189659524714,11299.19008029514,47405.70920475024,senario_A
2025-05-26 22:00:00,56711.91134765625,0.2183736900240183,9902.785207248264,46808.90776671796,senario_A
2025-05-26 23:00:00,54530.51652235243,0.21907159568121032,10872.233874240452,43658.063576516295,senario_A
2025-05-27 00:00:00,51999.08457139757,0.2449956798553467,11958.180215657552,40040.65936006017,senario_A
2025-05-27 01:00:00,49372.72848524305,0.24305101485302041,11758.984463975694,37613.500970252506,senario_A
2025-05-27 02:00:00,47265.18912217882,0.24090911323825515,10991.676513671877,36273.27169939371,senario_A
2025-05-27 03:00:00,45358.93827690972,0.2554577414691447,9395.75019097222,35962.93262819603,senario_A
2025-05-27 04:00:00,44285.0555967882,0.4047185481588045,8437.157464192709,35847.493414047334,senario_A
2025-05-27 05:00:00,44026.92483832465,0.42023446679115284,7131.242205946181,36895.262397911676,senario_A
2025-05-27 06:00:00,45116.044422743056,0.44474842011928556,6412.5764333767365,38703.0232409462,senario_A
2025-05-27 07:00:00,46640.64995659722,90.65071958114703,6249.990986735026,40300.00825028104,senario_A
2025-05-27 08:00:00,47937.23692708334,3802.1872052001954,5877.182353786892,38257.86736809625,senario_A
2025-05-27 09:00:00,50602.990574001735,15265.98035481771,4751.447064887153,30585.563154296873,senario_A
2025-05-27 10:00:00,53200.73340060764,23776.166923828125,4375.496586371528,25049.06989040799,senario_A
2025-05-27 11:00:00,56247.38704427084,29740.659189453116,4813.1070345052085,21693.62082031252,senario_A
2025-05-27 12:00:00,58682.02092556423,32859.72515299479,4599.656791449653,21222.63898111979,senario_A
2025-05-27 13:00:00,61505.97892903646,35224.188561197916,4430.291049804688,21851.499318033853,senario_A
2025-05-27 14:00:00,63986.13091471354,36099.33064534505,4203.243147922092,23683.5571214464,senario_A
2025-05-27 15:00:00,66989.85378689236,34509.05325520833,3835.009507378472,28645.791024305556,senario_A
2025-05-27 16:00:00,69397.17245225694,33050.21863606771,3463.317599555121,32883.63621663411,senario_A
2025-05-27 17:00:00,70682.06809027778,31745.6325,4140.021560872396,34796.41402940539,senario_A
2025-05-27 18:00:00,70429.93677083333,26369.799986165366,5599.413587375217,38460.72319729275,senario_A
2025-05-27 19:00:00,68747.09698784722,19572.36631551107,7119.209586995443,42055.52108534071,senario_A
2025-05-27 20:00:00,65624.11628038195,6134.5654657999685,8322.854906141492,51166.69590844048,senario_A
2025-05-27 21:00:00,62723.49003472222,293.12375780031084,8282.920725368924,54147.445551552984,senario_A
2025-05-27 22:00:00,60423.26007052951,0.4286696744958559,8686.197409939236,51736.63399091578,senario_A
2025-05-27 23:00:00,59155.75655381945,0.4272178102657198,10870.328079427083,48285.001256582094,senario_A
2025-05-28 00:00:00,56403.02954644097,0.4399171786010265,11865.750501302084,44536.83912796029,senario_A
2025-05-28 01:00:00,52796.63849826389,0.4530408965547879,11772.257160373263,41023.92829699407,senario_A
2025-05-28 02:00:00,51008.04815104167,0.49808701654275256,10564.926107855905,40442.62395616922,senario_A
2025-05-28 03:00:00,49338.55312174479,0.6129163160795967,9116.11995686849,40221.82024856022,senario_A
2025-05-28 04:00:00,48254.24670789931,0.6125072735548018,7685.601784939236,40568.03241568652,senario_A
2025-05-28 05:00:00,47420.29156467014,0.61571552246809,6522.113231336805,40897.562617810865,senario_A
2025-05-28 06:00:00,47891.57573784722,0.6861071294546127,5291.090174696181,42599.79945602158,senario_A
2025-05-28 07:00:00,49299.73833984375,84.23013004625838,5699.6633127170135,43515.84489708048,senario_A
2025-05-28 08:00:00,50707.773489583335,2571.2888864135743,7668.573696153428,40467.91090701633,senario_A
2025-05-28 09:00:00,51916.4565375434,9213.144734700521,7619.280643988715,35084.031158854166,senario_A
2025-05-28 10:00:00,53305.3644032118,15274.917303873695,6855.699285481771,31174.74781385634,senario_A
2025-05-28 11:00:00,54067.39239149306,19906.72690755208,6486.287398546007,27674.37808539497,senario_A
2025-05-28 12:00:00,56066.60947374132,23654.76271484375,6706.463000217014,25705.38375868056,senario_A
2025-05-28 13:00:00,57028.48372612847,27210.28606119792,6299.611072591146,23518.586592339405,senario_A
2025-05-28 14:00:00,57757.97491319444,28110.32271158854,5420.1013601345485,24227.550841471355,senario_A
2025-05-28 15:00:00,59630.714016927086,30319.143964843748,5537.9963785807295,23773.573673502608,senario_A
2025-05-28 16:00:00,61908.86326605903,30997.986064453125,6085.200067274305,24825.6771343316,senario_A
2025-05-28 17:00:00,63920.97438802083,31619.126022135417,6868.168306206598,25433.68005967882,senario_A
2025-05-28 18:00:00,64608.53736328125,26616.540945638022,7743.8703016493055,30248.12611599392,senario_A
2025-05-28 19:00:00,63907.9285546875,22738.837838541665,9109.720494791669,32059.37022135417,senario_A
2025-05-28 20:00:00,61735.16104817709,9798.369556070964,11144.621740451388,40792.16975165474,senario_A
2025-05-28 21:00:00,59594.63544487847,776.4666285794725,12197.232547743057,46620.93626855594,senario_A
2025-05-28 22:00:00,58364.354817708336,0.46458253999551136,13798.640141059028,44565.25009410932,senario_A
2025-05-28 23:00:00,55495.44018229167,0.5867057398085793,14300.588734809027,41194.26474174284,senario_A
2025-05-29 00:00:00,52312.52464301216,0.5731393637011447,14611.689767795138,37700.26173585332,senario_A
2025-05-29 01:00:00,50164.47790690104,0.46973856414357823,14874.750679253471,35289.25748908343,senario_A
2025-05-29 02:00:00,48776.92503255208,0.5596231552461783,14537.85474500868,34238.510664388145,senario_A
2025-05-29 03:00:00,47460.10539496528,0.5984693894038597,14903.799357638887,32555.707567936985,senario_A
2025-05-29 04:00:00,45678.386812065975,0.8156849695990482,12299.936069878471,33377.6350572179,senario_A
2025-05-29 05:00:00,45305.490167100696,1.0085520135362944,10340.0075132921,34964.47410179506,senario_A
2025-05-29 06:00:00,46106.0070562066,0.973708731085062,8653.493429904514,37451.539917571004,senario_A
2025-05-29 07:00:00,47834.93366753472,165.173548976779,6867.837120225695,40801.922998332244,senario_A
2025-05-29 08:00:00,49330.58998480903,5130.924877217611,5588.925573459202,38610.73953413221,senario_A
2025-05-29 09:00:00,52045.06464952257,16236.649315185547,4166.486250067816,31641.929084269203,senario_A
2025-05-29 10:00:00,54337.04513346354,23770.082589518228,4557.538245985243,26009.424297960075,senario_A
2025-05-29 11:00:00,56874.79293185764,28119.607242838545,5002.779114040799,23752.406574978297,senario_A
2025-05-29 12:00:00,60728.96991102431,30480.124095052084,4917.961575520833,25330.884240451393,senario_A
2025-05-29 13:00:00,62716.240598958335,32850.94021484375,5257.444366319444,24607.85601779514,senario_A
2025-05-29 14:00:00,65511.556068793405,34071.66850911458,6023.0698459201385,25416.81771375869,senario_A
2025-05-29 15:00:00,68373.91701822917,34942.073798828125,7068.731685112847,26363.111534288197,senario_A
2025-05-29 16:00:00,70605.23723307291,33078.647819010424,9074.347797851562,28452.241616210926,senario_A
2025-05-29 17:00:00,72730.59664930556,29725.855514322917,11237.11054470486,31767.630590277782,senario_A
2025-05-29 18:00:00,72680.20533420138,24408.909596354166,14472.825716145831,33798.47002170139,senario_A
2025-05-29 19:00:00,70990.12295138888,15853.733523763018,16277.090185546876,38859.29924207899,senario_A
2025-05-29 20:00:00,68251.14539496528,4453.670919799804,15689.98468858507,48107.4897865804,senario_A
2025-05-29 21:00:00,65741.78559678819,135.4256796260178,15541.683760850694,50064.676156311485,senario_A
2025-05-29 22:00:00,63514.29695529514,0.30039313110212473,15545.152235243057,47968.84432692098,senario_A
2025-05-29 23:00:00,60300.86395182292,0.46234182524184386,13881.315297309027,46419.08631268865,senario_A
2025-05-30 00:00:00,56837.18328559028,0.49431948227186984,13663.205671657986,43173.48329445002,senario_A
2025-05-30 01:00:00,53117.55017144097,0.7437376310427983,11322.176653645833,41794.6297801641,senario_A
2025-05-30 02:00:00,50861.50624565972,0.8426498764753341,8658.065887586805,42202.597708196445,senario_A
2025-05-30 03:00:00,49747.26627170139,0.8025173394381999,7513.828362630208,42232.63539173174,senario_A
2025-05-30 04:00:00,49298.014123263885,0.7893452212214469,7550.486991644965,41746.737786397694,senario_A
2025-05-30 05:00:00,48584.420685763886,0.9009338748951753,7556.086577690972,41027.43317419802,senario_A
2025-05-30 06:00:00,48439.419036458334,1.0086358408629894,7179.29751030816,41259.112890309305,senario_A
2025-05-30 07:00:00,48647.75475477431,73.40958191672962,6707.489835611979,41866.8553372456,senario_A
2025-05-30 08:00:00,49914.07902560764,2064.9787651062015,6362.493678385416,41486.60658211603,senario_A
2025-05-30 09:00:00,51481.159014756944,6535.933151652018,5379.449787190755,39565.77607591417,senario_A
2025-05-30 10:00:00,54455.70754340278,12423.680924479166,5319.472523328993,36712.55409559462,senario_A
2025-05-30 11:00:00,55981.58578125,17313.2122265625,3923.6993277994793,34744.674226888026,senario_A
2025-05-30 12:00:00,56256.45729817708,21107.157189127603,2967.9493277994798,32181.35078125,senario_A
2025-05-30 13:00:00,57404.140581597225,26323.416074218752,2824.6085655381944,28256.11594184028,senario_A
2025-05-30 14:00:00,59122.13781467014,30141.213505859378,2864.8626123046874,26116.061696506073,senario_A
2025-05-30 15:00:00,61845.61327256945,30427.330328776035,2345.244926350912,29073.0380174425,senario_A
2025-05-30 16:00:00,63481.57233940972,30936.80426432292,1685.868424750434,30858.899650336367,senario_A
2025-05-30 17:00:00,65057.92048177083,30426.039853515627,1261.002736138238,33370.877892116965,senario_A
2025-05-30 18:00:00,65487.844739583335,25721.836246744788,952.1571983506944,38813.85129448785,senario_A
2025-05-30 19:00:00,64043.91375217014,19541.06271809896,822.959462890625,43679.89157118055,senario_A
2025-05-30 20:00:00,61252.67878472222,8751.597283325194,1017.9742006429036,51483.10730075413,senario_A
2025-05-30 21:00:00,58397.87942708333,652.3630849363655,1432.1034436035156,56313.41289854344,senario_A
2025-05-30 22:00:00,55936.75274739583,0.4721434916307529,2151.449925401476,53784.83067850273,senario_A
2025-05-30 23:00:00,54685.655598958336,0.7864352973302204,2547.1711835394967,52137.697980121506,senario_A
2025-05-31 00:00:00,52450.17430989583,0.690691780274113,2543.2337472873264,49906.24987082823,senario_A
2025-05-31 01:00:00,50035.3342686632,0.6787405016024907,2795.3958355034724,47239.25969265813,senario_A
2025-05-31 02:00:00,47883.05934787326,0.8582161542524894,2862.547125108507,45019.65400661051,senario_A
2025-05-31 03:00:00,46551.53247612847,0.959376317212979,2752.4142038302957,43798.15889598096,senario_A
2025-05-31 04:00:00,45402.18084635417,1.0226941979924837,2621.817050238715,42779.34110191746,senario_A
2025-05-31 05:00:00,44931.3896484375,1.1360161661108334,2711.6334556749134,42218.62017659647,senario_A
2025-05-31 06:00:00,44738.35646918403,1.1355309818685055,2645.6391528320314,42091.58178537013,senario_A
2025-05-31 07:00:00,44975.477855902776,441.2286285916964,3063.539849717882,41470.70937759319,senario_A
2025-05-31 08:00:00,46719.51964192709,7751.7207000732415,3733.084245605469,35234.71469624838,senario_A
2025-05-31 09:00:00,50922.78098307292,23330.739503580735,2793.254059516059,24798.78741997612,senario_A
2025-05-31 10:00:00,54497.4943359375,32455.257200520835,2242.321184082032,19799.915951334635,senario_A
2025-05-31 11:00:00,56920.68100694445,36721.968235677086,2663.1397211371527,17535.57305013021,senario_A
2025-05-31 12:00:00,58817.52948784722,38188.23834635416,2318.271339653863,18311.019801839193,senario_A
2025-05-31 13:00:00,61222.18527560764,38595.076041666674,1743.1255818684897,20883.983652072475,senario_A
2025-05-31 14:00:00,63707.79306857639,38306.06982747396,1559.8538069661458,23841.869434136286,senario_A
2025-05-31 15:00:00,65816.87389756944,38025.93866536458,1606.4269755045573,26184.50825670031,senario_A
2025-05-31 16:00:00,67785.74474826388,37544.96207682292,1536.4132147894966,28704.369456651464,senario_A
2025-05-31 17:00:00,68711.27871961806,36824.75554036458,1613.841417643229,30272.681761610245,senario_A
2025-05-31 18:00:00,69042.215859375,32593.26266276041,1631.2880418565535,34817.66515475804,senario_A
2025-05-31 19:00:00,67721.61254774306,23831.1070296224,2208.96777750651,41681.53774061415,senario_A
2025-05-31 20:00:00,64037.308190104166,9334.310444539387,3443.551689453125,51259.44605611165,senario_A
2025-05-31 21:00:00,61601.642265625,708.1627853996058,5279.810985785591,55613.66849443981,senario_A
2025-05-31 22:00:00,60751.37083333333,0.38264871813356865,8454.92462890625,52296.06355570894,senario_A
2025-05-31 23:00:00,58123.98238715278,0.37871947340667234,10524.205553385416,47599.39811429396,senario_A
2025-06-01 00:00:00,55821.740950520834,0.5534520967801412,11800.777620442708,44020.40987798135,senario_A
2025-06-01 01:00:00,52972.169253472224,0.5312509573002657,12051.27467013889,40920.36333237604,senario_A
2025-06-01 02:00:00,50234.08565538195,0.668135501469175,11195.706730685764,39037.710789194716,senario_A
2025-06-01 03:00:00,47856.47697482639,0.8831603106856346,11059.091596137152,36796.502218378555,senario_A
2025-06-01 04:00:00,46542.2815234375,0.9929762214918931,10984.41841905382,35556.87012816219,senario_A
2025-06-01 05:00:00,45814.68352864583,0.8957916220774252,12017.856551649304,33795.93118537445,senario_A
2025-06-01 06:00:00,45203.359292534726,0.9298382198810577,11590.339379340276,33612.09007497456,senario_A
2025-06-01 07:00:00,44728.608385416665,381.7861263495187,9988.338753255208,34358.483505811935,senario_A
2025-06-01 08:00:00,46593.70896701389,8779.96156616211,8872.892974717883,28940.85442613389,senario_A
2025-06-01 09:00:00,51106.23665581597,24462.444666341144,5837.00908203125,20806.782907443576,senario_A
2025-06-01 10:00:00,54599.71077690972,31467.719697265624,4282.3278814019095,18849.663198242186,senario_A
2025-06-01 11:00:00,56658.60504340278,35104.31230794271,3605.4729793294273,17948.81975613064,senario_A
2025-06-01 12:00:00,59783.64799045139,36898.936471354165,3295.1517252604167,19589.55979383681,senario_A
2025-06-01 13:00:00,63061.98345920139,37177.33882486979,3339.379877929688,22545.26475640191,senario_A
2025-06-01 14:00:00,66084.59499131945,38412.57569010416,3916.133817274305,23755.885483940983,senario_A
2025-06-01 15:00:00,68695.89250434027,38259.8933170573,4327.6600553385415,26108.339131944427,senario_A
2025-06-01 16:00:00,70859.02701388889,37252.064352213536,4967.354630533854,28639.6080311415,senario_A
2025-06-01 17:00:00,72633.25029947917,35656.42909505208,5714.5826627604165,31262.238541666673,senario_A
2025-06-01 18:00:00,72541.49325086805,32195.617223307294,7425.997564019097,32919.87846354166,senario_A
2025-06-01 19:00:00,71902.74411024306,23587.699933268224,9052.4605859375,39262.583591037335,senario_A
2025-06-01 20:00:00,69782.40904079861,10454.956616617837,10619.94566623264,48707.506757948126,senario_A
2025-06-01 21:00:00,67098.63223958333,786.7987479735849,12065.287642144098,54246.54584946564,senario_A
2025-06-01 22:00:00,65702.99773871528,0.5793119910856088,15723.43008138021,49978.98834534398,senario_A
2025-06-01 23:00:00,62452.19375434028,0.5909143644571304,18854.19246961805,43597.41037035777,senario_A
2025-06-02 00:00:00,58305.30833550347,0.8162394731491804,18524.773967013887,39779.71812901643,senario_A
2025-06-02 01:00:00,54723.57584201389,0.7343006196121374,17666.419516059028,37056.422025335254,senario_A
2025-06-02 02:00:00,52114.49684895833,0.4600844765951235,16669.95777886285,35444.07898561889,senario_A
2025-06-02 03:00:00,50118.41452690972,0.5620041207969187,15933.297250434029,34184.5552723549,senario_A
2025-06-02 04:00:00,48931.89405381944,0.8437249758839607,15849.27963107639,33081.77069776716,senario_A
2025-06-02 05:00:00,49002.34659939236,0.8572632533311844,14995.5045578342,34005.98477830483,senario_A
2025-06-02 06:00:00,49733.98290364583,0.8990502315262954,14565.995133463544,35167.088719950756,senario_A
2025-06-02 07:00:00,50981.82499782986,285.1534816942116,13847.882584635418,36848.78893150023,senario_A
2025-06-02 08:00:00,52769.13984157986,8090.214900512696,12357.639849175348,32321.285091891812,senario_A
2025-06-02 09:00:00,56312.063641493056,22662.946837565105,9916.67220811632,23732.44459581163,senario_A
2025-06-02 10:00:00,60869.627725694445,30040.122275390626,11473.59673719618,19355.908713107638,senario_A
2025-06-02 11:00:00,64668.32995659722,33969.042565104166,13380.444118923611,17318.843272569444,senario_A
2025-06-02 12:00:00,68356.47727213542,34818.262692057295,15508.57837890625,18029.63620117188,senario_A
2025-06-02 13:00:00,71981.85657118056,34911.05100585938,18042.474014756943,19028.331550564235,senario_A
2025-06-02 14:00:00,74354.29131076389,34750.8653157552,19248.253880208333,20355.172114800353,senario_A
2025-06-02 15:00:00,75800.70982638889,32321.52826171875,20515.254680989583,22963.92688368056,senario_A
2025-06-02 16:00:00,76610.42756076388,30749.27924153646,21660.657065972224,24200.4912532552,senario_A
2025-06-02 17:00:00,76831.66671440972,27741.794791666667,22246.90162760417,26842.97029513888,senario_A
2025-06-02 18:00:00,76345.18447916667,25110.823157552084,21509.59836154514,29724.76296006944,senario_A
2025-06-02 19:00:00,75147.16313368056,17611.069998372397,21371.114305555555,36164.97882975261,senario_A
2025-06-02 20:00:00,72901.97354166667,7131.501643676757,22226.40685546875,43544.06504252115,senario_A
2025-06-02 21:00:00,70903.14908420139,569.1574543571471,20573.694934895837,49760.2966949484,senario_A
2025-06-02 22:00:00,68821.84681857639,0.5126910389711459,20568.30610894097,48253.02801859645,senario_A
2025-06-02 23:00:00,65247.02519097222,0.8515756213168303,21729.32336588541,43516.8502494655,senario_A
2025-06-03 00:00:00,61221.176610243056,0.629753037020564,21780.19448784722,39440.352369358814,senario_A
2025-06-03 01:00:00,57842.96095920139,0.6468872953951359,22107.419754774302,35734.89431713169,senario_A
2025-06-03 02:00:00,54981.83112847222,0.6220213974018891,21586.149856770837,33395.05925030398,senario_A
2025-06-03 03:00:00,52993.42736979167,0.6874983074019353,20856.997680121527,32135.742191362744,senario_A
2025-06-03 04:00:00,51868.495121527776,0.8972284017254909,18328.469190538195,33539.128702587856,senario_A
2025-06-03 05:00:00,51848.73431857639,0.8230598002672196,17223.948576388888,34623.96268238723,senario_A
2025-06-03 06:00:00,52298.834396701386,1.2216297946373622,17205.8226953125,35091.79007159425,senario_A
2025-06-03 07:00:00,53316.08550455729,350.3619053653131,17748.09907389323,35217.62452529874,senario_A
2025-06-03 08:00:00,55090.67641276042,8054.1709497070315,17647.32773654514,29389.177726508246,senario_A
2025-06-03 09:00:00,58702.93112847222,20497.467913411456,17787.84230251736,20417.620912543403,senario_A
2025-06-03 10:00:00,62181.603070746525,24126.627145182294,19682.39486762153,18372.581057942698,senario_A
2025-06-03 11:00:00,63634.68956380209,24750.034545898438,19806.352057291668,19078.30296061198,senario_A
2025-06-03 12:00:00,65421.10306640625,27291.477369791668,18273.15960069445,19856.466095920132,senario_A
2025-06-03 13:00:00,68306.46169270833,32091.0664453125,16863.396144748265,19351.99910264756,senario_A
2025-06-03 14:00:00,70863.10750868055,32302.257493489586,17113.48425998264,21447.365755208328,senario_A
2025-06-03 15:00:00,72729.99230902777,33274.57506835938,17083.343904079862,22372.07333658853,senario_A
2025-06-03 16:00:00,73924.89048611111,33930.86005533853,17220.717337239585,22773.31309353299,senario_A
2025-06-03 17:00:00,75097.85007161458,33368.49358805338,17583.952298177082,24145.404185384115,senario_A
2025-06-03 18:00:00,75130.96859809027,30913.226318359382,18153.145169270832,26064.597110460058,senario_A
2025-06-03 19:00:00,73467.82853298611,22646.238675130207,17445.100075954862,33376.48978190104,senario_A
2025-06-03 20:00:00,70992.00668402777,10237.059631347656,16859.207557508682,43895.73949517144,senario_A
2025-06-03 21:00:00,68428.590703125,1043.7737985582837,16954.318914930554,50430.49798963616,senario_A
2025-06-03 22:00:00,67513.8987717014,0.29959512014562883,21759.792296006945,45753.80688057431,senario_A
2025-06-03 23:00:00,64108.74486545139,0.29876944367773833,23514.063042534723,40594.38305347299,senario_A
2025-06-04 00:00:00,60439.53077799479,0.14758596634492277,23540.78097764757,36898.60221438087,senario_A
2025-06-04 01:00:00,57280.28884114583,0.1814965401589869,22498.34407335069,34781.76327125498,senario_A
2025-06-04 02:00:00,54519.5087217882,0.578898810967803,20060.52331814236,34458.40650483487,senario_A
2025-06-04 03:00:00,53192.09428602431,0.5406161716580391,17816.836152886284,35374.71751696637,senario_A
2025-06-04 04:00:00,51662.19214626736,0.4086799460028609,17368.73506456163,34293.04840175973,senario_A
2025-06-04 05:00:00,51203.47900173611,0.40660606543223055,15074.464547526042,36128.60784814464,senario_A
2025-06-04 06:00:00,51712.1938671875,0.4299665737400452,12892.063790690105,38819.70010992366,senario_A
2025-06-04 07:00:00,52692.70603624132,139.5613187663257,11534.227905815971,41018.91681165902,senario_A
2025-06-04 08:00:00,53685.69621419271,3155.585147603353,9714.484510362414,40815.62655622694,senario_A
2025-06-04 09:00:00,55263.1788563368,9252.585079345703,9029.420629611544,36981.17314737955,senario_A
2025-06-04 10:00:00,56657.071501736114,13248.25044433594,9784.85048502604,33623.970572374135,senario_A
2025-06-04 11:00:00,59035.14124131944,18097.549680989585,7821.700115695529,33115.891444634326,senario_A
2025-06-04 12:00:00,61500.05922309028,22722.00001627604,5935.557196180555,32842.50201063368,senario_A
2025-06-04 13:00:00,63535.40098524305,28201.781296386718,4115.366946953667,31218.252741902666,senario_A
2025-06-04 14:00:00,65899.00108072917,31919.996637369793,3496.723361002604,30482.281082356767,senario_A
2025-06-04 15:00:00,67703.51087456597,31598.616144205735,3725.9115584309898,32378.98317192924,senario_A
2025-06-04 16:00:00,68445.29802951388,31505.208447265624,4164.741879882812,32775.34770236544,senario_A
2025-06-04 17:00:00,69059.87453342014,32773.57684407552,4503.2466448296445,31783.051044514974,senario_A
2025-06-04 18:00:00,69719.07514322917,31721.496370442706,5410.260596788195,32587.318175998273,senario_A
2025-06-04 19:00:00,69264.473203125,25945.642822265625,7025.524855685764,36293.305525173615,senario_A
2025-06-04 20:00:00,67427.59924045138,10964.254202677408,9591.55480767144,46871.79023010253,senario_A
2025-06-04 21:00:00,65367.92935438368,928.217899662753,11195.953339029948,53243.75811569098,senario_A
2025-06-04 22:00:00,63910.252365451386,0.29918467787404845,12098.49841905382,51811.454761719695,senario_A
2025-06-04 23:00:00,61143.54466037326,0.27381363278254855,13518.601196831598,47624.66964990889,senario_A
2025-06-05 00:00:00,57426.64918402778,0.29427038686970863,13599.511282552085,43826.84363108883,senario_A
2025-06-05 01:00:00,54335.66561523438,0.2919391148972015,13171.996982693145,41163.37669342634,senario_A
2025-06-05 02:00:00,52212.60953993056,0.28593102387463054,12594.042289767796,39618.281319138885,senario_A
2025-06-05 03:00:00,50920.93003472222,0.31373077998558674,12470.487666015624,38450.12863792662,senario_A
2025-06-05 04:00:00,50040.02115668403,0.37880328278367703,12126.844609375,37912.79774402624,senario_A
2025-06-05 05:00:00,49573.70291666667,0.45749399771293003,11009.01226671007,38564.23315595889,senario_A
2025-06-05 06:00:00,50709.16981662327,0.4878759663676222,10617.762802463109,40090.919138193785,senario_A
2025-06-05 07:00:00,51987.734403211805,193.64135000673434,9970.828296169704,41823.264757035366,senario_A
2025-06-05 08:00:00,53610.39308051216,5010.0493980916335,9825.016081000434,38775.3276014201,senario_A
2025-06-05 09:00:00,56519.38326171875,15089.736529947917,10251.090062934029,31178.5566688368,senario_A
2025-06-05 10:00:00,59455.83236111111,21123.203862304683,10857.881185980905,27474.747312825522,senario_A
2025-06-05 11:00:00,62010.31332465278,25080.55641601563,9932.755703125,26997.00120551215,senario_A
2025-06-05 12:00:00,64571.83725911458,27481.047821451823,9870.225799424914,27220.563638237843,senario_A
2025-06-05 13:00:00,67184.91188368056,28938.51461588542,11121.515,27124.88226779514,senario_A
2025-06-05 14:00:00,70245.74457465278,32145.137578125003,13329.217805989583,24771.389190538197,senario_A
2025-06-05 15:00:00,72872.7565451389,32509.009270833336,15893.048376736111,24470.698897569444,senario_A
2025-06-05 16:00:00,74848.3830078125,29503.299680175776,17302.432610134547,28042.65071750218,senario_A
2025-06-05 17:00:00,76243.79191840277,28456.034599609375,17601.66960720486,30186.087711588534,senario_A
2025-06-05 18:00:00,75827.96202473958,24921.75771728516,17966.521946072047,32939.68236138237,senario_A
2025-06-05 19:00:00,75193.01561197916,19037.9065234375,17796.84408637153,38358.265002170134,senario_A
2025-06-05 20:00:00,72134.20726128473,6182.395589192709,16985.912751736112,48965.89892035591,senario_A
2025-06-05 21:00:00,69373.29884982639,443.9163016565641,17542.820245225696,51386.562302944134,senario_A
2025-06-05 22:00:00,67587.38351996528,0.8842185639465848,17955.98261013455,49630.51669126678,senario_A
2025-06-05 23:00:00,65081.73764105903,0.7024635273093978,16949.400865885418,48131.634311646296,senario_A
2025-06-06 00:00:00,62039.394895833335,0.895349690541625,17470.199459635416,44568.30008650737,senario_A
2025-06-06 01:00:00,59744.7660405816,0.4848615302952627,18940.05307508681,40804.22810396449,senario_A
2025-06-06 02:00:00,57204.81143229167,0.5223941279451052,20368.51654296875,36835.77249519498,senario_A
2025-06-06 03:00:00,55294.54894965278,0.7209931072841088,19796.634913194444,35497.19304335105,senario_A
2025-06-06 04:00:00,53566.01066731771,0.9068649607151748,17343.361025390626,36221.74277696636,senario_A
2025-06-06 05:00:00,53258.43038194445,0.978856911410888,14710.900823567708,38546.55070146533,senario_A
2025-06-06 06:00:00,53833.81175998264,0.9875989560534556,13334.581531032984,40498.2426299936,senario_A
2025-06-06 07:00:00,53917.22347873264,295.70403077264626,11762.035028483073,41859.48441947692,senario_A
2025-06-06 08:00:00,55487.02236328125,7464.726167399089,10318.02079969618,37704.275396185985,senario_A
2025-06-06 09:00:00,60439.07008029514,19976.249687500003,10042.248817274303,30420.571575520837,senario_A
2025-06-06 10:00:00,64724.16797960069,27030.02868977865,12339.388014322916,25354.75127549912,senario_A
2025-06-06 11:00:00,67504.0969921875,32613.007897135416,11159.398853081597,23731.69024197048,senario_A
2025-06-06 12:00:00,68946.88591145833,36006.67673746745,8903.257511121961,24036.951662868916,senario_A
2025-06-06 13:00:00,71905.28844184028,38064.059519856775,7304.381038411459,26536.84788357205,senario_A
2025-06-06 14:00:00,74093.07859375,38566.32479817708,7128.028133138021,28398.725662434907,senario_A
2025-06-06 15:00:00,76053.07046223959,38283.748562825516,8393.248335774739,29376.07356363933,senario_A
2025-06-06 16:00:00,76055.85797092014,38007.808181152344,9989.41843451606,28058.63135525174,senario_A
2025-06-06 17:00:00,76293.49151041667,37372.51481770833,12018.371180555556,26902.605512152782,senario_A
2025-06-06 18:00:00,76233.119609375,33947.25691731771,14472.383172743055,27813.479519314238,senario_A
2025-06-06 19:00:00,75958.16281032986,24073.24988769531,18065.87408365885,33819.0388389757,senario_A
2025-06-06 20:00:00,74466.85016059027,8694.144072469076,20358.91504937066,45413.79103875054,senario_A
2025-06-06 21:00:00,72211.37458333334,698.9666499519349,20356.59453884549,51155.813394535915,senario_A
2025-06-06 22:00:00,70078.04857638889,4.874913942404091,19169.863151041667,50903.310511404816,senario_A
2025-06-06 23:00:00,66929.26069444444,0.4754204015868405,18964.891251627603,47963.89402241525,senario_A
2025-06-07 00:00:00,63998.99067925348,0.49876479302843413,20984.24375868056,43014.24815577989,senario_A
2025-06-07 01:00:00,60961.001877170136,0.7206286426633596,21833.32342230903,39126.95782621844,senario_A
2025-06-07 02:00:00,57666.10827690972,0.5866754013051589,20845.247122395835,36820.27447911258,senario_A
2025-06-07 03:00:00,55687.088936631946,0.5677912834286689,20847.48855251736,34839.03259283116,senario_A
2025-06-07 04:00:00,54219.29453993055,0.5857578104796508,20792.005993923613,33426.70278819646,senario_A
2025-06-07 05:00:00,53055.05048828125,0.7194191228846709,18537.740007595487,34516.59106156288,senario_A
2025-06-07 06:00:00,52631.79055013021,0.9655366915216049,15452.985525716143,37177.83948772254,senario_A
2025-06-07 07:00:00,52570.95597873264,173.36802691583833,13884.134461805555,38513.45349001125,senario_A
2025-06-07 08:00:00,53748.60150173611,8404.027026875814,13403.671870659722,31940.90260420058,senario_A
2025-06-07 09:00:00,58372.34865017361,23630.10341878255,13626.278888617622,21115.96634277344,senario_A
2025-06-07 10:00:00,62706.16218098958,29150.25938802083,14165.62025499132,19390.28253797743,senario_A
2025-06-07 11:00:00,65056.65255425347,32727.131664225253,12434.358780653212,19895.162109375007,senario_A
2025-06-07 12:00:00,67650.44345269098,36694.15429117838,10465.660384928386,20490.628776584206,senario_A
2025-06-07 13:00:00,70701.12983506944,37719.315289713544,9078.563768988715,23903.250776367182,senario_A
2025-06-07 14:00:00,72557.6246875,37328.40341715495,8530.328351779513,26698.892918565543,senario_A
2025-06-07 15:00:00,74179.24378472222,37399.125091145834,7987.329822591146,28792.788870985238,senario_A
2025-06-07 16:00:00,75268.44540798612,36926.980319010414,7370.3793432617185,30971.085745713986,senario_A
2025-06-07 17:00:00,76064.63991753472,35853.22846679687,7302.512543945312,32908.898906792536,senario_A
2025-06-07 18:00:00,75545.8919140625,34820.93803385417,7603.263617078993,33121.690263129334,senario_A
2025-06-07 19:00:00,75213.0685720486,28584.075651041665,8566.237712131076,38062.75520887586,senario_A
2025-06-07 20:00:00,73201.46871961806,13099.863092447918,10094.971861979167,50006.63376519097,senario_A
2025-06-07 21:00:00,70421.03659505208,1147.7137634562453,11859.847747395834,57413.47508420001,senario_A
2025-06-07 22:00:00,68709.77325303819,0.5400385306775569,13299.456042209202,55409.777172298316,senario_A
2025-06-07 23:00:00,65998.19117621527,0.6571436796337367,14566.22617078993,51431.30786174571,senario_A
2025-06-08 00:00:00,63030.51813151042,0.8284502756098906,15189.123158637152,47840.56652259766,senario_A
2025-06-08 01:00:00,60156.60056857639,0.6765309538940589,13951.573405490451,46204.35063213204,senario_A
2025-06-08 02:00:00,57536.70160373264,0.7964588262389103,13120.248033854166,44415.657111052235,senario_A
2025-06-08 03:00:00,55494.45479166666,0.7784883437802395,12961.49941189236,42532.17689143053,senario_A
2025-06-08 04:00:00,54134.95617730034,0.8359458884845178,13229.558545193142,40904.56168621871,senario_A
2025-06-08 05:00:00,52603.68787109375,0.8740856623152892,12604.487677951389,39998.326107480054,senario_A
2025-06-08 06:00:00,51805.79069444445,0.768915697336197,11635.909542100697,40169.11223664641,senario_A
2025-06-08 07:00:00,51421.63143663194,307.74951972062394,11316.742328559028,39797.13958835229,senario_A
2025-06-08 08:00:00,53061.894607204864,8905.75854771932,11735.901857367622,32420.23420211792,senario_A
2025-06-08 09:00:00,57923.154475911455,25713.95245279948,10896.09167263455,21313.110350477426,senario_A
2025-06-08 10:00:00,60646.7175390625,33654.66941731771,10224.671312934028,16767.37680881076,senario_A
2025-06-08 11:00:00,62984.68001085069,37386.803587239585,9154.007808159722,16443.868615451378,senario_A
2025-06-08 12:00:00,66279.76898871528,38944.72033365885,9679.740996907552,17655.30765814888,senario_A
2025-06-08 13:00:00,69857.55268229167,39672.62142252604,11010.630834418404,19174.300425347228,senario_A
2025-06-08 14:00:00,73259.06115234375,38442.23751708984,13380.38132405599,21436.442311197927,senario_A
2025-06-08 15:00:00,75692.53622829862,36831.09741861979,14843.255282118056,24018.183527560766,senario_A
2025-06-08 16:00:00,76336.43712239583,33559.54450846354,16233.562354600694,26543.330259331593,senario_A
2025-06-08 17:00:00,76511.95311631945,31524.817014973956,16885.609557291667,28101.52654405382,senario_A
2025-06-08 18:00:00,76542.70372829861,27700.647952473963,18406.231751844614,30435.824023980036,senario_A
2025-06-08 19:00:00,75974.16797743055,18395.81527669271,21078.108878038194,36500.243822699646,senario_A
2025-06-08 20:00:00,75573.12513888889,8063.125131835937,22783.07574652778,44726.92426052517,senario_A
2025-06-08 21:00:00,73472.14213107638,907.8098527487616,22794.83783420139,49769.494444126234,senario_A
2025-06-08 22:00:00,71455.23118489583,0.4863237001622716,23403.41384331597,48051.33101787971,senario_A
2025-06-08 23:00:00,67148.30085069445,0.5662299685304363,22608.42130208333,44539.313318642584,senario_A
2025-06-09 00:00:00,62118.00236328125,0.7391676154981057,22033.13908203125,40084.124113634505,senario_A
2025-06-09 01:00:00,57864.17230685764,0.7462440619369348,23314.202026909723,34549.224035885985,senario_A
2025-06-09 02:00:00,54848.93340169271,0.6548202142616113,22170.629885525173,32677.648695953278,senario_A
2025-06-09 03:00:00,52973.86718098958,0.8143995679294069,17854.65572157118,35118.397059850475,senario_A
2025-06-09 04:00:00,51426.211742621526,0.9761845272779465,14104.08439453125,37321.151163562994,senario_A
2025-06-09 05:00:00,51317.98926649305,1.046637976169586,13173.60196940104,38143.34065911584,senario_A
2025-06-09 06:00:00,52281.14712890625,0.9759821716447672,12060.194386935764,40219.97675979884,senario_A
2025-06-09 07:00:00,52805.8713422309,97.85446642443537,11639.68656765408,41068.33030815239,senario_A
2025-06-09 08:00:00,53458.427473958334,5592.569767990111,10612.876904568142,37252.98080140008,senario_A
2025-06-09 09:00:00,55604.33137586805,19538.848043619793,9474.846090494791,26590.637241753466,senario_A
2025-06-09 10:00:00,57756.6658843316,29743.500988769534,7950.430456271702,20062.73443929037,senario_A
2025-06-09 11:00:00,60860.51552083333,32833.02985921224,8630.281056315103,19397.204605305986,senario_A
2025-06-09 12:00:00,64504.00927083333,34340.167654622404,7948.900759819879,22214.940856391047,senario_A
2025-06-09 13:00:00,67902.83565104166,37860.424768880206,7410.452112630208,22631.95876953125,senario_A
2025-06-09 14:00:00,71948.26557725694,40111.851158854166,6600.185206705729,25236.229211697046,senario_A
2025-06-09 15:00:00,75476.393359375,39508.45386067708,6200.043325195313,29767.896173502602,senario_A
2025-06-09 16:00:00,76098.28623480903,39702.393864746104,6164.748284505208,30231.144085557717,senario_A
2025-06-09 17:00:00,76387.2101844618,38918.24151448567,6386.29238023546,31082.67628974067,senario_A
2025-06-09 18:00:00,75834.60243272569,35508.98509684244,7079.826564398872,33245.790771484375,senario_A
2025-06-09 19:00:00,75520.55328125,27737.498247070318,8619.274283854167,39163.78075032552,senario_A
2025-06-09 20:00:00,73301.34417751736,11500.202049560547,10275.2982554796,51525.84387247721,senario_A
2025-06-09 21:00:00,70505.13835069444,1150.433676808675,9938.757905815972,59415.946768069785,senario_A
2025-06-09 22:00:00,67923.55256510417,347.35431875338156,9714.430073784722,57861.768172566066,senario_A
2025-06-09 23:00:00,64931.45029296875,0.5563037416338921,10174.531015625,54756.36297360212,senario_A
2025-06-10 00:00:00,62009.84916666667,0.3617872842277089,11259.658797743055,50749.82858163938,senario_A
2025-06-10 01:00:00,57612.79017578125,0.6939353204518556,10871.952484809028,46740.14375565177,senario_A
2025-06-10 02:00:00,54688.04994140625,0.8570035457114378,9314.544129774304,45372.64880808624,senario_A
2025-06-10 03:00:00,52958.64172309028,1.0221569121877352,7930.852398546007,45026.76716763209,senario_A
2025-06-10 04:00:00,52146.61287543402,1.0449076453596353,8724.115115559896,43421.45285222876,senario_A
2025-06-10 05:00:00,51663.225885416665,0.7355983347073196,11313.553075086806,40348.93721199515,senario_A
2025-06-10 06:00:00,51779.54288194444,0.8429786456624666,11619.322125651042,40159.37777764774,senario_A
2025-06-10 07:00:00,52632.325234375,416.54387318025033,9187.912652994792,43027.86870819996,senario_A
2025-06-10 08:00:00,54646.72026801216,6900.305111083984,8396.507065700955,39349.908091227226,senario_A
2025-06-10 09:00:00,57326.58288953993,14448.412560628254,7273.014634467231,35605.155694444446,senario_A
2025-06-10 10:00:00,60088.85638020833,17575.78650390625,6364.018486735026,36149.05138956705,senario_A
2025-06-10 11:00:00,62131.46415907118,19397.688236897782,5581.247789849175,37152.52813232422,senario_A
2025-06-10 12:00:00,63618.415442708334,22345.848873697916,5235.701236979166,36036.86533203126,senario_A
2025-06-10 13:00:00,64362.27503472223,25097.73731282552,4502.887029079861,34761.65069281685,senario_A
2025-06-10 14:00:00,65213.43264973958,25940.76929361979,4432.810283203125,34839.85307291667,senario_A
2025-06-10 15:00:00,66637.29274305556,25705.539658203124,4518.317003580729,36413.436081271706,senario_A
2025-06-10 16:00:00,68629.52652777778,24040.90606933594,4204.342197265625,40384.27826117622,senario_A
2025-06-10 17:00:00,70634.73239583333,24329.277820638017,4397.485811903212,41907.9687632921,senario_A
2025-06-10 18:00:00,70985.55140190972,24000.139259440104,5664.316462673611,41321.095679796,senario_A
2025-06-10 19:00:00,69858.21240451389,16976.600429280603,7792.144059516059,45089.46791571723,senario_A
2025-06-10 20:00:00,67375.23329861111,5690.640771484375,9496.383364800347,52188.20916232639,senario_A
2025-06-10 21:00:00,65516.73265625,401.0110721270243,10136.170716145833,54979.550867977145,senario_A
2025-06-10 22:00:00,63931.69027560764,56.030503422270215,9538.68041341146,54336.97935877391,senario_A
2025-06-10 23:00:00,61057.073687065975,3.5187648800760503,8582.995499131945,52470.55942305395,senario_A
2025-06-11 00:00:00,57955.21466145833,0.5910871493071317,8938.006355251737,49016.61721905728,senario_A
2025-06-11 01:00:00,55465.45012586805,0.6824556518594425,9405.685227864584,46059.0824423516,senario_A
2025-06-11 02:00:00,52801.95603407118,0.7385686974227428,8845.466436360677,43955.75102901308,senario_A
2025-06-11 03:00:00,50926.97974609375,0.7684289731582006,7414.076452907986,43512.13486421261,senario_A
2025-06-11 04:00:00,49982.330690104165,0.6730406911422808,6395.634098849827,43586.02355056319,senario_A
2025-06-11 05:00:00,49521.27350911458,0.6772778701906402,5605.026882188585,43915.569349055804,senario_A
2025-06-11 06:00:00,49868.33684353298,0.8448725588868061,4631.149037136502,45236.34293383759,senario_A
2025-06-11 07:00:00,51096.689016927085,109.10215223925809,4522.058073730469,46465.52879095736,senario_A
2025-06-11 08:00:00,52175.52587456597,1928.9888075764973,3838.233706054688,46408.303360934784,senario_A
2025-06-11 09:00:00,53945.49115451389,7126.3736710611975,4115.01726264106,42704.100220811626,senario_A
2025-06-11 10:00:00,56176.352109375,12751.453111979166,3273.444995388455,40151.454002007384,senario_A
2025-06-11 11:00:00,57313.60652560764,16185.316904296875,2279.880941297743,38848.408680013024,senario_A
2025-06-11 12:00:00,58746.41185546875,20443.58949869792,2192.1509280056425,36110.67142876519,senario_A
2025-06-11 13:00:00,58609.24445963542,21440.866189778644,1818.679258219401,35349.69901163737,senario_A
2025-06-11 14:00:00,60542.75272135417,23819.209588216145,2652.2678949652777,34071.27523817275,senario_A
2025-06-11 15:00:00,61292.092680121525,24713.062325846353,3315.465366753472,33263.5649875217,senario_A
2025-06-11 16:00:00,62463.18116319445,24226.026385091147,3552.870120171441,34684.28465793186,senario_A
2025-06-11 17:00:00,63336.30932942708,21554.118603515628,3311.5997702365453,38470.59095567491,senario_A
2025-06-11 18:00:00,64526.94993923611,21864.281660156248,3482.388549262153,39180.27972981771,senario_A
2025-06-11 19:00:00,63667.06747829861,19900.02116699219,4467.330469021267,39299.71584228515,senario_A
2025-06-11 20:00:00,62233.666421440976,10571.35495279948,5294.051043294271,46368.260425347224,senario_A
2025-06-11 21:00:00,60880.831651475695,1127.7998450389505,5904.334168294271,53848.697638142476,senario_A
2025-06-11 22:00:00,59776.612886284725,0.5989653104046979,7176.343189561632,52599.67073141269,senario_A
2025-06-11 23:00:00,57628.61643446181,0.6735080663114785,8013.478205295139,49614.464721100354,senario_A
2025-06-12 00:00:00,55266.50241753472,0.6285915583372116,8512.20615451389,46753.66767146249,senario_A
2025-06-12 01:00:00,52770.074013671874,0.6274369615813096,8344.435926649305,44425.01065006099,senario_A
2025-06-12 02:00:00,51832.89396918403,0.8134962170819442,8347.97355685764,43484.106916109304,senario_A
2025-06-12 03:00:00,50769.69213107639,0.7430650849143663,8249.887623155382,42519.06144283609,senario_A
2025-06-12 04:00:00,49576.09508463542,0.7236213962485394,8134.636902669271,41440.7345605699,senario_A
2025-06-12 05:00:00,48374.77378038195,0.8434957735737164,6924.107322048611,41449.82296255976,senario_A
2025-06-12 06:00:00,48676.92548285591,1.1148690186689296,6210.751381022135,42465.05923281511,senario_A
2025-06-12 07:00:00,50190.21888237848,41.14425497914354,5683.162418619791,44465.91220877954,senario_A
2025-06-12 08:00:00,51384.68029079861,3463.081159922282,5639.196081814236,42282.40304906209,senario_A
2025-06-12 09:00:00,53105.67506076389,11198.248997395833,5742.98081000434,36164.445253363716,senario_A
2025-06-12 10:00:00,54605.43523003472,16448.80617675781,5822.616138237847,32334.012915039057,senario_A
2025-06-12 11:00:00,55692.871017795136,18977.281629231773,5607.522272677951,31108.067115885413,senario_A
2025-06-12 12:00:00,56895.55853949653,20709.071541341145,5634.2911344401045,30552.195863715282,senario_A
2025-06-12 13:00:00,57990.86488715278,22942.08248860677,5682.619190538195,29366.163208007812,senario_A
2025-06-12 14:00:00,59331.75501736111,25171.52767903646,5239.625904947917,28920.601433376734,senario_A
2025-06-12 15:00:00,60556.11133463542,26187.333916015625,4933.12372016059,29435.653698459202,senario_A
2025-06-12 16:00:00,61598.40875,26601.15838216146,4475.974873860677,30521.275493977864,senario_A
2025-06-12 17:00:00,62712.306412760416,27883.205859374997,4374.646172417535,30454.454380967883,senario_A
2025-06-12 18:00:00,63995.539418402775,24823.733180338546,5161.684971788194,34010.12126627604,senario_A
2025-06-12 19:00:00,63823.55182725695,22426.89533854167,6324.949790581597,35071.70669813368,senario_A
2025-06-12 20:00:00,62412.28920572917,10942.714545898438,8389.084034288195,43080.49062554254,senario_A
2025-06-12 21:00:00,60655.815,943.119750350068,9683.933365885418,50028.76188376452,senario_A
2025-06-12 22:00:00,59389.799871961804,0.16174970403934513,12170.002582465278,47219.635539792485,senario_A
2025-06-12 23:00:00,57056.12205295139,0.16521419961005446,14848.147545572916,42207.80929317886,senario_A
2025-06-13 00:00:00,54055.62945095486,0.5370566354567805,16766.98822265625,37288.10417166316,senario_A
2025-06-13 01:00:00,51582.34561631944,0.8229138282934825,18450.90263237847,33130.62007011268,senario_A
2025-06-13 02:00:00,50034.79023654514,0.8203297748913367,19450.31392578125,30583.655980988995,senario_A
2025-06-13 03:00:00,48416.4131922743,0.8225184115022421,18777.95929796007,29637.631375902733,senario_A
2025-06-13 04:00:00,47689.93256293403,0.5231238022446633,18320.55059244792,29368.858846683866,senario_A
2025-06-13 05:00:00,47290.47634114583,0.502680318057537,18188.02044921875,29101.953211609023,senario_A
2025-06-13 06:00:00,47899.49096137153,0.6229748647411664,17005.920966796875,30892.947019709914,senario_A
2025-06-13 07:00:00,48894.79924696181,291.4429725081225,15929.982135416669,32673.37413903702,senario_A
2025-06-13 08:00:00,50552.12815321181,6160.781057230632,14813.677963324652,29577.669132656523,senario_A
2025-06-13 09:00:00,55100.63092230903,21698.744471028644,12050.92070529514,21350.965745985246,senario_A
2025-06-13 10:00:00,59150.43379340278,32414.35506184896,12698.630125868056,14037.448605685762,senario_A
2025-06-13 11:00:00,61511.74767795139,35783.9271875,12895.058139105902,12832.76235134549,senario_A
2025-06-13 12:00:00,65119.27860243055,37250.16388020833,11960.346702473958,15908.768019748262,senario_A
2025-06-13 13:00:00,68544.5784157986,38093.68535807292,12212.819167751735,18238.073889973948,senario_A
2025-06-13 14:00:00,71005.19658420139,39202.356959635414,12716.652922092017,19086.18670247396,senario_A
2025-06-13 15:00:00,73084.29710069444,38832.46129557291,13271.887060546876,20979.948744574656,senario_A
2025-06-13 16:00:00,74787.58779947917,38335.82005533854,13015.463355034724,23436.304389105902,senario_A
2025-06-13 17:00:00,75914.73073350695,37204.71944986979,12765.666634114585,25944.344649522573,senario_A
2025-06-13 18:00:00,75782.37643663194,34488.19064453125,13100.020183376737,28194.165608723953,senario_A
2025-06-13 19:00:00,74647.17546875,26767.628346354162,14977.334187282986,32902.21293511286,senario_A
2025-06-13 20:00:00,72225.83449435764,11603.873159586588,18292.362716471354,42329.59861829969,senario_A
2025-06-13 21:00:00,69219.74855034723,1017.3460781462956,19791.912547743057,48410.48992445788,senario_A
2025-06-13 22:00:00,67305.91926215278,0.5532464311271905,20717.2453515625,46588.120664159156,senario_A
2025-06-13 23:00:00,64537.72245442709,0.5131135260810455,21629.366393229167,42907.84294767184,senario_A
2025-06-14 00:00:00,61269.35657552083,0.3983920113742352,21235.27844835069,40033.67973515877,senario_A
2025-06-14 01:00:00,57894.60188802084,0.5455523745715618,19514.412571614583,38379.64376403169,senario_A
2025-06-14 02:00:00,54732.08482855903,0.7516083822399378,17556.465672743056,37174.867547433736,senario_A
2025-06-14 03:00:00,52790.98082682292,0.8104643240571023,16024.083009982638,36766.08735251622,senario_A
2025-06-14 04:00:00,52233.11867838541,0.7041067590812842,17203.296202256945,35029.118369369375,senario_A
2025-06-14 05:00:00,51680.76289496528,0.8803910358746846,18994.68649305556,32685.196010873842,senario_A
2025-06-14 06:00:00,51150.48178385416,1.1527027262747287,18876.54236328125,32272.78671784663,senario_A
2025-06-14 07:00:00,50833.7603515625,275.48644186471904,17648.397274305556,32909.876635392226,senario_A
2025-06-14 08:00:00,52048.05460069444,6344.993137105307,16279.51728732639,29423.544176262745,senario_A
2025-06-14 09:00:00,56118.44083767361,18394.88182128906,15436.31209309896,22287.246923285587,senario_A
2025-06-14 10:00:00,60290.56192708333,25191.195369466146,17437.529073350695,17661.83748426648,senario_A
2025-06-14 11:00:00,62421.47118489583,28048.377457682294,16449.79109483507,17923.302632378465,senario_A
2025-06-14 12:00:00,65022.21307291667,30416.840488281254,13877.02326171875,20728.349322916663,senario_A
2025-06-14 13:00:00,67610.05230034722,32520.05349609375,11700.316720920138,23389.68208333333,senario_A
2025-06-14 14:00:00,70582.75805989583,32977.628020833334,10935.565793185764,26669.564245876732,senario_A
2025-06-14 15:00:00,72860.12989149305,32164.760794270835,11663.136779513889,29032.23231770833,senario_A
2025-06-14 16:00:00,74114.73027777778,32078.33775390625,13240.444906684028,28795.947617187503,senario_A
2025-06-14 17:00:00,74767.06257378473,32279.697976074218,15081.44265407986,27405.921943630652,senario_A
2025-06-14 18:00:00,74817.7363107639,30089.045107421873,16669.248840060765,28059.442363281258,senario_A
2025-06-14 19:00:00,73916.72310763889,24904.497242838537,18536.208298611116,30476.01756618923,senario_A
2025-06-14 20:00:00,71580.40984375,12094.248527832031,19959.16238498264,39526.99893093534,senario_A
2025-06-14 21:00:00,69054.47473090277,1088.7738616549968,19753.47495008681,48212.22591916098,senario_A
2025-06-14 22:00:00,67487.10527777778,0.40207318319628627,19435.089559461805,48051.61364513278,senario_A
2025-06-14 23:00:00,64634.8987890625,0.8031049424409866,20331.675132378477,44302.42055174158,senario_A
2025-06-15 00:00:00,61593.36105034722,0.6773876216510931,20638.75829210069,40953.92537062488,senario_A
2025-06-15 01:00:00,58964.41843315972,0.6947885328531265,21894.174071180558,37069.549573446304,senario_A
2025-06-15 02:00:00,56669.925078125,0.6570528232306242,22418.72441623264,34250.54360906913,senario_A
2025-06-15 03:00:00,54502.89033203125,0.6285813846439122,22253.60430338542,32248.657447261194,senario_A
2025-06-15 04:00:00,53221.58331814236,0.5891947433600823,22158.39038845486,31062.603734944136,senario_A
2025-06-15 05:00:00,52173.50864800347,0.6561589855949084,21424.075305989583,30748.777183028298,senario_A
2025-06-15 06:00:00,51832.99824435764,0.6614338385810454,20576.162369791666,31256.174440727387,senario_A
2025-06-15 07:00:00,51511.359225260414,208.62115463661652,19318.638682725694,31984.099387898103,senario_A
2025-06-15 08:00:00,52734.640796440974,6470.78018371582,17342.48005859375,28921.380554131407,senario_A
2025-06-15 09:00:00,57514.45176432292,18664.423761393227,18395.10915798611,20454.918844943582,senario_A
2025-06-15 10:00:00,60332.79333116319,23269.515458984377,19749.86052517361,17313.41734700521,senario_A
2025-06-15 11:00:00,61388.15354600694,27308.562106119793,16966.370221354166,17113.221218532988,senario_A
2025-06-15 12:00:00,63747.79913628472,29897.75077473958,17056.228473307292,16793.819888237846,senario_A
2025-06-15 13:00:00,65593.21229383681,30812.037695312494,18066.189168836805,16714.985429687513,senario_A
2025-06-15 14:00:00,66761.55927517361,29314.16595703125,18330.469641927084,19116.92367621528,senario_A
2025-06-15 15:00:00,67011.69574652778,27593.359477539067,16279.501583658854,23138.83468532986,senario_A
2025-06-15 16:00:00,65443.83156032986,28857.10931966146,14622.407209201388,21964.315031467013,senario_A
2025-06-15 17:00:00,65103.6580360243,25431.51130371094,13611.439765625,26060.70696668836,senario_A
2025-06-15 18:00:00,64037.29940538194,21899.92588541667,12645.26884874132,29492.104671223955,senario_A
2025-06-15 19:00:00,62561.76486436632,16769.639392903642,11012.94240125868,34779.183070203995,senario_A
2025-06-15 20:00:00,60906.07670138889,7134.104991861979,9041.328068033854,44730.643641493065,senario_A
2025-06-15 21:00:00,59765.39289496528,665.6345371898512,7871.698882921007,51228.059474854424,senario_A
2025-06-15 22:00:00,59158.77859809028,0.28431151628494256,8355.408070746527,50803.08621582747,senario_A
2025-06-15 23:00:00,56726.17130642361,0.5940179489304621,9838.717900390626,46886.85938808405,senario_A
2025-06-16 00:00:00,54270.72065972223,0.7037688928097486,11585.722982855905,42684.293907973515,senario_A
2025-06-16 01:00:00,51285.29970052083,0.6624734659492969,11466.889486762151,39817.74774029273,senario_A
2025-06-16 02:00:00,49326.52310763889,0.8001241139074167,11581.373131510416,37744.349852014566,senario_A
2025-06-16 03:00:00,47663.28665364583,1.1458708508809408,11190.368277994792,36471.77250480016,senario_A
2025-06-16 04:00:00,47193.93031684028,1.1398291512330374,11169.025144314235,36023.76534337481,senario_A
2025-06-16 05:00:00,47140.2251063368,1.1784055851399897,10009.571297743056,37129.475403008604,senario_A
2025-06-16 06:00:00,48042.045855034725,1.1725636183718842,7963.612941623264,40077.26034979309,senario_A
2025-06-16 07:00:00,49392.14509874132,300.7287348965307,6635.74399468316,42455.67236916163,senario_A
2025-06-16 08:00:00,51207.95530815972,7683.420601603189,5776.364070638021,37748.170635918505,senario_A
2025-06-16 09:00:00,55343.45180338542,23016.742260742187,5035.833221571181,27290.87632107205,senario_A
2025-06-16 10:00:00,59799.77019314236,32620.410094401042,5278.349624023437,21901.010474717878,senario_A
2025-06-16 11:00:00,63171.822317708335,36889.900035807295,5014.437140299479,21267.48514160156,senario_A
2025-06-16 12:00:00,66501.35188368056,39001.482939453126,5173.294424913194,22326.57451931424,senario_A
2025-06-16 13:00:00,69764.39894965278,39809.96250651042,5208.559120551216,24745.877322591143,senario_A
2025-06-16 14:00:00,72819.65985677083,39334.81462565104,6319.646334092882,27165.19889702691,senario_A
2025-06-16 15:00:00,74682.98857421875,38650.86501953125,7433.344016384549,28598.779538302948,senario_A
2025-06-16 16:00:00,75492.32397569444,37972.112578125,8216.690265842013,29303.521131727422,senario_A
2025-06-16 17:00:00,75796.05333767361,36853.22403238932,9092.110991482205,29850.71831380209,senario_A
2025-06-16 18:00:00,75448.1422439236,35123.6876920573,9703.680930989583,30620.773620876724,senario_A
2025-06-16 19:00:00,74797.88233506944,29392.332711588544,11387.585519748263,34017.96410373264,senario_A
2025-06-16 20:00:00,73132.53857204861,14444.032744547525,13170.496375868055,45518.00945163303,senario_A
2025-06-16 21:00:00,69648.59077256944,1424.3888527881106,15067.535150824651,53156.66676895668,senario_A
2025-06-16 22:00:00,68696.4891015625,0.49033053497240564,19120.68836371528,49575.31040731225,senario_A
2025-06-16 23:00:00,66063.81749782986,0.45196149239937466,22418.32037706163,43645.045159275825,senario_A
2025-06-17 00:00:00,61858.30599826389,0.4205826817949613,23521.145512152776,38336.73990342932,senario_A
2025-06-17 01:00:00,58116.941796875,0.4249057511240244,24366.72410807292,33749.79278305095,senario_A
2025-06-17 02:00:00,55546.10911349826,0.440921338101228,24788.081981336807,30757.586210823356,senario_A
2025-06-17 03:00:00,53724.20776475695,0.6349417311449845,25137.53447916667,28586.03834385914,senario_A
2025-06-17 04:00:00,52321.93896701389,0.5532149070501328,24953.641276041668,27367.744476065174,senario_A
2025-06-17 05:00:00,51565.23939670139,0.5564672948668401,24474.222534722223,27090.4603946843,senario_A
2025-06-17 06:00:00,52086.92112196181,0.5969778856386742,24116.183587239582,27970.140556836588,senario_A
2025-06-17 07:00:00,53111.23210286458,428.6132203323642,24501.23758246528,28181.381300066936,senario_A
2025-06-17 08:00:00,55210.20175130208,10118.468981526694,23705.330672743057,21386.40209703232,senario_A
2025-06-17 09:00:00,60051.00017361111,25330.328274739586,21778.79980685764,12941.87209201388,senario_A
2025-06-17 10:00:00,63593.41688802083,32190.72364583334,21666.318815104165,9736.374427083327,senario_A
2025-06-17 11:00:00,66109.5203125,34061.24302083333,21663.39442057292,10384.882871093745,senario_A
2025-06-17 12:00:00,69629.95289496527,34069.682197265625,22107.525553385414,13452.745144314234,senario_A
2025-06-17 13:00:00,72743.61244791666,34302.47513020833,22393.84488498264,16047.292432725688,senario_A
2025-06-17 14:00:00,75956.65425998264,34299.26797851563,22858.24935438368,18799.136927083327,senario_A
2025-06-17 15:00:00,76549.3178125,31707.718942057294,23207.24741536458,21634.35145507812,senario_A
2025-06-17 16:00:00,76534.55284939236,28445.124697265626,23466.41009657118,24623.01805555556,senario_A
2025-06-17 17:00:00,76607.3966015625,28920.186842447914,23091.097766927083,24596.111992187503,senario_A
2025-06-17 18:00:00,76443.72103298611,28020.50653645833,22996.978502604168,25426.235993923616,senario_A
2025-06-17 19:00:00,76459.55531901041,24185.58202311198,23020.65577907986,29253.31751681857,senario_A
2025-06-17 20:00:00,75252.18898003473,10946.499354654949,23977.54974826389,40328.139877115886,senario_A
2025-06-17 21:00:00,73604.81862847222,1037.7342436446745,25821.01446180556,46746.069923021976,senario_A
2025-06-17 22:00:00,71680.76575954861,0.3908980688328545,26571.995896267363,45108.37896521242,senario_A
2025-06-17 23:00:00,68097.48290798611,0.41281669805447263,26014.04344184028,42083.02664944778,senario_A
2025-06-18 00:00:00,64016.846844618056,0.686542307610313,24266.553538953995,39749.60676335645,senario_A
2025-06-18 01:00:00,60213.71798394097,0.6684209658950566,23438.2758984375,36774.773664537584,senario_A
2025-06-18 02:00:00,57701.03097222222,0.6624865050365527,22584.91969618056,35115.44878953662,senario_A
2025-06-18 03:00:00,55940.57109592014,0.7697216193377971,20887.53904513889,35052.26232916191,senario_A
2025-06-18 04:00:00,54937.68106553819,0.8834584303200246,20732.926588541668,34203.871018566206,senario_A
2025-06-18 05:00:00,54256.32548394097,0.824015530347824,20268.964709201387,33986.53675920924,senario_A
2025-06-18 06:00:00,54560.51900607639,1.075381771127383,19715.47223524305,34843.97138906221,senario_A
2025-06-18 07:00:00,55531.63165581597,212.47869836340348,17123.256257595487,38195.896699857076,senario_A
2025-06-18 08:00:00,56974.54293185764,7331.457231038412,15220.581178385415,34422.50452243382,senario_A
2025-06-18 09:00:00,60866.945859375,22075.352602539064,14428.324930555556,24363.268326280384,senario_A
2025-06-18 10:00:00,64966.52512586806,28339.2320670573,15353.247118055557,21274.045940755197,senario_A
2025-06-18 11:00:00,67330.2643142361,33462.23063802084,14594.442389865451,19273.591286349816,senario_A
2025-06-18 12:00:00,69791.9507595486,35726.591331380216,13517.24425672743,20548.11517144096,senario_A
2025-06-18 13:00:00,72884.2453125,37131.25717122396,12754.352622612849,22998.635518663195,senario_A
2025-06-18 14:00:00,75230.29709635417,37584.92845377603,12590.444504123265,25054.924138454877,senario_A
2025-06-18 15:00:00,76346.38718315972,37514.29092773438,12761.85447374132,26070.241781684024,senario_A
2025-06-18 16:00:00,76668.94356336806,37084.367278645834,13137.09694878472,26447.479335937503,senario_A
2025-06-18 17:00:00,76334.69325520833,36323.03291666666,13265.654518229168,26746.0058203125,senario_A
2025-06-18 18:00:00,76319.78026041666,33983.99226236979,13882.043501519098,28453.744496527775,senario_A
2025-06-18 19:00:00,76069.18689670139,27554.225971679694,15557.785670572915,32957.175254448775,senario_A
2025-06-18 20:00:00,75026.34614583333,12817.100973307293,16234.634811197917,45974.61036132812,senario_A
2025-06-18 21:00:00,72740.60099392361,1204.1945165663958,16037.922839626735,55498.48363773048,senario_A
2025-06-18 22:00:00,70908.72656684028,18.16205654796213,16660.094921875,54230.46958841731,senario_A
2025-06-18 23:00:00,68011.94536675347,16.195301739498973,18472.27590060764,49523.47416440633,senario_A
2025-06-19 00:00:00,64429.926187065976,0.8400513218343257,19077.59388237847,45351.492253365665,senario_A
2025-06-19 01:00:00,60880.73714409722,0.6413384347657363,17901.931256510416,42978.16454915203,senario_A
2025-06-19 02:00:00,58214.01591362847,0.6280196800331275,16839.862007378473,41373.52588656996,senario_A
2025-06-19 03:00:00,56698.26047743056,0.8522731340924898,16452.296280381943,40245.11192391452,senario_A
2025-06-19 04:00:00,55072.78552517361,0.9539632355670133,15752.766476779514,39319.06508515853,senario_A
2025-06-19 05:00:00,54203.795542534725,0.9917645811537903,14933.101243489584,39269.70253446399,senario_A
2025-06-19 06:00:00,54466.39922309028,1.203448590785265,14604.018444010417,39861.17733048908,senario_A
2025-06-19 07:00:00,55098.01948133681,331.88460194543006,13969.618764105902,40796.51611528548,senario_A
2025-06-19 08:00:00,57024.73036458333,8638.806150309245,12301.342940538194,36084.581273735894,senario_A
2025-06-19 09:00:00,61427.15677734375,24002.195185546876,11600.371843532988,25824.58974826389,senario_A
2025-06-19 10:00:00,64697.148736979165,30104.85825846354,13560.718525390625,21031.571953125003,senario_A
2025-06-19 11:00:00,67543.33586805555,35052.47166992187,12080.324853515624,20410.53934461806,senario_A
2025-06-19 12:00:00,70926.70647135416,37349.223645833335,10120.555383029514,23456.927442491313,senario_A
2025-06-19 13:00:00,73884.42615017362,37082.70557291666,8589.758266059027,28211.96231119793,senario_A
2025-06-19 14:00:00,76372.24660590278,36172.73014648438,8529.97380859375,31669.542650824653,senario_A
2025-06-19 15:00:00,76698.47464192708,35681.864235026034,9515.581265190973,31501.029141710074,senario_A
2025-06-19 16:00:00,77708.9546875,35948.51331054688,11407.387548828125,30353.05382812499,senario_A
2025-06-19 17:00:00,77911.50541666667,34495.10696614583,12824.1573046875,30592.241145833337,senario_A
2025-06-19 18:00:00,77849.75893663194,32807.80020507812,13869.224801432292,31172.733930121532,senario_A
2025-06-19 19:00:00,77214.36478298611,27337.89714355469,14352.366628689237,35524.10101074219,senario_A
2025-06-19 20:00:00,76249.48029079862,12801.570613606771,14859.225736762151,48588.68394042969,senario_A
2025-06-19 21:00:00,74175.62526041667,1194.7284561609229,15488.483583984374,57492.413220271366,senario_A
2025-06-19 22:00:00,72120.4775564236,0.4204397157828013,17012.26882703993,55107.788289667886,senario_A
2025-06-19 23:00:00,69102.24251302083,0.4904936144997676,18690.663704427083,50411.08831497924,senario_A
2025-06-20 00:00:00,65989.42060980902,0.6611151743431886,20585.399136284723,45403.36035834996,senario_A
2025-06-20 01:00:00,63097.72637803819,0.43258393500000236,22071.74779079861,41025.54600330458,senario_A
2025-06-20 02:00:00,59712.93296657986,0.5234377072503169,23028.48939670139,36683.92013217122,senario_A
2025-06-20 03:00:00,57940.75400173611,0.5857333764433861,23028.307612847224,34911.86065551244,senario_A
2025-06-20 04:00:00,56400.16462239583,0.48512852857510247,22432.33301432292,33967.34647954433,senario_A
2025-06-20 05:00:00,55750.01364149305,0.5022879745066166,22319.407356770836,33430.10399674771,senario_A
2025-06-20 06:00:00,55836.09868706597,0.6272148408989111,21208.677721354168,34626.7937508709,senario_A
2025-06-20 07:00:00,56322.91230251736,329.77317386547725,19396.9586328125,36596.180495839384,senario_A
2025-06-20 08:00:00,58028.39733940972,8833.092625732423,17470.18962890625,31725.115084771045,senario_A
2025-06-20 09:00:00,62182.02397135417,23565.8980078125,17842.42472439236,20773.701239149304,senario_A
2025-06-20 10:00:00,66471.9024717882,28559.664791666662,19155.01207465278,18757.225605468757,senario_A
2025-06-20 11:00:00,69897.87921875,31874.989121093757,19546.94446451823,18475.945633138006,senario_A
2025-06-20 12:00:00,71935.95181857639,32730.648912760415,20276.277942708333,18929.02496310764,senario_A
2025-06-20 13:00:00,75003.75953559027,32782.85422526041,21002.43562282986,21218.469687500005,senario_A
2025-06-20 14:00:00,76955.10668402778,32070.165764973965,21661.21424262153,23223.726676432285,senario_A
2025-06-20 15:00:00,77500.36779513888,31523.278639322914,21400.969446614585,24576.11970920138,senario_A
2025-06-20 16:00:00,77861.54266059028,31269.244485677085,22358.62312934028,24233.675045572905,senario_A
2025-06-20 17:00:00,78029.0259765625,30638.193782552084,23168.533157552083,24222.299036458324,senario_A
2025-06-20 18:00:00,77348.25342447916,28081.00186523438,23452.445416666666,25814.806142578116,senario_A
2025-06-20 19:00:00,77270.03991319444,23694.25983235677,23404.34931423611,30171.430766601567,senario_A
2025-06-20 20:00:00,75960.84965277778,11788.847017415364,22947.472801649303,41224.52983371311,senario_A
2025-06-20 21:00:00,73270.40500868055,1505.90242807289,23614.612007378477,48149.89057322918,senario_A
2025-06-20 22:00:00,71459.68700954861,0.2547498311676705,24199.96666449653,47259.465595220914,senario_A
2025-06-20 23:00:00,68444.29284288194,0.3375891983509064,25050.537452256944,43393.41780142665,senario_A
2025-06-21 00:00:00,65237.341866319446,0.3852108670522768,24861.409262152774,40375.54739329962,senario_A
2025-06-21 01:00:00,62506.95434027778,0.4046876918772856,24986.71048828125,37519.83916430465,senario_A
2025-06-21 02:00:00,59998.411976996525,0.4720134628315767,24750.553821614583,35247.38614191911,senario_A
2025-06-21 03:00:00,57338.93155164931,0.5240226886669794,24268.949934895834,33069.45759406481,senario_A
2025-06-21 04:00:00,55498.52199001736,0.5310168048739433,23613.90994357639,31884.081029636098,senario_A
2025-06-21 05:00:00,54287.69913194444,0.6196064554403226,23514.223077256946,30772.856448232058,senario_A
2025-06-21 06:00:00,53401.52588541667,0.6412948120137056,23522.78381076389,29878.100779840766,senario_A
2025-06-21 07:00:00,53194.37864149306,369.9685897838076,23445.97345269097,29378.43659901828,senario_A
2025-06-21 08:00:00,54776.85250651042,9193.071310831707,22313.621200086807,23270.159995591905,senario_A
2025-06-21 09:00:00,58920.32467230903,21904.74433268229,21779.93857204861,15235.641767578127,senario_A
2025-06-21 10:00:00,63161.53602213541,27144.417311197918,23534.29939453125,12482.819316406247,senario_A
2025-06-21 11:00:00,66460.94036458334,30063.753776041667,24737.927435438367,11659.259153103303,senario_A
2025-06-21 12:00:00,68880.44236328125,31682.96712565104,24759.38368923611,12438.091548394103,senario_A
2025-06-21 13:00:00,71568.5805859375,31967.60107421875,24802.920596788197,14798.058914930549,senario_A
2025-06-21 14:00:00,73051.75891927084,31595.101005859375,24917.30886935764,16539.349044053826,senario_A
2025-06-21 15:00:00,74054.53720920139,30789.179397786458,24641.758815104167,18623.59899631076,senario_A
2025-06-21 16:00:00,75704.23114583333,31760.924368489577,23892.712493489584,20050.594283854167,senario_A
2025-06-21 17:00:00,76461.5183984375,30511.63525390625,23165.20047743056,22784.682667100693,senario_A
2025-06-21 18:00:00,76232.31819878472,28987.73016438802,22613.753159179687,24630.834875217013,senario_A
2025-06-21 19:00:00,75121.49278211806,23525.853512369795,22297.339503038194,29298.29976671007,senario_A
2025-06-21 20:00:00,72642.78135850694,10662.156989339193,23303.26474175347,38677.35962741428,senario_A
2025-06-21 21:00:00,69850.93476996527,970.9594745190939,25076.84653645833,43803.12875898784,senario_A
2025-06-21 22:00:00,68305.36263454861,0.4596612653881311,25692.10609809028,42612.796875192944,senario_A
2025-06-21 23:00:00,65641.68762369792,0.5407488126059373,26238.039997829863,39403.10687705544,senario_A
2025-06-22 00:00:00,62539.7560546875,0.5840752119570971,26505.264696180555,36033.90728329499,senario_A
2025-06-22 01:00:00,59680.45337456597,0.48158549246688676,26540.46399956597,33139.50778950754,senario_A
2025-06-22 02:00:00,57298.93413302952,0.6476375585297743,26249.83194444445,31048.454551026545,senario_A
2025-06-22 03:00:00,55717.89703776042,0.6351798520982266,25997.19540798611,29720.06644992221,senario_A
2025-06-22 04:00:00,53935.47613498264,0.7078953018784523,25275.021205512152,28659.747034168606,senario_A
2025-06-22 05:00:00,52719.91226996528,0.7190548033018906,24932.913135850693,27786.280079311284,senario_A
2025-06-22 06:00:00,52209.69909939236,0.7074281288683415,24790.242789713546,27418.74888154995,senario_A
2025-06-22 07:00:00,51553.6001171875,350.3322341082494,24515.49533203125,26687.77255104801,senario_A
2025-06-22 08:00:00,53164.687161458336,8031.353885294597,23629.556148003478,21503.777128160265,senario_A
2025-06-22 09:00:00,58252.38003472222,20569.725092773442,22869.180123697915,14813.474818250863,senario_A
2025-06-22 10:00:00,61233.79007161458,24346.100847981776,23785.009991319443,13102.679232313363,senario_A
2025-06-22 11:00:00,64199.06753472222,28199.180729166663,23965.432469618056,12034.454335937502,senario_A
2025-06-22 12:00:00,67250.56820746527,30817.74626953125,23544.982799479167,12887.839138454856,senario_A
2025-06-22 13:00:00,69785.78590277777,31348.805605468748,23498.81301432292,14938.167282986105,senario_A
2025-06-22 14:00:00,72195.87438368055,32057.947236328124,24063.50694010417,16074.420207248259,senario_A
2025-06-22 15:00:00,74166.3636154514,31466.994658203123,24544.95118923611,18154.417768012157,senario_A
2025-06-22 16:00:00,75363.68114583334,30404.091959635418,24746.100056423613,20213.489129774305,senario_A
2025-06-22 17:00:00,76251.61824652778,30033.515374348954,24778.43700954861,21439.665862630223,senario_A
2025-06-22 18:00:00,76605.21569878473,28673.062633463545,25233.028870985243,22699.12419433594,senario_A
2025-06-22 19:00:00,76045.61014322916,23642.96333496094,25923.91347439236,26478.733333875865,senario_A
2025-06-22 20:00:00,74372.81733506944,11192.168671875,26324.30393608941,36856.34472710503,senario_A
2025-06-22 21:00:00,71525.84118055555,1069.7085885029533,26110.16069173177,44345.97190032083,senario_A
2025-06-22 22:00:00,69643.90143663195,0.3843275028870752,25671.846100260416,43971.67100886864,senario_A
2025-06-22 23:00:00,66244.72318576388,0.4470668904980024,25432.259468315973,40812.016650557416,senario_A
2025-06-23 00:00:00,62595.24086154514,0.5088955029845237,23951.06598958333,38643.665976458826,senario_A
2025-06-23 01:00:00,59050.45796657986,0.7141369658708572,23197.243958333333,35852.499871280655,senario_A
2025-06-23 02:00:00,56541.85649956597,0.6708220648268858,22835.874073350693,33705.31160415045,senario_A
2025-06-23 03:00:00,55468.98319878472,0.5781100656588871,22140.74400390625,33327.66108481281,senario_A
2025-06-23 04:00:00,54055.77721788194,0.5532380855580171,21420.57476779514,32634.649212001244,senario_A
2025-06-23 05:00:00,53559.936792534725,0.5485494490464529,21251.95770182292,32307.430541262755,senario_A
2025-06-23 06:00:00,54025.42754774306,0.539865252027909,20800.341519097223,33224.5461633938,senario_A
2025-06-23 07:00:00,54988.83440321181,347.2855229723454,20161.18251953125,34480.36636070822,senario_A
2025-06-23 08:00:00,57095.077712673614,7768.527336324056,19636.684932725693,29689.865443623865,senario_A
2025-06-23 09:00:00,61745.82250434028,19683.46579589843,20171.0003125,21891.356395941846,senario_A
2025-06-23 10:00:00,65201.952543402775,25057.363401692706,21416.572374131945,18728.01676757812,senario_A
2025-06-23 11:00:00,68579.71739149306,30279.22767252604,21144.85183810764,17155.637880859376,senario_A
2025-06-23 12:00:00,71951.134296875,32990.3644140625,20279.309027777777,18681.460855034722,senario_A
2025-06-23 13:00:00,74657.69712239584,33909.732880859374,20019.466881510416,20728.49736002605,senario_A
2025-06-23 14:00:00,76978.378515625,34633.885354003905,20189.75466905382,22154.73849256727,senario_A
2025-06-23 15:00:00,77746.43808159723,33426.406031901046,20844.32493706597,23475.70711263021,senario_A
2025-06-23 16:00:00,76760.45259114583,30991.515976562492,22124.458930121527,23644.477684461814,senario_A
2025-06-23 17:00:00,77093.82501736112,28529.734224446613,22565.599935980903,25998.4908569336,senario_A
2025-06-23 18:00:00,77167.28224826389,25841.378397623695,23140.202664930555,28185.701185709637,senario_A
2025-06-23 19:00:00,76627.63450954862,21717.05266398112,23387.289008246527,31523.29283732097,senario_A
2025-06-23 20:00:00,75364.43856987848,9551.149969685872,22489.091299913194,43324.19730027941,senario_A
2025-06-23 21:00:00,72991.10563368055,651.0214462351673,21114.81885199653,51225.26533544884,senario_A
2025-06-23 22:00:00,70849.43811848959,0.2815980592742562,20366.427428385417,50482.7290920449,senario_A
2025-06-23 23:00:00,67499.68342013888,0.34070142257958647,20689.931163194444,46809.41155552186,senario_A
2025-06-24 00:00:00,63429.585,0.36027036699155957,20903.80441677517,42525.42031285784,senario_A
2025-06-24 01:00:00,59910.070036892364,0.3382693988333145,20813.40256076389,39096.32920672964,senario_A
2025-06-24 02:00:00,57234.08915798611,0.37725759312510493,20686.19899305556,36547.51290733743,senario_A
2025-06-24 03:00:00,54942.95437282986,0.2952862309664487,19511.492254774304,35431.16683182459,senario_A
2025-06-24 04:00:00,53314.07841796875,0.4803923862675825,17598.418700086804,35715.17932549567,senario_A
2025-06-24 05:00:00,52239.045071614586,0.7004378261913856,16521.35421657986,35716.99041720854,senario_A
2025-06-24 06:00:00,52600.09231119792,0.7029700305561224,15501.840080295138,37097.54926087223,senario_A
2025-06-24 07:00:00,53516.07689236111,383.28246472100415,14375.235847439237,38757.558580200865,senario_A
2025-06-24 08:00:00,55404.85719618056,10353.55924560547,12159.117424045138,32892.18052652995,senario_A
2025-06-24 09:00:00,60082.89802734375,28001.070904947916,12297.615126953126,19784.211995442707,senario_A
2025-06-24 10:00:00,63391.71183376736,34571.90939453125,13309.3199609375,15510.48247829861,senario_A
2025-06-24 11:00:00,66832.29265842013,37103.44394205729,12778.92146158854,16949.927254774306,senario_A
2025-06-24 12:00:00,69686.72549913195,37566.76623372396,12293.86304578993,19826.09621961806,senario_A
2025-06-24 13:00:00,73291.0729296875,37413.07751953125,13060.089267578123,22817.906142578133,senario_A
2025-06-24 14:00:00,76100.5505577257,37393.04311197916,14045.85056532118,24661.65688042536,senario_A
2025-06-24 15:00:00,77641.8860329861,36058.89801920573,15134.699126519095,26448.288887261282,senario_A
2025-06-24 16:00:00,77360.110625,33279.747539062504,16373.995491536458,27706.36759440104,senario_A
2025-06-24 17:00:00,76876.97262586806,30658.339550781246,17578.627243923613,28640.005831163202,senario_A
2025-06-24 18:00:00,76736.53326171875,28791.743088378906,18100.297252604167,29844.49292073568,senario_A
2025-06-24 19:00:00,75779.09253472222,24546.855821940102,18111.13568359375,33121.10102918837,senario_A
2025-06-24 20:00:00,73673.65487847223,11935.97417195638,18881.63698784722,42856.04371866862,senario_A
2025-06-24 21:00:00,71050.80876736112,1065.6000554130474,18615.822352430558,51369.38635951751,senario_A
2025-06-24 22:00:00,69430.894296875,0.31113267866273714,18618.611356336805,50811.97180785954,senario_A
2025-06-24 23:00:00,66120.75458550347,0.44427637889981264,19212.150833333333,46908.15947579124,senario_A
2025-06-25 00:00:00,62233.51271484375,0.4702157219996054,19291.79228732639,42941.25021179536,senario_A
2025-06-25 01:00:00,58957.49511827257,0.6872662009547155,19926.801534288195,39030.00631778342,senario_A
2025-06-25 02:00:00,56103.59400824653,0.5156497553301354,19929.9288140191,36173.1495444721,senario_A
2025-06-25 03:00:00,53835.468353949655,0.27656478712956106,18775.961901041668,35059.229888120855,senario_A
2025-06-25 04:00:00,52260.307052951386,0.2775726988228659,17355.717229275175,34904.31225097738,senario_A
2025-06-25 05:00:00,51443.32220486111,0.2949587979912758,15858.084287109376,35584.94295895375,senario_A
2025-06-25 06:00:00,52094.22230685764,0.2861646186312039,14418.227276475694,37675.70886576332,senario_A
2025-06-25 07:00:00,53009.30473849826,313.9530651552727,12921.44424153646,39773.907431806525,senario_A
2025-06-25 08:00:00,54411.510882161456,8189.723229980469,10674.668115234375,35547.119536946615,senario_A
2025-06-25 09:00:00,58169.84113172743,23278.117037760418,10565.409753689237,24326.31434027778,senario_A
2025-06-25 10:00:00,61782.736204427085,29125.46053710937,12376.843236762154,20280.43243055556,senario_A
2025-06-25 11:00:00,64436.48421006944,30879.92007486979,12350.557329644098,21206.006805555546,senario_A
2025-06-25 12:00:00,66577.37942274306,33235.82139567057,12094.142333984377,21247.415693088114,senario_A
2025-06-25 13:00:00,68957.56480034722,34457.52354166667,12527.728610568576,21972.31264811197,senario_A
2025-06-25 14:00:00,71832.56069444444,32775.2893359375,13115.969487847222,25941.30187065972,senario_A
2025-06-25 15:00:00,73815.81495659723,30312.063520507814,13812.81724826389,29690.93418782552,senario_A
2025-06-25 16:00:00,74678.97401258681,26697.209309895832,13863.531839192709,34118.23286349828,senario_A
2025-06-25 17:00:00,74928.85223307292,24856.329096679685,14849.990249565972,35222.53288682726,senario_A
2025-06-25 18:00:00,73872.43303819445,21770.963500976562,15507.424690212674,36594.04484700521,senario_A
2025-06-25 19:00:00,71868.2243359375,16239.499337565105,15842.336069878473,39786.38892849392,senario_A
2025-06-25 20:00:00,69630.05443576389,8251.825066731772,16783.974963107637,44594.25440592448,senario_A
2025-06-25 21:00:00,67184.33636501736,844.2940689611435,17413.815539822048,48926.226756234166,senario_A
2025-06-25 22:00:00,65694.54326388889,0.3951811000208059,18243.868560112845,47450.27952267603,senario_A
2025-06-25 23:00:00,62785.96216145833,0.2032144997268915,19430.69246744792,43355.066479510686,senario_A
2025-06-26 00:00:00,59033.26024305556,0.21873562155912318,18893.69342230903,40139.34808512498,senario_A
2025-06-26 01:00:00,55858.66134657118,0.22236693528791263,17536.118365885417,38322.320613750475,senario_A
2025-06-26 02:00:00,53544.24579535591,0.22376786331335702,16883.119342990452,36660.90268450215,senario_A
2025-06-26 03:00:00,51872.58571180556,0.22713537630935504,16511.658503689236,35360.700072740015,senario_A
2025-06-26 04:00:00,50738.23816189236,0.22767076688508192,15051.64613172743,35686.364359398045,senario_A
2025-06-26 05:00:00,50384.94598632812,0.24332940657933538,14407.191936848958,35977.51072007259,senario_A
2025-06-26 06:00:00,51401.67491861979,0.9821472439790766,13514.066426323783,37886.62634505203,senario_A
2025-06-26 07:00:00,52710.43996636285,304.96767158639926,12641.45748155382,39764.01481322263,senario_A
2025-06-26 08:00:00,54305.38267795139,8126.053923543293,10819.72158094618,35359.60717346192,senario_A
2025-06-26 09:00:00,58003.018744574656,22979.112596028644,9186.719570855035,25837.186577690976,senario_A
2025-06-26 10:00:00,62319.75663953993,30173.24015625,9296.18226671007,22850.33421657986,senario_A
2025-06-26 11:00:00,65279.21503580729,32931.97539388021,8371.600474717881,23975.6391672092,senario_A
2025-06-26 12:00:00,67859.44844618056,35621.87059895833,7117.475916883681,25120.10193033854,senario_A
2025-06-26 13:00:00,70885.81263454861,35638.50504231771,6228.847978515625,29018.459613715277,senario_A
2025-06-26 14:00:00,73853.58095703126,34753.338102213536,6047.622486979167,33052.62036783855,senario_A
2025-06-26 15:00:00,76035.09064670138,33790.67572591146,7293.8606765407985,34950.55424424913,senario_A
2025-06-26 16:00:00,76487.35951822916,31502.199847819014,9723.43947157118,35261.720198838964,senario_A
2025-06-26 17:00:00,75797.93439887153,26909.28574707031,11553.636016167537,37335.012635633684,senario_A
2025-06-26 18:00:00,75157.35248697917,23472.36636393229,12418.828705240883,39266.157417806,senario_A
2025-06-26 19:00:00,73466.876953125,20332.535209960937,13957.388208550346,39176.95353461371,senario_A
2025-06-26 20:00:00,71293.49139756945,10390.612575683594,15238.564173177085,45664.314648708765,senario_A
2025-06-26 21:00:00,68918.83900173611,886.2028175210953,15574.354230414496,52458.28195380051,senario_A
2025-06-26 22:00:00,67278.07164279514,1.0366341961423555,15409.353611111112,51867.68139748788,senario_A
2025-06-26 23:00:00,64224.48124782986,0.18616333408281194,15086.494094509548,49137.80098998624,senario_A
2025-06-27 00:00:00,60512.38799696181,0.22553901554395756,15208.407957628038,45303.75450031823,senario_A
2025-06-27 01:00:00,57421.80765625,0.22464142676442855,15028.001742621527,42393.58127220171,senario_A
2025-06-27 02:00:00,54531.05437934028,0.2123090527579188,14663.064452039933,39867.77761824759,senario_A
2025-06-27 03:00:00,52829.70110568577,0.21865551423281432,12388.560997450088,40440.92145272145,senario_A
2025-06-27 04:00:00,51585.21004123264,0.27779930887122944,12634.787317708331,38950.144924215434,senario_A
2025-06-27 05:00:00,50778.26593641493,0.39784007808814437,12533.506859266494,38244.36123707035,senario_A
2025-06-27 06:00:00,51333.97494032118,0.39383565537631515,10534.670423177084,40798.91068148872,senario_A
2025-06-27 07:00:00,52323.16773871528,285.79569375661515,8535.239430609809,43502.13261434886,senario_A
2025-06-27 08:00:00,54192.83283420139,9302.662145385742,7894.587726915148,36995.5829619005,senario_A
2025-06-27 09:00:00,58837.47715603298,25768.556710611978,7645.212511935764,25423.70793348524,senario_A
2025-06-27 10:00:00,63460.77222222222,33031.00369140625,8747.10864203559,21682.65988878038,senario_A
2025-06-27 11:00:00,66540.05573350695,36849.032333984374,8771.031413845487,20919.991985677087,senario_A
2025-06-27 12:00:00,68987.05370876736,38649.24438151042,7903.386096462674,22434.423230794266,senario_A
2025-06-27 13:00:00,72274.67501302084,38532.922014973956,7119.326512044271,26622.426486002612,senario_A
2025-06-27 14:00:00,75043.69680555556,37283.0432421875,7294.742027994792,30465.91153537327,senario_A
2025-06-27 15:00:00,76111.61413194444,36081.64941406249,8561.739631076389,31468.225086805563,senario_A
2025-06-27 16:00:00,76871.5898936632,34483.42153401693,10118.81111735026,32269.357242296006,senario_A
2025-06-27 17:00:00,76944.88371744791,32765.652140299477,11965.360648057724,32213.870929090714,senario_A
2025-06-27 18:00:00,76841.10695529514,29175.97057535808,12188.34098280165,35476.79539713541,senario_A
2025-06-27 19:00:00,75690.65851996528,22612.198330891926,12315.936875813804,40762.523313259546,senario_A
2025-06-27 20:00:00,72844.61729817708,8819.518798828125,11303.640871310765,52721.45762803819,senario_A
2025-06-27 21:00:00,69514.74251302083,716.4281374641259,11156.697313639324,57641.61706191738,senario_A
2025-06-27 22:00:00,68094.09354600694,0.3536959524204333,12767.127329644098,55326.612520410425,senario_A
2025-06-27 23:00:00,66029.17664713542,0.22153548017144203,14550.462686631943,51478.4924250233,senario_A
2025-06-28 00:00:00,63259.69728841146,0.23912360871210692,15518.124359809028,47741.333804993716,senario_A
2025-06-28 01:00:00,60112.550345052085,0.23850223430742812,16166.17645562066,43946.135387197115,senario_A
2025-06-28 02:00:00,57319.09393229167,0.24749571786572533,16644.182578125,40674.6638584488,senario_A
2025-06-28 03:00:00,54781.5244813368,0.269140543124328,17164.24700737847,37617.0083334152,senario_A
2025-06-28 04:00:00,53332.821110026045,0.34897004519899677,17305.844704861112,36026.627435119735,senario_A
2025-06-28 05:00:00,52362.41445529514,0.49362088491519285,16602.418525390625,35759.5023090196,senario_A
2025-06-28 06:00:00,52103.6163172743,0.503937524581949,15787.46740234375,36315.64497740597,senario_A
2025-06-28 07:00:00,51628.85305338541,307.33455574636656,15147.65376763238,36173.86473000666,senario_A
2025-06-28 08:00:00,53225.11031032986,9448.699649454753,13404.340887858072,30372.06977301703,senario_A
2025-06-28 09:00:00,59658.59779296875,27453.89659261068,11810.19561387804,20394.50558648003,senario_A
2025-06-28 10:00:00,64398.683582899306,35942.81626302083,12499.406357421874,15956.4609624566,senario_A
2025-06-28 11:00:00,65578.12592013889,38289.68077799479,12533.490402560765,14754.954739583332,senario_A
2025-06-28 12:00:00,68489.32989583333,39189.57881510418,10838.041976996528,18461.709103732624,senario_A
2025-06-28 13:00:00,71496.6082530382,39941.68457682292,8547.362269422743,23007.561406792534,senario_A
2025-06-28 14:00:00,74153.70142795138,39494.49081380208,8249.184672309028,26410.02594184028,senario_A
2025-06-28 15:00:00,75802.85510416667,39101.63186848958,9131.082790527344,27570.14044514974,senario_A
2025-06-28 16:00:00,76547.04239149306,37853.27206136068,10606.93458251953,28086.835747612848,senario_A
2025-06-28 17:00:00,76988.51375434028,35501.01564778646,12127.08077907986,29360.417327473962,senario_A
2025-06-28 18:00:00,77009.07066189236,33104.11041015625,14016.332646484376,29888.627605251728,senario_A
2025-06-28 19:00:00,76686.08053385417,25845.72255452474,15717.03144314236,35123.32653618707,senario_A
2025-06-28 20:00:00,74577.89830295139,10832.056263020833,16280.570922309029,47465.27111762153,senario_A
2025-06-28 21:00:00,71494.24233940973,859.6114789350828,15475.057055392796,55159.57380508185,senario_A
2025-06-28 22:00:00,69697.05130208333,0.5489342910703272,17014.210681152344,52682.29168663992,senario_A
2025-06-28 23:00:00,66639.26089626735,0.2725030981500943,19146.14160373264,47492.84678943656,senario_A
2025-06-29 00:00:00,63511.19956380208,0.28077303480356924,20334.04899251302,43176.86979825425,senario_A
2025-06-29 01:00:00,60185.24157769097,0.35329338235780594,19136.940372721358,41047.94791158725,senario_A
2025-06-29 02:00:00,57404.126558159725,0.3027268189688523,18209.269015842016,39194.55481549874,senario_A
2025-06-29 03:00:00,55398.48251953125,0.2828556178820629,17899.303705512153,37498.89595840122,senario_A
2025-06-29 04:00:00,53674.40404730903,0.2792535121180116,17754.596053602432,35919.52874019448,senario_A
2025-06-29 05:00:00,52207.68531467014,0.613452318161726,17995.61950249566,34211.45235985632,senario_A
2025-06-29 06:00:00,51592.08616753472,0.5509482804437478,17498.756953667536,34092.77826558674,senario_A
2025-06-29 07:00:00,50868.66918836805,359.63394471377137,16453.045616319443,34055.98962733483,senario_A
2025-06-29 08:00:00,52473.53305989583,9951.672660522463,13684.42540907118,28837.43499030219,senario_A
2025-06-29 09:00:00,57956.17081380208,26487.234908854167,11626.061645236545,19842.874259711367,senario_A
2025-06-29 10:00:00,62328.48839518229,32471.84572753906,11197.369309624566,18659.273358018665,senario_A
2025-06-29 11:00:00,64835.398411458336,35559.702769368494,10596.070519476996,18679.625122612844,senario_A
2025-06-29 12:00:00,67110.18489149306,36389.07525472005,9696.717756618924,21024.391880154082,senario_A
2025-06-29 13:00:00,69701.24172526042,36200.97502685547,8949.633508843315,24550.633189561635,senario_A
2025-06-29 14:00:00,71217.29524739583,34665.54656575521,9240.814680989582,27310.934000651032,senario_A
2025-06-29 15:00:00,72394.92750868056,34439.100084635415,9497.21478732639,28458.612636718753,senario_A
2025-06-29 16:00:00,73290.45125868055,33142.322669270834,9210.235850694444,30937.892738715273,senario_A
2025-06-29 17:00:00,74051.99563802083,28649.71473063151,8424.626502007379,36977.654405381945,senario_A
2025-06-29 18:00:00,74412.1166232639,25492.486256510412,10380.964293619792,38538.66607313369,senario_A
2025-06-29 19:00:00,73812.6231749132,20187.64590616862,14260.670818413628,39364.30645033095,senario_A
2025-06-29 20:00:00,71890.9729578993,9810.016595458985,16800.27953667535,45280.67682576497,senario_A
2025-06-29 21:00:00,69553.89967230902,814.5047857356196,16776.363098958333,51963.031787615066,senario_A
2025-06-29 22:00:00,67770.13258246527,0.30613929982607563,16637.67886827257,51132.14757489288,senario_A
2025-06-29 23:00:00,64752.86453667535,0.28550477887193354,15411.513826768663,49341.065205127816,senario_A
2025-06-30 00:00:00,61163.60010416667,0.30673390242581566,16035.28228705512,45128.011083209116,senario_A
2025-06-30 01:00:00,57875.96359049479,0.31627331469207987,16270.85603298611,41604.791284194,senario_A
2025-06-30 02:00:00,55256.22907118056,0.3111002735048532,14834.806467013888,40421.111503893175,senario_A
2025-06-30 03:00:00,53386.62435546875,0.30630780187125,12883.765581597225,40502.55246606966,senario_A
2025-06-30 04:00:00,52600.87292643229,0.43306622172395387,11961.333423394097,40639.106436816466,senario_A
2025-06-30 05:00:00,51894.95457248264,0.47204070800294473,11634.248245713976,40260.23428606066,senario_A
2025-06-30 06:00:00,52479.10235243056,0.47947212222963576,10864.71516140408,41613.90771890425,senario_A
2025-06-30 07:00:00,53138.80765516493,324.75821300387383,10323.771340874566,42490.27810128649,senario_A
2025-06-30 08:00:00,54853.27711154514,8610.269735514323,8903.625599772135,37339.381776258684,senario_A
2025-06-30 09:00:00,60308.78475368924,23895.015851236978,7460.161930881077,28953.60697157118,senario_A
2025-06-30 10:00:00,63529.63114800347,31505.62109863281,7170.837377115886,24853.172672254776,senario_A
2025-06-30 11:00:00,66356.30075086806,32997.72228515625,5774.115913628472,27584.46255208334,senario_A
2025-06-30 12:00:00,69770.73992838542,34391.10448242188,4661.370690239801,30718.26475572374,senario_A
2025-06-30 13:00:00,73241.2068185764,35424.86334309896,3764.326622178819,34052.01685329861,senario_A
2025-06-30 14:00:00,75487.13810329861,32235.89900716146,4482.898194173177,38768.34090196397,senario_A
2025-06-30 15:00:00,76616.53825737847,29218.191768391924,4880.9023495822485,42517.4441394043,senario_A
2025-06-30 16:00:00,76479.1653515625,26647.88027669271,6289.993699001736,43541.291375868044,senario_A
2025-06-30 17:00:00,74659.70295572917,24505.259103190103,8918.458793674045,41235.98505886502,senario_A
2025-06-30 18:00:00,74372.27481770833,20244.64034342448,9700.17787217882,44427.45660210503,senario_A
2025-06-30 19:00:00,72640.80998697916,13998.185100504557,9365.954081488717,49276.670804985886,senario_A
2025-06-30 20:00:00,70461.89649305555,5575.355935465495,10314.264710286458,54572.2758473036,senario_A
2025-06-30 21:00:00,67589.04900607638,384.80303870142745,11718.247158474393,55485.998808900564,senario_A
2025-06-30 22:00:00,65784.14112413194,0.25906453202789026,10276.97681233724,55506.90524726267,senario_A
2025-06-30 23:00:00,62095.93683159722,0.2620329828436176,8104.268185085721,53991.406613528656,senario_A
2025-07-01 00:00:00,58108.21197591146,0.27779335549101225,6850.738424072266,51257.1957584837,senario_A
2025-07-01 01:00:00,54865.22572916667,0.35578566377361615,5224.70623155382,49640.16371194908,senario_A
2025-07-01 02:00:00,52657.740655381946,0.47993248390654725,5199.17273546007,47458.087987437975,senario_A
2025-07-01 03:00:00,51080.49683159722,0.5219443549588323,5968.932650824653,45111.04223641761,senario_A
2025-07-01 04:00:00,49713.96628472222,0.4851431244611739,5873.655205078125,43839.825936519635,senario_A
2025-07-01 05:00:00,49622.28701171875,0.4951274930934111,5980.365301649305,43641.42658257635,senario_A
2025-07-01 06:00:00,50268.31877387153,0.4628883214791615,5910.576004774305,44357.27988077574,senario_A
2025-07-01 07:00:00,51231.755470920136,246.15983628148834,4457.020487128364,46528.57514751028,senario_A
2025-07-01 08:00:00,52496.90855143229,5209.189227091471,3158.432978108724,44129.2863462321,senario_A
2025-07-01 09:00:00,56107.95546657986,14600.715420735678,2273.026525472005,39234.21352037217,senario_A
2025-07-01 10:00:00,60133.46306532118,21938.02347778321,2546.140240139432,35649.29934739854,senario_A
2025-07-01 11:00:00,63934.09973958333,26503.509690755207,2734.914104071723,34695.6759447564,senario_A
2025-07-01 12:00:00,66731.28454427083,28599.416341145836,3148.636474338108,34983.231728786894,senario_A
2025-07-01 13:00:00,70156.95680338542,30778.93048502604,3473.64445827908,35904.3818600803,senario_A
2025-07-01 14:00:00,72470.53106336805,30963.22726888021,3834.482321234809,37672.82147325303,senario_A
2025-07-01 15:00:00,74353.72340277777,28983.179930826824,4145.877090521918,41224.66638142903,senario_A
2025-07-01 16:00:00,75862.54057725695,27071.10689453125,4527.668792860243,44263.76488986546,senario_A
2025-07-01 17:00:00,76069.30369140625,25055.624477539066,5293.7912391493055,45719.88797471788,senario_A
2025-07-01 18:00:00,74760.48102430555,20366.41584798177,4782.191591796875,49611.87358452691,senario_A
2025-07-01 19:00:00,73078.40807074653,14112.36143107096,4837.558821207683,54128.48781846789,senario_A
2025-07-01 20:00:00,70445.21126302083,5225.491708170573,4355.919345024957,60863.8002098253,senario_A
2025-07-01 21:00:00,67749.76315972222,386.64895658890407,3752.323602227105,63610.79060090621,senario_A
2025-07-01 22:00:00,65606.04108723959,0.9230915145824353,3755.4070434570312,61849.71095226797,senario_A
2025-07-01 23:00:00,62939.98497829861,0.25264662720883874,3406.463056776259,59533.269274895145,senario_A
2025-07-02 00:00:00,60501.31094835069,0.2209193750222523,3162.551140001085,57338.53888897458,senario_A
2025-07-02 01:00:00,58018.82955186632,0.22013382700582335,3149.4318560112847,54869.17756202803,senario_A
2025-07-02 02:00:00,55742.20090060764,0.3395641689250866,3369.2928157552083,52372.568520683504,senario_A
2025-07-02 03:00:00,53656.33405707465,0.3747610713293154,3657.6047854275175,49998.3545105758,senario_A
2025-07-02 04:00:00,52735.17411458334,0.3746115594605604,4046.631253526476,48688.1682494974,senario_A
2025-07-02 05:00:00,52406.92576605903,0.37398431318501624,4134.760747070312,48271.79103467553,senario_A
2025-07-02 06:00:00,52858.215104166666,0.37872777437170346,3838.968545735677,49018.86783065662,senario_A
2025-07-02 07:00:00,53567.54461371528,165.5783941666782,3433.540171169705,49968.4260483789,senario_A
2025-07-02 08:00:00,55451.86520073785,4723.728974812825,3131.6636097547744,47596.47261617025,senario_A
2025-07-02 09:00:00,58883.139637586806,14887.827424316405,2852.485789116753,41142.826424153645,senario_A
2025-07-02 10:00:00,62757.33439887153,22264.944842122397,3305.203180609809,37187.18637613932,senario_A
2025-07-02 11:00:00,66256.40264756944,27197.127750651045,4375.488161892361,34683.786735026035,senario_A
2025-07-02 12:00:00,69787.7575998264,29568.306038411458,5612.352879231771,34607.09868218316,senario_A
2025-07-02 13:00:00,73185.10524305556,30579.931344401044,6706.495623372396,35898.67827528212,senario_A
2025-07-02 14:00:00,75015.04575954861,31688.80912272135,7314.101781412761,36012.13485541449,senario_A
2025-07-02 15:00:00,75422.79329427083,29828.19424804688,8927.483147243924,36667.115898980024,senario_A
2025-07-02 16:00:00,74967.15716145834,27081.30257486979,10090.198875868056,37795.655710720486,senario_A
2025-07-02 17:00:00,73978.32110243055,24537.64184082031,9935.34365125868,39505.33561035156,senario_A
2025-07-02 18:00:00,72793.01418836806,19208.265872395834,10589.06982313368,42995.67849283855,senario_A
2025-07-02 19:00:00,71150.15125868056,11679.143916015626,11806.070082465278,47664.93726019966,senario_A
2025-07-02 20:00:00,68838.45580295139,3781.234284006755,10829.401381293404,54227.82013765122,senario_A
2025-07-02 21:00:00,67093.839609375,309.404427494801,11185.981943359377,55598.45323852083,senario_A
2025-07-02 22:00:00,66081.8737391493,0.22354680980245262,11374.870537109377,54706.77965523012,senario_A
2025-07-02 23:00:00,63207.31656467014,0.23297138169407836,10908.183697916667,52298.899895371775,senario_A
2025-07-03 00:00:00,59930.18770182291,0.2780443143596251,9935.681825900609,49994.22783160795,senario_A
2025-07-03 01:00:00,57115.03884548611,0.3922397028406461,9625.60834092882,47489.03826485445,senario_A
2025-07-03 02:00:00,54903.54666232639,0.3829864275703827,9094.772068142362,45808.391607756465,senario_A
2025-07-03 03:00:00,53410.45197048611,0.37297681691745915,8742.789182942708,44667.289810726485,senario_A
2025-07-03 04:00:00,52737.850245225694,0.3709485311309496,7989.643352864583,44747.83594382998,senario_A
2025-07-03 05:00:00,52487.32734157986,0.46375576369464394,7670.481742621528,44816.381843194635,senario_A
2025-07-03 06:00:00,53274.23707899306,0.4432438337554534,8038.196953667535,45235.59688149177,senario_A
2025-07-03 07:00:00,54403.95514973958,55.41067784955105,9022.996063368057,45325.54840852198,senario_A
2025-07-03 08:00:00,55685.78238064236,1907.6115975697835,9518.817782118056,44259.35300095452,senario_A
2025-07-03 09:00:00,58406.66347981771,6553.323839009603,10347.868490668405,41505.4711501397,senario_A
2025-07-03 10:00:00,61233.16641493056,11456.559196777343,12102.510160590278,37674.09705756293,senario_A
2025-07-03 11:00:00,63405.66696831597,14905.853432617188,12726.645064019098,35773.16847167969,senario_A
2025-07-03 12:00:00,65427.10379557292,17127.173474934894,13446.341388888888,34853.58893174914,senario_A
2025-07-03 13:00:00,67259.85373263889,17747.048170572918,13349.319341362849,36163.486220703126,senario_A
2025-07-03 14:00:00,68408.90412760417,19135.033261718745,14183.510419921877,35090.360445963546,senario_A
2025-07-03 15:00:00,67669.86912760416,17911.015371093752,13767.66966471354,35991.18409179687,senario_A
2025-07-03 16:00:00,67710.80961805556,15765.721656901042,13019.708078342012,38925.37988281251,senario_A
2025-07-03 17:00:00,67114.1720030382,14345.678745117188,11656.19122829861,41112.302029622406,senario_A
2025-07-03 18:00:00,66265.59671657986,12264.59482421875,11512.308738064236,42488.69315429688,senario_A
2025-07-03 19:00:00,64569.39203993056,6822.160522867838,12014.534189453125,45732.697327609596,senario_A
2025-07-03 20:00:00,62797.65718098958,3236.206806030273,12751.388812934028,46810.06156202529,senario_A
2025-07-03 21:00:00,61563.00736328125,488.6084854698181,13281.55835015191,47792.840527659515,senario_A
2025-07-03 22:00:00,60903.47173177084,1.1840846491356691,12884.038582899306,48018.2490642224,senario_A
2025-07-03 23:00:00,58989.79972005208,0.3719858110944429,12375.905334201389,46613.5224000396,senario_A
2025-07-04 00:00:00,56772.45542751736,0.4027304315070311,12290.789656032986,44481.263041052865,senario_A
2025-07-04 01:00:00,55054.27178819444,0.4413736042380333,12002.028504774304,43051.8019098159,senario_A
2025-07-04 02:00:00,53440.43907877604,0.5586926373839378,11734.193036838107,41705.68734930055,senario_A
2025-07-04 03:00:00,51915.32795138889,0.5800394789377847,11778.90906032986,40135.83885158009,senario_A
2025-07-04 04:00:00,50965.99727864583,0.6145284257332484,11237.189536675349,39728.19321354474,senario_A
2025-07-04 05:00:00,50401.87069227431,0.5849261219799519,10742.607550998264,39658.67821515407,senario_A
2025-07-04 06:00:00,50297.64916015625,0.5872982377807299,10837.938177083332,39459.12368483514,senario_A
2025-07-04 07:00:00,50220.43317708333,39.53090097248554,10095.77654622396,40085.12572988688,senario_A
2025-07-04 08:00:00,50563.28234375,1927.6587214406331,8873.281216362848,39762.34240594652,senario_A
2025-07-04 09:00:00,53283.31085720486,6674.531795247396,8308.23831000434,38300.54075195313,senario_A
2025-07-04 10:00:00,56964.825112847226,13510.122584635415,8724.657759331598,34730.044768880216,senario_A
2025-07-04 11:00:00,59853.10409722223,20111.65865559896,8967.658071831596,30773.78736979168,senario_A
2025-07-04 12:00:00,62859.94889105903,23604.613430989582,9414.222057291669,29841.113402777773,senario_A
2025-07-04 13:00:00,65025.6059375,27692.930771484374,9514.881788194443,27817.79337782118,senario_A
2025-07-04 14:00:00,66698.22764973958,28562.94737386068,9496.480140245225,28638.80013563368,senario_A
2025-07-04 15:00:00,67561.85711371528,27456.577177734376,9241.29529188368,30863.984644097218,senario_A
2025-07-04 16:00:00,67998.23835069445,24719.622591145835,9014.748679470486,34263.867080078126,senario_A
2025-07-04 17:00:00,67574.39279513889,21940.399514973957,8999.528224826388,36634.46505533854,senario_A
2025-07-04 18:00:00,66028.60654947917,18370.981946614585,9530.863819444445,38126.76078342014,senario_A
2025-07-04 19:00:00,63683.59009548611,15237.355393880207,10088.21343858507,38358.02126302084,senario_A
2025-07-04 20:00:00,61769.9077061632,8898.69387858073,11314.849370659722,41556.36445692275,senario_A
2025-07-04 21:00:00,60432.094578993056,1544.150781267484,12642.68523111979,46245.258566605786,senario_A
2025-07-04 22:00:00,59333.93811848958,1.754600953279684,14807.309104003907,44524.874413532394,senario_A
2025-07-04 23:00:00,57982.06983506944,0.21753829258804513,16281.213748372396,41700.63854840446,senario_A
2025-07-05 00:00:00,56378.06821180556,0.35773088711003465,16853.29186143663,39524.41861948182,senario_A
2025-07-05 01:00:00,54489.090401475696,0.436350243166089,16482.23853407118,38006.41551716135,senario_A
2025-07-05 02:00:00,52791.33134331597,0.41185559978087743,14983.42033420139,37807.4991535148,senario_A
2025-07-05 03:00:00,51052.34238172743,0.4208454283326864,13678.857306586371,37373.06422971272,senario_A
2025-07-05 04:00:00,50145.74090711806,0.43304818664987876,11789.405733506945,38355.902125424465,senario_A
2025-07-05 05:00:00,49801.01536024306,0.4290819279849529,9594.949954427084,40205.636323887986,senario_A
2025-07-05 06:00:00,49918.7160655382,0.43263855040073385,7671.220209418403,42247.0632175694,senario_A
2025-07-05 07:00:00,49945.37784505208,125.34625236074129,6456.094095052084,43363.93749763926,senario_A
2025-07-05 08:00:00,50785.44346137153,3902.6492083231606,5840.640620117188,41042.153632931186,senario_A
2025-07-05 09:00:00,53388.21184461805,11524.793298339842,5708.853947482639,36154.564598795565,senario_A
2025-07-05 10:00:00,56438.57598307292,16267.481204427084,5772.421519639757,34398.673259006086,senario_A
2025-07-05 11:00:00,59165.564296875,20014.71955891927,5478.650978190104,33672.19375976563,senario_A
2025-07-05 12:00:00,61408.33228298611,23288.313058268228,5294.122259114583,32825.8969656033,senario_A
2025-07-05 13:00:00,63378.30712999132,25802.816805826824,6112.1851563856335,31463.30516777886,senario_A
2025-07-05 14:00:00,64488.892741970485,26660.927307128906,6966.797308078342,30861.168126763238,senario_A
2025-07-05 15:00:00,65505.78076388889,26451.13450276693,7775.690488959418,31278.955772162542,senario_A
2025-07-05 16:00:00,65898.35201171874,26065.069986979164,8367.78658094618,31465.4954437934,senario_A
2025-07-05 17:00:00,65636.80261935764,23891.84530110677,8806.917489149306,32938.03982910156,senario_A
2025-07-05 18:00:00,64769.908624131946,21361.100857747395,9034.398976779514,34374.40878960503,senario_A
2025-07-05 19:00:00,63805.17994574653,16516.329799804687,9864.38580186632,37424.46434407553,senario_A
2025-07-05 20:00:00,62132.84300347222,8974.296229654949,10959.491293402778,42199.05548041449,senario_A
2025-07-05 21:00:00,60968.38806423611,1260.1613944311937,10231.214812554254,49477.01185725067,senario_A
2025-07-05 22:00:00,60512.98040581597,0.43476284392178055,8935.638649088542,51576.90699388351,senario_A
2025-07-05 23:00:00,58638.774097222224,0.40480408536891144,8233.31090549045,50405.05838764641,senario_A
2025-07-06 00:00:00,56360.6061328125,0.37297574256857235,7907.289698893229,48452.943458176705,senario_A
2025-07-06 01:00:00,54395.88193359375,0.3759780675917863,8363.405758463541,46032.100197062624,senario_A
2025-07-06 02:00:00,51894.70164930556,0.5072880204518635,7235.546301540799,44658.648059744315,senario_A
2025-07-06 03:00:00,49954.26283637153,0.530979568362236,5250.378173285591,44703.35368351757,senario_A
2025-07-06 04:00:00,48951.66658203125,0.6025179784496625,4246.631526421441,44704.43253763136,senario_A
2025-07-06 05:00:00,48076.61587456597,0.5662279822429022,3766.164770236545,44309.88487634718,senario_A
2025-07-06 06:00:00,47810.45998263889,0.6112589659293491,3790.008033311632,44019.84069036132,senario_A
2025-07-06 07:00:00,47774.258912760415,177.51379952088,4206.362960069445,43390.38215317009,senario_A
2025-07-06 08:00:00,49378.60259765625,5336.597946573893,3940.4197154405374,40101.58493564182,senario_A
2025-07-06 09:00:00,53467.77939453125,16420.242098795574,3341.483903808594,33706.05339192708,senario_A
2025-07-06 10:00:00,57402.45019314236,21767.909138997395,3530.0620361328124,32104.479018012156,senario_A
2025-07-06 11:00:00,60179.20519314236,25757.418712565104,4083.333879665799,30338.452600911456,senario_A
2025-07-06 12:00:00,62750.57375868056,29328.876826171872,4821.369796549479,28600.32713595921,senario_A
2025-07-06 13:00:00,64388.33396918403,31976.269332682292,5245.628751627604,27166.435884874132,senario_A
2025-07-06 14:00:00,66175.95945746527,33013.933365885416,5760.195429144966,27401.83066243489,senario_A
2025-07-06 15:00:00,67898.87575086806,33381.694052734376,6635.5170068359375,27881.664691297745,senario_A
2025-07-06 16:00:00,69412.27585503472,32549.06482096354,7597.800612521702,29265.41042154948,senario_A
2025-07-06 17:00:00,69794.65211805556,30968.001477050773,8370.445811903212,30456.204829101574,senario_A
2025-07-06 18:00:00,70093.95011284722,28075.75923502604,9008.569296875,33009.62158094618,senario_A
2025-07-06 19:00:00,68837.642578125,22929.957447916666,9025.016615668404,36882.66851453993,senario_A
2025-07-06 20:00:00,66952.2203689236,11671.871782226563,8435.66876139323,46844.679825303814,senario_A
2025-07-06 21:00:00,65196.34670355903,1063.8737354660034,7615.776613498264,56516.69635459476,senario_A
2025-07-06 22:00:00,63527.860251736114,12.711204403241474,7558.401071506077,55956.747975826795,senario_A
2025-07-06 23:00:00,61257.79097873264,12.828172089258828,7474.12833170573,53770.834474937656,senario_A
2025-07-07 00:00:00,58372.61115885417,12.88550775051117,8618.864124348958,49740.8615267547,senario_A
2025-07-07 01:00:00,55715.616215277776,12.877258625030517,9076.995562065971,46625.74339458678,senario_A
2025-07-07 02:00:00,53427.02972222222,12.87569600582123,8638.412134331596,44775.7418918848,senario_A
2025-07-07 03:00:00,51898.63243923611,12.878584618568421,7489.7500797526045,44396.003774864934,senario_A
2025-07-07 04:00:00,50947.70272677951,12.885415428876877,6268.626820746528,44666.19049060411,senario_A
2025-07-07 05:00:00,50832.76372178819,11.117156297465165,5480.849630533854,45340.796934956874,senario_A
2025-07-07 06:00:00,51773.11917100695,1.0513372406363486,5044.033978949653,46728.03385481666,senario_A
2025-07-07 07:00:00,53172.43536024306,163.66979824751616,5178.993285590278,47829.77227640526,senario_A
2025-07-07 08:00:00,55276.720772569446,6170.876206359864,5780.41150390625,43325.43306230333,senario_A
2025-07-07 09:00:00,59400.99253472222,20269.687373046876,4240.971896158854,34890.3332655165,senario_A
2025-07-07 10:00:00,62450.03328342014,26234.985037434897,4718.791051974827,31496.257194010417,senario_A
2025-07-07 11:00:00,64410.59800130208,28335.203307291667,5086.295124782986,30989.09956922743,senario_A
2025-07-07 12:00:00,66959.33194661458,29935.308388671874,5548.4982386610245,31475.525319281678,senario_A
2025-07-07 13:00:00,68947.56733072917,30274.130703124996,6123.566934814453,32549.869692789725,senario_A
2025-07-07 14:00:00,71205.67816840278,30358.69354248047,6765.011671413846,34081.97295450847,senario_A
2025-07-07 15:00:00,73427.56524305555,32013.395123697916,6401.781176757812,35012.38894259982,senario_A
2025-07-07 16:00:00,74343.14339409722,32805.54765299479,7536.863161349826,34000.7325797526,senario_A
2025-07-07 17:00:00,75105.40363715278,28803.722884114584,7645.651699761284,38656.02905327691,senario_A
2025-07-07 18:00:00,74889.0247265625,27010.391061197915,8112.311126302084,39766.322539062494,senario_A
2025-07-07 19:00:00,73760.84802951389,23606.644433593752,7171.764826931423,42982.43876898871,senario_A
2025-07-07 20:00:00,71316.01249131944,11736.327389729819,6586.466057400174,52993.21904418945,senario_A
2025-07-07 21:00:00,68683.7580078125,1419.366604136328,8037.906378580729,59226.48502509544,senario_A
2025-07-07 22:00:00,67345.93491753472,0.22568330783396956,10469.567471788194,56876.141762438696,senario_A
2025-07-07 23:00:00,64002.07788411458,0.33346077263355256,11944.744326171874,52057.00009717007,senario_A
2025-07-08 00:00:00,60708.59322048611,0.33050142335395016,12665.555709635417,48042.70700942734,senario_A
2025-07-08 01:00:00,57206.92552300347,0.33716689194242155,10965.300737847225,46241.2876182643,senario_A
2025-07-08 02:00:00,54898.08838107639,0.3503239428251982,9808.739445529514,45088.99861160405,senario_A
2025-07-08 03:00:00,52761.59656032986,0.36819046827654045,9438.022669270831,43323.205700590755,senario_A
2025-07-08 04:00:00,51736.96326171875,0.511487601896127,9700.866226128472,42035.58554798838,senario_A
2025-07-08 05:00:00,51542.18071180556,0.5099329094588756,9026.851765407986,42514.819013488115,senario_A
2025-07-08 06:00:00,52398.19991102431,0.5291188882788023,9391.618442925348,43006.05234921069,senario_A
2025-07-08 07:00:00,53543.500620659725,78.19824490879972,9385.718857421874,44079.58351832905,senario_A
2025-07-08 08:00:00,54931.09674045139,4422.570546162924,8435.37962673611,42073.14656755235,senario_A
2025-07-08 09:00:00,58751.30401692708,17105.418452148435,6386.926888563368,35258.958676215276,senario_A
2025-07-08 10:00:00,64007.373156467016,27026.73041992187,7193.723287624783,29786.919448920362,senario_A
2025-07-08 11:00:00,66843.29075086805,32078.15511393229,6888.659593641493,27876.476043294268,senario_A
2025-07-08 12:00:00,69473.1299435764,34137.19781901042,5648.538377007379,29687.393747558595,senario_A
2025-07-08 13:00:00,72216.9232421875,34287.2246875,4732.411210394966,33197.28734429254,senario_A
2025-07-08 14:00:00,72699.73331597222,32291.27977213542,4365.324774576823,36043.12876925997,senario_A
2025-07-08 15:00:00,73370.82626085069,30723.732145182294,4197.637535264757,38449.45658040364,senario_A
2025-07-08 16:00:00,73745.01151475694,28336.514368489585,3818.2884263780384,41590.20871988932,senario_A
2025-07-08 17:00:00,73453.54146267362,23980.093209635415,3824.550329861111,45648.89792317709,senario_A
2025-07-08 18:00:00,72689.43103949653,19342.34684733073,3761.119823404948,49585.96436876085,senario_A
2025-07-08 19:00:00,70870.574453125,15029.156311848961,4157.715960828993,51683.70218044704,senario_A
2025-07-08 20:00:00,68224.42084201389,8911.686529744466,5014.086832817925,54298.647479451494,senario_A
2025-07-08 21:00:00,65270.98137586805,1049.3507817296186,6412.006486002604,57809.624108135824,senario_A
2025-07-08 22:00:00,63456.0165625,0.42979742603997395,8287.707796766494,55167.878968307465,senario_A
2025-07-08 23:00:00,60369.66946940104,0.26455202713608733,10940.943505859375,49428.46141151453,senario_A
2025-07-09 00:00:00,56775.87519314236,0.26158415359755344,12690.15988715278,44085.453721835984,senario_A
2025-07-09 01:00:00,54472.52222873264,0.2728169060250123,12543.391697048612,41928.857714778,senario_A
2025-07-09 02:00:00,52520.88164279514,0.2637166383614142,13818.555895182291,38702.062030974485,senario_A
2025-07-09 03:00:00,50841.49412651909,0.35276144307106727,15333.353517252604,35507.78784782341,senario_A
2025-07-09 04:00:00,49705.52789713542,0.4172085688014825,13703.575782335069,36001.53490623155,senario_A
2025-07-09 05:00:00,48925.59049262153,0.485842484186093,10869.010397135416,38056.094253001924,senario_A
2025-07-09 06:00:00,50151.4556749132,0.45505004480481137,9723.121767578124,40427.87885729028,senario_A
2025-07-09 07:00:00,51256.7145279948,126.63174845545242,10042.801013997396,41087.28176554195,senario_A
2025-07-09 08:00:00,52837.83941840278,4710.204025980632,8294.463468967015,39833.171923455135,senario_A
2025-07-09 09:00:00,56165.06722222222,16677.931077473957,5928.639031575521,33558.49711317274,senario_A
2025-07-09 10:00:00,59985.717585720486,23045.711332194012,5565.379978027344,31374.62627549913,senario_A
2025-07-09 11:00:00,63415.95366319444,26843.754967447916,5249.246858181424,31322.951837565102,senario_A
2025-07-09 12:00:00,66362.13376736111,27830.184560546884,5007.76814453125,33524.18106228298,senario_A
2025-07-09 13:00:00,69530.43605902778,30914.39575520833,4790.6130967881945,33825.42720703126,senario_A
2025-07-09 14:00:00,70528.40357421876,31252.903189290366,4304.324998236762,34971.175386691626,senario_A
2025-07-09 15:00:00,71805.50715494792,31437.952975260418,4231.207495388455,36136.346684299046,senario_A
2025-07-09 16:00:00,72923.06517795139,29051.415045572918,4106.836735568577,39764.81339680989,senario_A
2025-07-09 17:00:00,73969.62161892361,28044.124241536454,3893.3207101779512,42032.17666720921,senario_A
2025-07-09 18:00:00,74105.5076844618,26723.942275390626,4673.306283094618,42708.25912597656,senario_A
2025-07-09 19:00:00,73172.50951388889,22328.03911295573,5481.406961805556,45363.0634391276,senario_A
2025-07-09 20:00:00,70884.69637586805,11888.745009765626,6269.584150933159,52726.367215169266,senario_A
2025-07-09 21:00:00,67214.4524392361,1822.8248643972474,8022.688143988716,57368.93943085014,senario_A
2025-07-09 22:00:00,64995.30953559028,0.32632477035125085,10772.063445095486,54222.91976572444,senario_A
2025-07-09 23:00:00,61812.438465711806,0.590245124573509,13086.383880208334,48725.4643403789,senario_A
2025-07-10 00:00:00,58302.58171006945,0.5731105549136797,13696.448377278646,44605.56022223589,senario_A
2025-07-10 01:00:00,55465.87048177084,0.48478892664114626,14577.404344618057,40887.981348226145,senario_A
2025-07-10 02:00:00,52548.35023654514,0.6486592453966538,14700.372554253472,37847.32902304627,senario_A
2025-07-10 03:00:00,50904.25659613715,0.7556492076317469,14877.723767089845,36025.77717983967,senario_A
2025-07-10 04:00:00,49771.87119574653,0.8230636435747146,14756.649034288195,35014.399097814756,senario_A
2025-07-10 05:00:00,49579.269296875,1.010674264555176,14369.749978027345,35208.5086445831,senario_A
2025-07-10 06:00:00,50354.567211371526,1.0728402053316435,14498.748857421877,35854.74551374432,senario_A
2025-07-10 07:00:00,51483.48254991319,151.22428900768364,15367.77578450521,35964.4824764003,senario_A
2025-07-10 08:00:00,53230.31566189236,7230.246959126791,14489.701219618057,31510.367483147507,senario_A
2025-07-10 09:00:00,58037.86332682292,25921.5842578125,10855.78015407986,21260.498914930555,senario_A
2025-07-10 10:00:00,61588.44208224826,36401.0302335612,10831.365923665364,14356.045925021694,senario_A
2025-07-10 11:00:00,63812.48374240451,39966.29807779948,10971.074480251737,12875.111184353293,senario_A
2025-07-10 12:00:00,67387.49164930555,41333.27500732422,11563.01330593533,14491.203336046,senario_A
2025-07-10 13:00:00,71143.69523220486,41684.263492024744,12212.790186089407,17246.64155409071,senario_A
2025-07-10 14:00:00,74346.39403645834,40982.83875,13390.164694552952,19973.390591905387,senario_A
2025-07-10 15:00:00,75692.8890907118,39639.90650309245,15057.11375108507,20995.86883653429,senario_A
2025-07-10 16:00:00,76440.30200954861,37401.6066764323,15551.646474609375,23487.04885850694,senario_A
2025-07-10 17:00:00,77233.61494791666,36186.42999348958,16047.633895399304,24999.551059027777,senario_A
2025-07-10 18:00:00,77438.75646701388,34504.465843098966,16274.532712673612,26659.757911241304,senario_A
2025-07-10 19:00:00,76587.19615885416,30115.385989583338,16714.808918185765,29757.001251085057,senario_A
2025-07-10 20:00:00,74912.59969184028,14715.527980957031,17116.413784722223,43080.657926161024,senario_A
2025-07-10 21:00:00,72310.46943142361,1446.7518595480174,17462.72983723958,53400.98773463601,senario_A
2025-07-10 22:00:00,70602.4657595486,2.6048305942863226,21285.982552083333,49313.87837687099,senario_A
2025-07-10 23:00:00,67579.24180555556,0.452857288122177,25088.32485460069,42490.46409366674,senario_A
2025-07-11 00:00:00,63698.51226345486,0.38729519541064894,25582.067591145835,38116.05737711361,senario_A
2025-07-11 01:00:00,60043.56467230903,0.4058470736071467,24675.51912326389,35367.63970197154,senario_A
2025-07-11 02:00:00,57279.94632595487,0.5637157676617305,24141.32599609375,33138.05661409346,senario_A
2025-07-11 03:00:00,55221.603120659725,0.6939998417844375,23262.48310329861,31958.426017519327,senario_A
2025-07-11 04:00:00,53964.02134982639,0.6810647507508596,21718.717107204862,32244.623177870777,senario_A
2025-07-11 05:00:00,53326.42332465278,0.6783655326565106,19859.423355034723,33466.3216040854,senario_A
2025-07-11 06:00:00,53751.21898003472,0.7388404600818951,18557.99607638889,35192.48406318575,senario_A
2025-07-11 07:00:00,54722.468776041664,155.62256348709266,18915.07677517361,35651.769437380965,senario_A
2025-07-11 08:00:00,55737.06554253472,6335.198321024576,18744.13547309028,30657.73174841987,senario_A
2025-07-11 09:00:00,59824.44623914931,19674.296300455728,18323.46008680556,21826.689851888015,senario_A
2025-07-11 10:00:00,64172.40772135417,27862.111831054688,20967.81643012153,15342.47946017795,senario_A
2025-07-11 11:00:00,66882.46068576389,31190.829573567706,20281.3295030382,15410.301609157978,senario_A
2025-07-11 12:00:00,69657.94276041667,34672.96345703125,18140.404147135418,16844.575156250005,senario_A
2025-07-11 13:00:00,71693.44606119792,34981.92253173828,16612.75271484375,20098.770814615884,senario_A
2025-07-11 14:00:00,73530.63709635417,35371.15324869792,15806.931200086805,22352.552647569446,senario_A
2025-07-11 15:00:00,74288.362109375,35892.35657226563,16300.268567708334,22095.736969401034,senario_A
2025-07-11 16:00:00,75398.82076388889,35684.20749348958,16128.886006944444,23585.727263454864,senario_A
2025-07-11 17:00:00,75871.51138020834,33134.737109375,15554.723681640626,27182.050589192713,senario_A
2025-07-11 18:00:00,75693.68391059028,32911.42385091146,15293.618988715278,27488.64107096354,senario_A
2025-07-11 19:00:00,74525.18659722223,27985.111259765625,15655.940206163194,30884.135131293413,senario_A
2025-07-11 20:00:00,72335.0205251736,13522.200858968099,16207.93189127604,42604.88777492946,senario_A
2025-07-11 21:00:00,69053.07202690972,1366.2452015081296,16251.90342013889,51434.9234052627,senario_A
2025-07-11 22:00:00,66457.8426171875,0.277283227543036,17698.302194010415,48759.26313994955,senario_A
2025-07-11 23:00:00,65364.74360460069,0.5317062817265589,20123.81841579861,45240.393482520354,senario_A
2025-07-12 00:00:00,62667.70372395834,0.531158427298069,22208.74909939236,40458.42346613867,senario_A
2025-07-12 01:00:00,59529.397109375,0.44199012935161586,21827.6062890625,37701.34883018315,senario_A
2025-07-12 02:00:00,57290.6358984375,0.5891618165622154,20509.26965060764,36780.777086013295,senario_A
2025-07-12 03:00:00,55009.47327473958,0.5942140479385852,19054.783565538197,35954.09549515345,senario_A
2025-07-12 04:00:00,53628.47252604167,0.8492036071916421,17404.911586371527,36222.71173606295,senario_A
2025-07-12 05:00:00,52740.60094618056,0.9592328994969527,14603.920660807293,38135.72105247377,senario_A
2025-07-12 06:00:00,52600.71991102431,0.8761365688095489,11080.974449869793,41518.86932458571,senario_A
2025-07-12 07:00:00,52625.155533854166,92.71303911233942,11756.50032877604,40775.94216596578,senario_A
2025-07-12 08:00:00,53553.79644097222,4578.5849325052895,11565.473384331595,37409.73812413533,senario_A
2025-07-12 09:00:00,57574.7857530382,13483.838256022136,9873.817827690971,34217.12966932509,senario_A
2025-07-12 10:00:00,61799.89259114584,19088.117180989582,10334.613368055556,32377.162042100703,senario_A
2025-07-12 11:00:00,64642.43628689236,24767.348466796873,9493.994835069445,30381.092985026044,senario_A
2025-07-12 12:00:00,67694.1012717014,28220.04661783854,8784.204586588541,30689.850067274314,senario_A
2025-07-12 13:00:00,70837.81160590278,30396.932594401034,8957.523175998263,31483.355835503484,senario_A
2025-07-12 14:00:00,72641.4137109375,31233.266630859376,9198.973138020834,32209.173942057292,senario_A
2025-07-12 15:00:00,72764.69293402777,29439.2307421875,8199.414448242187,35126.04774359809,senario_A
2025-07-12 16:00:00,73791.72196614584,28076.022473958335,7736.857208658854,37978.84228352865,senario_A
2025-07-12 17:00:00,75549.1154578993,27032.978869628903,8193.254275173611,40322.88231309679,senario_A
2025-07-12 18:00:00,74243.91048611111,24016.886206054685,7181.535533854167,43045.48874620226,senario_A
2025-07-12 19:00:00,71681.52332682292,17818.882573242183,6727.323485785591,47135.317267795144,senario_A
2025-07-12 20:00:00,68379.04223090278,8947.929462483724,6793.363853081597,52637.74891533746,senario_A
2025-07-12 21:00:00,64750.61934027778,1118.5364643948774,6145.095211588542,57486.98766429436,senario_A
2025-07-12 22:00:00,63884.86626302084,0.4312864682078361,6699.687839626736,57184.7471369259,senario_A
2025-07-12 23:00:00,61705.706636284725,0.7097993123034636,7299.458703342014,54405.53813363041,senario_A
2025-07-13 00:00:00,59654.43980360243,0.7671447337170443,7462.728658311632,52190.94400055708,senario_A
2025-07-13 01:00:00,57053.09717881944,0.5510022913664578,7497.408211805556,49555.13796472251,senario_A
2025-07-13 02:00:00,54539.1205750868,0.7804513819764058,7440.731251627604,47097.60887207722,senario_A
2025-07-13 03:00:00,53038.45065972222,0.7846461353202661,6693.678734266493,46343.98727932041,senario_A
2025-07-13 04:00:00,52270.58336805556,0.8095802550514539,6625.571961805556,45644.20182599495,senario_A
2025-07-13 05:00:00,51422.45347439236,0.8954566155870756,6779.711499023438,44641.84651875333,senario_A
2025-07-13 06:00:00,50388.86841362847,0.871374403561155,6421.4710682508685,43966.52597097404,senario_A
2025-07-13 07:00:00,50320.42350911458,86.60766423414151,6366.352018229167,43867.46382665127,senario_A
2025-07-13 08:00:00,51731.35851345486,4660.780116322836,6164.702007378472,40905.876389753554,senario_A
2025-07-13 09:00:00,56756.59775173611,15357.688966471356,6857.640783962674,34541.26800130207,senario_A
2025-07-13 10:00:00,58454.3680186632,23194.219265950524,7508.359727647569,27751.789025065103,senario_A
2025-07-13 11:00:00,60347.14395399306,29637.03060872395,7189.231030273438,23520.88231499567,senario_A
2025-07-13 12:00:00,62966.03796657986,31137.177115885414,7077.842038845486,24751.01881184896,senario_A
2025-07-13 13:00:00,64815.46564236111,32824.588040364586,6443.172329644097,25547.705272352425,senario_A
2025-07-13 14:00:00,65898.38225260416,29161.00825846354,5789.95173719618,30947.422256944443,senario_A
2025-07-13 15:00:00,66887.96932074653,25336.93790039063,5524.131674804688,36026.899745551214,senario_A
2025-07-13 16:00:00,68105.42651909722,24434.208623046878,5368.90025390625,38302.317642144095,senario_A
2025-07-13 17:00:00,68954.6271484375,21589.214165039062,5348.926644422743,42016.486338975694,senario_A
2025-07-13 18:00:00,69709.47426215278,19607.248684895836,5295.172196180555,44807.053381076395,senario_A
2025-07-13 19:00:00,68896.9128515625,16668.63021972656,5621.578316514757,46606.704315321185,senario_A
2025-07-13 20:00:00,66811.45297309027,8382.185970052084,6720.930621202257,51708.33638183593,senario_A
2025-07-13 21:00:00,64986.61618923611,1015.255766354942,8077.037672526042,55894.322750355124,senario_A
2025-07-13 22:00:00,63932.8940516493,0.4493982455631096,9821.714244791669,54110.73040861207,senario_A
2025-07-13 23:00:00,61202.95269314236,0.6917942218979198,10602.875482855903,50599.38541606456,senario_A
2025-07-14 00:00:00,57973.08178168403,0.7279675191392501,11183.839748263888,46788.514065901,senario_A
2025-07-14 01:00:00,55769.17307725694,0.5465374582509199,11204.971998697916,44563.654541100776,senario_A
2025-07-14 02:00:00,53324.60448567708,0.8818696693827708,10300.230179578994,43023.4924364287,senario_A
2025-07-14 03:00:00,51528.17308159722,0.9380328700939815,9407.43099500868,42119.80405371844,senario_A
2025-07-14 04:00:00,50722.12447048611,1.0630665821333727,8278.778919270833,42442.28248463315,senario_A
2025-07-14 05:00:00,50288.17780815972,1.1565284185111524,7022.686290690104,43264.3349890511,senario_A
2025-07-14 06:00:00,51356.17029513889,1.0917233341932295,6029.875288628472,45325.203283176226,senario_A
2025-07-14 07:00:00,52844.66379557292,98.08530303577582,5472.100436740451,47274.47805579669,senario_A
2025-07-14 08:00:00,54386.58821614584,4659.213817189534,4809.342071940104,44918.032327016204,senario_A
2025-07-14 09:00:00,59547.59015190973,17643.378723958333,4347.582453342014,37556.62897460938,senario_A
2025-07-14 10:00:00,61911.82701605903,24446.66877766927,4444.789953342014,33020.36828504775,senario_A
2025-07-14 11:00:00,63739.011161024304,29903.893385416668,4126.560725368923,29708.557050238713,senario_A
2025-07-14 12:00:00,65633.12111328125,32685.808287760417,4262.036795518663,28685.276030002165,senario_A
2025-07-14 13:00:00,68214.32872395833,34202.173297526046,5092.184518771702,28919.970907660583,senario_A
2025-07-14 14:00:00,70821.66403645833,35075.45780924479,6671.691150173611,29074.515077039927,senario_A
2025-07-14 15:00:00,72400.57326388889,33301.96623697916,8901.841128472222,30196.7658984375,senario_A
2025-07-14 16:00:00,74004.93901909722,32716.86701171875,11406.274365234374,29881.797642144094,senario_A
2025-07-14 17:00:00,75975.29713541667,29874.189944661455,12828.326067708333,33272.78112304688,senario_A
2025-07-14 18:00:00,76007.25780381945,27609.818610026035,11448.164796006944,36949.27439778647,senario_A
2025-07-14 19:00:00,74731.32218315972,21779.752024739588,10869.153973524306,42082.416184895825,senario_A
2025-07-14 20:00:00,72177.06727864583,9010.454342244466,10790.42267578125,52376.19026062011,senario_A
2025-07-14 21:00:00,70223.44328559027,705.0774366062539,10811.67816297743,58706.68768600658,senario_A
2025-07-14 22:00:00,68358.69440538195,0.35803910560905927,11898.2090625,56460.127303776346,senario_A
2025-07-14 23:00:00,64965.21759982639,0.620899353896578,12726.21097764757,52238.385722824925,senario_A
2025-07-15 00:00:00,61232.47904296875,0.654911721770962,12736.085260416668,48495.738870830304,senario_A
2025-07-15 01:00:00,58445.66089192708,0.637713641449809,12580.98251627604,45864.04066200959,senario_A
2025-07-15 02:00:00,56037.9301453993,0.8404397900154192,13367.100067274305,42669.989638334984,senario_A
2025-07-15 03:00:00,54213.7008984375,0.9392446250220139,13277.93804904514,40934.82360476734,senario_A
2025-07-15 04:00:00,53181.89700737847,0.8646822166442871,12083.961435546877,41097.07088961496,senario_A
2025-07-15 05:00:00,52722.28975260416,0.9946752675374348,12230.556533203126,40490.7385441335,senario_A
2025-07-15 06:00:00,53678.88189019097,0.9772703868150711,12157.80878797743,41520.09583182672,senario_A
2025-07-15 07:00:00,54825.17794270833,136.76597781469425,12621.519300130209,42066.89266476343,senario_A
2025-07-15 08:00:00,55956.78470920139,6046.709386596679,11628.01618923611,38282.0591333686,senario_A
2025-07-15 09:00:00,59924.70248263889,19604.66824869791,10499.091649305556,29820.94258463542,senario_A
2025-07-15 10:00:00,65027.45208984375,28992.1647265625,12578.071748046876,23457.215615234374,senario_A
2025-07-15 11:00:00,67667.87432725694,34593.32548502604,13383.000184461804,19691.548657769097,senario_A
2025-07-15 12:00:00,71000.22472222222,37171.57340169271,13006.48085720486,20822.17046332465,senario_A
2025-07-15 13:00:00,74217.19899305556,37775.99381835938,13658.843018663194,22782.362156032985,senario_A
2025-07-15 14:00:00,76959.88063368056,38075.69181640625,15293.438094618055,23590.750722656252,senario_A
2025-07-15 15:00:00,77216.19965711805,35659.02837890625,15595.280576171876,25961.89070203992,senario_A
2025-07-15 16:00:00,77605.868515625,33915.807252604165,16118.1878515625,27571.873411458335,senario_A
2025-07-15 17:00:00,78310.61765625,33521.10111653646,15846.109657118055,28943.40688259549,senario_A
2025-07-15 18:00:00,77869.19805555555,31492.008600260415,15880.349637586804,30496.83981770833,senario_A
2025-07-15 19:00:00,77426.779921875,26108.92635904948,17493.466226128472,33824.38733669705,senario_A
2025-07-15 20:00:00,75797.59035590278,11752.821279296875,19350.13707465278,44694.63200195313,senario_A
2025-07-15 21:00:00,73078.1669314236,1135.9613155191887,18989.897977430555,52952.30763847386,senario_A
2025-07-15 22:00:00,70359.2460329861,0.48574327088892455,19555.89370442708,50802.86658528813,senario_A
2025-07-15 23:00:00,67160.05831163195,0.42505426651487743,20647.409069010417,46512.224188355016,senario_A
2025-07-16 00:00:00,63024.96478624132,0.5758163493374984,21449.899313151043,41574.48965674094,senario_A
2025-07-16 01:00:00,59129.138234592014,0.5991108327110607,21141.594753689234,37986.944370070065,senario_A
2025-07-16 02:00:00,56696.50689236111,0.6702141041556993,20096.881506076388,36598.95517218057,senario_A
2025-07-16 03:00:00,54798.74436631944,0.9666431029886008,18673.3766796875,36124.40104352895,senario_A
2025-07-16 04:00:00,53980.00905381944,0.790133169988791,17927.624273003472,36051.59464764598,senario_A
2025-07-16 05:00:00,53657.570492621526,0.7615256271511316,17205.67703125,36451.13193574437,senario_A
2025-07-16 06:00:00,54400.2065733507,0.9804861028989157,16867.956299913196,37531.269787334604,senario_A
2025-07-16 07:00:00,55402.46601128472,93.30081524347266,16700.93083767361,38608.23435836764,senario_A
2025-07-16 08:00:00,56469.5294422743,6415.406286875406,15965.060863715278,34089.06229168362,senario_A
2025-07-16 09:00:00,59923.51536675347,21596.312112630207,15691.372740885416,22635.830513237845,senario_A
2025-07-16 10:00:00,64880.78261284722,28854.004537760415,17875.218739149306,18151.559335937505,senario_A
2025-07-16 11:00:00,67867.79101345486,32599.070624186195,18147.73869737413,17120.981691894536,senario_A
2025-07-16 12:00:00,70545.58965277778,35263.698606770835,16865.05529188368,18416.835754123265,senario_A
2025-07-16 13:00:00,73729.55749565973,38584.11043945312,14600.461631944445,20544.98542426216,senario_A
2025-07-16 14:00:00,76606.62488932292,39150.45886067708,13440.744664171008,24015.421364474834,senario_A
2025-07-16 15:00:00,77853.76325520834,38745.86595377604,13237.572183159722,25870.325118272576,senario_A
2025-07-16 16:00:00,78313.93411458333,38299.14876627604,13198.058020833334,26816.727327473956,senario_A
2025-07-16 17:00:00,78849.15865885417,36875.041477864586,13630.547906901042,28343.569274088542,senario_A
2025-07-16 18:00:00,78809.0903125,33614.936132812494,15116.022564019097,30078.13161566841,senario_A
2025-07-16 19:00:00,78362.70607638889,26129.90153971354,17150.994634331597,35081.80990234375,senario_A
2025-07-16 20:00:00,77115.8814236111,11315.72264444987,19351.038752170138,46449.120026991106,senario_A
2025-07-16 21:00:00,74792.67702256945,1046.6650292174022,19486.23504123264,54259.776952119406,senario_A
2025-07-16 22:00:00,72581.8729861111,7.469209791968266,20147.01723307292,52427.386543246226,senario_A
2025-07-16 23:00:00,68644.35473958333,0.6097305615246296,20403.476085069444,48240.26892395236,senario_A
2025-07-17 00:00:00,64616.82032335069,0.6179478625456492,19727.134318576387,44889.068056911754,senario_A
2025-07-17 01:00:00,60740.68413845486,0.7339067095021405,19122.91339626736,41617.036835478,senario_A
2025-07-17 02:00:00,57877.66095486111,0.8261677973965804,18358.06013454861,39518.7746525151,senario_A
2025-07-17 03:00:00,55759.42878689237,0.9949711178739865,18052.201362847223,37706.232452927274,senario_A
2025-07-17 04:00:00,54237.67209635417,0.9106202814479669,17043.76338324653,37192.99809282619,senario_A
2025-07-17 05:00:00,53380.41355685764,0.8386303264896074,15518.159720052085,37861.41520647906,senario_A
2025-07-17 06:00:00,53547.49056857639,0.9430495007832844,14846.55318359375,38699.99433548185,senario_A
2025-07-17 07:00:00,54274.987734375,124.83444278667369,14457.293518880208,39692.859772708114,senario_A
2025-07-17 08:00:00,55526.22593967014,6240.477411092123,13311.184102647569,35974.56442593045,senario_A
2025-07-17 09:00:00,59770.407144097226,22317.503935546876,9460.56540798611,27992.337800564237,senario_A
2025-07-17 10:00:00,63740.66246202257,32508.7519539388,7892.564110514323,23339.346397569447,senario_A
2025-07-17 11:00:00,65661.38707682291,35543.91841471354,5786.535779758029,24330.932882351342,senario_A
2025-07-17 12:00:00,68582.206953125,37502.112822265626,4741.169805230034,26338.92432562934,senario_A
2025-07-17 13:00:00,72175.92884982639,38873.321684570314,4847.740020073785,28454.867145182296,senario_A
2025-07-17 14:00:00,75167.71637152777,40474.5893717448,5393.190117730035,29299.936882052938,senario_A
2025-07-17 15:00:00,77153.30499131944,39910.67486002604,6687.678636610243,30554.95149468316,senario_A
2025-07-17 16:00:00,78153.45219184028,38625.830530598956,9041.630231662326,30485.991429578993,senario_A
2025-07-17 17:00:00,78711.72286458334,36747.03298828125,11710.440617404514,30254.249258897573,senario_A
2025-07-17 18:00:00,78467.08107638889,33078.21173014323,13635.400733778211,31753.468612467448,senario_A
2025-07-17 19:00:00,77405.48145399305,26383.74228352865,14838.477234157986,36183.261936306415,senario_A
2025-07-17 20:00:00,75806.80723090278,11428.896219075521,15265.724444444444,49112.186567382814,senario_A
2025-07-17 21:00:00,73329.24690538195,654.9514486849557,14452.68879014757,58221.60666654943,senario_A
2025-07-17 22:00:00,71070.76719401042,0.2897966603810588,14982.60357014974,56087.8738272003,senario_A
2025-07-17 23:00:00,67478.2056640625,0.2311962244908015,15942.644479166667,51535.32998867134,senario_A
2025-07-18 00:00:00,63552.390598958336,0.5351452798830966,17138.242270507813,46413.61318317064,senario_A
2025-07-18 01:00:00,59556.344522569445,0.9816954115778207,17197.959505208335,42357.40332194953,senario_A
2025-07-18 02:00:00,57034.42075520833,0.8374273251493772,17486.624479166665,39546.95884871652,senario_A
2025-07-18 03:00:00,55208.63042100694,0.469519083549579,17924.38691840278,37283.773983520616,senario_A
2025-07-18 04:00:00,53593.631575520834,0.7734522859255473,17045.314835069443,36547.54328816547,senario_A
2025-07-18 05:00:00,52795.09539930556,0.3548428280154864,15040.80614908854,37753.93440738901,senario_A
2025-07-18 06:00:00,53196.06798394097,0.3613263341287772,13303.253445095486,39892.453212511355,senario_A
2025-07-18 07:00:00,53962.17346788194,101.56397818272312,11405.948397352431,42454.66109234678,senario_A
2025-07-18 08:00:00,54833.23902126736,5665.5193649292,9861.397904730902,39306.32175160726,senario_A
2025-07-18 09:00:00,58401.67654079861,20198.553720703123,7009.387865668403,31193.734954427084,senario_A
2025-07-18 10:00:00,63448.43580729167,29575.689739583333,6468.538980034722,27404.20708767362,senario_A
2025-07-18 11:00:00,65949.60198567709,34385.52541341146,6949.671931966146,24614.404640299483,senario_A
2025-07-18 12:00:00,68729.6026953125,35039.95951822917,8591.320851236978,25098.32232584635,senario_A
2025-07-18 13:00:00,72634.65889756945,37433.53565104166,10068.474548611111,25132.648697916673,senario_A
2025-07-18 14:00:00,75817.31194444445,36940.72974934896,11388.184832085504,27488.39736300998,senario_A
2025-07-18 15:00:00,78305.7501171875,36463.9826953125,13405.12384657118,28436.643575303824,senario_A
2025-07-18 16:00:00,79055.73829427084,34192.03222005208,14710.507848307292,30153.19822591146,senario_A
2025-07-18 17:00:00,78500.70730034722,32842.5172265625,15530.93439236111,30127.25568142361,senario_A
2025-07-18 18:00:00,77965.46000868056,29536.234257812495,16227.43279622396,32201.7929546441,senario_A
2025-07-18 19:00:00,77365.64370225694,24502.443261718752,17056.43992513021,35806.76051540798,senario_A
2025-07-18 20:00:00,75423.0759765625,13284.621170654296,18864.424991319444,43274.02981458876,senario_A
2025-07-18 21:00:00,72818.40784722222,1456.5033515204118,19502.902354600694,51859.00214110111,senario_A
2025-07-18 22:00:00,70688.766875,0.3383047999938329,21679.27241753472,49009.15615266528,senario_A
2025-07-18 23:00:00,67445.89486979166,0.43372476341823735,23219.00307942708,44226.45806560116,senario_A
2025-07-19 00:00:00,63875.13432291667,0.3995400820175806,23278.963272569443,40595.7715102652,senario_A
2025-07-19 01:00:00,60613.95568359375,0.40722911894321445,23510.15062065972,37103.397833815085,senario_A
2025-07-19 02:00:00,58035.21523003472,0.6114214153836169,23226.098174913197,34808.50563370614,senario_A
2025-07-19 03:00:00,55907.87840060764,0.6182740246256192,22291.338044704866,33615.92208187815,senario_A
2025-07-19 04:00:00,54445.40377604167,0.7403525894880294,21802.35173611111,32642.311687341065,senario_A
2025-07-19 05:00:00,53785.467473958335,0.9430140086511771,21657.343619791667,32127.18084015802,senario_A
2025-07-19 06:00:00,53199.4363172743,0.882588518212239,20557.74841145833,32640.805317297763,senario_A
2025-07-19 07:00:00,53229.86661458333,85.91538429761927,20020.62488498264,33123.32634530307,senario_A
2025-07-19 08:00:00,53996.86720486111,5694.765388743082,19016.481786024306,29285.62003009372,senario_A
2025-07-19 09:00:00,59353.77317491319,22414.490541992185,17297.890711805554,19641.391921115453,senario_A
2025-07-19 10:00:00,64492.87140625,29904.304299316405,19746.02113172743,14842.545975206165,senario_A
2025-07-19 11:00:00,67019.48716145834,33551.61680989583,20330.40389322917,13137.46645833334,senario_A
2025-07-19 12:00:00,69644.26069444444,35595.33688802083,20398.371575520832,13650.55223090278,senario_A
2025-07-19 13:00:00,72792.15665798611,36599.52791341146,19362.86786458333,16829.760879991318,senario_A
2025-07-19 14:00:00,75414.83076822916,38349.69834635417,17443.352669270833,19621.77975260416,senario_A
2025-07-19 15:00:00,77011.47213541667,38756.05417643229,16361.386373697916,21894.03158528646,senario_A
2025-07-19 16:00:00,77867.82373263889,37047.110377604164,16683.35373155382,24137.35962348091,senario_A
2025-07-19 17:00:00,78394.08508246527,35600.21194010417,17281.258307291668,25512.614835069435,senario_A
2025-07-19 18:00:00,77876.11111979166,33030.46410807292,18933.415652126736,25912.231359592006,senario_A
2025-07-19 19:00:00,77032.49855034723,26410.998753255208,20797.373350694445,29824.12644639758,senario_A
2025-07-19 20:00:00,75368.0833203125,13017.511903889976,22159.22221137153,40191.349205050996,senario_A
2025-07-19 21:00:00,72744.70060112847,1212.5932581816862,22165.65663519965,49366.45070774713,senario_A
2025-07-19 22:00:00,70897.42994357638,0.3223725766936938,23763.478656684027,47133.62891431567,senario_A
2025-07-19 23:00:00,68011.74012152778,0.4186535332600275,25602.99203559028,42408.32943240424,senario_A
2025-07-20 00:00:00,64697.36847439236,0.4143159118046362,26585.461267361112,38111.492891119444,senario_A
2025-07-20 01:00:00,62031.6561436632,0.44831268449624373,26358.22486328125,35672.98296769745,senario_A
2025-07-20 02:00:00,59035.98078776042,0.35812628832956145,25879.83624565972,33155.78641581237,senario_A
2025-07-20 03:00:00,56974.14955295139,0.3505195533980925,25053.186004774307,31920.613028623684,senario_A
2025-07-20 04:00:00,55542.26146918403,0.3395989860594272,24430.88968532986,31111.03218486811,senario_A
2025-07-20 05:00:00,54800.476927083335,0.3848641969139376,23693.890416666665,31106.201646219753,senario_A
2025-07-20 06:00:00,53891.00451931424,0.38997505373631913,23104.289140082463,30786.325404178042,senario_A
2025-07-20 07:00:00,53569.41344184028,87.3881921381255,23003.485655381945,30478.539594320213,senario_A
2025-07-20 08:00:00,53941.715729166666,5452.743425547282,22058.257918836807,26430.714384782576,senario_A
2025-07-20 09:00:00,59120.7784906684,19341.187580566402,21090.35291937934,18689.23799072266,senario_A
2025-07-20 10:00:00,64816.10977647569,28725.187314453127,21813.024279513887,14277.898182508678,senario_A
2025-07-20 11:00:00,66617.2955642361,32595.22021484375,20473.927723524303,13548.147625868052,senario_A
2025-07-20 12:00:00,68666.0390451389,35586.05521484375,18414.66074869792,14665.323081597227,senario_A
2025-07-20 13:00:00,71474.5624826389,38028.78260416666,17349.35593967014,16096.423938802094,senario_A
2025-07-20 14:00:00,74138.42576822916,37833.77490885416,17112.857408854168,19191.793450520836,senario_A
2025-07-20 15:00:00,76079.56358072917,37297.261243489585,16935.05013671875,21847.252200520834,senario_A
2025-07-20 16:00:00,77250.48467881944,35181.29724934896,16935.703643663193,25133.48378580729,senario_A
2025-07-20 17:00:00,77789.06064236112,33525.52489908854,16898.43982421875,27365.09591905383,senario_A
2025-07-20 18:00:00,77746.47952690972,29936.483014322912,17581.959466145832,30228.03704644098,senario_A
2025-07-20 19:00:00,77228.2094140625,23086.975802408855,20049.530601128477,34091.70301052517,senario_A
2025-07-20 20:00:00,75542.33542100694,9600.426018880207,23552.003708767363,42389.905693359375,senario_A
2025-07-20 21:00:00,73116.76029947917,776.3429984005043,25422.492766927084,46917.92453415158,senario_A
2025-07-20 22:00:00,71274.94990885416,0.2897078039248783,26215.710247395837,45058.9499536544,senario_A
2025-07-20 23:00:00,68072.31534722222,0.3542884056766827,26181.06227647569,41890.898782340846,senario_A
2025-07-21 00:00:00,64445.99759765625,0.5054944953074058,26123.33314670139,38322.15895645955,senario_A
2025-07-21 01:00:00,61078.76169921875,0.4703028169771035,25710.30062934028,35367.99076706149,senario_A
2025-07-21 02:00:00,58153.03153862847,0.39825197493036585,24774.40239583333,33378.23089082021,senario_A
2025-07-21 03:00:00,56302.71966796875,0.4525710467497507,23496.230423177083,32806.036673744915,senario_A
2025-07-21 04:00:00,55163.50606770833,0.5200560225794713,22685.99945529514,32476.986556390613,senario_A
2025-07-21 05:00:00,54725.90167100694,0.6042372974753378,21750.84581597222,32974.45161773724,senario_A
2025-07-21 06:00:00,55379.62163085937,0.6771733080595731,20936.338651801216,34442.60580575009,senario_A
2025-07-21 07:00:00,56253.1346484375,137.73157248521844,19719.939674479167,36395.46340147312,senario_A
2025-07-21 08:00:00,57372.50099392361,5895.820981852214,18247.82578125,33228.854230821395,senario_A
2025-07-21 09:00:00,62048.43763454861,19616.316662597656,17205.19984592014,25226.92112603081,senario_A
2025-07-21 10:00:00,66984.05034722222,32170.53475585938,18376.74102647569,16436.77456488715,senario_A
2025-07-21 11:00:00,70405.41892361111,38061.52800130208,18481.82863064236,13862.062291666669,senario_A
2025-07-21 12:00:00,73262.47473090277,40266.04208984375,16561.988370225696,16434.444270833326,senario_A
2025-07-21 13:00:00,76482.47370225695,41278.38742838542,15668.451220703126,19535.635053168404,senario_A
2025-07-21 14:00:00,78882.09026909723,41483.53845703125,15235.186022135416,22163.36578993056,senario_A
2025-07-21 15:00:00,79294.21893663195,40759.6649576823,15224.454111328125,23310.09986762153,senario_A
2025-07-21 16:00:00,79236.6943532986,39072.00297851563,16038.858198784725,24125.83317599825,senario_A
2025-07-21 17:00:00,79772.25280815973,37065.633408203124,17458.781432291667,25247.837967664935,senario_A
2025-07-21 18:00:00,79611.82885416667,32507.89172200521,19854.611456163195,27249.325675998265,senario_A
2025-07-21 19:00:00,79249.41128038194,23944.884262695312,22004.59980251736,33299.92721516927,senario_A
2025-07-21 20:00:00,78320.94696180556,10187.94726114909,23774.744559461804,44358.25514119466,senario_A
2025-07-21 21:00:00,76413.38210503472,997.3685434346397,24475.752608506944,50940.26095309314,senario_A
2025-07-21 22:00:00,74027.63684895834,0.2899432244772713,24728.79607855903,49298.55082717484,senario_A
2025-07-21 23:00:00,70298.1807248264,0.5005752167354027,24874.06703993056,45423.6131096791,senario_A
2025-07-22 00:00:00,66304.50264105902,0.5098600967352589,24258.736221788196,42045.25655917409,senario_A
2025-07-22 01:00:00,62422.373116319446,0.6268441546584168,23621.79619357639,38799.9500785884,senario_A
2025-07-22 02:00:00,59433.17062717014,0.6178762385249138,23163.103489583333,36269.44926134829,senario_A
2025-07-22 03:00:00,56993.52494357639,0.5732639665404955,22881.496217447915,34111.45546216193,senario_A
2025-07-22 04:00:00,55697.10278645833,0.5897787201901277,22771.04302083333,32925.469986904805,senario_A
2025-07-22 05:00:00,55363.54947591146,0.5645302451029419,21864.380910373264,33498.604035293094,senario_A
2025-07-22 06:00:00,55848.79315104167,0.7265002456307411,21926.8538671875,33921.212783608535,senario_A
2025-07-22 07:00:00,56543.36550998264,115.27631582637628,21664.86275607639,34763.22643807987,senario_A
2025-07-22 08:00:00,57706.81361545139,6983.274931538899,20832.651512586806,29890.887171325685,senario_A
2025-07-22 09:00:00,63568.88352213542,24334.953935546873,20239.71523871528,18994.214347873265,senario_A
2025-07-22 10:00:00,67871.30744357638,33065.39309895833,20966.409921875,13839.504422743052,senario_A
2025-07-22 11:00:00,69501.42324001736,36595.608962402344,20126.002819552952,12779.811458062068,senario_A
2025-07-22 12:00:00,72269.59797309028,39094.59488606771,19084.96070529514,14090.042381727428,senario_A
2025-07-22 13:00:00,75873.71064236111,40745.05545572916,18128.420948350693,17000.234238281257,senario_A
2025-07-22 14:00:00,78716.32963975695,40346.264453125,17384.32554470486,20985.73964192709,senario_A
2025-07-22 15:00:00,79598.99791232639,39708.39666666667,17629.69858723958,22260.902658420142,senario_A
2025-07-22 16:00:00,80036.67670572917,37234.22485026042,17482.84084418403,25319.611011284724,senario_A
2025-07-22 17:00:00,80165.44500651042,34829.036447753904,18479.399616427952,26857.00894232856,senario_A
2025-07-22 18:00:00,79986.95918402777,30343.852587890622,20614.88663194445,29028.2199641927,senario_A
2025-07-22 19:00:00,79736.19868489583,22691.86822753906,22952.929396701387,34091.401060655386,senario_A
2025-07-22 20:00:00,78537.57388020834,9915.58098734538,23256.846666666668,45365.14622619629,senario_A
2025-07-22 21:00:00,76166.50211805555,562.157206354936,21733.52041449653,53870.824497204085,senario_A
2025-07-22 22:00:00,73739.41529513888,2.339048697787027,21160.080805121528,52576.99544131957,senario_A
2025-07-22 23:00:00,69113.59033854166,0.6934100043897826,19338.241653103298,49774.65527543398,senario_A
2025-07-23 00:00:00,65527.06839518229,0.6255350713183482,18626.76606174045,46899.67679837052,senario_A
2025-07-23 01:00:00,62386.85532986111,0.6367925556004047,20025.39699435764,42360.82154294787,senario_A
2025-07-23 02:00:00,59147.98476128472,0.5661408188442388,19526.234702690974,39621.183917774906,senario_A
2025-07-23 03:00:00,56975.74382378472,0.7736411459743977,18549.48227864583,38425.48790399291,senario_A
2025-07-23 04:00:00,55448.01138780382,0.8992322890957197,17049.76436469184,38397.34779082288,senario_A
2025-07-23 05:00:00,54771.59935763889,0.9539516256252925,15754.141741536458,39016.503664476804,senario_A
2025-07-23 06:00:00,54963.22671766493,1.0137166346609594,14692.999812011718,40269.213189018556,senario_A
2025-07-23 07:00:00,55717.54259114584,104.26139847666025,13375.613744574654,42237.66744809452,senario_A
2025-07-23 08:00:00,56568.57334635417,6775.205294087727,13064.083196885853,36729.28485538059,senario_A
2025-07-23 09:00:00,61762.70672743056,22902.156826171875,13307.874558376736,25552.675342881943,senario_A
2025-07-23 10:00:00,66914.94713541666,31085.229775390624,16578.476480034722,19251.240879991314,senario_A
2025-07-23 11:00:00,70321.85314236111,35011.62380859375,18600.122061631944,16710.107272135418,senario_A
2025-07-23 12:00:00,72799.36830729166,37531.57995768229,17045.353433159722,18222.43491644965,senario_A
2025-07-23 13:00:00,75761.31149305556,39745.39715820312,14656.393194444445,21359.521140407993,senario_A
2025-07-23 14:00:00,78517.11475694444,40922.06882486979,13226.497781032986,24368.548151041665,senario_A
2025-07-23 15:00:00,79755.916875,40728.5922265625,13167.472529296874,25859.852119140625,senario_A
2025-07-23 16:00:00,80948.1384375,38411.84311523437,15395.162469618055,27141.13285264758,senario_A
2025-07-23 17:00:00,81325.54899305555,36286.5740234375,17545.503444010417,27493.471525607634,senario_A
2025-07-23 18:00:00,81565.19800347222,33411.982298177085,19314.13921875,28839.07648654514,senario_A
2025-07-23 19:00:00,80733.83303819444,27518.18928466797,21042.661748046878,32172.982005479593,senario_A
2025-07-23 20:00:00,80184.81418402778,11118.636166178385,21983.12146484375,47083.05655300565,senario_A
2025-07-23 21:00:00,78472.53283420138,609.7902205171063,21250.565087890624,56612.177525793646,senario_A
2025-07-23 22:00:00,76040.58377604166,0.387461560194691,22264.04505859375,53776.151255887715,senario_A
2025-07-23 23:00:00,72178.59096354166,0.42504818107932807,23161.76341200087,49016.40250335971,senario_A
2025-07-24 00:00:00,67749.466640625,0.3601983263840277,23038.022571614583,44711.083870684044,senario_A
2025-07-24 01:00:00,63898.70381076389,0.4109871359417836,22299.815694444445,41598.477129183506,senario_A
2025-07-24 02:00:00,60163.308229166665,0.505949210524559,20100.462109375,40062.34017058114,senario_A
2025-07-24 03:00:00,57814.37116753472,0.5470489675054947,18168.99641710069,39644.82770146652,senario_A
2025-07-24 04:00:00,56496.35944010417,0.48882238606611883,18276.27004774305,38219.60056997505,senario_A
2025-07-24 05:00:00,55719.23114257812,0.6530101245145002,17896.80049750434,37821.77763494926,senario_A
2025-07-24 06:00:00,56070.73965494792,0.5633921008308728,17439.2304812283,38630.94578161879,senario_A
2025-07-24 07:00:00,56637.43016493056,75.0837803222239,16857.228697916667,39705.11768669167,senario_A
2025-07-24 08:00:00,57953.97325086805,7387.923929087321,15564.315677083334,35001.73364469739,senario_A
2025-07-24 09:00:00,63658.5001953125,27350.650755208335,13499.949047309028,22807.90039279514,senario_A
2025-07-24 10:00:00,67731.63209201388,36995.42973632812,14290.878911675349,16445.323444010413,senario_A
2025-07-24 11:00:00,70155.75349826389,40451.13277018229,11784.68935655382,17919.931371527782,senario_A
2025-07-24 12:00:00,73639.03861111111,42122.456354166665,8351.738695746528,23164.843561197922,senario_A
2025-07-24 13:00:00,77064.21434027777,42265.907890625,5997.110530598959,28801.195919053815,senario_A
2025-07-24 14:00:00,80265.02921875,42129.816601562496,4502.744910481771,33632.467706705735,senario_A
2025-07-24 15:00:00,80982.12582465277,41249.12946940104,4739.286063368056,34993.710291883675,senario_A
2025-07-24 16:00:00,81871.07401041666,38937.033727213544,5763.011231418186,37171.029051784935,senario_A
2025-07-24 17:00:00,81947.23901475694,36775.65194254557,7431.245486382379,37740.34158582899,senario_A
2025-07-24 18:00:00,81862.57825520834,32490.57886962891,9788.380426974829,39583.6189586046,senario_A
2025-07-24 19:00:00,81157.8005685764,25659.490119628907,11632.784082302518,43865.52636664497,senario_A
2025-07-24 20:00:00,80619.75170138889,11798.231810302734,14299.27988498264,54522.240006103515,senario_A
2025-07-24 21:00:00,78607.531015625,664.2213412537628,17251.8121484375,60691.49752593374,senario_A
2025-07-24 22:00:00,75830.43953993055,0.22136061360283443,19872.725531684027,55957.49264763291,senario_A
2025-07-24 23:00:00,71724.06186631945,0.4072061876704296,19522.15333333333,52201.501326798454,senario_A
2025-07-25 00:00:00,67624.75166666666,0.30924134833117317,18873.061545138888,48751.38088017945,senario_A
2025-07-25 01:00:00,63376.29174045139,0.22707858033478262,15940.02240451389,47436.04225735716,senario_A
2025-07-25 02:00:00,59471.637291666666,0.4338687673335274,12902.816335720488,46568.38708717884,senario_A
2025-07-25 03:00:00,56740.8409765625,0.6475493359317382,9750.865930989585,46989.327496236976,senario_A
2025-07-25 04:00:00,54938.505950520834,0.7958199214438597,6571.772760416667,48365.93737018273,senario_A
2025-07-25 05:00:00,54069.70249565972,0.9517071046680212,5473.000569661458,48595.7502188936,senario_A
2025-07-25 06:00:00,54261.08194444444,0.9867055426041286,5253.349703776042,49006.745535125796,senario_A
2025-07-25 07:00:00,54440.937544487846,37.67177897607287,4595.921687282986,49807.34407822879,senario_A
2025-07-25 08:00:00,55684.86618923611,5024.254484074911,4124.283824327257,46536.327880833946,senario_A
2025-07-25 09:00:00,61354.056749131945,20750.39883138021,2615.177287326389,37988.48063042534,senario_A
2025-07-25 10:00:00,65060.40171006945,27456.7683203125,2175.489067111545,35428.1443226454,senario_A
2025-07-25 11:00:00,67397.38127604166,31770.285247395834,1722.7781751844618,33904.31785346137,senario_A
2025-07-25 12:00:00,70482.0722048611,34077.77382486979,1146.983421359592,35257.31495863172,senario_A
2025-07-25 13:00:00,73715.97652777778,35106.94758138021,766.4919168429905,37842.53702955457,senario_A
2025-07-25 14:00:00,76873.81438368055,33835.64794270834,1318.5859280056425,41719.580512966575,senario_A
2025-07-25 15:00:00,78379.20300347223,32168.278710937502,2109.6875489637587,44101.23674357096,senario_A
2025-07-25 16:00:00,79388.648671875,29213.715647786463,2990.3302460394966,47184.60277804903,senario_A
2025-07-25 17:00:00,79180.10019097223,27775.126458333336,3996.379970974393,47408.593761664495,senario_A
2025-07-25 18:00:00,78235.79281901041,22217.701442871097,5204.850944010416,50813.2404321289,senario_A
2025-07-25 19:00:00,76488.44433159722,16754.19279296875,6298.400796983507,53435.85074164496,senario_A
2025-07-25 20:00:00,73917.23606770833,9032.671383463541,6791.280113932292,58093.2845703125,senario_A
2025-07-25 21:00:00,71317.84983506944,892.8076325305055,8143.721603732639,62281.320598806305,senario_A
2025-07-25 22:00:00,69245.24866319445,0.302531317397952,9608.087578125,59636.85855375205,senario_A
2025-07-25 23:00:00,66527.22723090278,0.34716407885154077,11540.294350043405,54986.58571678052,senario_A
2025-07-26 00:00:00,63429.858546006944,0.2492488441243767,12386.693353949651,51042.915943213164,senario_A
2025-07-26 01:00:00,60141.54272135417,0.41971952772388854,12746.85500217014,47394.26799965631,senario_A
2025-07-26 02:00:00,58012.14260416666,0.5385972859213749,12657.211651475694,45354.39235540504,senario_A
2025-07-26 03:00:00,56054.92491753472,0.5117500545581182,12855.852469618056,43198.56069786211,senario_A
2025-07-26 04:00:00,54482.45322482639,0.6141915290802717,13067.739544270831,41414.099489026485,senario_A
2025-07-26 05:00:00,53270.68053819444,0.6062375953793526,12802.036010199652,40468.03829039942,senario_A
2025-07-26 06:00:00,53233.59318142361,0.5849654782811801,12062.781554904514,41170.22666104082,senario_A
2025-07-26 07:00:00,53280.67649739584,44.85840455524624,11754.00759765625,41481.81049518434,senario_A
2025-07-26 08:00:00,54164.50725260417,4964.6139538574225,11025.91679904514,38173.97649970161,senario_A
2025-07-26 09:00:00,58196.30171875,19944.91020426432,8489.68466688368,29761.706847602,senario_A
2025-07-26 10:00:00,63892.29381076389,31447.62808919271,8880.813130425347,23563.852591145835,senario_A
2025-07-26 11:00:00,66064.11113064236,36292.45741292318,9565.757586534288,20205.89613118489,senario_A
2025-07-26 12:00:00,69116.44296006944,36214.02534505208,9004.462145182291,23897.95546983507,senario_A
2025-07-26 13:00:00,71606.10504557291,35043.24419759114,7656.82475897895,28906.03608900282,senario_A
2025-07-26 14:00:00,73823.84000868055,34619.956604817715,6159.959927842882,33043.923476019954,senario_A
2025-07-26 15:00:00,75518.0331423611,33445.821126302086,5878.349835611979,36193.86218044704,senario_A
2025-07-26 16:00:00,76654.90572916667,31009.918955078127,6992.965652126736,38652.0211219618,senario_A
2025-07-26 17:00:00,76240.7434765625,26894.11695556641,8999.979960801866,40346.64656019422,senario_A
2025-07-26 18:00:00,76405.87133463542,26309.350637207033,11253.30424750434,38843.216449924046,senario_A
2025-07-26 19:00:00,75016.54206597223,21912.65674153646,14722.948578559028,38380.936745876745,senario_A
2025-07-26 20:00:00,72563.65628472222,9731.10630086263,18169.022259114583,44663.527724745014,senario_A
2025-07-26 21:00:00,70371.13307291667,819.8979963802087,18270.18384331597,51281.05123322048,senario_A
2025-07-26 22:00:00,68578.36713541667,0.28421428565983653,18722.168018663197,49855.91490246782,senario_A
2025-07-26 23:00:00,66047.86497612848,0.4084243139252067,18962.81807562934,47084.63847618521,senario_A
2025-07-27 00:00:00,63253.5973046875,0.41006966775904097,20382.88107855903,42870.30615646072,senario_A
2025-07-27 01:00:00,60022.42661892361,0.4853615656991799,21496.439737413195,38525.501519944715,senario_A
2025-07-27 02:00:00,57487.10979166667,0.48353633053600786,21802.72045572917,35683.90579960696,senario_A
2025-07-27 03:00:00,56050.92229600695,0.3987612686802944,22036.003736979168,34014.5197977591,senario_A
2025-07-27 04:00:00,54618.88471788194,0.4342130588988463,21041.65911892361,33576.79138589943,senario_A
2025-07-27 05:00:00,53327.81720920139,0.6100343539069096,19588.44612196181,33738.761052885675,senario_A
2025-07-27 06:00:00,52659.17981987848,0.684074387786289,16877.990025499133,35780.50571999156,senario_A
2025-07-27 07:00:00,52158.21978298611,23.13914947917064,14867.974658203126,37267.10597530381,senario_A
2025-07-27 08:00:00,53076.964296875,4860.542063395182,13613.40586154514,34603.016371934675,senario_A
2025-07-27 09:00:00,58457.12388454861,21605.622224934894,12907.365594618055,23944.13606499566,senario_A
2025-07-27 10:00:00,64159.86685329861,30520.164788411465,16409.942222222224,17229.759842664924,senario_A
2025-07-27 11:00:00,65287.45924045139,33028.597340494794,16517.778970269097,15741.082929687498,senario_A
2025-07-27 12:00:00,68360.665234375,35096.706699218754,15937.400425347225,17326.558109809026,senario_A
2025-07-27 13:00:00,71139.26731119792,36181.2294938151,15972.628723687068,18985.40909369575,senario_A
2025-07-27 14:00:00,73755.81036458333,35580.220553385414,16807.533042534724,21368.056768663195,senario_A
2025-07-27 15:00:00,75523.77383463542,33999.71186279297,17397.709066840278,24126.35290500217,senario_A
2025-07-27 16:00:00,76816.69822699652,32886.49088297526,17846.868140733506,26083.339203287756,senario_A
2025-07-27 17:00:00,77856.90409288194,31076.672478841145,18053.516995442707,28726.714618598093,senario_A
2025-07-27 18:00:00,78046.27579861111,27318.312578125,19283.68305338541,31444.2801671007,senario_A
2025-07-27 19:00:00,76771.64502604166,22199.959996744794,20699.299327256944,33872.38570203992,senario_A
2025-07-27 20:00:00,74170.69106770834,10717.109196370442,21009.35328559028,42444.228585747616,senario_A
2025-07-27 21:00:00,71543.1418142361,998.7183767295628,18906.292406684028,51638.131030822515,senario_A
2025-07-27 22:00:00,69836.71475911458,0.3030907145390907,17685.084397243925,52151.32727115611,senario_A
2025-07-27 23:00:00,67002.50500434027,0.48308163101474444,18224.68427734375,48777.33764536551,senario_A
2025-07-28 00:00:00,63681.42,0.533971925737957,17920.461812065972,45760.42421600829,senario_A
2025-07-28 01:00:00,59788.75703667535,0.6067590685561299,17820.490833333333,41967.659444273464,senario_A
2025-07-28 02:00:00,56997.27460828993,0.5119615855192144,17308.437694227432,39688.32495247698,senario_A
2025-07-28 03:00:00,55838.076688368055,0.4964428316429258,16936.336223958333,38901.24402157808,senario_A
2025-07-28 04:00:00,54734.58098958333,0.8438858379423619,16592.989251302082,38140.7478524433,senario_A
2025-07-28 05:00:00,53902.81583875868,0.6178379796631633,15950.370518663194,37951.82748211583,senario_A
2025-07-28 06:00:00,54616.27161458333,0.6883856220295032,14863.280831163194,39752.30239779811,senario_A
2025-07-28 07:00:00,55720.84967447917,57.33259725471338,13756.029762369792,41907.48731485467,senario_A
2025-07-28 08:00:00,57210.365703125,6617.648131663005,12261.868423394097,38330.8491480679,senario_A
2025-07-28 09:00:00,62315.813111979165,25955.575704752602,10748.364057074652,25611.873350151916,senario_A
2025-07-28 10:00:00,68184.35285590278,36503.39185546875,12948.659634331598,18732.30136610243,senario_A
2025-07-28 11:00:00,71094.03348958334,39908.32047851563,12411.10038845486,18774.612622612847,senario_A
2025-07-28 12:00:00,73474.90535590278,41053.35625325521,10956.359364149306,21465.189738498266,senario_A
2025-07-28 13:00:00,76906.75171875,40983.96329101562,11015.308157552085,24907.4802701823,senario_A
2025-07-28 14:00:00,80190.03440972223,40803.415491536456,11860.920231119791,27525.69868706598,senario_A
2025-07-28 15:00:00,81415.66766493056,39597.99286783855,12631.3191015625,29186.355695529513,senario_A
2025-07-28 16:00:00,82010.24918402778,37339.646875,13046.137019314236,31624.465289713546,senario_A
2025-07-28 17:00:00,81708.16997829861,36536.58744303386,13100.744043511284,32070.838491753468,senario_A
2025-07-28 18:00:00,81739.106796875,35633.89617513021,13688.789520399305,32416.421101345484,senario_A
2025-07-28 19:00:00,81458.73971354167,30638.715802408853,14806.65738389757,36013.366527235245,senario_A
2025-07-28 20:00:00,80242.69472873263,13382.160058186848,16003.486212565103,50857.04845798067,senario_A
2025-07-28 21:00:00,77257.44308159722,835.6683011639366,15838.207825520833,60583.56695491244,senario_A
2025-07-28 22:00:00,74474.92381944445,0.4233207656194765,16360.490751953124,58114.0097467257,senario_A
2025-07-28 23:00:00,70855.32545138888,0.6047970899691183,17166.40187934028,53688.318774958636,senario_A
2025-07-29 00:00:00,67005.78506076388,0.6641719680527846,17829.80974609375,49175.311142702085,senario_A
2025-07-29 01:00:00,63678.56506076389,0.6086383260786532,18267.550234375,45410.406188062814,senario_A
2025-07-29 02:00:00,60046.40095486112,0.7228254856665929,17614.371905381944,42431.30622399351,senario_A
2025-07-29 03:00:00,56802.98804253472,0.7869024204959473,15594.16132703993,41208.03981307429,senario_A
2025-07-29 04:00:00,55475.454674479166,0.7639218588421743,14026.09529188368,41448.595460736644,senario_A
2025-07-29 05:00:00,54928.638515625,0.6447032579034567,12689.198025173611,42238.79578719349,senario_A
2025-07-29 06:00:00,55056.89768229167,0.8515861934423447,12252.420615234376,42803.62548086385,senario_A
2025-07-29 07:00:00,55695.12901909722,57.1260453949372,11988.665131293405,43649.33784240888,senario_A
2025-07-29 08:00:00,56789.11726996528,6379.3823592631015,11044.804986979168,39364.929923723015,senario_A
2025-07-29 09:00:00,61532.40586805555,25765.51482421875,7835.34220811632,27931.548835720485,senario_A
2025-07-29 10:00:00,66759.30495225695,37403.41948567708,7369.499949544271,21986.3855170356,senario_A
2025-07-29 11:00:00,69835.39973090278,42404.586878255206,6248.562956271701,21182.24989637587,senario_A
2025-07-29 12:00:00,72676.9518576389,43911.85123697917,5455.166375325521,23309.934245334203,senario_A
2025-07-29 13:00:00,76774.41597873264,43567.0359773763,6000.246193847656,27207.133807508682,senario_A
2025-07-29 14:00:00,80372.09208333334,43383.35519205729,6670.211622721355,30318.525268554688,senario_A
2025-07-29 15:00:00,81701.77981119792,42863.789884440106,7245.981461995442,31592.008464762373,senario_A
2025-07-29 16:00:00,81715.30768229166,42709.06970703126,7212.549347873264,31793.68862738714,senario_A
2025-07-29 17:00:00,81879.471875,41665.92883138021,7389.081137152778,32824.46190646701,senario_A
2025-07-29 18:00:00,81920.64829861111,39352.16227539062,7630.445406901042,34938.04061631945,senario_A
2025-07-29 19:00:00,81674.66756076389,32554.89105794271,8021.973947482639,41097.80255533854,senario_A
2025-07-29 20:00:00,80059.52003472223,13843.890815022787,9137.974290364584,57077.654929334865,senario_A
2025-07-29 21:00:00,76690.26534722222,863.552472066606,10180.536180555557,65646.17669460006,senario_A
2025-07-29 22:00:00,74312.73376736112,0.4018405395497878,12352.721708984374,61959.610217837195,senario_A
2025-07-29 23:00:00,70548.10539930555,0.3189008616407712,14216.066187065971,56331.72031137794,senario_A
2025-07-30 00:00:00,66078.11233940972,0.32886858222385246,15318.311010742187,50759.472460085315,senario_A
2025-07-30 01:00:00,62384.50498480903,0.566589174941182,15652.353600260416,46731.584795373674,senario_A
2025-07-30 02:00:00,58913.45689019097,0.67706672248741,15731.313777126736,43181.46604634175,senario_A
2025-07-30 03:00:00,56430.35072482639,0.8152505212525526,15014.4372265625,41415.098247742644,senario_A
2025-07-30 04:00:00,54331.6300499132,0.9279751913746199,13878.259971788197,40452.44210293362,senario_A
2025-07-30 05:00:00,53489.189657118055,0.8191662434240182,13120.24544921875,40368.125041655876,senario_A
2025-07-30 06:00:00,53372.92701388889,0.8662687759101391,11824.02160373264,41548.03914138034,senario_A
2025-07-30 07:00:00,53821.81550130208,40.96599009983242,11097.345921223958,42683.503589978296,senario_A
2025-07-30 08:00:00,55303.34981770833,6145.994048817953,9287.934933810764,39869.42083507962,senario_A
2025-07-30 09:00:00,60283.52100694445,24599.45241048177,5850.90831515842,29833.160281304263,senario_A
2025-07-30 10:00:00,63849.88758463541,36493.79875651042,3121.4220269097223,24234.666801215273,senario_A
2025-07-30 11:00:00,67459.60628038195,41880.07165039063,2806.3390988498263,22773.195531141497,senario_A
2025-07-30 12:00:00,71052.48598958334,42386.304869791675,3004.427688530816,25661.753431260844,senario_A
2025-07-30 13:00:00,75464.78717881945,42980.368792317706,2402.463178168403,30081.955208333336,senario_A
2025-07-30 14:00:00,79403.64642795139,42223.01989908854,2375.157717285156,34805.468811577695,senario_A
2025-07-30 15:00:00,81241.45619791666,41695.80953125,2337.067601182726,37208.57906548394,senario_A
2025-07-30 16:00:00,81781.14450086806,41506.56409179688,2902.506877170139,37372.07353190104,senario_A
2025-07-30 17:00:00,81840.25351996528,40428.30122395833,3640.1398554144967,37771.81244059245,senario_A
2025-07-30 18:00:00,81987.8186935764,36464.43505126953,4077.2357908799913,41446.147851426875,senario_A
2025-07-30 19:00:00,81151.04174479167,28240.252470703126,4399.893761935764,48510.89551215278,senario_A
2025-07-30 20:00:00,78972.92473958334,12412.449980468751,5880.099890407986,60680.374868706596,senario_A
2025-07-30 21:00:00,75499.34703559028,701.2685591520121,7226.532082790799,67571.54639364747,senario_A
2025-07-30 22:00:00,72995.77608506945,0.5239074254532655,8800.534054904514,64194.71812273948,senario_A
2025-07-30 23:00:00,70202.0957421875,0.566227114200592,10449.76944173177,59751.76007334153,senario_A
2025-07-31 00:00:00,66861.79783637152,0.5774366649488607,11776.3461070421,55084.87429266448,senario_A
2025-07-31 01:00:00,62990.30042100694,0.5592425635332863,13680.072858072916,49309.66832037049,senario_A
2025-07-31 02:00:00,60543.26869791667,0.5369991541157166,14407.31626546224,46135.41543330031,senario_A
2025-07-31 03:00:00,57314.10165798611,0.7300784525771936,13148.571136067709,44164.80044346582,senario_A
2025-07-31 04:00:00,55656.736356336805,0.8920818433165552,11595.611685112846,44060.23258938064,senario_A
2025-07-31 05:00:00,54796.9458984375,0.8435647094249725,9972.832190755207,44823.27014297287,senario_A
2025-07-31 06:00:00,55032.22418619792,0.9464457448075214,8413.307643229167,46617.97009722395,senario_A
2025-07-31 07:00:00,55834.41868055556,25.994725964665413,7806.152560221354,48002.27139436954,senario_A
2025-07-31 08:00:00,57006.79145182292,5077.6445544687895,6801.110238715278,45128.036658638855,senario_A
2025-07-31 09:00:00,62065.09218532986,21316.299886067707,4370.0062679036455,36378.7860313585,senario_A
2025-07-31 10:00:00,66426.29239149306,30935.81004557292,3197.6435237630208,32292.838822157115,senario_A
2025-07-31 11:00:00,69788.25772569445,34563.17215494792,2488.999695095486,32736.085875651046,senario_A
2025-07-31 12:00:00,73591.748125,36151.57866210937,2058.327641465929,35381.8418214247,senario_A
2025-07-31 13:00:00,77761.84598090278,37784.39064778646,1906.090467258029,38071.3648658583,senario_A
2025-07-31 14:00:00,80576.59136284722,39232.69290690104,1937.823776719835,39406.074679226345,senario_A
2025-07-31 15:00:00,81465.62956597222,37978.2250423177,2509.7102380371093,40977.694285617414,senario_A
2025-07-31 16:00:00,81675.2798828125,36747.154440104176,3745.0234950086806,41183.10194769964,senario_A
2025-07-31 17:00:00,81705.36914930555,35102.04729817709,5179.040730794271,41424.28112033419,senario_A
2025-07-31 18:00:00,81791.74539930555,31583.894010416665,7404.940557725695,42802.910831163186,senario_A
2025-07-31 19:00:00,81620.34561631945,24773.703483072917,8713.079475368924,48133.56265787761,senario_A
2025-07-31 20:00:00,80088.93298611112,9939.228393554688,9552.884913194444,60596.819679361986,senario_A
2025-07-31 21:00:00,78047.81212239583,850.1216528956095,9897.79429578993,67299.89617371028,senario_A
2025-07-31 22:00:00,74643.91600260416,33.8854099179556,10217.1825390625,64392.848053623704,senario_A
2025-07-31 23:00:00,71397.2523546007,0.6087330342332522,10425.35453125,60971.28909031647,senario_A
2025-08-01 00:00:00,67630.88682725694,0.45603881100813537,10629.540569661458,57000.890218784465,senario_A
2025-08-01 01:00:00,63565.661720920136,0.7387328479190667,9838.067684461805,53726.85530361041,senario_A
2025-08-01 02:00:00,60795.095891927085,0.8768307680884997,8901.793207465278,51892.42585369372,senario_A
2025-08-01 03:00:00,58106.54310980903,0.8796535660326481,7790.4273649088545,50315.23609133414,senario_A
2025-08-01 04:00:00,56499.215407986114,0.688520196105043,6773.270666232639,49725.25622155737,senario_A
2025-08-01 05:00:00,56109.56447699653,0.8501660558581352,6212.771488715278,49895.94282222539,senario_A
2025-08-01 06:00:00,56116.89091579861,0.8721528615057469,5699.0344411892365,50416.98432174787,senario_A
2025-08-01 07:00:00,56844.6631922743,23.66488546418647,5846.757562934028,50974.240743876086,senario_A
2025-08-01 08:00:00,57741.11255859375,3128.372344767253,5380.784047851563,49231.95616597493,senario_A
2025-08-01 09:00:00,62335.00947265625,14514.517366536456,3766.4057975260416,44054.08630859375,senario_A
2025-08-01 10:00:00,67352.27041883681,24525.152638346357,3616.3532530381945,39210.76452745226,senario_A
2025-08-01 11:00:00,70098.35073784723,31079.565872395833,3045.069923773872,35973.71494167752,senario_A
2025-08-01 12:00:00,72236.19710069445,34766.628590494794,2459.55871609158,35010.009794108075,senario_A
2025-08-01 13:00:00,75330.56312934028,37522.11676432291,2314.00401421441,35494.44235080296,senario_A
2025-08-01 14:00:00,78350.03404947916,39336.170856119796,2082.7766832139755,36931.08651014539,senario_A
2025-08-01 15:00:00,80045.27754774306,37406.08052083333,2591.0600859917536,40048.13694091797,senario_A
2025-08-01 16:00:00,80829.07802951388,34935.84562825521,3565.7538644748265,42327.47853678385,senario_A
2025-08-01 17:00:00,81664.59659722222,30815.465628255206,5364.329926757812,45484.801042209205,senario_A
2025-08-01 18:00:00,81332.47148871528,25747.949537760418,6495.940276150173,49088.58167480469,senario_A
2025-08-01 19:00:00,80083.24719618056,20556.587356770833,6993.129488389757,52533.53035101997,senario_A
2025-08-01 20:00:00,76594.66429253473,7417.916963500977,7125.253081597222,62051.49424743653,senario_A
2025-08-01 21:00:00,73768.6504513889,460.7966951165597,7934.933705512153,65372.920050760185,senario_A
2025-08-01 22:00:00,71418.73053819445,0.3087793800607323,8620.04470594618,62798.3770528682,senario_A
2025-08-01 23:00:00,68675.64152777777,0.27764162612458065,8597.48716688368,60077.87671926797,senario_A
2025-08-02 00:00:00,65407.21506510417,0.30993251750866574,8053.54684624566,57353.358286341,senario_A
2025-08-02 01:00:00,61372.98224609375,0.4623156494398911,7954.292398003472,53418.22753244084,senario_A
2025-08-02 02:00:00,58816.48472005208,0.477579001734654,7573.85490342882,51242.15223762152,senario_A
2025-08-02 03:00:00,56379.78828125,0.46946113685766855,7221.649889865452,49157.668930247695,senario_A
2025-08-02 04:00:00,54476.63282769097,0.46155654693643244,6097.451376953125,48378.71989419091,senario_A
2025-08-02 05:00:00,53759.649562717015,0.4671972234050433,5419.404313693576,48339.778051800036,senario_A
2025-08-02 06:00:00,52892.654765625,0.456265595704317,4801.588923611111,48090.60957641818,senario_A
2025-08-02 07:00:00,52513.24410590278,10.717734923859437,3582.018116590712,48920.5082543882,senario_A
2025-08-02 08:00:00,53625.92337456597,3996.0863617706295,2578.6700957573785,47051.16691703797,senario_A
2025-08-02 09:00:00,59648.626996527775,18553.545344238282,1624.1053397623698,39470.97631252712,senario_A
2025-08-02 10:00:00,65598.17653862847,29341.4837890625,1189.4346043565538,35067.25814520942,senario_A
2025-08-02 11:00:00,68050.32927517362,34260.34791992188,1027.5011855061848,32762.48016974555,senario_A
2025-08-02 12:00:00,69747.2872265625,36070.2030045573,1121.945516764323,32555.138705240883,senario_A
2025-08-02 13:00:00,71839.22752604166,36923.15879231771,1207.8652893066403,33708.20344441732,senario_A
2025-08-02 14:00:00,73268.41078125,37430.76009440104,1082.2349340142143,34755.41575283474,senario_A
2025-08-02 15:00:00,74044.76727864583,36175.75481119792,1527.647618408203,36341.3648490397,senario_A
2025-08-02 16:00:00,74484.40158420139,32285.07540364584,3720.143063557943,38479.18311699761,senario_A
2025-08-02 17:00:00,75403.94298611111,27577.987490234373,5350.98004937066,42474.97544650608,senario_A
2025-08-02 18:00:00,74905.26063368056,22461.90762044271,6396.70570421007,46046.64730902778,senario_A
2025-08-02 19:00:00,73448.19618055556,17265.04402669271,7011.838405490452,49171.3137483724,senario_A
2025-08-02 20:00:00,71226.13272352431,8246.542293294271,8509.169976128473,54470.420454101564,senario_A
2025-08-02 21:00:00,68812.58861545139,650.4325939094026,10204.851959635416,57957.30406190657,senario_A
2025-08-02 22:00:00,67365.53522135416,0.31792024611184994,10600.866844618056,56764.35045648999,senario_A
2025-08-02 23:00:00,64183.67667100694,0.3388848810580869,10413.52363986545,53769.81414626043,senario_A
2025-08-03 00:00:00,61190.84897677951,0.3315184862973789,10662.26487765842,50528.2525806348,senario_A
2025-08-03 01:00:00,58143.93002170139,0.46833423549930253,11419.464378255208,46723.99730921068,senario_A
2025-08-03 02:00:00,55667.36837890625,0.5379139882326126,11558.726171875,44108.10429304301,senario_A
2025-08-03 03:00:00,53626.2497265625,0.4765486351400613,11197.286851942274,42428.48632598508,senario_A
2025-08-03 04:00:00,52598.980375434025,0.46141094153126083,10600.778374565973,41997.740589926514,senario_A
2025-08-03 05:00:00,51656.22848307292,0.47253738626837727,10134.677607421874,41521.07833826478,senario_A
2025-08-03 06:00:00,51219.44185546875,0.4715642624596755,9614.796576605902,41604.17371460039,senario_A
2025-08-03 07:00:00,50982.98044704861,20.251711618353923,9049.399031032986,41913.32970439727,senario_A
2025-08-03 08:00:00,51798.48087022569,4880.566298853557,10629.114913194444,36288.7996581777,senario_A
2025-08-03 09:00:00,57412.46359157986,21663.9157438151,9813.91857313368,25934.629274631076,senario_A
2025-08-03 10:00:00,61285.97515407986,31262.621038411457,9208.772765842014,20814.58134982639,senario_A
2025-08-03 11:00:00,64664.369440104165,34266.512050781246,9786.765697699651,20611.091691623267,senario_A
2025-08-03 12:00:00,68262.90333333334,36244.642871093754,12022.655246310764,19995.605215928816,senario_A
2025-08-03 13:00:00,71826.17052951388,36909.82858072917,13061.77011393229,21854.571834852424,senario_A
2025-08-03 14:00:00,73805.1996310764,37040.35782226562,10998.12901909722,25766.71278971355,senario_A
2025-08-03 15:00:00,74088.83119357639,34229.77251302083,8389.257004665798,31469.801675889765,senario_A
2025-08-03 16:00:00,75353.94282552083,30594.254791666666,9349.876033528646,35409.81200032552,senario_A
2025-08-03 17:00:00,76763.18061197917,30951.69217773438,9768.703894314236,36042.78453993055,senario_A
2025-08-03 18:00:00,77763.06067708334,30660.26661458334,8641.77522623698,38461.01883626303,senario_A
2025-08-03 19:00:00,77062.67578342014,23677.196788736983,7767.204767252604,45618.27422743056,senario_A
2025-08-03 20:00:00,74735.68549045139,9901.713525390625,8281.110395507812,56552.86156955295,senario_A
2025-08-03 21:00:00,71748.92284722222,562.9837031019479,10074.990689019098,61110.94845510118,senario_A
2025-08-03 22:00:00,70410.79470486111,0.5055633214612802,13347.107741970483,57063.18139956916,senario_A
2025-08-03 23:00:00,67575.88823350695,0.48491475311418375,15081.545045572915,52493.858273180915,senario_A
2025-08-04 00:00:00,63567.15695746528,0.4529754726837079,15094.082376302084,48472.62160569052,senario_A
2025-08-04 01:00:00,60138.91449869792,0.36963313547273474,15235.787877604169,44902.75698795828,senario_A
2025-08-04 02:00:00,57397.010386284725,0.4278387338668108,15206.471118706597,42190.11142884426,senario_A
2025-08-04 03:00:00,55226.14914930556,0.555873939221104,13596.875853949652,41628.71742141669,senario_A
2025-08-04 04:00:00,53855.40431423611,0.7619449489315351,11290.152784288195,42564.489584998984,senario_A
2025-08-04 05:00:00,53502.29350694444,0.8628233690559863,10637.827229817707,42863.60345375768,senario_A
2025-08-04 06:00:00,53613.078697916666,0.863565507978201,10059.354756944444,43552.860375464246,senario_A
2025-08-04 07:00:00,54466.75232204861,23.96219754482309,9077.229180772569,45365.560943731216,senario_A
2025-08-04 08:00:00,55086.44632595487,3170.150239295959,8072.094083794488,43844.202002864426,senario_A
2025-08-04 09:00:00,59098.54726996528,16859.806778971357,5565.967236328125,36672.77325466579,senario_A
2025-08-04 10:00:00,62889.63334635417,25614.215183919274,5190.779325086805,32084.638837348088,senario_A
2025-08-04 11:00:00,65484.72908637152,28983.323932291674,5076.448853624132,31424.956300455706,senario_A
2025-08-04 12:00:00,65703.81199001736,30797.67868489584,4429.987747938368,30476.14555718315,senario_A
2025-08-04 13:00:00,66891.88727430555,34213.37982747396,3979.3815866427954,28699.1258601888,senario_A
2025-08-04 14:00:00,69213.61052517362,35688.760065104165,4277.354570855035,29247.495889214417,senario_A
2025-08-04 15:00:00,71827.35705295138,36519.985107421875,5865.253228624132,29442.118716905374,senario_A
2025-08-04 16:00:00,73927.24900173611,35214.45232747396,6496.623019205729,32216.17365505642,senario_A
2025-08-04 17:00:00,75791.43253472222,35763.49454752604,7604.259695638021,32423.678291558157,senario_A
2025-08-04 18:00:00,76764.14400173612,31504.84411458334,9404.259236111113,35855.040651041665,senario_A
2025-08-04 19:00:00,75540.51004340278,22730.602421875,10826.442195095486,41983.4654264323,senario_A
2025-08-04 20:00:00,73342.28061197916,9302.25141438802,12454.950614149306,51585.07858344184,senario_A
2025-08-04 21:00:00,70889.12645399306,518.9143408848594,13763.73129123264,56606.48082187556,senario_A
2025-08-04 22:00:00,68872.12779947916,0.536281840627392,16053.294610460069,52818.29690717846,senario_A
2025-08-04 23:00:00,65328.31680989584,0.552358643958966,17836.93015625,47490.834295001885,senario_A
2025-08-05 00:00:00,61199.56378689236,0.5357428549478451,17393.174351128473,43805.85369290894,senario_A
2025-08-05 01:00:00,57601.35398003472,0.5078309872746467,16362.192734375,41238.653414672444,senario_A
2025-08-05 02:00:00,54994.10661892361,0.7269746999194224,15633.351732855905,39360.02791136778,senario_A
2025-08-05 03:00:00,53105.69034939236,0.5698221396158137,14932.45888563368,38172.661641619066,senario_A
2025-08-05 04:00:00,51908.641773003474,0.5343119720369578,14117.820092230902,37790.287368800535,senario_A
2025-08-05 05:00:00,51443.747387152776,0.5601144378383953,13593.485354817709,37849.701917897226,senario_A
2025-08-05 06:00:00,52278.11134982639,0.8288993320117395,13348.194691840275,38929.0877586541,senario_A
2025-08-05 07:00:00,53371.91766276042,25.19416742409269,12754.692394748265,40592.03110058806,senario_A
2025-08-05 08:00:00,54548.1782530382,5151.2774868011475,11808.78187608507,37588.11889015198,senario_A
2025-08-05 09:00:00,58945.40950086805,23598.67328938802,9303.280107421877,26043.456104058158,senario_A
2025-08-05 10:00:00,65076.62279730903,33609.77394205729,9879.404185112848,21587.444670138888,senario_A
2025-08-05 11:00:00,68098.90688802084,38719.86958007813,10056.35470594618,19322.68260199653,senario_A
2025-08-05 12:00:00,70651.615078125,40789.78747721354,9008.591244574653,20853.236356336813,senario_A
2025-08-05 13:00:00,74365.85795138888,40498.28615559896,8415.002152777777,25452.569643012146,senario_A
2025-08-05 14:00:00,77564.14263454861,39981.368518880205,8092.101813151042,29490.672302517363,senario_A
2025-08-05 15:00:00,79424.79057725695,39221.01082356771,8514.332545572917,31689.447208116322,senario_A
2025-08-05 16:00:00,80971.28394097222,39153.1365983073,9521.378929036458,32296.768413628466,senario_A
2025-08-05 17:00:00,81002.24423177083,38704.68835693359,10484.824972330727,31812.730902506515,senario_A
2025-08-05 18:00:00,80959.71817708333,36955.05663411458,12041.251063368056,31963.410479600687,senario_A
2025-08-05 19:00:00,79964.64365017362,29411.99207845052,13892.179832899306,36660.47173882379,senario_A
2025-08-05 20:00:00,77549.79907552083,11579.690658365886,15113.751585286458,50856.356831868485,senario_A
2025-08-05 21:00:00,75147.63475260416,927.2042655690511,16830.062549913193,57390.367937121926,senario_A
2025-08-05 22:00:00,72513.00474826389,10.879094218785564,19861.37824001736,52640.74741402774,senario_A
2025-08-05 23:00:00,68463.0625390625,0.6164510101328293,21500.037680121528,46962.40840793084,senario_A
2025-08-06 00:00:00,64309.3558984375,0.6633120609819889,21918.808163519967,42389.88442285654,senario_A
2025-08-06 01:00:00,60696.3344921875,0.7623784193148215,22444.091433376736,38251.480680391454,senario_A
2025-08-06 02:00:00,57952.29883572049,0.8237529823432366,22216.51395670573,35734.961126032416,senario_A
2025-08-06 03:00:00,56088.88127278646,0.8604231927047175,21748.04827690972,34339.97257268403,senario_A
2025-08-06 04:00:00,54750.13166232639,0.9048164794345697,21335.80443142361,33413.422414423345,senario_A
2025-08-06 05:00:00,54150.73633246528,144.54792482316495,20559.316172417533,33446.87223522458,senario_A
2025-08-06 06:00:00,54633.42245225694,57.68331637134155,18705.59333767361,35870.14579821199,senario_A
2025-08-06 07:00:00,55677.26542100695,17.70449192434549,17368.917921006945,38290.643008075655,senario_A
2025-08-06 08:00:00,56525.43840711805,5266.6644183095295,15612.95936550564,35645.81462330288,senario_A
2025-08-06 09:00:00,60969.613493923614,25284.22391113281,11511.555180121528,24173.83440266928,senario_A
2025-08-06 10:00:00,68069.51829427083,36928.55875,12817.069060601129,18323.89048366971,senario_A
2025-08-06 11:00:00,70834.77393229166,38861.96706298828,13910.126285536024,18062.680583767353,senario_A
2025-08-06 12:00:00,73196.37357204861,40756.26900390625,10634.447502170138,21805.657065972227,senario_A
2025-08-06 13:00:00,76249.32111979167,41324.216442057295,8389.360603162977,26535.744074571398,senario_A
2025-08-06 14:00:00,79466.56530381944,41948.41309570312,8123.700157063802,29394.452051052518,senario_A
2025-08-06 15:00:00,81226.50839192708,41728.709051920574,8901.3404296875,30596.45891031901,senario_A
2025-08-06 16:00:00,81738.53045138888,40668.532854817706,10203.940713975697,30866.056882595483,senario_A
2025-08-06 17:00:00,81476.3017686632,39352.844305013015,11582.20625813802,30541.25120551216,senario_A
2025-08-06 18:00:00,81064.08523003472,36544.7005078125,13677.146087239584,30842.238634982634,senario_A
2025-08-06 19:00:00,80422.17469618056,29169.057825927735,15574.290974934896,35678.825895317925,senario_A
2025-08-06 20:00:00,78834.9427061632,11595.477730916342,17001.154883355033,50238.31009189182,senario_A
2025-08-06 21:00:00,75929.17832899306,598.6204181509218,17642.797020399306,57687.760890442834,senario_A
2025-08-06 22:00:00,73468.00704427084,1.5342746951679391,19642.753253038198,53823.71951653747,senario_A
2025-08-06 23:00:00,70426.38274956598,35.94692121575275,21465.13902994792,48925.2967984023,senario_A
2025-08-07 00:00:00,65953.1286469184,1.1468006634215515,21689.278203125,44262.70364312998,senario_A
2025-08-07 01:00:00,62776.08657552084,1.0218021691342194,21697.22348307292,41077.84129027879,senario_A
2025-08-07 02:00:00,59782.56378038194,1.043144229327639,20500.71226888021,39280.8083672724,senario_A
2025-08-07 03:00:00,57631.71690104167,0.9814486834406853,18966.180123155384,38664.55532920284,senario_A
2025-08-07 04:00:00,55767.155108506944,1.036776991089185,18012.55611707899,37753.56221443687,senario_A
2025-08-07 05:00:00,55399.20668619792,1.0386024926602841,16527.264749348957,38870.9033343563,senario_A
2025-08-07 06:00:00,55550.93141493056,1.0330587649842105,14725.04837483724,40824.84998132833,senario_A
2025-08-07 07:00:00,56697.871651475696,11.91340580145518,13622.065090060763,43063.89315561348,senario_A
2025-08-07 08:00:00,57826.44071831597,4422.021180381775,12856.229208713108,40548.19032922109,senario_A
2025-08-07 09:00:00,62237.68522569445,23572.87547688802,9887.114748263888,28777.695000542535,senario_A
2025-08-07 10:00:00,67929.7544639757,35146.69465494792,9307.936949869792,23475.122859157986,senario_A
2025-08-07 11:00:00,72299.88187282986,39997.983290201824,9793.17893907335,22508.71964355469,senario_A
2025-08-07 12:00:00,75303.65084201389,41404.54925130209,9452.540125868056,24446.56146484374,senario_A
2025-08-07 13:00:00,78737.14789496528,41917.80163736979,9560.046955295138,27259.29930230035,senario_A
2025-08-07 14:00:00,81137.57078125,41814.468728027336,11156.16862141927,28166.933431803398,senario_A
2025-08-07 15:00:00,81623.29113715277,40273.206328125,12560.01715983073,28790.067649197044,senario_A
2025-08-07 16:00:00,81985.8155750868,37710.02766927083,13119.935745442708,31155.852160373266,senario_A
2025-08-07 17:00:00,82284.32655598958,36985.57838785808,13274.148581000434,32024.59958713107,senario_A
2025-08-07 18:00:00,82028.4640798611,35541.63879231771,13252.92502360026,33233.900263943135,senario_A
2025-08-07 19:00:00,81788.11310112847,28401.15676350912,13700.275387098523,39686.68095052083,senario_A
2025-08-07 20:00:00,80194.58505425348,10981.571882324219,14117.093303493924,55095.91986843533,senario_A
2025-08-07 21:00:00,77186.22307074652,508.1020077473919,14692.582288140193,61985.538774858935,senario_A
2025-08-07 22:00:00,75002.7476171875,0.7831030884633461,17454.227553168403,57547.73696093063,senario_A
2025-08-07 23:00:00,71347.73021267362,0.8065606524050235,19142.055965711806,52204.86768630941,senario_A
2025-08-08 00:00:00,67393.0152126736,0.992882263387243,20765.384619140623,46626.63771126961,senario_A
2025-08-08 01:00:00,63980.47180772569,0.9995072230448325,21790.981421983503,42188.490878519144,senario_A
2025-08-08 02:00:00,60697.22106336806,1.0331706281006336,21728.12927517361,38968.05861756635,senario_A
2025-08-08 03:00:00,58178.66660373264,1.030954833974441,21360.153905707462,36817.48174319121,senario_A
2025-08-08 04:00:00,56891.23352539063,1.0369194802641868,21327.24249186198,35562.954114048385,senario_A
2025-08-08 05:00:00,56175.21456271701,80.61442891294757,20634.675132378477,35459.92500142559,senario_A
2025-08-08 06:00:00,56357.82456271701,1.145456401805083,19832.70911783854,36523.96998847666,senario_A
2025-08-08 07:00:00,57430.1197797309,15.973101748625435,18587.97935329861,38826.16732468366,senario_A
2025-08-08 08:00:00,58441.50602756076,4882.768011220296,17800.688059895834,35758.049956444636,senario_A
2025-08-08 09:00:00,63044.52059678819,24496.11453938802,14490.987830674912,24057.418226725258,senario_A
2025-08-08 10:00:00,68651.4103689236,36473.429635416665,13138.922523871528,19039.058209635412,senario_A
2025-08-08 11:00:00,72952.33465711806,40375.76153320313,13288.037240668404,19288.535883246528,senario_A
2025-08-08 12:00:00,75829.27901475695,41772.75928710937,13016.629793836806,21039.889933810766,senario_A
2025-08-08 13:00:00,78622.3233875868,41625.441571451825,12281.747321234809,24715.13449490017,senario_A
2025-08-08 14:00:00,81660.12793836805,41271.77063395182,13144.93418375651,27243.423120659725,senario_A
2025-08-08 15:00:00,82584.92512586806,39713.729545084636,14109.648777940538,28761.546802842888,senario_A
2025-08-08 16:00:00,82987.80289713542,38354.611532389325,14530.275659179688,30102.91570556641,senario_A
2025-08-08 17:00:00,82806.62945095486,38257.02279296875,14545.557578125,30004.049079861106,senario_A
2025-08-08 18:00:00,82584.66441840278,35270.968289388016,15501.080846354169,31812.615282660598,senario_A
2025-08-08 19:00:00,82307.30461588541,28126.26622395833,16648.36625922309,37532.67213270399,senario_A
2025-08-08 20:00:00,81041.68590711805,10413.686935882568,18109.12033799913,52518.87863323635,senario_A
2025-08-08 21:00:00,78516.38129123264,442.8606429295738,18714.41830186632,59359.102346436746,senario_A
2025-08-08 22:00:00,75928.04724392362,1.1721379627287387,20968.64921061198,54958.22589534891,senario_A
2025-08-08 23:00:00,72424.43286892361,1.2086159612735112,23230.238624131944,49192.9856288304,senario_A
2025-08-09 00:00:00,68877.37796440972,1.1862047505378723,24275.890501302085,44600.301258357096,senario_A
2025-08-09 01:00:00,64830.64976996528,1.1198591537276905,24743.08067925347,40086.44923155809,senario_A
2025-08-09 02:00:00,61787.45670030382,1.2173371647795042,24389.920264756944,37396.3190983821,senario_A
2025-08-09 03:00:00,59195.74958984375,1.179093090792497,23364.785828993052,35829.7846677599,senario_A
2025-08-09 04:00:00,57265.07519748264,1.3683997198442617,22589.793400065104,34673.91339769769,senario_A
2025-08-09 05:00:00,55964.70542317708,1.4165234370032946,22183.06613932292,33780.222760417164,senario_A
2025-08-09 06:00:00,55468.06896918403,1.4494353652993839,21193.98271050347,34272.63682331526,senario_A
2025-08-09 07:00:00,55324.58633029514,16.585194494624933,19436.83275607639,35871.16837972413,senario_A
2025-08-09 08:00:00,55766.03983723959,4698.75588499705,17566.839565429687,33500.444386812844,senario_A
2025-08-09 09:00:00,61206.9355078125,24066.609571940106,15102.385546875,22037.940388997395,senario_A
2025-08-09 10:00:00,68074.58604817708,34975.307757161456,15747.190640190973,17352.08765082465,senario_A
2025-08-09 11:00:00,71090.89325086806,38788.07026692708,14963.38745985243,17339.435524088545,senario_A
2025-08-09 12:00:00,72849.0015234375,41236.18668294271,12881.20306749132,18731.611773003475,senario_A
2025-08-09 13:00:00,76280.14470486112,41850.78630208333,10925.084151475694,23504.27425130209,senario_A
2025-08-09 14:00:00,79338.84964409722,41709.00323404948,11440.16469346788,26189.681716579864,senario_A
2025-08-09 15:00:00,81628.61723524306,41011.774208984374,13291.303210720484,27325.5398155382,senario_A
2025-08-09 16:00:00,82177.45865451389,39087.74634114583,14852.709959852433,28237.002353515625,senario_A
2025-08-09 17:00:00,82173.67452690972,36810.10392985026,15644.682928331164,29718.887668728294,senario_A
2025-08-09 18:00:00,81722.62945746527,33494.96593098959,16691.654264322915,31536.00926215277,senario_A
2025-08-09 19:00:00,80597.5178125,24354.723017578126,18063.791631944445,38179.00316297742,senario_A
2025-08-09 20:00:00,78460.8721375868,7704.047633056641,18873.91869140625,51882.905813123914,senario_A
2025-08-09 21:00:00,75877.79830946181,286.98514839013416,19795.22372612847,55795.589434943206,senario_A
2025-08-09 22:00:00,73418.8021875,37.29540974189838,22304.499105902774,51077.007671855325,senario_A
2025-08-09 23:00:00,70019.30171875,1.2853610864281655,23960.761720920134,46057.25463674343,senario_A
2025-08-10 00:00:00,66698.92138020834,1.2445065867900849,24435.855598958333,42261.82127466321,senario_A
2025-08-10 01:00:00,63338.656654730905,1.330015367269516,24303.53236545139,39033.79427391225,senario_A
2025-08-10 02:00:00,60170.35193576389,1.436288918852806,23763.84801649305,36405.06763035198,senario_A
2025-08-10 03:00:00,58045.04422743055,1.4496524901191394,22855.27011284722,35188.32446209321,senario_A
2025-08-10 04:00:00,56097.35569661458,1.4557920460899672,21529.476004774304,34566.42389979419,senario_A
2025-08-10 05:00:00,54745.3934874132,1.5286848666270578,19874.5525390625,34869.31226348407,senario_A
2025-08-10 06:00:00,53978.8486328125,1.6101375655333199,18422.80193793403,35554.43655731293,senario_A
2025-08-10 07:00:00,53733.63702907986,14.746396640638512,16445.532483723957,37273.35814871527,senario_A
2025-08-10 08:00:00,53948.58538628472,5036.688670158386,14352.392367621527,34559.50434850481,senario_A
2025-08-10 09:00:00,59023.32169487848,25341.428922526044,11269.280794270831,22412.611978081608,senario_A
2025-08-10 10:00:00,64752.78550564236,36843.844817708334,11310.186707899304,16598.753980034722,senario_A
2025-08-10 11:00:00,67490.29936631945,38736.17399739583,9972.550237087671,18781.575131835947,senario_A
2025-08-10 12:00:00,70515.00963541666,39987.338271484376,6522.990283745659,24004.681080186623,senario_A
2025-08-10 13:00:00,74046.04978298611,38438.7937076823,5189.3589876302085,30417.897087673606,senario_A
2025-08-10 14:00:00,76625.57851128472,38350.3578515625,5592.458630642361,32682.762029079866,senario_A
2025-08-10 15:00:00,78942.50322482639,36485.75104573567,6281.78421101888,36174.96796807184,senario_A
2025-08-10 16:00:00,80988.94744791667,35470.10862304688,7327.76309733073,38191.07572753906,senario_A
2025-08-10 17:00:00,82140.20721571181,34445.99268961589,8939.995128038194,38754.21939805773,senario_A
2025-08-10 18:00:00,81989.8075998264,32286.14844401041,11905.141032986112,37798.518122829875,senario_A
2025-08-10 19:00:00,81280.65365885416,24000.039661458333,15807.490675998264,41473.12332139757,senario_A
2025-08-10 20:00:00,78688.44813802083,6821.9865851847335,18613.744006076387,53252.71754675971,senario_A
2025-08-10 21:00:00,76095.4324609375,108.44579731782278,18113.639594184027,57873.34706943565,senario_A
2025-08-10 22:00:00,73664.29885633681,1.4443419193228086,19595.56765733507,54067.28685708242,senario_A
2025-08-10 23:00:00,69376.04032118055,1.4166951737801234,20182.64480034722,49191.97882565955,senario_A
2025-08-11 00:00:00,65713.85442274305,1.2571782705187797,18134.90123046875,47577.696014003785,senario_A
2025-08-11 01:00:00,61540.19600477431,1.60139198889335,14454.51794514974,47084.07666763568,senario_A
2025-08-11 02:00:00,58748.88361979167,1.7127470536033313,11168.125001085067,47579.045871653,senario_A
2025-08-11 03:00:00,56582.78707465278,1.7696039064725242,9308.92275499132,47272.09471575498,senario_A
2025-08-11 04:00:00,55508.40607638889,1.7410732973615328,9833.041246744791,45673.623756346744,senario_A
2025-08-11 05:00:00,55178.78333984375,1.7869392841060954,9151.00635904948,46025.99004151016,senario_A
2025-08-11 06:00:00,55599.46642361111,1.8125868419806161,9163.231850043405,46434.42198672573,senario_A
2025-08-11 07:00:00,56519.97805121528,8.472175531287988,8972.259789496527,47539.246086187464,senario_A
2025-08-11 08:00:00,57415.41184461806,4187.700322640737,7840.02869140625,45387.682830571066,senario_A
2025-08-11 09:00:00,61823.43484375,21115.395270589193,5838.797316351996,34869.24225680881,senario_A
2025-08-11 10:00:00,67403.11321614584,31643.197942708335,4928.523760850694,30831.391512586808,senario_A
2025-08-11 11:00:00,71003.26162760417,34951.369785156254,4148.105077039931,31903.786765407982,senario_A
2025-08-11 12:00:00,73754.4130078125,37345.4455078125,2785.215563422309,33623.75193657769,senario_A
2025-08-11 13:00:00,77095.94841579862,37719.110461425786,2728.436736585829,36648.401217787,senario_A
2025-08-11 14:00:00,79794.10365451389,37920.92691731771,4694.863789605035,37178.31294759115,senario_A
2025-08-11 15:00:00,81640.16248914931,38288.97432373047,6600.437337375217,36750.75082804362,senario_A
2025-08-11 16:00:00,82221.52502170138,36243.864172363275,7057.703257242839,38919.95759209527,senario_A
2025-08-11 17:00:00,82356.6709765625,33726.273111979164,7310.594972873264,41319.80289171007,senario_A
2025-08-11 18:00:00,82047.91708333333,32472.906070963545,8572.721701931423,41002.28931043837,senario_A
2025-08-11 19:00:00,81514.62126085069,25079.502523600262,10131.57758517795,46303.541152072474,senario_A
2025-08-11 20:00:00,79319.60305555556,7469.866596323649,10654.75099202474,61194.98546720717,senario_A
2025-08-11 21:00:00,76683.97453993055,136.97677102362115,11092.33246609158,65454.66530281535,senario_A
2025-08-11 22:00:00,74199.55038628473,1.3899074213703475,10007.04816189236,64191.112316971,senario_A
2025-08-11 23:00:00,70605.39301866319,1.466340055316687,9859.15691921658,60744.7697593913,senario_A
2025-08-12 00:00:00,66514.37295789931,1.5540359443426133,10269.544982638889,56243.27393931608,senario_A
2025-08-12 01:00:00,63021.607386067706,1.5244820529222487,12424.33416341146,50595.748740603325,senario_A
2025-08-12 02:00:00,61184.56837456597,1.4568702175219854,13813.230024956598,47369.88147939185,senario_A
2025-08-12 03:00:00,59206.51678602431,1.6098146086434522,14069.898480631511,45135.00849078415,senario_A
2025-08-12 04:00:00,57860.64999782986,1.6915711183349293,12962.93394639757,44896.02448031396,senario_A
2025-08-12 05:00:00,56475.65025607639,1.7127619855105876,12333.321277126735,44140.61621696415,senario_A
2025-08-12 06:00:00,56163.159398871525,1.5707551108797393,9186.325199652778,46975.26344410787,senario_A
2025-08-12 07:00:00,57549.84976453993,15.50206913381815,7602.499211832683,49931.84848357343,senario_A
2025-08-12 08:00:00,57919.31337456597,3934.9076060231528,5578.914888780382,48405.49087976244,senario_A
2025-08-12 09:00:00,62554.07722005208,20604.431177571616,3857.95007554796,38091.69596693251,senario_A
2025-08-12 10:00:00,65825.79999782986,31169.320494791667,2672.724879828559,31983.754623209636,senario_A
2025-08-12 11:00:00,68257.74061197917,34916.872571614585,1636.331430799696,31704.53660956489,senario_A
2025-08-12 12:00:00,71250.76550347223,38679.59896809895,947.551197781033,31623.61533759224,senario_A
2025-08-12 13:00:00,74877.09684027778,39174.30601562499,743.0178052435981,34959.77301940919,senario_A
2025-08-12 14:00:00,78252.37583767361,38962.243286946614,1104.123571624756,38186.00897910224,senario_A
2025-08-12 15:00:00,80950.11160373264,37556.99194742838,2123.497076687283,41269.622579616975,senario_A
2025-08-12 16:00:00,81871.3760373264,36835.286497395835,3270.82067437066,41765.2688655599,senario_A
2025-08-12 17:00:00,81500.788046875,32057.86091389974,4777.052377115885,44665.87475585937,senario_A
2025-08-12 18:00:00,79930.4710546875,27400.948912760417,5332.973417426215,47196.54872450087,senario_A
2025-08-12 19:00:00,77056.20711805555,16949.950689290366,6146.207112630208,53960.04931613497,senario_A
2025-08-12 20:00:00,74272.20511284722,5560.141810811361,6978.436110568577,61733.62719146729,senario_A
2025-08-12 21:00:00,72436.80835503472,281.55377769120037,6940.084037679037,65215.17053966449,senario_A
2025-08-12 22:00:00,70591.82577690973,1.1602621813615164,7998.477399088541,62592.188115639816,senario_A
2025-08-12 23:00:00,66927.77091362847,1.1996544986963271,8575.040201822916,58351.531057306864,senario_A
2025-08-13 00:00:00,62739.9988671875,1.289232102781534,8139.029102376302,54599.680532708415,senario_A
2025-08-13 01:00:00,59730.35074544271,1.203495619694392,7807.708400065104,51921.43884975791,senario_A
2025-08-13 02:00:00,56865.65336588542,1.2546755345662435,7035.778170572917,49828.620519777935,senario_A
2025-08-13 03:00:00,55099.55156684028,1.3260996907949447,5944.5500873480905,49153.675379801396,senario_A
2025-08-13 04:00:00,54092.87974175347,1.374346787457665,5035.258990614149,49056.24640435186,senario_A
2025-08-13 05:00:00,53805.415308159725,1.4333714445432026,3824.344624565972,49979.63731214921,senario_A
2025-08-13 06:00:00,54581.2690483941,1.4454542658726375,3105.7129804144965,51474.11061371373,senario_A
2025-08-13 07:00:00,56420.60607855903,2.903692774176598,2506.198056369358,53911.5043294155,senario_A
2025-08-13 08:00:00,57198.7800390625,3149.7288556830085,2214.7045429823133,51834.346640397176,senario_A
2025-08-13 09:00:00,62207.90514539931,18876.506233723958,1299.857478739421,42031.541432935934,senario_A
2025-08-13 10:00:00,67070.49669270833,29104.153118489587,1090.731127115885,36875.61244710286,senario_A
2025-08-13 11:00:00,69418.10164930555,32652.44613606771,1166.4689798990885,35599.186533338754,senario_A
2025-08-13 12:00:00,70497.38196180556,33655.300913899744,808.4871324496798,36033.593915456135,senario_A
2025-08-13 13:00:00,73921.17892795139,35223.910590006504,805.2073087056477,37892.06102923924,senario_A
2025-08-13 14:00:00,77124.19787543402,36345.043860677084,1526.6026100667318,39252.55140469021,senario_A
2025-08-13 15:00:00,79341.98095486111,35004.33787434896,2602.27680589464,41735.36627461751,senario_A
2025-08-13 16:00:00,81062.31516059028,32991.32471761068,3871.973770887587,44199.01667209202,senario_A
2025-08-13 17:00:00,81991.26248046875,32140.392265625,4800.137725287544,45050.732489556205,senario_A
2025-08-13 18:00:00,81871.97189453125,29561.496871744795,5703.438462999132,46607.036559787324,senario_A
2025-08-13 19:00:00,80525.13194878472,22918.10782552083,6876.426417914497,50730.5977053494,senario_A
2025-08-13 20:00:00,77316.77321180556,7679.787012329101,8987.02867078993,60649.95752868652,senario_A
2025-08-13 21:00:00,74703.99076171876,274.50585264086715,11710.776268174914,62718.70864090297,senario_A
2025-08-13 22:00:00,72350.78219835069,4.020091480612755,14433.45120985243,57913.31089701764,senario_A
2025-08-13 23:00:00,68233.49540581598,2.63762732009093,15976.981227213542,52253.876551282345,senario_A
2025-08-14 00:00:00,64383.53235351563,1.739269431531429,16374.324347873264,48007.46873621083,senario_A
2025-08-14 01:00:00,61336.32777126736,1.3188644912093879,16120.643457573784,45214.36544920236,senario_A
2025-08-14 02:00:00,58836.08962673611,1.3744864845772584,15603.963458387589,43230.75168186394,senario_A
2025-08-14 03:00:00,56826.68468967014,1.4012486629684764,15293.823137207031,41531.460303800144,senario_A
2025-08-14 04:00:00,55540.22300998264,1.4446363706390064,15050.064642198353,40488.71373141365,senario_A
2025-08-14 05:00:00,55112.41142578125,1.5176165153582892,14282.685503743489,40828.2083055224,senario_A
2025-08-14 06:00:00,56065.805234375,1.5925764514009157,13873.666343044704,42190.5463148789,senario_A
2025-08-14 07:00:00,57892.42372612847,6.914583169221879,13550.57175889757,44334.93738406168,senario_A
2025-08-14 08:00:00,58632.93323350694,3949.301978702545,12457.372082248265,42226.25917255613,senario_A
2025-08-14 09:00:00,63181.57671440972,22440.835852457683,9222.172023247613,31518.56883870442,senario_A
2025-08-14 10:00:00,67931.07981770833,34800.338359375004,8076.279794921875,25054.461663411457,senario_A
2025-08-14 11:00:00,71129.22048177083,38686.6778515625,7290.72051812066,25151.82211208767,senario_A
2025-08-14 12:00:00,74338.04713107638,39886.57926432292,5892.632777777778,28558.835088975684,senario_A
2025-08-14 13:00:00,78344.03435112847,39270.982964680996,5218.286145019531,33854.765241427944,senario_A
2025-08-14 14:00:00,81936.50020833334,38450.80768229166,5985.872485894097,37499.82004014758,senario_A
2025-08-14 15:00:00,82929.00484375,38485.98778157552,6945.266812879774,37497.7502492947,senario_A
2025-08-14 16:00:00,82774.40791015625,36127.417698567704,7479.771419813368,39167.21879177518,senario_A
2025-08-14 17:00:00,83425.10181423611,35126.48592936198,8446.897750379774,39851.71813449436,senario_A
2025-08-14 18:00:00,83528.20978081597,33222.70893554687,9429.30593532986,40876.194909939244,senario_A
2025-08-14 19:00:00,82888.56861111111,24791.203735351562,11780.131202528211,46317.23367323134,senario_A
2025-08-14 20:00:00,81254.278984375,7678.500891621908,14716.19650580512,58859.58158694798,senario_A
2025-08-14 21:00:00,79182.2357421875,206.70655650200945,17566.72385199653,61408.80533368896,senario_A
2025-08-14 22:00:00,77080.40588541667,1.391936035528779,21229.190437282985,55849.82351209814,senario_A
2025-08-14 23:00:00,73233.11594184028,1.4134996802608173,22919.40734754774,50312.29509461228,senario_A
2025-08-15 00:00:00,69448.30862630208,1.3260609670480092,23608.80873697917,45838.17382835586,senario_A
2025-08-15 01:00:00,65656.59216796875,1.2928890601793923,23294.30166232639,42360.99761658218,senario_A
2025-08-15 02:00:00,62581.90849500868,1.4934202709794044,22251.345668402777,40329.06940633493,senario_A
2025-08-15 03:00:00,60431.58098849827,1.5515042477846146,21675.00744140625,38755.022042844226,senario_A
2025-08-15 04:00:00,59241.95532118056,1.6326120150089265,20173.888598632813,39066.43411053273,senario_A
2025-08-15 05:00:00,58030.24455512153,1.7088321570555371,18401.03936197917,39627.4963609853,senario_A
2025-08-15 06:00:00,58005.52053602431,1.6643317614495752,16715.898464626734,41287.95773963613,senario_A
2025-08-15 07:00:00,58983.97947482639,6.923215016325315,15216.249032660591,43760.807227149475,senario_A
2025-08-15 08:00:00,59937.49920355903,4374.924132919311,14027.34966688368,41535.22540375604,senario_A
2025-08-15 09:00:00,64761.9660546875,23455.07490681966,11632.826666937934,29674.06448092991,senario_A
2025-08-15 10:00:00,70239.06849609375,34947.551744791665,12374.284406467012,22917.232344835073,senario_A
2025-08-15 11:00:00,72669.7571701389,37284.46059570312,12523.38812391493,22861.90845052084,senario_A
2025-08-15 12:00:00,74695.33989149306,36801.674374999995,12034.944518229167,25858.720998263896,senario_A
2025-08-15 13:00:00,76819.4082421875,36200.43011311849,12518.027233615452,28100.950895453563,senario_A
2025-08-15 14:00:00,79396.13124131944,37817.670839843755,13288.494370659722,28289.966030815962,senario_A
2025-08-15 15:00:00,80475.4492578125,35949.978493652336,13269.26764594184,31256.20311821833,senario_A
2025-08-15 16:00:00,80856.87046657986,33586.623444010416,13763.592365451388,33506.65465711805,senario_A
2025-08-15 17:00:00,81655.9420920139,33862.11042317707,14467.089730088976,33326.741938747844,senario_A
2025-08-15 18:00:00,81378.8744140625,30990.416585286457,15824.664423828124,34563.79340494793,senario_A
2025-08-15 19:00:00,80056.11138020833,21478.916899414064,17329.13209201389,41248.062388780374,senario_A
2025-08-15 20:00:00,76803.68509114583,5931.485964152018,17559.354741753472,53312.84438524034,senario_A
2025-08-15 21:00:00,74070.75078559028,84.82408993641536,17463.99745876736,56521.9292368865,senario_A
2025-08-15 22:00:00,71982.09907552083,0.6670983323951561,18669.246779513887,53312.185197674546,senario_A
2025-08-15 23:00:00,68966.18284288194,0.7703497102359931,20060.927580295134,48904.48491287658,senario_A
2025-08-16 00:00:00,65925.60794921876,0.736124410778284,21119.053528645836,44805.81829616215,senario_A
2025-08-16 01:00:00,62879.50581922743,0.6471434931457042,22277.02675998264,40601.831915751645,senario_A
2025-08-16 02:00:00,60315.15363172743,0.7435015787308414,22296.001890733507,38018.40823941519,senario_A
2025-08-16 03:00:00,58494.25659939236,0.7730920716002584,21446.476648763022,37047.00685855774,senario_A
2025-08-16 04:00:00,56877.67928602431,0.7474598718931277,19463.396822916668,37413.53500323575,senario_A
2025-08-16 05:00:00,55563.87295138889,1.0059524212777613,17127.239371202257,38435.62762776535,senario_A
2025-08-16 06:00:00,54855.820709635416,1.1843928589175143,14586.025524088542,40268.61079268796,senario_A
2025-08-16 07:00:00,55250.504437934025,5.868029596209526,12460.630102267794,42784.00630607002,senario_A
2025-08-16 08:00:00,55655.02136935764,3997.1721597480773,10982.901725260415,40674.94748434914,senario_A
2025-08-16 09:00:00,60977.99074435764,20774.626252441405,8551.795543619792,31651.56894829644,senario_A
2025-08-16 10:00:00,67049.09718098959,32509.17231119792,8954.060486111111,25585.86438368055,senario_A
2025-08-16 11:00:00,69375.92797743056,37251.388987630206,8342.40250108507,23782.13648871529,senario_A
2025-08-16 12:00:00,72128.5454188368,37560.18476155599,7350.403339436849,27217.957317843964,senario_A
2025-08-16 13:00:00,74223.50913628472,36871.630888671876,7381.024460177951,29970.853787434888,senario_A
2025-08-16 14:00:00,75896.47333550347,34799.37973632813,7976.864655897352,33120.228943277994,senario_A
2025-08-16 15:00:00,77329.50407552083,34193.487565104166,8587.214098307291,34548.80241210938,senario_A
2025-08-16 16:00:00,78427.68221788194,31753.77787597656,9430.498076443142,37243.40626546224,senario_A
2025-08-16 17:00:00,79621.59172743055,29431.52470052083,10955.756063096787,39234.31096381294,senario_A
2025-08-16 18:00:00,80028.07601128472,26257.744961751305,12068.30253282335,41702.02851671007,senario_A
2025-08-16 19:00:00,78642.51396918403,19568.75633951823,13008.05540907118,46065.70222059462,senario_A
2025-08-16 20:00:00,76125.59260199653,5760.4122178649895,14168.029233398438,56197.1511507331,senario_A
2025-08-16 21:00:00,73877.93444444444,57.930641933294645,15111.90605685764,58708.097745653504,senario_A
2025-08-16 22:00:00,71410.75383246527,0.7318968453009922,15885.606985677085,55524.41494994288,senario_A
2025-08-16 23:00:00,68552.75475043403,0.7581254620353381,16438.1442711046,52113.852353867405,senario_A
2025-08-17 00:00:00,65689.45131510416,0.6664691345393657,17055.004696180556,48633.78014978907,senario_A
2025-08-17 01:00:00,62724.17712673611,0.5102522255480288,16901.61020833333,45822.05666617723,senario_A
2025-08-17 02:00:00,59857.570804036455,0.6248186112443606,15979.034154730904,43877.91183069431,senario_A
2025-08-17 03:00:00,57959.42066189236,0.7595076523100336,15802.750782063802,42155.91037217625,senario_A
2025-08-17 04:00:00,56553.9364561632,0.6916973673055569,16497.846754286023,40055.39800450987,senario_A
2025-08-17 05:00:00,55485.95252170139,0.7404826733966668,16406.72433376736,39078.48770526063,senario_A
2025-08-17 06:00:00,55074.90098524305,0.8398509690165519,15613.903399522567,39460.15773475147,senario_A
2025-08-17 07:00:00,54348.09933159722,5.203067591376603,14342.0619007704,40000.834363235444,senario_A
2025-08-17 08:00:00,54530.06844618056,3669.6610402933757,13010.616664496529,37849.79074139066,senario_A
2025-08-17 09:00:00,60994.04639105903,22069.411145833335,12074.43834092882,26850.196904296878,senario_A
2025-08-17 10:00:00,67554.10336371527,34006.43525390625,13721.191742621528,19826.47636718749,senario_A
2025-08-17 11:00:00,69045.73026909723,38900.38510091146,12795.516435546877,17349.828732638893,senario_A
2025-08-17 12:00:00,71243.67321614583,40925.3469148763,10760.939650065104,19557.386651204426,senario_A
2025-08-17 13:00:00,74790.299921875,41061.19653645834,7941.116356336805,25787.98702907986,senario_A
2025-08-17 14:00:00,78376.20375868055,40839.650874837236,6909.366467692057,30627.18641615126,senario_A
2025-08-17 15:00:00,80715.36098524305,38477.185568033856,8260.839584689671,33977.33583251953,senario_A
2025-08-17 16:00:00,81809.84275390625,35910.39376302084,9955.45008029514,35943.99891059028,senario_A
2025-08-17 17:00:00,82019.03215060764,31498.956101888012,11527.467804090713,38992.60824462892,senario_A
2025-08-17 18:00:00,82247.80913628472,26288.124357096356,13220.897820095486,42738.786959092875,senario_A
2025-08-17 19:00:00,81154.55351779514,17015.464670003254,14099.07188123915,50040.016966552736,senario_A
2025-08-17 20:00:00,79175.46610026041,3497.752261403402,15162.450003526475,60515.26383533054,senario_A
2025-08-17 21:00:00,77354.83571180556,51.54223706367115,14869.373133680556,62433.92034106133,senario_A
2025-08-17 22:00:00,74462.55577473958,0.676428181057175,14746.97636827257,59714.90297828595,senario_A
2025-08-17 23:00:00,70483.82022135417,1.8068883970752359,14560.643529459636,55921.36980349746,senario_A
2025-08-18 00:00:00,66119.47629123264,0.5952498111501335,15057.721574435764,51061.15946698573,senario_A
2025-08-18 01:00:00,62464.37720920139,0.5189007813483477,15117.581349826389,47346.276958593655,senario_A
2025-08-18 02:00:00,59742.30548177083,0.5053082103282213,14479.023673773872,45262.77649978663,senario_A
2025-08-18 03:00:00,58143.68337673611,0.5377790154889225,14130.432717285155,44012.712880435465,senario_A
2025-08-18 04:00:00,56898.500933159725,0.7167754975706339,12908.801029730905,43988.98312793125,senario_A
2025-08-18 05:00:00,56358.843072916665,0.9048765115936597,11661.18191189236,44696.75628451271,senario_A
2025-08-18 06:00:00,57078.93127387153,0.8521971636265516,11022.336764322916,46055.74231238499,senario_A
2025-08-18 07:00:00,58412.289403211806,5.50423115213712,9984.104840494792,48422.68033156487,senario_A
2025-08-18 08:00:00,59513.12823567708,4025.0869726498922,8856.243296440973,46631.797966586215,senario_A
2025-08-18 09:00:00,65900.7667296007,23153.243571777344,7795.875089246962,34951.64806857639,senario_A
2025-08-18 10:00:00,70436.46254340278,36105.565944010414,7541.292933485243,26789.603665907125,senario_A
2025-08-18 11:00:00,72620.39718532986,40149.97346354167,7347.487838541667,25122.935883246522,senario_A
2025-08-18 12:00:00,76147.12973090277,40925.77330078125,6013.438990885416,29207.917439236106,senario_A
2025-08-18 13:00:00,80959.64591579861,40802.662988281256,5654.371199001736,34502.61172851562,senario_A
2025-08-18 14:00:00,83185.68811197917,39881.509003906256,6308.224422743056,36995.95468532985,senario_A
2025-08-18 15:00:00,83193.73577690973,38547.85876057943,7901.936522081163,36743.94049424914,senario_A
2025-08-18 16:00:00,83403.02543402778,35585.54214599609,9802.05408203125,38015.42920600043,senario_A
2025-08-18 17:00:00,83876.460703125,30315.498925781252,12075.000264756944,41485.96151258681,senario_A
2025-08-18 18:00:00,83837.71085720486,25413.29180338542,14461.607622612848,43962.81143120659,senario_A
2025-08-18 19:00:00,82873.21564019097,16843.48144124349,12086.9435413954,53942.79065755208,senario_A
2025-08-18 20:00:00,80679.88456163194,4301.94258392334,10769.659972873264,65608.28200483533,senario_A
2025-08-18 21:00:00,78631.46753038194,83.05665107316648,9704.371944715713,68844.03893459306,senario_A
2025-08-18 22:00:00,74653.87492621527,0.771244485800465,8271.0980339898,66382.00564773967,senario_A
2025-08-18 23:00:00,70369.40640190973,0.8219972315182289,7606.126708984375,62762.45769569384,senario_A
2025-08-19 00:00:00,66952.92409505208,0.9310526992132266,7354.996735568577,59596.99630678428,senario_A
2025-08-19 01:00:00,63299.0148687066,1.1446546228726704,7104.903277994792,56192.96693608894,senario_A
2025-08-19 02:00:00,60815.15699001736,1.0398085805773736,6428.949576280382,54385.1676051564,senario_A
2025-08-19 03:00:00,58299.77724175347,0.9415602155029774,5616.39878241645,52682.436899121516,senario_A
2025-08-19 04:00:00,56932.08923611111,1.0402497927099466,4983.349694824219,51947.69929149418,senario_A
2025-08-19 05:00:00,56343.27874782986,1.0425178223351637,4407.626896701389,51934.609333306136,senario_A
2025-08-19 06:00:00,56866.396351996525,1.0767684416472911,4122.739435763889,52742.580147790984,senario_A
2025-08-19 07:00:00,58469.23787109375,3.2224370521555343,3446.7209932454425,55019.29444079615,senario_A
2025-08-19 08:00:00,58776.4584874132,2464.468349269231,2890.9087721761066,53421.08136596786,senario_A
2025-08-19 09:00:00,62581.560462239584,16410.493509928387,2039.532172580295,44131.53477973091,senario_A
2025-08-19 10:00:00,67849.61262369792,26749.157605794273,893.495375773112,40206.95964213053,senario_A
2025-08-19 11:00:00,72111.3606922743,31706.67301595052,632.8733749898274,39771.81430133396,senario_A
2025-08-19 12:00:00,76192.67719184028,36069.23024251302,365.4592842780219,39757.987665049244,senario_A
2025-08-19 13:00:00,78331.86793402777,37121.83840494792,340.02221895005965,40870.0073101298,senario_A
2025-08-19 14:00:00,81518.33064019098,34955.55431803386,1793.8866088867187,44768.8897132704,senario_A
2025-08-19 15:00:00,82614.3887326389,32729.694034016924,3569.2252107069226,46315.46948791505,senario_A
2025-08-19 16:00:00,82650.60413628472,28278.85677408854,4637.232933213976,49734.5144289822,senario_A
2025-08-19 17:00:00,82038.36408420138,24674.211476236982,5968.957221137152,51395.195386827254,senario_A
2025-08-19 18:00:00,81072.3368532986,21458.31914347331,5957.212811143663,53656.804898681636,senario_A
2025-08-19 19:00:00,78678.64381727431,14469.55827311198,7076.553168945313,57132.532375217015,senario_A
2025-08-19 20:00:00,75752.71059895834,4901.603342997233,6233.762992214627,64617.344263746476,senario_A
2025-08-19 21:00:00,73864.83749565973,91.24318479220072,5854.122947591146,67919.47136327639,senario_A
2025-08-19 22:00:00,71730.760625,6.865301121870676,5791.182004665799,65932.71331921233,senario_A
2025-08-19 23:00:00,67827.29586805556,1.188274353692929,5562.799246419271,62263.30834728259,senario_A
2025-08-20 00:00:00,64654.19762044271,1.1287860056757926,5166.7641099717885,59486.30472446525,senario_A
2025-08-20 01:00:00,61388.85844401042,1.2429461306333542,4561.897324761285,56825.7181731185,senario_A
2025-08-20 02:00:00,59200.92956488716,1.323458833694458,3911.662451985677,55287.94365406779,senario_A
2025-08-20 03:00:00,57103.32297526042,1.3435692599415778,3733.9336336263023,53368.04577237417,senario_A
2025-08-20 04:00:00,55325.9662109375,1.276570858458678,2634.0729193793404,52690.616720699705,senario_A
2025-08-20 05:00:00,54572.03310546875,1.3787315500775974,2624.058709309896,51946.59566460878,senario_A
2025-08-20 06:00:00,55208.53748046875,1.407333594361941,3409.6462277560763,51797.48391911831,senario_A
2025-08-20 07:00:00,56680.9866796875,1.986209779679775,4492.650869954427,52186.34959995339,senario_A
2025-08-20 08:00:00,57437.919270833336,2766.7509023555117,4940.387752821181,49730.780615656644,senario_A
2025-08-20 09:00:00,62337.61706814236,18562.748233235678,5201.019772135417,38573.84906277126,senario_A
2025-08-20 10:00:00,66090.45615451389,29668.306044921876,6266.044157986111,30156.1059516059,senario_A
2025-08-20 11:00:00,67484.57657552083,34966.48627929688,6237.317280273437,26280.77301595051,senario_A
2025-08-20 12:00:00,68835.83411024306,37203.742008463545,6214.10100531684,25417.991096462672,senario_A
2025-08-20 13:00:00,71478.28888888888,36914.38537434895,5551.918789605034,29011.984724934897,senario_A
2025-08-20 14:00:00,74351.44128038194,35293.69782552083,5132.644667426215,33925.098787434894,senario_A
2025-08-20 15:00:00,76484.99418836806,32576.844335937494,4936.051321614584,38972.09853081598,senario_A
2025-08-20 16:00:00,78329.09654079861,29415.076497395836,4331.160368923611,44582.85967447916,senario_A
2025-08-20 17:00:00,79926.03898003472,27163.188701171883,4048.796053059896,48714.054225802945,senario_A
2025-08-20 18:00:00,80035.61114583333,25032.184147135413,3682.888024088541,51320.53897460938,senario_A
2025-08-20 19:00:00,78002.72663194445,18665.20987304687,3983.869453396268,55353.647305501305,senario_A
2025-08-20 20:00:00,74907.72459635416,5977.36426574707,3920.137570529514,65010.22276007759,senario_A
2025-08-20 21:00:00,72035.01564670139,103.9348845205456,3500.8503211805555,68430.2304410003,senario_A
2025-08-20 22:00:00,68177.61763020833,0.7994433984408775,3402.153986545139,64774.66420026475,senario_A
2025-08-20 23:00:00,65423.51935112848,0.9640967456748087,3077.1589425998263,62345.396311782984,senario_A
2025-08-21 00:00:00,62635.64245768229,1.0156028354664643,2786.516560329861,59848.11029451696,senario_A
2025-08-21 01:00:00,59237.73432074653,1.0113376528521378,2406.9128135850697,56829.81016950861,senario_A
2025-08-21 02:00:00,56816.766733940975,1.1072740289072196,2026.32302327474,54789.33643663733,senario_A
2025-08-21 03:00:00,54833.81904947916,1.1790520781775315,1321.3859946017794,53511.25400279921,senario_A
2025-08-21 04:00:00,53874.84523220486,1.2076086195309956,1054.7799501546224,52818.857673430706,senario_A
2025-08-21 05:00:00,53448.759848090274,1.2711293749511243,776.414690890842,52671.07402782448,senario_A
2025-08-21 06:00:00,54398.58508897569,1.3030377359191576,792.9016628689236,53604.38038837085,senario_A
2025-08-21 07:00:00,55861.602046440974,2.747923316260179,870.089275648329,54988.764847476385,senario_A
2025-08-21 08:00:00,56939.63380642361,3437.330650459925,920.5810761854384,52581.72207977825,senario_A
2025-08-21 09:00:00,63116.15915364584,21524.93502360026,776.0086373901368,40815.21549265544,senario_A
2025-08-21 10:00:00,67314.83619791667,34699.9757421875,345.7117214287652,32269.148734300405,senario_A
2025-08-21 11:00:00,69158.76104600694,38181.081354166665,472.063239440918,30505.616452399358,senario_A
2025-08-21 12:00:00,72108.84224826389,38342.44592773438,819.0890985785591,32947.30722195095,senario_A
2025-08-21 13:00:00,75868.5013888889,34907.43827148438,1657.9958108181424,39303.06730658637,senario_A
2025-08-21 14:00:00,78626.83626302083,33022.915227864585,2398.523739013672,43205.39729614257,senario_A
2025-08-21 15:00:00,80246.20601128472,32409.361732584635,3654.283718939887,44182.560559760204,senario_A
2025-08-21 16:00:00,80357.67802951389,30054.75227783203,4744.9961112467445,45557.92964043512,senario_A
2025-08-21 17:00:00,79934.3889626736,26585.682916666665,5382.143344319661,47966.56270168728,senario_A
2025-08-21 18:00:00,79465.55152777777,22120.104495442705,6781.010447048611,50564.43658528646,senario_A
2025-08-21 19:00:00,76469.29552517361,14807.992000732422,6593.074606933594,55068.22891750759,senario_A
2025-08-21 20:00:00,73032.86531684028,4988.004619140625,6529.818279622396,61515.04241807725,senario_A
2025-08-21 21:00:00,70802.32555121528,104.53374844238162,6589.741739908855,64108.050062864044,senario_A
2025-08-21 22:00:00,68155.98745659723,1.0465926732619604,6777.030850151909,61377.91001377206,senario_A
2025-08-21 23:00:00,64786.476599392365,1.1721323850750922,7073.718509114583,57711.58595789271,senario_A
2025-08-22 00:00:00,61246.75930989583,1.203899799187978,6749.082144639757,54496.47326545688,senario_A
2025-08-22 01:00:00,58112.89319444444,1.3605473450819652,5833.0812771267365,52278.45136997262,senario_A
2025-08-22 02:00:00,55669.19523871528,1.496946181356907,4442.359324544271,51225.33896798965,senario_A
2025-08-22 03:00:00,54162.66690972223,1.3998352122555175,2985.361064520942,51175.906009989034,senario_A
2025-08-22 04:00:00,53084.69062717014,1.5779535635312403,1896.4887434895836,51186.62393011702,senario_A
2025-08-22 05:00:00,52444.52853515625,1.5022019947071867,1220.2267884657117,51222.79954469583,senario_A
2025-08-22 06:00:00,53382.46625976563,1.2521845597028733,827.3986615668402,52553.81541363909,senario_A
2025-08-22 07:00:00,55135.25035807292,3.529272958189249,623.3920569017198,54508.329028213004,senario_A
2025-08-22 08:00:00,56459.2393641493,2810.509818563461,621.4031998019748,53027.32634578386,senario_A
2025-08-22 09:00:00,61657.77473524305,19600.765620117185,435.223246222602,41621.785868903266,senario_A
2025-08-22 10:00:00,65128.60620442708,32419.703899739587,168.65177734375,32540.250527343742,senario_A
2025-08-22 11:00:00,66683.60174045138,36172.01600260417,432.63757503933374,30078.94816280788,senario_A
2025-08-22 12:00:00,68541.07731336805,34823.51038736979,1173.7039668782552,32543.862959120004,senario_A
2025-08-22 13:00:00,70772.26664930556,33955.961640625,2335.95000257704,34480.35500610352,senario_A
2025-08-22 14:00:00,73656.81689236111,33635.46240885416,3466.9412955729167,36554.41318793403,senario_A
2025-08-22 15:00:00,75811.9349609375,33757.433470052085,3557.016281467014,38497.48520941841,senario_A
2025-08-22 16:00:00,77153.73443142361,34192.293883463535,3930.468774142795,39030.97177381728,senario_A
2025-08-22 17:00:00,77690.8048046875,31440.058513183594,3659.178705037435,42591.56758646647,senario_A
2025-08-22 18:00:00,77805.69481336806,27716.89845703125,4140.594266493055,45948.202089843755,senario_A
2025-08-22 19:00:00,75623.614296875,20963.235291341145,4234.476587999132,50425.90241753473,senario_A
2025-08-22 20:00:00,72404.66237847222,6762.409127604166,4316.666247287327,61325.58700358072,senario_A
2025-08-22 21:00:00,69783.19529296875,111.80597444395225,5878.7126300727,63792.6766884521,senario_A
2025-08-22 22:00:00,67365.43016493056,1.4680787909030917,7717.446291232639,59646.51579490701,senario_A
2025-08-22 23:00:00,64126.43993706597,1.5837328294912973,8201.216139322916,55923.640064913554,senario_A
2025-08-23 00:00:00,60472.747962239584,1.579107271830241,8070.970098198784,52400.19875676897,senario_A
2025-08-23 01:00:00,56910.14975043403,1.6539521230260528,7044.447436523437,49864.04836178757,senario_A
2025-08-23 02:00:00,54343.28440212674,1.663428291976452,5937.183107096354,48404.43786673841,senario_A
2025-08-23 03:00:00,52606.67415364584,1.6917768749594688,4797.383947211371,47807.59842955951,senario_A
2025-08-23 04:00:00,51263.1447797309,1.7304598953326544,3452.4541140407987,47808.96020579477,senario_A
2025-08-23 05:00:00,50692.21363064236,1.554993260030945,2577.508220214844,48113.15041716749,senario_A
2025-08-23 06:00:00,50300.53199435764,1.5104083836078646,1900.0585830349391,48398.9630029391,senario_A
2025-08-23 07:00:00,50467.515221354166,3.2892247800032295,1237.3821194118923,49226.84387716227,senario_A
2025-08-23 08:00:00,51040.908311631945,3296.2584060351055,810.4826094563803,46934.167296140455,senario_A
2025-08-23 09:00:00,58198.66858723958,22801.633432617185,579.3826109992133,34817.65254362318,senario_A
2025-08-23 10:00:00,64078.69214952257,37533.83974772136,290.4921736653646,26254.360228135847,senario_A
2025-08-23 11:00:00,66278.8281640625,41258.031520182296,583.2321963161893,24437.564447564022,senario_A
2025-08-23 12:00:00,69095.84142361111,40854.345312499994,1606.2453977457683,26635.25071336535,senario_A
2025-08-23 13:00:00,72115.75922743055,39429.82353515625,3807.666300455729,28878.269391818572,senario_A
2025-08-23 14:00:00,74134.94178385417,37398.064505208335,4965.899242078993,31770.97803656684,senario_A
2025-08-23 15:00:00,75808.0133203125,37976.75329101562,5402.986328667535,32428.273700629343,senario_A
2025-08-23 16:00:00,77254.40694010416,34722.06136067708,5845.014518229166,36687.33106119792,senario_A
2025-08-23 17:00:00,77988.94563802083,33353.293011067704,6481.810479600695,38153.84214735243,senario_A
2025-08-23 18:00:00,77312.68662326389,32082.231474609376,6990.018743489583,38240.436405164925,senario_A
2025-08-23 19:00:00,75847.2118532986,22397.9372265625,6737.493014322917,46711.78161241319,senario_A
2025-08-23 20:00:00,72741.21305989583,6112.2200672912595,5541.111884629991,61087.88110797458,senario_A
2025-08-23 21:00:00,69352.06766493055,79.08574061562618,4526.032681749132,64746.949242565795,senario_A
2025-08-23 22:00:00,66806.7600564236,1.5726348864038784,4759.928873426649,62045.258548110556,senario_A
2025-08-23 23:00:00,63891.75343098959,1.6809274786214035,4726.70036743164,59163.37213607933,senario_A
2025-08-24 00:00:00,60595.12620008681,1.6159800891081493,5074.869927842882,55518.640292154814,senario_A
2025-08-24 01:00:00,57364.93202582465,1.8786198536554974,5327.427453884548,52035.62595208645,senario_A
2025-08-24 02:00:00,54865.75557942708,1.9285427876313528,5105.587021484375,49758.240015155076,senario_A
2025-08-24 03:00:00,53042.018502604165,1.8875046836833158,4385.181089206271,48654.94990871421,senario_A
2025-08-24 04:00:00,51570.85555555556,1.854599256316821,3433.9244319661457,48135.0765243331,senario_A
2025-08-24 05:00:00,50725.80812282986,1.8740786724289258,2796.607328559028,47927.32671559841,senario_A
2025-08-24 06:00:00,50164.56440321181,1.896778016934792,2380.190226236979,47782.4773989579,senario_A
2025-08-24 07:00:00,49875.25947699653,3.2299239102502666,1957.80047003852,47914.22908304776,senario_A
2025-08-24 08:00:00,50047.97277560764,3181.318049395879,1976.1790119086368,44890.475714303124,senario_A
2025-08-24 09:00:00,56353.16075737847,22210.17571533203,1491.202821858724,32651.782220187717,senario_A
2025-08-24 10:00:00,63278.39784722222,37937.89918294272,1071.614014485677,24268.88464979383,senario_A
2025-08-24 11:00:00,66921.62570746528,42525.68713216146,1325.6737648179796,23070.26481048584,senario_A
2025-08-24 12:00:00,69055.82948784722,43230.40131835937,1564.4917967393662,24260.936372748485,senario_A
2025-08-24 13:00:00,72543.83915364584,40584.39811523438,1712.9318986002604,30246.509139811198,senario_A
2025-08-24 14:00:00,76147.87251302083,39330.026572265626,1929.887990044488,34887.95795071072,senario_A
2025-08-24 15:00:00,78600.51653211805,37752.72643798828,2341.655350884332,38506.134743245435,senario_A
2025-08-24 16:00:00,80663.72477430555,35155.503756510414,3682.911105414496,41825.30991238064,senario_A
2025-08-24 17:00:00,81847.69503472222,33400.92547526042,4612.729758572049,43834.03980088975,senario_A
2025-08-24 18:00:00,82331.59792751736,30245.06759114583,5061.801444227431,47024.7288921441,senario_A
2025-08-24 19:00:00,80529.60564670138,20402.535752766926,6270.5233756510415,53856.546518283416,senario_A
2025-08-24 20:00:00,76314.63301215277,5103.616454111736,7005.199680989584,64205.81687705145,senario_A
2025-08-24 21:00:00,74167.43629774306,62.98497191406786,7763.574306369358,66340.87701945964,senario_A
2025-08-24 22:00:00,70967.5249609375,1.496189374923706,8877.875534939236,62088.15323662334,senario_A
2025-08-24 23:00:00,67452.45529947917,1.6433025870720543,9812.456393229166,57638.35560366293,senario_A
2025-08-25 00:00:00,63338.27811197917,1.7114595810572304,10591.757603081598,52744.809049316515,senario_A
2025-08-25 01:00:00,59480.56319227431,1.6393578890959422,11151.437864583331,48327.485969801884,senario_A
2025-08-25 02:00:00,56495.51743055556,1.7098917363087336,10991.528999565971,45502.27853925328,senario_A
2025-08-25 03:00:00,54259.5652625868,1.7401017565528552,10396.48773328993,43861.33742754032,senario_A
2025-08-25 04:00:00,53525.03871310764,1.8664043599367144,10391.015083550346,43132.15722519736,senario_A
2025-08-25 05:00:00,53413.12054253472,1.9195130772391957,11081.588833550348,42329.61219590713,senario_A
2025-08-25 06:00:00,54380.58343098958,1.6961626568933328,11027.290802408854,43351.59646592383,senario_A
2025-08-25 07:00:00,55712.31543945312,2.5874918765823045,11104.293308376737,44605.434639199804,senario_A
2025-08-25 08:00:00,56931.04886067708,2770.3740782642362,10551.616145833334,43609.05863657952,senario_A
2025-08-25 09:00:00,60963.33160915798,19636.927368977864,7888.051653103299,33438.35258707682,senario_A
2025-08-25 10:00:00,66510.56951605903,33481.68408203125,5461.653386501736,27567.23204752604,senario_A
2025-08-25 11:00:00,69336.49694444444,38395.86868489583,5309.262533637153,25631.36572591146,senario_A
2025-08-25 12:00:00,71403.66194661458,39959.0759342448,5246.314039849175,26198.271972520604,senario_A
2025-08-25 13:00:00,74840.53600694444,40914.31420247396,4229.060798068576,29697.16100640191,senario_A
2025-08-25 14:00:00,78337.98886284723,40426.49045898438,3241.255320366753,34670.24308349609,senario_A
2025-08-25 15:00:00,81033.15888020833,39702.53250488281,3742.488514200847,37588.13786112467,senario_A
2025-08-25 16:00:00,82683.13987413194,38936.30682942708,5896.601056315104,37850.23198838976,senario_A
2025-08-25 17:00:00,82997.2938671875,36046.69751953125,7849.208560112847,39101.387787543405,senario_A
2025-08-25 18:00:00,82733.28138888889,30407.266821289064,9717.502891438802,42608.511676161026,senario_A
2025-08-25 19:00:00,81127.07117621528,20298.53099527995,11002.394656846787,49826.14552408854,senario_A
2025-08-25 20:00:00,77970.98127170138,4961.043271230062,12466.075655381945,60543.86234508937,senario_A
2025-08-25 21:00:00,75420.17736545138,56.55575270430495,13897.782815212671,61465.83879753441,senario_A
2025-08-25 22:00:00,72754.44726128472,0.8067668358484904,16102.862368706596,56650.778125742276,senario_A
2025-08-25 23:00:00,68388.46192708334,0.9111295455197493,16661.49137044271,51726.059427095104,senario_A
2025-08-26 00:00:00,64043.150266927085,0.7675729084511598,16638.55205403646,47403.830639982174,senario_A
2025-08-26 01:00:00,60437.18419270834,0.7667789674798648,15331.855519748264,45104.56189399259,senario_A
2025-08-26 02:00:00,57831.984364149306,0.8928557094434897,13722.321875,44108.769633439864,senario_A
2025-08-26 03:00:00,55787.169437934026,1.0611952563126883,12059.710785590278,43726.397457087434,senario_A
2025-08-26 04:00:00,54428.69792100695,1.0940069304406643,10843.128845486111,43584.47506859039,senario_A
2025-08-26 05:00:00,53538.02085720486,1.0948802540202935,9182.2530335829,44354.672943367936,senario_A
2025-08-26 06:00:00,54172.268515625,0.932818862348795,8171.8955579969615,45999.44013876569,senario_A
2025-08-26 07:00:00,55903.86500434028,0.9585728678976497,6862.092478434245,49040.81395303814,senario_A
2025-08-26 08:00:00,56309.76288628472,1801.8632623736066,5299.674662000868,49208.224961910244,senario_A
2025-08-26 09:00:00,59680.285552300345,14755.106939290366,4160.137485080295,40765.04112792968,senario_A
2025-08-26 10:00:00,64419.83134114584,26452.342236328128,3737.531590915256,34229.95751390245,senario_A
2025-08-26 11:00:00,67229.12819444445,31231.896916503905,3621.9861694335937,32375.245108506955,senario_A
2025-08-26 12:00:00,68411.23278645833,33597.47428792318,3041.238729654948,31772.519768880207,senario_A
2025-08-26 13:00:00,70963.67328993055,33365.01901774088,2623.137125922309,34975.51714626736,senario_A
2025-08-26 14:00:00,73854.89507161458,32399.0973819987,2835.9960477023656,38619.80164191352,senario_A
2025-08-26 15:00:00,76345.29701388889,32213.74137939453,3221.954525146484,40909.60110934788,senario_A
2025-08-26 16:00:00,77518.65875,30544.374042968746,4563.6959323459205,42410.58877468533,senario_A
2025-08-26 17:00:00,78419.73147569444,28608.27634358724,6515.782218017578,43295.67291408962,senario_A
2025-08-26 18:00:00,77991.66944878473,22829.589759114584,9238.22020670573,45923.85948296441,senario_A
2025-08-26 19:00:00,76753.96146267361,15751.54396077474,11156.82515733507,49845.5923445638,senario_A
2025-08-26 20:00:00,73729.07487847222,4152.879599100748,12721.370617133249,56854.82466223823,senario_A
2025-08-26 21:00:00,71552.79953559028,62.18133874649803,12611.640647786458,58878.97754905733,senario_A
2025-08-26 22:00:00,68731.3069314236,0.8620223660767079,12785.27361653646,55945.17129252106,senario_A
2025-08-26 23:00:00,65258.38265625,0.9527112132807573,12867.747412109376,52389.68253292735,senario_A
2025-08-27 00:00:00,61493.26428819444,0.8296446947256724,12531.454359809028,48960.98028369069,senario_A
2025-08-27 01:00:00,58379.51117621528,1.083863333761692,11732.309484592011,46646.117828289505,senario_A
2025-08-27 02:00:00,56089.244344618055,0.8022278723120689,10110.767348090278,45977.67476865546,senario_A
2025-08-27 03:00:00,54062.430338541664,1.02080823118488,8349.053280707465,45712.35624960301,senario_A
2025-08-27 04:00:00,53059.6424609375,1.2872365197539328,6916.068289388021,46142.286935029726,senario_A
2025-08-27 05:00:00,52807.6769032118,1.425522002776464,5544.863338758681,47261.388042450344,senario_A
2025-08-27 06:00:00,53504.19286892361,1.4467344580094021,5155.976224500868,48346.76990996473,senario_A
2025-08-27 07:00:00,55629.88163845486,1.3281717186669508,4452.55058186849,51176.0028848677,senario_A
2025-08-27 08:00:00,56146.206018880206,1822.9853380733728,3793.1699918619793,50530.05068894486,senario_A
2025-08-27 09:00:00,60562.996145833335,15263.08237548828,2681.246975097656,42618.666795247394,senario_A
2025-08-27 10:00:00,65247.82922092014,27348.688833821616,2671.2848711480037,35227.85551595052,senario_A
2025-08-27 11:00:00,68322.69938368055,33450.12539876302,2985.69702351888,31886.87696139865,senario_A
2025-08-27 12:00:00,70006.63424913194,35339.64072509766,2974.307025892469,31692.686498141804,senario_A
2025-08-27 13:00:00,72184.85872829861,34256.14903889973,3811.505126139323,34117.204563259555,senario_A
2025-08-27 14:00:00,74531.28644965278,34014.0876595052,4962.822556966145,35554.37623318143,senario_A
2025-08-27 15:00:00,76783.70475694444,33151.01841796875,6246.2387868923615,37386.44755208333,senario_A
2025-08-27 16:00:00,78602.90794270833,31841.10730143229,6139.890011935764,40621.91062934028,senario_A
2025-08-27 17:00:00,80071.12636284722,29543.101585286462,8329.696355251735,42198.32842230902,senario_A
2025-08-27 18:00:00,80622.6712326389,27802.688391927084,10506.725223524303,42313.25761718751,senario_A
2025-08-27 19:00:00,78532.6284375,17912.791371256513,12594.32980902778,48025.5072572157,senario_A
2025-08-27 20:00:00,75805.35010416666,3969.7702319335935,14660.37624782986,57175.203624403206,senario_A
2025-08-27 21:00:00,74149.45704427084,38.41218631878495,15488.2003515625,58622.84450638955,senario_A
2025-08-27 22:00:00,71520.35258680556,0.8379714996119341,16386.632451171874,55132.88216413408,senario_A
2025-08-27 23:00:00,67943.73348524305,0.9515507232646148,17566.396417100696,50376.38551741908,senario_A
2025-08-28 00:00:00,64281.03777560764,0.8480035272240638,18301.67228732639,45978.51748475403,senario_A
2025-08-28 01:00:00,61010.767375217016,0.7531196207056443,18346.393121202254,42663.62113439405,senario_A
2025-08-28 02:00:00,58464.40426215278,0.937107323606809,18917.83226996528,39545.63488486389,senario_A
2025-08-28 03:00:00,56875.3084375,1.1360513599713644,19508.544010416663,37365.62837572337,senario_A
2025-08-28 04:00:00,55876.788072916665,1.0446200234939655,19632.74311577691,36243.00033711626,senario_A
2025-08-28 05:00:00,55533.88340494792,1.0473105937739213,19358.96158203125,36173.8745123229,senario_A
2025-08-28 06:00:00,56211.38440104167,1.0486969932417076,18814.390421006945,37395.94528304149,senario_A
2025-08-28 07:00:00,57884.20541666666,1.4768033653249344,18892.570461154515,38990.15815214682,senario_A
2025-08-28 08:00:00,58473.114420572914,2522.404541412989,18280.656827256946,37670.053051902985,senario_A
2025-08-28 09:00:00,62727.15996744792,20817.787472330732,15628.728812934029,26280.64368218316,senario_A
2025-08-28 10:00:00,68751.1653732639,34061.19385579427,16315.033303493925,18374.9382139757,senario_A
2025-08-28 11:00:00,70982.53638020833,37123.241518554685,16108.351366916231,17750.943494737414,senario_A
2025-08-28 12:00:00,73367.7165234375,38826.311360677086,14158.643892144097,20382.761270616316,senario_A
2025-08-28 13:00:00,76489.43587673611,42019.428593749995,10570.128270399306,23899.87901258681,senario_A
2025-08-28 14:00:00,80227.45746961805,40888.11247151693,7344.864861924913,31994.480136176207,senario_A
2025-08-28 15:00:00,82737.39538194444,37461.55690673828,5981.344229600694,39294.49424560547,senario_A
2025-08-28 16:00:00,83592.17370659723,35482.85027669271,5754.225872938368,42355.097556966146,senario_A
2025-08-28 17:00:00,83409.68052083334,33443.285136718754,6383.4752609592015,43582.92012315538,senario_A
2025-08-28 18:00:00,82737.08001302084,29878.16944091797,8134.861235351563,44724.049336751305,senario_A
2025-08-28 19:00:00,80464.61344184028,20716.47048665365,10754.721495225696,48993.42145996093,senario_A
2025-08-28 20:00:00,77361.94966145833,4722.205104319253,12734.536899956598,59905.20765718249,senario_A
2025-08-28 21:00:00,75378.92526909722,24.85467059766253,13488.774379340275,61865.29621915928,senario_A
2025-08-28 22:00:00,73180.0149826389,0.49588806666433816,15719.381472439236,57460.13762213299,senario_A
2025-08-28 23:00:00,69757.04340277778,0.3941838936507702,17307.747407769097,52448.901811115036,senario_A
2025-08-29 00:00:00,65063.38516059028,0.46429755993187427,16329.759095052084,48733.161767978265,senario_A
2025-08-29 01:00:00,61145.17468098959,0.7300864848246177,14755.51898546007,46388.9256090447,senario_A
2025-08-29 02:00:00,58734.28267578125,0.6653853244582812,12908.753677300348,45824.86361315644,senario_A
2025-08-29 03:00:00,57179.74329861111,0.8009736149013043,10916.039496527776,46262.90282846843,senario_A
2025-08-29 04:00:00,56299.24521267361,0.9415655839443207,9874.388739149306,46423.91490794036,senario_A
2025-08-29 05:00:00,55535.55571614584,1.095537085533142,8582.575640190973,46951.88453886934,senario_A
2025-08-29 06:00:00,56272.80969184028,1.1125629363954068,8041.729682074652,48229.967446829236,senario_A
2025-08-29 07:00:00,57022.914522569445,1.2638066339492797,7941.575751953125,49080.07496398237,senario_A
2025-08-29 08:00:00,57515.0947016059,1509.1553476329645,6999.644332139757,49006.295021833175,senario_A
2025-08-29 09:00:00,60845.29183376736,12995.15754272461,5866.227762044271,41983.90652899848,senario_A
2025-08-29 10:00:00,65487.139123263885,22517.318377278647,6107.159225260417,36862.661520724825,senario_A
2025-08-29 11:00:00,67838.46095269098,27450.058043619792,4896.722098253038,35491.68081081814,senario_A
2025-08-29 12:00:00,69290.48302734375,30539.77047200521,3487.183289388021,35263.52926595052,senario_A
2025-08-29 13:00:00,71790.24896701389,31174.225429687496,2762.544238823785,37853.47929850261,senario_A
2025-08-29 14:00:00,74102.60750868055,31525.83927083334,2696.6532333713108,39880.1150044759,senario_A
2025-08-29 15:00:00,76166.04294270833,31306.810628255214,3066.3616531032985,41792.870661349814,senario_A
2025-08-29 16:00:00,76826.12100043402,29254.92803710938,4235.872666286892,43335.32029703775,senario_A
2025-08-29 17:00:00,76511.44319010417,25872.515724283854,6345.291226128472,44293.63623969184,senario_A
2025-08-29 18:00:00,75395.62279079862,20734.39759440104,8290.395601671007,46370.829594726565,senario_A
2025-08-29 19:00:00,73754.5983203125,12778.421221720379,8731.239132758246,52244.93796583389,senario_A
2025-08-29 20:00:00,71302.49974392362,2769.058280919393,9414.240572916666,59119.200890087566,senario_A
2025-08-29 21:00:00,69558.08996527777,13.165573144803446,10607.75478841146,58937.169603721515,senario_A
2025-08-29 22:00:00,68015.9876388889,0.6723174446076154,10443.33160373264,57571.98371771164,senario_A
2025-08-29 23:00:00,64683.259865451386,0.8820694889997442,9624.882901475694,55057.49489448669,senario_A
2025-08-30 00:00:00,61654.06760633681,0.7001407770688335,9858.881673990883,51794.48579156886,senario_A
2025-08-30 01:00:00,58732.53225260416,0.7933924859762191,8879.971985677083,49851.7668744411,senario_A
2025-08-30 02:00:00,56617.45156467014,0.8972421505798895,8683.220478786892,47933.33384373267,senario_A
2025-08-30 03:00:00,55124.675874565975,0.9341464489201705,8915.58213297526,46208.1595951418,senario_A
2025-08-30 04:00:00,53590.4827983941,1.0152394109467666,8661.335334201389,44928.132224781766,senario_A
2025-08-30 05:00:00,52154.57351996528,0.9755783373862505,7230.83054538303,44922.76739624486,senario_A
2025-08-30 06:00:00,52242.440993923614,1.0222341538468998,7179.8280240885415,45061.590735681224,senario_A
2025-08-30 07:00:00,52576.42159179688,1.1557982801894346,7408.285053710937,45166.98073980576,senario_A
2025-08-30 08:00:00,52595.11930989583,1266.0890867376327,6852.361273871527,44476.66894928667,senario_A
2025-08-30 09:00:00,55738.18849826389,10620.262182617187,5989.162064887153,39128.764250759545,senario_A
2025-08-30 10:00:00,60108.91493706597,19955.306044921876,5572.800817057292,34580.8080750868,senario_A
2025-08-30 11:00:00,62460.052178819446,24721.997662760416,4135.092799750434,33602.96171630859,senario_A
2025-08-30 12:00:00,65797.19974826388,28407.961328125,2451.087251112196,34938.15116902669,senario_A
2025-08-30 13:00:00,67743.22956163195,29266.77748209636,1912.342926093208,36564.109153442376,senario_A
2025-08-30 14:00:00,69032.35091145833,29571.87530761718,2150.3933414035373,37310.08226243761,senario_A
2025-08-30 15:00:00,70566.63537543402,29080.162337239584,2941.691097547743,38544.781940646695,senario_A
2025-08-30 16:00:00,71546.73638020833,26663.78555664062,3996.797225206163,40886.15359836154,senario_A
2025-08-30 17:00:00,71691.17799262152,23477.061759440105,5556.139877929688,42657.97635525173,senario_A
2025-08-30 18:00:00,70756.42099392362,19658.957501627603,6786.275101453993,44311.18839084202,senario_A
2025-08-30 19:00:00,69144.73999131944,11475.01087809245,7856.520889756945,49813.20822347004,senario_A
2025-08-30 20:00:00,67348.30375868056,2428.3151570256555,9485.627218967014,55434.36138268789,senario_A
2025-08-30 21:00:00,66206.6130577257,25.51848713604423,10064.869407552083,56116.225163037576,senario_A
2025-08-30 22:00:00,64233.44399739584,0.7202900945643584,9310.222202690971,54922.50150461031,senario_A
2025-08-30 23:00:00,61529.23773003472,0.6466395404934884,8609.019202473959,52919.57188802027,senario_A
2025-08-31 00:00:00,58945.98309678819,0.6639101964235306,8463.745872531466,50481.573314060304,senario_A
2025-08-31 01:00:00,56679.02568142361,0.6565401615947484,7788.234333767361,48890.13480749466,senario_A
2025-08-31 02:00:00,54716.33292317709,0.6849829016129174,6204.476333550348,48511.17160672513,senario_A
2025-08-31 03:00:00,52616.47975911458,0.8673357935001452,4561.4384063042535,48054.174017016834,senario_A
2025-08-31 04:00:00,51271.86075954861,0.8762201501925786,3652.933074815538,47618.05146458287,senario_A
2025-08-31 05:00:00,50572.383480902776,1.0527261398235956,3104.331802300347,47466.99895246261,senario_A
2025-08-31 06:00:00,50455.89702907986,1.092859087884426,2504.7962084960936,47950.00796149588,senario_A
2025-08-31 07:00:00,50762.49580295139,1.120519552330176,2521.414020453559,48239.9612629455,senario_A
2025-08-31 08:00:00,50631.770703125,776.2231087283293,2552.6612736002603,47302.88632079642,senario_A
2025-08-31 09:00:00,53543.26421875,8400.808859863282,2048.5568383789064,43093.89852050781,senario_A
2025-08-31 10:00:00,57915.33361979167,16351.298860677083,2726.0733626302085,38837.96139648438,senario_A
2025-08-31 11:00:00,60886.61549696181,22368.96154947917,3362.3833417426217,35155.27060574002,senario_A
2025-08-31 12:00:00,62529.995434027776,26198.788279622397,3310.203022460937,33021.00413194444,senario_A
2025-08-31 13:00:00,64161.0273155382,27334.4677701823,3188.953468967014,33637.606076388896,senario_A
2025-08-31 14:00:00,65201.02591362847,26780.421064453127,3516.5637540690104,34904.04109510634,senario_A
2025-08-31 15:00:00,66051.41709201389,23801.485240885417,4998.014898003472,37251.91695312499,senario_A
2025-08-31 16:00:00,66456.73268229167,21282.227130533855,7129.021595594618,38045.483956163196,senario_A
2025-08-31 17:00:00,66711.96404079862,19032.88537475586,7338.863250732422,40340.21541531033,senario_A
2025-08-31 18:00:00,66627.12888454861,14672.384462890626,8229.674165039063,43725.07025661893,senario_A
2025-08-31 19:00:00,65370.79613064236,9735.592207845053,8426.63164171007,47208.57228108724,senario_A
2025-08-31 20:00:00,63534.894126519095,2121.6218407948813,8109.832312825521,53303.43997289869,senario_A
2025-08-31 21:00:00,62646.89100477431,6.195444389482339,6917.865710720486,55722.82984966435,senario_A
2025-08-31 22:00:00,61277.96548611111,0.8131847409407298,5650.933969184028,55626.218332186145,senario_A
2025-08-31 23:00:00,59099.59594184028,1.1674677125116188,4332.088852403429,54766.339621724335,senario_A
2025-09-01 00:00:00,56173.21382161458,1.0659872501591843,3265.8689409722224,52906.278893392206,senario_A
2025-09-01 01:00:00,53576.29360243055,0.8260478391249975,2395.5181697591147,51179.94938483231,senario_A
2025-09-01 02:00:00,51830.99500217014,0.8259551520148913,1920.421633165148,49909.74741385297,senario_A
2025-09-01 03:00:00,50551.24951171875,0.9492970803628364,1605.9055452473958,48944.39466939099,senario_A
2025-09-01 04:00:00,49626.63595920139,1.006470317095518,1080.0413857014971,48545.5881031828,senario_A
2025-09-01 05:00:00,49378.45095486111,1.0639531300465266,941.7681988525392,48435.618802878525,senario_A
2025-09-01 06:00:00,49510.15247829861,1.094771352261305,1027.899542778863,48481.158164167486,senario_A
2025-09-01 07:00:00,49773.23519422743,1.1677331755061946,1401.3735800509985,48370.69388100093,senario_A
2025-09-01 08:00:00,50141.2072374132,1416.9486202939352,1921.697756890191,46802.56086022907,senario_A
2025-09-01 09:00:00,54141.119320746526,14552.537845458985,1617.2879121907552,37971.29356309679,senario_A
2025-09-01 10:00:00,58967.8897265625,27469.42130533854,756.2085294596354,30742.259891764323,senario_A
2025-09-01 11:00:00,61769.25566623264,29662.913463541663,1372.393411593967,30733.94879109701,senario_A
2025-09-01 12:00:00,65652.19957465278,31681.333733723957,2498.016292860243,31472.84954806858,senario_A
2025-09-01 13:00:00,67484.5486328125,32153.081787109382,2878.6427167426214,32452.824128960492,senario_A
2025-09-01 14:00:00,69487.71845269097,32422.918955078127,3392.329075792101,33672.47042182074,senario_A
2025-09-01 15:00:00,71039.89085069444,33432.561751302084,3612.1454375542535,33995.183661838106,senario_A
2025-09-01 16:00:00,71979.30446614583,31734.410445963542,4120.470689019097,36124.42333116318,senario_A
2025-09-01 17:00:00,72301.18792534723,29174.009580078127,4524.970021158854,38602.208324110245,senario_A
2025-09-01 18:00:00,71938.26321614583,25894.649516601563,5253.602760823568,40790.0109387207,senario_A
2025-09-01 19:00:00,70883.65696614583,16742.777939046224,4677.590601942275,49463.288425157334,senario_A
2025-09-01 20:00:00,68651.21733506945,3960.990960286458,3830.029441460504,60860.19693332249,senario_A
2025-09-01 21:00:00,66907.95845486112,17.743663379301626,4247.331304796007,62642.88348668581,senario_A
2025-09-01 22:00:00,64925.78694010417,0.7366681656738121,4744.405426432291,60180.644845506205,senario_A
2025-09-01 23:00:00,61100.25052300347,0.7703933298836152,4279.317751464844,56820.16237820875,senario_A
2025-09-02 00:00:00,57339.1909483507,0.7101973165571689,4010.438106825087,53328.042644209054,senario_A
2025-09-02 01:00:00,54211.833715277775,0.7006964564820131,3482.904523247613,50728.22849557368,senario_A
2025-09-02 02:00:00,52199.21574869792,0.8587823318193357,2954.6077380371094,49243.749228329,senario_A
2025-09-02 03:00:00,51136.49197916667,0.8349250700324775,2472.2026812065974,48663.45437289004,senario_A
2025-09-02 04:00:00,50522.41245659722,0.7338896563649177,2127.0576437717014,48394.620923169154,senario_A
2025-09-02 05:00:00,50305.661215277774,0.7861341461539268,1988.5661020236544,48316.30897910797,senario_A
2025-09-02 06:00:00,50915.390028211805,19.00316428224246,1703.0566142781574,49193.3302496514,senario_A
2025-09-02 07:00:00,53208.43658203125,40.48491217295329,1469.6924769422742,51698.25919291602,senario_A
2025-09-02 08:00:00,53894.15865234375,2383.0380118052167,1523.2272195095486,49987.89342102898,senario_A
2025-09-02 09:00:00,59186.82777994792,21116.26300048828,1399.0065857611762,36671.55819369846,senario_A
2025-09-02 10:00:00,64421.7502061632,37078.44466796875,846.7719203694661,26496.533617824978,senario_A
2025-09-02 11:00:00,67601.46288194445,40717.62651692708,1284.050678100586,25599.785686916784,senario_A
2025-09-02 12:00:00,69121.10963975695,40924.90624999999,2321.2095845540366,25874.99380520292,senario_A
2025-09-02 13:00:00,71842.435546875,39228.7289453125,3617.657528483073,28996.04907307943,senario_A
2025-09-02 14:00:00,73735.71821614583,37975.5571451823,4250.255791829427,31509.90527913411,senario_A
2025-09-02 15:00:00,75744.7227734375,36821.233616536454,4763.282888997396,34160.20626790365,senario_A
2025-09-02 16:00:00,76364.23755642361,36301.19689778646,5951.691335720486,34111.34932291667,senario_A
2025-09-02 17:00:00,76373.3417361111,36273.03418701172,6408.058143581814,33692.24940551757,senario_A
2025-09-02 18:00:00,76300.04404079862,32503.406874999993,6929.810038519965,36866.82712727866,senario_A
2025-09-02 19:00:00,75263.10804253472,20788.858616536458,6650.090651041667,47824.158774956595,senario_A
2025-09-02 20:00:00,73960.65282552084,4299.183798395792,6555.112329915364,63106.35669720968,senario_A
2025-09-02 21:00:00,71534.43194444444,10.223403134420513,6944.9221472167965,64579.286394093215,senario_A
2025-09-02 22:00:00,68634.91022786459,0.544127721277376,7622.091476779514,61012.274623363795,senario_A
2025-09-02 23:00:00,65235.0406640625,0.36097732024888196,8267.73434624566,56966.94534049659,senario_A
2025-09-03 00:00:00,60912.91972873264,0.6423267597705126,7171.67267469618,53740.60472727669,senario_A
2025-09-03 01:00:00,57412.44411241319,0.7269066406538088,5429.591290825738,51982.1259149468,senario_A
2025-09-03 02:00:00,55012.04013237848,0.8374579199651877,4059.523232014974,50951.67944244354,senario_A
2025-09-03 03:00:00,53406.85962890625,0.8732540409515301,3013.809575737848,50392.17679912745,senario_A
2025-09-03 04:00:00,52420.56385199653,0.7126701723039149,2528.885153266059,49890.96602855816,senario_A
2025-09-03 05:00:00,51986.383168402775,0.7607371553530295,1936.641793619792,50048.98063762763,senario_A
2025-09-03 06:00:00,52789.12723958334,0.8282899704078834,1689.9932890489367,51098.305660563994,senario_A
2025-09-03 07:00:00,54636.73001953125,0.9793585528681676,1552.5886372884115,53083.16202368997,senario_A
2025-09-03 08:00:00,54955.16587456597,2652.2654515937966,1483.9381701660157,50818.96225280616,senario_A
2025-09-03 09:00:00,60076.16081814236,22355.71489095052,1180.085557929145,36540.36036926269,senario_A
2025-09-03 10:00:00,65875.8280750868,37236.079130859376,689.5511996799045,27950.19774454752,senario_A
2025-09-03 11:00:00,67955.48981770834,41000.23309570312,946.1939059787328,26009.062816026482,senario_A
2025-09-03 12:00:00,68524.92614583333,40599.848733723964,1255.4929676649306,26669.58444444444,senario_A
2025-09-03 13:00:00,71607.80915364584,40385.79534830729,1375.7002205403646,29846.31358479818,senario_A
2025-09-03 14:00:00,74309.22030381944,41297.157239583335,1334.3773757595486,31677.68568847656,senario_A
2025-09-03 15:00:00,76136.97059027778,41313.79463704428,1552.6452418348524,33270.53071139865,senario_A
2025-09-03 16:00:00,75879.67726996528,40739.75547770182,1994.490608384874,33145.43118387858,senario_A
2025-09-03 17:00:00,76626.99383246528,38486.288597005216,2192.699445665148,35948.005789794915,senario_A
2025-09-03 18:00:00,76496.89124131945,34700.401419270835,2198.119693739149,39598.37012830946,senario_A
2025-09-03 19:00:00,75565.70210069444,21194.743334147137,2515.5901467556423,51855.36861979167,senario_A
2025-09-03 20:00:00,73236.25088541667,3360.703540992737,3725.846158582899,66149.70118584103,senario_A
2025-09-03 21:00:00,71470.38072048611,4.480281620820364,6136.481370442708,65329.419068422576,senario_A
2025-09-03 22:00:00,68388.26852864583,0.4558975933243831,8088.262874891493,60299.54975616102,senario_A
2025-09-03 23:00:00,63823.284216579865,0.37287918897966543,9752.404192708333,54070.50714468255,senario_A
2025-09-04 00:00:00,59620.36742838542,0.38013188629721606,11625.50201687283,47994.48527962629,senario_A
2025-09-04 01:00:00,55755.76290690104,0.46458802590767534,12729.878314344618,43025.42000453052,senario_A
2025-09-04 02:00:00,53355.08594618055,0.5145998977124691,13785.156682942708,39569.41466334013,senario_A
2025-09-04 03:00:00,52031.78127278646,0.5106147694091001,14203.282265896269,37827.98839212078,senario_A
2025-09-04 04:00:00,50562.71794270833,0.4811733278135458,13547.699364149306,37014.53740523121,senario_A
2025-09-04 05:00:00,50294.55683159722,0.48519363005956007,12748.57050889757,37545.501129069584,senario_A
2025-09-04 06:00:00,51025.44632378472,0.4877513486146926,12114.74390842014,38910.21466401597,senario_A
2025-09-04 07:00:00,52441.90953125,0.6122834335267544,12177.204437934028,40264.092809882444,senario_A
2025-09-04 08:00:00,53404.86385091146,2685.814159139196,12031.30508002387,38687.74461174839,senario_A
2025-09-04 09:00:00,58396.82426649306,21973.050908203124,10701.742938368056,25722.03041992188,senario_A
2025-09-04 10:00:00,61947.01080078125,37705.91807942708,6792.3147580295135,17448.77796332466,senario_A
2025-09-04 11:00:00,65162.051875,41662.394479166665,6011.475085720486,17488.182310112847,senario_A
2025-09-04 12:00:00,67911.91520399305,42571.61381184896,5568.9438259548615,19771.357566189225,senario_A
2025-09-04 13:00:00,72420.03588107639,42418.56763020834,4776.35998046875,25225.108270399298,senario_A
2025-09-04 14:00:00,75956.8583810764,42922.18247070313,4484.581067165798,28550.094843207473,senario_A
2025-09-04 15:00:00,77207.25583333333,43003.94007161458,4338.495815972222,29864.819945746523,senario_A
2025-09-04 16:00:00,78510.42235243056,42222.26848958334,4788.015032552084,31500.138830295135,senario_A
2025-09-04 17:00:00,79662.36220486111,40772.17922526042,5619.060110134548,33271.12286946615,senario_A
2025-09-04 18:00:00,80143.05635416666,35705.275026041665,6313.88197374132,38123.89935438368,senario_A
2025-09-04 19:00:00,79375.22944444444,20508.153567708334,7453.185940755208,51413.8899359809,senario_A
2025-09-04 20:00:00,77190.3365798611,2647.902748041153,9142.613520507812,65399.82031131215,senario_A
2025-09-04 21:00:00,75178.10828993056,1.4930215572814145,12995.865755208331,62180.74951316495,senario_A
2025-09-04 22:00:00,72521.21020833333,0.33235427466531586,16468.882473958332,56051.99538010033,senario_A
2025-09-04 23:00:00,68498.53272569444,0.3002531388401985,18926.92833767361,49571.304134882,senario_A
2025-09-05 00:00:00,64790.09002170139,0.35847936245302353,20042.154468315974,44747.577074022964,senario_A
2025-09-05 01:00:00,60933.26919704861,0.5457184650003909,21402.84886501736,39529.87461356625,senario_A
2025-09-05 02:00:00,58413.23069878472,0.7403669860213995,21814.10769314236,36598.38263865634,senario_A
2025-09-05 03:00:00,56718.37829861111,0.7867165063818297,21066.38740017361,35651.20418193112,senario_A
2025-09-05 04:00:00,56110.90695746528,0.566785236299038,20490.502977430555,35619.83719479843,senario_A
2025-09-05 05:00:00,55636.78104600695,0.48497340028484653,19862.511328125,35773.784744481665,senario_A
2025-09-05 06:00:00,55777.446549479166,0.46791773304343226,18698.73219618056,37078.24643556557,senario_A
2025-09-05 07:00:00,56774.20261284722,0.5603228523830572,17259.776801215277,39513.86548877956,senario_A
2025-09-05 08:00:00,56929.66063802083,1901.8117678133647,15561.388483072917,39466.46038713455,senario_A
2025-09-05 09:00:00,59129.52683159722,13176.501744791665,11902.758333333331,34050.26675347223,senario_A
2025-09-05 10:00:00,63504.86571180556,21867.7787890625,9936.774029947916,31700.31289279515,senario_A
2025-09-05 11:00:00,67464.08624565972,25118.16727376302,9592.093951822915,32753.82502007379,senario_A
2025-09-05 12:00:00,70040.84527777777,27909.959020182294,8812.874106987847,33318.01215060763,senario_A
2025-09-05 13:00:00,74028.700390625,29649.70747721354,8339.697437065972,36039.29547634549,senario_A
2025-09-05 14:00:00,77681.9661111111,32741.100595703127,8775.652463107639,36165.213052300336,senario_A
2025-09-05 15:00:00,78794.42631944445,32442.272801106774,10504.268409288194,35847.885109049486,senario_A
2025-09-05 16:00:00,79539.4172048611,30268.34188476562,13038.235679253472,36232.839640842016,senario_A
2025-09-05 17:00:00,79227.66786458333,26429.193258463543,13931.15814670139,38867.3164594184,senario_A
2025-09-05 18:00:00,78704.64197048612,19380.52419759115,12690.937175564237,46633.180597330735,senario_A
2025-09-05 19:00:00,77168.14336805555,8300.743000691731,12513.992240668404,56353.408126695416,senario_A
2025-09-05 20:00:00,74457.10884548612,754.5646741374335,12392.791688368055,61309.75248298062,senario_A
2025-09-05 21:00:00,72762.84683159723,0.9981268412433564,13579.790873480904,59182.05783127509,senario_A
2025-09-05 22:00:00,69885.05230034722,0.6048042856901883,14165.217156032986,55719.230340028545,senario_A
2025-09-05 23:00:00,66279.751171875,0.6900351825604836,14422.661097005208,51856.400039687236,senario_A
2025-09-06 00:00:00,62078.09269097223,0.80351410801212,13746.570617404514,48330.71855945971,senario_A
2025-09-06 01:00:00,59272.04417534722,0.7327908322711785,12099.323366970486,47171.98801754446,senario_A
2025-09-06 02:00:00,56882.4582421875,0.9255651973187924,10953.322240668404,45928.21043632178,senario_A
2025-09-06 03:00:00,54379.483046875,0.9978589273492495,9493.901304253472,44884.58388369418,senario_A
2025-09-06 04:00:00,53193.22205729166,0.9867162694533667,8576.279420572917,44615.9559204493,senario_A
2025-09-06 05:00:00,52195.08994791667,0.94054930254817,8150.384263237847,44043.76513537628,senario_A
2025-09-06 06:00:00,51770.95881510417,1.0219536191225052,7770.321442057291,43999.615419427755,senario_A
2025-09-06 07:00:00,51632.774505208334,1.1005247325201828,7105.217931857639,44526.45604861817,senario_A
2025-09-06 08:00:00,52407.38949652778,382.93207774261634,6931.334326171875,45093.123092613285,senario_A
2025-09-06 09:00:00,53488.93359375,3221.35750579834,6262.493182508681,44005.08290544298,senario_A
2025-09-06 10:00:00,56564.15015625,8275.30957845052,5382.691585828993,42906.14899197048,senario_A
2025-09-06 11:00:00,59862.13935329861,14552.315904947916,4288.562670355903,41021.260777994794,senario_A
2025-09-06 12:00:00,62526.35672309028,19144.76907389323,3062.7947265625,40318.79292263455,senario_A
2025-09-06 13:00:00,63606.70999131945,23102.27697265625,2464.449438205296,38039.983580457905,senario_A
2025-09-06 14:00:00,64129.36793402778,26767.2636328125,2773.3357701280383,34588.76853108724,senario_A
2025-09-06 15:00:00,64840.75027777778,28086.96838216146,3057.0943212890625,33696.687574327254,senario_A
2025-09-06 16:00:00,65430.24980034722,25775.548862304688,2735.856678059896,36918.84425998264,senario_A
2025-09-06 17:00:00,65847.71371527777,20429.694029947914,3115.461120876736,42302.55856445312,senario_A
2025-09-06 18:00:00,65839.99382378472,16506.93143717448,3801.725888671875,45531.33649793836,senario_A
2025-09-06 19:00:00,64427.60714409722,9603.457612304688,4390.940885959201,50433.208645833336,senario_A
2025-09-06 20:00:00,62513.22893229167,1341.9539543358485,4720.724599066841,56450.550378888984,senario_A
2025-09-06 21:00:00,61368.75116319444,1.1442967626452445,4844.699982096354,56522.90688433545,senario_A
2025-09-06 22:00:00,59954.27944878472,0.5473165352890889,5005.420215386284,54948.311916863146,senario_A
2025-09-06 23:00:00,57465.39903645834,0.723672078649203,5000.180635850695,52464.494728528996,senario_A
2025-09-07 00:00:00,54990.64617621528,0.7916372136274973,4502.681180013021,50487.173358988635,senario_A
2025-09-07 01:00:00,52856.08100694444,0.7945011267562707,4303.8197941080725,48551.46671170961,senario_A
2025-09-07 02:00:00,51088.16634114584,0.8979353228459755,3945.010281846788,47142.258123976215,senario_A
2025-09-07 03:00:00,50033.332803819445,1.0184455001354218,3694.3721039496527,46337.94225436966,senario_A
2025-09-07 04:00:00,48655.28502170139,1.0121077918012937,3251.5594525824654,45402.71346132713,senario_A
2025-09-07 05:00:00,47862.819405381946,1.0426114570101102,3006.050349392361,44855.72644453258,senario_A
2025-09-07 06:00:00,47651.06550347222,1.0725789414346218,3001.423925509983,44648.568999020805,senario_A
2025-09-07 07:00:00,48022.15121527778,1.1326922195156415,2839.018355848524,45182.00016720974,senario_A
2025-09-07 08:00:00,48230.72228732639,741.8441035958132,3201.1431106228297,44287.735073107746,senario_A
2025-09-07 09:00:00,50185.96805989584,6553.969453938802,2593.618646918402,41038.37995903863,senario_A
2025-09-07 10:00:00,55023.5589702691,14198.438551025387,2339.763310411241,38485.357108832475,senario_A
2025-09-07 11:00:00,57699.13292534722,19800.02455078125,2473.979653862847,35425.12872070313,senario_A
2025-09-07 12:00:00,60599.02664930555,26893.931873372396,2585.09271077474,31120.00206515842,senario_A
2025-09-07 13:00:00,59489.32403211806,30895.561842447918,2685.0223689778645,25908.739820692273,senario_A
2025-09-07 14:00:00,57902.38798611111,30780.79840494792,2992.0144316948786,24129.575149468314,senario_A
2025-09-07 15:00:00,59122.32044270833,28688.050970052085,3436.9246375868056,26997.34483506944,senario_A
2025-09-07 16:00:00,60810.712799479166,24855.707547200524,3674.0754353841135,32280.929816894528,senario_A
2025-09-07 17:00:00,61863.89230034722,23397.430974934898,5259.054371202257,33207.40695421007,senario_A
2025-09-07 18:00:00,62442.183524305554,21300.35193847656,5971.285107421875,35170.546478407116,senario_A
2025-09-07 19:00:00,61834.53030381945,13351.509620768229,6732.380927734375,41750.63975531684,senario_A
2025-09-07 20:00:00,61312.52161024306,2606.1060739644367,7733.420548502604,50972.994987776015,senario_A
2025-09-07 21:00:00,60770.11016927083,41.89086564928293,9363.640590820312,51364.57871280123,senario_A
2025-09-07 22:00:00,59081.35758246528,0.6532416316866875,11492.521423611111,47588.18291722248,senario_A
2025-09-07 23:00:00,56156.07033420139,0.7402323665221532,13140.100600043404,43015.22950179146,senario_A
2025-09-08 00:00:00,52968.062265625,0.9540910371641318,12807.005557725695,40160.10261686214,senario_A
2025-09-08 01:00:00,50053.63430121528,1.037257829507192,12073.794891493057,37978.80215189271,senario_A
2025-09-08 02:00:00,48352.74029947917,1.2239391651749612,11129.637272135416,37221.87908817858,senario_A
2025-09-08 03:00:00,47446.20881510417,1.238100909392039,10647.557044270834,36797.41366992394,senario_A
2025-09-08 04:00:00,46493.69516927083,1.147788284520308,10063.857048611111,36428.6903323752,senario_A
2025-09-08 05:00:00,46442.27412760416,1.0154980515440304,9685.66302734375,36755.59560220887,senario_A
2025-09-08 06:00:00,47780.125703125,1.067357034087181,8930.138110894097,38848.92023519681,senario_A
2025-09-08 07:00:00,49796.40251302083,1.1692317822078864,8907.458797743055,40887.77448349557,senario_A
2025-09-08 08:00:00,50049.25350694444,1788.350012729764,8996.559382595486,39264.34411161919,senario_A
2025-09-08 09:00:00,51921.27490451389,14820.685823567706,7910.746946072049,29189.842134874136,senario_A
2025-09-08 10:00:00,56133.47738715278,28377.441700846353,7737.162544487847,20018.873141818578,senario_A
2025-09-08 11:00:00,60245.49684461806,36855.01415039063,7820.445782335069,15570.03691189236,senario_A
2025-09-08 12:00:00,60938.31788194445,40284.64594401042,6849.848858506944,13803.823079427084,senario_A
2025-09-08 13:00:00,61715.64679253472,41689.07364257813,6712.82534233941,13313.74780761718,senario_A
2025-09-08 14:00:00,64240.64256076389,41843.221578776036,7275.203923611111,15122.21705837674,senario_A
2025-09-08 15:00:00,66138.72548611111,41826.32677083333,7518.998489040799,16793.400226236987,senario_A
2025-09-08 16:00:00,68388.89690104166,41270.89125976562,7852.99537109375,19265.01027018229,senario_A
2025-09-08 17:00:00,69947.63098090277,40368.311168619795,7936.500151909722,21642.819660373258,senario_A
2025-09-08 18:00:00,70135.41564236111,36252.92390299479,8327.029276801215,25555.462462565105,senario_A
2025-09-08 19:00:00,68554.91096354167,21072.455760091147,8817.877253689236,38664.57794976128,senario_A
2025-09-08 20:00:00,65733.37802517362,3172.0776910241448,9453.80653971354,53107.493794435926,senario_A
2025-09-08 21:00:00,63820.03709201389,1.7812997430066266,11633.770004340278,52184.4857879306,senario_A
2025-09-08 22:00:00,61122.232083333336,0.5360170209159453,14906.802043185764,46214.89402312665,senario_A
2025-09-08 23:00:00,56844.934782986114,0.4386415474116802,17097.43927734375,39747.05686409495,senario_A
2025-09-09 00:00:00,52895.0558984375,0.43215914507706954,17250.169856770834,35644.453882521586,senario_A
2025-09-09 01:00:00,49984.11833333333,0.5351314456760883,16818.38054470486,33165.20265718279,senario_A
2025-09-09 02:00:00,47840.78256510416,0.709699343914787,16241.55027126736,31598.522594492882,senario_A
2025-09-09 03:00:00,46603.50353298611,0.60453216103216,15921.275228949651,30681.623771875435,senario_A
2025-09-09 04:00:00,45556.23067708333,0.5481262035667895,15933.834176432292,29621.848374447472,senario_A
2025-09-09 05:00:00,45230.799032118055,0.6344804383565982,14896.525353190103,30333.639198489596,senario_A
2025-09-09 06:00:00,46314.28030381945,0.9248427050809066,14243.946769748263,32069.4086913661,senario_A
2025-09-09 07:00:00,48638.21328559028,0.8826287606855234,14127.090697699652,34510.23995912995,senario_A
2025-09-09 08:00:00,49567.37893663195,2429.4824541219077,12846.046226128472,34291.85025638157,senario_A
2025-09-09 09:00:00,51821.49005208333,21863.17869934082,9699.62840915256,20258.682943589953,senario_A
2025-09-09 10:00:00,57348.70358940972,39062.21622721354,7433.605449761285,10852.881912434896,senario_A
2025-09-09 11:00:00,58852.37781684028,42599.3466015625,7486.806201714409,8766.225013563368,senario_A
2025-09-09 12:00:00,59534.210525173614,44154.25735677083,6431.755966796875,8948.197201605908,senario_A
2025-09-09 13:00:00,61840.403812934026,44254.629950358074,5647.094272325304,11938.67959025065,senario_A
2025-09-09 14:00:00,64932.7754296875,44162.17170898437,5524.328973524305,15246.27474717882,senario_A
2025-09-09 15:00:00,67878.48189236112,43943.87511393229,6606.984568684896,17327.622209743928,senario_A
2025-09-09 16:00:00,70645.80690104167,43898.16944010416,8515.845287543403,18231.792173394104,senario_A
2025-09-09 17:00:00,72524.62461805556,42284.18267252604,10648.716457248263,19591.725488281256,senario_A
2025-09-09 18:00:00,72601.67197916667,36497.40803385417,13332.306770833333,22771.95717447917,senario_A
2025-09-09 19:00:00,70762.0950607639,20000.52465983073,15513.905141059027,35247.66525987414,senario_A
2025-09-09 20:00:00,67621.51094618056,2458.129013437629,16524.480930989583,48638.901001753344,senario_A
2025-09-09 21:00:00,65341.06049479167,0.3895184867580732,16339.67380750868,49000.99716879624,senario_A
2025-09-09 22:00:00,62479.29951388889,0.5893275062491496,17773.053780381946,44705.65640600069,senario_A
2025-09-09 23:00:00,58356.53830295139,0.5769577783097822,19150.32367621528,39205.6376689578,senario_A
2025-09-10 00:00:00,54216.7775,0.6199600913375616,19666.19231336805,34549.965226540604,senario_A
2025-09-10 01:00:00,51349.04387586805,0.5471171243985493,20136.38576605903,31212.11099268462,senario_A
2025-09-10 02:00:00,49310.07336805556,0.5779355973502,20233.659207899305,29075.8362245589,senario_A
2025-09-10 03:00:00,48259.55430989584,0.7748535865048567,20185.612526041667,28073.166930267667,senario_A
2025-09-10 04:00:00,47208.37342881945,0.7269044292469818,19686.13681206597,27521.509712324227,senario_A
2025-09-10 05:00:00,46489.67499131944,0.9643028955161572,18721.82095703125,27766.889731392675,senario_A
2025-09-10 06:00:00,47155.76751736111,0.9394365413486957,16339.465035807292,30815.363045012477,senario_A
2025-09-10 07:00:00,49331.06214735243,0.9964770189176002,13746.565642089843,35583.50002824367,senario_A
2025-09-10 08:00:00,50097.354296875,2391.77232187887,11617.730636935765,36087.85133806037,senario_A
2025-09-10 09:00:00,52512.5220703125,21691.784038085938,8285.365232204862,22535.3728000217,senario_A
2025-09-10 10:00:00,57576.63491753472,37954.99293294271,5948.535515950521,13673.10646864149,senario_A
2025-09-10 11:00:00,61075.53056423611,41544.88616536458,7245.599163953993,12285.04523491754,senario_A
2025-09-10 12:00:00,62824.63916666667,42539.83676757813,6788.1489263237845,13496.653472764756,senario_A
2025-09-10 13:00:00,65338.99762152778,42782.37707356771,6686.076081271702,15870.544466688367,senario_A
2025-09-10 14:00:00,68598.35889756944,43093.530629882815,7772.672391493055,17732.155876193574,senario_A
2025-09-10 15:00:00,72256.061484375,43210.448821614584,9536.22038736979,19509.39227539062,senario_A
2025-09-10 16:00:00,75147.44619791667,42692.022968749996,11263.059262152778,21192.363967013895,senario_A
2025-09-10 17:00:00,77302.25739583334,41102.66325195313,13333.295944010417,22866.298199869794,senario_A
2025-09-10 18:00:00,77248.20366319445,35912.24119466145,14848.40984375,26487.552624783,senario_A
2025-09-10 19:00:00,75089.54086805556,20596.65741129557,15534.05674045139,38958.8267163086,senario_A
2025-09-10 20:00:00,70860.57275173611,2777.487095427115,14770.793701171877,53312.291955137116,senario_A
2025-09-10 21:00:00,67975.19691840278,0.4105699473371107,15541.350825737847,52433.43552271759,senario_A
2025-09-10 22:00:00,65466.459084201386,0.4773088783770799,17575.143331163195,47890.83844415982,senario_A
2025-09-10 23:00:00,61779.15282986111,0.4307427051415046,19003.81643012153,42774.90565703444,senario_A
2025-09-11 00:00:00,57719.69445746528,0.31363643504679195,19190.242810329863,38529.138010700364,senario_A
2025-09-11 01:00:00,54683.587239583336,0.3943424732486406,19086.586356336804,35596.60654077328,senario_A
2025-09-11 02:00:00,53365.56189236111,0.5567237602422634,18426.58071397569,34938.42445462517,senario_A
2025-09-11 03:00:00,51395.6919921875,0.5183812346557776,18773.22609375,32621.947517202843,senario_A
2025-09-11 04:00:00,49966.63388997396,0.6463507471233606,18368.26464463976,31597.722894587077,senario_A
2025-09-11 05:00:00,49121.39717881945,0.7477841604873539,17402.792126736113,31717.85726792285,senario_A
2025-09-11 06:00:00,50026.59918511285,149.18226147323847,16056.076953396268,33821.339970243345,senario_A
2025-09-11 07:00:00,52107.917404513886,237.45671290079753,14361.044033203125,37509.41665840996,senario_A
2025-09-11 08:00:00,52828.49985677083,2116.115876282056,12600.729700520831,38111.654279967945,senario_A
2025-09-11 09:00:00,56085.26452256944,21051.594851074216,9813.933423665365,25219.73624782986,senario_A
2025-09-11 10:00:00,61096.09676215277,36894.21951822917,6982.452788628472,17219.424455295128,senario_A
2025-09-11 11:00:00,63495.40154079861,40220.392942708335,8012.352701822917,15262.655896267355,senario_A
2025-09-11 12:00:00,66065.18073784723,41730.96835611979,7428.305518663195,16905.906863064247,senario_A
2025-09-11 13:00:00,69755.58861979167,41199.22122395833,5496.819342447917,23059.54805338542,senario_A
2025-09-11 14:00:00,73587.74253472222,41085.0882421875,5576.307896050347,26926.34639648437,senario_A
2025-09-11 15:00:00,75969.32930555556,40557.385839843744,7712.134443359375,27699.809022352434,senario_A
2025-09-11 16:00:00,78351.61876736111,40807.199134114584,9533.983294270833,28010.436338975698,senario_A
2025-09-11 17:00:00,79209.26075520834,39565.49906901042,11626.32376844618,28017.43791775174,senario_A
2025-09-11 18:00:00,78766.80125868056,35853.67821940104,13049.580074869791,29863.542964409728,senario_A
2025-09-11 19:00:00,76445.09303819445,20703.67826904297,14321.446355251735,41419.96841389975,senario_A
2025-09-11 20:00:00,73419.020390625,2566.0715029821795,14465.159048394096,56387.789839248726,senario_A
2025-09-11 21:00:00,71101.62802951389,0.964722459167242,15710.508381076388,55390.154925978335,senario_A
2025-09-11 22:00:00,68199.471171875,0.6138225397467612,18390.1121875,49808.745161835264,senario_A
2025-09-11 23:00:00,64429.77859375,0.5692949472864468,19591.58322048611,44837.62607831661,senario_A
2025-09-12 00:00:00,60431.52347005208,0.6941354809949796,19540.09299641927,40890.736338151815,senario_A
2025-09-12 01:00:00,56917.53800347223,0.6400797509153683,18801.23232855903,38115.665595162296,senario_A
2025-09-12 02:00:00,54553.623020833336,0.8793427601953347,18329.01948784722,36223.72419022593,senario_A
2025-09-12 03:00:00,52666.139813368056,0.4725604027758042,17174.237762586807,35491.429490378476,senario_A
2025-09-12 04:00:00,51922.85129774306,0.5170161706209183,16321.410847439236,35600.923434133205,senario_A
2025-09-12 05:00:00,51290.2026421441,0.770738219693303,16030.081647135416,35259.35025678898,senario_A
2025-09-12 06:00:00,51398.10020399305,0.9211985422670841,15493.934798177082,35903.2442072737,senario_A
2025-09-12 07:00:00,53169.258125,1.2595536117255688,14654.270808376736,38513.72776301154,senario_A
2025-09-12 08:00:00,53928.44940538194,2077.2099050024153,13643.424077690972,38207.81542268855,senario_A
2025-09-12 09:00:00,57186.373129340274,20937.040911458334,10841.906011284722,25407.426206597214,senario_A
2025-09-12 10:00:00,64011.046171875,37812.39118815104,9990.908719618055,16207.746264105903,senario_A
2025-09-12 11:00:00,66936.99342881945,40267.168102213545,11264.86910264757,15404.956223958334,senario_A
2025-09-12 12:00:00,69419.04900173612,39690.73009114583,12092.414956597222,17635.903953993064,senario_A
2025-09-12 13:00:00,72257.63725694445,40621.52213460286,11493.464096137152,20142.651026204436,senario_A
2025-09-12 14:00:00,75234.87255642361,40767.327769368494,11429.379931911892,23038.164855143223,senario_A
2025-09-12 15:00:00,77549.90864149305,39511.073544108076,12395.098234592017,25643.736862792957,senario_A
2025-09-12 16:00:00,78483.60671875,39232.31778971354,14072.310414496527,25178.978514539936,senario_A
2025-09-12 17:00:00,79272.72000868055,37410.70919921875,15388.551300998264,26473.45950846354,senario_A
2025-09-12 18:00:00,79112.57310763889,32681.016953124992,16943.256886935764,29488.299267578135,senario_A
2025-09-12 19:00:00,76468.69297743056,18219.961889648435,17991.99875,40256.73233778213,senario_A
2025-09-12 20:00:00,72830.02962673611,2170.6938001452263,17157.313816189235,53502.022010401655,senario_A
2025-09-12 21:00:00,70168.52452256944,0.41088830632468065,17017.816022135416,53150.29761212769,senario_A
2025-09-12 22:00:00,67412.62001736111,0.5740751578410466,19653.369129774303,47758.67681242897,senario_A
2025-09-12 23:00:00,64438.65327256944,0.6109455986320973,22151.872332899307,42286.169994071504,senario_A
2025-09-13 00:00:00,61000.228424479166,0.6462957781304917,23122.49519748264,37877.08693121839,senario_A
2025-09-13 01:00:00,57440.20789930556,0.5646344071999192,22456.097215711805,34983.54604918655,senario_A
2025-09-13 02:00:00,55093.57872395834,0.7268815774222215,21328.21029079861,33764.6415515823,senario_A
2025-09-13 03:00:00,52687.330842013886,0.768374078720808,20727.14418185764,31959.41828607753,senario_A
2025-09-13 04:00:00,50853.363324652775,0.7865623547633489,19817.311966145837,31035.264796152176,senario_A
2025-09-13 05:00:00,49508.002356770834,0.9515011345843474,18131.60009765625,31375.450757979997,senario_A
2025-09-13 06:00:00,49590.627494574655,1.0785359808926782,16258.811281467011,33330.73767712675,senario_A
2025-09-13 07:00:00,49873.50494791667,1.0321862623095512,14663.805418836806,35208.667342817556,senario_A
2025-09-13 08:00:00,50219.33940104167,2011.8015792211888,12926.022868923612,35281.51495289687,senario_A
2025-09-13 09:00:00,54025.00200086806,19670.620530598957,10153.682701822916,24200.698768446186,senario_A
2025-09-13 10:00:00,60774.05555121528,35333.6014453125,9901.215525173611,15539.238580729165,senario_A
2025-09-13 11:00:00,65332.9841015625,38484.84811197917,12786.579945746527,14061.556043836803,senario_A
2025-09-13 12:00:00,67173.37505208333,39552.01533854166,13771.979490017362,13849.380223524302,senario_A
2025-09-13 13:00:00,69853.70373263888,39553.930380859376,14107.75091905382,16192.022432725686,senario_A
2025-09-13 14:00:00,72136.456796875,38221.21270833333,14266.891290147569,19648.352798394102,senario_A
2025-09-13 15:00:00,74233.94227430556,36370.549521484376,14934.17724934896,22929.215503472224,senario_A
2025-09-13 16:00:00,75879.13787326388,33416.331962890625,15639.440339626735,26823.365570746522,senario_A
2025-09-13 17:00:00,76696.12581597222,31519.907311197916,16389.611185980903,28786.6073187934,senario_A
2025-09-13 18:00:00,75773.22001519098,26658.21100341797,15050.956522894963,34064.05248887804,senario_A
2025-09-13 19:00:00,72981.65524305556,12897.557068277994,14265.308138020831,45818.790036756734,senario_A
2025-09-13 20:00:00,69177.84346354166,854.9844074754169,14192.371398654514,54130.48765741173,senario_A
2025-09-13 21:00:00,67049.98139756944,0.41726412372042737,15633.824563802084,51415.739569643636,senario_A
2025-09-13 22:00:00,64184.31620225695,0.49571393013000475,16171.367720269098,48012.45276805772,senario_A
2025-09-13 23:00:00,61727.614839409725,0.6386670334885517,18265.79633246528,43461.179839910954,senario_A
2025-09-14 00:00:00,58854.99878472222,0.6091467775404453,19522.06614583333,39332.32349211135,senario_A
2025-09-14 01:00:00,55670.79000434028,0.7036902765681345,19763.213878038197,35906.872436025515,senario_A
2025-09-14 02:00:00,53409.256766493054,0.7616709044575691,18182.11063151041,35226.38446407818,senario_A
2025-09-14 03:00:00,52377.86477539063,0.6147720187778274,16106.649703776042,36270.60029959581,senario_A
2025-09-14 04:00:00,50674.20197482639,0.8422163270413876,14321.874925130209,36351.48483336914,senario_A
2025-09-14 05:00:00,48779.19944878472,0.9674258250991503,11976.174261067708,36802.05776189191,senario_A
2025-09-14 06:00:00,48243.6282421875,0.9327467856307824,10851.839560546876,37390.855934855,senario_A
2025-09-14 07:00:00,48204.372834201386,0.9245894263188045,9851.736327039933,38351.71191773513,senario_A
2025-09-14 08:00:00,48686.27717881944,1607.8819597880047,8812.464801432292,38265.93041759914,senario_A
2025-09-14 09:00:00,52973.77631076389,15838.903876953127,8607.325534939237,28527.54689887153,senario_A
2025-09-14 10:00:00,59365.06462239583,29215.758271484374,9104.838139105905,21044.468211805553,senario_A
2025-09-14 11:00:00,64064.881015625,34546.28888671875,11976.428472222222,17542.163656684024,senario_A
2025-09-14 12:00:00,65366.05386284722,38682.87994466146,13353.05795030382,13330.115967881942,senario_A
2025-09-14 13:00:00,68023.57383680556,38834.32341471354,13317.561362847222,15871.689059244802,senario_A
2025-09-14 14:00:00,71139.57941840278,38327.84126302083,12538.29417751736,20273.443977864583,senario_A
2025-09-14 15:00:00,73447.169453125,35415.695667317705,11596.206196831596,26435.267588975694,senario_A
2025-09-14 16:00:00,74914.17365451388,33913.84596679687,11189.794186197916,29810.533501519098,senario_A
2025-09-14 17:00:00,75518.66456597223,31490.486780598956,10513.293391927084,33514.88439344619,senario_A
2025-09-14 18:00:00,75134.7072265625,24608.321387532553,11028.091662055122,39498.29417697483,senario_A
2025-09-14 19:00:00,73581.72430555556,12591.689412027996,12348.543293185763,48641.4916003418,senario_A
2025-09-14 20:00:00,71093.38103298612,1446.2129543502133,13446.44170030382,56200.72637833209,senario_A
2025-09-14 21:00:00,69045.83410590277,0.5585670915246008,14077.55470920139,54967.720829609854,senario_A
2025-09-14 22:00:00,66074.10736328125,0.6456120116139452,15492.441952853733,50581.019798415895,senario_A
2025-09-14 23:00:00,62342.321380208334,0.6835507331540187,14179.55575846354,48162.08207101164,senario_A
2025-09-15 00:00:00,58957.52749131944,0.6356431286533673,13573.952590060764,45382.93925813002,senario_A
2025-09-15 01:00:00,55436.28058159722,0.605687520292898,12887.235086805556,42548.43980727137,senario_A
2025-09-15 02:00:00,53781.49018229167,0.4821073110277453,12172.736481119791,41608.27159386085,senario_A
2025-09-15 03:00:00,52652.63053819445,0.5884957214444876,11969.57011501736,40682.47192745564,senario_A
2025-09-15 04:00:00,51457.866197916665,0.792775320460399,11503.706077473958,39953.36734512224,senario_A
2025-09-15 05:00:00,50807.55141493055,0.873015181273222,11533.149052734376,39273.529347014904,senario_A
2025-09-15 06:00:00,51390.93634982639,0.7451345211515824,11030.22833875868,40359.96287654656,senario_A
2025-09-15 07:00:00,53271.43553819445,0.7224398970603942,9955.470028211805,43315.243070085584,senario_A
2025-09-15 08:00:00,53745.35319010416,1315.229663602213,8914.620928819444,43515.5025976825,senario_A
2025-09-15 09:00:00,56416.89865451389,17025.824617919923,7101.961877170139,32289.112159423832,senario_A
2025-09-15 10:00:00,62303.04837673612,33672.80801757812,5123.58476671007,23506.655592447933,senario_A
2025-09-15 11:00:00,65718.60384548611,39009.09438476562,5701.702359483507,21007.80710123698,senario_A
2025-09-15 12:00:00,67560.33792534722,40829.81232096354,6122.859841037326,20607.66576334636,senario_A
2025-09-15 13:00:00,70887.80456597223,40896.533984375,6891.640915256076,23099.629666341152,senario_A
2025-09-15 14:00:00,74191.46857638888,39482.63282877604,6517.706380208333,28191.129367404512,senario_A
2025-09-15 15:00:00,76282.30125,37325.47470377604,6205.484099934896,32751.34244628907,senario_A
2025-09-15 16:00:00,77773.033828125,34798.716256510415,6988.514339192709,35985.80323242188,senario_A
2025-09-15 17:00:00,78707.44600694445,32304.24139973958,8184.155007052951,38219.04960015192,senario_A
2025-09-15 18:00:00,78145.15008680556,28024.38860677083,9542.688587239583,40578.07289279514,senario_A
2025-09-15 19:00:00,75765.93641493056,14460.914887695311,10556.92765842014,50748.09386881511,senario_A
2025-09-15 20:00:00,72610.85564236112,1275.525859714349,10919.092925347222,60416.23685729954,senario_A
2025-09-15 21:00:00,70359.14569444445,0.5290306009352206,12513.472564019095,57845.144099824414,senario_A
2025-09-15 22:00:00,67052.55802517361,0.5890744771311679,15512.38165907118,51539.5872916253,senario_A
2025-09-15 23:00:00,63059.62390625,0.7482263558606306,16987.36796875,46071.507711144135,senario_A
2025-09-16 00:00:00,58926.947981770834,0.5690197246273357,16608.15382921007,42318.22513283613,senario_A
2025-09-16 01:00:00,55551.424735243054,0.6488485201696554,15850.90970594618,39699.866180776706,senario_A
2025-09-16 02:00:00,53404.741480034725,0.453207906037569,15222.671611328124,38181.616660800566,senario_A
2025-09-16 03:00:00,52297.51662326389,0.593175291121006,14365.475967881945,37931.44748009082,senario_A
2025-09-16 04:00:00,50585.86381510417,0.7398426216344038,13519.590498046877,37065.53347443566,senario_A
2025-09-16 05:00:00,49717.46264322917,0.8187653002639612,12265.205173611112,37451.4387043178,senario_A
2025-09-16 06:00:00,50512.061167534725,0.8195485913008451,11214.62509440104,39296.61652454238,senario_A
2025-09-16 07:00:00,52298.27977864583,0.7753102587660154,10022.465730251735,42275.03873813533,senario_A
2025-09-16 08:00:00,52729.75683919271,1732.098442509522,9080.09678032769,41917.561616355495,senario_A
2025-09-16 09:00:00,56304.47211805556,19137.45610188802,6919.7418424479165,30247.27417371962,senario_A
2025-09-16 10:00:00,61155.36377170139,36346.46880208333,4491.975967881945,20316.919001736118,senario_A
2025-09-16 11:00:00,63175.34047743055,40676.96415364584,4523.90237358941,17974.473950195308,senario_A
2025-09-16 12:00:00,66022.37534722222,41050.64866210938,4791.373364800347,20180.35332031249,senario_A
2025-09-16 13:00:00,69399.06108289931,39827.65575520834,4530.403759358724,25041.001568332245,senario_A
2025-09-16 14:00:00,72876.16678385416,37594.68385660808,5448.907473551432,29832.57545369465,senario_A
2025-09-16 15:00:00,75611.27195963541,36990.25785888672,6411.573165961371,32209.440934787326,senario_A
2025-09-16 16:00:00,77465.54260416667,36012.93486002604,7112.608122287326,34339.9996218533,senario_A
2025-09-16 17:00:00,78339.72078125,34022.87301432292,7803.22465657552,36513.62311035156,senario_A
2025-09-16 18:00:00,77874.9212326389,30018.479729817715,8801.793229166668,39054.648273654515,senario_A
2025-09-16 19:00:00,75379.42578993055,14684.92093017578,8600.691925998264,52093.812933756504,senario_A
2025-09-16 20:00:00,72415.05719618055,1243.0731801274728,8183.940656467013,62988.043359586074,senario_A
2025-09-16 21:00:00,70069.15873263888,0.24901582576334474,9526.485748697916,60542.42396811521,senario_A
2025-09-16 22:00:00,67046.03289496528,0.2622068475435177,11966.772408854167,55078.998279263564,senario_A
2025-09-16 23:00:00,63049.34862413195,0.2588813708474238,13712.655279947916,49336.43446281318,senario_A
2025-09-17 00:00:00,59698.49263129341,0.704159199533363,15148.684323459202,44549.10414863467,senario_A
2025-09-17 01:00:00,56036.086510416666,0.5565194136401017,15241.958080512151,40793.57191049087,senario_A
2025-09-17 02:00:00,53308.95071180556,0.49564055465161805,14336.722263454862,38971.73280779605,senario_A
2025-09-17 03:00:00,52541.9459375,0.5136135716239612,13468.96142903646,39072.470894891914,senario_A
2025-09-17 04:00:00,51052.80992621528,0.4949370896071195,13304.386460503472,37747.9285286222,senario_A
2025-09-17 05:00:00,50631.29975694444,0.4161166678865751,12822.466824001736,37808.41681627482,senario_A
2025-09-17 06:00:00,50815.93749565973,0.46334222247203194,12107.899822048612,38707.57433138865,senario_A
2025-09-17 07:00:00,52714.16979166667,0.5208771538486083,11295.530750868056,41418.118163644765,senario_A
2025-09-17 08:00:00,53274.51334635416,1659.431102247437,10413.935504557292,41201.146739549426,senario_A
2025-09-17 09:00:00,56510.321501736114,18921.169973144533,8273.167937825521,29315.98359076606,senario_A
2025-09-17 10:00:00,62190.480047743054,35927.03169596354,4940.016362847222,21323.431988932294,senario_A
2025-09-17 11:00:00,64871.925360243054,39296.68849283854,5886.586461046007,19688.65040635851,senario_A
2025-09-17 12:00:00,66918.95695746527,39545.084863281256,6275.513991970486,21098.35810221353,senario_A
2025-09-17 13:00:00,70631.20789279514,38654.504350585936,5561.697254367405,26415.006287841796,senario_A
2025-09-17 14:00:00,74228.69899956597,35732.76505371094,5758.351944986979,32737.582000868053,senario_A
2025-09-17 15:00:00,76701.13831597222,34212.332008463534,6614.928875868056,35873.87743164063,senario_A
2025-09-17 16:00:00,78144.73957248263,32328.532402343757,7685.644523383246,38130.56264675563,senario_A
2025-09-17 17:00:00,78649.06103298611,29629.837421875003,8649.593179253472,40369.63043185763,senario_A
2025-09-17 18:00:00,77637.54722005209,23873.59451904297,9388.441414659288,44375.51128634983,senario_A
2025-09-17 19:00:00,75026.28649305555,12634.014720458985,9094.174174262153,53298.09759833441,senario_A
2025-09-17 20:00:00,71841.27526909723,1227.3629795678767,8514.686979166667,62099.225310362686,senario_A
2025-09-17 21:00:00,69688.87936631944,0.1740173184002439,9509.906170789933,60178.79917821111,senario_A
2025-09-17 22:00:00,66941.04147569444,0.2869855721046527,10882.662291666667,56058.09219845566,senario_A
2025-09-17 23:00:00,63216.33717013889,5.875490131576855,12451.96160373264,50758.50007627467,senario_A
2025-09-18 00:00:00,59492.35911024306,0.3867453267922004,12748.044116753472,46743.92824816279,senario_A
2025-09-18 01:00:00,56608.146584201386,0.3975756564239661,13279.387087673613,43328.36192087135,senario_A
2025-09-18 02:00:00,54384.88963107639,0.4231563366452853,12811.26150282118,41573.20497191856,senario_A
2025-09-18 03:00:00,52166.77145399305,0.43861835370461144,11475.939304470488,40690.393531168855,senario_A
2025-09-18 04:00:00,50875.905855034725,0.44363135854403174,10718.347829861112,40157.11439381506,senario_A
2025-09-18 05:00:00,50812.69550347222,0.48162943514684836,10363.112760416669,40449.1011136204,senario_A
2025-09-18 06:00:00,51190.54326497396,0.4865457757438223,8582.716790500217,42607.339928698,senario_A
2025-09-18 07:00:00,52947.34746961806,0.4376658969869215,6925.597374131945,46021.312429589125,senario_A
2025-09-18 08:00:00,53626.13776475695,1421.601921223551,6608.159744466146,45596.37609906726,senario_A
2025-09-18 09:00:00,56739.19142903646,17385.636123860677,5276.959627143012,34076.59567803277,senario_A
2025-09-18 10:00:00,62484.11866319445,34131.83459960938,3136.4881846788194,25215.795878906254,senario_A
2025-09-18 11:00:00,66165.76964409722,37625.127037760416,2756.0700575086807,25784.572548828124,senario_A
2025-09-18 12:00:00,68190.32446180556,36969.513004557295,3208.315038791233,28012.496418457034,senario_A
2025-09-18 13:00:00,71255.61683159722,36471.01155598958,3966.8883702256944,30817.716905381945,senario_A
2025-09-18 14:00:00,74289.43869791667,35046.83918619792,4801.661790364583,34440.937721354174,senario_A
2025-09-18 15:00:00,76261.5684375,33665.95187825521,5721.592657877604,36874.02390136718,senario_A
2025-09-18 16:00:00,77226.49588975694,31451.15500325521,6691.2458984375,39084.09498806424,senario_A
2025-09-18 17:00:00,77405.2732921007,27407.602490234374,6232.330251057942,43765.340550808374,senario_A
2025-09-18 18:00:00,76589.24893663195,22830.319540201825,6506.272219509548,47252.65717692058,senario_A
2025-09-18 19:00:00,73722.83618706597,11743.13424601237,6814.754245198567,55164.94769585504,senario_A
2025-09-18 20:00:00,71329.93021267361,897.1101842455068,7145.091151801215,63287.72887662689,senario_A
2025-09-18 21:00:00,69249.54388020834,0.3544013842443625,7668.026839735243,61581.16263908885,senario_A
2025-09-18 22:00:00,66591.3359548611,0.2810065369307994,8655.811643337674,57935.24330498651,senario_A
2025-09-18 23:00:00,63229.75998806424,0.26301189724976803,9181.062191840278,54048.43478432671,senario_A
2025-09-19 00:00:00,59210.31841579861,0.4487844558060168,9461.042371961805,49748.827259381,senario_A
2025-09-19 01:00:00,56173.10392361111,0.49405236785610507,9672.365521918402,46500.24434932485,senario_A
2025-09-19 02:00:00,54034.54570746528,0.5062516407171884,9255.016097005207,44779.02335881935,senario_A
2025-09-19 03:00:00,53193.37462673611,0.5132032394657532,8865.79081814236,44327.07060535428,senario_A
2025-09-19 04:00:00,51781.65876736112,0.5320152986794711,8663.631046006945,43117.495706055495,senario_A
2025-09-19 05:00:00,51137.27281032986,0.5172230054810643,7481.741927625868,43655.01365969851,senario_A
2025-09-19 06:00:00,51593.6065234375,0.5266936859985192,6742.222143012153,44850.85768673935,senario_A
2025-09-19 07:00:00,53332.30766493056,0.5548089241981505,6309.715725911458,47022.0371300949,senario_A
2025-09-19 08:00:00,54040.17420572916,1430.4062591147424,6377.413440755208,46232.35450585921,senario_A
2025-09-19 09:00:00,57818.532960069446,17088.439536132813,5361.909622395833,35368.1838015408,senario_A
2025-09-19 10:00:00,63777.475030381946,33078.216663411455,3341.081916503906,27358.176450466584,senario_A
2025-09-19 11:00:00,66785.72605902777,38544.33654947917,3092.8130202907987,25148.5764892578,senario_A
2025-09-19 12:00:00,67509.2312890625,39227.71946533203,3270.771628757053,25010.74019497342,senario_A
2025-09-19 13:00:00,69888.20799479166,38132.14575520834,3368.6552077907986,28387.40703179253,senario_A
2025-09-19 14:00:00,73331.8470138889,38137.03619466146,3597.3453016493054,31597.465517578134,senario_A
2025-09-19 15:00:00,75531.7036892361,36680.108906249996,4579.320075412326,34272.274707573786,senario_A
2025-09-19 16:00:00,77318.48865451389,35532.45251708984,5890.194119059245,35895.8420183648,senario_A
2025-09-19 17:00:00,78272.19813368056,34921.65209554036,7123.808776719835,36226.73726142036,senario_A
2025-09-19 18:00:00,77456.67921875,30195.347646484384,8564.334147677951,38696.99742458766,senario_A
2025-09-19 19:00:00,74677.86094618056,14009.859768066406,9075.454469401042,51592.54670871311,senario_A
2025-09-19 20:00:00,71210.378515625,993.2431576852252,9415.51376139323,60801.62159654654,senario_A
2025-09-19 21:00:00,68958.35753472222,0.3585707762713233,10716.424677734374,58241.57428621158,senario_A
2025-09-19 22:00:00,66443.73569335937,0.4959273476774493,13320.529147135416,53122.710618876285,senario_A
2025-09-19 23:00:00,62918.649058159725,0.5462843295435111,14562.432521701388,48355.67025212879,senario_A
2025-09-20 00:00:00,59718.71182725694,0.526121943493684,14064.543638237848,45653.642067075605,senario_A
2025-09-20 01:00:00,56909.06036892361,0.538135000752906,13901.000499945749,43007.521733977104,senario_A
2025-09-20 02:00:00,54363.3795703125,0.5547000249226887,14117.491813151042,40245.33305713654,senario_A
2025-09-20 03:00:00,52756.28002170139,0.5526362950603168,14250.916613498264,38504.81077190806,senario_A
2025-09-20 04:00:00,51269.520199652776,0.5607432370881238,14491.833363715275,36777.12609270041,senario_A
2025-09-20 05:00:00,50237.16887152778,0.5506591941912968,13347.72880859375,36888.88940373984,senario_A
2025-09-20 06:00:00,49400.43700520833,0.5071344384551048,12482.453019748264,36917.47685102161,senario_A
2025-09-20 07:00:00,49776.082300347225,0.52677619377772,11656.839067925348,38118.716456228096,senario_A
2025-09-20 08:00:00,50055.56958333333,1480.9773722154396,10698.539322916668,37876.05288820122,senario_A
2025-09-20 09:00:00,54181.36501736111,15846.356229654948,8821.7778125,29513.23097520616,senario_A
2025-09-20 10:00:00,60115.16310329861,30018.864052734374,6314.934635416666,23781.36441514757,senario_A
2025-09-20 11:00:00,64260.4880078125,34303.28204101563,6690.454854600695,23266.751112196176,senario_A
2025-09-20 12:00:00,67436.00243923611,35997.27904622396,7918.21145562066,23520.511937391493,senario_A
2025-09-20 13:00:00,69273.01044270833,37041.70024088542,6832.00404405382,25399.30615776909,senario_A
2025-09-20 14:00:00,71883.64322916667,36938.62846028646,6793.786274414062,28151.228494466148,senario_A
2025-09-20 15:00:00,74126.28190104167,35246.315250651045,8214.089043511285,30665.87760687934,senario_A
2025-09-20 16:00:00,75750.37654947917,32352.519638671874,10384.06136610243,33013.795544704866,senario_A
2025-09-20 17:00:00,76159.4185546875,30543.411489257815,11946.986022135416,33669.02104329426,senario_A
2025-09-20 18:00:00,75530.09109375,25850.5884765625,12895.630609809028,36783.87200737847,senario_A
2025-09-20 19:00:00,73010.83425347222,12505.756268310546,14007.463484157986,46497.614501003685,senario_A
2025-09-20 20:00:00,70181.10264756944,1089.1398358060171,13794.840929904514,55297.12188185891,senario_A
2025-09-20 21:00:00,68121.96836805556,0.3233929155518611,15600.200404730902,52521.444570409105,senario_A
2025-09-20 22:00:00,65738.61419270834,0.4777180492132902,17091.687022569444,48646.449452089684,senario_A
2025-09-20 23:00:00,62579.56980034722,0.466899078860879,18246.71939561632,44332.38350565203,senario_A
2025-09-21 00:00:00,59513.00775173611,0.5113834696263075,18394.7059765625,41117.79039170399,senario_A
2025-09-21 01:00:00,56774.18681423611,0.5959205051263173,19051.046276041667,37722.54461768932,senario_A
2025-09-21 02:00:00,54494.666827256944,0.8423323116699855,19152.671232638888,35341.15326230638,senario_A
2025-09-21 03:00:00,52951.99967447917,0.7860976778964202,19514.93529079861,33436.278286002664,senario_A
2025-09-21 04:00:00,51596.09412760416,0.795841320703427,18544.57748046875,33050.72080581471,senario_A
2025-09-21 05:00:00,50368.80950954861,0.8084016319115956,18113.66542751736,32254.33568039934,senario_A
2025-09-21 06:00:00,49989.51084635417,0.5417762560645739,16867.853257378472,33121.11581271964,senario_A
2025-09-21 07:00:00,50040.71455729166,0.5456593782703081,15471.54158094618,34568.62731696721,senario_A
2025-09-21 08:00:00,50182.28888020833,1437.3140670910975,13370.265531684028,35374.70928143321,senario_A
2025-09-21 09:00:00,54286.195,18804.443613281248,10973.60978407118,24508.14160264757,senario_A
2025-09-21 10:00:00,61332.32764756944,36471.005390624996,9779.357808159722,15081.964448784718,senario_A
2025-09-21 11:00:00,63312.67102864583,38236.029755859374,10051.556187065971,15025.085085720488,senario_A
2025-09-21 12:00:00,66627.07350260417,37960.42636067708,9197.593980034722,19469.053161892367,senario_A
2025-09-21 13:00:00,69994.19348090277,37564.58395833333,8327.686844618056,24101.92267795139,senario_A
2025-09-21 14:00:00,72284.3911328125,36553.786008300776,7394.7645232476125,28335.840601264106,senario_A
2025-09-21 15:00:00,74502.78115451388,33810.36197591146,7382.528735351562,33309.890443250864,senario_A
2025-09-21 16:00:00,76113.31172743056,31251.506031901037,8105.690975477431,36756.114720052086,senario_A
2025-09-21 17:00:00,76991.488359375,29710.828853352865,10125.855048828123,37154.804457194004,senario_A
2025-09-21 18:00:00,76284.31426215278,27448.34341471354,10428.058331163194,38407.91251627605,senario_A
2025-09-21 19:00:00,74221.77327690972,13282.20105875651,11814.26035888672,49125.31185926649,senario_A
2025-09-21 20:00:00,71754.66953993056,1065.4111871047319,12768.934250217017,57920.32410260881,senario_A
2025-09-21 21:00:00,69477.25072048612,0.36141372047364706,14170.39583658854,55306.493470177105,senario_A
2025-09-21 22:00:00,66741.6649609375,0.5120393495261668,14254.235161675348,52486.91775991263,senario_A
2025-09-21 23:00:00,63060.21196614584,0.5313303413987158,14911.253518880209,48148.427116924235,senario_A
2025-09-22 00:00:00,59572.39273003472,0.3860853729645411,15576.57329969618,43995.433344965575,senario_A
2025-09-22 01:00:00,56664.87310763889,0.3216656731814145,16022.43375108507,40642.11769088064,senario_A
2025-09-22 02:00:00,54700.5790234375,0.3256611282378435,15425.423544921876,39274.829817387385,senario_A
2025-09-22 03:00:00,53416.31811197917,0.349975623289744,14995.83087999132,38420.13725636456,senario_A
2025-09-22 04:00:00,52734.5329296875,0.3711345119277636,15283.036070963542,37451.12572421203,senario_A
2025-09-22 05:00:00,52968.03256944445,0.45502478688955306,15004.841397569444,37962.736147088115,senario_A
2025-09-22 06:00:00,54465.67794704861,0.5586592740317186,14315.79150716146,40149.327780613115,senario_A
2025-09-22 07:00:00,55674.32798177083,0.6478791723648706,12867.17490451389,42806.505198084575,senario_A
2025-09-22 08:00:00,56724.46052951389,1190.1220742007592,12654.183897569445,42880.15455774369,senario_A
2025-09-22 09:00:00,59157.78121527778,14815.416876627607,10950.539431423613,33391.82490722656,senario_A
2025-09-22 10:00:00,65690.97212673612,30280.59966634115,9347.302750651044,26063.069709743922,senario_A
2025-09-22 11:00:00,67721.4790625,33125.36765299479,8849.158134765625,25746.953274739586,senario_A
2025-09-22 12:00:00,69612.40432291667,37170.240557454425,6984.717486165365,25457.44627929688,senario_A
2025-09-22 13:00:00,72453.12287326388,35849.85965169271,6330.6162114800345,30272.647010091143,senario_A
2025-09-22 14:00:00,75674.52816840277,36009.08918945312,6903.588925238715,32761.850053710936,senario_A
2025-09-22 15:00:00,78076.71164930555,34729.77060546875,7071.96396592882,36274.97707790798,senario_A
2025-09-22 16:00:00,78867.5188888889,31537.774358723957,7409.656943359375,39920.08758680557,senario_A
2025-09-22 17:00:00,79546.0658485243,32007.851983235676,8184.235734320747,39353.97813096788,senario_A
2025-09-22 18:00:00,79365.30558159722,27730.828543294272,10521.754009331597,41112.72302897135,senario_A
2025-09-22 19:00:00,77835.67689236111,13090.795530192057,12307.521333550349,52437.3600286187,senario_A
2025-09-22 20:00:00,76051.51677951388,918.4697509691615,14961.397991536458,60171.64903700826,senario_A
2025-09-22 21:00:00,74302.30690972222,0.571374060238401,18374.317407769096,55927.41812789289,senario_A
2025-09-22 22:00:00,71038.74745659722,0.6464965309699375,20623.565965711805,50414.53499435444,senario_A
2025-09-22 23:00:00,67692.58235243056,0.6554971228167414,22320.75535481771,45371.17150049003,senario_A
2025-09-23 00:00:00,63960.70022569445,1.0659513353680572,23025.381962890624,40934.25231146846,senario_A
2025-09-23 01:00:00,60620.78677842882,0.5011683204397559,21668.947804904517,38951.33780520386,senario_A
2025-09-23 02:00:00,58040.75159722223,0.6268786984185377,20666.990763888887,37373.13395463492,senario_A
2025-09-23 03:00:00,56298.59227430556,0.8738181973497072,19656.831069878477,36640.88738622973,senario_A
2025-09-23 04:00:00,55104.200967881945,1.0562916699051856,17558.187511935765,37544.957164276275,senario_A
2025-09-23 05:00:00,55192.23844184028,1.1632737257579961,16910.62845377604,38280.44671433848,senario_A
2025-09-23 06:00:00,55996.57624565972,1.1719496720035871,17587.47093532986,38407.93336065786,senario_A
2025-09-23 07:00:00,57953.423255208334,0.8731289725999039,17970.353745659722,39982.19638057602,senario_A
2025-09-23 08:00:00,58398.64104600695,869.7531698382397,17063.01154296875,40465.876333199965,senario_A
2025-09-23 09:00:00,61006.62488715278,13417.973038330078,13869.177547743056,33719.474301079645,senario_A
2025-09-23 10:00:00,67459.26354166666,27972.539612630215,13207.679059244792,26279.04486979165,senario_A
2025-09-23 11:00:00,70983.41076605902,33503.77492919922,14640.775386827258,22838.860450032545,senario_A
2025-09-23 12:00:00,72403.2449045139,36287.52754557291,13945.795961371528,22169.92139756945,senario_A
2025-09-23 13:00:00,75102.2238454861,37253.0183170573,11764.241610243056,26084.96391818575,senario_A
2025-09-23 14:00:00,78477.80481770834,37692.82731689454,9740.958251139324,31044.01924967448,senario_A
2025-09-23 15:00:00,79423.66753038195,37812.57989583333,8631.774383138021,32979.3132514106,senario_A
2025-09-23 16:00:00,79599.26380208334,37439.72490234375,7868.128316107856,34291.41058363174,senario_A
2025-09-23 17:00:00,79765.91297743056,34782.96910807292,7907.751353624132,37075.19251573351,senario_A
2025-09-23 18:00:00,79378.22196180555,29835.6873844401,9415.903003472222,40126.63157389323,senario_A
2025-09-23 19:00:00,78107.71696180555,13342.383865966796,11876.702659505208,52888.630436333544,senario_A
2025-09-23 20:00:00,75708.10765625,766.1159827584773,12866.147120225694,62075.84455326582,senario_A
2025-09-23 21:00:00,74106.49515625,0.388580521941185,13123.025329861111,60983.081245866946,senario_A
2025-09-23 22:00:00,71687.17629340278,0.6432224096109469,14182.220004340275,57504.313066652896,senario_A
2025-09-23 23:00:00,68873.39348090277,0.6372476129730542,15361.022241753471,53511.733991536326,senario_A
2025-09-24 00:00:00,64367.70492621528,0.6762502343828479,15403.137118326822,48963.891557654075,senario_A
2025-09-24 01:00:00,61427.58682834201,0.7053944630920886,15373.969584960938,46052.91184891798,senario_A
2025-09-24 02:00:00,58956.26278862848,0.7787324709445238,14761.622147352433,44193.861908805105,senario_A
2025-09-24 03:00:00,57074.23655490451,0.8006442017977435,14393.526124945747,42679.909785756965,senario_A
2025-09-24 04:00:00,56439.4327734375,1.319614486893018,14623.22382215712,41814.88933679348,senario_A
2025-09-24 05:00:00,55291.9861219618,1.0012370057279867,14254.653916015624,41036.33096894045,senario_A
2025-09-24 06:00:00,55952.5008203125,0.9873963930209477,12405.73111002604,43545.78231389344,senario_A
2025-09-24 07:00:00,57642.74029188368,0.8195699678113062,11424.224741482203,46217.695980433666,senario_A
2025-09-24 08:00:00,58080.50947265625,772.4618882091343,10945.407146267362,46362.64043817976,senario_A
2025-09-24 09:00:00,59900.47829427083,9548.658860880534,10052.83213921441,40298.987294175895,senario_A
2025-09-24 10:00:00,64024.66578016493,16213.227313639323,11745.120974121091,36066.317492404516,senario_A
2025-09-24 11:00:00,66152.49787543403,18236.73707234701,12558.984966905382,35356.77583618164,senario_A
2025-09-24 12:00:00,66633.93699652777,20941.349505208334,10050.836499294704,35641.75099202474,senario_A
2025-09-24 13:00:00,68270.81689887153,23871.95517862956,8792.892399902345,35605.969320339624,senario_A
2025-09-24 14:00:00,69459.78564670139,25388.814255371093,7442.939105767144,36628.03228556315,senario_A
2025-09-24 15:00:00,70527.37594618056,27234.440437825517,7039.5863037109375,36253.34920464411,senario_A
2025-09-24 16:00:00,71358.57735894097,28696.192296549478,7581.871383734809,35080.51367865668,senario_A
2025-09-24 17:00:00,72646.79656684028,25436.003023681642,8408.68947564019,38802.10406751845,senario_A
2025-09-24 18:00:00,72819.30939236112,20851.108356119792,9435.263094618056,42532.93794162327,senario_A
2025-09-24 19:00:00,70403.85708333334,10480.455657755534,9634.734863009982,50288.66656256782,senario_A
2025-09-24 20:00:00,67975.64039713542,674.7651188483027,8850.338023546006,58450.53725474111,senario_A
2025-09-24 21:00:00,66493.70730902778,0.6298926761746406,9790.728387586803,56702.3490287648,senario_A
2025-09-24 22:00:00,64127.94012586806,0.7861140251656373,9354.43626627604,54772.71774556686,senario_A
2025-09-24 23:00:00,60462.14640407986,0.7571521574134628,8888.86455078125,51572.5247011412,senario_A
2025-09-25 00:00:00,57201.80853081597,0.7698769721388816,8648.861370442708,48552.17728340112,senario_A
2025-09-25 01:00:00,53945.139756944445,0.8335840860009193,7551.293843315972,46393.01232954247,senario_A
2025-09-25 02:00:00,51545.75465060764,1.1715995372335115,6590.496330837674,44954.08672023273,senario_A
2025-09-25 03:00:00,49904.06983506944,1.3371497927109401,6365.792010091146,43536.940675185586,senario_A
2025-09-25 04:00:00,48929.80728841146,1.2677071937173605,5535.426292995877,43393.113288221866,senario_A
2025-09-25 05:00:00,48826.45322916667,1.3539039665212236,4935.641926812066,43889.457398388084,senario_A
2025-09-25 06:00:00,50049.51621419271,1.3818381014466288,4498.860073242187,45549.274302849066,senario_A
2025-09-25 07:00:00,51936.66000217014,1.053299071950217,4345.367466634115,47590.23923646407,senario_A
2025-09-25 08:00:00,52701.68887369792,940.88451829801,4160.575093858507,47600.22926154141,senario_A
2025-09-25 09:00:00,55381.34905707465,15079.438239949544,3265.4455505371093,37036.465266588,senario_A
2025-09-25 10:00:00,60557.87926974826,33145.97904378256,1571.9350492011176,25839.96517676458,senario_A
2025-09-25 11:00:00,62926.84375759549,38419.59840657552,1217.825603942871,23289.4197470771,senario_A
2025-09-25 12:00:00,64501.27164713541,39848.72573811849,1339.0885507880316,23313.457358228887,senario_A
2025-09-25 13:00:00,65954.54355902778,39147.663387044275,1404.87828640408,25402.001885579422,senario_A
2025-09-25 14:00:00,68139.26447048612,39108.45366210937,1616.8360050455728,27413.97480333117,senario_A
2025-09-25 15:00:00,70260.47652777778,37734.55194661458,1962.6016559516056,30563.322925211593,senario_A
2025-09-25 16:00:00,71445.11942708334,36291.65332682292,2486.7907058376736,32666.675394422746,senario_A
2025-09-25 17:00:00,72264.79656032987,34372.90551350911,2809.236777275933,35082.65426954482,senario_A
2025-09-25 18:00:00,71746.54812717014,30364.093075358072,2189.8832206895618,39192.57183112251,senario_A
2025-09-25 19:00:00,69254.62357204861,14087.135053710936,1533.2707101779513,53634.21780815972,senario_A
2025-09-25 20:00:00,66111.93676432292,779.2126670875152,1136.8580906507705,64195.866006584634,senario_A
2025-09-25 21:00:00,63513.50335286458,0.6012662059813737,1389.0150859239366,62123.88700073466,senario_A
2025-09-25 22:00:00,61491.82455186632,0.5765259395167232,2341.345537753635,59149.90248817316,senario_A
2025-09-25 23:00:00,58436.96524522569,0.7281444389124712,3663.850390353733,54772.38671043304,senario_A
2025-09-26 00:00:00,54554.190169270834,0.7921378964185715,4650.098815646701,49903.29921572772,senario_A
2025-09-26 01:00:00,51901.80129123264,0.7674136376505096,5584.166681586372,46316.867196008614,senario_A
2025-09-26 02:00:00,49932.3694140625,0.7454392858843008,6271.014921875,43660.609052901615,senario_A
2025-09-26 03:00:00,48341.04261067708,0.7648573878904183,6639.94851453993,41700.32923874926,senario_A
2025-09-26 04:00:00,47266.39239583333,0.7737159682810306,6570.890356309679,40694.72832355538,senario_A
2025-09-26 05:00:00,46974.76320203993,0.7842462386935949,6240.508431396484,40733.47052440476,senario_A
2025-09-26 06:00:00,47807.737139756944,0.7105167251825333,6007.876383463542,41799.150239568226,senario_A
2025-09-26 07:00:00,49856.46616536458,0.6920519110063711,5524.39946234809,44331.374651105485,senario_A
2025-09-26 08:00:00,50752.11673936632,1232.7533609510958,5310.471882324218,44208.891496091004,senario_A
2025-09-26 09:00:00,53437.53575520834,18170.75512227376,5319.538228759766,29947.24240417481,senario_A
2025-09-26 10:00:00,58855.44684244792,37395.34664713542,3478.553436957465,17981.546758355038,senario_A
2025-09-26 11:00:00,61615.83511284722,42414.99081054688,3390.503299967448,15810.341002332894,senario_A
2025-09-26 12:00:00,62438.120121527776,42263.3484765625,2931.4287714301217,17243.34287353515,senario_A
2025-09-26 13:00:00,64806.00039496528,39837.01994222005,2099.8356247965494,22869.14482794868,senario_A
2025-09-26 14:00:00,67575.97559895834,38659.20866292318,1723.5779991997613,27193.188936835395,senario_A
2025-09-26 15:00:00,69853.25792751736,38757.558301595054,1852.6213379923504,29243.07828792996,senario_A
2025-09-26 16:00:00,71405.79633029514,39041.29406575521,2201.205202840169,30163.29706169976,senario_A
2025-09-26 17:00:00,72642.5071267361,38289.97108723957,2423.318675130208,31929.217364366323,senario_A
2025-09-26 18:00:00,72137.8549891493,33324.416060384116,2592.212227376302,36221.226701388885,senario_A
2025-09-26 19:00:00,68168.43888020833,13756.656772257485,3651.3471222602,50760.43498569064,senario_A
2025-09-26 20:00:00,64446.82894314236,609.4841373532017,6466.470356580946,57370.87444920821,senario_A
2025-09-26 21:00:00,62780.11935546875,0.2575443916457394,10198.103935546877,52581.75787553023,senario_A
2025-09-26 22:00:00,59944.23268337674,0.2673802447629471,13130.778755696614,46813.18654743536,senario_A
2025-09-26 23:00:00,56571.47692274306,0.5965276649097602,15147.641178385416,41423.23921669273,senario_A
2025-09-27 00:00:00,53954.5846484375,0.3765321876605352,16431.942549913194,37522.265566336646,senario_A
2025-09-27 01:00:00,50978.58929253472,0.4777375955879688,16818.818763020834,34159.2927919183,senario_A
2025-09-27 02:00:00,48309.71135742188,0.6685870193317532,16474.24020046658,31834.80256993597,senario_A
2025-09-27 03:00:00,47077.26212239584,0.47946290166427685,16167.912121310765,30908.870538183415,senario_A
2025-09-27 04:00:00,45935.23154947917,0.5374796591202418,15846.418655598958,30088.27541422109,senario_A
2025-09-27 05:00:00,45166.68306640625,0.5233272750303148,15104.792155219184,30061.367583912033,senario_A
2025-09-27 06:00:00,44938.66828559028,0.5081988291194042,14104.121510416666,30834.038576344497,senario_A
2025-09-27 07:00:00,45206.54539279514,0.5280143802364666,12560.332396918402,32645.6849814965,senario_A
2025-09-27 08:00:00,45646.94816840278,1206.7923484674097,11202.800611979166,33237.3552079562,senario_A
2025-09-27 09:00:00,49976.38496527778,17001.221540527345,9306.330468207463,23668.83295654297,senario_A
2025-09-27 10:00:00,55912.45693576389,34614.91626302083,5904.139173719618,15393.401499023443,senario_A
2025-09-27 11:00:00,57961.25875,39950.61756510417,5668.552215576172,12342.088969319659,senario_A
2025-09-27 12:00:00,59246.46667534722,39654.632223307286,5247.225781792535,14344.608670247399,senario_A
2025-09-27 13:00:00,62233.514173177085,39721.59954752604,3573.522561577691,18938.392064073352,senario_A
2025-09-27 14:00:00,65062.54033311632,40272.359865722654,2655.4920606825085,22134.688406711157,senario_A
2025-09-27 15:00:00,67722.17166666666,39950.95150065104,2442.1023735894096,25329.117792426212,senario_A
2025-09-27 16:00:00,69897.226484375,39344.71646809896,2656.4801822916666,27896.029833984376,senario_A
2025-09-27 17:00:00,71274.56010199653,37483.940952962235,3260.450185139974,30530.168963894317,senario_A
2025-09-27 18:00:00,70759.68781032987,31382.622721354164,4081.1702016872823,35295.89488728842,senario_A
2025-09-27 19:00:00,68087.18351996527,11753.969452107747,5562.425881618924,50770.7881862386,senario_A
2025-09-27 20:00:00,64637.77393663194,264.0604160153866,7871.997703450521,56501.71581716603,senario_A
2025-09-27 21:00:00,62276.00346462674,0.28113841053719324,11170.471266004772,51105.25106021143,senario_A
2025-09-27 22:00:00,59685.37070421007,0.2837259906282027,13015.457438422309,46669.62953979713,senario_A
2025-09-27 23:00:00,56594.22275824653,0.40909251173337297,13749.077509494358,42844.73615624043,senario_A
2025-09-28 00:00:00,53554.84986979167,0.43096177121003465,14365.54323784722,39188.87567017324,senario_A
2025-09-28 01:00:00,50742.72652018229,0.48036361803611116,14570.085513780385,36172.16064278387,senario_A
2025-09-28 02:00:00,48228.67793402778,0.5992539021124443,13312.01843858507,34916.0602415406,senario_A
2025-09-28 03:00:00,46469.19409939236,0.48100418018798025,12149.983017578124,34318.73007763405,senario_A
2025-09-28 04:00:00,45199.26270182292,0.5022473767399788,10865.550269097224,34333.21018534896,senario_A
2025-09-28 05:00:00,44521.61625434028,0.52313183243076,9997.71441623264,34523.37870627521,senario_A
2025-09-28 06:00:00,43867.25007378472,0.5372534875075021,9443.193174913196,34423.51964538402,senario_A
2025-09-28 07:00:00,44032.63805772569,0.5594559857249259,8788.757505425347,35243.32109631462,senario_A
2025-09-28 08:00:00,44220.14284722223,1257.5890247850616,8134.968650716146,34827.585171721024,senario_A
2025-09-28 09:00:00,48376.63729600694,17150.33785603841,6496.51010538737,24729.78933458116,senario_A
2025-09-28 10:00:00,54099.4506890191,35004.38985839844,3357.878466796875,15737.18236382378,senario_A
2025-09-28 11:00:00,56137.606321614585,39431.94857340495,2716.1382118733723,13989.51953633626,senario_A
2025-09-28 12:00:00,57799.81605360243,40075.04667236328,2864.47804300944,14860.291338229712,senario_A
2025-09-28 13:00:00,60543.23117296007,39165.709571126295,2711.2897545030382,18666.231847330735,senario_A
2025-09-28 14:00:00,63596.36975477431,39241.0271516927,2554.0102357313367,21801.332367350267,senario_A
2025-09-28 15:00:00,66209.4216015625,38694.10620442708,2329.5109095594617,25185.80448757596,senario_A
2025-09-28 16:00:00,68251.57410373264,38062.07375895182,2609.211836751302,27580.288508029516,senario_A
2025-09-28 17:00:00,69409.23796006944,34484.427393391925,2738.074445529514,32186.736121148002,senario_A
2025-09-28 18:00:00,69093.61034288195,27218.34913492838,3695.48284898546,38179.778358968106,senario_A
2025-09-28 19:00:00,67112.16110243056,8774.605307108563,5003.377398003472,53334.17839731852,senario_A
2025-09-28 20:00:00,64766.31225911458,156.85013129148012,6453.231062011719,58156.23106581138,senario_A
2025-09-28 21:00:00,62804.10530381944,0.22565163902938362,8296.874858398438,54507.004793781976,senario_A
2025-09-28 22:00:00,59933.01647243924,0.3182936142757534,9602.677678493925,50330.02050033104,senario_A
2025-09-28 23:00:00,56288.34603298611,0.2615284759054581,10366.621643880208,45921.462860629996,senario_A
2025-09-29 00:00:00,52891.90345703125,0.417643294458588,11550.1651171875,41341.320696549294,senario_A
2025-09-29 01:00:00,50306.25722764757,0.4439693010474245,12316.380910373264,37989.432347973256,senario_A
2025-09-29 02:00:00,48427.39187934028,0.45462745750943817,12017.604408637151,36409.33284324562,senario_A
2025-09-29 03:00:00,47311.770887586805,0.44538705372562004,11384.056303982205,35927.26919655087,senario_A
2025-09-29 04:00:00,45950.937080078125,0.46831669729202985,10287.211314290364,35663.25744909047,senario_A
2025-09-29 05:00:00,45038.92489474826,0.48715212466816094,8542.226573621962,36496.21116900163,senario_A
2025-09-29 06:00:00,45797.67505425347,0.48529487278312433,7132.840343560113,38664.34941582057,senario_A
2025-09-29 07:00:00,47741.70766493055,0.5517229080821076,5844.430316162109,41896.72562586037,senario_A
2025-09-29 08:00:00,48642.06306532118,1240.259545720319,4997.022591281467,42404.78092831939,senario_A
2025-09-29 09:00:00,51324.50317708333,16089.607757161459,3774.141362575954,31460.75405734592,senario_A
2025-09-29 10:00:00,54281.25441840278,29964.124115397135,2129.6887346733943,22187.44156833225,senario_A
2025-09-29 11:00:00,57536.72408854167,33923.00069905599,1967.072026875814,21646.651362609864,senario_A
2025-09-29 12:00:00,60394.63322916667,34157.94644205729,1827.644262017144,24409.042525092234,senario_A
2025-09-29 13:00:00,63208.80049479166,33458.42895751953,1368.2276724921333,28382.143864780002,senario_A
2025-09-29 14:00:00,66177.074765625,33350.79824544271,1268.0054094102647,31558.271110772028,senario_A
2025-09-29 15:00:00,68970.89980034722,32708.559908854168,1304.172603624132,34958.16728786893,senario_A
2025-09-29 16:00:00,70785.66462890625,31180.800441080726,1677.747653333876,37927.116534491644,senario_A
2025-09-29 17:00:00,71720.34973090277,28077.367561848958,2010.875541042752,41632.10662801106,senario_A
2025-09-29 18:00:00,70135.84747395833,19785.61658203125,2017.229361843533,48333.00153008355,senario_A
2025-09-29 19:00:00,67643.71130208333,6336.628947957357,2535.448905029297,58771.63344909668,senario_A
2025-09-29 20:00:00,66012.65348524305,344.6223063789556,3223.363229505751,62444.66794935834,senario_A
2025-09-29 21:00:00,64224.2299858941,0.41734340003381176,4260.287267320421,59963.525375173645,senario_A
2025-09-29 22:00:00,61440.18089192709,0.5495541939015189,4978.44093899197,56461.19039874122,senario_A
2025-09-29 23:00:00,57728.86330295139,0.5398295291264852,5392.341491970487,52335.981981451776,senario_A
2025-09-30 00:00:00,54235.502860243054,0.5682392349342505,5297.238897569445,48937.69572343868,senario_A
2025-09-30 01:00:00,51472.89705837674,0.6933861378580332,5215.691302625868,46256.51236961301,senario_A
2025-09-30 02:00:00,49718.974205729166,0.7212567327419916,5036.718511827257,44681.53443716916,senario_A
2025-09-30 03:00:00,48250.05725802951,0.7384932100897034,4404.440274251302,43844.87849056812,senario_A
2025-09-30 04:00:00,47706.73649739583,0.7306882993380228,3921.957909071181,43784.04790002532,senario_A
2025-09-30 05:00:00,47123.90183810764,0.7606112760802111,3314.8914274088543,43808.24979942271,senario_A
2025-09-30 06:00:00,47986.34634548611,0.8326798742512862,2653.7720030381943,45331.741662573666,senario_A
2025-09-30 07:00:00,50369.838175998266,0.8653280182927847,2250.088078274197,48118.88476970578,senario_A
2025-09-30 08:00:00,51366.93361111111,463.9407309540858,2140.3109623887804,48762.68191776825,senario_A
2025-09-30 09:00:00,53109.10084309896,12540.648563232422,1870.6853273857964,38697.76695248074,senario_A
2025-09-30 10:00:00,57928.38615234375,29362.963510742185,962.0955818684896,27603.327059733077,senario_A
2025-09-30 11:00:00,62300.82278862847,36753.537663574214,1058.4295874362522,24488.85553761801,senario_A
2025-09-30 12:00:00,64327.55608181423,39257.22950195313,1455.0850241767037,23615.2415556844,senario_A
2025-09-30 13:00:00,65891.181328125,39430.77181152344,1511.238279554579,24949.17123704699,senario_A
2025-09-30 14:00:00,69032.51309895833,38396.609561360674,1579.2240354410808,29056.67950215657,senario_A
2025-09-30 15:00:00,71177.27215711806,38445.580628255215,1739.252844238281,30992.43868462456,senario_A
2025-09-30 16:00:00,73129.54556640625,37781.35964436849,2178.3557936604816,33169.830128377274,senario_A
2025-09-30 17:00:00,74488.41348090277,36378.85273763021,2289.2448456488714,35820.315897623695,senario_A
2025-09-30 18:00:00,74348.60910807292,31606.63988972982,2647.471035495334,40094.49818284777,senario_A
2025-09-30 19:00:00,71726.21707465278,12090.991177775066,3236.2589314778647,56398.96696539985,senario_A
2025-09-30 20:00:00,68490.74991970486,440.5805247783661,4708.72080186632,63341.448593060166,senario_A
2025-09-30 21:00:00,66201.25148003473,2.286735048343738,7581.152734375,58617.812010611386,senario_A
2025-09-30 22:00:00,62701.41849175347,0.25000070173914224,9269.2738406033,53431.894650448434,senario_A
2025-09-30 23:00:00,58731.39880859375,0.5381440365811188,10918.304212239584,47812.556452317585,senario_A
2025-10-01 00:00:00,54722.08579318576,0.42230882931500674,12857.369463161893,41864.29402119455,senario_A
2025-10-01 01:00:00,51704.58093532986,0.708899477571249,14237.735018717449,37466.13701713484,senario_A
2025-10-01 02:00:00,49414.161536458334,0.5623226466278235,13982.14781358507,35431.45140022664,senario_A
2025-10-01 03:00:00,47709.86320746528,0.5115841850886742,13012.033994140626,34697.317629139565,senario_A
2025-10-01 04:00:00,46913.49318142361,0.5547024860481421,12144.394651692708,34768.54382724485,senario_A
2025-10-01 05:00:00,47262.416419270834,0.5398725235958894,11198.041314019098,36063.83523272815,senario_A
2025-10-01 06:00:00,47546.24634765625,0.5036252561459938,10357.012108289931,37188.73061411017,senario_A
2025-10-01 07:00:00,49499.319891493054,0.5653500789900621,9885.599459635416,39613.15508177865,senario_A
2025-10-01 08:00:00,50112.21062717014,965.9621732298037,9275.876931694878,39870.37152224546,senario_A
2025-10-01 09:00:00,52752.81345052084,17194.114414571126,7641.939270833333,27916.75976511638,senario_A
2025-10-01 10:00:00,58293.94681857639,36486.30681315104,4330.874052463108,17476.765952962247,senario_A
2025-10-01 11:00:00,60659.52905815972,40457.32431966145,3728.688855251736,16473.515883246535,senario_A
2025-10-01 12:00:00,62773.20943359375,40363.42113932292,4196.590435384114,18213.197858886717,senario_A
2025-10-01 13:00:00,65990.9971875,39431.98384440104,3070.010246310764,23489.0030967882,senario_A
2025-10-01 14:00:00,70154.97833767362,37875.270920410156,2382.8918103027345,29896.815606960725,senario_A
2025-10-01 15:00:00,72768.224765625,37327.889493001305,2294.847295735677,33145.48797688801,senario_A
2025-10-01 16:00:00,74670.82010850694,36295.10920898437,2199.0549240451387,36176.655975477435,senario_A
2025-10-01 17:00:00,76294.58103298611,36092.90509440104,2308.2514553493925,37893.424483235685,senario_A
2025-10-01 18:00:00,75531.1527061632,30206.64112060547,3009.657457343208,42314.854128214516,senario_A
2025-10-01 19:00:00,72835.62491319445,11040.104792480468,4532.784121636285,57262.7359990777,senario_A
2025-10-01 20:00:00,69756.88056423611,372.05412186893324,7909.279738498264,61475.54670386892,senario_A
2025-10-01 21:00:00,67590.50948784722,0.3098474590231974,12507.961534288195,55082.2381061,senario_A
2025-10-01 22:00:00,64010.05774739583,0.403711142813166,15319.879308810763,48689.77472744226,senario_A
2025-10-01 23:00:00,60103.13266927083,0.328318093890945,17227.636712239582,42875.16763893736,senario_A
2025-10-02 00:00:00,56191.18078993056,0.4551048719137907,18487.40654947917,37703.31913557947,senario_A
2025-10-02 01:00:00,53028.10974826389,0.558879451950391,19173.705724826388,33853.84514398555,senario_A
2025-10-02 02:00:00,50750.785607638885,0.5965809742112953,19046.926985677084,31703.26204098759,senario_A
2025-10-02 03:00:00,49311.79339409722,0.483661226083835,18002.28315972222,31309.026573148916,senario_A
2025-10-02 04:00:00,47904.84953993056,0.6990408880015213,16507.964263237845,31396.186235804715,senario_A
2025-10-02 05:00:00,47304.09161458333,0.44289632439613336,14389.373346354168,32914.27537190476,senario_A
2025-10-02 06:00:00,48256.03564344618,0.44137418578068405,12583.248657769098,35672.3456114913,senario_A
2025-10-02 07:00:00,50348.456484375,0.45524707535902653,10696.421105685764,39651.58013161387,senario_A
2025-10-02 08:00:00,51052.99648871528,761.3770631201565,8590.678597005208,41700.94082858992,senario_A
2025-10-02 09:00:00,53448.53310329861,15653.228454182947,6471.392953559028,31323.911695556628,senario_A
2025-10-02 10:00:00,59011.50092881944,34980.79996744792,2980.1485639105904,21050.55239746093,senario_A
2025-10-02 11:00:00,62555.87286458333,39921.465544433595,2101.3904060194227,20533.016914130316,senario_A
2025-10-02 12:00:00,64175.70836805556,39676.519903157554,1873.3930282592771,22625.795436638728,senario_A
2025-10-02 13:00:00,67465.85025824653,38431.67196940104,1223.565254787869,27810.61303405762,senario_A
2025-10-02 14:00:00,70528.56040364584,36688.163489583334,1331.511061062283,32508.88585300022,senario_A
2025-10-02 15:00:00,73605.81417100695,36335.709443359374,1902.760205756293,35367.34452189128,senario_A
2025-10-02 16:00:00,75260.53431640625,36105.797958984374,2681.879144015842,36472.85721340604,senario_A
2025-10-02 17:00:00,76459.04598741319,34655.19505533854,3496.9652316623265,38306.88570041233,senario_A
2025-10-02 18:00:00,75518.15569878473,28406.457802734374,4942.915269639757,42168.7826264106,senario_A
2025-10-02 19:00:00,72459.5597265625,10037.318828938802,7123.273604600695,55298.96729302299,senario_A
2025-10-02 20:00:00,69141.64827907986,308.87446267917755,9966.61117811415,58866.162638286536,senario_A
2025-10-02 21:00:00,66840.18749565972,0.329230562057346,13192.31535671658,53647.54290838108,senario_A
2025-10-02 22:00:00,63979.95829101562,0.5838850942750771,16075.167868652345,47904.206537269,senario_A
2025-10-02 23:00:00,60025.08192925347,0.4555983488758404,17715.64601345486,42308.980317449736,senario_A
2025-10-03 00:00:00,56348.81219184028,0.4519262567659219,18156.32563151041,38192.034634073105,senario_A
2025-10-03 01:00:00,53492.592921006944,0.4639723143478235,17756.383352864585,35735.74559582801,senario_A
2025-10-03 02:00:00,51116.83468315972,0.45185700232783954,16606.47792751736,34509.90489864003,senario_A
2025-10-03 03:00:00,49557.98825086805,0.6123335904379685,15178.092942708334,34379.28297456928,senario_A
2025-10-03 04:00:00,48541.37821180555,0.5476791274547577,13917.16132703993,34623.669205638165,senario_A
2025-10-03 05:00:00,47887.1274327257,0.5031328540543714,12272.356692708334,35614.2676071633,senario_A
2025-10-03 06:00:00,48918.82230577257,0.5296025265753268,10457.237377387151,38461.05532585884,senario_A
2025-10-03 07:00:00,50755.43727864583,0.5367860820889473,8442.430182291666,42312.470310272074,senario_A
2025-10-03 08:00:00,51535.238036024304,767.3421021761,6793.72983344184,43974.166100406364,senario_A
2025-10-03 09:00:00,54354.10937391493,15789.670818277995,5369.509974500868,33194.92858113607,senario_A
2025-10-03 10:00:00,59327.03504340278,34587.693361816404,2499.9779597303605,22239.363721856014,senario_A
2025-10-03 11:00:00,63037.30747829861,38534.908352864586,1838.5121158854167,22663.887009548605,senario_A
2025-10-03 12:00:00,65534.79369140625,38645.11501627604,1986.5715410698783,24903.107134060334,senario_A
2025-10-03 13:00:00,68057.1677625868,38241.616246744794,2438.479453260634,27377.072062581377,senario_A
2025-10-03 14:00:00,70921.4951345486,36750.018342285155,3445.7687726508248,30725.708019612626,senario_A
2025-10-03 15:00:00,73574.15956597222,37434.23484049479,4885.146315104167,31254.778410373263,senario_A
2025-10-03 16:00:00,74984.29652994791,36688.38610188803,6145.620995551215,32150.289432508667,senario_A
2025-10-03 17:00:00,75519.25052083333,34626.2238671875,7771.889952799479,33121.13670084635,senario_A
2025-10-03 18:00:00,74138.16694878472,28661.048953450518,9724.581136067707,35752.5368592665,senario_A
2025-10-03 19:00:00,71024.39914496528,9759.64616434733,11472.613486328126,49792.139494289826,senario_A
2025-10-03 20:00:00,67957.68388888889,245.43519884231193,12999.121781684027,54713.126908362545,senario_A
2025-10-03 21:00:00,65565.9820203993,0.5687595237294832,16309.224483506943,49256.18877736863,senario_A
2025-10-03 22:00:00,63237.066881510415,0.48654796053965876,18489.94311631945,44746.637217230425,senario_A
2025-10-03 23:00:00,60042.7266015625,0.7350554631153743,19700.449359809027,40341.54218629036,senario_A
2025-10-04 00:00:00,56612.84384548611,0.5600111499925453,20576.70485894097,36035.57897539514,senario_A
2025-10-04 01:00:00,53656.34558159722,0.45595515772700307,20409.788426649306,33246.10119979019,senario_A
2025-10-04 02:00:00,51305.67624348959,0.45231586283693714,19568.40164930556,31736.822278321197,senario_A
2025-10-04 03:00:00,49212.3609092882,0.518071133593718,18422.53792751736,30789.304910637253,senario_A
2025-10-04 04:00:00,47935.00339409722,0.5206065895656744,17702.623453776043,30231.85933373161,senario_A
2025-10-04 05:00:00,47042.98170789931,0.5007119106998046,17354.746977539064,29687.73401844954,senario_A
2025-10-04 06:00:00,46776.47765625,0.6612198071181774,16427.044303385417,30348.772133057464,senario_A
2025-10-04 07:00:00,46782.51384114583,0.6017653359472752,15540.273111979166,31241.638963830723,senario_A
2025-10-04 08:00:00,47036.55428819444,880.042956670622,14609.86228298611,31546.649048537707,senario_A
2025-10-04 09:00:00,50387.34474609375,16681.663247680663,12932.702420518664,20772.979077894426,senario_A
2025-10-04 10:00:00,56235.59784939236,35778.65543945312,10092.556805555556,10364.385604383686,senario_A
2025-10-04 11:00:00,59464.41227756076,38085.074358723956,12228.44972547743,9150.888193359375,senario_A
2025-10-04 12:00:00,60820.40005750868,37245.232032877604,13164.122061089409,10411.04596354167,senario_A
2025-10-04 13:00:00,62444.94485894097,37620.42175130208,12369.778116319443,12454.744991319452,senario_A
2025-10-04 14:00:00,65240.89107855903,37603.730761718754,12713.510015190972,14923.6503016493,senario_A
2025-10-04 15:00:00,67237.63446614583,36239.84361409506,14047.860591362847,16949.93026068792,senario_A
2025-10-04 16:00:00,69473.11371527778,35926.633203125,15390.46245361328,18156.018058539503,senario_A
2025-10-04 17:00:00,70956.88552300347,33805.10466796875,16550.945274522568,20600.83558051215,senario_A
2025-10-04 18:00:00,69812.31665798611,27222.480282389326,18075.67273166233,24514.16364393446,senario_A
2025-10-04 19:00:00,67469.46515190972,9912.56872721354,19520.79200520833,38036.104419487856,senario_A
2025-10-04 20:00:00,64561.28945203993,223.86606451450535,19297.343504774304,45040.07988275112,senario_A
2025-10-04 21:00:00,62515.66874782986,0.669896740540862,20782.960093858503,41732.038757230825,senario_A
2025-10-04 22:00:00,60203.816675347225,0.9856201713283856,22892.782838541665,37310.04821663423,senario_A
2025-10-04 23:00:00,57872.89312282986,1.1195664189259211,23691.76399522569,34180.009561185245,senario_A
2025-10-05 00:00:00,55288.32586588542,0.8881496214866638,23499.24535373264,31788.19236253129,senario_A
2025-10-05 01:00:00,53088.48351345486,0.7448204679538806,23447.353485785592,29640.385207201318,senario_A
2025-10-05 02:00:00,50523.41366970486,0.799448163708051,22836.207743055555,27686.4064784856,senario_A
2025-10-05 03:00:00,49030.02506510416,0.9472830105821293,22621.605475260418,26407.47230683316,senario_A
2025-10-05 04:00:00,47960.918671875,0.93710625320673,22428.126796875,25531.85476874679,senario_A
2025-10-05 05:00:00,47023.89242404514,0.82332253066202,22128.58340549045,24894.485696024025,senario_A
2025-10-05 06:00:00,46396.61418402778,0.7854894367357095,21639.32078559028,24756.507909000764,senario_A
2025-10-05 07:00:00,46211.86054904514,0.7178669917955994,20863.15551052517,25347.987171528177,senario_A
2025-10-05 08:00:00,46413.918671875,868.639354664137,19938.92925564236,25606.350061568504,senario_A
2025-10-05 09:00:00,50562.26053385417,15881.297436116536,17867.487803819444,16813.475293918193,senario_A
2025-10-05 10:00:00,56269.004759114585,29633.399883626305,15886.743225368924,10748.861650119356,senario_A
2025-10-05 11:00:00,57713.65919487847,31427.84484700521,16290.678056640623,9995.136291232637,senario_A
2025-10-05 12:00:00,59654.94260633681,32918.21224283854,16040.013950737848,10696.71641276042,senario_A
2025-10-05 13:00:00,62691.15189453125,35727.78491617838,14338.783268771702,12624.583709581166,senario_A
2025-10-05 14:00:00,66119.04413845486,37652.27571858724,13013.07426812066,15453.694151746962,senario_A
2025-10-05 15:00:00,68901.17741753472,38105.81216145834,12772.004873860677,18023.360382215702,senario_A
2025-10-05 16:00:00,70996.53164496527,37299.14895182292,12536.23505967882,21161.147633463534,senario_A
2025-10-05 17:00:00,72220.88821614583,36162.7748046875,12592.01476779514,23466.098643663194,senario_A
2025-10-05 18:00:00,72138.59842447916,28526.0923030599,13712.287980685764,29900.218140733497,senario_A
2025-10-05 19:00:00,69958.49308159722,9436.155454203288,15193.61720594618,45328.720421447746,senario_A
2025-10-05 20:00:00,67556.26172092014,163.89719083937504,15924.775776909722,51467.58875317105,senario_A
2025-10-05 21:00:00,65764.15254231771,0.6797280327479045,18692.742003038195,47070.73081124677,senario_A
2025-10-05 22:00:00,63084.85572482639,1.0632620632400116,20970.486987847224,42113.30547491593,senario_A
2025-10-05 23:00:00,59541.16620985243,0.8524681246777375,21993.47519097222,37546.838550755536,senario_A
2025-10-06 00:00:00,56092.56856987847,1.430098961442709,22484.95719618056,33606.181274736475,senario_A
2025-10-06 01:00:00,53905.48722005208,0.9482523641238609,22227.290690104168,31677.24827758378,senario_A
2025-10-06 02:00:00,51541.59890625,0.5329168676212429,20706.31516981337,30834.750819569013,senario_A
2025-10-06 03:00:00,50334.92416666666,0.4675226862480243,19497.712139756943,30836.74450422347,senario_A
2025-10-06 04:00:00,49288.947174479166,0.4222999230834345,18402.84408528646,30885.680789269623,senario_A
2025-10-06 05:00:00,48770.16760091146,0.4679131984213987,17159.533319769966,31610.16636794307,senario_A
2025-10-06 06:00:00,49311.38877604167,0.4809868825227021,14922.415563151042,34388.4922260081,senario_A
2025-10-06 07:00:00,51272.65617078993,0.44715987193087736,12949.280949435764,38322.928061482235,senario_A
2025-10-06 08:00:00,51941.6362608507,786.7973997029042,10900.153336588544,40254.685524559245,senario_A
2025-10-06 09:00:00,53920.40513020833,15151.15631510417,8992.529744737412,29776.71907036675,senario_A
2025-10-06 10:00:00,59103.2061328125,33045.442037760426,7660.748655598958,18397.015439453113,senario_A
2025-10-06 11:00:00,62329.58556206597,35920.77458984376,9333.15761501736,17075.653357204854,senario_A
2025-10-06 12:00:00,64506.88082899305,34526.21787760418,8486.28075141059,21494.38219997829,senario_A
2025-10-06 13:00:00,67418.12450520834,33598.742120768235,6493.62658718533,27325.755797254773,senario_A
2025-10-06 14:00:00,71097.92313368055,32659.50563151042,4510.270531141493,33928.14697102865,senario_A
2025-10-06 15:00:00,73636.46587456597,32361.58617838542,4757.487988823785,36517.391707356765,senario_A
2025-10-06 16:00:00,75627.54345486111,31289.811478678384,6175.1034876844615,38162.62848849826,senario_A
2025-10-06 17:00:00,76190.28324652778,30476.200643717457,6968.489422064888,38745.59318074543,senario_A
2025-10-06 18:00:00,74898.59573784722,24906.54818847656,7865.353488498264,42126.694060872396,senario_A
2025-10-06 19:00:00,71988.17427083333,7562.7955084228515,8597.105959201388,55828.272803209096,senario_A
2025-10-06 20:00:00,69573.36896267362,125.8003259033958,9854.32060438368,59593.24803238653,senario_A
2025-10-06 21:00:00,67535.57163628472,0.2504141515990098,12616.431617838542,54918.88960429458,senario_A
2025-10-06 22:00:00,65243.12888454861,0.25460532516241063,15148.800322265624,50094.07395695782,senario_A
2025-10-06 23:00:00,61655.75501736111,0.23829283661519474,16860.656936848958,44794.85978767554,senario_A
2025-10-07 00:00:00,58616.72351345486,0.2502901630103588,17356.240110677085,41260.23311261477,senario_A
2025-10-07 01:00:00,56334.500555555554,0.2870141277338067,17411.051039496528,38923.16250193129,senario_A
2025-10-07 02:00:00,52792.067282986114,0.5016879611710707,15805.278893229166,36986.286701795776,senario_A
2025-10-07 03:00:00,50985.20206814236,0.4433540656169256,13830.184015842016,37154.57469823473,senario_A
2025-10-07 04:00:00,49794.48876736111,0.4384040957316756,12794.231296115451,36999.819067149925,senario_A
2025-10-07 05:00:00,49537.91151909722,0.44837932129700975,11850.488376736112,37686.97476303981,senario_A
2025-10-07 06:00:00,50496.06736762153,0.46256820513556396,9809.578830566406,40686.025968849994,senario_A
2025-10-07 07:00:00,52809.27382161458,0.502283234546582,8676.100853407119,44132.67068497291,senario_A
2025-10-07 08:00:00,53627.273912760415,534.3443967057765,6615.727385525173,46477.20213052946,senario_A
2025-10-07 09:00:00,55961.99625434028,13126.10439127604,5102.077942165799,37733.81392089844,senario_A
2025-10-07 10:00:00,61653.395232204864,29526.567867838534,4047.23600660536,28079.59135776097,senario_A
2025-10-07 11:00:00,63886.369192708335,32533.760716959638,4502.668963758681,26849.939511990015,senario_A
2025-10-07 12:00:00,65670.17186197916,32515.134689127604,4265.914543457031,28889.12262939453,senario_A
2025-10-07 13:00:00,68779.42723524306,30689.901614583338,3777.9543158637152,34311.571304796,senario_A
2025-10-07 14:00:00,71289.56046006945,28696.38368570964,3788.2388957383896,38804.93787862142,senario_A
2025-10-07 15:00:00,73166.88164279514,26637.2600390625,4370.343424750434,42159.278178982204,senario_A
2025-10-07 16:00:00,75076.64502604166,26968.826930338546,5840.086840277778,42267.73125542534,senario_A
2025-10-07 17:00:00,75697.0462890625,24120.151630859375,7286.855186631945,44290.03947157119,senario_A
2025-10-07 18:00:00,74633.4096875,18894.29355143229,9014.913853081598,46724.20228298611,senario_A
2025-10-07 19:00:00,71706.93413194445,5644.670975748697,10523.39187608507,55538.87128011068,senario_A
2025-10-07 20:00:00,69741.87355034723,58.013525671735394,10453.82933702257,59230.03068765292,senario_A
2025-10-07 21:00:00,67554.55187065972,0.45803190012772876,10303.089130859376,57251.00470790022,senario_A
2025-10-07 22:00:00,64992.61189887152,0.44642681688070296,10591.60769748264,54400.55777457199,senario_A
2025-10-07 23:00:00,61539.64400607639,0.5294469277064006,10645.362183159725,50893.75237598896,senario_A
2025-10-08 00:00:00,57625.98107096354,0.5082746922721465,10369.632611219618,47255.84018505165,senario_A
2025-10-08 01:00:00,54496.644598524304,0.5920853402713934,8931.87245876736,45564.180054416676,senario_A
2025-10-08 02:00:00,52169.25179470486,0.663562535593907,7508.8849701605905,44659.70326200868,senario_A
2025-10-08 03:00:00,50919.97103515625,0.7182161512474219,6935.621809353299,43983.63100965171,senario_A
2025-10-08 04:00:00,50406.50546006944,0.7555181844532489,6946.28831922743,43459.46162265756,senario_A
2025-10-08 05:00:00,49867.31679578993,0.7628381721675397,6216.942462022569,43649.61149559519,senario_A
2025-10-08 06:00:00,50826.412217881945,0.7815224290887515,5385.983989257813,45439.64670619504,senario_A
2025-10-08 07:00:00,52388.49552517361,0.7700979581971963,5042.327590603299,47345.39783661211,senario_A
2025-10-08 08:00:00,53391.79839626736,630.6547401901582,4692.671154513889,48068.472501563316,senario_A
2025-10-08 09:00:00,54981.364565972224,11418.078924560547,3766.112272406684,39797.173369004995,senario_A
2025-10-08 10:00:00,61207.53637478298,28484.509800618493,2278.828731825087,30444.197842339403,senario_A
2025-10-08 11:00:00,64433.56487196181,32931.4227701823,2218.481481391059,29283.660620388455,senario_A
2025-10-08 12:00:00,66283.87480902778,33390.37487630208,2979.281874186198,29914.218058539504,senario_A
2025-10-08 13:00:00,67450.80792100694,32574.333603515624,3796.357467719184,31080.116849772134,senario_A
2025-10-08 14:00:00,70360.27013454861,31264.40578450521,4642.060062391493,34453.80428765191,senario_A
2025-10-08 15:00:00,72087.70240451388,29216.8021875,5275.922349717882,37594.977867296,senario_A
2025-10-08 16:00:00,73726.87594401042,27461.859815266936,6009.971717936198,40255.044410807284,senario_A
2025-10-08 17:00:00,74213.5306640625,25526.33596516927,6900.054273546007,41787.14042534723,senario_A
2025-10-08 18:00:00,72916.89957682292,18931.954344482423,7378.798641493056,46606.14659084744,senario_A
2025-10-08 19:00:00,70441.60894965277,5035.4706382751465,7170.748670247396,58235.38964113023,senario_A
2025-10-08 20:00:00,68277.30480902777,53.51202991652613,6570.523327229817,61653.269451881424,senario_A
2025-10-08 21:00:00,66481.25707465278,0.2577238089591264,7444.458549940321,59036.5408009035,senario_A
2025-10-08 22:00:00,64685.1544780816,0.29495839646086097,8364.478617892795,56320.38090179234,senario_A
2025-10-08 23:00:00,61693.81481336806,0.23118315779914456,8888.66041232639,52804.92321788387,senario_A
2025-10-09 00:00:00,58069.76360026042,0.22964033626019956,8747.502893880208,49322.03106604395,senario_A
2025-10-09 01:00:00,54804.593697916665,0.4117351506402095,8580.616361762153,46223.565601003866,senario_A
2025-10-09 02:00:00,52862.9801171875,0.5182511516163746,8623.36665907118,44239.0952069647,senario_A
2025-10-09 03:00:00,51412.15093967014,0.5000513052443663,9017.997019314236,42393.65386905066,senario_A
2025-10-09 04:00:00,50403.92547743056,0.5408478389680386,9610.89704969618,40792.487579895416,senario_A
2025-10-09 05:00:00,50156.97412760417,0.48907727728287376,9752.351398654511,40404.13365167237,senario_A
2025-10-09 06:00:00,50495.79544270833,0.5403760245939095,9519.688211805556,40975.566854878176,senario_A
2025-10-09 07:00:00,52343.36870659722,0.5426646820207437,9170.802581380209,43172.02346053499,senario_A
2025-10-09 08:00:00,52995.3038140191,588.7837261611223,8934.797843967013,43471.72224389097,senario_A
2025-10-09 09:00:00,55286.30115885416,13422.033712158202,7994.605240342882,33869.662206353074,senario_A
2025-10-09 10:00:00,60688.333116319445,32083.001595052076,5962.171904296875,22643.159616970494,senario_A
2025-10-09 11:00:00,63873.92231445313,38411.90806640625,6277.587172309028,19184.42707573785,senario_A
2025-10-09 12:00:00,64567.429596354166,39042.24326822918,7049.076141493056,18476.110186631933,senario_A
2025-10-09 13:00:00,66508.01740451388,37309.35486002604,6325.580008273654,22873.08253621419,senario_A
2025-10-09 14:00:00,68809.01195746528,35669.811910807286,5902.078851996528,27237.121194661464,senario_A
2025-10-09 15:00:00,71464.54551649306,35304.997347005214,6210.045349934896,29949.502819552952,senario_A
2025-10-09 16:00:00,73553.7386436632,34856.338880208335,6968.397903374566,31729.00186008029,senario_A
2025-10-09 17:00:00,74935.16478732639,34126.35802734375,7596.849134114584,33211.95762586805,senario_A
2025-10-09 18:00:00,73732.105234375,26276.700424804687,8518.865192599826,38936.53961697049,senario_A
2025-10-09 19:00:00,70099.47211371528,7512.3036636352535,8770.794388020833,53816.37406205919,senario_A
2025-10-09 20:00:00,67654.90251519097,79.07323238274702,8902.162326660156,58673.66695614807,senario_A
2025-10-09 21:00:00,65580.36896267362,0.30989374915758766,10517.997698567708,55062.06137035675,senario_A
2025-10-09 22:00:00,63261.87939236111,0.26838495502869286,12267.763075086805,50993.84793231927,senario_A
2025-10-09 23:00:00,59756.380054253474,0.2951962372163931,13435.278619791668,46320.806238224584,senario_A
2025-10-10 00:00:00,56146.29405924479,0.26147062220921113,13962.901193576388,42183.13139504619,senario_A
2025-10-10 01:00:00,53011.93863715278,0.3024808336794376,13929.526927083334,39082.109229235764,senario_A
2025-10-10 02:00:00,50611.20465060764,0.3212510254979133,13575.857711588542,37035.0256879936,senario_A
2025-10-10 03:00:00,49268.4101280382,0.35963589986165356,12764.396786024305,36503.65370611403,senario_A
2025-10-10 04:00:00,47570.99352647569,0.4363326348364353,11604.928243272569,35965.62895056829,senario_A
2025-10-10 05:00:00,47292.39820746528,0.4831574995815754,10299.865363498264,36992.049686467435,senario_A
2025-10-10 06:00:00,47991.25225694444,0.5134483057260513,9425.98904513889,38564.74976349983,senario_A
2025-10-10 07:00:00,49330.56258897569,0.53299587448438,8820.349283854166,40509.68030924704,senario_A
2025-10-10 08:00:00,50086.49496527778,595.4623866261045,8496.556187065973,40994.476391585704,senario_A
2025-10-10 09:00:00,52748.64397243923,15276.323274739583,7533.690127766927,29938.630569932724,senario_A
2025-10-10 10:00:00,57905.20223524306,35628.71561035156,5027.384335801867,17249.10228908963,senario_A
2025-10-10 11:00:00,61046.78222005208,40110.1419889323,5957.140938042535,14979.499293077246,senario_A
2025-10-10 12:00:00,60833.636154513886,40273.88094075522,6049.02005859375,14510.735155164919,senario_A
2025-10-10 13:00:00,61829.657918836805,38669.056966145836,4244.723005913628,18915.877946777342,senario_A
2025-10-10 14:00:00,65197.25468858507,38207.55781494141,3672.849551595052,23316.84732204861,senario_A
2025-10-10 15:00:00,68052.45489149305,38320.290507812504,3638.936013183594,26093.228370496952,senario_A
2025-10-10 16:00:00,70194.79319878473,37996.509127604164,3828.643888888889,28369.640182291674,senario_A
2025-10-10 17:00:00,71319.35202256944,36415.986852213544,3742.958182237413,31160.40698811848,senario_A
2025-10-10 18:00:00,70334.57711588542,28228.272202148437,3956.108982611762,38150.19593112522,senario_A
2025-10-10 19:00:00,66152.59640842014,7890.50940785726,4201.945516221788,54060.1414843411,senario_A
2025-10-10 20:00:00,62007.91606336806,72.14457907712398,5278.653925238716,56657.11755905222,senario_A
2025-10-10 21:00:00,60430.66337456597,0.31129407865926617,7362.517184787326,53067.83489569998,senario_A
2025-10-10 22:00:00,59136.703081597225,0.2106603163480758,9021.313620876736,50115.178800404145,senario_A
2025-10-10 23:00:00,56472.78888888889,0.3401322391877571,10832.904436848958,45639.54431980075,senario_A
2025-10-11 00:00:00,53384.55047092014,0.38204254552721967,12268.526159939236,41115.642268435375,senario_A
2025-10-11 01:00:00,50276.55108723958,0.4844135110576947,12947.427687717014,37328.638986011516,senario_A
2025-10-11 02:00:00,48509.16118706597,0.45012582761545983,13160.300759006075,35348.41030223228,senario_A
2025-10-11 03:00:00,46176.11302734375,0.49440164099136985,12614.037156032986,33561.58146966977,senario_A
2025-10-11 04:00:00,45114.46550564236,0.5462871684382359,11931.893696831596,33182.025521642325,senario_A
2025-10-11 05:00:00,44154.85537977431,0.558105554829041,11477.60873155382,32676.688542665655,senario_A
2025-10-11 06:00:00,43982.213936631946,0.5819659684350094,11313.807464192709,32667.824506470803,senario_A
2025-10-11 07:00:00,44263.86749131944,0.5263314971824486,10890.426714409725,33372.914445412534,senario_A
2025-10-11 08:00:00,44627.84819227431,616.3931773362558,10886.561239149303,33124.89377578875,senario_A
2025-10-11 09:00:00,47669.03887261285,14631.929253133141,10157.0613148329,22880.048304646814,senario_A
2025-10-11 10:00:00,52800.9464453125,35093.073375651045,6256.088266601562,11451.784803059889,senario_A
2025-10-11 11:00:00,55694.72830403646,39035.96554361979,7251.316056857639,9407.446703559024,senario_A
2025-10-11 12:00:00,57751.13867404514,38183.83362630208,8840.760016276041,10726.545031467018,senario_A
2025-10-11 13:00:00,60029.43274305556,37715.22966878256,9108.221927897135,13205.981146375863,senario_A
2025-10-11 14:00:00,62533.07494791667,37152.48338216145,10452.69755642361,14927.894009331607,senario_A
2025-10-11 15:00:00,65400.902740885416,36655.45020182292,11901.233780381945,16844.218758680552,senario_A
2025-10-11 16:00:00,67544.98389322916,35642.1108984375,13106.544660373263,18796.328334418395,senario_A
2025-10-11 17:00:00,68829.39243055556,34533.31168945313,13426.968529730902,20869.112211371525,senario_A
2025-10-11 18:00:00,68313.79276041666,27516.394701334633,13691.61104844835,27105.787010633678,senario_A
2025-10-11 19:00:00,65222.88896701389,7832.548332824707,14306.106549479167,43084.23408471001,senario_A
2025-10-11 20:00:00,61309.37092447917,64.18470925928713,14405.82861219618,46839.3576030237,senario_A
2025-10-11 21:00:00,60095.49481987847,0.1193525403551757,18402.67026258681,41692.7052047513,senario_A
2025-10-11 22:00:00,58343.28417317708,1.0592262780386954,21906.11735243056,36436.107594468485,senario_A
2025-10-11 23:00:00,55627.60332899306,1.4246542161206406,23489.897983940973,32136.280690835963,senario_A
2025-10-12 00:00:00,52663.769615885416,1.2001791504522163,23645.46786024305,29017.101576491914,senario_A
2025-10-12 01:00:00,50453.36945095486,1.4727787164847057,23125.290523003478,27326.6061492349,senario_A
2025-10-12 02:00:00,48642.838352864586,1.1778325535356997,23167.85580512153,25473.804715189523,senario_A
2025-10-12 03:00:00,46761.85356119792,1.2781050306061905,23017.404114583333,23743.171341583977,senario_A
2025-10-12 04:00:00,45254.82257378472,1.5295675261318684,22514.94029079861,22738.352715459976,senario_A
2025-10-12 05:00:00,44447.33836263021,1.536116911669572,22256.36934299045,22189.432902728087,senario_A
2025-10-12 06:00:00,44160.093674045136,1.6603608586390812,21862.06317057292,22296.370142613578,senario_A
2025-10-12 07:00:00,44203.83030164931,2.1365124931434787,21407.28787326389,22794.40591589228,senario_A
2025-10-12 08:00:00,44483.29646809896,556.6159744349122,20567.68371310764,23358.99678055641,senario_A
2025-10-12 09:00:00,48216.3722374132,13152.193059387206,18851.288006184892,16212.891171841104,senario_A
2025-10-12 10:00:00,53184.10831597223,28112.955284830736,16162.042272135415,8909.110759006082,senario_A
2025-10-12 11:00:00,55258.79411458333,30146.88506184896,16866.807087673613,8245.10196506076,senario_A
2025-10-12 12:00:00,57596.96162543403,31847.68389322917,17203.462838541665,8545.814893663195,senario_A
2025-10-12 13:00:00,60336.38102864583,33424.135289713544,16108.767982855905,10803.477756076383,senario_A
2025-10-12 14:00:00,62960.63384548611,34092.733082682294,13868.81720377604,14999.083559027777,senario_A
2025-10-12 15:00:00,65485.153324652776,33987.97247070313,12605.580570746528,18891.600283203123,senario_A
2025-10-12 16:00:00,67366.1508875868,31244.72043294271,12195.489885796442,23925.940568847647,senario_A
2025-10-12 17:00:00,68643.29453125,29959.385634765626,11482.375681423611,27201.533215060757,senario_A
2025-10-12 18:00:00,67584.1529296875,21372.52682413737,10663.543882107206,35548.08222344292,senario_A
2025-10-12 19:00:00,64318.45948784722,4664.911865781149,10008.06490125868,49645.48272080739,senario_A
2025-10-12 20:00:00,61503.89244249132,7.976871477616951,11227.450920952691,50268.46465006101,senario_A
2025-10-12 21:00:00,59561.53826605903,0.27154228486120696,13473.96427408854,46087.30244968563,senario_A
2025-10-12 22:00:00,58791.0952452257,0.24371936472753675,15276.08234483507,43514.7691810259,senario_A
2025-10-12 23:00:00,56469.20630425347,0.41742417765160394,15915.57363064236,40553.21524943346,senario_A
2025-10-13 00:00:00,53027.21121310764,0.48002308515210945,16144.81023328993,36881.92095673256,senario_A
2025-10-13 01:00:00,50783.4429437934,0.48022549271583553,16499.806114366318,34283.156603934374,senario_A
2025-10-13 02:00:00,49451.09906684028,0.5003077740470567,16608.20861653646,32842.39014252977,senario_A
2025-10-13 03:00:00,49092.85326605903,0.5099903895954292,16781.57008029514,32310.77319537429,senario_A
2025-10-13 04:00:00,48271.47520833334,0.4945366352796555,16033.99644314236,32236.984228555702,senario_A
2025-10-13 05:00:00,47098.39627387153,0.5099584371844927,15111.478317057292,31986.40799837705,senario_A
2025-10-13 06:00:00,46833.43916232639,0.5478958588838577,12996.384811197917,33836.506455269584,senario_A
2025-10-13 07:00:00,48065.16672960069,0.5804080767432849,11034.909487847222,37029.67683367673,senario_A
2025-10-13 08:00:00,48991.09803602431,467.6897006770969,10191.329103732638,38332.07923161458,senario_A
2025-10-13 09:00:00,51353.97168836805,11489.2785542806,8926.144507921006,30938.548626166445,senario_A
2025-10-13 10:00:00,55703.18582465278,25406.650317382817,7712.676985677083,22583.858521592876,senario_A
2025-10-13 11:00:00,57640.37514648437,29552.636257324215,6505.232198079427,21582.506691080733,senario_A
2025-10-13 12:00:00,60383.75834852431,30652.362890624998,4684.468568522136,25046.926889377173,senario_A
2025-10-13 13:00:00,63424.57641059028,32133.57770019531,3653.4568619113497,27637.54184848362,senario_A
2025-10-13 14:00:00,66182.48435329861,34041.71846028646,3982.167225206163,28158.598667805993,senario_A
2025-10-13 15:00:00,68625.37430555555,34633.85184244791,4409.362094997829,29582.160368109813,senario_A
2025-10-13 16:00:00,70400.32328993056,34880.10405273438,5541.20294813368,29979.0162890625,senario_A
2025-10-13 17:00:00,71288.5932421875,32503.724335937502,6982.512173936632,31802.356732313372,senario_A
2025-10-13 18:00:00,70183.09230034723,23672.139278971357,9057.79563422309,37453.15738715278,senario_A
2025-10-13 19:00:00,67260.67918836806,5739.53129717509,10714.63419596354,50806.51369522943,senario_A
2025-10-13 20:00:00,65366.05177517361,31.032341436956386,11417.825949435764,53917.19348430089,senario_A
2025-10-13 21:00:00,63261.13017795139,0.422371695836385,13274.58177517361,49986.12603108194,senario_A
2025-10-13 22:00:00,60783.054947916666,0.429843620955944,14743.794375,46038.83072929571,senario_A
2025-10-13 23:00:00,57164.14996310764,0.42946101397275915,15221.209504123264,41942.5109979704,senario_A
2025-10-14 00:00:00,53650.4459375,0.41440192210177573,16054.868062065972,37595.16347351193,senario_A
2025-10-14 01:00:00,51084.81195529514,0.43398732520639893,17322.927984483507,33761.449983486425,senario_A
2025-10-14 02:00:00,48925.809526909725,0.4874918881058693,17126.94748480903,31798.374550212593,senario_A
2025-10-14 03:00:00,47308.98399956597,0.5321144943932692,16284.108587239583,31024.34329783199,senario_A
2025-10-14 04:00:00,45886.51745225694,0.4867069303492704,15166.12390733507,30719.906837991522,senario_A
2025-10-14 05:00:00,45438.73098958333,0.4941929790377616,13029.441828342016,32408.79496826228,senario_A
2025-10-14 06:00:00,46490.47157769097,0.5372001992911101,11557.38890625,34932.545471241676,senario_A
2025-10-14 07:00:00,48243.62751302083,0.5684848212947449,10455.781458333331,37787.27756986621,senario_A
2025-10-14 08:00:00,49236.35039388021,439.1137279456854,9616.776241319443,39180.46042461508,senario_A
2025-10-14 09:00:00,52025.31535915798,13364.112583007813,8932.454835069444,29728.74794108072,senario_A
2025-10-14 10:00:00,56338.8324858941,32739.658612467443,7431.155046386719,16168.018827039936,senario_A
2025-10-14 11:00:00,57925.76974175347,37147.0512109375,8392.934953342014,12385.783577473961,senario_A
2025-10-14 12:00:00,59238.27392361111,36611.07200358073,9449.952690972224,13177.249229058152,senario_A
2025-10-14 13:00:00,61826.173802083336,37412.66544270834,8396.757469075521,16016.750890299474,senario_A
2025-10-14 14:00:00,64827.81333767361,37432.220065104164,7428.06596625434,19967.527306315103,senario_A
2025-10-14 15:00:00,67165.51654513889,38294.09586263021,6809.77630859375,22061.64437391493,senario_A
2025-10-14 16:00:00,69225.11005208333,38381.362180989585,6131.565108235677,24712.182762858065,senario_A
2025-10-14 17:00:00,70602.81565104167,36870.98102864584,6217.781380208334,27514.053242187503,senario_A
2025-10-14 18:00:00,69799.44524739584,26909.619734700518,6982.63803656684,35907.18747612848,senario_A
2025-10-14 19:00:00,66618.49255642362,6469.736712595621,8184.442565782335,51964.31327804566,senario_A
2025-10-14 20:00:00,64143.03550998264,44.78321282095585,9672.67058810764,54425.581709054044,senario_A
2025-10-14 21:00:00,61979.19631293403,0.3200424816211064,12482.178790147567,49496.697480304836,senario_A
2025-10-14 22:00:00,59801.77062174479,0.45888185807814197,14706.08509467231,45095.2266452144,senario_A
2025-10-14 23:00:00,56399.04956380208,0.4896281284590561,15678.631314019098,40719.92862165452,senario_A
2025-10-15 00:00:00,53152.04953342014,0.5121829634035626,15853.04728407118,37298.49006638556,senario_A
2025-10-15 01:00:00,50950.14462890625,0.4982999879618485,15786.44441189236,35163.20191702593,senario_A
2025-10-15 02:00:00,48592.76980685764,0.5087949020663897,15598.026737467448,32994.23427448813,senario_A
2025-10-15 03:00:00,47433.51734592014,0.5310356978575389,15463.608713107638,31969.377597114642,senario_A
2025-10-15 04:00:00,46278.14900607639,0.5511093464245398,14904.76593532986,31372.83196140011,senario_A
2025-10-15 05:00:00,45413.54966362847,0.5632508901382486,13490.409813096789,31922.576599641543,senario_A
2025-10-15 06:00:00,46178.02447699653,0.553457331409057,11800.157333984374,34377.31368568075,senario_A
2025-10-15 07:00:00,48228.07463541667,0.5523786379396916,10057.164063042535,38170.35819373619,senario_A
2025-10-15 08:00:00,49010.22425347223,388.7276487466693,8345.90457736545,40275.592027360115,senario_A
2025-10-15 09:00:00,50777.76284722222,12483.020161539715,6527.081667344835,31767.66101833767,senario_A
2025-10-15 10:00:00,55199.20982204861,32547.389124348956,3425.900455186632,19225.92024251302,senario_A
2025-10-15 11:00:00,57517.125075954864,36987.73065755208,3796.4436143663193,16732.950804036467,senario_A
2025-10-15 12:00:00,57945.47038628472,37975.952418619796,4477.658563368055,15491.859404296865,senario_A
2025-10-15 13:00:00,60865.2253125,38450.63626953125,4053.845550401476,18360.743492567275,senario_A
2025-10-15 14:00:00,63588.18933919271,38277.88282877604,3957.239504123264,21353.067006293404,senario_A
2025-10-15 15:00:00,66498.4166905382,38781.894294433594,4519.140280626085,23197.382115478522,senario_A
2025-10-15 16:00:00,68354.32032118055,39224.82775716145,5492.92641655816,23636.56614746094,senario_A
2025-10-15 17:00:00,69526.59315755208,38737.300474446616,6579.020541042752,24210.272142062713,senario_A
2025-10-15 18:00:00,68948.28821614584,28432.942102864585,7718.815806206597,32796.53030707465,senario_A
2025-10-15 19:00:00,65852.5735828993,6609.28518814087,9129.441577690972,50113.84681706746,senario_A
2025-10-15 20:00:00,63721.850622829865,37.671830854875346,11380.66089436849,52303.5178976065,senario_A
2025-10-15 21:00:00,61623.48255642361,0.3439270080129304,14940.294636501736,46682.84399291386,senario_A
2025-10-15 22:00:00,58804.003038194445,0.3655018611686925,17504.34508843316,41299.292447900116,senario_A
2025-10-15 23:00:00,55345.708515625,0.3637314314395189,19133.28542914497,36212.059355048594,senario_A
2025-10-16 00:00:00,51798.33756293403,0.5147060194921991,19610.051161024305,32187.77169589023,senario_A
2025-10-16 01:00:00,48614.47181640625,0.5591327534491817,19538.296467556425,29075.616216096376,senario_A
2025-10-16 02:00:00,46693.796495225695,0.6401307176922757,18981.5718500434,27711.5845144646,senario_A
2025-10-16 03:00:00,45439.21204210069,0.6363167352601886,18061.10280707465,27377.47291829078,senario_A
2025-10-16 04:00:00,44544.88528862847,0.5504872123897075,16851.788592664932,27692.546208751148,senario_A
2025-10-16 05:00:00,44104.359939236114,0.6147715794915953,15645.22504638672,28458.5201212699,senario_A
2025-10-16 06:00:00,45172.98711046007,0.6178969362378121,15122.782260199652,30049.58695332418,senario_A
2025-10-16 07:00:00,47318.16631944444,0.5623270570238431,14910.774259168837,32406.829733218583,senario_A
2025-10-16 08:00:00,48315.00759114583,394.18634811967615,14517.514532063802,33403.30671096235,senario_A
2025-10-16 09:00:00,50322.54369357639,11162.335196533204,13695.58896484375,25464.61953219943,senario_A
2025-10-16 10:00:00,55019.398776041664,28415.84993815104,10634.730555555556,15968.818282335067,senario_A
2025-10-16 11:00:00,57252.979561631946,32584.069440917963,11958.361075575089,12710.549045138894,senario_A
2025-10-16 12:00:00,58701.92477864584,31454.077552083334,13762.905412326389,13484.941814236121,senario_A
2025-10-16 13:00:00,59878.024233940974,30518.844084472657,14773.935242241754,14585.244907226563,senario_A
2025-10-16 14:00:00,62209.16630750868,29159.9483984375,14479.507606336803,18569.710302734384,senario_A
2025-10-16 15:00:00,64160.45426215278,26665.687369791667,14513.157149522567,22981.609742838547,senario_A
2025-10-16 16:00:00,65497.55919270834,25550.190393066405,14764.206044108072,25183.16275553386,senario_A
2025-10-16 17:00:00,65824.73304036459,23686.72051595052,15528.214404296876,26609.79812011719,senario_A
2025-10-16 18:00:00,64793.792413194446,18028.780603027342,17232.31902235243,29532.692787814674,senario_A
2025-10-16 19:00:00,63210.03638020833,4849.443715566,18879.727824978298,39480.864839664035,senario_A
2025-10-16 20:00:00,62336.25384548611,136.18877712979915,19223.718396267363,42976.346672088956,senario_A
2025-10-16 21:00:00,60951.65291883681,0.5230485413223505,21479.80700086805,39471.32286942744,senario_A
2025-10-16 22:00:00,59314.48720052083,0.5218001409495869,22950.714918619797,36363.250481760086,senario_A
2025-10-16 23:00:00,56812.20990668403,0.5343950887024402,23689.408062065973,33122.267449529354,senario_A
2025-10-17 00:00:00,53370.03269314236,0.7895567686855793,22870.71801432292,30498.525122050756,senario_A
2025-10-17 01:00:00,51000.82734592014,0.8946630645046632,22788.984670681424,28210.948012174205,senario_A
2025-10-17 02:00:00,49316.594250217015,0.5540202798197666,22702.97414496528,26613.066084971913,senario_A
2025-10-17 03:00:00,48130.067842881945,0.6285096381604671,22456.99539279514,25672.443940448644,senario_A
2025-10-17 04:00:00,46823.94659288194,0.7800079473853112,21541.163678385416,25282.002906549144,senario_A
2025-10-17 05:00:00,46667.33044704861,0.5430211452891429,20525.99164930556,26140.79577659776,senario_A
2025-10-17 06:00:00,47690.08942057292,0.5223555202285448,19754.61857313368,27934.948491919007,senario_A
2025-10-17 07:00:00,49626.017454427085,0.5551860104252895,18817.42930230035,30808.032966116312,senario_A
2025-10-17 08:00:00,50708.10179253472,261.0918826632202,17210.077690972223,33236.93221889928,senario_A
2025-10-17 09:00:00,52298.43827473959,10762.342682800292,15295.340061577692,26240.755530361603,senario_A
2025-10-17 10:00:00,56338.20172092014,28826.76424723308,12398.639061686195,15112.79841200086,senario_A
2025-10-17 11:00:00,59027.570419921874,34576.527493489586,12584.762317708331,11866.280608723957,senario_A
2025-10-17 12:00:00,61238.72084418403,33647.059622395835,10572.158051215278,17019.503170572912,senario_A
2025-10-17 13:00:00,63789.29859592014,34531.34728841146,7702.719823676215,21555.231483832464,senario_A
2025-10-17 14:00:00,66552.72958984374,33865.6818717448,5841.235753038194,26845.811965060755,senario_A
2025-10-17 15:00:00,68571.40542317709,34409.27339518229,5392.108721788194,28770.023306206604,senario_A
2025-10-17 16:00:00,70174.40394965278,33998.95532552083,6015.798172743055,30159.650451388898,senario_A
2025-10-17 17:00:00,71033.37728298611,32225.408336588545,7640.966360677084,31167.002585720482,senario_A
2025-10-17 18:00:00,70083.36284288195,23759.907872721356,8727.901487087674,37595.553483072916,senario_A
2025-10-17 19:00:00,67034.56604166667,5622.854534505208,8970.22451361762,52441.48699354383,senario_A
2025-10-17 20:00:00,64768.34635850695,35.53785861404613,10367.56263671875,54365.245863174154,senario_A
2025-10-17 21:00:00,63051.9866015625,0.4012160128603378,14692.58921766493,48358.99616788471,senario_A
2025-10-17 22:00:00,61172.93687717014,0.49276861970623337,18004.905911458332,43167.5381970921,senario_A
2025-10-17 23:00:00,59301.8989344618,0.5865588140239318,19021.341484375,40279.97089127278,senario_A
2025-10-18 00:00:00,57209.936783854166,0.5819086989015341,19455.135132378477,37754.21974277679,senario_A
2025-10-18 01:00:00,54126.23603407118,0.6889707831044991,19751.52398654514,34374.02307674293,senario_A
2025-10-18 02:00:00,52643.20234157986,0.9163979009787242,20063.98539496528,32578.300548713607,senario_A
2025-10-18 03:00:00,51541.57040364584,0.5792930118739605,19533.947530381945,32007.04358025202,senario_A
2025-10-18 04:00:00,50384.97281467014,0.5664815086623033,18612.420635850693,31771.98569731078,senario_A
2025-10-18 05:00:00,49967.54457248264,0.6418243090311685,17236.297299804686,32730.605448368926,senario_A
2025-10-18 06:00:00,49561.35944986979,0.5116889105240503,16198.192258029514,33362.65550292975,senario_A
2025-10-18 07:00:00,50074.785864800346,0.5189162602027256,16351.744738498264,33722.522210041876,senario_A
2025-10-18 08:00:00,50479.21935329861,195.92645342122765,14718.206264105902,35565.086635771484,senario_A
2025-10-18 09:00:00,51907.96131727431,7316.775103658041,12360.693742947047,32230.492470669218,senario_A
2025-10-18 10:00:00,56872.91358940972,20650.319142252603,9675.6918359375,26546.902611219615,senario_A
2025-10-18 11:00:00,59766.37853732639,28070.59990234375,9520.766927083334,22175.011707899306,senario_A
2025-10-18 12:00:00,61751.79689561632,29453.328151041664,11907.92425672743,20390.544487847223,senario_A
2025-10-18 13:00:00,63405.028604600695,30151.29098307292,14495.250023871527,18758.487597656247,senario_A
2025-10-18 14:00:00,64538.19490668402,27794.92552408854,16263.43203233507,20479.837350260408,senario_A
2025-10-18 15:00:00,65489.21228298611,26373.714274088543,17465.358333333334,21650.139675564238,senario_A
2025-10-18 16:00:00,66309.97778862847,25270.072583007808,17829.24870876736,23210.656496853302,senario_A
2025-10-18 17:00:00,67196.1512999132,25325.340295003254,17547.5586984592,24323.25230645074,senario_A
2025-10-18 18:00:00,67195.70400607638,20518.52138834635,17388.69143012153,29288.491187608503,senario_A
2025-10-18 19:00:00,64829.39385742188,5718.0778628285725,13908.31076063368,45203.00523395963,senario_A
2025-10-18 20:00:00,62821.28164930556,25.832714095215003,12457.282679036458,50338.166256173885,senario_A
2025-10-18 21:00:00,60727.77681423611,0.4441848208010196,13689.32496310764,47038.00766630767,senario_A
2025-10-18 22:00:00,58305.45707248264,0.5728680809959769,15700.611280110676,42604.27292429097,senario_A
2025-10-18 23:00:00,55829.41566948785,0.5600263580555717,16895.301679958768,38933.55396317103,senario_A
2025-10-19 00:00:00,53283.04068576389,0.5539646844565868,18032.69180284288,35249.794918236556,senario_A
2025-10-19 01:00:00,50577.18371419271,0.6446374784409998,19403.696592881945,31172.842483832323,senario_A
2025-10-19 02:00:00,49320.189465060765,0.625053207402428,20788.671757269964,28530.892654583397,senario_A
2025-10-19 03:00:00,48238.49280056424,0.6849083885798851,21444.20046440972,26793.60742776594,senario_A
2025-10-19 04:00:00,47178.67333984375,0.803838667695721,20565.47885796441,26612.39064321165,senario_A
2025-10-19 05:00:00,45427.16779730903,0.608773105678459,18851.6571218533,26574.90190235006,senario_A
2025-10-19 06:00:00,44246.23061523437,0.6605887057383855,16616.99008246528,27628.579944063356,senario_A
2025-10-19 07:00:00,44276.33899631076,0.6525438862045605,14646.122572699653,29629.5638797249,senario_A
2025-10-19 08:00:00,44425.8274858941,306.3888395706316,12669.84845486111,31449.59019146236,senario_A
2025-10-19 09:00:00,46614.193459201386,13713.208835144043,9791.767512749566,23109.21711130777,senario_A
2025-10-19 10:00:00,51928.75833984375,36931.940377604165,6725.271848415799,8271.546113823784,senario_A
2025-10-19 11:00:00,53853.034057074656,41967.71920572917,5190.954104817708,6694.360746527779,senario_A
2025-10-19 12:00:00,54627.13239583333,42240.916005045576,4079.265320163303,8306.951070624451,senario_A
2025-10-19 13:00:00,55178.90721137153,41347.47828124999,4471.724426540799,9359.70450358074,senario_A
2025-10-19 14:00:00,56751.71643771701,40808.65079427084,4945.455045572917,10997.610597873254,senario_A
2025-10-19 15:00:00,58729.63192057292,40689.03718098959,5472.722647569444,12567.872092013891,senario_A
2025-10-19 16:00:00,60472.07887695313,40770.59428059896,6172.863827582465,13528.620768771701,senario_A
2025-10-19 17:00:00,61754.121545138885,39690.164820963546,7037.155432400174,15026.801291775166,senario_A
2025-10-19 18:00:00,61463.41005750868,28221.40243733724,8201.972855631511,25040.03476453993,senario_A
2025-10-19 19:00:00,59058.35722222222,5967.279168802897,9494.620087890626,43596.4579655287,senario_A
2025-10-19 20:00:00,57565.30991753472,19.474103001219525,11716.788680555555,45829.04713397795,senario_A
2025-10-19 21:00:00,55722.40050347222,0.33053241678203144,15115.816306694878,40606.25366436056,senario_A
2025-10-19 22:00:00,53471.94825737847,0.28848719070355094,18242.06372938368,35229.596040804085,senario_A
2025-10-19 23:00:00,51163.94455186632,0.3427486736327409,21207.61493489583,29955.986868296855,senario_A
2025-10-20 00:00:00,48021.63111111111,0.5076587139815092,21681.486138780383,26339.637313616746,senario_A
2025-10-20 01:00:00,45358.8220203993,0.7386811783661446,21844.51214463976,23513.57119458117,senario_A
2025-10-20 02:00:00,44055.27169704861,0.8569662456214429,22357.38496527778,21697.029765525207,senario_A
2025-10-20 03:00:00,43440.42307942709,0.5697170866653323,22422.61229709201,21017.241065248418,senario_A
2025-10-20 04:00:00,42878.17082465278,0.5704576037824154,22277.37329481337,20600.227072235626,senario_A
2025-10-20 05:00:00,42911.24817057292,0.5817647653445601,21914.497528754346,20996.16887705323,senario_A
2025-10-20 06:00:00,44264.127621527776,0.5954752142727375,21867.285141059027,22396.247005254478,senario_A
2025-10-20 07:00:00,46523.30764105903,0.5876200668265421,22192.945772569445,24329.774248422757,senario_A
2025-10-20 08:00:00,47775.47416124132,303.793216175884,22145.346985677083,25326.33395938835,senario_A
2025-10-20 09:00:00,49751.92310763889,11480.174639282226,20783.170677083333,17488.577791273332,senario_A
2025-10-20 10:00:00,54533.87088107639,26320.684220377603,18543.169079861116,9670.017580837673,senario_A
2025-10-20 11:00:00,56047.22434244792,29593.844807942707,18472.272239583333,7981.107294921876,senario_A
2025-10-20 12:00:00,57497.496787109376,29680.753465983074,18614.94044108073,9201.802880045572,senario_A
2025-10-20 13:00:00,60039.97116753472,30518.283192545572,17980.757142469618,11540.93083251953,senario_A
2025-10-20 14:00:00,63309.16987196181,32169.442023925774,17397.240906032985,13742.486942003048,senario_A
2025-10-20 15:00:00,65708.00169704862,33147.20621256511,16773.19669921875,15787.59878526476,senario_A
2025-10-20 16:00:00,67978.89329861112,34680.794461263016,16170.694582248265,17127.404255099835,senario_A
2025-10-20 17:00:00,70151.57111111112,34093.28336995443,16389.051094292536,19669.236646864152,senario_A
2025-10-20 18:00:00,70303.81776909722,24978.002135416667,16469.52346625434,28856.292167426214,senario_A
2025-10-20 19:00:00,67783.71547309028,5153.286888987223,15387.394051649306,47243.03453245375,senario_A
2025-10-20 20:00:00,65838.31683810764,14.142156189158563,15266.531536458331,50557.64314546015,senario_A
2025-10-20 21:00:00,63800.430531684025,0.5649619610110919,17153.008725585936,46646.85684413707,senario_A
2025-10-20 22:00:00,61362.039114583335,1.2325649949908257,19921.57608452691,41439.23046506143,senario_A
2025-10-20 23:00:00,58640.07390407986,0.9530125035345554,21391.06025824653,37248.06063332979,senario_A
2025-10-21 00:00:00,55617.54610243056,0.7132141139109929,21933.388370225694,33683.44451809096,senario_A
2025-10-21 01:00:00,53278.35658854167,0.7298722345630327,23003.46996744792,30274.156748859183,senario_A
2025-10-21 02:00:00,51118.94929796007,0.735823451106747,22935.703594292536,28182.50988021643,senario_A
2025-10-21 03:00:00,49683.30041015625,0.8010924060146014,22346.98840060764,27335.510917142594,senario_A
2025-10-21 04:00:00,49136.42698567709,0.8572393128524225,22606.492791341145,26529.076955023098,senario_A
2025-10-21 05:00:00,48693.90340060764,0.7708564361929893,21451.766399739583,27241.36614443186,senario_A
2025-10-21 06:00:00,49389.70837456597,0.8691795097788174,20130.10881944445,29258.730375611744,senario_A
2025-10-21 07:00:00,51019.6805577257,0.8304734234511852,18476.9212890625,32541.92879523975,senario_A
2025-10-21 08:00:00,51617.83676540799,146.31812742640574,17361.989986979166,34109.528651002416,senario_A
2025-10-21 09:00:00,52529.85650173611,9009.510864766438,15292.949619140623,28227.39601782905,senario_A
2025-10-21 10:00:00,57190.16839409722,28458.623849283853,11198.706899956596,17532.837644856772,senario_A
2025-10-21 11:00:00,58878.75822482639,34098.40092773437,11630.784555121529,13149.572741970493,senario_A
2025-10-21 12:00:00,59275.006766493054,34402.59979166667,11082.282767469618,13790.124207356768,senario_A
2025-10-21 13:00:00,60689.10308810764,35854.26318196615,9280.57052924262,15554.26937689887,senario_A
2025-10-21 14:00:00,62831.35153103299,36353.00018961589,6450.247575819228,20028.103765597876,senario_A
2025-10-21 15:00:00,65006.00291232639,36884.895856119794,4579.625979003907,23541.481077202687,senario_A
2025-10-21 16:00:00,66725.61778862847,36836.721111653635,3701.8134296332464,26187.08324734159,senario_A
2025-10-21 17:00:00,67509.70826171876,36121.17612874349,3289.92192437066,28098.6102086046,senario_A
2025-10-21 18:00:00,66285.85884982639,25374.767510579426,2981.21636461046,37929.8749746365,senario_A
2025-10-21 19:00:00,61913.84992838542,5097.162336222331,2875.9985918511284,53940.689000311955,senario_A
2025-10-21 20:00:00,59435.74067057292,12.147385662297408,4032.437950100369,55391.15533481025,senario_A
2025-10-21 21:00:00,58315.00000217014,0.47495700322091583,6212.148843044705,52102.376202122214,senario_A
2025-10-21 22:00:00,56834.467161458335,0.450395808548977,7744.799436848958,49089.21732880083,senario_A
2025-10-21 23:00:00,54173.840336371526,0.5412430110325416,8831.862413194445,45341.43668016605,senario_A
2025-10-22 00:00:00,50732.41078016493,0.5774023288115859,9873.733129882812,40858.100247953305,senario_A
2025-10-22 01:00:00,47918.098532986114,0.5822513819734255,10486.804232855902,37430.71204874824,senario_A
2025-10-22 02:00:00,46099.20587456597,0.6579809408883254,11113.554380425348,34984.99351319973,senario_A
2025-10-22 03:00:00,44395.04044704861,0.6922505449752012,11454.883778211806,32939.46441829183,senario_A
2025-10-22 04:00:00,43262.32539713541,0.6843802860379218,12013.409476996529,31248.231539852844,senario_A
2025-10-22 05:00:00,43374.1756749132,0.657776821355025,12761.610483940973,30611.907414150868,senario_A
2025-10-22 06:00:00,44456.29137803819,0.664989427725474,13674.227936197916,30781.398452412548,senario_A
2025-10-22 07:00:00,46783.31604817708,0.708505328396956,14185.284738498263,32597.322804350424,senario_A
2025-10-22 08:00:00,47940.21684244792,195.3666577295462,15011.70269748264,32733.147487235732,senario_A
2025-10-22 09:00:00,48827.61951388889,9769.189874979655,14740.562819010416,24317.866819898816,senario_A
2025-10-22 10:00:00,52368.28831380208,29229.66331705729,11126.40423719618,12012.220759548607,senario_A
2025-10-22 11:00:00,54393.88415581597,35431.82979817708,10598.4801171875,8363.574240451388,senario_A
2025-10-22 12:00:00,54558.28176215278,35561.05131184896,10900.171824001736,8097.058626302081,senario_A
2025-10-22 13:00:00,55035.68480685764,35807.86970052083,9703.060088975695,9524.75501736111,senario_A
2025-10-22 14:00:00,56746.60195746528,36191.253388671874,9095.53707248264,11459.811496310767,senario_A
2025-10-22 15:00:00,58314.27393229167,37576.765677083335,8116.499847005209,12621.008408203124,senario_A
2025-10-22 16:00:00,60282.65069444444,37729.044830729166,7107.189593641493,15446.416270073782,senario_A
2025-10-22 17:00:00,61903.34081163195,36854.480768229165,6823.718939344618,18225.141104058166,senario_A
2025-10-22 18:00:00,61644.74615234375,24936.17802246094,6681.256597222222,30027.31153266059,senario_A
2025-10-22 19:00:00,59317.05137369792,4555.75717821757,6962.122231987847,47799.171963492496,senario_A
2025-10-22 20:00:00,57887.48446397569,6.766401056696971,9121.265259874132,48759.452803044864,senario_A
2025-10-22 21:00:00,57205.20319878472,0.46259494485954433,12278.625055338542,44926.11554850132,senario_A
2025-10-22 22:00:00,55188.78361111111,0.6081796345611412,14528.653917100695,40659.521514375854,senario_A
2025-10-22 23:00:00,52617.29104600695,0.6637399519979953,17045.87388454861,35570.753421506335,senario_A
2025-10-23 00:00:00,50052.88911675348,0.6400503165026505,18875.714602864584,31176.534463572392,senario_A
2025-10-23 01:00:00,47341.19905815972,0.64689915244778,19095.29275173611,28245.259407271165,senario_A
2025-10-23 02:00:00,46337.41142144097,0.7567630658050378,19024.236783854165,27312.417874520997,senario_A
2025-10-23 03:00:00,45581.29456163194,0.7254880533119041,18354.55845703125,27226.010616547377,senario_A
2025-10-23 04:00:00,44573.24896918403,0.7053797927995522,17889.369715711804,26683.173873679425,senario_A
2025-10-23 05:00:00,43989.847845052085,0.7208477060000101,17390.943721788193,26598.183275557894,senario_A
2025-10-23 06:00:00,44980.94274522569,0.7648506836096446,16102.43831922743,28877.73957531465,senario_A
2025-10-23 07:00:00,47305.0174110243,0.7641681032379468,15305.64900282118,31998.604240099885,senario_A
2025-10-23 08:00:00,48438.26340928819,172.1735235225161,14655.370009765626,33610.719876000054,senario_A
2025-10-23 09:00:00,49373.88495659722,7083.936056518554,14049.675103081598,28240.273796997066,senario_A
2025-10-23 10:00:00,51890.848483072914,19963.216697591146,12052.341708984375,19875.290076497393,senario_A
2025-10-23 11:00:00,54885.08210286458,25035.22505859375,12749.56454752604,17100.29249674479,senario_A
2025-10-23 12:00:00,57580.03831163194,29653.766751302086,11642.673781467014,16283.597778862842,senario_A
2025-10-23 13:00:00,58639.83164713542,28246.36666666667,9000.02239095052,21393.44258951823,senario_A
2025-10-23 14:00:00,61167.68404296875,27527.93601236979,7698.381928710937,25941.366101888023,senario_A
2025-10-23 15:00:00,63287.72074435764,26782.70619140625,7106.217004123264,29398.797548828126,senario_A
2025-10-23 16:00:00,65164.86590928819,26286.516953125,7397.638630099826,31480.710326063367,senario_A
2025-10-23 17:00:00,65323.25735243056,22504.285498046876,9237.873004014757,33581.09885036893,senario_A
2025-10-23 18:00:00,63796.25342230903,12201.334023844402,11956.212761501736,39638.706636962896,senario_A
2025-10-23 19:00:00,62252.12298828125,1790.3306309350332,14197.41439670139,46264.37796064483,senario_A
2025-10-23 20:00:00,61765.06136935764,0.7511238492606207,17140.200217013888,44624.11002849449,senario_A
2025-10-23 21:00:00,60271.60472873264,0.30906363668541104,18658.56753255208,41612.728132543874,senario_A
2025-10-23 22:00:00,58440.81628689236,0.4299517661829789,19607.02770182292,38833.35863330326,senario_A
2025-10-23 23:00:00,55755.57199869792,0.4809581190596024,17980.871901041668,37774.21913953719,senario_A
2025-10-24 00:00:00,52172.54789713542,0.5545494069159032,16062.627329644098,36109.3660180844,senario_A
2025-10-24 01:00:00,49370.76317057292,0.5449034625540177,15549.1469140625,33821.07135304787,senario_A
2025-10-24 02:00:00,47628.13043402778,0.5206445293376842,16667.301961805555,30960.307827692886,senario_A
2025-10-24 03:00:00,47011.31861762153,0.560133680080374,17147.25548611111,29863.50299783034,senario_A
2025-10-24 04:00:00,46643.27868489584,0.48934880569577205,17747.59255859375,28895.196777496392,senario_A
2025-10-24 05:00:00,46574.56299913194,0.502120694220066,19068.241545138888,27505.81933329883,senario_A
2025-10-24 06:00:00,46919.11785373264,0.5978412944326799,19434.837092013888,27483.682920424322,senario_A
2025-10-24 07:00:00,49028.078930121526,0.6174532003204027,20072.52878472222,28954.932692198985,senario_A
2025-10-24 08:00:00,49971.99618272569,102.74926248316963,20272.003522135416,29597.243398107104,senario_A
2025-10-24 09:00:00,51217.72343532986,4284.335914662679,19024.404466145832,27908.983054521348,senario_A
2025-10-24 10:00:00,53776.98075086805,11605.048457031251,17555.521844618055,24616.410449218743,senario_A
2025-10-24 11:00:00,56601.82752170139,15457.125556640625,17665.308836805554,23479.393128255208,senario_A
2025-10-24 12:00:00,58111.14480685764,17878.55633626302,17322.394957682292,22910.19351291233,senario_A
2025-10-24 13:00:00,59325.09075737847,17479.125493164058,15966.7876171875,25879.177647026914,senario_A
2025-10-24 14:00:00,60694.42592013889,17355.030244140624,15144.041149088542,28195.354526909727,senario_A
2025-10-24 15:00:00,62327.15917317708,16724.16739257812,14860.125728081595,30742.866052517365,senario_A
2025-10-24 16:00:00,62385.261755642365,14774.69024739583,15437.862265625,32172.70924262153,senario_A
2025-10-24 17:00:00,63125.96741970486,13387.667588704428,15172.144850260416,34566.154980740015,senario_A
2025-10-24 18:00:00,62042.090991753474,9535.285511474609,13985.30318250868,38521.50229777019,senario_A
2025-10-24 19:00:00,60293.17889973959,2180.3775247065223,14546.965414496528,43565.83596053654,senario_A
2025-10-24 20:00:00,59632.67824652778,10.477842172600019,14225.561001519098,45396.63940283608,senario_A
2025-10-24 21:00:00,58567.65327473958,0.34770100440829976,13453.961161024306,45113.34441271087,senario_A
2025-10-24 22:00:00,56459.835668402775,0.34326972898095837,10171.775913628471,46287.71648504532,senario_A
2025-10-24 23:00:00,54376.26036892361,0.46463883390650146,11000.950545518665,43374.84518457104,senario_A
2025-10-25 00:00:00,51821.69931423611,0.5031795389950274,10144.644405381943,41676.55172931517,senario_A
2025-10-25 01:00:00,49878.64744140625,0.47825213556488355,10182.26615342882,39695.90303584186,senario_A
2025-10-25 02:00:00,47429.50154513889,0.474845061848561,9815.472974175347,37613.55372590169,senario_A
2025-10-25 03:00:00,45886.023843315976,0.4733202748497327,7690.4451703559025,38195.10535268523,senario_A
2025-10-25 04:00:00,44793.67999565973,0.4550026149551073,6483.011761067708,38310.213231977075,senario_A
2025-10-25 05:00:00,44297.83730685764,0.4431754956146081,6398.088676215278,37899.30545514674,senario_A
2025-10-25 06:00:00,43550.18893229167,0.46946108212073645,5913.003306749132,37636.71616446041,senario_A
2025-10-25 07:00:00,43833.10626302083,0.4647108933826287,5377.9396755642365,38454.70187656321,senario_A
2025-10-25 08:00:00,44384.28159505208,34.82449082225562,3609.672662489149,40739.784441740674,senario_A
2025-10-25 09:00:00,45860.046903211805,3545.5011649576827,2861.227621527778,39453.31811672634,senario_A
2025-10-25 10:00:00,49778.61863498264,12487.63353922526,3258.13824734158,34032.8468484158,senario_A
2025-10-25 11:00:00,52602.58944661458,17509.99319498698,4858.532864583333,30234.063387044265,senario_A
2025-10-25 12:00:00,54864.10997395834,19698.363678385416,6762.343292643229,28403.403002929692,senario_A
2025-10-25 13:00:00,55229.23009331597,21278.629348958333,7929.429135199653,26021.171609157987,senario_A
2025-10-25 14:00:00,55274.77224609375,23616.608186848956,6852.319603949652,24805.84445529514,senario_A
2025-10-25 15:00:00,55694.77600911458,23962.9364078776,6025.34666015625,25706.49294108073,senario_A
2025-10-25 16:00:00,56381.87148003472,21799.441212565103,6270.285135091146,28312.14513237848,senario_A
2025-10-25 17:00:00,56336.69667317708,17815.47876139323,5724.410280490451,32796.8076312934,senario_A
2025-10-25 18:00:00,55355.77697482639,12328.754448242187,4886.001106770834,38141.02141981337,senario_A
2025-10-25 19:00:00,54010.39146484375,2721.3553074200945,3831.981129286025,47457.05502813763,senario_A
2025-10-25 20:00:00,53611.41044487847,4.748496584321062,3972.05938015408,49634.60256814007,senario_A
2025-10-25 21:00:00,52613.53422309028,0.14528164837509389,3726.160652669271,48887.22828877264,senario_A
2025-10-25 22:00:00,51498.78981336806,0.27558743367592486,3574.742542046441,47923.77168388794,senario_A
2025-10-25 23:00:00,49574.18013671875,0.3820572413007418,3424.5491099717883,46149.24896950566,senario_A
2025-10-26 00:00:00,47977.44426215278,0.3841930253555378,3015.3760465494797,44961.684022577945,senario_A
2025-10-26 01:00:00,45949.15109157986,0.5599326358735561,2995.35916937934,42953.23198956464,senario_A
2025-10-26 02:00:00,44472.57909939236,0.5049803393582502,2903.6433694118923,41568.43074964111,senario_A
2025-10-26 03:00:00,43647.25473090278,0.5083834557731945,2855.111198187934,40791.63514925907,senario_A
2025-10-26 04:00:00,42897.55839192709,0.5267989096542199,3137.371856282552,39759.65973673488,senario_A
2025-10-26 05:00:00,42291.740759548615,0.5020125736792882,3246.243924153646,39044.99482282129,senario_A
2025-10-26 06:00:00,42035.52191189236,0.5220226829747359,3702.3009231228298,38332.69896608656,senario_A
2025-10-26 07:00:00,42438.14105034722,0.5176255557934443,3956.690401204427,38480.933023587,senario_A
2025-10-26 08:00:00,42930.580907118056,24.60607431883613,3692.01048828125,39213.96434451797,senario_A
2025-10-26 09:00:00,44618.34366970486,4409.9212168629965,3562.554120279948,36645.86833256191,senario_A
2025-10-26 10:00:00,47692.79345486111,16735.436564941407,2669.8657360839843,28287.49115383572,senario_A
2025-10-26 11:00:00,49954.545909288194,23596.72417317709,1645.8510164388022,24711.970719672303,senario_A
2025-10-26 12:00:00,52203.24021484375,27719.903434244792,1430.2845199924045,23053.05226060655,senario_A
2025-10-26 13:00:00,54171.63157118056,30171.032408854167,1376.9767249891493,22623.622437337242,senario_A
2025-10-26 14:00:00,55893.00438802083,33377.50653971353,1319.504341905382,21195.993506401916,senario_A
2025-10-26 15:00:00,56678.12950520834,35097.08515625,1522.5203869628906,20058.523961995445,senario_A
2025-10-26 16:00:00,58076.05081380208,35368.73421223958,1846.3822569444444,20860.934344618057,senario_A
2025-10-26 17:00:00,59200.70955512152,34940.43985677084,2200.0761214192707,22060.193576931404,senario_A
2025-10-26 18:00:00,59149.91927300347,23626.14813313802,2182.9876700846357,33340.783469780814,senario_A
2025-10-26 19:00:00,57051.57376736112,3973.55057036082,2803.461218261719,50274.56197873858,senario_A
2025-10-26 20:00:00,55877.27577256945,3.133001407478005,5252.317651909722,50621.825119252244,senario_A
2025-10-26 21:00:00,54967.55505425347,0.09368829170241945,8461.434729275174,46506.0266366866,senario_A
2025-10-26 22:00:00,53457.847580295136,0.4040339043177664,10184.152484809028,43273.29106158179,senario_A
2025-10-26 23:00:00,50784.52312934028,0.48170868585507076,10720.726126302085,40063.315294352346,senario_A
2025-10-27 00:00:00,48150.56853081597,0.4781343576312065,11248.396879340278,36901.69351711805,senario_A
2025-10-27 01:00:00,46267.77605251736,0.4809191269179184,11550.485798611113,34716.80933477933,senario_A
2025-10-27 02:00:00,44613.97517578125,0.4914413312574226,11454.42970703125,33159.05402741874,senario_A
2025-10-27 03:00:00,43399.270496961806,0.55666779940327,11008.384932725694,32390.328896436706,senario_A
2025-10-27 04:00:00,42759.61583767361,0.6197258139650027,11140.750766059027,31618.24534580062,senario_A
2025-10-27 05:00:00,42810.74303602431,0.592620726376772,10581.917859157986,32228.23255613995,senario_A
2025-10-27 06:00:00,44345.82306857639,0.6208823723097643,10949.941457248264,33395.26072895582,senario_A
2025-10-27 07:00:00,46642.77317708333,0.5699546048541864,11225.856244574652,35416.34697790382,senario_A
2025-10-27 08:00:00,48330.628205295136,86.89041202803453,11121.379701605903,37122.3580916612,senario_A
2025-10-27 09:00:00,49518.71587022569,6182.836559651694,9746.780720486113,33589.09859008789,senario_A
2025-10-27 10:00:00,53289.44114583333,19761.535688476564,8127.009870876736,25400.895586480026,senario_A
2025-10-27 11:00:00,55741.26822916666,26714.7088688151,6487.655151909722,22538.904208441832,senario_A
2025-10-27 12:00:00,57662.93364149306,31309.55189127604,5331.633381076389,21021.748369140627,senario_A
2025-10-27 13:00:00,58185.35360243056,34759.213639322916,4168.306623806424,19257.833339301218,senario_A
2025-10-27 14:00:00,59836.40228081597,35470.811500651034,3108.719629177517,21256.87115098742,senario_A
2025-10-27 15:00:00,62417.24521267361,35746.53620768229,2546.93802734375,24123.770977647568,senario_A
2025-10-27 16:00:00,64445.17318793403,36271.228365885414,2624.2641137695314,25549.680708279084,senario_A
2025-10-27 17:00:00,66081.97027777777,34829.683173828125,3431.6051608615453,27820.6819430881,senario_A
2025-10-27 18:00:00,65230.30838107639,23070.2317179362,4499.058771701389,37661.0178914388,senario_A
2025-10-27 19:00:00,61308.13490885417,3875.794441766739,5939.402603624132,51492.937863463296,senario_A
2025-10-27 20:00:00,60221.04202690972,2.6849295473843813,9187.076051974826,51031.28104538751,senario_A
2025-10-27 21:00:00,60342.23891059028,0.3464094591637452,13623.770221354169,46718.122279776944,senario_A
2025-10-27 22:00:00,58645.9708203125,0.4687122604995966,15937.554548611111,42707.94755944089,senario_A
2025-10-27 23:00:00,55587.29317057291,0.576344427516063,17458.171189236113,38128.545636909286,senario_A
2025-10-28 00:00:00,53049.16449001736,0.5896313726902008,18073.10048828125,34975.47437036342,senario_A
2025-10-28 01:00:00,50205.408448350696,0.60074190740784,17632.75515625,32572.052550193286,senario_A
2025-10-28 02:00:00,48230.38969184028,0.5784846330682436,16812.984127604166,31416.827079603045,senario_A
2025-10-28 03:00:00,47021.22784071181,0.6097509343425432,16363.225745442707,30657.392344334752,senario_A
2025-10-28 04:00:00,46074.1537890625,0.5935357906917731,16063.339475911458,30010.220777360344,senario_A
2025-10-28 05:00:00,46351.86558376736,0.6099558250109354,17074.482313368055,29276.77331457429,senario_A
2025-10-28 06:00:00,47541.57695529514,0.6307785527904828,18236.06021267361,29304.88596406874,senario_A
2025-10-28 07:00:00,50125.76234375,0.6173973692456881,20134.580093315973,29990.564853064785,senario_A
2025-10-28 08:00:00,51938.64921657986,57.44393974413474,22783.42033203125,29097.784944804473,senario_A
2025-10-28 09:00:00,52702.61164930555,5249.173314056396,22501.6802734375,24951.758061811655,senario_A
2025-10-28 10:00:00,55966.64981119792,15085.305030110676,21710.451000434023,19170.893780653223,senario_A
2025-10-28 11:00:00,58476.24437717014,17753.331759440105,22293.918509114585,18428.99410861545,senario_A
2025-10-28 12:00:00,59157.071605902776,18046.22056966146,21246.152452256945,19864.698583984376,senario_A
2025-10-28 13:00:00,60983.22940321181,20012.75200032552,20355.50433376736,20614.97306911893,senario_A
2025-10-28 14:00:00,61697.70074869792,20645.889278971357,19309.9050390625,21741.90643066406,senario_A
2025-10-28 15:00:00,62495.43168185764,21044.913561197915,17853.721864149305,23596.79625651042,senario_A
2025-10-28 16:00:00,62717.97646050347,20746.706105143232,17224.750414496528,24746.519940863713,senario_A
2025-10-28 17:00:00,62098.448502604166,19093.112867838543,17923.941475694446,25081.394159071177,senario_A
2025-10-28 18:00:00,60459.981089409725,13866.971854654947,19043.139440104165,27549.86979465061,senario_A
2025-10-28 19:00:00,58370.277428385416,2812.3291216468815,21184.144390190973,34373.803916547564,senario_A
2025-10-28 20:00:00,57510.356171875,1.4941048494136582,22617.85621310764,34891.005853917944,senario_A
2025-10-28 21:00:00,55824.44062065972,0.44755069342752296,23870.99307074653,31952.999999219766,senario_A
2025-10-28 22:00:00,52931.227671440975,0.3039049972345431,23656.449012586807,29274.47475385693,senario_A
2025-10-28 23:00:00,49706.11504991319,0.3542542338495453,23617.813524305555,26087.94727137379,senario_A
2025-10-29 00:00:00,47157.29712456597,0.2807294764183461,24742.08723470052,22414.92916038903,senario_A
2025-10-29 01:00:00,44523.20600368924,0.2821895552674929,25116.392747395832,19406.53106673814,senario_A
2025-10-29 02:00:00,42909.79811306424,0.29619415814677863,24599.735240885417,18309.766678020675,senario_A
2025-10-29 03:00:00,41968.00476128472,0.3363752640411256,23920.28956705729,18047.378818963385,senario_A
2025-10-29 04:00:00,41560.5422905816,0.373786408683906,23731.2437375217,17828.924766651213,senario_A
2025-10-29 05:00:00,41724.842921006944,0.41097335649033373,23900.53551432292,17823.896433327533,senario_A
2025-10-29 06:00:00,42763.75908528646,0.37957815961291397,23886.52944173177,18876.850065395076,senario_A
2025-10-29 07:00:00,45236.368352864585,0.3400323600818714,24037.459194878476,21198.56912562603,senario_A
2025-10-29 08:00:00,46415.02032226563,158.18837397846085,23919.09813368056,22337.733814606607,senario_A
2025-10-29 09:00:00,48419.65527560764,10501.72899749756,22887.421884765627,15030.504393344458,senario_A
2025-10-29 10:00:00,51676.98253472222,24796.13147623698,20601.9597265625,6278.8913319227395,senario_A
2025-10-29 11:00:00,50990.95262369792,23696.911917317706,21522.10512369792,5771.9355826822975,senario_A
2025-10-29 12:00:00,50049.33482313368,22665.92224975586,21780.1171484375,5603.295424940319,senario_A
2025-10-29 13:00:00,49019.5324717882,22510.399275716147,21070.25773654514,5438.8754595269165,senario_A
2025-10-29 14:00:00,48547.29720594618,22884.499569091797,20622.06971625434,5040.727920600046,senario_A
2025-10-29 15:00:00,48106.58477430556,22958.23555175781,20312.03113932292,4836.318083224825,senario_A
2025-10-29 16:00:00,48227.69238498264,23322.002021484375,19955.86599175347,4949.824371744795,senario_A
2025-10-29 17:00:00,48414.96966796875,22198.062123616535,19594.964743381075,6621.942800971137,senario_A
2025-10-29 18:00:00,48666.66851888021,18629.121891276045,19068.99591362847,10968.550713975692,senario_A
2025-10-29 19:00:00,48469.99512369792,3860.5737694613135,16647.767490234375,27961.65386400223,senario_A
2025-10-29 20:00:00,49515.62700954861,1.7561929982031383,13078.5410422092,36435.329774341204,senario_A
2025-10-29 21:00:00,49321.91433051216,0.4096731569369634,12316.012291666666,37005.49236568856,senario_A
2025-10-29 22:00:00,48544.18963107639,0.42917506113648407,11455.919383680555,37087.8410723347,senario_A
2025-10-29 23:00:00,46044.37567165799,0.5363717020054657,10402.800812445746,35641.03848751023,senario_A
2025-10-30 00:00:00,44013.65442491319,0.5894579198459784,9111.87668402778,34901.188282965566,senario_A
2025-10-30 01:00:00,42736.113052300345,0.5830501746013761,8160.763359646267,34574.76664247947,senario_A
2025-10-30 02:00:00,41831.82454427084,0.5658731031169494,7389.045788845486,34442.212882322245,senario_A
2025-10-30 03:00:00,41613.86115017361,0.6048728387306133,6558.068119710287,35055.18815762459,senario_A
2025-10-30 04:00:00,41255.15734809028,0.6191954430316886,5563.666296115452,35690.8718565318,senario_A
2025-10-30 05:00:00,41525.319748263886,0.659163204903404,4746.077052137587,36778.583532921395,senario_A
2025-10-30 06:00:00,43459.05199435764,0.618379223756492,3979.530300157335,39478.903314976546,senario_A
2025-10-30 07:00:00,46713.67904079861,0.6029438527425129,3741.377219780816,42971.69887716506,senario_A
2025-10-30 08:00:00,48278.14336805556,135.78497062797348,3686.61317437066,44455.745223056925,senario_A
2025-10-30 09:00:00,49081.15111979167,11185.021524047852,3345.964645182292,34550.16495056153,senario_A
2025-10-30 10:00:00,50472.58927734375,35511.9848079427,2219.442229682075,12741.162239718975,senario_A
2025-10-30 11:00:00,49533.90424262153,41560.882802734384,1454.8485492621528,6518.172890624994,senario_A
2025-10-30 12:00:00,49305.88569661458,41459.62199544271,2361.467932874892,5484.7957682969845,senario_A
2025-10-30 13:00:00,49404.761330295136,40344.76260091146,2901.8773342556424,6158.121395128032,senario_A
2025-10-30 14:00:00,48523.16523328993,39861.55256510417,2545.156201239692,6116.456466946072,senario_A
2025-10-30 15:00:00,48524.12102864583,40313.192610677084,2079.161541748047,6131.766876220699,senario_A
2025-10-30 16:00:00,49037.36998046875,41053.46836344401,1710.3212930636937,6273.580323961048,senario_A
2025-10-30 17:00:00,49540.11245985243,39992.86711344401,1640.886521030002,7906.358825378423,senario_A
2025-10-30 18:00:00,49258.809390190974,25841.71317993164,1575.062670288086,21842.033539971246,senario_A
2025-10-30 19:00:00,49140.37550672743,4070.4995195261645,1985.776260002984,43084.099727198285,senario_A
2025-10-30 20:00:00,49595.53525390625,320.1533627573649,3105.5374012586803,46169.8444898902,senario_A
2025-10-30 21:00:00,48700.653636067706,315.7588622538248,4686.504662136502,43698.39011167738,senario_A
2025-10-30 22:00:00,48020.22340169271,147.32626669446626,6590.65131998698,41282.245815011265,senario_A
2025-10-30 23:00:00,46924.7921375868,0.4601845999062062,7984.192122938368,38940.13983004853,senario_A
2025-10-31 00:00:00,44797.13880208333,0.49006816891332466,8348.822491319444,36447.82624259498,senario_A
2025-10-31 01:00:00,43682.446820746525,0.4346860999862353,7933.741543782552,35748.270590863984,senario_A
2025-10-31 02:00:00,43586.05391276041,0.42702725887298576,8235.850837131076,35349.77604837046,senario_A
2025-10-31 03:00:00,42970.273178168405,0.45061000539610774,7621.614719102647,35348.20784906036,senario_A
2025-10-31 04:00:00,42149.19741970486,0.4868305803835392,6456.919705403646,35691.79088372083,senario_A
2025-10-31 05:00:00,42683.06548611111,0.49372089646756645,5506.804929741754,37175.76683547289,senario_A
2025-10-31 06:00:00,44269.5471484375,0.5326730821033319,4989.057107747396,39279.957367608,senario_A
2025-10-31 07:00:00,46498.79720377604,0.5361666589975356,4728.153460828993,41770.10757628805,senario_A
2025-10-31 08:00:00,48126.44755859375,125.61220730861027,5011.692580295139,42989.14277099,senario_A
2025-10-31 09:00:00,49518.03415364584,10761.120739542643,6045.177256537543,32711.736157565654,senario_A
2025-10-31 10:00:00,51234.97046440972,34576.48955566406,5370.33123155382,11288.14967719184,senario_A
2025-10-31 11:00:00,50377.86692057292,40804.88004964193,4367.020874565972,5205.9659963650165,senario_A
2025-10-31 12:00:00,50240.38868489584,39704.55700846354,5932.94065483941,4602.891021592893,senario_A
2025-10-31 13:00:00,50259.57799045139,38480.785078125,7190.026368815104,4588.766543511285,senario_A
2025-10-31 14:00:00,50230.352814670136,36558.33973958334,8707.112567274306,4964.900507812492,senario_A
2025-10-31 15:00:00,49775.52077365451,35143.39325764974,10091.09211452908,4541.035401475694,senario_A
2025-10-31 16:00:00,49481.08360894097,33732.63387695313,10610.48894205729,5137.960789930552,senario_A
2025-10-31 17:00:00,49997.00560112847,32232.995247395833,11154.812194010416,6609.19815972222,senario_A
2025-10-31 18:00:00,49736.088038194444,21898.898521321615,12090.0601953125,15747.12932156033,senario_A
2025-10-31 19:00:00,48312.32647026909,3216.823809889158,11789.424900173612,33306.07776020632,senario_A
2025-10-31 20:00:00,47336.92184787327,0.593946606417497,15643.512365451388,31692.81553581547,senario_A
2025-10-31 21:00:00,46925.87591579861,0.23807697888463725,20770.38501519097,26155.252823628758,senario_A
2025-10-31 22:00:00,46471.79988715277,0.49844981484115125,23078.8978656684,23392.403571669525,senario_A
2025-10-31 23:00:00,45397.18389539931,0.4288917575652401,23465.04551378038,21931.709489861358,senario_A
2025-11-01 00:00:00,43536.3566547309,0.5596352923040587,23313.29799750434,20222.499021934258,senario_A
2025-11-01 01:00:00,42019.34439236111,0.6228963887194792,23052.30891493056,18966.412581041834,senario_A
2025-11-01 02:00:00,41784.20679253472,0.6239630257586638,22376.510913628477,19407.07191588049,senario_A
2025-11-01 03:00:00,40955.20987196181,0.6238183603684107,21332.314929470485,19622.27112413095,senario_A
2025-11-01 04:00:00,40146.88542209201,0.5968902240817744,19631.520758463543,20514.76777340439,senario_A
2025-11-01 05:00:00,40168.081484375,0.6943076120689511,16147.314887695313,24020.07228906762,senario_A
2025-11-01 06:00:00,40484.836022135416,0.6818289533009132,14332.57685953776,26151.577333644353,senario_A
2025-11-01 07:00:00,41160.69326063368,0.6753922084967294,13695.53646484375,27464.48140358143,senario_A
2025-11-01 08:00:00,42365.77851779514,78.67348406255246,14486.696611328123,27800.408422404464,senario_A
2025-11-01 09:00:00,43946.600286458335,4919.360032246908,14182.91138563368,24844.328868577748,senario_A
2025-11-01 10:00:00,46516.83129340278,19428.621441243493,12131.640657552083,14956.569194607202,senario_A
2025-11-01 11:00:00,48197.77507052951,23510.81879272461,11360.14221110026,13326.814066704641,senario_A
2025-11-01 12:00:00,49226.35103298611,24366.739039713542,11659.693592393663,13199.918400878903,senario_A
2025-11-01 13:00:00,49988.47531901042,25068.936171875,11289.220895182292,13630.318251953124,senario_A
2025-11-01 14:00:00,49575.89001519097,25170.74713541667,9845.361829427084,14559.781050347216,senario_A
2025-11-01 15:00:00,49421.12189561632,26186.079371744792,8240.231913791233,14994.810610080296,senario_A
2025-11-01 16:00:00,49967.47676215278,26462.16459309896,7563.742141384549,15941.57002766927,senario_A
2025-11-01 17:00:00,50216.14327690972,23558.22381673177,7383.437627495659,19274.481832682293,senario_A
2025-11-01 18:00:00,49073.49470052083,14689.024611002604,7330.664136827257,27053.805952690967,senario_A
2025-11-01 19:00:00,48615.94431532118,2475.6397080167135,6795.4999730088975,39344.80463429557,senario_A
2025-11-01 20:00:00,47601.780855034725,0.7049293757975101,6089.936605360243,41511.13932029869,senario_A
2025-11-01 21:00:00,46314.58815104167,0.0499911457036311,6009.8651133897565,40304.673046506214,senario_A
2025-11-01 22:00:00,45892.47959092882,0.07176883488893505,7278.304354519314,38614.10346757462,senario_A
2025-11-01 23:00:00,44917.30414171007,0.21303430196208253,7804.783577880859,37112.30752952725,senario_A
2025-11-02 00:00:00,43508.21600477431,0.4278459488600492,8564.604895426432,34943.18326339901,senario_A
2025-11-02 01:00:00,42862.30937282986,0.4361371775344014,9134.998746202256,33726.87448945007,senario_A
2025-11-02 01:00:00,42862.30937282986,0.46021219337979946,9134.998746202256,33726.85041443423,senario_A
2025-11-02 01:00:00,42182.71348198785,0.4361371775344014,9859.250699869792,32323.026644940517,senario_A
2025-11-02 01:00:00,42182.71348198785,0.46021219337979946,9859.250699869792,32323.002569924676,senario_A
2025-11-02 02:00:00,40784.65986979166,0.46403825398534526,10345.525445963542,30438.670385574136,senario_A
2025-11-02 03:00:00,39977.21381727431,0.4545609511559208,9989.946494954427,29986.812761368725,senario_A
2025-11-02 04:00:00,39721.30250759549,0.4567639056096474,9403.06112467448,30317.784619015394,senario_A
2025-11-02 05:00:00,39541.53417209201,0.4890642827252547,9372.28886827257,30168.75623953672,senario_A
2025-11-02 06:00:00,40264.271089409725,0.47379522471378244,9664.357926703558,30599.43936748145,senario_A
2025-11-02 07:00:00,41135.858860677086,74.66327813932051,10290.613861762153,30770.58172077561,senario_A
2025-11-02 08:00:00,42421.85832465278,8850.423361104331,11030.385278862846,22541.0496846856,senario_A
2025-11-02 09:00:00,46111.43651801215,30727.495286458332,9528.93111219618,5855.010119357641,senario_A
2025-11-02 10:00:00,47897.90060329861,38634.921611328115,8473.440972222223,789.53801974827,senario_A
2025-11-02 11:00:00,46954.100110677085,35642.638411458334,9709.249245876736,1602.2124533420156,senario_A
2025-11-02 12:00:00,46524.77054904514,35036.93044108074,9572.102518174914,1915.737589789489,senario_A
2025-11-02 13:00:00,47292.22908854167,36843.00270507813,9272.12482421875,1177.1015592447948,senario_A
2025-11-02 14:00:00,47341.18313693576,37214.49181396484,8986.506391059027,1140.18493191189,senario_A
2025-11-02 15:00:00,47953.97497829861,38237.17402994792,8847.49879720052,869.3021511501702,senario_A
2025-11-02 16:00:00,48821.76155273437,37205.0758219401,8687.275228407118,2929.4105023871525,senario_A
2025-11-02 17:00:00,48996.52756835937,23743.775020345052,9555.364627549914,15697.387920464405,senario_A
2025-11-02 18:00:00,48467.75435112848,3134.1168825785317,9855.875477430556,35477.76199111939,senario_A
2025-11-02 19:00:00,49527.4069390191,0.39683585081559913,14819.883834906685,34707.1262682616,senario_A
2025-11-02 20:00:00,49322.17349175347,0.7539298954730231,20000.64685546875,29320.77270638925,senario_A
2025-11-02 21:00:00,48742.12526475694,1.1959189907213053,23084.925750868057,25656.003594898164,senario_A
2025-11-02 22:00:00,47213.61282552083,1.4609905622402826,23701.972339409724,23510.179495548866,senario_A
2025-11-02 23:00:00,45132.71449435764,1.34877890954415,23553.377111545135,21577.988603902962,senario_A
2025-11-03 00:00:00,43168.04162651909,1.3987275367230176,23281.426364474828,19885.216534507534,senario_A
2025-11-03 01:00:00,42065.09858723958,1.2446186402440071,23287.42193359375,18776.43203500559,senario_A
2025-11-03 02:00:00,41612.40852864584,1.3787711556752522,23159.43761935764,18451.59213813253,senario_A
2025-11-03 03:00:00,40973.42481119792,1.234309118365248,22350.19813639323,18621.992365686325,senario_A
2025-11-03 04:00:00,40730.80181640625,0.9071396128336588,21716.54038845486,19013.354288338556,senario_A
2025-11-03 05:00:00,41081.625703125,0.7339696566760538,20336.68007703993,20744.21165642839,senario_A
2025-11-03 06:00:00,43056.43183376736,0.7403792201230923,18664.47138617621,24391.22006837103,senario_A
2025-11-03 07:00:00,46002.21995117187,75.93448515524467,17820.228537326388,28106.05692869024,senario_A
2025-11-03 08:00:00,47808.53947916667,9648.607066090903,17570.445506727432,20589.486906348335,senario_A
2025-11-03 09:00:00,51583.90715277778,31713.15959798177,13969.009169921876,5901.738384874134,senario_A
2025-11-03 10:00:00,50884.510481770834,37105.686488444015,11343.826026204428,2434.997967122392,senario_A
2025-11-03 11:00:00,49187.1794780816,37944.07171061198,9951.122604166669,1291.985163302952,senario_A
2025-11-03 12:00:00,48914.3894672309,38644.37030029297,7679.962502848307,2590.0566640896277,senario_A
2025-11-03 13:00:00,49359.2875390625,38216.78881673177,6874.057913140191,4268.440809190534,senario_A
2025-11-03 14:00:00,50410.8600640191,38411.945893554686,7453.968374701606,4544.945795762807,senario_A
2025-11-03 15:00:00,51887.80390190972,38909.833740234375,8910.504427625869,4067.465734049476,senario_A
2025-11-03 16:00:00,52680.71955837674,36832.666962890624,10797.92827907986,5050.124316406254,senario_A
2025-11-03 17:00:00,52765.57796223959,22901.125048014324,12347.61699001736,17516.83592420791,senario_A
2025-11-03 18:00:00,52014.22807725694,3003.5099625957014,13767.294991319444,35243.423123341796,senario_A
2025-11-03 19:00:00,52711.87397460938,0.6027767883737881,18747.18112955729,33964.090068263715,senario_A
2025-11-03 20:00:00,51651.745131293406,1.6539037029941877,23375.77965711805,28274.31157047236,senario_A
2025-11-03 21:00:00,50398.5367686632,1.84592741082112,24492.34365451389,25904.347186738487,senario_A
2025-11-03 22:00:00,48661.573342013886,1.7607586046059926,24035.744288194444,24624.068295214835,senario_A
2025-11-03 23:00:00,46414.47740234375,1.4612037067612014,23958.440418836806,22454.57577980018,senario_A
2025-11-04 00:00:00,44454.55781684028,1.326417761767904,23884.97869900173,20568.25270007678,senario_A
2025-11-04 01:00:00,42655.47895724826,1.7113991030057272,23703.71410753038,18950.053450614876,senario_A
2025-11-04 02:00:00,41806.59152126736,1.4036081167062127,23415.916451822915,18389.271461327735,senario_A
2025-11-04 03:00:00,41493.986516927085,1.172358251810074,23272.992797309027,18219.82136136625,senario_A
2025-11-04 04:00:00,41114.21349934896,1.4765606574217478,23090.312470160592,18022.424468530946,senario_A
2025-11-04 05:00:00,41265.50637044271,1.5376608143250148,22444.428502604165,18819.540207024216,senario_A
2025-11-04 06:00:00,43101.25029079861,1.6836516612768175,22326.18922960069,20773.377409536646,senario_A
2025-11-04 07:00:00,45770.907550998265,69.14780901372433,21922.634016927084,23779.125725057456,senario_A
2025-11-04 08:00:00,47168.18071180556,8071.442441253663,20853.80833767361,18242.929932878287,senario_A
2025-11-04 09:00:00,49687.74520182292,26493.861549479167,16588.93827311198,6604.945379231776,senario_A
2025-11-04 10:00:00,50866.85885199653,32030.835248209638,15552.26085720486,3283.7627465820296,senario_A
2025-11-04 11:00:00,51188.27095703125,31419.521118164055,16861.370574001736,2907.37926486546,senario_A
2025-11-04 12:00:00,50300.1657671441,31034.209645182294,16142.162234157986,3123.7938878038185,senario_A
2025-11-04 13:00:00,50612.967736545135,31972.684405110675,15572.17670437283,3068.10662706163,senario_A
2025-11-04 14:00:00,51908.26292317709,33243.031575520836,15456.640070529516,3208.5912771267394,senario_A
2025-11-04 15:00:00,52937.38453993056,33990.493176269534,15506.871366644966,3440.0199970160575,senario_A
2025-11-04 16:00:00,54038.84022352431,32463.110345052082,15918.681924913197,5657.047953559033,senario_A
2025-11-04 17:00:00,54245.09680772569,19999.797602945964,17374.404125434026,16870.895079345704,senario_A
2025-11-04 18:00:00,53722.350556640624,2685.997243010799,18886.22462402344,32150.12868960638,senario_A
2025-11-04 19:00:00,53688.506985677086,0.8365556413680315,23164.82713107639,30522.843298959328,senario_A
2025-11-04 20:00:00,52809.12121636285,1.3422416471441587,25350.082723524305,27457.696251191403,senario_A
2025-11-04 21:00:00,51585.28920572917,1.6252058421572049,26077.9999609375,25505.664038949508,senario_A
2025-11-04 22:00:00,49855.14984157986,2.1303101955354213,26081.217275390623,23771.802255993705,senario_A
2025-11-04 23:00:00,47738.68404730903,2.089809800783793,26036.73878255208,21699.855454956167,senario_A
2025-11-05 00:00:00,45570.481796875,1.712930465588967,25695.7085422092,19873.06032420021,senario_A
2025-11-05 01:00:00,43860.323485243054,1.2324202279746532,25453.53606987847,18405.554995136605,senario_A
2025-11-05 02:00:00,43033.58124565972,1.2004215708871682,25019.65012369792,18012.73070039091,senario_A
2025-11-05 03:00:00,42945.93933159722,1.351000778923432,25039.49765842014,17905.090672398157,senario_A
2025-11-05 04:00:00,42060.10785590278,1.199117061793804,24526.62257595486,17532.28616288613,senario_A
2025-11-05 05:00:00,41839.980377604166,1.128845353871584,23317.400961371528,18521.450570878766,senario_A
2025-11-05 06:00:00,43496.73548177083,1.0799549385905267,21992.91904947917,21502.73647735307,senario_A
2025-11-05 07:00:00,46293.544652777775,42.834203520541394,20855.77142144097,25394.93902781626,senario_A
2025-11-05 08:00:00,48010.42540798611,8316.921574401855,19180.88531467014,20512.618518914114,senario_A
2025-11-05 09:00:00,51733.8533984375,30790.498806966145,13360.366731770831,7582.987859700526,senario_A
2025-11-05 10:00:00,51644.44251736111,38649.30838867188,9282.93861111111,3712.195517578117,senario_A
2025-11-05 11:00:00,51176.37549913194,38716.58729166667,7220.628530273438,5239.159677191828,senario_A
2025-11-05 12:00:00,52201.32819010417,38134.03999023437,5135.6458707682295,8931.64232910157,senario_A
2025-11-05 13:00:00,53561.49354600695,37641.26196289062,4572.748357747396,11347.483225368933,senario_A
2025-11-05 14:00:00,55434.70180989584,37859.62455078125,4177.092997775608,13397.984261338986,senario_A
2025-11-05 15:00:00,57095.52500434028,38561.87070638021,4365.192168511285,14168.462129448786,senario_A
2025-11-05 16:00:00,58520.27757378472,37045.34138997396,5099.931882595486,16375.004301215271,senario_A
2025-11-05 17:00:00,58440.55197482639,22026.434187011717,5954.553453233507,30459.564334581162,senario_A
2025-11-05 18:00:00,55931.96200954861,2589.8081544485685,7386.7220046657985,45955.431850434245,senario_A
2025-11-05 19:00:00,56087.82490451389,0.42895035501569506,10972.588444010416,45114.80751014846,senario_A
2025-11-05 20:00:00,55511.270920138886,0.5056736634423334,14532.75810329861,40978.00714317683,senario_A
2025-11-05 21:00:00,53928.18680121528,0.49174034550786017,15508.461959635417,38419.23310123435,senario_A
2025-11-05 22:00:00,52335.37030381944,0.6095151539891959,15772.120575086805,36562.64021357865,senario_A
2025-11-05 23:00:00,49851.25144097222,0.7672926258544128,14398.501751302085,35451.98239704428,senario_A
2025-11-06 00:00:00,46810.958671875,0.7902336283524831,12030.08560872396,34780.08282952269,senario_A
2025-11-06 01:00:00,44729.863211805554,0.8315007335444292,9893.912078993057,34835.119632078946,senario_A
2025-11-06 02:00:00,43038.60309461805,0.8196676596502463,7524.552273763021,35513.231153195375,senario_A
2025-11-06 03:00:00,41892.59338975694,0.8028795203566552,6129.713200412327,35762.07730982426,senario_A
2025-11-06 04:00:00,41813.18361111111,0.7357375815510749,5638.820667860243,36173.62720566932,senario_A
2025-11-06 05:00:00,42341.63364583333,0.7819522356490294,5549.551011827257,36791.30068177042,senario_A
2025-11-06 06:00:00,43928.923624131945,0.8333349108199279,5635.099918077257,38292.99037114387,senario_A
2025-11-06 07:00:00,45911.87037326389,36.607816928724446,6052.583432074653,39822.67912426052,senario_A
2025-11-06 08:00:00,47555.49420138889,7401.140663452148,6052.968062065972,34101.38547587077,senario_A
2025-11-06 09:00:00,52039.80837239583,29646.551892903648,4445.059543185764,17948.19693630642,senario_A
2025-11-06 10:00:00,52761.87534288195,37573.87281575521,3262.060993652344,11925.941533474394,senario_A
2025-11-06 11:00:00,53241.797087673614,37489.28278645834,4080.2469346788193,11672.267366536456,senario_A
2025-11-06 12:00:00,53805.15015625,35739.60931640625,5181.480428059896,12884.060411783854,senario_A
2025-11-06 13:00:00,55113.97137586806,34687.213404947914,6418.795606011285,14007.96236490886,senario_A
2025-11-06 14:00:00,57582.34255642361,36099.221829427086,7764.416930338541,13718.703796657983,senario_A
2025-11-06 15:00:00,59363.46273871528,36325.085973307294,9944.510308159724,13093.866457248261,senario_A
2025-11-06 16:00:00,60319.80843315972,34006.62267089844,11724.24679578993,14588.93896647135,senario_A
2025-11-06 17:00:00,59628.46526475695,20201.048576253255,14203.523565538197,25223.8931229655,senario_A
2025-11-06 18:00:00,58089.49932942708,2340.2919600280125,14156.761405707466,41592.4459636916,senario_A
2025-11-06 19:00:00,57220.08853298611,5.05744845772783,17900.63411295573,39314.396971572656,senario_A
2025-11-06 20:00:00,56207.28806206597,1.4916698301831883,22283.982096354168,33921.81429588162,senario_A
2025-11-06 21:00:00,54904.841714409726,1.6226347790658475,24815.352865125868,30087.866214504793,senario_A
2025-11-06 22:00:00,53230.276627604166,1.90887337004145,25257.806406792533,27970.56134744159,senario_A
2025-11-06 23:00:00,50850.50307400174,1.5022152781734865,25015.26375596788,25833.737102755684,senario_A
2025-11-07 00:00:00,48268.587310112845,1.1981490763276814,24632.57383897569,23634.815322060826,senario_A
2025-11-07 01:00:00,45967.22865125868,0.8676596946517625,23903.114717881945,22063.24627368208,senario_A
2025-11-07 02:00:00,44554.38864040799,0.6991798328484098,23620.077125108503,20933.61233546664,senario_A
2025-11-07 03:00:00,43603.05730360243,0.7532036653409401,22883.497396918403,20718.806703018683,senario_A
2025-11-07 04:00:00,42446.60362304688,0.6946036495268344,21432.173614908854,21013.7354044885,senario_A
2025-11-07 05:00:00,42796.87142795139,0.8350798662006855,20759.214430881075,22036.821917204114,senario_A
2025-11-07 06:00:00,43890.05586914063,0.8903384240965048,20427.97689127604,23461.188639440494,senario_A
2025-11-07 07:00:00,46346.75430121528,32.83847473074992,21642.352043185765,24671.563783298767,senario_A
2025-11-07 08:00:00,48354.77718098959,6567.03005007426,21771.042562391493,20016.70456852384,senario_A
2025-11-07 09:00:00,52249.32267469618,25346.05110514323,16295.842377115883,10607.429192437068,senario_A
2025-11-07 10:00:00,53096.10425998264,30501.030694173176,14984.38809516059,7610.685470648874,senario_A
2025-11-07 11:00:00,53821.09306749132,32010.821091308593,14906.126570366754,6904.145405815971,senario_A
2025-11-07 12:00:00,55350.50121853298,33254.46283854167,13678.795419650609,8417.242960340702,senario_A
2025-11-07 13:00:00,57125.79034939236,34288.706348470056,11557.586106499566,11279.497894422737,senario_A
2025-11-07 14:00:00,59428.5171234809,36091.045943196616,8993.963911675348,14343.507268608939,senario_A
2025-11-07 15:00:00,60987.704073350695,37576.34104573567,7282.491530354818,16128.871497260203,senario_A
2025-11-07 16:00:00,61857.83396701389,36005.6190625,6027.650754123264,19824.564150390623,senario_A
2025-11-07 17:00:00,61043.68380750868,20585.390974527996,5015.750463460287,35442.54236952039,senario_A
2025-11-07 18:00:00,57186.52632161458,2217.2078025774163,4604.73376180013,50364.58475723703,senario_A
2025-11-07 19:00:00,55597.64391059028,2.035383130821089,5809.925443522136,49785.68308393732,senario_A
2025-11-07 20:00:00,53403.15183919271,0.5294427186747391,7019.670755615234,46382.9516408588,senario_A
2025-11-07 21:00:00,52785.45929036458,0.6546357743442058,7806.948952094184,44977.855702496054,senario_A
2025-11-07 22:00:00,51674.45266059028,0.7720146253332496,9110.7011976454,42562.979448319544,senario_A
2025-11-07 23:00:00,49620.66828667535,0.8103990294784307,9964.270753038194,39655.587134607675,senario_A
2025-11-08 00:00:00,47675.478840060765,0.8396379733209809,10712.315730251736,36962.323471835705,senario_A
2025-11-08 01:00:00,44846.20935221354,0.960143912297984,10764.865661621094,34080.38354668015,senario_A
2025-11-08 02:00:00,43146.46865993924,1.0538007953514654,10648.279949273005,32497.13490987088,senario_A
2025-11-08 03:00:00,41995.78363498264,1.1774479237695534,10372.411550835504,31622.194636223365,senario_A
2025-11-08 04:00:00,41741.88329861111,1.2329913927117984,10281.85314263238,31458.797164586016,senario_A
2025-11-08 05:00:00,41964.94137586805,1.0917322565118472,11061.944507378472,30901.905136233065,senario_A
2025-11-08 06:00:00,41885.97673068576,0.9056990177681048,10662.023819173177,31223.047212494814,senario_A
2025-11-08 07:00:00,42715.74521267361,23.78353765323758,10779.568854166666,31912.392820853704,senario_A
2025-11-08 08:00:00,44302.12384331597,5969.113163375855,10870.177998046876,27462.832681893233,senario_A
2025-11-08 09:00:00,50411.62904079861,26984.200133463542,9792.43843451606,13634.990472819007,senario_A
2025-11-08 10:00:00,52026.95153862847,34901.43770833333,7078.607312282986,10046.906518012152,senario_A
2025-11-08 11:00:00,52576.32362413195,34846.450546875,7396.897911783854,10332.975165473094,senario_A
2025-11-08 12:00:00,53667.58170138889,35319.86026285807,7291.8316617838545,11055.889776746964,senario_A
2025-11-08 13:00:00,54981.49691514757,35954.26802571615,6999.178939073351,12028.049950358069,senario_A
2025-11-08 14:00:00,57311.90736762153,36246.178981119796,7313.855038519965,13751.873347981766,senario_A
2025-11-08 15:00:00,59177.3373828125,35790.55954589844,9064.82680759006,14321.951029323998,senario_A
2025-11-08 16:00:00,60427.75863498264,32577.910006510414,11465.062774793836,16384.78585367839,senario_A
2025-11-08 17:00:00,59577.58751519097,18624.51407063802,14211.50180908203,26741.571635470922,senario_A
2025-11-08 18:00:00,57204.95380859375,1936.8497701079646,17174.109353298612,38093.99468518718,senario_A
2025-11-08 19:00:00,55066.81882595486,1.0667455936099093,18811.84179199219,36253.910288369065,senario_A
2025-11-08 20:00:00,54388.15254557291,1.4133773728708428,22597.654518771706,31789.08464942834,senario_A
2025-11-08 21:00:00,53265.11073676215,1.3420660808434088,23877.507268880207,29386.261401801105,senario_A
2025-11-08 22:00:00,52001.362404513886,1.4252767885724704,24177.59854763455,27822.338580090767,senario_A
2025-11-08 23:00:00,50013.37710720486,1.158612002010147,23708.988002929687,26303.230492273167,senario_A
2025-11-09 00:00:00,47789.297303602434,1.3266904761393865,22909.87543891059,24878.095174215705,senario_A
2025-11-09 01:00:00,45834.69311957465,1.307702703922987,22485.01944715712,23348.365969713606,senario_A
2025-11-09 02:00:00,44335.2722547743,1.2195695435255767,22146.53178493924,22187.52090029154,senario_A
2025-11-09 03:00:00,43252.69837782118,1.2949303117146094,21737.220613606773,21514.182833902694,senario_A
2025-11-09 04:00:00,42413.161673177085,1.0260913065572579,21281.07169921875,21131.063882651775,senario_A
2025-11-09 05:00:00,41886.07724283854,0.8804555096228917,21288.416518554688,20596.78026877423,senario_A
2025-11-09 06:00:00,42037.5432530382,0.7994944989681243,22067.35740017361,19969.386358365624,senario_A
2025-11-09 07:00:00,42475.05123046875,21.875316552966837,23034.726733940974,19418.449179974814,senario_A
2025-11-09 08:00:00,43965.81071506076,5506.342486521403,23281.65353407118,15177.814694468176,senario_A
2025-11-09 09:00:00,47160.72666341146,17861.18081665039,20452.900632595487,8846.64521416558,senario_A
2025-11-09 10:00:00,49302.14083875868,19542.505138346354,21909.08229112413,7850.5534092881935,senario_A
2025-11-09 11:00:00,49578.16080295139,19284.39325764974,22695.92509982639,7597.84244547526,senario_A
2025-11-09 12:00:00,48376.24467013889,19618.912154541016,21101.855630425347,7655.476885172528,senario_A
2025-11-09 13:00:00,48178.45860243055,21216.417109374997,19741.025833333333,7221.015659722223,senario_A
2025-11-09 14:00:00,47979.40976888021,22750.214941813152,18236.15441243489,6993.040414632163,senario_A
2025-11-09 15:00:00,48288.882408854166,24494.391795247393,17059.976569010418,6734.514044596355,senario_A
2025-11-09 16:00:00,48719.535607638885,25007.418134765627,16324.204118923612,7387.913353949647,senario_A
2025-11-09 17:00:00,48842.98963107639,18385.909557291667,16625.385876736113,13831.694197048608,senario_A
2025-11-09 18:00:00,49352.842082248266,2051.8518463901682,13927.095190972224,33373.89504488587,senario_A
2025-11-09 19:00:00,50253.4811078559,0.29049255262749885,12534.35083658854,37718.839778714726,senario_A
2025-11-09 20:00:00,50353.786328125,0.3409035689383745,14141.362058376735,36212.08336617933,senario_A
2025-11-09 21:00:00,49950.45936848958,0.34788592922501266,15015.07491563585,34935.03656692451,senario_A
2025-11-09 22:00:00,48931.00400390625,0.43984312092264494,14608.496426052518,34322.06773473282,senario_A
2025-11-09 23:00:00,47164.72523220486,0.7977597290277482,12698.94519965278,34464.98227282305,senario_A
2025-11-10 00:00:00,45547.78150499132,0.841772524913152,10539.784232313368,35007.155500153036,senario_A
2025-11-10 01:00:00,44400.07590060764,0.940166981369257,9279.434076063368,35119.70165756291,senario_A
2025-11-10 02:00:00,43727.17779947917,0.7897707449893157,8258.051068793402,35468.33695994078,senario_A
2025-11-10 03:00:00,43301.690241970486,0.7815337430437406,7730.927547607422,35569.981160620024,senario_A
2025-11-10 04:00:00,43331.73925238715,0.7892852311953902,7387.552415635851,35943.39755152011,senario_A
2025-11-10 05:00:00,44113.78707573785,0.8585977237671614,6986.420994194878,37126.5074838192,senario_A
2025-11-10 06:00:00,46645.73345269097,0.8974937931696574,6714.832814670139,39930.00314422766,senario_A
2025-11-10 07:00:00,50384.05319552952,38.98856288123876,6231.588831380208,44113.475801268076,senario_A
2025-11-10 08:00:00,51998.41765407986,8094.796415812174,5885.887759874132,38017.73347839355,senario_A
2025-11-10 09:00:00,54200.86611545139,31281.00399454752,5106.616395806207,17813.245725097666,senario_A
2025-11-10 10:00:00,53737.53156032986,41278.3081258138,5133.306579318576,7325.916855197485,senario_A
2025-11-10 11:00:00,51513.10961480035,40484.90360677084,5675.509567599826,5352.696440429686,senario_A
2025-11-10 12:00:00,50437.13299696181,39604.156040039066,5947.127177734375,4885.849779188367,senario_A
2025-11-10 13:00:00,50114.72413736979,39075.78014078776,6159.808366834853,4879.135629747175,senario_A
2025-11-10 14:00:00,50004.10605143229,39642.320278320316,5780.960351969401,4580.825421142572,senario_A
2025-11-10 15:00:00,49404.51851019965,38550.93692952474,5617.768086751302,5235.813493923607,senario_A
2025-11-10 16:00:00,48779.66531792535,34226.27507080077,6157.859390597873,8395.5308565267,senario_A
2025-11-10 17:00:00,49016.423512369794,21481.846745605468,7361.255839029948,20173.320927734378,senario_A
2025-11-10 18:00:00,50604.48236111111,2221.756431282709,8111.571225043403,40271.154704785,senario_A
2025-11-10 19:00:00,52260.71670355903,0.7227340703705947,12537.1386203342,39722.85534915446,senario_A
2025-11-10 20:00:00,52577.34989583334,1.2465162408351897,18087.38281684028,34488.72056275222,senario_A
2025-11-10 21:00:00,52578.66157118056,1.6165708567698798,21064.50996744792,31512.535032875865,senario_A
2025-11-10 22:00:00,51636.94513888889,1.6268594941496852,22438.175655381943,29197.1426240128,senario_A
2025-11-10 23:00:00,49740.07261935764,1.5834433058649298,22803.1572124566,26935.331963595178,senario_A
2025-11-11 00:00:00,48207.808567708336,1.8045779406527678,23189.588304578992,25016.41568518869,senario_A
2025-11-11 01:00:00,47002.61775607639,1.7350203617413837,23251.05838704427,23749.82434867038,senario_A
2025-11-11 02:00:00,46373.553259548615,1.6978943004210794,23269.68096354167,23102.174401706525,senario_A
2025-11-11 03:00:00,46383.582556423615,1.6576663689812023,23365.536449652776,23016.388440401854,senario_A
2025-11-11 04:00:00,46263.78134548611,1.6825713979204497,23222.52633897569,23039.5724351125,senario_A
2025-11-11 05:00:00,47290.66143663194,1.6666031165917712,22883.72436577691,24405.270467738435,senario_A
2025-11-11 06:00:00,49354.43913628472,1.73221012622118,22562.486274414063,26790.220651744436,senario_A
2025-11-11 07:00:00,52649.303970269095,30.820527160689238,22381.425283203123,30237.058159905286,senario_A
2025-11-11 08:00:00,53673.36145616319,6745.334548416138,21575.35881944445,25352.668088302602,senario_A
2025-11-11 09:00:00,53845.88497395833,25328.342521158855,18244.44653157552,10273.095921223958,senario_A
2025-11-11 10:00:00,53213.05723415798,30702.714527180986,16979.975989583334,5530.366717393663,senario_A
2025-11-11 11:00:00,51886.61113498264,29548.858697102867,18269.938779296877,4067.8136585828943,senario_A
2025-11-11 12:00:00,51198.8419032118,27511.566159667967,19149.276758355038,4537.9989851887985,senario_A
2025-11-11 13:00:00,50829.99226128472,25850.660892740885,19725.245493164064,5254.085875379773,senario_A
2025-11-11 14:00:00,50258.59293077257,24712.55543375651,19910.050393880207,5635.987103135849,senario_A
2025-11-11 15:00:00,50368.61091905382,23705.067746582034,20742.97990993924,5920.563262532545,senario_A
2025-11-11 16:00:00,50062.27245551215,21898.328387044272,21231.15193359375,6932.792134874133,senario_A
2025-11-11 17:00:00,49631.91214192708,15166.651153564453,21739.58052137587,12725.68046698676,senario_A
2025-11-11 18:00:00,50613.8078624132,1880.9032039703925,22628.843830837675,26104.06082760514,senario_A
2025-11-11 19:00:00,51460.215729166666,2.2563294473787145,25086.90983452691,26371.049565192377,senario_A
2025-11-11 20:00:00,51053.09642361111,2.37441102112333,26427.863114149302,24622.85889844068,senario_A
2025-11-11 21:00:00,50642.60711914062,2.0376398431758087,26915.986586371528,23724.58289292592,senario_A
2025-11-11 22:00:00,49680.83668077257,0.9877856126427651,27042.49636664497,22637.35252851496,senario_A
2025-11-11 23:00:00,47823.05555881077,0.9760295758768917,26974.07348687066,20848.00604236423,senario_A
2025-11-12 00:00:00,45585.24859917535,0.7807948624839385,26185.26303982205,19399.204764490816,senario_A
2025-11-12 01:00:00,44330.35505425347,0.7953012645741304,25170.181187065973,19159.378565922925,senario_A
2025-11-12 02:00:00,43389.97031684028,0.776085356771946,23861.713897569443,19527.48033391406,senario_A
2025-11-12 03:00:00,42697.785833333335,0.8055441258351008,22335.17918185764,20361.801107349864,senario_A
2025-11-12 04:00:00,42523.07994357639,0.8099266655246415,20392.967569444445,22129.30244746642,senario_A
2025-11-12 05:00:00,42976.49225260417,0.8957944216827551,18824.915173611116,24150.681284571372,senario_A
2025-11-12 06:00:00,44833.251996527775,0.8876057921350002,16560.684582248265,28271.679808487374,senario_A
2025-11-12 07:00:00,47880.97489149305,20.821237296809755,14165.798417697482,33694.355236498755,senario_A
2025-11-12 08:00:00,48690.539019097225,5914.734295323689,11922.242161458333,30853.562562315205,senario_A
2025-11-12 09:00:00,51074.25660373264,27663.717454427082,7862.356282552083,15548.182866753476,senario_A
2025-11-12 10:00:00,51742.39699652778,37421.931357421876,5708.815606011285,8611.650033094618,senario_A
2025-11-12 11:00:00,51845.73615017361,36922.98482421876,6378.595296223958,8544.156029730893,senario_A
2025-11-12 12:00:00,51411.73418402778,34998.43205403646,6195.168498263889,10218.133631727434,senario_A
2025-11-12 13:00:00,51598.019190538194,34808.81694986979,5970.074338107639,10819.127902560766,senario_A
2025-11-12 14:00:00,52313.05001302083,35235.630468749994,6091.620359157986,10985.79918511285,senario_A
2025-11-12 15:00:00,53174.18873914931,36052.35164388021,6458.37655219184,10663.460543077257,senario_A
2025-11-12 16:00:00,54001.88540798611,34150.056228027344,7313.6254359266495,12538.203744032118,senario_A
2025-11-12 17:00:00,54037.68756076389,18785.816036783857,8356.932449001735,26894.939074978294,senario_A
2025-11-12 18:00:00,53798.08713107639,1761.6032039548954,9225.451242404512,42811.032684716985,senario_A
2025-11-12 19:00:00,54053.90329427084,2.1873352042833965,11845.912535807292,42205.80342325927,senario_A
2025-11-12 20:00:00,53388.39555555556,0.8252541102468967,15058.598055555556,38328.97224588975,senario_A
2025-11-12 21:00:00,52590.40572048611,0.9226780354479949,17845.423661024306,34744.059381426356,senario_A
2025-11-12 22:00:00,51340.70666232639,1.2043394827842713,20407.619631076388,30931.882691767216,senario_A
2025-11-12 23:00:00,49414.49372395833,1.3150063235561054,21893.792502170138,27519.386215464634,senario_A
2025-11-13 00:00:00,47591.020607638886,1.2424904173612594,22377.41281684028,25212.365300381247,senario_A
2025-11-13 01:00:00,45761.159440104166,1.2952473319570224,22663.175440538194,23096.68875223401,senario_A
2025-11-13 02:00:00,44810.93293836805,1.3735659966866178,22550.05488715278,22259.50448521859,senario_A
2025-11-13 03:00:00,43297.41608181423,1.1202196385711432,21704.470546875,21591.825315300663,senario_A
2025-11-13 04:00:00,42285.12025607639,1.1443684755762418,21166.25638454861,21117.7195030522,senario_A
2025-11-13 05:00:00,42584.35009982639,1.1811926596363387,20699.59998480903,21883.56892235773,senario_A
2025-11-13 06:00:00,44070.624092881946,1.2360195195674897,19643.148561197915,24426.239512164466,senario_A
2025-11-13 07:00:00,46732.5203515625,12.319044098258018,18025.236206597223,28694.965100867023,senario_A
2025-11-13 08:00:00,47650.77880642361,5090.698923187256,15960.27833875868,26599.80154447767,senario_A
2025-11-13 09:00:00,49790.35305989583,25207.91236328125,11920.196375868056,12662.244320746524,senario_A
2025-11-13 10:00:00,52002.37691623264,35634.88077148437,8796.446384548612,7571.049760199659,senario_A
2025-11-13 11:00:00,53707.14698676216,36024.52397298178,9233.916314019098,8448.70669976129,senario_A
2025-11-13 12:00:00,54737.93223524305,34111.39302490235,9274.084672309027,11352.45453803168,senario_A
2025-11-13 13:00:00,55523.14481336805,33466.96645507812,9425.974249131945,12630.204109157985,senario_A
2025-11-13 14:00:00,56324.22526475695,33326.62560221354,10605.642897135416,12391.95676540799,senario_A
2025-11-13 15:00:00,57582.08141059028,32896.6967220052,12084.17633029514,12601.20835828994,senario_A
2025-11-13 16:00:00,58528.609609375,31159.61121744792,13201.343468967014,14167.654922960068,senario_A
2025-11-13 17:00:00,57923.30530381944,17379.766787109376,13651.97173828125,26891.56677842881,senario_A
2025-11-13 18:00:00,56609.91824652778,1476.0239193296927,13592.274560546875,41541.61976665121,senario_A
2025-11-13 19:00:00,56475.18879774305,0.7364049053192139,17087.50949652778,39386.94289630995,senario_A
2025-11-13 20:00:00,55460.62159288194,0.9769730858504773,20636.40253255208,34823.242087244,senario_A
2025-11-13 21:00:00,54665.03125868055,1.4993066326280435,22693.329928385418,31970.202023662507,senario_A
2025-11-13 22:00:00,53566.2347124566,1.6769703230261803,23779.158037109373,29785.399705024203,senario_A
2025-11-13 23:00:00,51329.334813368056,1.2859793072442214,24062.16181423611,27265.887019824702,senario_A
2025-11-14 00:00:00,49165.86636284722,1.352228087584178,23778.57076171875,25385.943373040885,senario_A
2025-11-14 01:00:00,47507.07438802083,1.1564374310771623,23207.33211371528,24298.585836874474,senario_A
2025-11-14 02:00:00,46179.26594184028,1.161028922398885,23061.358153211804,23116.746759706082,senario_A
2025-11-14 03:00:00,45060.74729166667,1.2244598137338956,22770.497569444444,22289.02526240849,senario_A
2025-11-14 04:00:00,43902.12086371528,1.3066009062528612,22115.575260416663,21785.239002392365,senario_A
2025-11-14 05:00:00,44053.49677951389,1.2150750761230786,21680.96576388889,22371.315940548877,senario_A
2025-11-14 06:00:00,44969.60974826389,1.2577655660112699,20981.395980902777,23986.956001795097,senario_A
2025-11-14 07:00:00,47249.13612413195,11.959712026417256,20333.625911458334,26903.550500647198,senario_A
2025-11-14 08:00:00,48423.86747829861,4706.4151303990675,19415.74826605903,24301.70408184052,senario_A
2025-11-14 09:00:00,51308.70581597222,23635.268953450523,14721.62427734375,12951.81258517795,senario_A
2025-11-14 10:00:00,53231.78088107639,32644.91810221354,11411.429950086806,9175.432828776042,senario_A
2025-11-14 11:00:00,54079.31819878472,32475.437740885416,9319.84552408854,12284.034933810764,senario_A
2025-11-14 12:00:00,55051.086885850695,32655.084218749995,7787.629018554688,14608.373648546012,senario_A
2025-11-14 13:00:00,57040.49842881945,33812.53434895833,7608.617009548611,15619.347070312502,senario_A
2025-11-14 14:00:00,59041.400074869794,34922.65188802083,9426.552875434028,14692.195311414935,senario_A
2025-11-14 15:00:00,60145.91151475695,36280.53517089844,11431.374777560764,12434.001566297744,senario_A
2025-11-14 16:00:00,60283.61506510417,33700.858017578124,13307.495961371527,13275.261086154516,senario_A
2025-11-14 17:00:00,59662.15468532986,18492.266355794265,13933.636828342014,27236.251501193576,senario_A
2025-11-14 18:00:00,57903.11360894097,1608.330990936036,14195.218705512152,42099.56391249278,senario_A
2025-11-14 19:00:00,57141.91458550347,0.7073329814275106,18571.095376519097,38570.11187600295,senario_A
2025-11-14 20:00:00,55734.93292534722,1.3389357952276866,23023.572335611974,32710.021653940017,senario_A
2025-11-14 21:00:00,54763.70444444445,1.8687409437696139,25233.83792751736,29527.997775983316,senario_A
2025-11-14 22:00:00,53288.49851128472,1.8570455251137414,25661.796825086807,27624.844640672804,senario_A
2025-11-14 23:00:00,51248.91103081597,1.2813310416042805,25341.27908203125,25906.35061774312,senario_A
2025-11-15 00:00:00,49106.45813368056,0.8429482266306877,25023.635075954862,24081.980109499065,senario_A
2025-11-15 01:00:00,47039.154366319446,0.8249652734398842,24251.498467881946,22786.830933164063,senario_A
2025-11-15 02:00:00,45657.92514322917,0.955637079278628,23736.641371527778,21920.328134622116,senario_A
2025-11-15 03:00:00,44779.36155924479,1.076775320097804,23277.16056857639,21501.1242153483,senario_A
2025-11-15 04:00:00,43788.26779947917,0.9514462089538575,22436.945642361112,21350.370710909097,senario_A
2025-11-15 05:00:00,42985.170069444444,0.9696481930712858,21704.59402126736,21279.60639998401,senario_A
2025-11-15 06:00:00,43191.28785590278,0.9343635031084219,21091.61008246528,22098.743409934392,senario_A
2025-11-15 07:00:00,43967.74521918403,10.140366948246957,20123.205030381945,23834.399821853836,senario_A
2025-11-15 08:00:00,45142.451983506944,4412.72318368276,19612.323133680555,21117.405666143626,senario_A
2025-11-15 09:00:00,50036.50318793403,21570.59895345052,15967.506514756944,12498.397719726567,senario_A
2025-11-15 10:00:00,54153.974037543405,31573.369010416667,14553.963095703126,8026.641931423612,senario_A
2025-11-15 11:00:00,54605.00277886285,33082.01600911458,14172.36022922092,7350.62654052735,senario_A
2025-11-15 12:00:00,54820.57480360243,32399.37876383464,14309.56962890625,8111.62641086154,senario_A
2025-11-15 13:00:00,56693.00308268229,33047.54987874349,14162.02793592665,9483.42526801215,senario_A
2025-11-15 14:00:00,58909.76257378472,33917.28176106771,13943.440340711806,11049.040472005205,senario_A
2025-11-15 15:00:00,60127.68329427084,34970.38816080729,13261.086292317708,11896.208841145843,senario_A
2025-11-15 16:00:00,60822.00016059028,33106.980921223956,12090.89865234375,15624.120587022573,senario_A
2025-11-15 17:00:00,59869.91790364583,17364.059364420573,10958.910769314236,31546.94776991102,senario_A
2025-11-15 18:00:00,58173.91213975695,1465.2410709843289,11403.969752604167,45304.701316168444,senario_A
2025-11-15 19:00:00,56940.84478298611,0.6529841976861159,14163.880462239584,42776.31133654884,senario_A
2025-11-15 20:00:00,55188.25342013889,0.7707461020350456,17179.41558485243,38008.06708918443,senario_A
2025-11-15 21:00:00,53668.90654079861,0.8102577063441276,18422.018372395836,35246.07791069643,senario_A
2025-11-15 22:00:00,52195.020234375,0.8148339899877708,18686.4148828125,33507.79051757252,senario_A
2025-11-15 23:00:00,50454.688871527775,0.8252376201252143,18347.456881510418,32106.40675239723,senario_A
2025-11-16 00:00:00,48660.11016493056,0.8057247344156107,17751.871946614585,30907.432493581553,senario_A
2025-11-16 01:00:00,47064.30789496528,0.8437543828288714,15938.019712456597,31125.444428125855,senario_A
2025-11-16 02:00:00,45183.76128038194,0.8694038376708826,14508.576910807293,30674.31496573698,senario_A
2025-11-16 03:00:00,44021.033828125,0.9608747730652492,13815.4350390625,30204.637914289433,senario_A
2025-11-16 04:00:00,43331.82307291667,0.946110987563928,12596.043049045138,30734.833912883965,senario_A
2025-11-16 05:00:00,42828.01801649306,0.9121067502101261,10313.545971137151,32513.559938605693,senario_A
2025-11-16 06:00:00,42569.718667534726,0.7183189876874287,8707.421963975694,33861.578384571345,senario_A
2025-11-16 07:00:00,43068.03987304687,6.47876999249061,7867.869516059028,35193.69158699535,senario_A
2025-11-16 08:00:00,44011.1238671875,3740.84491868337,7238.256016981337,33032.0229315228,senario_A
2025-11-16 09:00:00,48306.25649739584,20050.750371907554,5509.732242838541,22745.773882649748,senario_A
2025-11-16 10:00:00,52583.61143554688,30202.389999999992,4216.572568223742,18164.648867323147,senario_A
2025-11-16 11:00:00,54517.41263780382,32618.939330240886,4079.990482720269,17818.482824842664,senario_A
2025-11-16 12:00:00,54036.08939236112,33312.47624674479,3811.885104437934,16911.7280411784,senario_A
2025-11-16 13:00:00,55998.14739583333,32301.111210937503,2893.503986545139,20803.532198350687,senario_A
2025-11-16 14:00:00,58085.40081597222,33291.8735904948,2235.640840115017,22557.886385362406,senario_A
2025-11-16 15:00:00,59938.30774739583,34450.79813802084,2576.922161187066,22910.58744818793,senario_A
2025-11-16 16:00:00,61121.18000868055,31743.031959635413,3567.913953993056,25810.234095052085,senario_A
2025-11-16 17:00:00,60300.58421006944,16071.555380452477,4398.945777994792,39830.083051622176,senario_A
2025-11-16 18:00:00,58987.0453125,1179.5610886148736,5422.581124131944,52384.90309975318,senario_A
2025-11-16 19:00:00,58582.33586371528,0.4497167203575372,7447.160298936632,51134.72584805829,senario_A
2025-11-16 20:00:00,57157.039578993055,0.47589925870299343,9194.946572265624,47961.61710746873,senario_A
2025-11-16 21:00:00,55577.90758680556,0.5520973519484202,10193.931056857638,45383.42443259597,senario_A
2025-11-16 22:00:00,54132.72813476562,0.7398059640824795,11320.537677137589,42811.450651663945,senario_A
2025-11-16 23:00:00,52010.941458333335,0.6698598185678322,13560.057552083334,38450.21404643143,senario_A
2025-11-17 00:00:00,49075.89697482639,0.7097591350972652,14682.448639322916,34392.73857636838,senario_A
2025-11-17 01:00:00,46910.74032986111,0.8299628053605557,14843.894405381943,32066.01596167381,senario_A
2025-11-17 02:00:00,45956.28800347223,0.8374183547993501,15107.029113498264,30848.42147161917,senario_A
2025-11-17 03:00:00,45488.65452690972,0.880075228959322,15104.191593153211,30383.582858527545,senario_A
2025-11-17 04:00:00,45152.00852430556,0.9718078090747198,14934.523471137152,30216.513245359332,senario_A
2025-11-17 05:00:00,45642.35086805555,1.041542361776034,14815.735163845486,30825.574161848293,senario_A
2025-11-17 06:00:00,46625.848203125,1.254026457120975,14320.67829861111,32303.91587805677,senario_A
2025-11-17 07:00:00,49290.15546440972,7.51632039954265,14749.564194878472,34533.07494913171,senario_A
2025-11-17 08:00:00,50701.7217578125,2227.4896560223897,14812.314771050347,33661.917330739765,senario_A
2025-11-17 09:00:00,53782.92903862847,16032.09381754557,12495.359422471787,25255.475798611114,senario_A
2025-11-17 10:00:00,55547.45323350695,24637.62349121094,10103.709377170138,20806.120365125877,senario_A
2025-11-17 11:00:00,58952.8106141493,27899.21259847005,11265.101672634548,19788.4963430447,senario_A
2025-11-17 12:00:00,61284.9834375,29044.972333984373,13088.009736328126,19152.0013671875,senario_A
2025-11-17 13:00:00,62736.24737738715,29681.191541341144,14667.397560492622,18387.65827555339,senario_A
2025-11-17 14:00:00,64044.271089409725,30972.08350585938,15545.35642361111,17526.831159939233,senario_A
2025-11-17 15:00:00,65198.25639322917,30456.411728515624,16732.95151692708,18008.89314778646,senario_A
2025-11-17 16:00:00,65312.69726996528,27122.861666666668,17634.332528211806,20555.503075086814,senario_A
2025-11-17 17:00:00,64496.464887152775,14504.85161783854,17759.688975694444,32231.92429361979,senario_A
2025-11-17 18:00:00,62787.6648828125,1273.726288376202,15681.82892469618,45832.10966974012,senario_A
2025-11-17 19:00:00,62161.54264756945,0.7232493971039852,16210.11095811632,45950.70844005603,senario_A
2025-11-17 20:00:00,60702.55961805556,0.8950109198192755,17522.545234375,43179.11937276074,senario_A
2025-11-17 21:00:00,58996.47291232639,1.0857644413411618,18784.85207248264,40210.53507540241,senario_A
2025-11-17 22:00:00,57164.51083333333,0.9560114927093188,19869.511946614584,37294.042875226034,senario_A
2025-11-17 23:00:00,54549.70892795139,0.8169848487277827,19637.21630642361,34911.67563667905,senario_A
2025-11-18 00:00:00,51735.87404513889,0.7952130217353504,18724.380718315973,33010.698113801176,senario_A
2025-11-18 01:00:00,49889.47910590278,0.8391053683062394,17948.925164930555,31939.714835603914,senario_A
2025-11-18 02:00:00,48718.24094184028,0.8580780378480752,17269.826664496526,31447.55619930591,senario_A
2025-11-18 03:00:00,47540.70904947917,0.8666056567927203,15315.638994140623,32224.20344968175,senario_A
2025-11-18 04:00:00,46784.56078993056,0.8234764737760027,14612.850115559895,32170.88719789689,senario_A
2025-11-18 05:00:00,46568.07977864584,0.8499219528834024,12886.983131510417,33680.246725182544,senario_A
2025-11-18 06:00:00,47769.978125,0.9570502530038357,11338.064779730905,36430.95629501609,senario_A
2025-11-18 07:00:00,50310.46466579861,5.02802235831817,9795.316963975694,40510.119679464595,senario_A
2025-11-18 08:00:00,51516.5359375,3063.641870924632,9070.168838975696,39382.725227599665,senario_A
2025-11-18 09:00:00,56046.35481336805,18888.622806803385,6889.7653803168405,30267.966626247824,senario_A
2025-11-18 10:00:00,58533.13482638889,26622.455660807293,6075.562347547743,25835.11681803385,senario_A
2025-11-18 11:00:00,59187.58023003472,27048.838577473958,5246.191453993056,26892.550198567707,senario_A
2025-11-18 12:00:00,60023.31213975694,26913.61717122396,3999.2430290391712,29110.45193949381,senario_A
2025-11-18 13:00:00,61834.10536458333,27853.147115885415,3905.1206426323774,30075.837606065543,senario_A
2025-11-18 14:00:00,63424.30805989583,28851.54154296875,4174.072504882813,30398.69401204427,senario_A
2025-11-18 15:00:00,64522.13923177083,27115.907871093754,4458.5868522135415,32947.644508463534,senario_A
2025-11-18 16:00:00,63925.58049587673,22197.13631998698,5078.056619059244,36650.38755683051,senario_A
2025-11-18 17:00:00,61459.438953993056,9620.522528076172,5332.4937141927085,46506.422711724175,senario_A
2025-11-18 18:00:00,60139.271527777775,613.9873435663183,5870.422882486979,53654.86130172448,senario_A
2025-11-18 19:00:00,60103.964448784725,1.2467205013831457,6497.926237521701,53604.79149076164,senario_A
2025-11-18 20:00:00,58807.42452473958,0.5014945541570583,7284.435584309896,51522.48744587553,senario_A
2025-11-18 21:00:00,57517.84541666666,0.5296266741057236,8020.712481011285,49496.60330898127,senario_A
2025-11-18 22:00:00,57069.13699001736,0.6637683288256327,9262.978266059028,47805.4949556295,senario_A
2025-11-18 23:00:00,55168.283350694444,0.6742446108162403,10120.21947265625,45047.389633427374,senario_A
2025-11-19 00:00:00,52160.18006510416,0.7098546192546685,10050.292019314236,42109.17819117067,senario_A
2025-11-19 01:00:00,50290.26246202257,8.555139421386023,9688.279602864584,40593.4277197366,senario_A
2025-11-19 02:00:00,49494.0243077257,0.7648026390373707,9957.863452690972,39535.396052395685,senario_A
2025-11-19 03:00:00,48370.77,0.7615353984137376,9385.133704155816,38984.87476044577,senario_A
2025-11-19 04:00:00,47690.46057725694,0.7817462736368179,8630.86183078342,39058.81700019989,senario_A
2025-11-19 05:00:00,47284.71032986111,0.773645012229681,7733.710405815972,39550.226279032904,senario_A
2025-11-19 06:00:00,47993.992256944446,0.7776839018364747,7330.02506781684,40663.189505225775,senario_A
2025-11-19 07:00:00,50179.527692057294,1.7894389975691833,7009.263994411893,43168.47425864783,senario_A
2025-11-19 08:00:00,51311.55329427083,1284.1591270399094,6681.091892361111,43346.30227486981,senario_A
2025-11-19 09:00:00,52780.79295898438,7233.385563354492,5528.800659450955,40018.606736178925,senario_A
2025-11-19 10:00:00,55653.15039279514,13911.264538981122,5019.334713541667,36722.55114027235,senario_A
2025-11-19 11:00:00,58618.38716362848,19278.195893554686,5437.651138780382,33902.54013129341,senario_A
2025-11-19 12:00:00,61349.91743272569,22415.00060058594,6126.439055989584,32808.47777615017,senario_A
2025-11-19 13:00:00,62725.79451063368,23193.05244873047,6460.929598795573,33071.812463107635,senario_A
2025-11-19 14:00:00,63680.22320963542,22782.880442708334,7222.855185546875,33674.487581380214,senario_A
2025-11-19 15:00:00,63749.21528211806,19319.03575764974,7349.045681694878,37081.13384277344,senario_A
2025-11-19 16:00:00,62605.237613932295,12190.7358396403,8297.676464029948,42116.82531026205,senario_A
2025-11-19 17:00:00,61497.409463975695,4683.363169962565,8890.917026909723,47923.12926710341,senario_A
2025-11-19 18:00:00,61317.43927951389,454.7236969255656,8678.536364746094,52184.17921784223,senario_A
2025-11-19 19:00:00,60887.29843641493,0.38751399112244445,9024.087715386284,51862.82320703752,senario_A
2025-11-19 20:00:00,59005.26009114584,0.5313747402777274,9564.723125,49440.00559140557,senario_A
2025-11-19 21:00:00,58468.53897352431,0.8128407298773528,10179.680359157986,48288.04577363644,senario_A
2025-11-19 22:00:00,57395.62461805555,0.6412985352178414,10882.3495320638,46512.633787456536,senario_A
2025-11-19 23:00:00,55418.13069010417,0.6754839713374773,11671.527901475694,43745.92730465713,senario_A
2025-11-20 00:00:00,52726.43258355035,0.6183634525164962,11555.283753797745,41170.530466300086,senario_A
2025-11-20 01:00:00,50195.50951497396,0.5946912714838981,11147.61093017578,39047.30389352669,senario_A
2025-11-20 02:00:00,48659.52705403646,0.5921630053098004,10791.411248101129,37867.52364293001,senario_A
2025-11-20 03:00:00,47554.05749023437,0.5967398313681284,10365.07782280816,37188.382927594845,senario_A
2025-11-20 04:00:00,47017.46148871528,0.5671616738537946,10794.251937934028,36222.642389107394,senario_A
2025-11-20 05:00:00,47283.56534288194,0.5223998422423998,10381.277941623264,36901.76500141643,senario_A
2025-11-20 06:00:00,48865.425282118056,0.47231738522648803,11417.324128689235,37447.628836043594,senario_A
2025-11-20 07:00:00,50600.68503363715,3.1981251542891065,13428.224666341146,37169.26224214172,senario_A
2025-11-20 08:00:00,51682.58771701389,1480.2621919218702,13957.128878038196,36245.196647053825,senario_A
2025-11-20 09:00:00,53798.72749348958,6628.839154052735,14297.518465711806,32872.36987372504,senario_A
2025-11-20 10:00:00,55597.21464192709,9330.806940307617,16216.295253363714,30050.112448255757,senario_A
2025-11-20 11:00:00,57090.34628038194,11645.81513264974,17045.893548177082,28398.63759955512,senario_A
2025-11-20 12:00:00,59180.64271484375,14210.243201497397,17395.46173828125,27574.937775065104,senario_A
2025-11-20 13:00:00,60743.00004557292,16351.482169596353,17532.746065538195,26858.771810438368,senario_A
2025-11-20 14:00:00,60146.65561740451,18155.597578531902,17867.814626193576,24123.243412679032,senario_A
2025-11-20 15:00:00,59584.29682508681,17222.93753092448,19044.57048936632,23316.788804796008,senario_A
2025-11-20 16:00:00,59386.30243272569,12860.271134847004,21016.283959418404,25509.747338460285,senario_A
2025-11-20 17:00:00,58811.43668294271,6704.194203796387,21200.09673014323,30907.14574900309,senario_A
2025-11-20 18:00:00,58145.44229600694,571.0368874344974,16332.731496310764,41241.67391226168,senario_A
2025-11-20 19:00:00,57643.9963671875,0.5990856634328762,12222.43601345486,45420.96126806921,senario_A
2025-11-20 20:00:00,56444.85943359375,0.7548370141287645,10194.223721788194,46249.88087479143,senario_A
2025-11-20 21:00:00,55206.49422743056,0.6795359609027702,10176.491181640626,45029.32350982903,senario_A
2025-11-20 22:00:00,53814.78388237847,0.6518354368209839,10637.873264973958,43176.258781967685,senario_A
2025-11-20 23:00:00,51808.11732638889,0.5906700313587983,12578.046097005208,39229.48055935233,senario_A
2025-11-21 00:00:00,50025.38387586806,0.6205800107121466,13536.78158094618,36487.98171491116,senario_A
2025-11-21 01:00:00,48306.03308159722,0.6118545214707652,14090.26824435764,34215.15298271811,senario_A
2025-11-21 02:00:00,47240.50505750868,0.5841007961456973,14667.842400716148,32572.078555996388,senario_A
2025-11-21 03:00:00,46814.39347981771,0.5957972422738871,16450.225093858506,30363.572588716925,senario_A
2025-11-21 04:00:00,46203.795911458335,0.6805957644805313,16850.67837565104,29352.43694004281,senario_A
2025-11-21 05:00:00,45931.42733506944,0.871835650242865,15965.93415201823,29964.62134740097,senario_A
2025-11-21 06:00:00,46766.941323784726,0.9117675227920214,15457.449265407986,31308.580290853948,senario_A
2025-11-21 07:00:00,49092.5620811632,1.9748488021890322,14568.406675889755,34522.18055647126,senario_A
2025-11-21 08:00:00,50306.84740885417,2009.838879828453,14420.432741970486,33876.57578705523,senario_A
2025-11-21 09:00:00,52904.35815212673,15021.16310546875,12598.570164930556,25284.62488172743,senario_A
2025-11-21 10:00:00,55416.58442708333,22719.246837565104,10396.130904947917,22301.206684570312,senario_A
2025-11-21 11:00:00,57465.45161241319,25147.446752929685,9842.870616319444,22475.134243164062,senario_A
2025-11-21 12:00:00,57403.485500217015,27244.413816731772,9201.883778211806,20957.187905273437,senario_A
2025-11-21 13:00:00,57769.98601671007,29778.202985026044,9271.621807725694,18720.161223958334,senario_A
2025-11-21 14:00:00,58898.99468641493,31563.020485839836,9001.157102050782,18334.817098524312,senario_A
2025-11-21 15:00:00,59961.48947265625,32431.896468098956,8728.796570095486,18800.79643446181,senario_A
2025-11-21 16:00:00,60054.92578776042,30716.199169921878,8007.336900499132,21331.389717339407,senario_A
2025-11-21 17:00:00,59105.47504882813,16362.04259928385,7263.9187502712675,35479.51369927301,senario_A
2025-11-21 18:00:00,57563.20358832465,1455.3178255418934,6501.444400906033,49606.44136187672,senario_A
2025-11-21 19:00:00,56514.68121527778,2.83469409438471,6557.933104112413,49953.91341707099,senario_A
2025-11-21 20:00:00,54882.44595486111,0.3448262635121742,7067.951794162326,47814.14933443527,senario_A
2025-11-21 21:00:00,53504.65999565972,0.5737209997450311,7282.464332546658,46221.621942113314,senario_A
2025-11-21 22:00:00,51755.472098524304,0.603951777331531,6855.252008463542,44899.61613828343,senario_A
2025-11-21 23:00:00,50657.0214561632,0.6022009221216043,7193.452309027778,43462.9669462133,senario_A
2025-11-22 00:00:00,49131.90982421875,0.611442884542048,7100.899506022135,42030.39887531207,senario_A
2025-11-22 01:00:00,46995.96453776042,0.5870119525492191,6343.5101318359375,40651.86739397193,senario_A
2025-11-22 02:00:00,45552.95152560764,0.5755401715636252,5967.499097222222,39584.876888213854,senario_A
2025-11-22 03:00:00,44672.12267361111,0.5906843046223124,6101.346358506945,38570.18563079954,senario_A
2025-11-22 04:00:00,43885.57287326389,0.5968891627589861,5799.42389594184,38085.5520881593,senario_A
2025-11-22 05:00:00,43548.33914171007,0.5878585461899638,5335.951159532335,38211.80012363155,senario_A
2025-11-22 06:00:00,43939.55213541666,0.5682207526514926,4750.27007297092,39188.7138416931,senario_A
2025-11-22 07:00:00,44717.565890842016,7.168955176509916,4246.700732286241,40463.696203379266,senario_A
2025-11-22 08:00:00,45672.09283854167,3212.6996574751533,3830.094582044813,38629.298599021706,senario_A
2025-11-22 09:00:00,48741.28629340278,19805.57632080078,2666.0382315741645,26269.671741027836,senario_A
2025-11-22 10:00:00,52213.881175130206,31393.756525878904,1472.8959923977322,19347.22865685357,senario_A
2025-11-22 11:00:00,52923.291803385415,32742.059894205733,1480.3738815307618,18700.85802764892,senario_A
2025-11-22 12:00:00,52916.72119140625,33323.62520670573,1303.552701856825,18289.543282843697,senario_A
2025-11-22 13:00:00,53112.225478515626,33612.980043131516,1123.0244452582465,18376.22099012586,senario_A
2025-11-22 14:00:00,53838.816705729165,33414.71738606771,1322.7304523383243,19101.368867323134,senario_A
2025-11-22 15:00:00,55316.32318467882,33852.45287841797,1567.1227913750542,19896.747514885792,senario_A
2025-11-22 16:00:00,54959.57559461806,31244.529882812494,2414.0389569769964,21301.006754828566,senario_A
2025-11-22 17:00:00,52928.45612955729,14848.686451822912,2858.104394666884,35221.665283067494,senario_A
2025-11-22 18:00:00,51748.42241970486,921.6454954192911,3736.170572374132,47090.60635191144,senario_A
2025-11-22 19:00:00,51461.81463758681,0.22514455194274577,5656.223717990451,45805.36577504441,senario_A
2025-11-22 20:00:00,50058.79359266493,0.38335281266520427,7041.222118598091,43017.18812125418,senario_A
2025-11-22 21:00:00,49282.43059136285,0.39621713113039725,8150.481433919271,41131.55294031245,senario_A
2025-11-22 22:00:00,48448.90546440972,0.5502441853036484,8697.807725694445,39750.54749452997,senario_A
2025-11-22 23:00:00,47241.50352213542,0.6693080422654747,9084.746925726997,38156.08728836616,senario_A
2025-11-23 00:00:00,46106.40190972222,0.5948517764608064,9536.521391059028,36569.28566688673,senario_A
2025-11-23 01:00:00,44939.63206163194,0.6477195744713148,10142.9457421875,34796.03859986997,senario_A
2025-11-23 02:00:00,43909.13845811632,0.653693196227153,10668.567199707031,33239.917565213065,senario_A
2025-11-23 03:00:00,43063.3665093316,0.653833328820765,10828.442165256076,32234.270510746705,senario_A
2025-11-23 04:00:00,42197.828828125,0.6328837557633716,10699.379411892362,31497.81653247687,senario_A
2025-11-23 05:00:00,41876.00016493056,0.6457435142745575,10955.676370713976,30919.678050702314,senario_A
2025-11-23 06:00:00,42013.20259114583,0.6170164792239665,11916.815139973958,30095.770434692648,senario_A
2025-11-23 07:00:00,42517.042061631946,4.220283852120241,12566.156614583331,29946.665163196496,senario_A
2025-11-23 08:00:00,43492.7185405816,1993.6701418050131,13206.545296223958,28292.503102552626,senario_A
2025-11-23 09:00:00,46761.778715277775,13487.710942382811,13575.820756293402,19698.247016601563,senario_A
2025-11-23 10:00:00,49110.768880208336,20369.44655395508,13639.102357584636,15102.21996866862,senario_A
2025-11-23 11:00:00,49519.00629123264,20813.666436360676,14063.034394802517,14642.305460069447,senario_A
2025-11-23 12:00:00,49107.02839409722,20161.985056966147,14155.636360677085,14789.40697645399,senario_A
2025-11-23 13:00:00,49332.56838107639,19727.160799153644,14691.63300564236,14913.774576280384,senario_A
2025-11-23 14:00:00,50036.671655815975,20389.47255900065,15546.322735731335,14100.87636108399,senario_A
2025-11-23 15:00:00,50083.62921440973,20247.90966796875,15670.02804904514,14165.691497395841,senario_A
2025-11-23 16:00:00,50197.3575531684,16764.08059122721,15381.752430826822,18051.524531114363,senario_A
2025-11-23 17:00:00,49944.43463541667,7734.650538533529,15094.40582248264,27115.378274400504,senario_A
2025-11-23 18:00:00,50906.39780598958,549.6266126116118,15336.87242892795,35019.89876445002,senario_A
2025-11-23 19:00:00,51056.3887109375,0.5036650854845841,14805.788225911458,36250.09681994056,senario_A
2025-11-23 20:00:00,50546.54709092882,0.7886431212723255,13349.053060980905,37196.70538682664,senario_A
2025-11-23 21:00:00,49871.19236979167,0.9907633233070374,12032.44683702257,37837.75476944579,senario_A
2025-11-23 22:00:00,48983.7040625,1.067508475681146,11686.90941514757,37295.727138876755,senario_A
2025-11-23 23:00:00,47473.97377712674,1.00642242235442,11540.5833460829,35932.384008621484,senario_A
2025-11-24 00:00:00,45749.10420355903,0.9584365662932395,11417.25112874349,34330.89463824924,senario_A
2025-11-24 01:00:00,44284.8543250868,0.995167428230246,11118.468817274306,33165.39034038427,senario_A
2025-11-24 02:00:00,43064.366171875,1.0387136709690092,11042.285888671877,32021.041569532157,senario_A
2025-11-24 03:00:00,42630.3123687066,1.0702940446635087,11420.051547851564,31209.190526810373,senario_A
2025-11-24 04:00:00,42964.88317274306,1.0296289401253063,11781.04242404514,31182.811119757796,senario_A
2025-11-24 05:00:00,43671.04656901042,0.9684754900137583,12286.423546006945,31383.654547513455,senario_A
2025-11-24 06:00:00,44500.98270290799,0.9803317773590485,12880.733573404948,31619.26879772568,senario_A
2025-11-24 07:00:00,46136.23918511285,2.9505054543664055,12879.193486328126,33254.09519333035,senario_A
2025-11-24 08:00:00,47986.21914496528,1232.9329503154754,13064.514290364585,33688.771904285226,senario_A
2025-11-24 09:00:00,50228.84950520833,8930.555358072917,12321.503564453124,28976.79058268229,senario_A
2025-11-24 10:00:00,51922.26006293403,16180.313201090496,11121.13041531033,24620.816446533205,senario_A
2025-11-24 11:00:00,54730.56532443577,19148.81206665039,12029.165094129774,23552.588163655604,senario_A
2025-11-24 12:00:00,56136.616848958336,19104.50121582031,12743.811205512153,24288.304427625873,senario_A
2025-11-24 13:00:00,56744.82114800347,18677.46854329427,12883.991027560764,25183.36157714844,senario_A
2025-11-24 14:00:00,57498.57685221354,19761.463492838542,13039.919600694444,24697.193758680554,senario_A
2025-11-24 15:00:00,57719.33421766493,20249.631339518226,12917.208885362414,24552.493992784293,senario_A
2025-11-24 16:00:00,57114.3090125868,20649.290385742188,12699.602805989583,23765.41582085503,senario_A
2025-11-24 17:00:00,55092.4496983507,12900.26450052897,11675.801099989148,30516.384097832582,senario_A
2025-11-24 18:00:00,54562.11637044271,1267.328635595689,8421.620251600478,44873.16748324654,senario_A
2025-11-24 19:00:00,54480.10826063368,0.9795398088296254,7678.403397216797,46800.72532360805,senario_A
2025-11-24 20:00:00,53446.13482421875,2.070969497561455,7313.746920301649,46130.31693441954,senario_A
2025-11-24 21:00:00,52298.4444672309,1.019945270170768,6653.344180365669,45644.08034159506,senario_A
2025-11-24 22:00:00,50440.87214952257,1.286402259444197,5945.491744384765,44494.09400287836,senario_A
2025-11-24 23:00:00,48757.21108723959,1.3777727965513866,5329.128337673611,43426.70497676943,senario_A
2025-11-25 00:00:00,47187.38209418403,1.372188553487261,4835.412425808377,42350.597479822165,senario_A
2025-11-25 01:00:00,46008.72060980903,1.3565636652459703,4591.28219523112,41416.08185091266,senario_A
2025-11-25 02:00:00,45575.14798177083,1.402772196009755,4144.621202799479,41429.124006775346,senario_A
2025-11-25 03:00:00,44595.14130750868,1.3250503237297138,3575.142225070529,41018.674032114424,senario_A
2025-11-25 04:00:00,43668.2606640625,1.3132458134492238,3199.3414116753474,40467.606006573704,senario_A
2025-11-25 05:00:00,44155.40728732639,1.3551727949579557,2942.7007733832465,41211.35134114818,senario_A
2025-11-25 06:00:00,44697.44393337674,1.3647991611808539,2733.667653198242,41962.41148101731,senario_A
2025-11-25 07:00:00,46373.060277777775,1.809581459860007,2337.688439941406,44033.562256376514,senario_A
2025-11-25 08:00:00,47440.87964735243,2732.978365515073,1977.979128519694,42729.92215331766,senario_A
2025-11-25 09:00:00,50643.83003472223,19697.004204101562,2096.925357055664,28849.900473565005,senario_A
2025-11-25 10:00:00,52637.2937391493,31968.360621744796,1897.520674302843,18771.412443101664,senario_A
2025-11-25 11:00:00,52956.60405598959,33660.5365234375,2051.546370578342,17244.521161973753,senario_A
2025-11-25 12:00:00,53623.35299262153,33169.06870605469,2000.171841668023,18454.112444898812,senario_A
2025-11-25 13:00:00,54830.36717013889,33365.802722167966,2799.270996907552,18665.29345106337,senario_A
2025-11-25 14:00:00,57118.536162109376,35087.362525227865,3421.642299194336,18609.531337687175,senario_A
2025-11-25 15:00:00,58066.82155056424,35524.118896484375,4346.764580213759,18195.938073866102,senario_A
2025-11-25 16:00:00,58299.37576822917,32373.205325520838,5926.935694444444,19999.234748263887,senario_A
2025-11-25 17:00:00,56032.79132378472,15978.718620198568,8698.233317328559,31355.83938625759,senario_A
2025-11-25 18:00:00,53969.57877170139,1302.046074193033,11659.183763292102,41008.34893421625,senario_A
2025-11-25 19:00:00,53947.51507378472,0.7564803890387217,14611.588630642362,39335.169962753316,senario_A
2025-11-25 20:00:00,53338.61109157986,1.1430462652941544,18068.61849283854,35268.84955247603,senario_A
2025-11-25 21:00:00,52462.46996527778,1.6069411407907803,20353.30473307292,32107.55829106407,senario_A
2025-11-25 22:00:00,51257.483658854166,1.7903051554163298,21041.73714192708,30213.95621177167,senario_A
2025-11-25 23:00:00,49798.609105902775,1.6612217913071312,21654.799758029512,28142.148126081956,senario_A
2025-11-26 00:00:00,48047.08623263889,1.2434411308169364,21110.867146267363,26934.975645240705,senario_A
2025-11-26 01:00:00,46261.1695811632,1.271155207703511,20863.20514594184,25396.69328001366,senario_A
2025-11-26 02:00:00,44914.90288953993,1.327743685171008,20696.27908203125,24217.29606382351,senario_A
2025-11-26 03:00:00,44090.97841796875,1.1236085452139377,20768.9256374783,23320.929171945238,senario_A
2025-11-26 04:00:00,43410.256664496526,1.1793974920362233,20360.547723524305,23048.529543480185,senario_A
2025-11-26 05:00:00,43579.41275824653,0.9613161933918795,18822.75160373264,24755.699838320503,senario_A
2025-11-26 06:00:00,44725.49387478299,0.9725018732249736,17986.297936197916,26738.223436711844,senario_A
2025-11-26 07:00:00,46323.66937282986,1.1603701256836454,16876.86055121528,29445.6484514889,senario_A
2025-11-26 08:00:00,48144.01023654514,2846.1760577591263,15057.053846842447,30240.780331943562,senario_A
2025-11-26 09:00:00,50300.18705078125,21199.42890991211,11666.409760199653,17434.348380669486,senario_A
2025-11-26 10:00:00,51968.727240668406,31420.906459960937,10086.508907063802,10461.311873643666,senario_A
2025-11-26 11:00:00,51117.52856770833,31372.4410546875,7732.192459174262,12012.895053846569,senario_A
2025-11-26 12:00:00,50943.30730577257,31636.04573242188,6318.623286946615,12988.638286404075,senario_A
2025-11-26 13:00:00,50636.12798177084,32464.503419596353,5773.811844889323,12397.812717285167,senario_A
2025-11-26 14:00:00,50903.88650282118,32805.84962402344,5231.563749050564,12866.473129747177,senario_A
2025-11-26 15:00:00,51772.66064670139,34160.486243489584,5082.547472059462,12529.626931152347,senario_A
2025-11-26 16:00:00,51233.00325086805,32253.80631184896,5282.164908854166,13697.032030164926,senario_A
2025-11-26 17:00:00,50120.82443684896,16117.351842041015,5344.325162760417,28659.147432047524,senario_A
2025-11-26 18:00:00,50443.93117730035,1146.2772205759088,5529.81212483724,43767.8418318872,senario_A
2025-11-26 19:00:00,51009.62584852431,0.8366957915077607,6585.0260770670575,44423.763075665745,senario_A
2025-11-26 20:00:00,50453.859947916666,0.806422607799371,8245.37940592448,42207.67411938439,senario_A
2025-11-26 21:00:00,50129.1206749132,0.893075080315272,10305.787043728298,39822.44055610459,senario_A
2025-11-26 22:00:00,49428.19815538194,0.8460022696852685,10623.17646999783,38804.17568311443,senario_A
2025-11-26 23:00:00,48436.14413411458,0.8414819540580114,10208.129730902778,38227.17292125774,senario_A
2025-11-27 00:00:00,47078.90674587674,0.8392535240699848,10219.961691623264,36858.105800729405,senario_A
2025-11-27 01:00:00,45426.55439019097,0.9338955200711887,9322.95686767578,36102.66362699511,senario_A
2025-11-27 02:00:00,44828.35058159722,0.8657132038474084,8625.076016710069,36202.4088516833,senario_A
2025-11-27 03:00:00,44369.61946180555,0.8603399081279834,8602.122969292535,35766.63615260489,senario_A
2025-11-27 04:00:00,43398.04765190972,0.9427964689830939,8147.593948025174,35249.51090741556,senario_A
2025-11-27 05:00:00,43278.1211968316,1.0662822939952215,7620.411719156901,35656.643195380704,senario_A
2025-11-27 06:00:00,43711.03799479167,1.1758928092569112,7112.038958062066,36597.823143920345,senario_A
2025-11-27 07:00:00,44793.43895182292,1.528764182825883,6886.549861382378,37905.360326257716,senario_A
2025-11-27 08:00:00,45980.96744574653,1580.035019886494,7250.328823649089,37150.60360221095,senario_A
2025-11-27 09:00:00,48759.3816547309,15832.908720296222,6423.498656684028,26502.974277750658,senario_A
2025-11-27 10:00:00,49242.34804904514,27360.523863118487,3991.810972018772,17890.01321390788,senario_A
2025-11-27 11:00:00,49936.010698784725,31231.047461751295,3406.087429945204,15298.875807088225,senario_A
2025-11-27 12:00:00,50285.28837565104,32972.04879801432,3130.5300754801438,14182.709502156576,senario_A
2025-11-27 13:00:00,49456.052202690975,33328.26968424479,2865.1692879231773,13262.613230523006,senario_A
2025-11-27 14:00:00,49557.1993641493,33733.02502604167,2739.827731933594,13084.346606174036,senario_A
2025-11-27 15:00:00,50948.154444444444,34632.88275716146,3584.469551595052,12730.802135687933,senario_A
2025-11-27 16:00:00,49737.162608506944,31615.926756184897,4698.068597954644,13423.167254367403,senario_A
2025-11-27 17:00:00,46421.26558810764,14270.754520670574,5687.615227864583,26462.895839572484,senario_A
2025-11-27 18:00:00,46496.200656467016,772.4309339459737,6778.315781385633,38945.45394113541,senario_A
2025-11-27 19:00:00,46447.52028645833,26.119719657897953,10090.481207139755,36330.91935966068,senario_A
2025-11-27 20:00:00,46167.50569878472,26.20718044281006,13782.154036458332,32359.144481883573,senario_A
2025-11-27 21:00:00,46191.03127387153,25.669342032869658,16406.042336154514,29759.31959568415,senario_A
2025-11-27 22:00:00,45589.86526909722,1.3809937158972023,17512.757466362847,28075.72680901848,senario_A
2025-11-27 23:00:00,44894.43865017361,1.0930629059424004,17308.67500434028,27584.670582927385,senario_A
2025-11-28 00:00:00,43987.91726345486,0.9119589816530547,16981.95653049045,27005.048773982755,senario_A
2025-11-28 01:00:00,43142.47529622396,0.8916591919958592,16637.16869140625,26504.41494562571,senario_A
2025-11-28 02:00:00,42420.893654513886,0.8789160138865311,16804.212931857637,25615.801806642365,senario_A
2025-11-28 03:00:00,42307.62590169271,0.8799465818951526,17639.00703233507,24667.73892277574,senario_A
2025-11-28 04:00:00,42346.51171006945,0.9220670586576065,19649.55060872396,22696.03903428683,senario_A
2025-11-28 05:00:00,42549.16160807292,1.0514114902416867,20664.17276529948,21883.9374312832,senario_A
2025-11-28 06:00:00,43575.51513563368,1.3659442542493343,21860.129742296005,21714.019449083426,senario_A
2025-11-28 07:00:00,45052.23771267361,2.2039159324765203,22720.736137152777,22329.297659588356,senario_A
2025-11-28 08:00:00,46016.167265625,1430.7615513038636,23320.79371744792,21264.61199687322,senario_A
2025-11-28 09:00:00,47860.65777777778,8840.792035725912,22977.07472005208,16042.791021999787,senario_A
2025-11-28 10:00:00,49911.14986762153,16445.686822916665,22952.143864474827,10513.319180230035,senario_A
2025-11-28 11:00:00,51191.90898546007,19454.312259928385,23793.61195638021,7943.984769151473,senario_A
2025-11-28 12:00:00,50479.57485460069,19321.60875447591,23662.822069769965,7495.144030354812,senario_A
2025-11-28 13:00:00,49529.80579101563,16907.64646931966,23830.063305121526,8792.09601657444,senario_A
2025-11-28 14:00:00,48870.98822048611,15486.517010091145,23765.01527180989,9619.45593858508,senario_A
2025-11-28 15:00:00,48455.80202039931,12648.092162068684,25175.96899142795,10631.74086690267,senario_A
2025-11-28 16:00:00,48245.04104275173,7637.822967122396,26440.194815538194,14167.023260091137,senario_A
2025-11-28 17:00:00,48586.31161024306,3593.244090983073,26228.23105251736,18764.83646674263,senario_A
2025-11-28 18:00:00,49479.67709201389,371.47144369150203,26790.732037760416,22317.47361056197,senario_A
2025-11-28 19:00:00,49869.93716579861,0.8429973182951411,27165.9232562934,22703.170912186917,senario_A
2025-11-28 20:00:00,49316.39375542535,0.9377043546239536,27548.679709743923,21766.7763413268,senario_A
2025-11-28 21:00:00,48933.20293077257,0.7711959523583451,27549.80859049479,21382.62314432542,senario_A
2025-11-28 22:00:00,48189.97143446181,0.8717215892175834,27179.48513888889,21009.614573983705,senario_A
2025-11-28 23:00:00,47259.739366319445,0.9941137052079041,27085.15545355903,20173.589799055208,senario_A
2025-11-29 00:00:00,46182.98675564236,1.055697302594781,27063.65851236979,19118.272545969976,senario_A
2025-11-29 01:00:00,44703.68452039931,0.9270270831882954,26193.850108506944,18508.907384809172,senario_A
2025-11-29 02:00:00,43718.447863498266,0.8661278331279754,25462.53118543837,18255.05055022677,senario_A
2025-11-29 03:00:00,42940.85614366319,0.7358278477191925,25088.052111545137,17852.068204270337,senario_A
2025-11-29 04:00:00,42265.6382421875,0.6695236151417097,23679.7360422092,18585.23267636316,senario_A
2025-11-29 05:00:00,42182.35634657118,0.8216153576473395,23296.16310275608,18885.371628457448,senario_A
2025-11-29 06:00:00,42847.94517144097,0.970970406482617,23355.518618164064,19491.45558287043,senario_A
2025-11-29 07:00:00,43601.86284071181,0.8444184076786041,22683.225282118052,20917.793140186077,senario_A
2025-11-29 08:00:00,44700.06938151042,384.7923532469074,22035.237673068576,22280.039355194935,senario_A
2025-11-29 09:00:00,46805.5225672743,6820.477341918946,20736.45583550347,19248.589389851888,senario_A
2025-11-29 10:00:00,49774.32673394097,15256.522381591796,18891.056954752603,15626.747397596577,senario_A
2025-11-29 11:00:00,49756.639555121525,18381.579583333332,17622.502914496527,13752.557057291666,senario_A
2025-11-29 12:00:00,50093.68371527778,19228.317829996748,16809.694005533853,14055.67187974718,senario_A
2025-11-29 13:00:00,50862.06844618056,19367.16243326823,17202.899581163194,14292.006431749134,senario_A
2025-11-29 14:00:00,50537.13185763889,20863.937798665364,16479.57582736545,13193.618231608074,senario_A
2025-11-29 15:00:00,50677.52861545139,21031.900265299482,15842.37892795139,13803.249422200517,senario_A
2025-11-29 16:00:00,50855.805653211806,18777.685548502603,16748.377587890624,15329.74251681858,senario_A
2025-11-29 17:00:00,50712.81764539931,10904.922261149088,19638.20347439236,20169.691909857862,senario_A
2025-11-29 18:00:00,51135.87042534722,899.2716993459811,21682.575625,28554.023101001232,senario_A
2025-11-29 19:00:00,51108.23213324653,0.8494941582282384,23291.853565538197,27815.529073550108,senario_A
2025-11-29 20:00:00,50666.18512152778,1.2110991438726586,24220.109481336807,26444.864541047096,senario_A
2025-11-29 21:00:00,50743.7257562934,1.2271406156073015,25007.950064019096,25734.5485516587,senario_A
2025-11-29 22:00:00,50212.91217013889,1.2222050658116737,25338.526937934028,24873.16302713905,senario_A
2025-11-29 23:00:00,49291.40301649306,1.1626141265034675,25701.942944878472,23588.297457488086,senario_A
2025-11-30 00:00:00,48285.93105794271,1.260993745625019,25129.510403103297,23155.159661093792,senario_A
2025-11-30 01:00:00,47270.7106640625,1.2618926000098387,24354.487491319444,22914.96128014305,senario_A
2025-11-30 02:00:00,46286.79461588542,1.2724146623164416,23350.47662868924,22935.04557253386,senario_A
2025-11-30 03:00:00,45082.96677951389,1.08294227078557,22157.40373697917,22924.480100263936,senario_A
2025-11-30 04:00:00,44733.90324869792,0.8297276895741621,21103.756690538197,23629.316830470147,senario_A
2025-11-30 05:00:00,45443.29076931423,0.6646607243393858,20635.42232421875,24807.203784371144,senario_A
2025-11-30 06:00:00,45684.77266493056,0.659743770348529,19711.187846679688,25972.92507448053,senario_A
2025-11-30 07:00:00,46580.12877170139,0.7303613617022832,18752.137641059027,27827.26076928066,senario_A
2025-11-30 08:00:00,47756.16843207465,688.5082686619958,17568.247696940103,29499.412466472553,senario_A
2025-11-30 09:00:00,50116.26484049479,6836.298599039714,16948.32220106337,26331.644040391708,senario_A
2025-11-30 10:00:00,51948.32671766493,12729.394222005209,15666.537053493925,23552.3954421658,senario_A
2025-11-30 11:00:00,52509.41609375,15790.589090983074,13535.874468858508,23182.952533908414,senario_A
2025-11-30 12:00:00,52416.73553602431,18324.711357828775,11536.284947374132,22555.739230821404,senario_A
2025-11-30 13:00:00,52069.540609809024,18848.98077026367,10561.845384385852,22658.714455159505,senario_A
2025-11-30 14:00:00,51494.32715820312,19059.098012695315,9796.094528808591,22639.134616699215,senario_A
2025-11-30 15:00:00,51179.44253038194,15223.814287923178,9248.056040581598,26707.572201877156,senario_A
2025-11-30 16:00:00,51491.99079861112,8630.634576822917,8765.253008897569,34096.10321289064,senario_A
2025-11-30 17:00:00,52436.51913411458,2861.809924468994,8315.17826171875,41259.53094792683,senario_A
2025-11-30 18:00:00,54342.97180989583,135.66612461037937,7836.025646158854,46371.28003912661,senario_A
2025-11-30 19:00:00,55352.054756944446,0.3717843729381759,8001.3686908637155,47350.31428170779,senario_A
2025-11-30 20:00:00,55285.10364583333,0.6420780936504404,7783.440798882379,47501.0207688573,senario_A
2025-11-30 21:00:00,54497.8534375,0.653623771034181,7594.376066080729,46902.82374764824,senario_A
2025-11-30 22:00:00,53400.926336805554,0.6761431206266085,7500.630316840277,45899.61987684465,senario_A
2025-11-30 23:00:00,51588.546590711805,0.677702365964651,6841.450643988716,44746.41824435712,senario_A
2025-12-01 00:00:00,50157.727439236114,0.6860868247846762,6044.719462890625,44112.32188952071,senario_A
2025-12-01 01:00:00,49583.333740234375,1.1331331078459819,5714.553756781684,43867.64685034484,senario_A
2025-12-01 02:00:00,48873.23396809896,0.7974686288585265,5159.137673746744,43713.29882572336,senario_A
2025-12-01 03:00:00,48108.45422743056,0.9670532203217347,4434.759782714844,43672.72739149539,senario_A
2025-12-01 04:00:00,47540.56058810764,1.5380246000488595,3902.410944281684,43636.61161922591,senario_A
2025-12-01 05:00:00,47869.1677734375,1.2463045161714157,3704.422250773112,44163.499218148216,senario_A
2025-12-01 06:00:00,49546.76123263889,0.954668940603733,3383.4355455186637,46162.37101817962,senario_A
2025-12-01 07:00:00,52491.422662760415,0.71076528634876,3334.9190224880645,49155.792874986,senario_A
2025-12-01 08:00:00,53805.95151367188,170.6149378788471,2638.632920396593,50996.703655396435,senario_A
2025-12-01 09:00:00,54718.3807562934,4427.896216074625,2160.185647854275,48130.2988923645,senario_A
2025-12-01 10:00:00,56198.45877387153,9805.68412923177,1897.66150648329,44495.11313815647,senario_A
2025-12-01 11:00:00,57224.27017144097,12097.898252970377,1685.4218106079102,43440.95010786268,senario_A
2025-12-01 12:00:00,58436.31105794271,14632.198615722657,1998.6584901597764,41805.45395206028,senario_A
2025-12-01 13:00:00,59118.41092773437,15713.21180135091,2954.0514879692923,40451.147638414164,senario_A
2025-12-01 14:00:00,59490.00008680556,15639.36983561198,3919.836200900608,39930.79405029297,senario_A
2025-12-01 15:00:00,59431.94495442708,14986.318925374351,4421.593509385851,40024.03251966688,senario_A
2025-12-01 16:00:00,58238.89641059028,13955.792976888024,6033.699344211154,38249.4040894911,senario_A
2025-12-01 17:00:00,58452.69997178819,8435.853091227214,6891.237400580512,43125.60947998046,senario_A
2025-12-01 18:00:00,59091.72804578993,832.3386747671912,5917.595448676216,52341.79392234653,senario_A
2025-12-01 19:00:00,59128.99904622396,0.48024314883475505,5990.477852376303,53138.04095069882,senario_A
2025-12-01 20:00:00,58296.70682942709,1.4761145336305104,5773.886539171007,52521.34417572245,senario_A
2025-12-01 21:00:00,57088.96184136285,0.849250515922904,5446.176080322266,51641.93651052466,senario_A
2025-12-01 22:00:00,55736.64443250868,0.9638238308330377,4934.070453965929,50801.61015471192,senario_A
2025-12-01 23:00:00,54106.53228081597,0.7657708254953225,4433.515813802083,49672.25069618839,senario_A
2025-12-02 00:00:00,53391.62122395833,0.7802560557425022,4244.984641384549,49145.85632651804,senario_A
2025-12-02 01:00:00,52604.97636393229,0.7708359037712216,4252.662721761068,48351.542806267455,senario_A
2025-12-02 02:00:00,52603.104994574656,0.798905752748251,4358.345821126302,48243.96026769561,senario_A
2025-12-02 03:00:00,53089.21658637153,0.7516555295636256,5081.58849975586,48006.8764310861,senario_A
2025-12-02 04:00:00,53522.9144390191,0.8232246636102597,5833.65141547309,47688.4397988824,senario_A
2025-12-02 05:00:00,53338.69372178819,1.177484253545602,5757.678418104384,47579.837819430264,senario_A
2025-12-02 06:00:00,55686.8204296875,0.8646242002149424,6249.7451907009545,49436.21061478633,senario_A
2025-12-02 07:00:00,59251.02481987848,0.8811342648168404,6758.378768853082,52491.764916760585,senario_A
2025-12-02 08:00:00,60798.42617404514,2158.8553827057285,7329.088169894749,51310.482621444666,senario_A
2025-12-02 09:00:00,62192.92449327257,21598.36080891927,7371.238444552951,33223.325239800346,senario_A
2025-12-02 10:00:00,60949.31289930556,35867.71127278645,6640.319793158637,18441.28183336047,senario_A
2025-12-02 11:00:00,58159.850703125,35626.946559244796,7782.406520182291,14750.49762369791,senario_A
2025-12-02 12:00:00,55906.172078993055,33851.288260904956,9689.184150661891,12365.699667426208,senario_A
2025-12-02 13:00:00,56283.40860134549,32959.733177897135,11594.76476264106,11728.910660807293,senario_A
2025-12-02 14:00:00,55177.24446614584,29911.139055175772,13190.221955566409,12075.883455403662,senario_A
2025-12-02 15:00:00,53376.69608072917,27684.404271647138,13438.712038574218,12253.579770507813,senario_A
2025-12-02 16:00:00,51786.5908452691,23897.38708984375,13956.93449951172,13932.26925591363,senario_A
2025-12-02 17:00:00,52274.33873046875,13973.364051513672,16079.950865885416,22221.02381306966,senario_A
2025-12-02 18:00:00,54733.32741644965,1127.6250435957313,18436.725474175342,35168.97689867857,senario_A
2025-12-02 19:00:00,56938.58526475694,1.216873265703519,20891.76508029514,36045.6033111961,senario_A
2025-12-02 20:00:00,57504.5010015191,1.7141382854183513,21808.823841145837,35693.963022087846,senario_A
2025-12-02 21:00:00,57461.852439236114,0.9867426221817732,22101.31470865885,35359.55098795508,senario_A
2025-12-02 22:00:00,56483.20524631076,1.0262730094542105,21578.90782118056,34903.271152120746,senario_A
2025-12-02 23:00:00,54854.19335503472,1.0463727193325758,21867.98150607639,32985.165476238995,senario_A
2025-12-03 00:00:00,53085.78752929688,1.057263228868445,22243.661412217883,30841.06885385013,senario_A
2025-12-03 01:00:00,52088.780735677086,1.008751565615336,22040.801204427084,30046.97077968439,senario_A
2025-12-03 02:00:00,51799.673040364585,0.9816617657740911,21905.85939453125,29892.831984067565,senario_A
2025-12-03 03:00:00,51749.9373936632,0.9750165804227193,21798.756087239584,29950.20628984319,senario_A
2025-12-03 04:00:00,51526.35659939236,0.9665453366438548,21606.26534939236,29919.124704663354,senario_A
2025-12-03 05:00:00,51887.59922309028,0.9575613034764926,20753.93703125,31132.704630536802,senario_A
2025-12-03 06:00:00,53886.86707248264,0.9478176014622053,19652.129010416666,34233.790244464515,senario_A
2025-12-03 07:00:00,57101.9129796007,0.9917233977715174,18765.01409939236,38335.90715681057,senario_A
2025-12-03 08:00:00,58030.17486111111,568.8251595245799,17070.454793836805,40390.894907749724,senario_A
2025-12-03 09:00:00,57223.59278211805,6612.9009037272135,13124.12066297743,37486.57121541341,senario_A
2025-12-03 10:00:00,56438.867144097225,15056.315768229166,9667.51242404514,31715.03895182292,senario_A
2025-12-03 11:00:00,55638.07106553819,18547.359537760414,7776.307247178819,29314.40428059896,senario_A
2025-12-03 12:00:00,54231.29619574653,18502.368754882813,5854.116048177083,29874.81139268663,senario_A
2025-12-03 13:00:00,53300.500859375,18548.79667643229,4060.7098787434898,30690.99430419923,senario_A
2025-12-03 14:00:00,52921.480199652775,18100.99869628906,3450.0569137912325,31370.42458957248,senario_A
2025-12-03 15:00:00,52815.17712890625,16591.973574218748,3619.136023763021,32604.067530924483,senario_A
2025-12-03 16:00:00,52827.7696983507,13306.39496907552,4812.367651367187,34709.00707790799,senario_A
2025-12-03 17:00:00,52473.38083767361,6453.933282063802,7237.023765190972,38782.42379041884,senario_A
2025-12-03 18:00:00,53486.48648654514,559.4291409426927,10420.521121961803,42506.536223640636,senario_A
2025-12-03 19:00:00,54496.42721354167,0.8480999056001504,13908.39052842882,40587.18858520725,senario_A
2025-12-03 20:00:00,54155.67372612847,0.8512482298910617,16265.909833984377,37888.912643914206,senario_A
2025-12-03 21:00:00,53798.8077842882,1.2401574412484964,17478.94713324653,36318.62049360042,senario_A
2025-12-03 22:00:00,52823.042292751736,0.813379122664531,18685.88902126736,34136.339892361706,senario_A
2025-12-03 23:00:00,50981.80227430556,0.8156428286433219,19287.10378472222,31693.882846754695,senario_A
2025-12-04 00:00:00,49421.38093315972,0.830541738718748,20334.871597222223,29085.678794198782,senario_A
2025-12-04 01:00:00,47848.42664496528,0.8154594967265925,21182.668498263887,26664.942687204664,senario_A
2025-12-04 02:00:00,47557.503470052085,0.821677751193444,21508.16453125,26048.517261050893,senario_A
2025-12-04 03:00:00,48356.1699891493,0.7893561773002149,22437.603756510416,25917.77687646158,senario_A
2025-12-04 04:00:00,47314.81194878472,0.7589436707397301,21327.964622395837,25986.088382718142,senario_A
2025-12-04 05:00:00,47335.5282139757,0.7567277912795545,19219.71538845486,28115.056097729554,senario_A
2025-12-04 06:00:00,49049.15935763889,0.768268591761589,16598.03115234375,32450.359936703382,senario_A
2025-12-04 07:00:00,52323.14767144097,1.4226069009800755,14234.193038194444,38087.53202634555,senario_A
2025-12-04 08:00:00,53723.742680121526,70.70044611374537,11322.963682725696,42330.07855128208,senario_A
2025-12-04 09:00:00,54121.27059678819,1190.3059754435221,8594.902193467882,44336.06242787679,senario_A
2025-12-04 10:00:00,55462.69869791667,3048.7906376139317,6905.193998480902,45508.71406182184,senario_A
2025-12-04 11:00:00,56515.41576822917,5198.095884195964,6897.445358615451,44419.874525417756,senario_A
2025-12-04 12:00:00,57884.05393880208,7434.946639811198,7439.291516384548,43009.81578260633,senario_A
2025-12-04 13:00:00,57603.75200737847,9787.39084716797,8552.346974826389,39264.01418538411,senario_A
2025-12-04 14:00:00,57040.34071180556,9347.953361002605,8867.305572916666,38825.08177788629,senario_A
2025-12-04 15:00:00,56417.377310112846,8401.915882975261,9090.717690700954,38924.74373643663,senario_A
2025-12-04 16:00:00,56094.0262217882,6568.767614339193,8317.102981228298,41208.1556262207,senario_A
2025-12-04 17:00:00,56934.5473936632,3042.0058219401044,6878.794797634549,47013.74677408855,senario_A
2025-12-04 18:00:00,58346.56669270834,298.05853508949275,5729.6058349609375,52318.90232265791,senario_A
2025-12-04 19:00:00,58221.306677517365,14.633781903659305,5319.841538085938,52886.83135752777,senario_A
2025-12-04 20:00:00,58181.50011501736,0.5024335025499265,5682.230482855903,52498.76719865891,senario_A
2025-12-04 21:00:00,57709.67706380208,0.826408509934942,6657.5406640625,51051.309991229646,senario_A
2025-12-04 22:00:00,56972.15509114583,0.6365777649233737,6969.847122395833,50001.67139098507,senario_A
2025-12-04 23:00:00,55608.85853515625,0.4570608864227931,7088.655657552084,48519.74581671774,senario_A
2025-12-05 00:00:00,54011.80255642361,0.4457432626684507,8167.63408203125,45843.722731129696,senario_A
2025-12-05 01:00:00,50860.95087456597,0.509267885958155,9911.182365451388,40949.259241228625,senario_A
2025-12-05 02:00:00,49777.027867838544,0.4322795403127869,10895.091798502604,38881.50378979563,senario_A
2025-12-05 03:00:00,49451.04834635417,0.41610117591917517,10904.079621310764,38546.55262386748,senario_A
2025-12-05 04:00:00,49502.02133246528,0.43758231843511264,12244.898483072917,37256.685267073924,senario_A
2025-12-05 05:00:00,50760.315842013886,0.46839056357741354,13247.87375108507,37511.97370036524,senario_A
2025-12-05 06:00:00,53135.44204427084,0.44223145283758636,13284.272133246528,39850.72767957148,senario_A
2025-12-05 07:00:00,56701.58947482639,0.4534467398126919,12637.78992296007,44063.346105126504,senario_A
2025-12-05 08:00:00,58432.520104166666,659.6754643260936,11633.38173611111,46139.462903729465,senario_A
2025-12-05 09:00:00,58096.56593858507,7665.248680013021,11208.70141357422,39222.615844997825,senario_A
2025-12-05 10:00:00,57311.82496961806,15500.827056477865,8281.223540039062,33529.77437310113,senario_A
2025-12-05 11:00:00,56145.22147135417,18212.03475748698,6595.125487196181,31338.06122667101,senario_A
2025-12-05 12:00:00,54711.08515950521,20583.682255045573,5186.550265299479,28940.85263916016,senario_A
2025-12-05 13:00:00,53584.02179253472,20271.702249348957,4224.482808702257,29087.836734483502,senario_A
2025-12-05 14:00:00,52598.792235243054,18535.15052408854,4195.3340492079,29868.307661946616,senario_A
2025-12-05 15:00:00,51915.52365526575,16353.89879720052,4233.866078016493,31327.758780048738,senario_A
2025-12-05 16:00:00,51831.89989583333,12739.622814127604,4369.570639105903,34722.706442599825,senario_A
2025-12-05 17:00:00,52502.99016493056,6945.9350972493485,4054.3368413628473,41502.718226318364,senario_A
2025-12-05 18:00:00,54362.15940104167,559.3999678007638,4385.464255642361,49417.29517759854,senario_A
2025-12-05 19:00:00,55103.34666232639,0.20494814615696672,5917.828564453125,49185.3131497271,senario_A
2025-12-05 20:00:00,54709.5953515625,0.21149294468263785,8220.908562825522,46488.4752957923,senario_A
2025-12-05 21:00:00,54419.68475694444,0.240465940038363,9671.23199435764,44748.21229664676,senario_A
2025-12-05 22:00:00,53648.4294921875,0.30309834603220215,10369.99056857639,43278.135825265075,senario_A
2025-12-05 23:00:00,52175.32016059028,0.22160291771094,9687.809224175347,42487.28933349722,senario_A
2025-12-06 00:00:00,50448.556549479166,0.24193944231917458,7901.578606770833,42546.736003266014,senario_A
2025-12-06 01:00:00,49256.355078125,0.25760417394340035,6713.937406684027,42542.16006726703,senario_A
2025-12-06 02:00:00,48277.64785807292,0.3231053942566116,5382.988430447049,42894.33632223162,senario_A
2025-12-06 03:00:00,47873.912825520834,0.3958007947107156,4044.1705037434895,43829.34652098264,senario_A
2025-12-06 04:00:00,47738.45597873264,0.40475486914316805,3855.4275919596353,43882.623631903865,senario_A
2025-12-06 05:00:00,48011.76336805556,0.3913713352754712,3997.36604031033,44014.00595640996,senario_A
2025-12-06 06:00:00,49000.85326388889,0.6036687290295959,4605.8428141276045,44394.40678103225,senario_A
2025-12-06 07:00:00,50515.19941189236,0.8227578437452514,5121.3663943142365,45393.01025973438,senario_A
2025-12-06 08:00:00,51523.381256510416,891.5800781218211,5300.096314561632,45331.70486382696,senario_A
2025-12-06 09:00:00,52233.08792317708,13370.729374593098,5051.5572721354165,33810.80127644857,senario_A
2025-12-06 10:00:00,52540.1844639757,27079.236596679686,3483.382611219618,21977.565256076392,senario_A
2025-12-06 11:00:00,51346.37829427084,28657.227711588537,3113.984586588542,19575.16599609376,senario_A
2025-12-06 12:00:00,50316.76765407986,28348.822591145836,5230.570480957032,16737.37458197699,senario_A
2025-12-06 13:00:00,49768.42945746528,28460.595908203126,9817.860620117188,11489.972929144968,senario_A
2025-12-06 14:00:00,49565.47792317708,28672.151354166665,13293.850447048611,7599.476121961805,senario_A
2025-12-06 15:00:00,49101.79354817709,29121.775458984375,13922.043283420138,6057.974805772577,senario_A
2025-12-06 16:00:00,48959.50415798611,25705.000310872398,14840.859684244791,8413.644162868924,senario_A
2025-12-06 17:00:00,48999.88251953125,14513.452928873696,14693.973637152778,19792.45595350478,senario_A
2025-12-06 18:00:00,49713.92068359375,1061.034184927096,13581.571984592014,35071.314514074635,senario_A
2025-12-06 19:00:00,50360.96124348958,0.43314978470404936,15439.087613932292,34921.44047977259,senario_A
2025-12-06 20:00:00,49868.31437282986,0.6609226655960082,17995.315045572916,31872.33840459135,senario_A
2025-12-06 21:00:00,49658.26419487847,0.8931013695398967,18497.75375,31159.617343508933,senario_A
2025-12-06 22:00:00,49138.23877170139,0.81823126172026,18131.924503038197,31005.496037401474,senario_A
2025-12-06 23:00:00,48048.84944878472,0.7680957984924317,18112.94329861111,29935.13805437512,senario_A
2025-12-07 00:00:00,46474.104735243054,0.574988296876351,17550.781453993055,28922.748292953125,senario_A
2025-12-07 01:00:00,44954.56459201389,0.5079781811932722,16426.835460069444,28527.221153763254,senario_A
2025-12-07 02:00:00,43870.98690538194,0.5625702791909376,16545.893894314235,27324.53044078852,senario_A
2025-12-07 03:00:00,43236.35960720486,0.6860690710445244,17237.666106770834,25998.00743136298,senario_A
2025-12-07 04:00:00,43143.25669921875,0.8131415729721387,17319.770980902777,25822.672576743,senario_A
2025-12-07 05:00:00,43363.81194661458,0.6109338542819023,16534.424520399305,26828.776492360994,senario_A
2025-12-07 06:00:00,43823.91706814237,0.5832567166288694,15404.718823784722,28418.61498764102,senario_A
2025-12-07 07:00:00,44743.80564236111,0.7296498699982961,15327.174584418402,29415.901408072707,senario_A
2025-12-07 08:00:00,45781.45270833333,569.2958305719495,15629.152185329862,29583.004692431517,senario_A
2025-12-07 09:00:00,47119.00103081597,9024.695298258463,15312.815483940973,22781.490248616534,senario_A
2025-12-07 10:00:00,48728.87413411459,18580.704648437502,14949.051333550347,15199.118152126737,senario_A
2025-12-07 11:00:00,49496.363901909725,20247.718173828125,16217.3515234375,13031.294204644098,senario_A
2025-12-07 12:00:00,50101.7834765625,20221.414916992188,16924.083161892362,12956.285397677952,senario_A
2025-12-07 13:00:00,50649.46935329861,21511.17948893229,16293.414133029512,12844.875731336813,senario_A
2025-12-07 14:00:00,50878.00750651042,23153.941404622397,14919.194446614583,12804.871655273437,senario_A
2025-12-07 15:00:00,50727.25121310764,25233.39062011719,12610.681124131945,12883.179468858503,senario_A
2025-12-07 16:00:00,50447.98501519097,24434.84314453125,10989.44023871528,15023.701631944441,senario_A
2025-12-07 17:00:00,50604.92344618055,13627.146743570964,9562.237255859374,27415.539446750216,senario_A
2025-12-07 18:00:00,51861.48461371528,1183.5555868075787,8233.160839301216,42444.76818760649,senario_A
2025-12-07 19:00:00,53144.86363932292,0.4566518844167391,9074.929089626736,44069.47789781177,senario_A
2025-12-07 20:00:00,53318.658127170136,0.5028895593682925,10509.905184461806,42808.25005314896,senario_A
2025-12-07 21:00:00,53114.74014539931,0.5692175322771071,11464.256758897567,41649.914168969466,senario_A
2025-12-07 22:00:00,52557.01573567709,0.608949545820554,11925.08327690972,40631.32350922155,senario_A
2025-12-07 23:00:00,50998.3538671875,0.5221770308415095,11386.374972873264,39611.45671728339,senario_A
2025-12-08 00:00:00,49303.35062717014,0.5353702023128668,11527.77121310764,37775.04404386019,senario_A
2025-12-08 01:00:00,48151.18133680556,0.531018179009358,10587.01249782986,37563.637820796685,senario_A
2025-12-08 02:00:00,47548.8842719184,0.5684287799273928,10324.45206515842,37223.86377798005,senario_A
2025-12-08 03:00:00,47662.50450086805,0.5580468357602755,9678.364446614583,37983.58200741771,senario_A
2025-12-08 04:00:00,48370.56955295139,0.5810181372364362,9813.634721137152,38556.353813677,senario_A
2025-12-08 05:00:00,49895.9855078125,0.5727510015666485,9983.699644097222,39911.71311271371,senario_A
2025-12-08 06:00:00,52939.52349609375,0.566250305622816,10006.567582465275,42932.38966332286,senario_A
2025-12-08 07:00:00,57234.55211371528,0.5975746828317642,10053.109887152776,47180.84465187967,senario_A
2025-12-08 08:00:00,58654.90629123264,1820.0569993205866,9850.686203342017,46984.163088570036,senario_A
2025-12-08 09:00:00,58049.89164496528,18703.54196370443,8184.791896158854,31161.557785101995,senario_A
2025-12-08 10:00:00,56635.179322916665,35067.727135416666,5831.891309678819,15735.560877821179,senario_A
2025-12-08 11:00:00,54768.1538780382,37158.05038736979,5095.433130425347,12514.670360243068,senario_A
2025-12-08 12:00:00,52796.13086588542,36025.794069010415,5517.544286024306,11252.792510850697,senario_A
2025-12-08 13:00:00,51469.03666015625,35305.297392578126,6402.866285807292,9760.87298177083,senario_A
2025-12-08 14:00:00,50540.90901041667,35871.14290039062,7161.978305121528,7507.787804904517,senario_A
2025-12-08 15:00:00,49933.89272135417,36739.663063151034,7440.481285807292,5753.748372395842,senario_A
2025-12-08 16:00:00,49840.47426215278,33728.584677734376,7789.776839735243,8322.112744683158,senario_A
2025-12-08 17:00:00,50298.80693142361,18207.491224772137,8396.723633355035,23694.59207329644,senario_A
2025-12-08 18:00:00,52225.80408854166,1266.2986805423102,8648.16494140625,42311.3404665931,senario_A
2025-12-08 19:00:00,54385.45211805555,6.617134397129218,12688.271202256945,41690.56378140148,senario_A
2025-12-08 20:00:00,55268.2475672743,0.6917905446887016,15875.852227647569,39391.70354908204,senario_A
2025-12-08 21:00:00,55528.29453776042,1.4701567750175797,18412.26279947917,37114.561581506234,senario_A
2025-12-08 22:00:00,55122.10255642361,1.410963818927606,19797.139759114583,35323.5518334901,senario_A
2025-12-08 23:00:00,53508.38486328125,1.100469539264838,19985.010128038197,33522.27426570379,senario_A
2025-12-09 00:00:00,51924.153771701385,0.9603256033360957,20057.197921006944,31865.995525091104,senario_A
2025-12-09 01:00:00,50739.22356336805,1.0218520893156529,19821.50312934028,30916.69858193845,senario_A
2025-12-09 02:00:00,50283.72910373264,0.7642390042791765,20187.528611653644,30095.436253074717,senario_A
2025-12-09 03:00:00,50284.67911458333,0.798510520507892,19963.863283420134,30320.017320642684,senario_A
2025-12-09 04:00:00,50633.901627604166,0.638175701747338,19861.26519314236,30771.99825876006,senario_A
2025-12-09 05:00:00,52258.406775173615,0.9236194333434105,19767.529921875,32489.95323386527,senario_A
2025-12-09 06:00:00,55124.64779947917,1.1571050867438317,19980.157016059027,35143.3336783334,senario_A
2025-12-09 07:00:00,59228.87803385417,0.907363539636135,19507.307699652774,39720.66297066176,senario_A
2025-12-09 08:00:00,60387.2947265625,1726.6933402182658,18929.387489149307,39731.21389719493,senario_A
2025-12-09 09:00:00,58661.838871527776,19106.53999186198,16807.614488932293,22747.684390733502,senario_A
2025-12-09 10:00:00,55883.068020833336,32704.555234375002,12426.515848524306,10751.996937934027,senario_A
2025-12-09 11:00:00,53683.47950086805,34913.84288736979,11315.419616970486,7454.2169965277735,senario_A
2025-12-09 12:00:00,51721.68650390625,34920.899619954434,11401.799530436198,5398.987353515615,senario_A
2025-12-09 13:00:00,50356.32503038194,33498.86586588541,12008.8180078125,4848.641156684025,senario_A
2025-12-09 14:00:00,49549.276154513886,31917.454388020837,13405.50754123264,4226.314225260408,senario_A
2025-12-09 15:00:00,49056.88440972223,30089.450677083336,15094.900946180556,3872.5327864583396,senario_A
2025-12-09 16:00:00,49108.88123263889,27597.663069661456,16271.395006510416,5239.823156467015,senario_A
2025-12-09 17:00:00,49731.05989149305,15359.87791544596,17894.37314236111,16476.80883368598,senario_A
2025-12-09 18:00:00,51500.10876736111,1221.0186797229449,19228.685703125,31050.404384513164,senario_A
2025-12-09 19:00:00,53008.0260546875,2.2094270722568035,21865.671842447915,31140.144785167326,senario_A
2025-12-09 20:00:00,53308.17230034722,0.5619490012650689,24607.01922309028,28700.591128255674,senario_A
2025-12-09 21:00:00,53141.69632378472,0.5960237308094898,25998.560787760416,27142.539512293497,senario_A
2025-12-09 22:00:00,52400.73480034722,0.6985801856716474,26624.27404079861,25775.76217936294,senario_A
2025-12-09 23:00:00,50452.18172743056,0.5409776469009617,26644.704891493056,23806.9358582906,senario_A
2025-12-10 00:00:00,48331.8452452257,0.5340500769143303,26329.30690483941,22002.00429030937,senario_A
2025-12-10 01:00:00,47031.86822048611,0.5172686481103301,25844.560792100696,21186.790159737306,senario_A
2025-12-10 02:00:00,46127.73760850694,0.3841935956602296,24599.84131347656,21527.51210143472,senario_A
2025-12-10 03:00:00,45656.52524956597,0.22432511791586862,22392.06097873264,23264.239945715417,senario_A
2025-12-10 04:00:00,45935.376126302086,0.23201919894665474,20677.275963541662,25257.868143561474,senario_A
2025-12-10 05:00:00,46991.70019748264,0.3479816573113203,20543.5191015625,26447.833114262834,senario_A
2025-12-10 06:00:00,49650.19020833333,1.216645587856571,23043.492625868057,26605.480936877422,senario_A
2025-12-10 07:00:00,53476.89637369791,0.5004476653287808,24413.92794270833,29062.467983324255,senario_A
2025-12-10 08:00:00,54517.00177734375,1463.6668962072333,23907.812513020832,29145.522368115682,senario_A
2025-12-10 09:00:00,53330.72535590278,16513.81196370443,21836.073229166668,14980.840163031684,senario_A
2025-12-10 10:00:00,51793.67457465278,26975.55248046875,19731.22689453125,5086.895199652783,senario_A
2025-12-10 11:00:00,50631.775010850695,26257.84763997396,19821.3365234375,4552.5908474392345,senario_A
2025-12-10 12:00:00,49854.92681423611,24467.159939778645,19264.999850260418,6122.767024197048,senario_A
2025-12-10 13:00:00,49440.0258875868,26324.96214192708,16968.62887044271,6146.434875217012,senario_A
2025-12-10 14:00:00,49441.238854166666,28829.30871419271,14493.318853081597,6118.611286892359,senario_A
2025-12-10 15:00:00,49474.94976779514,32775.648505859375,10850.29074652778,5849.010515407981,senario_A
2025-12-10 16:00:00,49423.12491536458,32006.74300455729,7391.74983452691,10024.632076280377,senario_A
2025-12-10 17:00:00,49808.607610677085,16912.196919759113,5363.888521050348,27532.52216986762,senario_A
2025-12-10 18:00:00,51188.67319444445,1195.063578200837,4645.08136610243,45348.52825014118,senario_A
2025-12-10 19:00:00,52288.79066189236,0.2926890646417935,5522.239826388889,46766.25814643883,senario_A
2025-12-10 20:00:00,52205.03802083333,0.2978970227142174,6586.649475368924,45618.09064844169,senario_A
2025-12-10 21:00:00,51979.87635199653,0.34473152262469126,7579.372507052952,44400.15911342095,senario_A
2025-12-10 22:00:00,51248.965112847225,113.35343155543009,7837.183884006076,43298.42779728572,senario_A
2025-12-10 23:00:00,49717.49549913195,84.6412366531541,7741.844249674479,41891.01001280431,senario_A
2025-12-11 00:00:00,47847.618969184026,0.3742403549700975,8283.83803873698,39563.40669009207,senario_A
2025-12-11 01:00:00,46495.29946831597,0.3684215171138445,9253.074507378473,37241.85653942038,senario_A
2025-12-11 02:00:00,45873.91041449653,0.36165459600587685,10397.12203016493,35476.4267297356,senario_A
2025-12-11 03:00:00,45809.53666883681,0.5313837173829475,11316.290933159722,34492.7143519597,senario_A
2025-12-11 04:00:00,46537.59054036458,0.5744113162159918,14020.507999131944,32516.508129916423,senario_A
2025-12-11 05:00:00,48163.55544921875,0.6149861558775107,16956.839273003472,31206.1011900594,senario_A
2025-12-11 06:00:00,51364.89378689236,0.9962566113471986,18845.90453342014,32517.992996860874,senario_A
2025-12-11 07:00:00,55571.33415798611,1.2652599721153577,20868.266360677084,34701.8025373369,senario_A
2025-12-11 08:00:00,57321.896215277775,1750.0388312759005,21859.07966579861,33712.77771820326,senario_A
2025-12-11 09:00:00,56001.905828993054,18882.863499348958,19435.523621961805,17683.518707682295,senario_A
2025-12-11 10:00:00,54070.3501063368,31889.536028645834,15235.451207682292,6945.362870008676,senario_A
2025-12-11 11:00:00,52378.98171006944,33872.420527343755,14045.247429470486,4461.313753255201,senario_A
2025-12-11 12:00:00,50932.53957248264,33276.57182942708,13862.443062065971,3793.524680989589,senario_A
2025-12-11 13:00:00,49566.009377170136,32882.03531575521,12736.03376953125,3947.9402918836768,senario_A
2025-12-11 14:00:00,49258.65692274306,33323.53237304688,12299.403255208334,3635.7212944878447,senario_A
2025-12-11 15:00:00,49028.0245594618,34554.87383138022,11651.40679904514,2821.7439290364455,senario_A
2025-12-11 16:00:00,48957.63794704861,32161.725084635415,11314.77269639757,5481.14016601563,senario_A
2025-12-11 17:00:00,49632.61463975695,17437.111391601564,12015.52767686632,20179.975571289062,senario_A
2025-12-11 18:00:00,50527.96346571181,1261.8860008741915,13558.396725260416,35707.680739577205,senario_A
2025-12-11 19:00:00,52105.84211805555,1.021225528518359,19000.512003038195,33104.30888948884,senario_A
2025-12-11 20:00:00,52285.20860026042,1.5870681940515836,22255.7023046875,30027.91922737887,senario_A
2025-12-11 21:00:00,52214.910776909725,1.2062062361339727,23525.945421006945,28687.759149666643,senario_A
2025-12-11 22:00:00,51452.9850390625,1.1052608482539652,23777.368986545134,27674.51079166911,senario_A
2025-12-11 23:00:00,49771.453344184025,1.0370552097260952,24733.65896701389,25036.757321960413,senario_A
2025-12-12 00:00:00,47939.14558376736,1.3209794397652148,25369.66611111111,22568.158493216484,senario_A
2025-12-12 01:00:00,46463.25000651042,0.964869867960612,24752.949346788195,21709.335789854264,senario_A
2025-12-12 02:00:00,45632.71603732639,0.7446973743538062,23696.520496961806,21935.450842990227,senario_A
2025-12-12 03:00:00,44827.33217447917,1.1479147053261598,21946.709403211804,22879.47485656204,senario_A
2025-12-12 04:00:00,44734.057916666665,5.163922542234262,20219.13809461805,24509.75589950638,senario_A
2025-12-12 05:00:00,45580.56381076389,0.6979892081022262,17982.846924913196,27597.018896642592,senario_A
2025-12-12 06:00:00,47693.705698784725,0.71127802764376,16644.804446614584,31048.189974142497,senario_A
2025-12-12 07:00:00,50869.27905815972,0.461156741566956,15390.329891493056,35478.488009925095,senario_A
2025-12-12 08:00:00,52042.930989583336,531.9937473448739,13677.219561631944,37833.71768060652,senario_A
2025-12-12 09:00:00,51330.62951388889,9260.59910970052,11726.656586371528,30343.373817816835,senario_A
2025-12-12 10:00:00,51004.15322482639,20541.25591471354,8766.06965983073,21696.82765028212,senario_A
2025-12-12 11:00:00,50443.07996527778,25154.006085611978,8667.36447157118,16621.70940809462,senario_A
2025-12-12 12:00:00,50507.99935329861,27501.671861979168,9984.539141710067,13021.788349609376,senario_A
2025-12-12 13:00:00,50301.70406684028,27905.862874348957,9709.277994791666,12686.563197699654,senario_A
2025-12-12 14:00:00,50227.546875,28765.718828125,8854.75038845486,12607.077658420141,senario_A
2025-12-12 15:00:00,50321.08275173611,29576.733505859374,8452.636123046876,12291.71312282986,senario_A
2025-12-12 16:00:00,50576.07289496528,28004.454791666663,8188.2965901692705,14383.321513129344,senario_A
2025-12-12 17:00:00,50966.4193359375,14783.30807006836,8059.780753038194,28123.330512830948,senario_A
2025-12-12 18:00:00,51602.502478298615,1116.1919955303397,9232.365123697917,41253.94535907036,senario_A
2025-12-12 19:00:00,51726.8220703125,0.36220537671198433,11703.352488064236,40023.10737687155,senario_A
2025-12-12 20:00:00,50783.16149305556,0.42211246574918426,13336.33767578125,37446.40170480856,senario_A
2025-12-12 21:00:00,50171.18762152778,0.40562175249059995,13445.91826063368,36724.86373914161,senario_A
2025-12-12 22:00:00,49545.56503472223,0.4265911926950018,12462.425717230904,37082.71272629863,senario_A
2025-12-12 23:00:00,48199.55769965277,0.4571372486899296,11113.700454644097,37085.40010775998,senario_A
2025-12-13 00:00:00,46705.80880208333,0.4622748395924766,9412.824504123264,37292.52202312047,senario_A
2025-12-13 01:00:00,45347.83052517361,0.46076297610998157,8121.083978949653,37226.28578324785,senario_A
2025-12-13 02:00:00,44083.025314670136,0.4798561156541109,6663.373351236979,37419.1721073175,senario_A
2025-12-13 03:00:00,43370.31620876736,0.4696559143811463,5322.526389431424,38047.32016342156,senario_A
2025-12-13 04:00:00,43135.85690104167,0.46997704211622465,4069.285250108507,39066.10167389105,senario_A
2025-12-13 05:00:00,43350.13403645833,0.49025034097333753,3280.6115342881944,40069.03225182916,senario_A
2025-12-13 06:00:00,44200.18782118055,0.4987924523403246,2946.5792027452258,41253.10982598299,senario_A
2025-12-13 07:00:00,45610.05777994792,0.5057905820508798,3204.992571885851,42404.55941748002,senario_A
2025-12-13 08:00:00,46938.58040798611,321.2563501599431,3401.4962985568577,43215.82775926931,senario_A
2025-12-13 09:00:00,48110.372938368055,7110.4172406005855,3462.744732530382,37537.210965237085,senario_A
2025-12-13 10:00:00,49566.41289930556,16914.422311197915,3101.0640562608505,29550.92653184679,senario_A
2025-12-13 11:00:00,50377.47830078125,20072.62700358073,3461.30575249566,26843.545544704863,senario_A
2025-12-13 12:00:00,50562.43024739583,21787.044796549482,4088.125644802517,24687.259806043832,senario_A
2025-12-13 13:00:00,50517.11762803819,23755.551899414066,4750.004608832465,22011.56111979166,senario_A
2025-12-13 14:00:00,50593.28001736111,23840.571853841146,5449.023713107639,21303.684450412326,senario_A
2025-12-13 15:00:00,50835.90895399306,24948.827513020835,5436.646902669271,20450.43453830295,senario_A
2025-12-13 16:00:00,51162.752717013886,24423.99196777344,4589.413307834201,22149.347441406244,senario_A
2025-12-13 17:00:00,51422.25234157986,12301.989456380208,5707.336765407986,33412.926119791664,senario_A
2025-12-13 18:00:00,51751.11395616319,851.9151481766005,8343.142684461805,42556.05612352479,senario_A
2025-12-13 19:00:00,51557.33182291667,0.9492414422333241,11226.102953559028,40330.279627915406,senario_A
2025-12-13 20:00:00,50267.59884982639,1.0433358717958132,13750.95930013021,36515.59621382439,senario_A
2025-12-13 21:00:00,49834.1231922743,1.4542594696084656,17464.650748697917,32368.018184106775,senario_A
2025-12-13 22:00:00,49763.82244357639,1.6183633975187937,19894.270828993056,29867.93325118582,senario_A
2025-12-13 23:00:00,48874.459066840274,1.6978524510065716,21184.022977430555,27688.738236958714,senario_A
2025-12-14 00:00:00,47522.54411892361,1.39677872945865,22316.82302951389,25204.32431068026,senario_A
2025-12-14 01:00:00,46340.786595052086,1.2269614988565445,22324.57575520833,24014.9838783449,senario_A
2025-12-14 02:00:00,45577.656236979165,1.1597667601207893,22102.64315972222,23473.85331049682,senario_A
2025-12-14 03:00:00,45409.24592881944,1.220441053112348,22228.652421875,23179.373065891326,senario_A
2025-12-14 04:00:00,45535.09287543403,1.178007231603066,22146.946158854167,23386.968709348257,senario_A
2025-12-14 05:00:00,46051.64555989584,1.1702530980110168,21769.238096788195,24281.237210009636,senario_A
2025-12-14 06:00:00,46806.15883680555,1.0086350666483241,20287.337875434027,26517.81232630488,senario_A
2025-12-14 07:00:00,48386.4934092882,0.9461566865444184,19009.157328559028,29376.389924042633,senario_A
2025-12-14 08:00:00,50505.84050564236,206.422361236165,17796.715859375,32502.70228503119,senario_A
2025-12-14 09:00:00,52501.9548046875,3188.9397406005855,16640.573092447918,32672.441971638993,senario_A
2025-12-14 10:00:00,53766.20181206597,8088.428307291667,15246.092466362848,30431.681038411458,senario_A
2025-12-14 11:00:00,54761.44362847223,13013.535900065104,12822.935417751736,28924.972310655387,senario_A
2025-12-14 12:00:00,55097.74872829861,16826.401565755208,11748.792163628472,26522.55499891493,senario_A
2025-12-14 13:00:00,54481.54032769097,18564.163819986978,10483.982435980904,25433.394071723087,senario_A
2025-12-14 14:00:00,53507.683157552085,18828.864152018232,9310.123076171874,25368.695929361973,senario_A
2025-12-14 15:00:00,52723.403899739584,18185.000470377607,8440.43777560764,26097.965653754338,senario_A
2025-12-14 16:00:00,52623.775442708335,17052.011466471355,7456.552600368924,28115.211375868057,senario_A
2025-12-14 17:00:00,53295.35093315972,8461.960526529949,7058.994153103298,37774.39625352648,senario_A
2025-12-14 18:00:00,55582.38531684028,449.0858651772763,6923.18182671441,48210.11762494859,senario_A
2025-12-14 19:00:00,57274.21423394097,0.3693973693872491,7331.845876736111,49941.99895983547,senario_A
2025-12-14 20:00:00,57380.91970486111,0.4200547226642568,7570.658523220486,49809.841126917956,senario_A
2025-12-14 21:00:00,56785.71260199653,0.44250823768476644,7566.385974392361,49218.884119366485,senario_A
2025-12-14 22:00:00,56353.30074435764,0.43887509362151217,7274.566087782118,49078.2957814819,senario_A
2025-12-14 23:00:00,55143.42847439236,0.37066143174966165,7135.778154296875,48007.27965866374,senario_A
2025-12-15 00:00:00,54013.25943359375,0.3987684084971745,6944.487415364583,47068.37324982067,senario_A
2025-12-15 01:00:00,53177.71288628472,0.4548477691536148,6760.645085177952,46416.61295333761,senario_A
2025-12-15 02:00:00,52758.43929904514,0.37323075998574495,6224.030620659722,46534.03544762543,senario_A
2025-12-15 03:00:00,52754.22704861111,0.4055526693537831,6446.220316297743,46307.60117964401,senario_A
2025-12-15 04:00:00,53079.32424045139,0.38157257416596013,6671.378543294271,46407.56412458295,senario_A
2025-12-15 05:00:00,54560.51852864584,0.39407819520682097,7233.435267469618,47326.68918298102,senario_A
2025-12-15 06:00:00,57601.76143880208,0.4297609365793566,7673.212680121528,49928.11899774397,senario_A
2025-12-15 07:00:00,61476.203016493055,0.5424684382602571,7942.426976996528,53533.23357105827,senario_A
2025-12-15 08:00:00,63113.90536024306,1495.4990252625942,8833.00154296875,52785.404792011715,senario_A
2025-12-15 09:00:00,62924.71525824653,14187.85525472005,8214.613674045138,40522.246329481335,senario_A
2025-12-15 10:00:00,61494.919077690975,25341.069306640624,8531.962875434028,27621.88689561632,senario_A
2025-12-15 11:00:00,59360.400755208335,28030.64437174479,9017.987884114584,22311.76849934896,senario_A
2025-12-15 12:00:00,56854.717810329865,29474.0394140625,9462.592233072915,17918.08616319445,senario_A
2025-12-15 13:00:00,54896.13546657986,29958.067499999997,9029.401630859376,15908.666335720483,senario_A
2025-12-15 14:00:00,53367.508617621526,30431.04391276042,8932.790064019096,14003.674640842011,senario_A
2025-12-15 15:00:00,52195.90943142361,29660.910742187494,9531.287517361112,13003.711171875007,senario_A
2025-12-15 16:00:00,51785.75080295139,23992.552620442708,10265.203687065972,17527.994495442712,senario_A
2025-12-15 17:00:00,52563.14990234375,8827.382016601563,10805.747782118056,32930.02010362413,senario_A
2025-12-15 18:00:00,55409.25705295139,490.44376848240233,11780.166511501737,43138.64677296725,senario_A
2025-12-15 19:00:00,57518.79150390625,0.8315756642632186,14640.280574001736,42877.67935424025,senario_A
2025-12-15 20:00:00,57964.816328125,1.359787770807743,17598.33354926215,40365.12299109204,senario_A
2025-12-15 21:00:00,57926.37419270833,1.201636070708434,19618.95289496528,38306.219661672345,senario_A
2025-12-15 22:00:00,57003.24936197917,0.8123747878087064,20344.33957465278,36658.097412538584,senario_A
2025-12-15 23:00:00,54779.29782118055,0.6184642183408141,20965.788111979167,33812.89124498304,senario_A
2025-12-16 00:00:00,52523.62293402778,0.6778944326067964,20576.215850694443,31946.72918890073,senario_A
2025-12-16 01:00:00,50767.29754774306,0.3955092334188521,20058.938372395834,30707.963666113803,senario_A
2025-12-16 02:00:00,49943.65887803819,0.46430165457849704,19217.87273763021,30725.321838753403,senario_A
2025-12-16 03:00:00,49645.43898654514,0.33102174604932466,18013.8130078125,31631.294956986592,senario_A
2025-12-16 04:00:00,49684.551625434025,0.38918726044396557,16963.54939236111,32720.61304581247,senario_A
2025-12-16 05:00:00,50754.47713975694,0.4076751375198364,16208.80888671875,34545.26057790067,senario_A
2025-12-16 06:00:00,53273.79428385416,0.5429086801347633,16262.966493055555,37010.28488211846,senario_A
2025-12-16 07:00:00,56637.14291666666,0.7555145139992236,16298.287272135416,40338.10013001724,senario_A
2025-12-16 08:00:00,57712.85328559028,399.19456497102976,16413.126359592014,40900.53236102723,senario_A
2025-12-16 09:00:00,57237.25914930556,6902.310599772136,16758.80140190972,33576.147147623706,senario_A
2025-12-16 10:00:00,56411.77671006945,17933.642014973957,14767.473567708334,23710.661127387157,senario_A
2025-12-16 11:00:00,55332.70317274306,21964.068250325523,13502.705258246528,19865.92966417101,senario_A
2025-12-16 12:00:00,54058.2417296007,23228.063805338545,13277.706256510415,17552.471667751735,senario_A
2025-12-16 13:00:00,52901.54989800348,22775.588621419272,13653.00636935764,16472.954907226573,senario_A
2025-12-16 14:00:00,52128.38025390625,21246.46942220052,14363.819128689236,16518.091703016496,senario_A
2025-12-16 15:00:00,51618.94287760417,19285.528650716144,14070.94995985243,18262.464267035593,senario_A
2025-12-16 16:00:00,51479.808253038194,16825.959921875,14429.174578993056,20224.673752170136,senario_A
2025-12-16 17:00:00,51757.65351779514,9822.503626708985,15049.678255208331,26885.471635877824,senario_A
2025-12-16 18:00:00,53117.64018663194,1057.257947960024,15872.028060980903,36188.35417769101,senario_A
2025-12-16 19:00:00,53569.29583333333,0.8619327966123819,17586.65550998264,35981.77839055407,senario_A
2025-12-16 20:00:00,53239.39026475694,1.0289579590161642,17730.705032552083,35507.65627424584,senario_A
2025-12-16 21:00:00,52627.7430078125,0.846922591427962,17831.214618055557,34795.681467165516,senario_A
2025-12-16 22:00:00,51300.69483072917,0.7842830563833316,17817.183585069444,33482.72696260334,senario_A
2025-12-16 23:00:00,48783.64849392361,0.7832523572196564,16911.160882161457,31871.704359404932,senario_A
2025-12-17 00:00:00,46392.70122721354,0.7508167528981964,15324.557736816409,31067.39267364423,senario_A
2025-12-17 01:00:00,44550.30097222222,0.7790103664249182,14163.25335828993,30386.268603565866,senario_A
2025-12-17 02:00:00,43235.77650173611,0.8039903132865827,12693.015580240886,30541.956931181936,senario_A
2025-12-17 03:00:00,42291.37005208333,0.8010887923340002,11214.660346137152,31075.90861715384,senario_A
2025-12-17 04:00:00,42295.6447265625,0.7495353736480077,9976.15154513889,32318.743646049967,senario_A
2025-12-17 05:00:00,42720.73321614583,0.7556923406322796,8451.087031792535,34268.890492012666,senario_A
2025-12-17 06:00:00,43975.9090625,0.753325208624204,6972.155685221354,37003.00005207003,senario_A
2025-12-17 07:00:00,47059.4481640625,0.7728330444296201,6158.350995008681,40900.32433600939,senario_A
2025-12-17 08:00:00,48980.12442708333,82.22684041445453,4856.10533203125,44041.79225463762,senario_A
2025-12-17 09:00:00,49702.43706163194,4750.755552012126,3879.520984971788,41072.16052464803,senario_A
2025-12-17 10:00:00,50633.64556423611,13006.956232096352,2568.4995081922743,35058.18982394748,senario_A
2025-12-17 11:00:00,50894.12664496528,15882.575473632813,1415.2983260091146,33596.25284532335,senario_A
2025-12-17 12:00:00,50782.75717447917,17125.70407063802,1231.6066006130643,32425.446503228086,senario_A
2025-12-17 13:00:00,50374.0259375,17979.632706705732,1713.9888711208766,30680.404359673394,senario_A
2025-12-17 14:00:00,49898.097074652775,17976.292727864584,3115.0566379123266,28806.747708875864,senario_A
2025-12-17 15:00:00,49594.50470920139,16748.53063802083,5378.989711914062,27466.984359266502,senario_A
2025-12-17 16:00:00,49447.53076822917,15257.201917317707,6337.893318142361,27852.435532769105,senario_A
2025-12-17 17:00:00,49707.72769965278,9717.41875406901,7504.383551974826,32485.925393608944,senario_A
2025-12-17 18:00:00,50329.21492621528,1135.6137654681504,9814.08161892361,39379.51954182352,senario_A
2025-12-17 19:00:00,50796.20129774306,0.7473615321268638,14596.689331597225,36198.7646046137,senario_A
2025-12-17 20:00:00,50878.37624131944,0.673148863290747,18825.970857204866,32051.732235251282,senario_A
2025-12-17 21:00:00,50598.91059027778,0.6496898295233646,20073.089325086807,30525.17157536145,senario_A
2025-12-17 22:00:00,49923.19684027778,0.8319428188850483,22142.13173394097,27780.233163517925,senario_A
2025-12-17 23:00:00,48134.766293402776,0.9314146209756533,22617.10852213541,25516.72635664639,senario_A
2025-12-18 00:00:00,46106.27650173611,0.7731401536862055,22742.215091145838,23363.288270436584,senario_A
2025-12-18 01:00:00,44376.67180989583,0.7673140941560268,22605.141436631944,21770.76305916973,senario_A
2025-12-18 02:00:00,43285.94874565972,0.8624507774412631,21909.452469618056,21375.63382526422,senario_A
2025-12-18 03:00:00,42679.79454427084,1.1331118710835775,21630.94623046875,21047.715201931005,senario_A
2025-12-18 04:00:00,42653.10328125,0.9146234371016423,21070.67340277778,21581.51525503512,senario_A
2025-12-18 05:00:00,43166.64626736111,0.7727796147018671,20804.86850043403,22361.00498731238,senario_A
2025-12-18 06:00:00,45059.50541666667,0.6652223631491263,21175.934932725693,23882.905261577827,senario_A
2025-12-18 07:00:00,48030.00170138889,0.6616357365250587,20655.081584201387,27374.258481450972,senario_A
2025-12-18 08:00:00,49365.50507378472,452.1923217800011,20930.08933810764,27983.22341389708,senario_A
2025-12-18 09:00:00,49575.04920138889,9375.680306193033,19752.807439236112,20446.56145595974,senario_A
2025-12-18 10:00:00,49776.89271701389,19081.4398828125,17373.09236111111,13322.36047309028,senario_A
2025-12-18 11:00:00,49687.46923177083,22434.772311197918,17612.22092013889,9640.476000434024,senario_A
2025-12-18 12:00:00,49847.37616319444,25752.570764973956,18417.21515842014,5677.590239800349,senario_A
2025-12-18 13:00:00,50080.63603298611,26244.196767578127,18451.21610894097,5385.223156467015,senario_A
2025-12-18 14:00:00,50587.824461805554,26795.660152994795,18297.46580078125,5494.698508029509,senario_A
2025-12-18 15:00:00,50999.575,26421.220937500002,17173.030536024307,7405.323526475688,senario_A
2025-12-18 16:00:00,51353.70622612848,24035.02426106771,16198.471681857638,11120.210283203134,senario_A
2025-12-18 17:00:00,51572.35350043403,15112.841744384765,16177.943742404514,20281.56801364475,senario_A
2025-12-18 18:00:00,52139.43246310764,1342.3593625513713,12923.876773003472,37873.196327552796,senario_A
2025-12-18 19:00:00,52889.17752387153,0.3825739816700418,12617.996528862846,40270.798421027015,senario_A
2025-12-18 20:00:00,52435.33638671875,0.38253540227810534,13356.53070203993,39078.42314927654,senario_A
2025-12-18 21:00:00,51947.36843098958,0.42981593682120245,13005.869300130207,38941.069314922555,senario_A
2025-12-18 22:00:00,50905.8803125,0.4329814915110667,11324.891220703124,39580.55611030536,senario_A
2025-12-18 23:00:00,48988.141139322914,0.43225916723410274,10699.53578233507,38288.17309782061,senario_A
2025-12-19 00:00:00,47179.0366514757,0.47517570684353505,10607.002961154514,36571.55851461434,senario_A
2025-12-19 01:00:00,45725.86742838542,0.45409343611449,11037.834931640626,34687.57840330868,senario_A
2025-12-19 02:00:00,45160.13078125,0.4870379606634378,11770.53958875868,33389.10415453066,senario_A
2025-12-19 03:00:00,44964.80868489584,0.4833654717231789,13370.118893229166,31594.206426194953,senario_A
2025-12-19 04:00:00,45412.36340928819,0.445038529622058,14841.939559461804,30569.978811296765,senario_A
2025-12-19 05:00:00,46709.172400173615,0.43657230749726295,15628.92417860243,31079.81164926369,senario_A
2025-12-19 06:00:00,49406.48558376736,0.4227199812481801,17909.96931423611,31496.093549550005,senario_A
2025-12-19 07:00:00,53300.56146484375,0.3975693990848958,19593.821497395835,33706.34239804883,senario_A
2025-12-19 08:00:00,55590.49747829861,1295.015683021359,22116.666069878476,32178.815725398774,senario_A
2025-12-19 09:00:00,55288.19518446181,16591.74943766276,21470.437897135416,17226.007849663634,senario_A
2025-12-19 10:00:00,53984.443984375,28921.53364908854,18638.887560763887,6424.022774522575,senario_A
2025-12-19 11:00:00,52637.037667100696,29972.744466145836,18797.77991753472,3866.5132834201395,senario_A
2025-12-19 12:00:00,51376.7547764757,29230.93197591145,19036.60801432292,3109.214786241326,senario_A
2025-12-19 13:00:00,50392.42462239583,27573.882727864584,18467.28754123264,4351.254353298609,senario_A
2025-12-19 14:00:00,49995.356536458334,27063.091845703122,17995.55240234375,4936.7122884114615,senario_A
2025-12-19 15:00:00,49767.83091362847,26610.259378255207,17808.811417100693,5348.760118272574,senario_A
2025-12-19 16:00:00,49680.93233506945,25920.65587727865,17819.790043402776,5940.486414388022,senario_A
2025-12-19 17:00:00,49843.47646050347,15323.0287890625,18905.083257378472,15615.364414062497,senario_A
2025-12-19 18:00:00,51288.54755425347,1522.7983009975155,21758.881239149305,28006.86801410665,senario_A
2025-12-19 19:00:00,52171.66543185764,1.0770441995561122,23740.514635416668,28430.073752241417,senario_A
2025-12-19 20:00:00,51807.77300564236,0.7586020771165689,24807.43828776042,26999.576115804823,senario_A
2025-12-19 21:00:00,51520.83605034722,0.7438291071852048,25374.431987847223,26145.66023339281,senario_A
2025-12-19 22:00:00,51060.39938151042,0.7805935736993947,26036.38159939236,25023.23718854436,senario_A
2025-12-19 23:00:00,49740.135553385415,0.7740786484877268,25972.77466579861,23766.58680893832,senario_A
2025-12-20 00:00:00,48356.80968315972,0.7624400144815445,25763.88276909722,22592.164474048015,senario_A
2025-12-20 01:00:00,47063.98609592014,0.762236892481645,25806.787131076388,21256.436727951273,senario_A
2025-12-20 02:00:00,46028.01680989583,0.8269364999234676,25931.371866319445,20095.818007076465,senario_A
2025-12-20 03:00:00,45349.42154730903,0.7893590898811818,25535.61070746528,19813.02148075387,senario_A
2025-12-20 04:00:00,44928.55033203125,0.7699791071315607,25090.565970052085,19837.214382872036,senario_A
2025-12-20 05:00:00,45077.078081597225,0.7873928787807625,24825.773919270832,20250.51676944761,senario_A
2025-12-20 06:00:00,45746.645062934025,0.7900906963149708,24736.90031032986,21008.954661907854,senario_A
2025-12-20 07:00:00,47084.65830729167,0.811538201669852,25495.593543836807,21588.253225253193,senario_A
2025-12-20 08:00:00,48177.04460720486,587.0672746313115,25294.15152126736,22295.825811306186,senario_A
2025-12-20 09:00:00,49135.06771701389,10287.167106526693,22739.78370008681,16108.116910400386,senario_A
2025-12-20 10:00:00,49521.95262369792,22053.968120117188,18346.139678819443,9121.84482476129,senario_A
2025-12-20 11:00:00,49114.9616688368,26236.468779296876,16383.642428385416,6494.850461154505,senario_A
2025-12-20 12:00:00,48913.13246961805,26965.1399609375,16579.002683376737,5368.989825303815,senario_A
2025-12-20 13:00:00,48868.201985677086,25902.878723958333,17688.79820746528,5276.525054253474,senario_A
2025-12-20 14:00:00,48889.59148654514,25518.38798177083,17291.63806857639,6079.565436197921,senario_A
2025-12-20 15:00:00,49439.8028797743,24324.66427734375,16602.916869574652,8512.221732855902,senario_A
2025-12-20 16:00:00,50190.26385416667,22937.673001302082,16473.312261284722,10779.278591579863,senario_A
2025-12-20 17:00:00,50758.11945095486,14547.967808024088,16476.2403125,19733.91133043077,senario_A
2025-12-20 18:00:00,50847.659249131946,1457.1775957090902,16684.327535807293,32706.154117615566,senario_A
2025-12-20 19:00:00,50775.71320746528,0.47658559342225393,19533.595672743057,31241.640949128803,senario_A
2025-12-20 20:00:00,49731.12340711806,0.49376972764730453,20027.799275173613,29702.8303622168,senario_A
2025-12-20 21:00:00,49778.54568793403,0.5105566489696501,22737.69923828125,27040.335893003805,senario_A
2025-12-20 22:00:00,49136.08236111111,0.5171463322639466,23736.301762152776,25399.263452626074,senario_A
2025-12-20 23:00:00,48103.487925347225,0.5061668781936168,23296.111927083333,24806.8698313857,senario_A
2025-12-21 00:00:00,46518.74372395833,0.5045151427636544,21242.99201388889,25275.24719492668,senario_A
2025-12-21 01:00:00,44859.12464626736,0.51913274196287,18459.07793185764,26399.52758166776,senario_A
2025-12-21 02:00:00,43522.94356011285,0.5492754186131059,17268.150290256075,26254.243994438162,senario_A
2025-12-21 03:00:00,42739.35604817709,0.4936646347989638,16302.696258680557,26436.166124861735,senario_A
2025-12-21 04:00:00,42532.40244574653,0.6298576675107082,16591.611791449654,25940.160796629363,senario_A
2025-12-21 05:00:00,42421.78806206597,0.658659632652998,16133.427702907986,26287.701699525333,senario_A
2025-12-21 06:00:00,42707.794845920136,0.6287602257728577,14764.043312717014,27943.12277297735,senario_A
2025-12-21 07:00:00,43481.8253016493,0.7877811351418496,11886.99861002604,31594.03891048812,senario_A
2025-12-21 08:00:00,44781.352013888885,270.5785664392263,9818.60523654514,34692.16821090452,senario_A
2025-12-21 09:00:00,46297.60071614583,7534.062727050781,8167.886565212673,30595.651423882377,senario_A
2025-12-21 10:00:00,47779.00849826389,18416.950579427084,4846.827695041233,24515.23022379557,senario_A
2025-12-21 11:00:00,48478.45405598958,21349.2926953125,3425.6335812717016,23703.527779405384,senario_A
2025-12-21 12:00:00,49133.50563802083,22687.53694173177,2446.408639051649,23999.560057237413,senario_A
2025-12-21 13:00:00,49611.95366319444,23659.835166015626,1529.2844078233506,24422.834089355467,senario_A
2025-12-21 14:00:00,50124.94142144097,25149.351223958336,1288.7436283365885,23686.846569146044,senario_A
2025-12-21 15:00:00,50468.02720920139,24569.88705078125,1279.940371636285,24618.199786783858,senario_A
2025-12-21 16:00:00,50872.59665364584,23013.60012044271,1571.6346316189235,26287.361901584212,senario_A
2025-12-21 17:00:00,51140.21719184028,13658.506302083335,2560.4288475206163,34921.28204223633,senario_A
2025-12-21 18:00:00,51750.15238932292,1435.8133119234444,4221.97543375651,46092.363643642966,senario_A
2025-12-21 19:00:00,52069.1577452257,0.556598026479284,5830.362809787326,46238.238337411894,senario_A
2025-12-21 20:00:00,51555.84852864583,0.5622913496941327,6763.015346679687,44792.27089061645,senario_A
2025-12-21 21:00:00,50915.37743706597,0.6003319375713666,7619.566500108507,43295.210605019885,senario_A
2025-12-21 22:00:00,50016.14373263889,0.5458742152402797,9000.402330729166,41015.19552769449,senario_A
2025-12-21 23:00:00,48242.067845052086,0.5925734584530193,11097.610339626735,37143.8649319669,senario_A
2025-12-22 00:00:00,46261.45343532986,0.7350905382136503,13604.383315972222,32656.335028819427,senario_A
2025-12-22 01:00:00,44698.115316840274,1.2936922621230285,15249.490093315972,29447.331531262178,senario_A
2025-12-22 02:00:00,43626.511338975695,0.7465058422088623,15859.99207465278,27765.772758480707,senario_A
2025-12-22 03:00:00,42933.772000868055,0.6039540027578671,16330.191345486111,26602.976701379186,senario_A
2025-12-22 04:00:00,42820.20323567709,0.6298007524261872,16777.93256076389,26041.640874160774,senario_A
2025-12-22 05:00:00,43370.59834635416,0.7383105810483296,16856.600360243057,26513.259675530055,senario_A
2025-12-22 06:00:00,44687.72603732639,0.836529027223587,16197.636235894097,28489.25327240507,senario_A
2025-12-22 07:00:00,46672.716673177085,0.6883047331869602,16212.87384657118,30459.15452187272,senario_A
2025-12-22 08:00:00,48414.56080729167,185.29943265179793,16146.262672526042,32082.998702113837,senario_A
2025-12-22 09:00:00,49425.95024305556,6560.833280639648,15442.465202907986,27422.65175950792,senario_A
2025-12-22 10:00:00,50201.19400390625,17613.715069986978,12296.936988932292,20290.541944986977,senario_A
2025-12-22 11:00:00,50811.867799479165,22705.423894856773,11477.49970811632,16628.944196506072,senario_A
2025-12-22 12:00:00,51965.5863563368,25690.338815104165,13499.266499565972,12775.981041666659,senario_A
2025-12-22 13:00:00,52674.26420355903,27646.80618489583,14520.788056640626,10506.669962022575,senario_A
2025-12-22 14:00:00,53317.15051866319,27019.850406901038,15372.535240885416,10924.764870876737,senario_A
2025-12-22 15:00:00,53681.5492860243,26156.25599609375,15772.04869140625,11753.244598524303,senario_A
2025-12-22 16:00:00,54057.94362196181,24647.507329101565,16565.204839409722,12845.23145345052,senario_A
2025-12-22 17:00:00,54053.945388454864,15219.77859375,18020.6986436632,20813.468151041663,senario_A
2025-12-22 18:00:00,54411.9240234375,1540.9921673378844,20200.38921875,32670.54263734962,senario_A
2025-12-22 19:00:00,55136.70550998264,0.7313191659748555,23487.991039496526,31647.983151320135,senario_A
2025-12-22 20:00:00,54506.88544921875,0.8572360391914844,25155.52774956597,29350.500463613593,senario_A
2025-12-22 21:00:00,53589.26924479166,0.7641424148778121,25139.89705078125,28448.60805159554,senario_A
2025-12-22 22:00:00,52595.83025390625,0.7137757825354734,25044.090390625,27551.026087498718,senario_A
2025-12-22 23:00:00,50813.0266015625,0.7347897355258464,25090.592367621528,25721.699444205446,senario_A
2025-12-23 00:00:00,48657.40698784722,0.353064049532016,24581.023253038195,24076.030670759497,senario_A
2025-12-23 01:00:00,46708.20732421875,0.4091571562737227,24393.362289496527,22314.435877565946,senario_A
2025-12-23 02:00:00,45341.74639539931,0.6351702145114541,24603.87488498264,20737.236340202155,senario_A
2025-12-23 03:00:00,44352.78398654514,0.5410941298305987,23981.61972873264,20370.623163682667,senario_A
2025-12-23 04:00:00,43846.318917100696,0.4159702148164311,22990.60432508681,20855.29862179907,senario_A
2025-12-23 05:00:00,44052.88542751736,0.5548617716133595,22363.514680989585,21688.81588475616,senario_A
2025-12-23 06:00:00,45137.49400390625,0.5491120291252931,21811.098196614585,23325.84669526254,senario_A
2025-12-23 07:00:00,46683.44253689236,0.49430190826455744,21327.79492621528,25355.15330876882,senario_A
2025-12-23 08:00:00,48040.73975260417,228.30715688928962,20171.415811631945,27641.01678408293,senario_A
2025-12-23 09:00:00,49121.58030815972,6936.308270060222,18758.86216579861,23426.409872300883,senario_A
2025-12-23 10:00:00,50637.4969032118,19731.97009440104,15106.007504340278,15799.519304470485,senario_A
2025-12-23 11:00:00,52254.75122395833,25450.169702148436,14323.014125434029,12481.567396375865,senario_A
2025-12-23 12:00:00,53429.25028862847,26879.723274739583,14674.825304904514,11874.701708984374,senario_A
2025-12-23 13:00:00,54394.30503689236,27791.805123697923,14540.753930121527,12061.745983072908,senario_A
2025-12-23 14:00:00,55336.33541449653,27052.603417968752,13900.161625434028,14383.570371093747,senario_A
2025-12-23 15:00:00,56100.73797743056,27095.12873372396,13085.523169487848,15920.086074218752,senario_A
2025-12-23 16:00:00,56431.70517578125,26923.642457682294,13100.113549262152,16407.949168836807,senario_A
2025-12-23 17:00:00,56054.46303385417,16845.857661946615,13382.426571180556,25826.178800727,senario_A
2025-12-23 18:00:00,54913.46136501736,1618.8591770931084,13013.216222873263,40281.38596505099,senario_A
2025-12-23 19:00:00,53786.26595486111,0.5390670776367188,16388.38308159722,37397.343806186254,senario_A
2025-12-23 20:00:00,53743.586197916666,0.5929151305556296,20965.874184027776,32777.11909875834,senario_A
2025-12-23 21:00:00,53187.0496875,0.7031016817688942,23777.12535807292,29409.22122774531,senario_A
2025-12-23 22:00:00,52243.68605251736,1.3354461350043614,24848.893433159723,27393.457173222636,senario_A
2025-12-23 23:00:00,50608.42831814236,0.7106200791398684,24713.562063802085,25894.155634261137,senario_A
2025-12-24 00:00:00,48431.83778645833,0.8467149442434311,24176.82527994792,24254.165791566167,senario_A
2025-12-24 01:00:00,46334.41785807291,0.7517265029251574,23622.89137369792,22710.77475787207,senario_A
2025-12-24 02:00:00,44557.07208333333,0.7021177748342355,22870.955631510416,21685.414334048084,senario_A
2025-12-24 03:00:00,43234.32103081597,0.7436611823737622,21678.4415234375,21555.135846196095,senario_A
2025-12-24 04:00:00,42591.18789279514,0.7073273688058059,19745.534344618056,22844.946220808277,senario_A
2025-12-24 05:00:00,42502.951145833336,0.7271765450636545,17610.78537326389,24891.43859602438,senario_A
2025-12-24 06:00:00,42962.96337456597,0.6675528574983278,16595.897421875,26366.398399833466,senario_A
2025-12-24 07:00:00,44207.46802951389,0.7077474933862686,16676.23855251736,27530.521729503147,senario_A
2025-12-24 08:00:00,45415.33465711806,160.56765256941316,17074.66669704861,28180.100307500034,senario_A
2025-12-24 09:00:00,46550.96683159722,3878.7518443806966,15868.090227864584,26804.12475935194,senario_A
2025-12-24 10:00:00,48283.72150173611,11956.908583170574,13566.286500651042,22760.526417914494,senario_A
2025-12-24 11:00:00,50117.42333767361,20271.303722330733,15183.808098958334,14662.311516384541,senario_A
2025-12-24 12:00:00,51785.41947265625,25165.504436848958,16113.447608506944,10506.467427300347,senario_A
2025-12-24 13:00:00,52953.78215494792,28099.17176432292,15181.103446180556,9673.506944444443,senario_A
2025-12-24 14:00:00,54227.44388237847,28829.456546223963,14314.108742404514,11083.878593749996,senario_A
2025-12-24 15:00:00,55225.19317708333,29568.206370442713,13840.089189453123,11816.897617187497,senario_A
2025-12-24 16:00:00,55639.61328125,26872.544005533855,13638.220873480905,15128.84840223524,senario_A
2025-12-24 17:00:00,55124.681328125,13998.742318522134,13354.290284288194,27771.64872531467,senario_A
2025-12-24 18:00:00,54444.23852213542,1281.0555558800447,13739.474417317708,39423.70854893766,senario_A
2025-12-24 19:00:00,53690.86890407986,0.33999033525586125,17412.519653862848,36278.00925988176,senario_A
2025-12-24 20:00:00,51969.525219184026,0.38718772426247594,21267.279587673613,30701.85844378615,senario_A
2025-12-24 21:00:00,50656.06638454861,0.4719485295812289,23585.401753472222,27070.19268254681,senario_A
2025-12-24 22:00:00,49562.259609375,0.3715577334662279,23880.6321484375,25681.255903204037,senario_A
2025-12-24 23:00:00,48106.65398871528,0.41212346151471135,23686.222328559023,24420.019536694745,senario_A
2025-12-25 00:00:00,46491.49229166667,0.4636253306021293,23696.08828125,22794.94038508607,senario_A
2025-12-25 01:00:00,44835.870023871525,0.48710250293215107,23491.823621961805,21343.559299406785,senario_A
2025-12-25 02:00:00,43438.583821614586,0.5789917760839065,22798.291341145832,20639.71348869267,senario_A
2025-12-25 03:00:00,42389.15921875,0.5995705141375463,21722.827042100693,20665.732606135167,senario_A
2025-12-25 04:00:00,41668.05571180556,0.49621191645661994,20862.58418185764,20804.975318031462,senario_A
2025-12-25 05:00:00,41331.65669270833,0.4850517150759696,19955.59105685764,21375.580584135616,senario_A
2025-12-25 06:00:00,41386.200375434026,0.5757890252768992,19020.23624565972,22365.38834074903,senario_A
2025-12-25 07:00:00,42034.09167751736,0.6233999333282312,17846.923854166667,24186.544423417366,senario_A
2025-12-25 08:00:00,42814.55744791667,187.05241403001048,16970.779711371528,25656.72532251513,senario_A
2025-12-25 09:00:00,44059.68524739584,5141.56792561849,15774.036959635416,23144.08036214194,senario_A
2025-12-25 10:00:00,45788.09720269097,14739.062580566406,12767.154720052084,18281.879902072484,senario_A
2025-12-25 11:00:00,47449.15543402778,21494.79703613281,10921.522177734376,15032.836220160592,senario_A
2025-12-25 12:00:00,48817.45370876736,24456.103190104164,10467.826613498264,13893.523905164931,senario_A
2025-12-25 13:00:00,49986.41574001736,25839.86551106771,9633.895378689236,14512.654850260411,senario_A
2025-12-25 14:00:00,51004.28072916667,25099.162395833333,9719.799520399303,16185.318812934032,senario_A
2025-12-25 15:00:00,51814.10356336806,25104.850445963544,10743.61217013889,15965.640947265625,senario_A
2025-12-25 16:00:00,52346.65538628472,23591.241228841147,12024.099764539931,16731.314392903645,senario_A
2025-12-25 17:00:00,52185.05498263889,14667.980032552088,12598.370070529514,24918.704879557285,senario_A
2025-12-25 18:00:00,51686.47675998264,1482.3090738546848,14084.945131293403,36119.22255483455,senario_A
2025-12-25 19:00:00,51431.31240451389,0.22838593521465855,18195.087962239584,33235.99605633909,senario_A
2025-12-25 20:00:00,50340.05401475694,0.2130239158309995,21978.98217013889,28360.858820702222,senario_A
2025-12-25 21:00:00,49467.40016927083,0.2542828551369408,23826.30465060764,25640.841235808057,senario_A
2025-12-25 22:00:00,48679.71285373264,0.26473488624518116,23869.80917751736,24809.638941329038,senario_A
2025-12-25 23:00:00,47473.80814670139,0.3513902356786032,23289.31240668403,24184.144349781684,senario_A
2025-12-26 00:00:00,45855.20604600695,0.38998601165910557,22893.315145399305,22961.500914595985,senario_A
2025-12-26 01:00:00,44220.70615234375,0.4036653903623422,21733.45564236111,22486.84684459228,senario_A
2025-12-26 02:00:00,42954.60858072917,0.48815672655900316,20119.36814670139,22834.752277301217,senario_A
2025-12-26 03:00:00,42088.15844618056,0.4730155562485257,18879.76545138889,23207.919979235423,senario_A
2025-12-26 04:00:00,41702.40303168403,0.4441835580517848,17998.555716145835,23703.403131980143,senario_A
2025-12-26 05:00:00,41727.94773220486,0.40672691115488613,17573.219754774305,24154.321250519402,senario_A
2025-12-26 06:00:00,42426.161015625,0.44472954439620166,16918.300247395833,25507.416038684773,senario_A
2025-12-26 07:00:00,43607.90288628472,0.47339797562609115,16014.70428059896,27592.72520771013,senario_A
2025-12-26 08:00:00,44567.11804470486,407.2198813837765,14731.37794921875,29428.520214102336,senario_A
2025-12-26 09:00:00,45540.35824652778,8790.650035400391,12585.28421766493,24164.423993462464,senario_A
2025-12-26 10:00:00,47516.23461371528,21507.901920572916,7863.42988172743,18144.902811414933,senario_A
2025-12-26 11:00:00,49700.99570095486,27395.459150390627,5354.599851888021,16950.93669867621,senario_A
2025-12-26 12:00:00,51556.880455729166,30641.54489583333,5437.739795464409,15477.595764431428,senario_A
2025-12-26 13:00:00,53205.99458116319,31229.6883203125,5394.853461371527,16581.452799479164,senario_A
2025-12-26 14:00:00,54973.69953993055,31483.01620117188,5492.319799262153,17998.36353949652,senario_A
2025-12-26 15:00:00,56526.24999782986,32480.60344401042,6199.55255750868,17846.09399631076,senario_A
2025-12-26 16:00:00,57395.40640407986,31470.842770182295,7269.848855251736,18654.71477864583,senario_A
2025-12-26 17:00:00,57327.09511501736,17996.57888183594,7873.681265733507,31456.834967447914,senario_A
2025-12-26 18:00:00,56589.587734375,1814.6278600247451,7693.146628146701,47081.81324620356,senario_A
2025-12-26 19:00:00,55790.96372395833,0.3775790718942881,9606.62191297743,46183.964231909005,senario_A
2025-12-26 20:00:00,54048.02923177083,0.3958334202567736,13152.94986328125,40894.68353506933,senario_A
2025-12-26 21:00:00,52825.74281901042,0.4499144126723209,15826.389760199652,36998.90314439809,senario_A
2025-12-26 22:00:00,51792.45449001736,0.47190757373968756,17792.588719618056,33999.393862825564,senario_A
2025-12-26 23:00:00,50071.35079861112,0.49948462891081963,20034.880857204866,30035.970456777344,senario_A
2025-12-27 00:00:00,48084.51192057291,0.5509589539095758,21608.542022569443,26475.418939049563,senario_A
2025-12-27 01:00:00,46156.76853515625,0.3526437725002566,22789.293018663197,23367.12287272055,senario_A
2025-12-27 02:00:00,44695.95187717014,0.4386855779464045,23794.630540364586,20900.88265122761,senario_A
2025-12-27 03:00:00,43729.21312717014,0.35766223322600116,24001.55812282986,19727.29734210705,senario_A
2025-12-27 04:00:00,43123.1030186632,0.3951440912609299,23702.96909939236,19419.738775179572,senario_A
2025-12-27 05:00:00,42708.660390625,0.42355695494761064,22904.198628472222,19804.03820519783,senario_A
2025-12-27 06:00:00,42925.057044270834,0.4208183141301075,22299.154207899304,20625.4820180574,senario_A
2025-12-27 07:00:00,43547.07262369792,0.47580906622111796,21891.68004340278,21654.916771228916,senario_A
2025-12-27 08:00:00,44173.99874782986,264.65524549903967,21234.035221354166,22675.308280976653,senario_A
2025-12-27 09:00:00,45583.84080512153,7340.271635335286,19840.337408854168,18403.231760932074,senario_A
2025-12-27 10:00:00,47538.80089192709,18916.50289388021,16436.35693684896,12185.941061197918,senario_A
2025-12-27 11:00:00,49600.550711805554,23099.786593424476,16839.41714409722,9661.346974283857,senario_A
2025-12-27 12:00:00,51439.21498480903,25609.584396158854,17568.401358506944,8261.229230143228,senario_A
2025-12-27 13:00:00,52802.17919921875,26155.091289062504,18306.251790364586,8340.83611979166,senario_A
2025-12-27 14:00:00,54138.518704427086,26449.987763671874,19482.48220920139,8206.048731553823,senario_A
2025-12-27 15:00:00,55302.7598328993,25772.10158854167,20795.47660373264,8735.181640624985,senario_A
2025-12-27 16:00:00,55911.88442274305,23342.18783203125,21663.522562934028,10906.174027777775,senario_A
2025-12-27 17:00:00,55760.92830295139,13059.496240641274,23525.524392361112,19175.907669949003,senario_A
2025-12-27 18:00:00,55356.64778211805,1410.2326388620338,23936.092350260416,30010.3227929956,senario_A
2025-12-27 19:00:00,55234.709212239584,0.510146604080995,25781.60872395833,29452.590341677176,senario_A
2025-12-27 20:00:00,54090.77421223959,0.625273998081684,27152.32684027778,26937.822097963723,senario_A
2025-12-27 21:00:00,52847.61701171875,0.7420459987223148,27199.136710069444,25647.738255650587,senario_A
2025-12-27 22:00:00,51812.02921006944,0.6777241065104802,26502.042454427083,25309.309031535846,senario_A
2025-12-27 23:00:00,50321.669526909725,0.6169881888727347,26383.45337456597,23937.599164154886,senario_A
2025-12-28 00:00:00,48464.15220052083,0.5636641260981559,25965.41772569445,22498.17081070028,senario_A
2025-12-28 01:00:00,46689.53975477431,0.5891681172947087,25025.98247395833,21662.968112698687,senario_A
2025-12-28 02:00:00,45128.75685763889,0.633305407812198,24286.269225260417,20841.854326970657,senario_A
2025-12-28 03:00:00,44068.01724392361,0.6496639141937097,23180.18856336805,20887.17901664137,senario_A
2025-12-28 04:00:00,43355.581690538194,0.6864943477511406,21175.95023220486,22178.944963985585,senario_A
2025-12-28 05:00:00,42764.52221571181,0.6690397086739539,19158.09097005208,23605.76220595106,senario_A
2025-12-28 06:00:00,42754.29671006944,0.6755833595991134,18212.652115885416,24540.969010824425,senario_A
2025-12-28 07:00:00,43461.76302517361,0.9046717867255212,16888.058268229168,26572.80008515772,senario_A
2025-12-28 08:00:00,44031.54438585069,358.78772674361863,15202.158639322915,28470.598019784156,senario_A
2025-12-28 09:00:00,45152.27873046875,8210.263788248698,14033.762840711806,22908.25210150825,senario_A
2025-12-28 10:00:00,47146.61271050348,19996.202247721354,13214.605500217014,13935.804962565115,senario_A
2025-12-28 11:00:00,49207.90540147569,22747.723802083332,15817.82560221354,10642.35599717882,senario_A
2025-12-28 12:00:00,50960.52887586805,25041.811269531252,17014.778663194444,8903.938943142351,senario_A
2025-12-28 13:00:00,52673.036312934026,27091.692692057295,16470.85714735243,9110.486473524299,senario_A
2025-12-28 14:00:00,53830.031171875,27934.033102213543,15921.886442057292,9974.111627604167,senario_A
2025-12-28 15:00:00,54572.3200390625,28561.45331705729,16295.55453016493,9715.312191840278,senario_A
2025-12-28 16:00:00,54721.74098741319,24568.922094726564,17479.768372395833,12673.050520290795,senario_A
2025-12-28 17:00:00,54139.34558159722,12935.600943196616,19489.57444878472,21714.170189615885,senario_A
2025-12-28 18:00:00,54019.1818467882,1289.145755382528,22659.43891276041,30070.597178645254,senario_A
2025-12-28 19:00:00,54236.749459635415,0.6880200524876515,23643.091946614582,30592.969492968343,senario_A
2025-12-28 20:00:00,53119.40503689236,0.56454589612782,23992.08324869792,29126.757242298314,senario_A
2025-12-28 21:00:00,52078.75848307292,0.67899254322052,23561.82964626736,28516.249844262333,senario_A
2025-12-28 22:00:00,50836.041532118055,0.5045353249708812,22218.47386935764,28617.063127435442,senario_A
2025-12-28 23:00:00,49047.19278862848,0.5646208546559016,20811.20663845486,28235.42152931897,senario_A
2025-12-29 00:00:00,47192.7404405382,0.6744620608538388,19924.257762586807,27267.808215890538,senario_A
2025-12-29 01:00:00,45341.22495876736,0.5959493049482505,19710.8357421875,25629.793267274912,senario_A
2025-12-29 02:00:00,44523.6717046441,0.6348844965795675,19142.201298828124,25380.835521319397,senario_A
2025-12-29 03:00:00,44414.67345269097,0.42960627973079685,16879.550030381943,27534.6938160293,senario_A
2025-12-29 04:00:00,44624.83585286458,0.8033132702857255,14932.606493055557,29691.426046538734,senario_A
2025-12-29 05:00:00,45682.41236545139,0.5080297175794839,14286.849939236112,31395.054396497697,senario_A
2025-12-29 06:00:00,47705.84223741319,0.5411439542969068,14623.450655381945,33081.85043807695,senario_A
2025-12-29 07:00:00,50741.16739583333,0.5626508774360021,14810.601087239584,35930.003657716305,senario_A
2025-12-29 08:00:00,53508.63346788195,258.9588540398081,15431.368426649306,37818.30618719283,senario_A
2025-12-29 09:00:00,55213.66892361111,4708.431859130859,14946.40172092014,35558.83534356011,senario_A
2025-12-29 10:00:00,56534.67834418403,11792.150983886719,14708.767273220486,30033.760087076822,senario_A
2025-12-29 11:00:00,56952.60052083333,14565.987581380206,16768.002080078124,25618.610859375,senario_A
2025-12-29 12:00:00,57037.58821614584,15728.221516927086,16234.292328559028,25075.074370659728,senario_A
2025-12-29 13:00:00,56965.35501519097,15384.993251953125,14271.8481640625,27308.513599175345,senario_A
2025-12-29 14:00:00,56773.45868923611,13870.68185872396,13310.873136935765,29591.903693576387,senario_A
2025-12-29 15:00:00,56485.01427300347,12058.057329915366,12007.1524609375,32419.804482150612,senario_A
2025-12-29 16:00:00,56724.01498046875,9775.315071614583,10959.839214409722,35988.86069444445,senario_A
2025-12-29 17:00:00,57311.52654296875,4399.682807820638,9478.174382595484,43433.66935255263,senario_A
2025-12-29 18:00:00,58741.15455295139,349.3121218172213,7813.0796305338545,50578.762800600314,senario_A
2025-12-29 19:00:00,59782.49499782986,0.5895860406011343,7129.588840603298,52652.31657118596,senario_A
2025-12-29 20:00:00,59306.12873263889,0.45887909437219304,7295.893784179688,52009.77606936483,senario_A
2025-12-29 21:00:00,58882.204906684026,0.46076628737151615,7112.525631510417,51769.21850888623,senario_A
2025-12-29 22:00:00,57707.61561631945,0.46719141617417337,7093.764597439236,50613.38382746404,senario_A
2025-12-29 23:00:00,55840.05857421875,0.49567555487155907,7294.276611328125,48545.28628733575,senario_A
2025-12-30 00:00:00,54079.66871744792,0.49007115694383774,8135.296815863715,45943.881830427265,senario_A
2025-12-30 01:00:00,52636.62442491319,0.5404166529824336,8850.209402126737,43785.87460613347,senario_A
2025-12-30 02:00:00,51814.66283854167,0.44323747866476565,9172.170739474826,42642.04886158818,senario_A
2025-12-30 03:00:00,51644.42692708333,0.4334691124161084,9334.144537760416,42309.8489202105,senario_A
2025-12-30 04:00:00,52049.01870659722,0.46946220792829996,9490.168961588544,42558.38028280075,senario_A
2025-12-30 05:00:00,53120.01773871528,0.7674202289928992,8744.312495659722,44374.93782282656,senario_A
2025-12-30 06:00:00,55055.92457899306,0.6299474515765905,8149.781301540798,46905.513330000686,senario_A
2025-12-30 07:00:00,57525.04231987847,0.4728455970684687,6991.14448404948,50533.42499023192,senario_A
2025-12-30 08:00:00,59479.20098307292,714.6701498028635,5763.610501844618,53000.92033142544,senario_A
2025-12-30 09:00:00,59567.88900824653,15172.990455729167,5418.1833203125,38976.715232204864,senario_A
2025-12-30 10:00:00,58173.17040581597,33765.351920572924,4253.524197319878,20154.294287923163,senario_A
2025-12-30 11:00:00,56234.56071180556,36182.69010091146,3032.295101182726,17019.57550971138,senario_A
2025-12-30 12:00:00,54047.62314236111,35732.30808268229,3386.2396459960937,14929.075413682724,senario_A
2025-12-30 13:00:00,52285.801328125,35254.43139322916,3986.966183810764,13044.403751085076,senario_A
2025-12-30 14:00:00,51017.1525390625,35903.97208984375,4268.1404543728295,10845.039994845922,senario_A
2025-12-30 15:00:00,50196.38611111111,37327.63933919271,3579.083394639757,9289.66337727864,senario_A
2025-12-30 16:00:00,49862.24674913195,36640.04130533854,3144.840314398872,10077.365129394533,senario_A
2025-12-30 17:00:00,50201.79072482639,21066.943265787762,3437.729070095486,25697.118388943138,senario_A
2025-12-30 18:00:00,52444.26116970486,1975.6631571799517,4213.274086914063,46255.32392561085,senario_A
2025-12-30 19:00:00,54665.71701388889,0.5169393193473419,6193.562570529514,48471.63750404002,senario_A
2025-12-30 20:00:00,55192.302339409725,0.5190440856417019,8630.748696831597,46561.03459849249,senario_A
2025-12-30 21:00:00,55663.84302517361,0.5422612674037616,9867.343935546874,45795.95682835934,senario_A
2025-12-30 22:00:00,55464.12688151042,0.517584906766812,10387.782492404514,45075.82680419914,senario_A
2025-12-30 23:00:00,54362.457057291664,0.5276106793930133,11429.582191840278,42932.347254771994,senario_A
2025-12-31 00:00:00,53189.19713107639,0.5000363108515739,12031.177113715275,41157.51998105027,senario_A
2025-12-31 01:00:00,52393.8700108507,0.4950120248148838,11567.82767686632,40825.54732195956,senario_A
2025-12-31 02:00:00,51857.199270833335,0.5091890561580656,10843.46179796007,41013.22828381711,senario_A
2025-12-31 03:00:00,51634.05146918403,0.5167090609421332,9459.297725694443,42174.23703442865,senario_A
2025-12-31 04:00:00,51900.253203125,0.506296488593022,8254.249518229166,43645.49738840724,senario_A
2025-12-31 05:00:00,52819.36925998264,0.6017122726142407,7429.554214952257,45389.21333275777,senario_A
2025-12-31 06:00:00,54754.88213324653,0.5030220296482245,6621.111176215278,48133.267935001604,senario_A
2025-12-31 07:00:00,57145.928355034725,0.5173309317231178,5897.3178304036455,51248.09319369935,senario_A
2025-12-31 08:00:00,58814.42225043403,858.4080989709993,5392.232416449653,52563.78173501338,senario_A
2025-12-31 09:00:00,58154.36908854167,15515.205131022136,4634.935191514757,38004.22876600478,senario_A
2025-12-31 10:00:00,55954.71672526042,36619.75676757812,3168.898889702691,16166.061067979612,senario_A
2025-12-31 11:00:00,53617.20782986111,38518.72696940104,1979.421353081597,13119.059507378472,senario_A
2025-12-31 12:00:00,51385.15446614583,37114.545996093744,2167.431405436198,12103.17706461589,senario_A
2025-12-31 13:00:00,49656.44122612848,36056.603251953115,3372.8457923719616,10226.992181803405,senario_A
2025-12-31 14:00:00,48726.82737630208,36131.46971028645,4408.1528325737845,8187.2048334418405,senario_A
2025-12-31 15:00:00,48058.85150607639,37414.702119140624,4629.490246853298,6014.659140082467,senario_A
2025-12-31 16:00:00,48036.83053168403,36648.57897460938,4351.16994249132,7037.081614583327,senario_A
2025-12-31 17:00:00,48402.35705512153,21940.73276529948,4393.011020507813,22068.61326931424,senario_A
2025-12-31 18:00:00,49624.52018663195,2576.0622345334286,4899.465,42148.99295209852,senario_A
2025-12-31 19:00:00,50885.12306640625,0.43311261465152107,7328.147792426215,43556.54216136539,senario_A
2025-12-31 20:00:00,49773.488765190974,0.3793817825367054,9979.253995225694,39793.85538818275,senario_A
2025-12-31 21:00:00,49002.5126280382,0.3927355461070935,13073.831037326388,35928.28885516571,senario_A
2025-12-31 22:00:00,48230.283255208335,0.37941531163950765,15597.708151041666,32632.195688855027,senario_A
2025-12-31 23:00:00,47374.19031467014,0.41206376055876404,17978.649136284723,29395.129114624855,senario_A
