datetime,ERCOT.LOAD,ERCOT.PVGR.GEN,ERCOT.WIND.GEN,NET_LOAD,scenario
2025-01-01 00:00:00,44715.45590277778,0.703510908484459,19928.909775390624,24785.842616478672,senario_B
2025-01-01 01:00:00,44110.29101128472,0.7248388706975513,21553.8705859375,22555.695586476522,senario_B
2025-01-01 02:00:00,43795.57606987847,0.7434245814217462,22333.077552083334,21461.755093213716,senario_B
2025-01-01 03:00:00,43630.22015625,0.7424294437964757,22960.07888183594,20669.398844970263,senario_B
2025-01-01 04:00:00,43519.32366753472,0.7528794136974547,22538.88785970052,20979.682928420505,senario_B
2025-01-01 05:00:00,43405.02808159722,0.7610781568288804,21800.749404296876,21603.517599143517,senario_B
2025-01-01 06:00:00,44283.52310763889,0.761337112320794,20725.15017578125,23557.611594745315,senario_B
2025-01-01 07:00:00,45377.646536458335,0.7683999658293195,20832.172745768232,24544.70539072427,senario_B
2025-01-01 08:00:00,46309.21947482639,425.60805295593207,18891.50472981771,26992.106692052745,senario_B
2025-01-01 09:00:00,46825.202855902775,7622.051936306423,14977.089318033853,24226.0616015625,senario_B
2025-01-01 10:00:00,47131.74827256944,16638.234344618057,11808.007669270834,18685.50625868055,senario_B
2025-01-01 11:00:00,47276.67506944444,18604.12832248264,11576.055697428386,17096.491049533415,senario_B
2025-01-01 12:00:00,46524.09295572917,18484.537159288197,10173.087875976562,17866.46792046441,senario_B
2025-01-01 13:00:00,45351.827879774304,17900.52650607639,8829.003294270835,18622.29807942708,senario_B
2025-01-01 14:00:00,44939.30490451389,18145.68776909722,7964.749239908855,18828.867895507814,senario_B
2025-01-01 15:00:00,44680.55547309028,18328.865288628476,7479.542857259114,18872.147327202692,senario_B
2025-01-01 16:00:00,44216.28831163194,17584.257862413193,7585.50478515625,19046.5256640625,senario_B
2025-01-01 17:00:00,44620.3129969618,10475.097585177951,7911.000743001302,26234.214668782548,senario_B
2025-01-01 18:00:00,46518.09880859375,1247.6768722180525,7093.610653483074,38176.811282892624,senario_B
2025-01-01 19:00:00,47753.3267686632,0.7379143571522501,7158.142323404949,40594.4465309011,senario_B
2025-01-01 20:00:00,47792.99050998264,0.7342609863148796,8563.967254231771,39228.28899476456,senario_B
2025-01-01 21:00:00,48766.12856119792,0.7332667383882735,11435.027385253907,37330.367909205626,senario_B
2025-01-01 22:00:00,48667.33704210069,0.7024667440520392,13913.347574869793,34753.287000486845,senario_B
2025-01-01 23:00:00,47113.08603298611,0.7268772606054942,17951.157626953125,29161.20152877238,senario_B
2025-01-02 00:00:00,46362.64152560764,0.6917685751120249,23539.17113769531,22822.778619337223,senario_B
2025-01-02 01:00:00,45550.05586588541,0.7189924614297019,25901.083886718752,19648.252986705233,senario_B
2025-01-02 02:00:00,45394.30384114583,0.7414892520507177,27427.083193359376,17966.479158534403,senario_B
2025-01-02 03:00:00,45395.90789279514,0.7666590926382276,27466.514990234376,17928.626243468127,senario_B
2025-01-02 04:00:00,45376.76631076389,0.7889783044656118,27037.757561848954,18338.219770610467,senario_B
2025-01-02 05:00:00,45860.45716145833,0.7899706318643358,27070.061933593748,18789.60525723272,senario_B
2025-01-02 06:00:00,47439.95216579861,0.7855045102039973,27343.10284830729,20096.063812981116,senario_B
2025-01-02 07:00:00,49699.50082465278,0.7874425033066008,26214.949345703124,23483.764036446348,senario_B
2025-01-02 08:00:00,51557.37722873264,169.93538693798914,25696.996936848962,25690.44490494569,senario_B
2025-01-02 09:00:00,52250.06522135417,4434.970021701389,23985.85799479167,23829.23720486111,senario_B
2025-01-02 10:00:00,51780.594418402776,10790.517584635416,18355.52408528646,22634.5527484809,senario_B
2025-01-02 11:00:00,51181.53367404514,12373.5062890625,13125.966875813803,25682.060509168838,senario_B
2025-01-02 12:00:00,49727.29762152778,12669.246532118055,10390.000559895834,26668.05052951389,senario_B
2025-01-02 13:00:00,48729.688016493055,12334.350397135417,8571.152147623698,27824.185471733945,senario_B
2025-01-02 14:00:00,48393.99588975695,12062.826637369792,6703.855157877604,29627.31409450956,senario_B
2025-01-02 15:00:00,48379.72066297743,12452.875755750869,5016.0566985066735,30910.788208719892,senario_B
2025-01-02 16:00:00,48248.47112196181,11528.630523003472,3859.537599283854,32860.30299967449,senario_B
2025-01-02 17:00:00,47809.08519097222,7634.173640679253,3698.8421805826815,36476.06936971028,senario_B
2025-01-02 18:00:00,48772.296942274304,1195.905148807764,3781.5662622070313,43794.82553125951,senario_B
2025-01-02 19:00:00,49700.18971788194,0.5949291472302543,4455.4328259277345,45244.16196280698,senario_B
2025-01-02 20:00:00,49366.86644097222,0.6068374301327599,5903.900892740887,43462.3587108012,senario_B
2025-01-02 21:00:00,49298.23922526042,0.6160729938083225,8157.504899902344,41140.11825236427,senario_B
2025-01-02 22:00:00,48438.62151041667,0.7289415478044086,10301.297255859376,38136.59531300949,senario_B
2025-01-02 23:00:00,47135.22495225695,0.7374182805087831,10934.952067057293,36199.535466919144,senario_B
2025-01-03 00:00:00,45990.13499565972,0.7566426841417948,11617.685717773438,34371.69263520214,senario_B
2025-01-03 01:00:00,44875.49760850694,0.7858470477660497,11149.43147623698,33725.280285222194,senario_B
2025-01-03 02:00:00,44433.79814236111,0.7899101748731401,11525.276501464843,32907.731730721396,senario_B
2025-01-03 03:00:00,44197.93671440972,0.8018160808748669,11872.041621907552,32325.093276421296,senario_B
2025-01-03 04:00:00,43462.67898220486,0.8008203654819065,10891.048651529949,32570.829510309428,senario_B
2025-01-03 05:00:00,43610.46458984375,0.8074042896429697,10885.278134765626,32724.379050788484,senario_B
2025-01-03 06:00:00,44980.05056640625,0.821937524875005,11407.089643554687,33572.13898532669,senario_B
2025-01-03 07:00:00,47089.93203559028,0.8229736812909444,10986.908264160156,36102.20079774883,senario_B
2025-01-03 08:00:00,48711.235460069445,118.1623026104768,9995.053177083333,38598.01998037563,senario_B
2025-01-03 09:00:00,49172.94039930555,3740.653308037652,7921.869597574871,37510.41749369303,senario_B
2025-01-03 10:00:00,48993.65819878472,10432.470454644095,3964.596960856119,34596.590783284504,senario_B
2025-01-03 11:00:00,48481.67735677084,12969.96571940104,2568.80596089681,32942.90567647298,senario_B
2025-01-03 12:00:00,48173.20431640625,13424.025964626737,3287.389842936198,31461.788508843314,senario_B
2025-01-03 13:00:00,47610.192786458334,13481.765386284722,4766.090928548177,29362.336471625436,senario_B
2025-01-03 14:00:00,47300.19924804688,14128.188192545573,6871.125192260742,26300.885863240568,senario_B
2025-01-03 15:00:00,47800.2550889757,14607.227851833768,8396.339615275065,24796.687621866862,senario_B
2025-01-03 16:00:00,47008.606545138886,14401.480335286458,9576.197473958333,23030.928735894093,senario_B
2025-01-03 17:00:00,46633.58192057291,8636.028930121527,10692.480183919271,27305.07280653211,senario_B
2025-01-03 18:00:00,47398.959375,1206.5956534817485,11389.623447265625,34802.74027425263,senario_B
2025-01-03 19:00:00,48412.98005208333,0.6063100084000164,14527.15114908854,33885.22259298639,senario_B
2025-01-03 20:00:00,48113.37448350695,0.5083423779739273,19085.11945963542,29027.746681493558,senario_B
2025-01-03 21:00:00,47474.54240885417,0.5024756754438082,24167.647516276047,23306.39241690268,senario_B
2025-01-03 22:00:00,46733.0188671875,0.5350773514641656,27986.908974609374,18745.57481522666,senario_B
2025-01-03 23:00:00,45540.46825954861,0.6143543139100075,29222.06103515625,16317.792870078447,senario_B
2025-01-04 00:00:00,43921.96764756944,0.6128327530622483,29497.081035156254,14424.273779660129,senario_B
2025-01-04 01:00:00,42416.06562065972,0.6213787334495121,29238.722265624994,13176.721976301276,senario_B
2025-01-04 02:00:00,41482.16644097222,0.6226734606424967,28430.357858072915,13051.185909438667,senario_B
2025-01-04 03:00:00,40587.37734809028,0.636724729206827,28177.725240885422,12409.015382475653,senario_B
2025-01-04 04:00:00,39950.46718315972,0.662497056192822,27232.117705078126,12717.686981025407,senario_B
2025-01-04 05:00:00,39872.39961371528,0.6982595086759991,26464.025908203123,13407.675446003483,senario_B
2025-01-04 06:00:00,40526.82232638889,0.7053736471467548,26201.0205859375,14325.096366804239,senario_B
2025-01-04 07:00:00,41419.8406640625,0.6800606555408901,26769.377389322915,14649.783214084047,senario_B
2025-01-04 08:00:00,42556.58256944444,80.9381783445014,27913.698557942706,14561.945833157239,senario_B
2025-01-04 09:00:00,43872.11922743056,1663.2932112969293,28645.49393880208,13563.33207733155,senario_B
2025-01-04 10:00:00,45653.42283420139,5399.062408311632,29023.68942708333,11230.670998806425,senario_B
2025-01-04 11:00:00,47437.07758897569,7520.97157172309,30479.529251302083,9436.576765950522,senario_B
2025-01-04 12:00:00,48216.54362413195,7018.351331922743,33595.31130859375,7602.880983615454,senario_B
2025-01-04 13:00:00,47754.8225,5960.665824110243,34435.45297851562,7358.7036973741415,senario_B
2025-01-04 14:00:00,47804.523984375,5645.434891493055,35086.87485677084,7072.214236111111,senario_B
2025-01-04 15:00:00,47292.59385416667,4730.78908311632,35879.55642578125,6682.248345269094,senario_B
2025-01-04 16:00:00,46959.48465277778,3633.869279513889,36619.287369791666,6706.328003472219,senario_B
2025-01-04 17:00:00,46813.97252604167,2832.523390299479,37046.9064811198,6934.54265462239,senario_B
2025-01-04 18:00:00,47531.81731770833,814.2716391584609,40073.275732421884,6644.269946127984,senario_B
2025-01-04 19:00:00,48503.72807725694,1.5200184164444606,41666.76120442708,6835.4468544134215,senario_B
2025-01-04 20:00:00,48127.58327256944,1.2530938228633668,42065.123033854165,6061.207144892411,senario_B
2025-01-04 21:00:00,47444.41449652778,1.1144434199730555,41815.235501302086,5628.064551805721,senario_B
2025-01-04 22:00:00,46659.250772569445,0.877050171163347,40689.05046875,5969.323253648283,senario_B
2025-01-04 23:00:00,45362.50529947917,0.6643427912394205,38782.20247395833,6579.638482729599,senario_B
2025-01-05 00:00:00,43927.39953125,0.6483320571316613,36628.604088541666,7298.147110651196,senario_B
2025-01-05 01:00:00,42120.36916666666,0.6737153442700704,34503.657431640626,7616.038019681757,senario_B
2025-01-05 02:00:00,41119.64821397569,0.6235383531120089,33472.65888997396,7646.365785648624,senario_B
2025-01-05 03:00:00,40264.82927517361,0.6074504275454415,32162.508971354167,8101.712853391895,senario_B
2025-01-05 04:00:00,39739.02673611111,0.6811570349004533,31307.898391927083,8430.447187149126,senario_B
2025-01-05 05:00:00,39210.3295703125,0.677200908528434,30422.583131510415,8787.069237893556,senario_B
2025-01-05 06:00:00,39475.8401953125,0.6766407518254386,30613.925589192717,8861.23796536796,senario_B
2025-01-05 07:00:00,40529.32897569444,0.6382720649904675,32063.16299153646,8465.52771209299,senario_B
2025-01-05 08:00:00,41422.1105078125,74.19423437303966,32806.36624023438,8541.550033205072,senario_B
2025-01-05 09:00:00,43161.06908420139,1865.700357666016,32464.67818359375,8830.690542941622,senario_B
2025-01-05 10:00:00,44985.488038194446,3420.635422092014,33089.731057942714,8475.12155815972,senario_B
2025-01-05 11:00:00,46170.24394965278,4795.991212565104,32847.37637695313,8526.876360134549,senario_B
2025-01-05 12:00:00,46961.92867621528,5892.995902777778,32380.568365885418,8688.364407552079,senario_B
2025-01-05 13:00:00,48036.31220486111,7031.862737630208,32064.401276041666,8940.048191189235,senario_B
2025-01-05 14:00:00,48663.21449652778,7903.555065104167,30905.235009765624,9854.42442165799,senario_B
2025-01-05 15:00:00,49092.414105902775,7999.697702365452,29977.479873046876,11115.236530490445,senario_B
2025-01-05 16:00:00,49435.511273871525,7498.340008680556,30402.143873697918,11535.027391493051,senario_B
2025-01-05 17:00:00,50143.737139756944,5548.328964572483,32784.63360677083,11810.774568413632,senario_B
2025-01-05 18:00:00,52496.85119357639,1353.7955395115746,36556.632600911464,14586.423053153354,senario_B
2025-01-05 19:00:00,55353.88163628472,1.0748750295241674,36339.78246744792,19013.024293807277,senario_B
2025-01-05 20:00:00,56573.71661892361,0.9047960019111634,38051.982727864575,18520.829095057125,senario_B
2025-01-05 21:00:00,57199.03017795139,0.929631793366538,39540.55524739583,17657.54529876219,senario_B
2025-01-05 22:00:00,57428.73270833334,0.7345505227645238,40211.617542317705,17216.380615492868,senario_B
2025-01-05 23:00:00,56624.42126302084,0.6807628660731846,37428.2094889323,19195.53101122247,senario_B
2025-01-06 00:00:00,55994.71570746528,0.6240739030308193,34138.79873372396,21855.292899838285,senario_B
2025-01-06 01:00:00,55583.99936631945,0.5940035290188259,31852.76605794271,23730.63930484772,senario_B
2025-01-06 02:00:00,55613.284296875,0.5842293885350227,30013.035550130207,25599.664517356254,senario_B
2025-01-06 03:00:00,55844.87998697917,0.58106422017018,27202.778229166666,28641.520693592334,senario_B
2025-01-06 04:00:00,56736.15983506945,0.5894238017665016,25675.08560872396,31060.484802543724,senario_B
2025-01-06 05:00:00,58571.31987196181,0.7122213625907898,24928.15869140625,33642.44895919297,senario_B
2025-01-06 06:00:00,61357.59268446181,0.6976065034336514,23859.215626627607,37497.67945133077,senario_B
2025-01-06 07:00:00,65329.80832899306,0.7113066818979051,23614.17910970052,41714.91791261064,senario_B
2025-01-06 08:00:00,67859.38311631944,439.9889815819264,21615.648649088544,45803.745485648964,senario_B
2025-01-06 09:00:00,68063.06128472222,8898.575964898004,17864.956184895833,41299.52913492839,senario_B
2025-01-06 10:00:00,67162.37912326389,19374.58129774305,15359.889182942708,32427.908642578135,senario_B
2025-01-06 11:00:00,65019.78586371528,20958.6444140625,11699.665417480468,32361.47603217232,senario_B
2025-01-06 12:00:00,63076.47179470486,20056.153342013888,9228.6557413737,33791.66271131727,senario_B
2025-01-06 13:00:00,60609.96362847222,19083.952643229168,8034.325437011719,33491.68554823133,senario_B
2025-01-06 14:00:00,59045.87691623264,18971.067669270837,6941.162061360677,33133.64718560113,senario_B
2025-01-06 15:00:00,57368.63071614583,18894.091184895835,5978.370703938803,32496.168827311194,senario_B
2025-01-06 16:00:00,56301.43033420139,18628.36109592014,5452.39079671224,32220.67844156901,senario_B
2025-01-06 17:00:00,56770.73025607639,11542.816849500869,5417.800721435547,39810.112685139975,senario_B
2025-01-06 18:00:00,59283.30420138889,1401.3651099856695,5822.9394706217445,52058.99962078148,senario_B
2025-01-06 19:00:00,62673.111707899305,0.7002225703497728,7728.036799316407,54944.374686012554,senario_B
2025-01-06 20:00:00,63876.96954861111,0.4702839622894922,10032.570370279947,53843.92889436887,senario_B
2025-01-06 21:00:00,64172.16722873264,0.4830805688434177,11521.066446126302,52650.617702037496,senario_B
2025-01-06 22:00:00,63606.72426215278,0.4971236172649595,11724.379454752603,51881.84768378291,senario_B
2025-01-06 23:00:00,61993.71366536459,0.5129707002970907,12779.408885091147,49213.791809573144,senario_B
2025-01-07 00:00:00,61111.99861545139,0.5062238046195772,13222.09501139323,47889.39738025353,senario_B
2025-01-07 01:00:00,59885.56013454861,0.5145740965339872,12865.522263997394,47019.52329645468,senario_B
2025-01-07 02:00:00,59316.890844184025,0.5127804837624232,12294.98892171224,47021.389141988024,senario_B
2025-01-07 03:00:00,59152.98112413195,0.5689038634631369,12099.34914876302,47053.06307150546,senario_B
2025-01-07 04:00:00,59638.1194921875,0.5254101125068135,11371.955672200522,48265.63840987447,senario_B
2025-01-07 05:00:00,61174.300505642364,0.5278023539317979,11111.866518554689,50061.90618473374,senario_B
2025-01-07 06:00:00,63865.97073567708,0.5556348042024506,12316.14865559896,51549.26644527392,senario_B
2025-01-07 07:00:00,67598.56618489583,0.5322141054934926,12782.329986165365,54815.70398462497,senario_B
2025-01-07 08:00:00,68943.63319878472,398.97426861630544,13150.754741210938,55393.90418895747,senario_B
2025-01-07 09:00:00,67944.51736328125,7237.057934299045,11192.469938151042,49514.98949083116,senario_B
2025-01-07 10:00:00,66282.61555555556,16345.477163628471,9236.450184733074,40700.68820719401,senario_B
2025-01-07 11:00:00,63598.31657552083,19212.679281684028,8117.569159342448,36268.06813449435,senario_B
2025-01-07 12:00:00,60972.96939236111,18565.06521267361,7600.718645019531,34807.18553466797,senario_B
2025-01-07 13:00:00,58921.77090060764,17906.117105034722,8010.649821777343,33005.003973795574,senario_B
2025-01-07 14:00:00,58019.30119357639,17524.487133246526,9543.794943033854,30951.01911729601,senario_B
2025-01-07 15:00:00,57270.99732204861,17136.298869357637,11693.62078531901,28441.07766737197,senario_B
2025-01-07 16:00:00,56091.905125868056,15725.225349392362,13921.702271321617,26444.977505154075,senario_B
2025-01-07 17:00:00,56532.93853298611,9014.881166992189,17850.504837239587,29667.55252875434,senario_B
2025-01-07 18:00:00,59578.18392578125,1123.7271461868286,19130.24080403646,39324.21597555796,senario_B
2025-01-07 19:00:00,62660.79697482639,1.1163537152608236,19422.89109375,43236.789527361136,senario_B
2025-01-07 20:00:00,63467.61811631944,0.6280013814568519,21229.904095052083,42237.0860198859,senario_B
2025-01-07 21:00:00,63453.469210069445,0.6002879028850131,21804.185166015624,41648.68375615094,senario_B
2025-01-07 22:00:00,62584.35014322917,0.6089943564600415,22116.661354166667,40467.07979470604,senario_B
2025-01-07 23:00:00,60547.22205729166,0.5930172479483816,22099.659697265626,38446.96934277809,senario_B
2025-01-08 00:00:00,58959.85379448785,0.572856503609154,22082.151276041666,36877.12966194257,senario_B
2025-01-08 01:00:00,58099.98388454861,0.5954474972354041,21399.98096842448,36699.40746862689,senario_B
2025-01-08 02:00:00,57934.71243489583,0.6092940294742584,20958.810048828127,36975.29309203823,senario_B
2025-01-08 03:00:00,57543.839600694446,0.5848286916149987,21175.399158528646,36367.85561347418,senario_B
2025-01-08 04:00:00,58150.32687934028,0.6120808965961139,21694.202719726563,36455.512078717125,senario_B
2025-01-08 05:00:00,59291.64083333333,0.6070702090528276,21622.141954752606,37668.89180837167,senario_B
2025-01-08 06:00:00,61957.596338975694,0.5811047841442956,20149.47094238281,41807.54429180874,senario_B
2025-01-08 07:00:00,65879.23846354167,0.5821277925040986,18459.795231119788,47418.86110462938,senario_B
2025-01-08 08:00:00,67539.4243923611,155.83554853760535,15543.334474283856,51840.254369539645,senario_B
2025-01-08 09:00:00,67376.17684027778,3449.044686279297,13487.876228841145,50439.25592515734,senario_B
2025-01-08 10:00:00,66880.29097222222,8033.141625976563,11660.28843343099,47186.86091281468,senario_B
2025-01-08 11:00:00,65568.0755295139,9834.227021484376,9051.285340983073,46682.56316704645,senario_B
2025-01-08 12:00:00,63967.41695746528,10771.62871527778,8069.323939615886,45126.46430257161,senario_B
2025-01-08 13:00:00,62524.56344184028,11180.36347439236,7126.863205566406,44217.33676188151,senario_B
2025-01-08 14:00:00,61780.58412760417,11241.19744032118,6447.7551940917965,44091.63149319119,senario_B
2025-01-08 15:00:00,60788.94780815972,10597.172038845489,5707.871518554688,44483.904250759544,senario_B
2025-01-08 16:00:00,61278.2286328125,8793.939310980903,5321.048796793621,47163.240525037974,senario_B
2025-01-08 17:00:00,60324.19805555556,4789.296775173611,5282.339276123048,50252.56200425889,senario_B
2025-01-08 18:00:00,62314.46517795139,531.2766996746593,5818.273748372396,55964.91472990433,senario_B
2025-01-08 19:00:00,64726.484010416665,0.399422688153055,6712.178991292318,58013.90559643619,senario_B
2025-01-08 20:00:00,64958.31248263889,0.5191121241119173,7406.954847819011,57550.83852269576,senario_B
2025-01-08 21:00:00,64345.01673177083,0.5235555008384917,7266.130607096354,57078.36256917364,senario_B
2025-01-08 22:00:00,63244.56568576389,0.5301233098573155,8907.405764973959,54336.62979748007,senario_B
2025-01-08 23:00:00,61295.29695746528,0.5489940728412734,10023.022826334636,51271.7251370578,senario_B
2025-01-09 00:00:00,59461.255078125,0.5963110884361796,11098.163194173176,48362.495572863394,senario_B
2025-01-09 01:00:00,58362.86870659722,0.5952071266704135,11571.130544433594,46791.14295503695,senario_B
2025-01-09 02:00:00,57308.71496961806,0.5798505738708708,11003.283474121094,46304.851644923096,senario_B
2025-01-09 03:00:00,56862.234956597225,0.5943619679742389,10007.777811686197,46853.862782943055,senario_B
2025-01-09 04:00:00,56686.56704861111,0.5905218456851111,9319.028041992187,47366.94848477324,senario_B
2025-01-09 05:00:00,57186.02610243056,0.5925581379069222,8896.408360188801,48289.025184103855,senario_B
2025-01-09 06:00:00,58440.32703559028,0.6030415181318919,7254.479157714844,51185.244836357306,senario_B
2025-01-09 07:00:00,61104.98148871528,0.619919911093182,5428.164094238282,55676.19747456591,senario_B
2025-01-09 08:00:00,62783.73100694444,33.2157221872939,4606.63955851237,58143.87572624478,senario_B
2025-01-09 09:00:00,63382.42641059028,712.4995536126031,4530.750060221353,58139.17679675632,senario_B
2025-01-09 10:00:00,64844.992743055554,2499.7374985080296,5519.172535400391,56826.08270914713,senario_B
2025-01-09 11:00:00,66288.9542578125,3882.948141547309,6843.448999023438,55562.55711724175,senario_B
2025-01-09 12:00:00,66360.69588541667,4961.638342013889,7081.315948893229,54317.741594509556,senario_B
2025-01-09 13:00:00,65648.886640625,4886.37204047309,6534.5329943847655,54227.98160576714,senario_B
2025-01-09 14:00:00,65711.84499131945,3963.710664876302,7175.42150797526,54572.71281846789,senario_B
2025-01-09 15:00:00,65771.44638020833,3559.42361328125,7651.863215332031,54560.159551595054,senario_B
2025-01-09 16:00:00,66224.47899305556,2680.001966417101,9231.415945638022,54313.06108100044,senario_B
2025-01-09 17:00:00,66823.31810763889,1791.5973141818577,10808.062495117189,54223.65829833984,senario_B
2025-01-09 18:00:00,67989.39013020834,425.0705850436953,12319.990834147136,55244.32871101751,senario_B
2025-01-09 19:00:00,68382.74644097222,0.6463274572292964,12952.915428059896,55429.18468545509,senario_B
2025-01-09 20:00:00,67940.00686631944,0.5664608358012305,15184.49961425781,52754.940791225825,senario_B
2025-01-09 21:00:00,66903.38245659722,0.5479778552386496,16472.67910970052,50430.15536904146,senario_B
2025-01-09 22:00:00,65398.21092881945,0.5741190096735954,14992.012833658855,50405.62397615092,senario_B
2025-01-09 23:00:00,63284.79765190972,0.565552984740999,15484.416730143228,47799.815368781754,senario_B
2025-01-10 00:00:00,61303.15923611111,0.5806997746891446,18249.90390950521,43052.67462683121,senario_B
2025-01-10 01:00:00,60112.39165798611,0.5908773521582286,21570.203064778645,38541.59771585531,senario_B
2025-01-10 02:00:00,59446.91034722222,0.5913650594154993,24193.87970214844,35252.43928001437,senario_B
2025-01-10 03:00:00,58906.837230902776,0.5985255210267173,26349.602360026038,32556.636345355713,senario_B
2025-01-10 04:00:00,58856.34398871528,0.5950220151080026,28997.762405598958,29857.986561101214,senario_B
2025-01-10 05:00:00,59578.40265190973,0.608669574128257,30637.70947265625,28940.084509679356,senario_B
2025-01-10 06:00:00,61706.91238715278,0.671191354393959,32257.081884765626,29449.15931103276,senario_B
2025-01-10 07:00:00,64702.39491753472,0.6325077072117063,34103.185527343754,30598.576882483758,senario_B
2025-01-10 08:00:00,66404.22956597223,64.10989642394914,35298.90857747395,31041.21109207433,senario_B
2025-01-10 09:00:00,66684.63028645833,2412.5918888346355,34908.98549804688,29363.05289957681,senario_B
2025-01-10 10:00:00,67010.27733506945,6919.117175021702,34665.935686848956,25425.22447319879,senario_B
2025-01-10 11:00:00,67014.97051215278,9111.017532552083,33714.08379882813,24189.86918077257,senario_B
2025-01-10 12:00:00,67179.39499131944,9985.352533637151,32823.3067545573,24370.735703124985,senario_B
2025-01-10 13:00:00,66377.9330295139,9873.36521267361,33570.14168294271,22934.42613389757,senario_B
2025-01-10 14:00:00,65873.4671310764,9201.86406358507,34177.28471354167,22494.31835394966,senario_B
2025-01-10 15:00:00,65223.27375868055,9400.821867404517,33288.547102864584,22533.904788411455,senario_B
2025-01-10 16:00:00,64254.106024305554,10547.674339192708,29101.686399739578,24604.74528537327,senario_B
2025-01-10 17:00:00,63134.60673177084,8838.424457465278,24206.413616536458,30089.768657769102,senario_B
2025-01-10 18:00:00,64306.12323350694,1999.69893219418,18439.936448567707,43866.48785274506,senario_B
2025-01-10 19:00:00,65844.06369357639,2.452736611134476,16187.284969075521,49654.32598788974,senario_B
2025-01-10 20:00:00,65313.65646701389,0.6159689355889956,16927.38803059896,48385.65246747934,senario_B
2025-01-10 21:00:00,65059.84867621528,0.6105947751469082,17126.89967936198,47932.33840207815,senario_B
2025-01-10 22:00:00,64472.163697916665,0.6183415187067456,17282.549448242193,47188.99590815577,senario_B
2025-01-10 23:00:00,63151.343355034725,0.607701995505227,18010.024375,45140.71127803922,senario_B
2025-01-11 00:00:00,61858.32529079861,0.6046933513879776,20756.28134765625,41101.43924979097,senario_B
2025-01-11 01:00:00,61380.516284722224,0.6070915532112121,24541.649785156253,36838.25940801276,senario_B
2025-01-11 02:00:00,61267.33697482639,0.6167485129833221,28229.702363281256,33037.017863032146,senario_B
2025-01-11 03:00:00,61812.67664496528,0.617629237042533,29950.769713541667,31861.289302186568,senario_B
2025-01-11 04:00:00,61820.96414496528,0.58876944065094,31169.57294596354,30650.80242956109,senario_B
2025-01-11 05:00:00,62648.78993055556,0.7233185251553853,32379.388225911458,30268.67838611895,senario_B
2025-01-11 06:00:00,63786.47396701389,0.9387769980563058,33430.29389973958,30355.24129027625,senario_B
2025-01-11 07:00:00,65617.24474392361,0.9099810741345088,33347.94016276042,32268.394600089065,senario_B
2025-01-11 08:00:00,67243.71340277778,467.7878892418411,32782.0907389323,33993.834774603645,senario_B
2025-01-11 09:00:00,66657.71440972222,8829.632507595486,31440.075257161458,26388.006644965273,senario_B
2025-01-11 10:00:00,64195.78663628472,18792.469466145834,26532.050960286462,18871.266209852423,senario_B
2025-01-11 11:00:00,60924.50758680556,19730.14958767361,24797.939008789064,16396.418990342878,senario_B
2025-01-11 12:00:00,57823.18951388889,18684.768509114583,25796.771087239584,13341.64991753472,senario_B
2025-01-11 13:00:00,55362.76116753472,17594.51140407986,27052.60206054688,10715.647702907983,senario_B
2025-01-11 14:00:00,54187.44166232639,15944.21431640625,28880.067672526042,9363.159673394097,senario_B
2025-01-11 15:00:00,52908.12592013889,14870.251962890625,28980.131604817703,9057.742352430563,senario_B
2025-01-11 16:00:00,50912.246705729165,13852.886498480902,28187.14501953125,8872.21518771701,senario_B
2025-01-11 17:00:00,49879.12887586805,10519.542572699653,30237.7808984375,9121.805404730898,senario_B
2025-01-11 18:00:00,51582.3049609375,2492.128446684944,32544.176865234374,16545.99964901818,senario_B
2025-01-11 19:00:00,54323.54912326389,2.824609923892551,34050.34361328126,20270.380900058743,senario_B
2025-01-11 20:00:00,55309.95330295139,0.6238890820079379,36764.43522460938,18544.894189260005,senario_B
2025-01-11 21:00:00,55741.28298611111,0.5882780536346965,37514.91723307291,18225.777474984563,senario_B
2025-01-11 22:00:00,55606.17026041666,0.5853230439623197,37957.53960611979,17648.045331252906,senario_B
2025-01-11 23:00:00,54730.46671006944,0.558284088174502,36761.02880859375,17968.879617387516,senario_B
2025-01-12 00:00:00,53827.94486545139,0.5880019585291545,35411.80996419271,18415.54689930015,senario_B
2025-01-12 01:00:00,52712.92987413194,0.586389988594585,32357.645143229172,20354.698340914176,senario_B
2025-01-12 02:00:00,52408.519127604166,0.5926182672050264,31271.125989583332,21136.80051975363,senario_B
2025-01-12 03:00:00,52898.54086805556,0.6077073041598002,31927.226884765627,20970.706275985776,senario_B
2025-01-12 04:00:00,52759.81136284722,0.6247229613198174,28759.584931640624,23999.601708245274,senario_B
2025-01-12 05:00:00,53042.10883680556,0.6574103550778495,28679.832688802082,24361.618737648394,senario_B
2025-01-12 06:00:00,53735.65332899305,0.6557106722063488,28640.39297200521,25094.604646315638,senario_B
2025-01-12 07:00:00,55107.966553819446,0.6609933678309122,29112.534469401042,25994.77109105057,senario_B
2025-01-12 08:00:00,56699.47111979167,254.71672023812928,29586.947135416667,26857.80726413687,senario_B
2025-01-12 09:00:00,57163.40602430556,6611.403884412977,26935.70864746094,23616.293492431643,senario_B
2025-01-12 10:00:00,55817.59111545139,15242.0871484375,20850.145657552082,19725.358309461804,senario_B
2025-01-12 11:00:00,54943.78369357639,16451.380579427085,22928.40335123698,15563.999762912325,senario_B
2025-01-12 12:00:00,54207.59706163195,16397.06607313368,23222.301189778645,14588.229798719625,senario_B
2025-01-12 13:00:00,52116.86625,16256.232422960067,21412.177050781247,14448.456776258681,senario_B
2025-01-12 14:00:00,50486.04013454861,16701.505162760415,18750.69814778646,15033.83682400173,senario_B
2025-01-12 15:00:00,49338.40501736111,17251.458982204862,16827.881051432294,15259.064983723954,senario_B
2025-01-12 16:00:00,48316.17429253472,16254.468140190971,15975.935729166664,16085.770423177088,senario_B
2025-01-12 17:00:00,48434.39552951389,11469.523261176217,15198.32771809896,21766.54455023871,senario_B
2025-01-12 18:00:00,50342.52521701389,1998.882630343967,12748.420063476562,35595.22252319337,senario_B
2025-01-12 19:00:00,52609.81118055555,2.859338636596997,13840.138751627605,38766.813090291354,senario_B
2025-01-12 20:00:00,53112.32677083334,0.7520029681258732,18028.243269856768,35083.33149800844,senario_B
2025-01-12 21:00:00,53341.90256076389,0.7771981351243125,21890.304381510414,31450.82098111835,senario_B
2025-01-12 22:00:00,52594.57733940972,0.7840574607584212,23140.79305013021,29453.000231818747,senario_B
2025-01-12 23:00:00,51433.7062109375,0.8024775097767513,23195.30868977864,28237.595043649075,senario_B
2025-01-13 00:00:00,49999.89662326389,0.8037385198142794,23494.79029296875,26504.30259177533,senario_B
2025-01-13 01:00:00,50201.42016059028,0.8305562508768506,24019.827602539062,26180.76200180034,senario_B
2025-01-13 02:00:00,50365.07558159722,0.862089777522617,23613.178912760417,26751.03457905928,senario_B
2025-01-13 03:00:00,49919.41006944444,0.8266337368885676,22519.441407877603,27399.14202782995,senario_B
2025-01-13 04:00:00,50606.3502734375,0.821208724975586,20493.71991048177,30111.809154230752,senario_B
2025-01-13 05:00:00,52378.891236979165,0.8252853325340483,17668.718880208333,34709.3470714383,senario_B
2025-01-13 06:00:00,55429.97674479167,0.8416003672944175,14993.791318359374,40435.343826065,senario_B
2025-01-13 07:00:00,59937.952703993054,0.8348500023285548,13650.494923502603,46286.62293048813,senario_B
2025-01-13 08:00:00,61037.59330295139,461.8129734279712,12456.415490722658,48119.36483880076,senario_B
2025-01-13 09:00:00,60903.09083767361,7951.623064778646,11081.693502604166,41869.7742702908,senario_B
2025-01-13 10:00:00,59472.50301649306,17930.342587890624,9646.870402018229,31895.29002658421,senario_B
2025-01-13 11:00:00,56869.28377170139,19521.73691623264,8392.201673177084,28955.34518229167,senario_B
2025-01-13 12:00:00,54823.56259114584,19242.87589626736,8613.231328124999,26967.455366753482,senario_B
2025-01-13 13:00:00,52912.323797743054,19162.05896701389,8828.616225585938,24921.64860514323,senario_B
2025-01-13 14:00:00,51655.573029513886,19534.5641015625,8435.993514811198,23685.015413140187,senario_B
2025-01-13 15:00:00,51258.51143663195,20185.52083333333,7930.585220540364,23142.405382758254,senario_B
2025-01-13 16:00:00,51321.26336697049,19721.747293836805,7753.401272583009,23846.114800550677,senario_B
2025-01-13 17:00:00,50223.03515625,13630.62275390625,7619.078228352865,28973.334173990883,senario_B
2025-01-13 18:00:00,51619.05450086806,2534.5966567696464,6569.5217956542965,42514.93604844411,senario_B
2025-01-13 19:00:00,54350.23979383681,4.107851915723748,6933.175122070312,47412.95681985078,senario_B
2025-01-13 20:00:00,55185.03944878472,0.6968675416707992,9350.249989420572,45834.09259182248,senario_B
2025-01-13 21:00:00,55858.425770399306,0.6306606660948859,12309.683412272138,43548.11169746108,senario_B
2025-01-13 22:00:00,55750.18927083333,0.6432749983668328,15414.19787272135,40335.34812311362,senario_B
2025-01-13 23:00:00,54381.26780815972,0.6417026352882386,18715.940196940104,35664.68590858433,senario_B
2025-01-14 00:00:00,53800.33629123264,0.619270597398281,21257.659106445313,32542.057914189932,senario_B
2025-01-14 01:00:00,53046.99718315972,0.5571812312139405,21606.795463867187,31439.644538061322,senario_B
2025-01-14 02:00:00,53693.88312065973,0.5657386631766955,22335.11460123698,31358.202780759573,senario_B
2025-01-14 03:00:00,53955.722235243054,0.5587539527813593,21653.67230794271,32301.49117334756,senario_B
2025-01-14 04:00:00,54139.38518012153,0.5755974235799578,19865.33703776042,34273.472544937526,senario_B
2025-01-14 05:00:00,55117.06651692709,0.5693211063411501,20014.177322591146,35102.3198732296,senario_B
2025-01-14 06:00:00,57891.12155598959,0.5930770159098837,18925.56667480469,38964.961804169,senario_B
2025-01-14 07:00:00,61867.34498480903,0.5904057689176665,17720.122599283855,44146.63197975626,senario_B
2025-01-14 08:00:00,63285.26833333333,164.02959192666742,15554.147130533853,47567.09161087281,senario_B
2025-01-14 09:00:00,62075.34808159722,4110.9643205430775,13796.59694986979,44167.786811184356,senario_B
2025-01-14 10:00:00,60070.86490234375,11313.232073567708,9676.069440104166,39081.56338867187,senario_B
2025-01-14 11:00:00,57707.95023220487,13884.838565538195,7459.52767985026,36363.58398681642,senario_B
2025-01-14 12:00:00,55670.934446614585,14329.571843532984,8033.490831705729,33307.871771375874,senario_B
2025-01-14 13:00:00,54360.95647786458,13811.068764105905,6845.271819661459,33704.61589409722,senario_B
2025-01-14 14:00:00,53688.17948350695,13388.873001302083,5250.104478352865,35049.202003852006,senario_B
2025-01-14 15:00:00,53635.31443576389,13081.149995659722,4583.188007405599,35970.976432698575,senario_B
2025-01-14 16:00:00,53279.38861111111,12013.592306586372,4175.956755269369,37089.839549255375,senario_B
2025-01-14 17:00:00,52837.35114583333,8606.56222764757,3931.0311604817707,40299.75775770399,senario_B
2025-01-14 18:00:00,53645.78373914931,1929.3499456702336,3858.436403808594,47857.99738967048,senario_B
2025-01-14 19:00:00,55207.90789930556,5.245708791050646,5367.808017985026,49834.85417252948,senario_B
2025-01-14 20:00:00,55634.19076388889,0.5885724878642294,8333.72245686849,47299.87973453254,senario_B
2025-01-14 21:00:00,55283.92154079861,0.6102439370751381,10140.93586751302,45142.37542934852,senario_B
2025-01-14 22:00:00,54591.76202690973,0.6256639312704404,11356.206260579427,43234.930102399034,senario_B
2025-01-14 23:00:00,52799.025852864586,0.4050462559858958,12772.609614257814,40026.011192350794,senario_B
2025-01-15 00:00:00,51257.55499131944,0.4092469756222433,11836.014256591798,39421.13148775202,senario_B
2025-01-15 01:00:00,49638.775907118055,0.4233417045738962,9710.275721028645,39928.076844384836,senario_B
2025-01-15 02:00:00,48975.62856336805,0.409746019674672,8725.125187174479,40250.0936301739,senario_B
2025-01-15 03:00:00,48883.86522569445,0.4452700800034735,7875.406185709636,41008.01376990481,senario_B
2025-01-15 04:00:00,49516.82162109375,0.4395632999307579,7761.343327636718,41755.0387301571,senario_B
2025-01-15 05:00:00,50617.39122395834,0.4320984301964441,7659.446197916666,42957.512927611475,senario_B
2025-01-15 06:00:00,53082.67020399305,0.4384140856067339,8077.539297688802,45004.692492218644,senario_B
2025-01-15 07:00:00,56472.14246744791,0.524122936228911,8853.572345377605,47618.045999134076,senario_B
2025-01-15 08:00:00,57133.45190755208,108.45409376555018,7871.80965657552,49153.188157211014,senario_B
2025-01-15 09:00:00,57496.44964192708,3850.570695732965,7906.750078938803,45739.128867255306,senario_B
2025-01-15 10:00:00,57286.11610243056,11820.756609157988,7570.22055094401,37895.138942328565,senario_B
2025-01-15 11:00:00,55932.972899305554,13972.609203559028,6592.922264811198,35367.44143093533,senario_B
2025-01-15 12:00:00,54537.10057942708,14448.47943576389,5891.34244506836,34197.27869859483,senario_B
2025-01-15 13:00:00,52867.76712890625,14578.953431532118,5509.54847635905,32779.265221015085,senario_B
2025-01-15 14:00:00,52302.92993706597,14741.078957248264,6019.737506510417,31542.113473307294,senario_B
2025-01-15 15:00:00,50749.31488498264,14768.067975260416,6840.372327473958,29140.874582248263,senario_B
2025-01-15 16:00:00,49947.69536241319,13771.61298936632,6584.287728678386,29591.794644368485,senario_B
2025-01-15 17:00:00,50134.538218315975,9456.157765299478,5907.982082926432,34770.39837009006,senario_B
2025-01-15 18:00:00,51112.654772135415,1833.00295662774,5779.556822916667,43500.09499259101,senario_B
2025-01-15 19:00:00,52725.57523871528,2.438830370737447,6365.32675415039,46357.809654194156,senario_B
2025-01-15 20:00:00,53101.16864149306,0.400843986256255,7060.164843750001,46040.602953756796,senario_B
2025-01-15 21:00:00,53224.45105685764,0.5059095988836554,7070.898618164063,46153.04652909469,senario_B
2025-01-15 22:00:00,52377.71384548611,0.5402359887295299,7180.094130859376,45197.07947863801,senario_B
2025-01-15 23:00:00,51140.19647569444,0.538631918463442,6602.524015299481,44537.1338284765,senario_B
2025-01-16 00:00:00,50456.69872829861,0.5701782743467225,6569.213665364583,43886.91488465968,senario_B
2025-01-16 01:00:00,49238.43060980903,0.5479292751683129,6780.480159505208,42457.402521028656,senario_B
2025-01-16 02:00:00,49265.38397352431,0.550834598408805,7008.44223470052,42256.39090422538,senario_B
2025-01-16 03:00:00,50098.78185980903,0.5206157946255472,8243.935376790365,41854.32586722404,senario_B
2025-01-16 04:00:00,50518.57815755208,0.5394061850839191,8763.168785807291,41754.86996555971,senario_B
2025-01-16 05:00:00,51797.83557942708,0.5669250356157621,8309.089796549479,43488.17885784199,senario_B
2025-01-16 06:00:00,54698.10670789931,0.5905546621481578,7944.7813793945315,46752.734773842625,senario_B
2025-01-16 07:00:00,58965.084173177085,0.5866616596778234,8423.478989257812,50541.0185222596,senario_B
2025-01-16 08:00:00,60616.57933159722,459.9249629688594,9015.844626464845,51140.80974216352,senario_B
2025-01-16 09:00:00,59750.354479166665,7062.493375922309,8433.028470052084,44254.83263319227,senario_B
2025-01-16 10:00:00,57739.96135850695,16064.338283420138,6050.503692626953,35625.11938245986,senario_B
2025-01-16 11:00:00,54209.11351779514,17777.391690538196,3651.2231315104164,32780.49869574653,senario_B
2025-01-16 12:00:00,51911.32328776042,18198.365043402777,4197.14413289388,29515.814111463755,senario_B
2025-01-16 13:00:00,50825.53132378472,17477.93181640625,5437.6260774739585,27909.973429904516,senario_B
2025-01-16 14:00:00,49516.556953125,17121.10438096788,6093.948582967122,26301.503989189998,senario_B
2025-01-16 15:00:00,48383.58460720486,17338.37880642361,6560.558348795575,24484.647451985675,senario_B
2025-01-16 16:00:00,47333.37950520834,16665.95884440104,6722.674342447916,23944.74631835938,senario_B
2025-01-16 17:00:00,47054.34641276042,12936.097069227431,6992.040438639322,27126.20890489366,senario_B
2025-01-16 18:00:00,48256.48689019097,2598.388316925897,8202.352108561197,37455.74646470387,senario_B
2025-01-16 19:00:00,50229.795703125,2.4568474876984125,12685.077803548178,37542.26105208912,senario_B
2025-01-16 20:00:00,51579.67030381945,0.3550340320004357,20573.847664388024,31005.467605399423,senario_B
2025-01-16 21:00:00,52186.58810763889,0.4243083290921317,25088.86213378906,27097.301665520736,senario_B
2025-01-16 22:00:00,51902.46203993056,0.7130624842974874,31305.348535156256,20596.400442290003,senario_B
2025-01-16 23:00:00,50726.84855251736,1.0379830367366474,34403.331901041674,16322.478668438947,senario_B
2025-01-17 00:00:00,49427.8097157118,0.6642009604142772,35372.17425455729,14054.9712601941,senario_B
2025-01-17 01:00:00,48568.99410807292,0.6265646131833394,35913.04958007813,12655.317963381603,senario_B
2025-01-17 02:00:00,48420.75524305556,0.5953731067313088,35972.24025716146,12447.919612787366,senario_B
2025-01-17 03:00:00,48410.71986328125,0.550858918428421,35207.35758300781,13202.811421355007,senario_B
2025-01-17 04:00:00,48659.42188585069,0.5702709925174713,35080.390117187504,13578.461497670665,senario_B
2025-01-17 05:00:00,48892.47708550347,0.6963322565456231,34247.000617675774,14644.780135571156,senario_B
2025-01-17 06:00:00,51020.54135199653,0.710979676246643,34409.15339518229,16610.67697713799,senario_B
2025-01-17 07:00:00,54493.14226345486,0.864469255109628,34822.23436442057,19670.04342977918,senario_B
2025-01-17 08:00:00,55737.4945985243,192.7594127879209,35697.01567545573,19847.71951028065,senario_B
2025-01-17 09:00:00,55330.42388237847,2673.9518517727324,35011.86002115886,17644.61200944688,senario_B
2025-01-17 10:00:00,55096.86788194445,6239.34240234375,34008.160546875006,14849.364932725694,senario_B
2025-01-17 11:00:00,55122.844361979165,6775.896123318143,33052.36416097005,15294.584077690975,senario_B
2025-01-17 12:00:00,54071.29808159722,7187.02580959744,33772.81157552083,13111.46069647895,senario_B
2025-01-17 13:00:00,53333.52675998264,8085.455140516493,34820.721731770835,10427.349887695316,senario_B
2025-01-17 14:00:00,53113.83249565972,8171.718447265625,35242.718111979164,9699.395936414934,senario_B
2025-01-17 15:00:00,51962.422671440974,7007.195842013889,35333.07056966146,9622.156259765623,senario_B
2025-01-17 16:00:00,50669.97745442709,5951.6758029513885,35706.790611979166,9011.511039496538,senario_B
2025-01-17 17:00:00,49700.37387152778,4368.829216037327,35982.401083984376,9349.14357150608,senario_B
2025-01-17 18:00:00,49897.07585720486,995.5715653525458,37319.17417154948,11582.330120302831,senario_B
2025-01-17 19:00:00,51241.45542534722,4.180018536936906,38844.44409586589,12392.831310944399,senario_B
2025-01-17 20:00:00,50891.43301866319,0.5724543500940005,39916.891210937494,10973.969353375607,senario_B
2025-01-17 21:00:00,50213.91733072917,0.5466467734509044,39872.92811848957,10340.442565466146,senario_B
2025-01-17 22:00:00,49234.72749782986,0.5405414702826076,39123.795634765615,10110.391321593961,senario_B
2025-01-17 23:00:00,47772.5519032118,0.5221681976980633,37876.976103515626,9895.053631498478,senario_B
2025-01-18 00:00:00,46495.3286046007,0.5907346277187268,38932.53070638021,7562.207163592771,senario_B
2025-01-18 01:00:00,45423.38350694445,0.6132257453269429,38618.02458658854,6804.745694610581,senario_B
2025-01-18 02:00:00,44326.92135416667,0.5653669450845983,36571.806756998696,7754.549230222889,senario_B
2025-01-18 03:00:00,44043.59524305556,0.5694993491636382,34794.77936197917,9248.24638172723,senario_B
2025-01-18 04:00:00,44208.69114149306,0.575770917336146,33793.02856770834,10415.086802867387,senario_B
2025-01-18 05:00:00,44970.34282877604,0.6131672860847579,31606.077893880203,13363.65176760975,senario_B
2025-01-18 06:00:00,46337.31154730903,0.624748075902462,30047.49134114584,16289.195458087284,senario_B
2025-01-18 07:00:00,48643.19951171875,0.6075844189524651,28103.106100260422,20539.48582703937,senario_B
2025-01-18 08:00:00,50235.3530360243,261.6990336737037,27052.73236653646,22920.921635814135,senario_B
2025-01-18 09:00:00,51882.79254340278,7781.295447455512,25573.203017578126,18528.294078369145,senario_B
2025-01-18 10:00:00,53550.368064236114,14936.425942925349,24378.579471028643,14235.36265028212,senario_B
2025-01-18 11:00:00,51839.36305121528,15084.437444661458,22987.140551757813,13767.785054796008,senario_B
2025-01-18 12:00:00,50299.00504340278,14846.146451822917,21072.772459309894,14380.086132269967,senario_B
2025-01-18 13:00:00,48903.53679470486,14120.26304904514,19966.05374348958,14817.220002170136,senario_B
2025-01-18 14:00:00,48079.26984157986,13045.392233072916,20030.252397460936,15003.625211046005,senario_B
2025-01-18 15:00:00,47654.53331597222,12593.389775390626,19480.950229492188,15580.193311089406,senario_B
2025-01-18 16:00:00,47476.5584266493,11781.762587890626,19278.419371744796,16416.37646701388,senario_B
2025-01-18 17:00:00,47972.58457899305,9455.52429578993,20876.298730468752,17640.76155273437,senario_B
2025-01-18 18:00:00,49615.12811414931,2903.6252735731337,26269.66361002604,20441.839230550137,senario_B
2025-01-18 19:00:00,52365.3468858507,8.64508750203583,33120.2862467448,19236.41555160386,senario_B
2025-01-18 20:00:00,53710.93550130208,0.8010752090977298,39236.71073567708,14473.423690415904,senario_B
2025-01-18 21:00:00,54819.51132161458,0.8770003877745735,41197.808990885416,13620.825330341388,senario_B
2025-01-18 22:00:00,55889.123075086805,0.8618122943904665,41369.35663085937,14518.904631933045,senario_B
2025-01-18 23:00:00,55809.9686328125,0.7980348361035188,40960.9427335612,14848.227864415203,senario_B
2025-01-19 00:00:00,56012.00883463542,0.8844760300715765,40637.023587239586,15374.10077136576,senario_B
2025-01-19 01:00:00,56208.308350694446,0.837042471104198,40728.319931640624,15479.151376582719,senario_B
2025-01-19 02:00:00,56775.06290147569,0.6148433332310782,40804.64481119792,15969.803246944539,senario_B
2025-01-19 03:00:00,57420.07590494792,0.5506406074762344,40165.05916015625,17254.46610418419,senario_B
2025-01-19 04:00:00,58641.30715277778,0.5314740125007099,38590.603600260416,20050.17207850486,senario_B
2025-01-19 05:00:00,60036.57805989583,0.5757117765148481,35791.930305989576,24244.072042129737,senario_B
2025-01-19 06:00:00,61819.01215060764,0.5936323080791367,33136.88519205729,28681.533326242265,senario_B
2025-01-19 07:00:00,64141.73860243055,0.5748821271128125,30665.3346484375,33475.82907186594,senario_B
2025-01-19 08:00:00,66383.33622612848,512.8380184732212,26411.184244791668,39459.31396286358,senario_B
2025-01-19 09:00:00,67669.11713975694,9044.656110568576,21264.614062499997,37359.84696668837,senario_B
2025-01-19 10:00:00,67920.78112413194,18733.868033854167,20719.988190104166,28466.92490017361,senario_B
2025-01-19 11:00:00,65795.16468532986,20675.87805772569,17755.91452799479,27363.372099609376,senario_B
2025-01-19 12:00:00,63130.88297309028,20771.11638020833,13759.687977701826,28600.078615180122,senario_B
2025-01-19 13:00:00,61113.265,20701.00577690972,10655.396683756511,29756.86253933377,senario_B
2025-01-19 14:00:00,59273.154637586806,21170.94914496528,8761.232262369791,29340.97323025173,senario_B
2025-01-19 15:00:00,57977.7093359375,20975.877330729167,8293.787905273437,28708.044099934894,senario_B
2025-01-19 16:00:00,56806.70109809028,20810.6859765625,7719.432153320313,28276.58296820746,senario_B
2025-01-19 17:00:00,57343.59605034722,16682.94088107639,7936.548076171875,32724.107093098955,senario_B
2025-01-19 18:00:00,60173.05559895833,3700.149670037164,7860.933082682292,48611.972846238874,senario_B
2025-01-19 19:00:00,63972.88863715278,13.671672170141504,8871.079556070963,55088.13740891167,senario_B
2025-01-19 20:00:00,65516.75251519097,0.35554828721616,12555.938575846354,52960.4583910574,senario_B
2025-01-19 21:00:00,66504.52053385417,0.3602482845551438,16853.534415690105,49650.625869879506,senario_B
2025-01-19 22:00:00,66754.88577690972,0.4316992326246368,19328.123313802083,47426.33076387502,senario_B
2025-01-19 23:00:00,65947.15371527777,0.3832384603553348,20741.725216471357,45205.04526034606,senario_B
2025-01-20 00:00:00,66566.71767795138,0.4833702265636788,22205.711452229818,44360.522855495,senario_B
2025-01-20 01:00:00,65350.67310763889,0.5437459113862779,23087.55159016927,42262.57777155823,senario_B
2025-01-20 02:00:00,65896.79440755208,0.5758273537953694,22881.90823893229,43014.310341266,senario_B
2025-01-20 03:00:00,66442.78769314237,0.5736111235949728,23650.200305989583,42792.0137760292,senario_B
2025-01-20 04:00:00,67056.38570746528,0.5661363925205337,23856.267529296878,43199.55204177588,senario_B
2025-01-20 05:00:00,67444.76130859375,0.6123472929663129,23788.32068359375,43655.82827770704,senario_B
2025-01-20 06:00:00,69106.69586805555,0.6045174294379022,23500.81185058594,45605.279500040175,senario_B
2025-01-20 07:00:00,71618.88666232639,0.6060967764589522,23025.488661295574,48592.79190425435,senario_B
2025-01-20 08:00:00,73251.05819444444,220.27671461784175,22768.782400716147,50261.99907911046,senario_B
2025-01-20 09:00:00,73603.58346788194,4589.032659098308,21402.882578124998,47611.66823065864,senario_B
2025-01-20 10:00:00,74873.42797309028,10290.533245442708,23414.74949503581,41168.14523261176,senario_B
2025-01-20 11:00:00,73864.85180989583,11988.756883680557,22633.259653320314,39242.835272894954,senario_B
2025-01-20 12:00:00,72671.01150173611,12542.297571614585,18513.837983398436,41614.875946723085,senario_B
2025-01-20 13:00:00,71189.09521267361,12357.404138454862,15347.266336263017,43484.42473795573,senario_B
2025-01-20 14:00:00,69907.69912760417,11569.634759114584,13012.184018554686,45325.8803499349,senario_B
2025-01-20 15:00:00,69463.76572916667,10260.59396484375,12694.556746419272,46508.61501790365,senario_B
2025-01-20 16:00:00,70438.55121961805,8157.150074327257,14138.059417317709,48143.341727973086,senario_B
2025-01-20 17:00:00,70963.03849609375,6052.734168294271,17824.668491210938,47085.63583658854,senario_B
2025-01-20 18:00:00,71633.62575520833,1877.8899586317275,20760.67284830729,48995.062948269304,senario_B
2025-01-20 19:00:00,73026.1829513889,185.19610366620952,23175.44789876302,49665.538948959664,senario_B
2025-01-20 20:00:00,72740.00901692708,0.4402877746356858,26389.054049479168,46350.51467967329,senario_B
2025-01-20 21:00:00,72584.06184027778,0.6264878918396102,28670.331539713534,43913.1038126724,senario_B
2025-01-20 22:00:00,71679.26688368055,0.5209763150744968,29421.815462239578,42256.930445125894,senario_B
2025-01-20 23:00:00,69834.41591145833,0.3537291937735345,30691.96639648438,39142.095785780184,senario_B
2025-01-21 00:00:00,68428.01520182291,0.3568267801403999,31374.078141276044,37053.58023376673,senario_B
2025-01-21 01:00:00,67835.76671875,0.3533743972248501,30364.0943717448,37471.31897260799,senario_B
2025-01-21 02:00:00,67517.96786892362,0.3493179497785038,28743.333977864586,38774.28457310925,senario_B
2025-01-21 03:00:00,67820.68549913194,0.3411278025640382,26905.429645182292,40914.91472614709,senario_B
2025-01-21 04:00:00,67880.59277126736,0.3299378633168008,24364.1837125651,43516.079120838935,senario_B
2025-01-21 05:00:00,68553.75655381945,0.3473960921168327,21588.41381673177,46964.99534099556,senario_B
2025-01-21 06:00:00,69941.14357638889,0.5072848891218503,19295.500818684897,50645.13547281486,senario_B
2025-01-21 07:00:00,72387.30340711806,0.5976151435905033,18166.742721354167,54219.9630706203,senario_B
2025-01-21 08:00:00,74111.31827256945,110.9083292418056,15010.016560872395,58990.39338245525,senario_B
2025-01-21 09:00:00,74073.61827907986,4283.864447021484,11934.002704874674,57855.751127183714,senario_B
2025-01-21 10:00:00,74053.61403211806,12386.969944661458,8983.849247436523,52682.794840020084,senario_B
2025-01-21 11:00:00,72537.46315538195,15338.711828342011,8893.19635172526,48305.55497531468,senario_B
2025-01-21 12:00:00,71226.15597222222,16285.425751953126,9979.44859049479,44961.2816297743,senario_B
2025-01-21 13:00:00,69483.98390190973,17138.711529947916,11794.711294759114,40550.56107720269,senario_B
2025-01-21 14:00:00,66891.00825303819,18273.44850260417,13699.63932454427,34917.92042588975,senario_B
2025-01-21 15:00:00,64482.01486328125,19643.3465625,14238.15529296875,30600.513007812504,senario_B
2025-01-21 16:00:00,62336.49725694444,18425.69072482639,14715.835774739586,29194.97075737847,senario_B
2025-01-21 17:00:00,61648.48237847223,15412.31498046875,16041.67907063802,30194.488327365463,senario_B
2025-01-21 18:00:00,64565.47958984375,4011.511939324273,18053.38960123698,42500.5780492825,senario_B
2025-01-21 19:00:00,68838.63787326388,34.19863934122026,19448.748846028648,49355.690387894014,senario_B
2025-01-21 20:00:00,70736.38245659722,0.3834085076219505,24058.195818684893,46677.8032294047,senario_B
2025-01-21 21:00:00,72104.71473958333,0.934947869181633,29331.911803385417,42771.867988328726,senario_B
2025-01-21 22:00:00,72482.21650173611,0.8739722414149178,33587.04466471353,38894.29786478116,senario_B
2025-01-21 23:00:00,70912.97845920139,0.6343125897480382,34770.63098632813,36141.71316028351,senario_B
2025-01-22 00:00:00,69740.3519921875,0.4541573784417576,34900.856800130205,34839.041034678856,senario_B
2025-01-22 01:00:00,69712.5322092014,0.4045096755524476,35475.986582031255,34236.14111749458,senario_B
2025-01-22 02:00:00,69437.35091796875,0.4494330957863066,35607.402861328126,33829.498623544845,senario_B
2025-01-22 03:00:00,69410.56098090278,0.4301486873626709,35494.962861328124,33915.1679708873,senario_B
2025-01-22 04:00:00,69871.26265625,0.4776221795214547,35316.15716145834,34554.62787261214,senario_B
2025-01-22 05:00:00,71209.89717447916,0.656355456577407,35244.28564453125,35964.95517449133,senario_B
2025-01-22 06:00:00,73465.3941015625,0.7208209274212519,34661.54572265625,38803.12755797883,senario_B
2025-01-22 07:00:00,76368.46869357639,0.4545596657527818,33215.28410807292,43152.730025837714,senario_B
2025-01-22 08:00:00,77531.96049696181,616.3867413962549,31863.33263997396,45052.24111559159,senario_B
2025-01-22 09:00:00,76080.133203125,9780.438386773005,30082.0451953125,36217.6496210395,senario_B
2025-01-22 10:00:00,72093.3639453125,19861.58959201389,23129.513401692708,29102.260951605913,senario_B
2025-01-22 11:00:00,67999.40344618056,21157.141627604167,18995.779453125,27846.482365451386,senario_B
2025-01-22 12:00:00,64521.70269097222,20453.61804904514,17708.124431966145,26359.960209960936,senario_B
2025-01-22 13:00:00,61047.262115885416,19252.080753038197,16519.135644531252,25276.045718315963,senario_B
2025-01-22 14:00:00,57997.03655598958,16655.553184678818,16682.22690755208,24659.256463758684,senario_B
2025-01-22 15:00:00,55111.36432725695,16051.08890733507,14965.67975423177,24094.59566569011,senario_B
2025-01-22 16:00:00,53666.620440538194,15764.62349500868,13656.939099934898,24245.057845594616,senario_B
2025-01-22 17:00:00,53827.00051215278,13695.299603949652,13990.385092773438,26141.31581542969,senario_B
2025-01-22 18:00:00,56165.59288411459,3388.4982908630373,13546.420037434895,39230.67455581665,senario_B
2025-01-22 19:00:00,59801.65271267361,8.10783318326705,14809.992522786459,44983.55235670388,senario_B
2025-01-22 20:00:00,61083.86950954861,0.1821316576500733,18580.70418782552,42502.98319006544,senario_B
2025-01-22 21:00:00,61896.014375,0.1899734966125753,22462.69926920573,39433.12513229766,senario_B
2025-01-22 22:00:00,61777.74658203125,0.2761680864128801,24096.369186197917,37681.10122774692,senario_B
2025-01-22 23:00:00,60674.43273220486,0.3167209848927127,24365.196855468752,36308.919155751224,senario_B
2025-01-23 00:00:00,58959.75290798611,0.3159565508365631,21745.07209472656,37214.36485670871,senario_B
2025-01-23 01:00:00,58255.39700737847,0.3148899105687936,19166.376181640626,39088.70593582728,senario_B
2025-01-23 02:00:00,58383.234283854166,0.317436959495147,18250.07897949219,40132.837867402486,senario_B
2025-01-23 03:00:00,59077.08970920139,0.3614436843991279,18472.41013346354,40604.31813205345,senario_B
2025-01-23 04:00:00,59801.81600043402,0.353690976732307,19028.397941080726,40773.06436837655,senario_B
2025-01-23 05:00:00,61341.180451388886,0.358193880882528,19391.057278645832,41949.764978862164,senario_B
2025-01-23 06:00:00,64000.90034505208,0.3453567157189051,19454.003216145833,44546.551772190534,senario_B
2025-01-23 07:00:00,67814.1287109375,0.3371456027030944,20422.570706380207,47391.22085895458,senario_B
2025-01-23 08:00:00,69262.23174479167,424.469521604644,20570.78402669271,48266.978196494325,senario_B
2025-01-23 09:00:00,67666.12885850694,8356.57323187934,18571.872099609376,40737.68352701823,senario_B
2025-01-23 10:00:00,64085.0291297743,17688.949829644098,12126.26353108724,34269.815769042965,senario_B
2025-01-23 11:00:00,60557.171413845484,19756.529557291666,12218.39218017578,28582.249676378036,senario_B
2025-01-23 12:00:00,58715.04520833334,20024.422293836804,16507.157521158857,22183.465393337676,senario_B
2025-01-23 13:00:00,56465.91348524306,19764.126438802083,17075.10886393229,19626.678182508687,senario_B
2025-01-23 14:00:00,54496.49654947917,18674.75274305556,16150.315981445314,19671.42782497829,senario_B
2025-01-23 15:00:00,52572.2818467882,16754.43972981771,15593.119407552083,20224.722709418413,senario_B
2025-01-23 16:00:00,51339.40538519965,15183.511261935764,15720.408505452473,20435.485617811417,senario_B
2025-01-23 17:00:00,51281.93641927083,13286.705325520834,15682.377464192708,22312.853629557292,senario_B
2025-01-23 18:00:00,53817.64556857639,3832.330456102159,13857.94907063802,36127.36604183621,senario_B
2025-01-23 19:00:00,57148.20418619792,25.421487411989105,11169.922705891928,45952.85999289401,senario_B
2025-01-23 20:00:00,58604.86250217014,0.2383030750685268,10909.081081542969,47695.54311755209,senario_B
2025-01-23 21:00:00,59181.21587673611,0.3267625190483199,9032.712542317708,50148.176571899356,senario_B
2025-01-23 22:00:00,58543.84688802083,0.3582690851887067,7439.845228678385,51103.64339025725,senario_B
2025-01-23 23:00:00,57543.3712391493,0.349966946111785,6813.140076497395,50729.8811957058,senario_B
2025-01-24 00:00:00,56950.481449652776,0.350375433464845,7626.728841145834,49323.40223307347,senario_B
2025-01-24 01:00:00,56846.819850260414,0.3919804267088572,9764.310112304687,47082.11775752902,senario_B
2025-01-24 02:00:00,57590.11324435764,0.4162457794282171,13404.144934895834,44185.55206368238,senario_B
2025-01-24 03:00:00,58495.55729817708,0.4138997673326068,17529.873520507812,40965.26987790194,senario_B
2025-01-24 04:00:00,60002.92450954861,0.3820060606466399,22273.442853190103,37729.09965029787,senario_B
2025-01-24 05:00:00,62253.6161046007,0.4040622567137082,25943.208561197913,36310.00348114607,senario_B
2025-01-24 06:00:00,65032.81385416666,0.614865450527933,29065.57498046875,35966.62400824738,senario_B
2025-01-24 07:00:00,68839.59391493055,0.7151401403049628,31574.287122395832,37264.5916523944,senario_B
2025-01-24 08:00:00,70712.02493489583,696.832262409793,33132.83481445312,36882.35785803292,senario_B
2025-01-24 09:00:00,68679.42693576388,10492.822702094183,32432.24991861979,25754.35431504991,senario_B
2025-01-24 10:00:00,64088.11734592014,20792.729157986112,25736.014677734373,17559.373510199654,senario_B
2025-01-24 11:00:00,59946.05357204861,20587.25876953125,26715.230447591144,12643.56435492621,senario_B
2025-01-24 12:00:00,56765.90032986111,18810.11076388889,28670.252675781252,9285.536890190975,senario_B
2025-01-24 13:00:00,54449.335692274304,18268.982962239585,28378.208743489584,7802.143986545136,senario_B
2025-01-24 14:00:00,53042.32924262153,17611.855065104166,28539.630192057295,6890.843985460066,senario_B
2025-01-24 15:00:00,52268.12654513889,16886.022977430555,28540.78750325521,6841.3160644531235,senario_B
2025-01-24 16:00:00,51003.60361762153,15532.312501085067,28783.846611328125,6687.444505208339,senario_B
2025-01-24 17:00:00,49942.61572265625,12387.34535264757,30389.778834635417,7165.491535373261,senario_B
2025-01-24 18:00:00,51129.826200086805,3596.2089471435547,34072.98262776692,13460.634625176332,senario_B
2025-01-24 19:00:00,54055.07208116319,34.95846915577849,37511.48577473958,16508.627837267835,senario_B
2025-01-24 20:00:00,55511.380423177085,0.4667002818319533,38777.47148111979,16733.44224177546,senario_B
2025-01-24 21:00:00,56234.14499023437,0.650272688600752,39771.247539062504,16462.24717848326,senario_B
2025-01-24 22:00:00,56388.820243055554,0.6703628201285998,40004.32048828125,16383.829391954176,senario_B
2025-01-24 23:00:00,55692.11889105903,0.6332310496105088,39808.899065755206,15882.586594254215,senario_B
2025-01-25 00:00:00,54815.91729492188,0.7000777769751019,40060.267646484375,14754.94957066053,senario_B
2025-01-25 01:00:00,54292.91075520834,0.5100985507501496,39327.6265234375,14964.774133220082,senario_B
2025-01-25 02:00:00,54286.58003689236,0.6816710229052437,39060.861194661455,15225.037171208001,senario_B
2025-01-25 03:00:00,54418.72476345486,0.7065510015686353,39239.76861328125,15178.249599172043,senario_B
2025-01-25 04:00:00,54690.09898220486,0.5546116192804442,39164.853968098956,15524.690402486623,senario_B
2025-01-25 05:00:00,55832.81422092014,0.4161963389648331,40019.21418945312,15813.183835128053,senario_B
2025-01-25 06:00:00,56639.88396267361,0.6417068428132269,39372.94934895834,17266.292906872455,senario_B
2025-01-25 07:00:00,58230.957690972224,0.8365349748068386,39139.492451171885,19090.628704825533,senario_B
2025-01-25 08:00:00,59529.63322916667,416.34680517094,38369.754567057294,20743.531856938433,senario_B
2025-01-25 09:00:00,60041.435438368055,7350.271742621528,35003.84786783854,17687.31582790798,senario_B
2025-01-25 10:00:00,59057.49333333333,14172.61156032986,29631.352630208334,15253.529142795138,senario_B
2025-01-25 11:00:00,57325.425703125,12829.094432237413,30719.151355794267,13777.179915093322,senario_B
2025-01-25 12:00:00,55260.3634906684,12035.652469618057,29763.073102213544,13461.637918836801,senario_B
2025-01-25 13:00:00,53447.19635959202,11867.89953016493,26596.22973307292,14983.067096354163,senario_B
2025-01-25 14:00:00,51164.95467013889,10471.781419542102,22463.661546223957,18229.51170437283,senario_B
2025-01-25 15:00:00,50368.38771267361,9226.436611328125,19694.128289388016,21447.822811957474,senario_B
2025-01-25 16:00:00,49468.145455729165,7363.043033854166,18260.272545572916,23844.82987630208,senario_B
2025-01-25 17:00:00,49469.93847439236,3914.4467418077256,17991.055436197916,27564.436296386717,senario_B
2025-01-25 18:00:00,49840.79885416666,1212.2739090304904,19037.083028971356,29591.44191616481,senario_B
2025-01-25 19:00:00,51141.51431206597,23.13320670503709,21406.413014322916,29711.968091038016,senario_B
2025-01-25 20:00:00,51462.99697265625,0.2362801414562596,26758.74630371094,24704.01438880385,senario_B
2025-01-25 21:00:00,50875.23512152778,0.3936107737819354,28966.149654947916,21908.691855806082,senario_B
2025-01-25 22:00:00,49638.805514322914,0.3961149196492301,28047.320885416666,21591.0885139866,senario_B
2025-01-25 23:00:00,47988.4713921441,0.3942987088362376,28139.679108072916,19848.397985362346,senario_B
2025-01-26 00:00:00,46616.1225499132,0.4283882751398616,27391.05130859375,19224.642853044308,senario_B
2025-01-26 01:00:00,45593.48328993056,0.4318675925665431,28235.996103515623,17357.05531882237,senario_B
2025-01-26 02:00:00,44493.17321180556,0.4170948207709524,28034.873636067707,16457.882480917084,senario_B
2025-01-26 03:00:00,43585.47461805555,0.4316140241424243,26628.57064778646,16956.47235624495,senario_B
2025-01-26 04:00:00,43317.0320203993,0.4488154642780622,23672.123056640623,19644.460148294405,senario_B
2025-01-26 05:00:00,43202.16801866319,0.4266657838225364,20800.811409505208,22400.92994337416,senario_B
2025-01-26 06:00:00,43764.41292534722,0.4052385301391283,18826.626069335936,24937.381617481144,senario_B
2025-01-26 07:00:00,44900.62643988715,0.420920765267478,17541.003149414064,27359.20236970782,senario_B
2025-01-26 08:00:00,45903.71899739583,51.71397558371226,15229.77608561198,30622.22893620014,senario_B
2025-01-26 09:00:00,47461.38707899306,1686.6015233357748,11795.840369466147,33978.94518619114,senario_B
2025-01-26 10:00:00,49515.1002734375,5209.210121799045,9561.165964558919,34744.72418707954,senario_B
2025-01-26 11:00:00,50409.5996484375,7516.149290364583,9008.98837158203,33884.46198649088,senario_B
2025-01-26 12:00:00,50618.74256510416,8956.15523546007,8003.518706868489,33659.0686227756,senario_B
2025-01-26 13:00:00,50706.6157530382,9456.527223307292,8112.0410205078115,33138.04750922309,senario_B
2025-01-26 14:00:00,51009.32497178819,9382.400747612846,8458.908243001302,33168.015981174045,senario_B
2025-01-26 15:00:00,50759.07901692709,8869.045655381944,8937.09455810547,32952.938803439676,senario_B
2025-01-26 16:00:00,50760.38472005208,8359.100720214843,9348.188129679362,33053.09587015788,senario_B
2025-01-26 17:00:00,51252.60985677083,6619.708991427951,9892.329731445312,34740.57113389757,senario_B
2025-01-26 18:00:00,52451.93730577257,1603.6072737121583,10096.042334798178,40752.28769726223,senario_B
2025-01-26 19:00:00,53513.410006510414,25.11942491961022,11543.710048014324,41944.580533576474,senario_B
2025-01-26 20:00:00,53787.91135850694,0.3028584722926219,12633.480914713542,41154.12758532111,senario_B
2025-01-26 21:00:00,52752.9369813368,0.3665096628334787,13467.964742838543,39284.60572883543,senario_B
2025-01-26 22:00:00,52086.256215277775,0.394894666870435,15389.320450846357,36696.54086976455,senario_B
2025-01-26 23:00:00,50480.161840277775,0.3690368800030814,16806.219274088544,33673.57352930923,senario_B
2025-01-27 00:00:00,48789.91354600695,0.4154439797004064,17328.955099283856,31460.543002743398,senario_B
2025-01-27 01:00:00,47661.66148220486,0.4640467183788617,17760.710528971355,29900.486906515125,senario_B
2025-01-27 02:00:00,46824.98573242188,0.4699791805942853,16968.339176432295,29856.17657680899,senario_B
2025-01-27 03:00:00,46241.889405381946,0.4655611075295342,15976.999488932292,30264.424355342126,senario_B
2025-01-27 04:00:00,46646.58161458333,0.466232674949699,15528.898098958334,31117.21728295004,senario_B
2025-01-27 05:00:00,48071.87141927084,0.4389671985308329,15069.170576171873,33002.26187590044,senario_B
2025-01-27 06:00:00,51111.91798394097,0.4479048839542601,13683.581720377606,37427.88835867941,senario_B
2025-01-27 07:00:00,55242.92904079861,0.444452449215783,12652.930945638022,42589.55364271138,senario_B
2025-01-27 08:00:00,57440.08534179688,52.706721665395634,11917.542376098632,45469.83624403286,senario_B
2025-01-27 09:00:00,57578.3655186632,1855.5488164605035,10182.26118733724,45540.55551486545,senario_B
2025-01-27 10:00:00,57361.355657552085,5596.883406032986,7142.067137044271,44622.40511447482,senario_B
2025-01-27 11:00:00,56858.66816623264,7859.051528862848,5448.078673502604,43551.53796386719,senario_B
2025-01-27 12:00:00,56259.21083550347,9748.268273383246,4528.179526672364,41982.76303544786,senario_B
2025-01-27 13:00:00,55252.68186414931,11225.966470269095,4264.408658040365,39762.30673583985,senario_B
2025-01-27 14:00:00,54855.46147569444,11323.38255533854,3753.141938883464,39778.93698147244,senario_B
2025-01-27 15:00:00,54219.44639105903,10711.338000217014,4125.036202392578,39383.072188449434,senario_B
2025-01-27 16:00:00,52723.68887803819,9120.902860514325,4270.370966695149,39332.41505082872,senario_B
2025-01-27 17:00:00,52142.56975260417,6251.27194281684,3821.088847249349,42070.20896253798,senario_B
2025-01-27 18:00:00,53354.3222265625,1858.821059536404,3456.1719852701826,48039.32918175591,senario_B
2025-01-27 19:00:00,54882.11767578125,34.92714202781519,3932.232155761719,50914.958377991716,senario_B
2025-01-27 20:00:00,54833.09777777778,0.4341954595843951,4817.975893554688,50014.68768876351,senario_B
2025-01-27 21:00:00,54251.78407552083,0.4864596556292639,6025.175998942057,48226.12161692315,senario_B
2025-01-27 22:00:00,52894.675737847225,0.5310054109162754,6218.631537272135,46675.513195164174,senario_B
2025-01-27 23:00:00,51004.833618706594,0.5029604969090885,5798.768246663411,45205.56241154627,senario_B
2025-01-28 00:00:00,49531.30830295139,0.515289776192771,5765.561975504557,43765.23103767064,senario_B
2025-01-28 01:00:00,47457.934759114585,0.5176738112502628,4936.644766031901,42520.77231927143,senario_B
2025-01-28 02:00:00,46875.05352430556,0.5319087755680084,4193.415905761719,42681.105709768264,senario_B
2025-01-28 03:00:00,46710.0915625,0.5293902327285872,3489.213985188802,43220.34818707847,senario_B
2025-01-28 04:00:00,46292.78301649306,0.5164212798741129,2271.0952756754555,44021.17131953772,senario_B
2025-01-28 05:00:00,46966.30254991319,0.5070458734366629,1575.6947302246094,45390.100773815146,senario_B
2025-01-28 06:00:00,48736.38446831597,0.501860811346107,1337.6236873372395,47398.25892016738,senario_B
2025-01-28 07:00:00,51968.90549696181,0.5181414381000731,1619.5767846679687,50348.81057085574,senario_B
2025-01-28 08:00:00,53090.79821397569,50.12592143277328,2062.3817980957033,50978.29049444722,senario_B
2025-01-28 09:00:00,52961.94480685764,1155.1298738945854,2148.766199747721,49658.048733215335,senario_B
2025-01-28 10:00:00,53171.45340494792,3429.8296750217014,1549.0647845458984,48192.55894538032,senario_B
2025-01-28 11:00:00,53373.71220703125,5591.831468098958,893.8600180562338,46888.020720876055,senario_B
2025-01-28 12:00:00,52768.5052593316,6710.105338541666,561.9843881734212,45496.41553261651,senario_B
2025-01-28 13:00:00,52787.09313151042,7661.952974717882,300.4621952819824,44824.677961510555,senario_B
2025-01-28 14:00:00,51977.27872178819,7157.699747178819,452.66941553751633,44366.90955907186,senario_B
2025-01-28 15:00:00,51659.138155381945,5796.355075412326,613.4709294128418,45249.312150556776,senario_B
2025-01-28 16:00:00,50233.71633680556,3663.722442220052,764.2156434122721,45805.77825117324,senario_B
2025-01-28 17:00:00,50573.38148220486,1934.473452012804,1151.1022109985352,47487.80581919352,senario_B
2025-01-28 18:00:00,51402.14295572916,480.940599738227,2097.4707348632815,48823.731621127656,senario_B
2025-01-28 19:00:00,52457.21451388889,4.349865669790241,3309.760108439127,49143.10453977997,senario_B
2025-01-28 20:00:00,52417.10042751736,0.3344234594371584,4769.086210937499,47647.67979312042,senario_B
2025-01-28 21:00:00,51798.64095486111,0.4702040275600221,5920.438343098958,45877.7324077346,senario_B
2025-01-28 22:00:00,50891.374754774304,0.5270132432050175,6708.077693684895,44182.77004784621,senario_B
2025-01-28 23:00:00,48810.78832248264,0.5180815669314729,6527.382285359701,42282.887955556005,senario_B
2025-01-29 00:00:00,46392.01769748264,0.564417752954695,6742.669995930989,39648.78328379869,senario_B
2025-01-29 01:00:00,44385.51028862847,0.5295786683095826,5886.232051798503,38498.748658161654,senario_B
2025-01-29 02:00:00,43694.91743489583,0.5464189988043573,4827.55442952474,38866.81658637229,senario_B
2025-01-29 03:00:00,43237.35205837674,0.5412199706170294,4527.997158813477,38708.81367959264,senario_B
2025-01-29 04:00:00,43343.66162109375,0.5504606252908707,5213.446930745442,38129.664229723014,senario_B
2025-01-29 05:00:00,44218.031519097225,0.5387109058267541,5837.714139607748,38379.77866858365,senario_B
2025-01-29 06:00:00,45870.45066189236,0.5638174041277833,6706.362444661459,39163.52439982677,senario_B
2025-01-29 07:00:00,48454.49017469618,0.5592251278956731,6895.4973942057295,41558.43355536256,senario_B
2025-01-29 08:00:00,49870.34039496528,30.420897799399164,7629.095981445313,42210.82351572056,senario_B
2025-01-29 09:00:00,49807.138012152776,624.942049407959,7886.864776204427,41295.33118654039,senario_B
2025-01-29 10:00:00,49780.10337239583,1867.547199367947,8350.42536356608,39562.13080946181,senario_B
2025-01-29 11:00:00,49949.97879882813,3077.208236694336,9021.14097717285,37851.629584960945,senario_B
2025-01-29 12:00:00,50212.28120551216,4273.344475097656,9149.818616739909,36789.118113674594,senario_B
2025-01-29 13:00:00,50138.85960069444,5036.952253146701,9012.098359374999,36089.80898817274,senario_B
2025-01-29 14:00:00,50462.58854600695,5266.3587159559465,8824.791131998698,36371.438698052305,senario_B
2025-01-29 15:00:00,50371.15653537327,5479.170708550348,9248.078587239583,35643.90723958335,senario_B
2025-01-29 16:00:00,49835.96201280382,4884.371231011285,10166.391373697918,34785.199408094624,senario_B
2025-01-29 17:00:00,49498.52230685764,4140.515462239583,10694.99826578776,34663.00857883029,senario_B
2025-01-29 18:00:00,50133.98905598959,1802.2085371907551,10489.400197753906,37842.380321044926,senario_B
2025-01-29 19:00:00,51110.35387369792,42.321986474096775,9745.301444498698,41322.73044272512,senario_B
2025-01-29 20:00:00,50856.98809678819,0.4332905731598536,9520.509551595052,41336.04525461998,senario_B
2025-01-29 21:00:00,49808.470859375,0.4583976302544276,10133.116564127604,39674.89589761714,senario_B
2025-01-29 22:00:00,48655.93787543403,0.4627350203692913,10949.171319580077,37706.303820833586,senario_B
2025-01-29 23:00:00,46646.21957790799,0.465325279533863,12012.176652018228,34633.57760061023,senario_B
2025-01-30 00:00:00,44398.03771918403,0.4657893392774794,14253.661923828127,30143.910006016624,senario_B
2025-01-30 01:00:00,43044.28696614583,0.5196120942632357,17711.320976562496,25332.446377489072,senario_B
2025-01-30 02:00:00,42381.26710720486,0.5261387420362896,19853.48130859375,22527.259659869072,senario_B
2025-01-30 03:00:00,41186.91092122396,0.5481152562300364,18888.91996907552,22297.44283689221,senario_B
2025-01-30 04:00:00,41227.6036187066,0.5447176813085874,18377.174641927086,22849.884259098202,senario_B
2025-01-30 05:00:00,41809.59648003472,0.5051867268482844,17826.356494140622,23982.73479916725,senario_B
2025-01-30 06:00:00,42932.51162977431,0.5189348478780852,17989.52360839844,24942.469086527988,senario_B
2025-01-30 07:00:00,45911.91777560764,0.5530634982138872,18413.244023844403,27498.120688265022,senario_B
2025-01-30 08:00:00,47609.98580729167,48.19171373418636,19197.514729003906,28364.279364553575,senario_B
2025-01-30 09:00:00,48210.6220811632,3096.449081522624,21079.406879882816,24034.76611975776,senario_B
2025-01-30 10:00:00,48382.60114474827,8515.595512695312,19293.627162679037,20573.378469373918,senario_B
2025-01-30 11:00:00,48472.54332139757,10412.369127604166,20086.743247070313,17973.430946723092,senario_B
2025-01-30 12:00:00,48426.36955837673,11545.703080512152,24605.53407552083,12275.132402343748,senario_B
2025-01-30 13:00:00,48715.11700086806,11271.680105523004,28974.933932291668,8468.502963053386,senario_B
2025-01-30 14:00:00,49252.80920355903,10792.85462782118,31546.33169596354,6913.62287977431,senario_B
2025-01-30 15:00:00,49118.57597113715,10084.32199327257,32353.5397265625,6680.714251302081,senario_B
2025-01-30 16:00:00,48487.14746744792,8341.758146430122,31995.614730631514,8149.774590386278,senario_B
2025-01-30 17:00:00,48043.59514865452,5720.047600368924,31764.611958821613,10558.935589463978,senario_B
2025-01-30 18:00:00,48097.59557725694,2189.9476130506728,32375.556088053385,13532.091876152885,senario_B
2025-01-30 19:00:00,49171.73965820312,40.8990406620668,32469.479310709634,16661.361306831423,senario_B
2025-01-30 20:00:00,49230.37321180556,0.4137698911792702,31958.496608072914,17271.46283384147,senario_B
2025-01-30 21:00:00,48816.500340711806,0.6414350644747416,33243.47800130208,15572.38090434525,senario_B
2025-01-30 22:00:00,48120.549682074656,0.6969217875930998,33548.722412109375,14571.130348177685,senario_B
2025-01-30 23:00:00,46411.14770073785,0.5182506970233387,33308.551367187494,13102.078082853332,senario_B
2025-01-31 00:00:00,44121.93018229167,0.5157968731224537,32828.46663818359,11292.947747234954,senario_B
2025-01-31 01:00:00,43485.546486545136,0.5227931308746337,32705.31038736979,10779.713306044468,senario_B
2025-01-31 02:00:00,43133.66612630209,0.5548067451434003,32105.397336425776,11027.713983131165,senario_B
2025-01-31 03:00:00,42705.33057617187,0.4780807787676652,32170.701669108075,10534.15082628503,senario_B
2025-01-31 04:00:00,42756.43687934028,0.512312130075362,32503.133374837238,10252.791192372966,senario_B
2025-01-31 05:00:00,43731.24397460937,0.5386257734563615,32696.944724121095,11033.760624714821,senario_B
2025-01-31 06:00:00,45997.4789453125,0.7111918309993214,32918.851230468754,13077.916523012747,senario_B
2025-01-31 07:00:00,49887.38547309028,0.6526739654276106,33597.320716145834,16289.412082979019,senario_B
2025-01-31 08:00:00,51840.86078342014,567.8379797406991,34453.04293701172,16819.979866667723,senario_B
2025-01-31 09:00:00,52573.98541015625,9296.843086751302,33156.160999348955,10120.981324055996,senario_B
2025-01-31 10:00:00,53307.82805447048,18273.35317843967,27705.1964038086,7329.278472222213,senario_B
2025-01-31 11:00:00,50814.52051757812,17700.987306857638,25978.720787760416,7134.812422960073,senario_B
2025-01-31 12:00:00,48899.01978732639,15266.598227539063,26663.917748209635,6968.5038115776915,senario_B
2025-01-31 13:00:00,47809.226903211806,14418.77477267795,25824.701255696615,7565.750874837242,senario_B
2025-01-31 14:00:00,46845.514131944445,14336.885815972222,24063.22703450521,8445.401281467013,senario_B
2025-01-31 15:00:00,46183.96037760417,14783.513028971354,21272.646013590493,10127.80133504232,senario_B
2025-01-31 16:00:00,46106.683662109375,15143.797360568577,17457.25003051758,13505.636271023217,senario_B
2025-01-31 17:00:00,46233.11895833333,13160.571641981336,12432.741518554689,20639.805797797304,senario_B
2025-01-31 18:00:00,46695.382400173614,5556.36860168457,6852.013860677083,34286.99993781196,senario_B
2025-01-31 19:00:00,47871.37981336805,79.34826014565097,3105.76237487793,44686.26917834447,senario_B
2025-01-31 20:00:00,47809.077041015626,0.3049796872999933,2166.854466196696,45641.91759513163,senario_B
2025-01-31 21:00:00,47488.98342230903,0.3694307589199808,2258.8255305989587,45229.78846095115,senario_B
2025-01-31 22:00:00,47061.21308702257,0.4580702486303117,2482.334832763672,44578.42018401027,senario_B
2025-01-31 23:00:00,46287.7406108941,0.4859415872891744,3285.4457840983073,43001.8088852085,senario_B
2025-02-01 00:00:00,45456.20244574653,0.4698926320423682,5187.631282552084,40268.1012705624,senario_B
2025-02-01 01:00:00,44662.96997938368,0.4759253333674537,7059.1395703125,37603.35448373781,senario_B
2025-02-01 02:00:00,44586.70826388889,0.4792153659794065,8971.202661132813,35615.0263873901,senario_B
2025-02-01 03:00:00,44222.07370659722,0.5070679679844114,11183.479593098959,33038.08704553028,senario_B
2025-02-01 04:00:00,44686.50680230035,0.5082505058662758,14030.649406331384,30655.349145463097,senario_B
2025-02-01 05:00:00,45643.36863823784,0.5072447443339559,15792.53983561198,29850.321557881525,senario_B
2025-02-01 06:00:00,47028.27893446181,0.5197874064246814,16653.079230143234,30374.679916912148,senario_B
2025-02-01 07:00:00,49029.63706380208,0.5202722826268937,17142.878831380207,31886.237960139246,senario_B
2025-02-01 08:00:00,50972.00244791667,933.633840928177,18653.733880208332,31384.63472678016,senario_B
2025-02-01 09:00:00,51653.46124131944,11700.4972531467,20874.818545735678,19078.145442437064,senario_B
2025-02-01 10:00:00,50179.92786458333,21180.931499565973,18571.796597493492,10427.199767523867,senario_B
2025-02-01 11:00:00,48851.804947916666,21897.559941948784,17837.868501383466,9116.376504584416,senario_B
2025-02-01 12:00:00,47742.58417534722,19305.40154242621,21183.137780354817,7254.044852566192,senario_B
2025-02-01 13:00:00,46536.426041666666,16493.22203559028,23697.402036132815,6345.801969943572,senario_B
2025-02-01 14:00:00,46440.76235026042,15527.48419623481,24846.120655517578,6067.157498508033,senario_B
2025-02-01 15:00:00,46038.79032009549,14107.604652777778,26117.363540039063,5813.822127278647,senario_B
2025-02-01 16:00:00,45823.57814453125,13054.792071668837,27075.86883463542,5692.9172382269935,senario_B
2025-02-01 17:00:00,45517.69701171875,10764.915553385415,28147.76185546875,6605.019602864588,senario_B
2025-02-01 18:00:00,45438.74246853299,4242.250910101997,29135.001269531247,12061.490288899746,senario_B
2025-02-01 19:00:00,46327.32643229167,79.27288748410012,32811.32151367188,13436.732031135696,senario_B
2025-02-01 20:00:00,46488.51320746528,0.3100238267580668,36759.37767578125,9728.82550785727,senario_B
2025-02-01 21:00:00,45804.05188585069,0.4966043217811319,37851.87908528646,7951.67619624245,senario_B
2025-02-01 22:00:00,45286.43515516493,0.615801830622885,38198.17140299479,7087.647950339517,senario_B
2025-02-01 23:00:00,44471.66924153646,0.5891776576472654,38819.10062418619,5651.979439692623,senario_B
2025-02-02 00:00:00,43617.11466905382,0.5876913259095616,39129.987454427086,4486.539523300824,senario_B
2025-02-02 01:00:00,42934.36931315104,0.5820168683595127,39297.4976953125,3636.28960097018,senario_B
2025-02-02 02:00:00,42553.20039713541,0.5719513466291958,38890.77991292318,3661.8485328656025,senario_B
2025-02-02 03:00:00,42140.950575086805,0.7045947245094512,38895.84004638672,3244.4059339755768,senario_B
2025-02-02 04:00:00,41788.432102864586,0.685638544427024,37731.281005859375,4056.465458460785,senario_B
2025-02-02 05:00:00,41805.67228515625,0.6481501670844025,36722.258618164065,5082.7655168251,senario_B
2025-02-02 06:00:00,42842.83580186632,0.591542590757211,35879.28898763021,6962.9552716453545,senario_B
2025-02-02 07:00:00,43962.08205078125,0.5735952245195707,33518.97308919271,10442.53536636402,senario_B
2025-02-02 08:00:00,45333.51245659722,813.7293899534477,30187.807939453123,14331.97512719065,senario_B
2025-02-02 09:00:00,47234.81022786458,11088.84551595052,25877.09655598958,10268.868155924483,senario_B
2025-02-02 10:00:00,47546.31722873264,21028.54620930989,16871.006088460286,9646.764930962461,senario_B
2025-02-02 11:00:00,46111.889645182295,22004.992150065103,14052.274498291015,10054.622996826176,senario_B
2025-02-02 12:00:00,44992.58459743924,20982.8671484375,13927.429510091144,10082.287938910598,senario_B
2025-02-02 13:00:00,44194.19993489584,20320.1945296224,13549.350464680989,10324.654940592452,senario_B
2025-02-02 14:00:00,44730.25810546875,20466.420979817707,14284.911354573567,9978.925771077473,senario_B
2025-02-02 15:00:00,45668.8680078125,19456.38883897569,16869.693241373698,9342.785927463116,senario_B
2025-02-02 16:00:00,46483.96394965277,17749.750542534723,20101.151705729168,8633.061701388877,senario_B
2025-02-02 17:00:00,46879.32111111111,15354.981469184027,22823.01825846354,8701.321383463539,senario_B
2025-02-02 18:00:00,46964.38831814236,5437.762198689778,24959.286798502602,16567.339320949977,senario_B
2025-02-02 19:00:00,48368.84320746528,95.20057178695996,28726.149635416667,19547.493000261653,senario_B
2025-02-02 20:00:00,48610.878567708336,0.4610537867744764,35834.0416796875,12776.375834234059,senario_B
2025-02-02 21:00:00,48198.519111328125,0.6042924145029651,39246.10844726563,8951.806371647996,senario_B
2025-02-02 22:00:00,46750.63548394097,0.6444724759459496,39377.76821289062,7372.222798574396,senario_B
2025-02-02 23:00:00,44711.61131618924,0.6125535283817185,39161.216975911455,5549.781786749409,senario_B
2025-02-03 00:00:00,42701.33507486979,0.672603190905518,39426.686998697915,3273.975472980972,senario_B
2025-02-03 01:00:00,41646.86656901042,0.658228261437681,39155.87479492188,2490.333545827096,senario_B
2025-02-03 02:00:00,40892.59358506944,0.5214830080171426,38103.85649739583,2788.2156046655946,senario_B
2025-02-03 03:00:00,40081.50717881945,0.563056392206086,36569.79644205729,3511.147680369948,senario_B
2025-02-03 04:00:00,39655.01449544271,0.5770531596822871,35699.29329020182,3955.1441520812077,senario_B
2025-02-03 05:00:00,39836.159937065975,0.5716169376836883,35747.03174804688,4088.556572081412,senario_B
2025-02-03 06:00:00,41879.30600260416,0.8179099844561682,37214.820084635416,4663.6680079842845,senario_B
2025-02-03 07:00:00,44921.39939453125,0.9177995508743656,37429.50474446615,7490.976850514227,senario_B
2025-02-03 08:00:00,46381.07391927084,451.9957842309608,35095.26725830077,10833.81087673911,senario_B
2025-02-03 09:00:00,47007.53356336806,7520.907713216146,30452.75438802084,9033.871462131072,senario_B
2025-02-03 10:00:00,47854.50425564236,15258.257624782986,23100.400400390623,9495.84623046875,senario_B
2025-02-03 11:00:00,47777.13076280382,17220.21842936198,17679.78657185872,12877.12576158312,senario_B
2025-02-03 12:00:00,48461.78382052951,18288.852908528646,15017.221586100257,15155.709325900609,senario_B
2025-02-03 13:00:00,48306.98402777778,18594.751769748265,13955.489485677084,15756.742772352427,senario_B
2025-02-03 14:00:00,49368.46221788194,18872.43414496528,13118.796025390626,17377.232047526035,senario_B
2025-02-03 15:00:00,50581.43828450521,19337.35805338542,13898.065467122395,17346.014763997395,senario_B
2025-02-03 16:00:00,51701.95038845486,19160.933155381943,13765.399440104165,18775.617792968755,senario_B
2025-02-03 17:00:00,52154.85676757812,15493.53773328993,13635.440418294269,23025.878615993926,senario_B
2025-02-03 18:00:00,52405.950071614585,5034.049257134332,14461.00206705729,32910.89874742296,senario_B
2025-02-03 19:00:00,52547.40503146702,80.8619786230723,18083.483561197914,34383.05949164603,senario_B
2025-02-03 20:00:00,52303.90775065104,0.3920065690080325,22678.062114257813,29625.453629824213,senario_B
2025-02-03 21:00:00,51215.40792534722,0.4292076070110003,26454.708834635414,24760.269883104796,senario_B
2025-02-03 22:00:00,49535.56729817709,0.4454281400061316,30575.495581054685,18959.626288982403,senario_B
2025-02-03 23:00:00,47239.09261610243,0.5274270168277952,33113.67729166667,14124.887897418936,senario_B
2025-02-04 00:00:00,44640.82629340278,0.5845284018913904,34018.31687174479,10621.924893256095,senario_B
2025-02-04 01:00:00,43009.107345920136,0.4728960293862554,34315.770032552085,8692.864417338664,senario_B
2025-02-04 02:00:00,42304.19127061632,0.4773456346988678,33837.963501790364,8465.75042319126,senario_B
2025-02-04 03:00:00,40837.29724934896,0.4877149016658465,31663.634560546874,9173.174973900415,senario_B
2025-02-04 04:00:00,40374.01740017361,0.4863320729136467,28058.378222656254,12315.152845444441,senario_B
2025-02-04 05:00:00,40485.69052408854,0.4914430696765581,26436.520345052086,14048.67873596678,senario_B
2025-02-04 06:00:00,41990.26445203993,0.5072525242302153,24941.199881184897,17048.557318330808,senario_B
2025-02-04 07:00:00,44793.12489800347,0.5247248996380303,23654.48696533203,21138.113207771803,senario_B
2025-02-04 08:00:00,46349.32266818576,170.90105198654862,22196.847724609375,23981.57389158984,senario_B
2025-02-04 09:00:00,46957.34755967882,3973.750914442274,19820.68356608073,23162.913079155816,senario_B
2025-02-04 10:00:00,48015.70733832465,8615.280715060764,16461.23065592448,22939.195967339412,senario_B
2025-02-04 11:00:00,48568.12256944445,11002.330962999133,14034.082919514974,23531.708686930342,senario_B
2025-02-04 12:00:00,49274.029390190975,13177.93688612196,12698.284441324871,23397.80806274415,senario_B
2025-02-04 13:00:00,49863.77566948785,14332.03184109158,12032.903237508139,23498.840590888132,senario_B
2025-02-04 14:00:00,50658.19370225695,14750.549145236546,11768.772787475586,24138.871769544814,senario_B
2025-02-04 15:00:00,52223.70751953125,14554.628894314235,12761.792309977214,24907.2863152398,senario_B
2025-02-04 16:00:00,52970.64360677084,13988.310934787329,13139.46909749349,25842.863574490028,senario_B
2025-02-04 17:00:00,52717.88264105903,12867.783678656684,13745.844687499999,26104.25427490235,senario_B
2025-02-04 18:00:00,51886.98614149306,4732.5159299045135,15535.738427734377,31618.731783854168,senario_B
2025-02-04 19:00:00,52001.90842881944,106.23440875144468,17121.546914876304,34774.1271051917,senario_B
2025-02-04 20:00:00,51600.53253255208,0.3737325433310535,18732.628900146487,32867.52989986226,senario_B
2025-02-04 21:00:00,50101.18517686632,0.4659045993950632,18585.260099283856,31515.459172983064,senario_B
2025-02-04 22:00:00,48831.18681206597,0.4403098745147387,17656.676608072918,31174.069894118536,senario_B
2025-02-04 23:00:00,46434.55544813368,0.4622384345531463,16344.465110677083,30089.62809902204,senario_B
2025-02-05 00:00:00,43881.17044270833,0.4745603840880923,14935.814695638017,28944.88118668623,senario_B
2025-02-05 01:00:00,43327.79830512153,0.4863774420155419,15654.273655598958,27673.038272080554,senario_B
2025-02-05 02:00:00,41888.07116753472,0.4935303140679995,16185.37866699219,25702.198970228463,senario_B
2025-02-05 03:00:00,40861.92026909722,0.4920225783520274,15810.055271809895,25051.37297470898,senario_B
2025-02-05 04:00:00,41041.00737196181,0.5044018499718772,15661.114571940105,25379.388398171737,senario_B
2025-02-05 05:00:00,42430.914763454864,0.5138209867146281,17180.010507812498,25250.390434655652,senario_B
2025-02-05 06:00:00,43171.68672743056,0.5774263920386632,17747.2589078776,25423.850393160923,senario_B
2025-02-05 07:00:00,45125.4162890625,0.5766287145349714,16742.89389485677,28381.945765491193,senario_B
2025-02-05 08:00:00,46493.08950737847,114.5018418143524,17874.780037434895,28503.807628129223,senario_B
2025-02-05 09:00:00,47169.30354166667,2110.043992919922,19132.31562988281,25926.943918863937,senario_B
2025-02-05 10:00:00,48709.70190972222,5903.2759914822045,20332.01943033854,22474.40648790148,senario_B
2025-02-05 11:00:00,50268.531861979165,9606.644505208333,23241.5849202474,17420.302436523438,senario_B
2025-02-05 12:00:00,51303.41741753472,11701.828245442708,26848.837239583336,12752.751932508676,senario_B
2025-02-05 13:00:00,52033.37490451389,12344.238629557292,28566.883216145834,11122.253058810762,senario_B
2025-02-05 14:00:00,52206.74298177083,12884.33499782986,28558.96513997396,10763.442843967016,senario_B
2025-02-05 15:00:00,52255.38127821181,12104.56034939236,28355.50008951823,11795.320839301217,senario_B
2025-02-05 16:00:00,52692.19837890625,12007.530400390626,28287.09812174479,12397.569856770831,senario_B
2025-02-05 17:00:00,52484.13450737847,10445.83214626736,28329.78843424479,13708.513926866322,senario_B
2025-02-05 18:00:00,52255.977078993055,4388.173653428819,29021.4573046875,18846.346120876733,senario_B
2025-02-05 19:00:00,52427.68125108507,109.57439138808184,30575.125993652342,21742.98086604465,senario_B
2025-02-05 20:00:00,52344.94814019097,0.4413349506590101,35328.658190104165,17015.84861513615,senario_B
2025-02-05 21:00:00,51382.80291883681,0.8071958116359181,37833.24236328126,13548.753359743918,senario_B
2025-02-05 22:00:00,50034.32331597222,0.69804410080115,37937.64274088542,12095.982530986003,senario_B
2025-02-05 23:00:00,47659.36309027778,0.8261857306294971,37405.144609375,10253.392295172154,senario_B
2025-02-06 00:00:00,45617.10969184028,0.6539103133810891,36409.5720279948,9206.8837535321,senario_B
2025-02-06 01:00:00,44066.69749782986,0.5459617840912607,35188.172158203124,8877.979377842646,senario_B
2025-02-06 02:00:00,42464.35996744792,0.5167159797416793,33846.74646158854,8617.096789879637,senario_B
2025-02-06 03:00:00,41491.136015625,0.5316969015863207,33032.54256835938,8458.061750364039,senario_B
2025-02-06 04:00:00,40828.16891493055,0.5424194023675388,32074.99202473958,8752.63447078861,senario_B
2025-02-06 05:00:00,40749.66020616319,0.5501016467147404,31521.081770833334,9228.028333683142,senario_B
2025-02-06 06:00:00,42113.77307508681,0.5595155956347784,30931.935774739584,11181.27778475159,senario_B
2025-02-06 07:00:00,43731.11069878472,0.5592051464650366,27745.755065104167,15984.796428534093,senario_B
2025-02-06 08:00:00,44698.583268229166,322.7052728690704,26298.99710286458,18076.880892495516,senario_B
2025-02-06 09:00:00,45993.15412109375,5918.330142415364,23417.372119140622,16657.451859537767,senario_B
2025-02-06 10:00:00,49355.45412760416,13925.569541015626,18755.44399902344,16674.440587565092,senario_B
2025-02-06 11:00:00,49292.87418619792,17102.36533094618,13797.135196126303,18393.37365912544,senario_B
2025-02-06 12:00:00,49969.29274305556,17982.112562934028,11234.953868001303,20752.226312120227,senario_B
2025-02-06 13:00:00,50794.91026692709,18543.062790798613,10064.304746907554,22187.54272922092,senario_B
2025-02-06 14:00:00,52380.84022135416,18581.134194878472,9261.348087565104,24538.357938910583,senario_B
2025-02-06 15:00:00,53658.22905598959,18588.87546875,9328.633036295572,25740.720550944017,senario_B
2025-02-06 16:00:00,54614.19606336806,18636.49483344184,10170.10025390625,25807.600976019963,senario_B
2025-02-06 17:00:00,54977.42732638889,15693.301559244792,12326.021560872396,26958.104206271702,senario_B
2025-02-06 18:00:00,54671.887074652775,5629.257607828776,14974.870104166665,34067.759362657336,senario_B
2025-02-06 19:00:00,53663.55140625,139.65713448926806,19018.360768229166,34505.533503531566,senario_B
2025-02-06 20:00:00,53266.45348524306,3.049936758048005,23690.97329589844,29572.43025258657,senario_B
2025-02-06 21:00:00,52370.260418836806,1.8331734501653247,26104.70198893229,26263.725256454352,senario_B
2025-02-06 22:00:00,50831.99051215278,0.4028679052657551,25641.272574869792,25190.31506937772,senario_B
2025-02-06 23:00:00,48215.34448784722,0.3987118152777354,22526.93453125,25688.01124478194,senario_B
2025-02-07 00:00:00,45125.63954861112,0.4257003495759434,18387.74417643229,26737.469671829258,senario_B
2025-02-07 01:00:00,43332.712102864585,0.4790530610746807,15397.747543945312,27934.485505858196,senario_B
2025-02-07 02:00:00,42211.12865451389,0.483912373052703,14547.809471028646,27662.835271112184,senario_B
2025-02-07 03:00:00,41598.9040516493,0.4988514764772521,13277.358912760415,28321.046287412406,senario_B
2025-02-07 04:00:00,41725.02532986111,0.5091273429989814,13388.073087565102,28336.44311495301,senario_B
2025-02-07 05:00:00,41479.90698350695,0.5211355810695224,11736.440959472657,29742.94488845323,senario_B
2025-02-07 06:00:00,42885.912194010416,0.5288885158217616,11445.109932657877,31440.273372836717,senario_B
2025-02-07 07:00:00,45630.73976128472,0.5139898835619291,11739.326264648438,33890.89950675272,senario_B
2025-02-07 08:00:00,46813.48764322917,177.10816744022898,12082.315842285156,34554.063633503785,senario_B
2025-02-07 09:00:00,47356.9085546875,3549.223250325521,11510.492080891927,32297.19322347005,senario_B
2025-02-07 10:00:00,48558.21808810764,8316.837660047742,10629.047084147136,29612.333343912764,senario_B
2025-02-07 11:00:00,49832.9713671875,10513.729019097222,10146.417017415364,29172.825330674917,senario_B
2025-02-07 12:00:00,50882.53483181424,12684.193224555122,10892.074777628579,27306.266829630542,senario_B
2025-02-07 13:00:00,51615.441907552085,14352.76745279948,12811.971223958333,24450.70323079427,senario_B
2025-02-07 14:00:00,52973.24573133681,16042.700652126736,15332.742617187498,21597.802462022577,senario_B
2025-02-07 15:00:00,54555.54131835938,16629.45628200955,17976.84153971354,19949.243496636293,senario_B
2025-02-07 16:00:00,54358.03906684028,16549.75843967014,22187.032454427084,15621.248172743057,senario_B
2025-02-07 17:00:00,54389.71643012153,14419.484973144532,26019.712775065105,13950.51868191189,senario_B
2025-02-07 18:00:00,53401.691922743055,5472.141972181532,27209.47789388021,20720.072056681314,senario_B
2025-02-07 19:00:00,53087.9305078125,155.38724779400562,29289.75838216146,23642.78487785704,senario_B
2025-02-07 20:00:00,52431.511569010414,0.4082744705677033,35445.13868815104,16985.964606388807,senario_B
2025-02-07 21:00:00,51271.074205729165,0.5509836280677054,38755.14526692709,12515.377955174008,senario_B
2025-02-07 22:00:00,50464.57607638889,0.7389301530188984,39638.95555013021,10824.88159610566,senario_B
2025-02-07 23:00:00,49096.183836805554,0.6442449293865098,39824.786025390626,9270.753566485539,senario_B
2025-02-08 00:00:00,46970.92619791667,0.8739426413509581,40271.26655598958,6698.785699285734,senario_B
2025-02-08 01:00:00,45278.35394965278,0.6560698476102617,40006.61119140625,5271.086688398922,senario_B
2025-02-08 02:00:00,44143.78753580729,0.6387646922800276,39781.48441569011,4361.664355424902,senario_B
2025-02-08 03:00:00,43166.14822048611,0.5493419020705753,39244.90143880207,3920.697439781965,senario_B
2025-02-08 04:00:00,42465.92526801215,0.6362419886721505,38677.048151041665,3788.2408749818132,senario_B
2025-02-08 05:00:00,41928.026640625,0.5130141866869397,37628.34238932291,4299.171237115399,senario_B
2025-02-08 06:00:00,41872.70540364584,0.5171645169787936,36567.38666992187,5304.801569206997,senario_B
2025-02-08 07:00:00,42680.1355859375,0.5073772997657457,36190.093681640625,6489.534526997115,senario_B
2025-02-08 08:00:00,43424.08011067708,504.14840201659337,35156.832779947916,7763.09892871257,senario_B
2025-02-08 09:00:00,45409.65269748264,6366.521558973524,31788.539134114577,7254.592004394541,senario_B
2025-02-08 10:00:00,48698.32783854166,13697.531961805556,27653.203658854167,7347.592217881938,senario_B
2025-02-08 11:00:00,50646.38158854167,18043.52904622396,25557.97911458333,7044.873427734379,senario_B
2025-02-08 12:00:00,51141.03051215278,19468.546829427083,24106.62099772135,7565.862685004344,senario_B
2025-02-08 13:00:00,52651.40796440972,19828.13562282986,24417.17730794271,8406.09503363715,senario_B
2025-02-08 14:00:00,54381.15578559028,18655.65555772569,26630.78672200521,9094.713505859374,senario_B
2025-02-08 15:00:00,55507.5673828125,18478.47768880208,28105.73502278646,8923.354671223962,senario_B
2025-02-08 16:00:00,56134.02481336806,18285.657710503478,28012.368984374996,9835.99811848958,senario_B
2025-02-08 17:00:00,55675.650703125,14745.001842447917,29648.075703124992,11282.573157552095,senario_B
2025-02-08 18:00:00,54019.25009114584,5378.089891425238,32567.373723958335,16073.786475762266,senario_B
2025-02-08 19:00:00,52560.203016493055,132.33432461546735,32790.32849283854,19637.540199039046,senario_B
2025-02-08 20:00:00,51746.75237196181,0.1471685750368568,34556.56196940104,17190.043233985736,senario_B
2025-02-08 21:00:00,50482.61150607639,0.3208328007823891,34301.05728841146,16181.23338486415,senario_B
2025-02-08 22:00:00,49444.6788921441,0.3776541628357437,31400.785310058593,18043.515927922672,senario_B
2025-02-08 23:00:00,47764.79541015625,0.3654971730377939,27837.57573893229,19926.854174050924,senario_B
2025-02-09 00:00:00,45419.52211371528,0.3878972549570931,23943.09819173177,21476.03602472855,senario_B
2025-02-09 01:00:00,43895.12549913194,0.3999922420912318,21911.2623030599,21983.463203829946,senario_B
2025-02-09 02:00:00,42809.51029513889,0.4102359178331163,22320.080668945313,20489.019390275742,senario_B
2025-02-09 03:00:00,43076.21090060764,0.4086936774187618,23214.99694986979,19860.805257060434,senario_B
2025-02-09 04:00:00,41757.72660373264,0.4171813646952311,23813.683398844405,17943.62602352354,senario_B
2025-02-09 05:00:00,41272.87974826389,0.4683511920770009,23645.78530517578,17626.626091896036,senario_B
2025-02-09 06:00:00,41256.22511393229,0.4637238190488683,23074.523537190755,18181.237852922488,senario_B
2025-02-09 07:00:00,41691.62654513889,0.4680554750644498,22090.226955566406,19600.931534097417,senario_B
2025-02-09 08:00:00,42634.60679036458,168.8807369999091,20818.06342163086,21647.66263173381,senario_B
2025-02-09 09:00:00,44842.196139322914,3280.812368231879,17748.104278564453,23813.279492526584,senario_B
2025-02-09 10:00:00,47403.4133203125,7504.921546495226,16676.238880208333,23222.25289360894,senario_B
2025-02-09 11:00:00,48453.58134874132,10251.50269422743,14028.139064534505,24173.939589979378,senario_B
2025-02-09 12:00:00,49423.45304036458,11808.628008897567,11208.432053222656,26406.392978244352,senario_B
2025-02-09 13:00:00,50392.67252170139,12768.996707899303,10286.299841105143,27337.375972696937,senario_B
2025-02-09 14:00:00,51222.58218315972,12863.775495876736,10357.728892415365,28001.077794867615,senario_B
2025-02-09 15:00:00,51970.028595920136,12868.385357259114,11059.57626953125,28042.066969129773,senario_B
2025-02-09 16:00:00,52353.077105034725,11219.61760986328,11774.524478963216,29358.93501620823,senario_B
2025-02-09 17:00:00,52840.991688368056,8828.588547634548,12610.595458170574,31401.807682562932,senario_B
2025-02-09 18:00:00,52491.89366970486,3554.001655409071,13772.149610595701,35165.74240370009,senario_B
2025-02-09 19:00:00,52076.12449435764,154.46126230981614,14274.925275878904,37646.737956168916,senario_B
2025-02-09 20:00:00,51262.28942925347,0.2910408525086111,15003.089852701822,36258.90853569914,senario_B
2025-02-09 21:00:00,50780.97943142361,0.3640099246717161,14489.623736165362,36290.99168533358,senario_B
2025-02-09 22:00:00,49884.4416015625,0.411227764652835,13064.902049967448,36819.1283238304,senario_B
2025-02-09 23:00:00,48495.87723198785,0.4147376525567637,12802.63944824219,35692.8230460931,senario_B
2025-02-10 00:00:00,46331.27319661458,0.4319195190734333,12581.6641015625,33749.177175533005,senario_B
2025-02-10 01:00:00,44905.98134874132,0.442359178132481,11046.4462109375,33859.09277862569,senario_B
2025-02-10 02:00:00,44008.24734700521,0.4357954527934392,10639.440331624348,33368.37121992806,senario_B
2025-02-10 03:00:00,43125.205443793406,0.4633378954728444,8965.471508789062,34159.27059710887,senario_B
2025-02-10 04:00:00,42854.17458333333,0.452190894914998,8113.348721110026,34740.37367132839,senario_B
2025-02-10 05:00:00,43248.79513020833,0.4547992824763059,7549.952432250977,35698.38789867488,senario_B
2025-02-10 06:00:00,45100.89566840278,0.4402640241881211,7492.425174357096,37608.0302300215,senario_B
2025-02-10 07:00:00,48375.26875434028,0.4527873486859931,8091.241185913086,40283.5747810785,senario_B
2025-02-10 08:00:00,50382.42118055555,70.44160239928298,7909.544226074218,42402.43535208205,senario_B
2025-02-10 09:00:00,50882.969296875,871.219166531033,6293.45873819987,43718.2913921441,senario_B
2025-02-10 10:00:00,51328.36763563368,2330.5664493136937,4311.828511047363,44685.97267527263,senario_B
2025-02-10 11:00:00,52142.99585177952,3679.745691257053,3330.538733520508,45132.71142700195,senario_B
2025-02-10 12:00:00,52727.78006510417,4636.234116550022,3255.1344915771488,44836.411456977,senario_B
2025-02-10 13:00:00,53344.58473524306,5808.406877170139,4249.438837890625,43286.73902018229,senario_B
2025-02-10 14:00:00,53224.749765625,5550.968987087674,5668.514484863281,42005.26629367404,senario_B
2025-02-10 15:00:00,53030.80594618055,4264.730949164496,6730.240065917969,42035.834931098085,senario_B
2025-02-10 16:00:00,53559.27000434028,2996.067495659722,8128.484545898438,42434.71796278212,senario_B
2025-02-10 17:00:00,53567.143654513886,1935.5561097547743,8644.132814127604,42987.45473063151,senario_B
2025-02-10 18:00:00,53838.503203125,424.4536834038629,8772.191615397136,44641.857904324,senario_B
2025-02-10 19:00:00,54730.01782552083,8.535035568310155,9139.345496419272,45582.13729353325,senario_B
2025-02-10 20:00:00,54646.589262152775,0.4055276972717709,10172.98233561198,44473.20139884352,senario_B
2025-02-10 21:00:00,53996.84667100695,0.3907964329918225,10549.243470052083,43447.21240452187,senario_B
2025-02-10 22:00:00,52994.60973524306,0.3906750474704636,11771.668424479167,41222.55063571642,senario_B
2025-02-10 23:00:00,50530.16282118056,0.4318682454360856,12918.770068359374,37610.96088457575,senario_B
2025-02-11 00:00:00,48372.0675390625,0.4263973099324438,11912.50992919922,36459.131212553344,senario_B
2025-02-11 01:00:00,46846.046141493054,0.4286049624615245,11789.09259765625,35056.52493887434,senario_B
2025-02-11 02:00:00,45795.04802083333,0.4404681229260233,12535.894568684897,33258.71298402551,senario_B
2025-02-11 03:00:00,45430.80101996528,0.4440619798170195,11544.645040690104,33885.71191729535,senario_B
2025-02-11 04:00:00,45324.34598090278,0.4633252244525485,11901.694955240884,33422.18770043744,senario_B
2025-02-11 05:00:00,45650.56745225695,0.4612039488222864,11548.184468587238,34101.9217797209,senario_B
2025-02-11 06:00:00,47665.62887586805,0.4654619482490751,11438.171647135418,36226.99176678439,senario_B
2025-02-11 07:00:00,50769.020546875,0.4547781781024403,11552.07521077474,39216.49055792216,senario_B
2025-02-11 08:00:00,52332.64498697917,80.92782500396173,12474.449845377603,39777.2673165976,senario_B
2025-02-11 09:00:00,52999.32338107639,1610.804642232259,12503.492013346353,38885.02672549778,senario_B
2025-02-11 10:00:00,53594.42931857639,3820.360744628906,14655.465115559895,35118.60345838759,senario_B
2025-02-11 11:00:00,53589.17625434028,5097.11740234375,13572.545792643228,34919.5130593533,senario_B
2025-02-11 12:00:00,53575.79986979167,6156.127333984375,12507.69200764974,34911.98052815755,senario_B
2025-02-11 13:00:00,54048.69621961805,6808.530817599826,12001.791914876303,35238.373487141915,senario_B
2025-02-11 14:00:00,53800.32100477431,6716.122358534071,12231.48859008789,34852.710056152355,senario_B
2025-02-11 15:00:00,54128.21323784722,6301.663275824652,12958.834477539061,34867.71548448352,senario_B
2025-02-11 16:00:00,53908.83426649305,5087.900724283854,14517.099982096357,34303.83356011284,senario_B
2025-02-11 17:00:00,53771.142999131946,3249.7465283203123,16249.216389973957,34272.18008083767,senario_B
2025-02-11 18:00:00,54317.68684461805,808.5844739786784,17650.363095703124,35858.73927493625,senario_B
2025-02-11 19:00:00,55332.36611002604,31.79510316100385,18639.635173746745,36660.93583311829,senario_B
2025-02-11 20:00:00,55344.24532118056,0.5028698863916927,19041.550533854166,36302.19191744001,senario_B
2025-02-11 21:00:00,54653.793125,0.565867944392893,20287.963317057296,34365.2639399983,senario_B
2025-02-11 22:00:00,53362.48134114583,0.5957110933462779,19226.599358723957,34135.28627132853,senario_B
2025-02-11 23:00:00,51169.26365017361,0.5799603971838951,16667.691333007813,34500.99235676862,senario_B
2025-02-12 00:00:00,49042.43370876736,0.5290472875038783,13057.542377929687,35984.362283550174,senario_B
2025-02-12 01:00:00,47604.77930230035,1.31721226412389,10039.754345499674,37563.70774453654,senario_B
2025-02-12 02:00:00,46361.597734375,0.4655499066909154,8339.776661783855,38021.35552268445,senario_B
2025-02-12 03:00:00,45863.03108832465,0.4767540270669593,8083.863020019531,37778.69131427805,senario_B
2025-02-12 04:00:00,45774.89356987847,0.5024163633750545,7202.212151285807,38572.17900222929,senario_B
2025-02-12 05:00:00,46249.73065538194,0.5028038580218951,6737.469816080731,39511.75803544319,senario_B
2025-02-12 06:00:00,47727.954585503474,0.493148051334752,6266.976925048828,41460.484512403316,senario_B
2025-02-12 07:00:00,50884.09223849826,0.5230740346842342,6691.198918660482,44192.3702458031,senario_B
2025-02-12 08:00:00,52280.96960611979,198.252558545404,7714.307902832031,44368.409144742356,senario_B
2025-02-12 09:00:00,52822.14607638889,1430.0906773546008,8578.467552083333,42813.587846950955,senario_B
2025-02-12 10:00:00,54071.13134548611,3543.7743245442707,10355.700036621092,40171.65698432075,senario_B
2025-02-12 11:00:00,54881.85309461805,6008.165112304688,10276.46445719401,38597.22352511935,senario_B
2025-02-12 12:00:00,54969.22433051215,8027.976585828993,10320.39445719401,36620.85328748915,senario_B
2025-02-12 13:00:00,54747.33015190972,9668.98400499132,11877.265396321614,33201.08075059679,senario_B
2025-02-12 14:00:00,54351.46999348958,10650.54079969618,13165.933599853515,30534.995593939886,senario_B
2025-02-12 15:00:00,54019.81853298611,9039.823631727431,14272.168173828126,30707.826727430547,senario_B
2025-02-12 16:00:00,54627.76672309028,6998.401116672092,17674.297339274086,29955.0682671441,senario_B
2025-02-12 17:00:00,56063.79269639757,5144.520898573133,23132.477513020833,27786.7942848036,senario_B
2025-02-12 18:00:00,55976.099365234375,1919.7718726264104,25027.611333821616,29028.716158786345,senario_B
2025-02-12 19:00:00,57535.46723415799,70.83822507927815,25573.605671386715,31891.023337692,senario_B
2025-02-12 20:00:00,58176.31606987847,0.4222858995033635,25286.11997233073,32889.773811648236,senario_B
2025-02-12 21:00:00,58262.231255425344,48.06185045611527,24759.245779622397,33454.92362534683,senario_B
2025-02-12 22:00:00,57342.33441297744,63.96614783281253,22071.852991943357,35206.51527320127,senario_B
2025-02-12 23:00:00,55837.63582465277,0.4305423903134134,20617.498893229167,35219.70638903329,senario_B
2025-02-13 00:00:00,54474.24982747396,0.4387720941917764,21604.3792179362,32869.431837443575,senario_B
2025-02-13 01:00:00,53529.86010959202,7.1920564807785885,22264.555322265627,31258.11273084561,senario_B
2025-02-13 02:00:00,53475.76832465278,0.419665704311596,24697.222508544924,28778.126150403543,senario_B
2025-02-13 03:00:00,53297.33176649306,0.4023841599457793,27867.59917643229,25429.33020590082,senario_B
2025-02-13 04:00:00,53750.63236002605,0.3598880798369646,28793.40414469401,24956.868327252203,senario_B
2025-02-13 05:00:00,54940.50518229167,0.4012363276547855,27568.335507812502,27371.768438151514,senario_B
2025-02-13 06:00:00,57928.51632378472,0.4009669472691086,25587.40950683594,32340.705850001512,senario_B
2025-02-13 07:00:00,62399.08334309896,0.4107121166007386,22073.197767333982,40325.47486364837,senario_B
2025-02-13 08:00:00,64513.58771809896,531.6210493223534,20933.601567382815,43048.36510139379,senario_B
2025-02-13 09:00:00,64766.63477430555,5232.7261477322045,20188.835263671877,39345.07336290147,senario_B
2025-02-13 10:00:00,64317.38745659722,10707.774894748263,18024.22756998698,35585.38499186198,senario_B
2025-02-13 11:00:00,63737.47249565972,14257.63182047526,14436.508994140626,35043.331681043834,senario_B
2025-02-13 12:00:00,61698.819444444445,16444.16906467014,11775.221328938802,33479.429050835504,senario_B
2025-02-13 13:00:00,59648.40917100695,17681.770403645834,10177.68057047526,31788.958196885855,senario_B
2025-02-13 14:00:00,58036.22578559028,18806.284539930555,9640.856955566407,29589.084290093313,senario_B
2025-02-13 15:00:00,56286.62809570313,17032.48005343967,9193.034562988281,30061.113479275176,senario_B
2025-02-13 16:00:00,55702.17194552952,12999.98924641927,8378.4974609375,34323.685238172744,senario_B
2025-02-13 17:00:00,56480.40909939236,9367.041296929254,7533.26683980306,39580.10096266005,senario_B
2025-02-13 18:00:00,57939.383697916666,3321.1915666368272,7642.10391398112,46976.08821729872,senario_B
2025-02-13 19:00:00,60139.983980034725,190.39331176056217,8385.232337443034,51564.35833083113,senario_B
2025-02-13 20:00:00,60795.46059353299,0.3007777406358056,9710.918182169597,51084.241633622754,senario_B
2025-02-13 21:00:00,60524.9780327691,5.208010310878357,10905.70971069336,49614.06031176486,senario_B
2025-02-13 22:00:00,59546.05686631944,3.0247228374828894,13069.491129150389,46473.54101433157,senario_B
2025-02-13 23:00:00,57602.93869791667,0.3164317725433244,15477.406875,42125.21539114412,senario_B
2025-02-14 00:00:00,56117.30641927083,0.3233690241310331,17602.07875325521,38514.90429699149,senario_B
2025-02-14 01:00:00,54719.7498296441,0.3246285257157352,19912.290769449868,34807.13443166851,senario_B
2025-02-14 02:00:00,53696.21806857639,0.3931498345732689,21284.946582031247,32410.87833671057,senario_B
2025-02-14 03:00:00,53269.27608940972,0.4489375188036097,21218.32306518555,32050.50408670537,senario_B
2025-02-14 04:00:00,52772.46524739584,0.5024838410814603,21471.453330078126,31300.509433476633,senario_B
2025-02-14 05:00:00,53594.51547743056,0.517522239320808,21509.91870442708,32084.07925076416,senario_B
2025-02-14 06:00:00,55805.93434027778,0.5151224908894962,22440.056884765625,33365.362333021265,senario_B
2025-02-14 07:00:00,59025.67241319444,0.5117723254031605,25792.950486653644,33232.2101542154,senario_B
2025-02-14 08:00:00,60315.944036458335,347.3131281122234,27118.160714518228,32850.47019382788,senario_B
2025-02-14 09:00:00,59721.167404513886,4851.312608506944,24214.65664876302,30655.198147243922,senario_B
2025-02-14 10:00:00,58900.49983506944,10226.89298502604,23401.200100911457,25272.40674913194,senario_B
2025-02-14 11:00:00,57968.14494357639,12247.252153862848,24819.748196614586,20901.144593098958,senario_B
2025-02-14 12:00:00,56572.81620876736,12262.251412760415,24662.418407796224,19648.146388210724,senario_B
2025-02-14 13:00:00,55668.32085503472,12272.664261610244,26085.430766601563,17310.22582682291,senario_B
2025-02-14 14:00:00,54799.3376171875,10151.390083550346,27782.157701822915,16865.78983181424,senario_B
2025-02-14 15:00:00,54241.05543402778,8044.406047634548,28239.810774739584,17956.83861165365,senario_B
2025-02-14 16:00:00,53696.676484375,5672.048187391493,28368.425719401042,19656.202577582466,senario_B
2025-02-14 17:00:00,53891.34176540799,4217.623406846788,28970.682500813804,20703.035857747396,senario_B
2025-02-14 18:00:00,54319.68767686632,1850.9425489637588,31200.10567708333,21268.63945081923,senario_B
2025-02-14 19:00:00,55084.40464192708,97.0414118833012,32976.40346516928,22010.959764874504,senario_B
2025-02-14 20:00:00,54908.70177517361,0.898014206306802,33558.14776367188,21349.655997295427,senario_B
2025-02-14 21:00:00,54208.34776041667,0.9281793323655924,33924.687127278645,20282.732453805656,senario_B
2025-02-14 22:00:00,52977.784142795135,0.8780319891870022,33526.759731445316,19450.14637936063,senario_B
2025-02-14 23:00:00,51169.36615342882,0.7109281965924634,33463.56181884766,17705.09340638457,senario_B
2025-02-15 00:00:00,49357.27347222222,0.7092565001381768,33306.812734375,16049.751481347084,senario_B
2025-02-15 01:00:00,47930.710438368056,0.6862733687294854,33179.74526367188,14750.278901327445,senario_B
2025-02-15 02:00:00,46681.826575520834,0.6742317887809541,33185.25896484375,13495.8933788883,senario_B
2025-02-15 03:00:00,46315.79694010417,0.8201651227474213,29924.287913411463,16390.688861569957,senario_B
2025-02-15 04:00:00,45847.06689236111,0.7782793784803814,26559.21623046875,19287.072382513878,senario_B
2025-02-15 05:00:00,45269.070525173614,0.789334255721834,24940.83247070312,20327.448720214772,senario_B
2025-02-15 06:00:00,45787.95232530382,0.8015541029638714,23427.533294270834,22359.61747693002,senario_B
2025-02-15 07:00:00,46949.011154513886,0.7524808283646901,22748.805942382813,24199.45273130271,senario_B
2025-02-15 08:00:00,47909.813576388886,214.69284004196524,24134.955960693358,23560.164775653564,senario_B
2025-02-15 09:00:00,49152.62885850694,4115.375969645183,25799.654957682294,19237.597931179465,senario_B
2025-02-15 10:00:00,50079.70961805555,9001.180987413194,24571.797552083335,16506.731078559023,senario_B
2025-02-15 11:00:00,50637.03799479167,10507.807464192709,25981.61600423177,14147.614526367193,senario_B
2025-02-15 12:00:00,50410.51894097222,9689.656688368055,28029.154049479162,12691.708203125003,senario_B
2025-02-15 13:00:00,50121.95630642361,9950.327939453126,30589.073772786458,9582.554594184028,senario_B
2025-02-15 14:00:00,50130.570043402775,10126.4396875,33294.08111979166,6710.04923611111,senario_B
2025-02-15 15:00:00,49437.906549479165,8897.60499077691,34736.27294921875,5804.028609483503,senario_B
2025-02-15 16:00:00,47981.50068684896,8566.949752061631,33086.43713623047,6328.113798556864,senario_B
2025-02-15 17:00:00,47318.66986979167,7646.547576497396,32837.17300455729,6834.949288736985,senario_B
2025-02-15 18:00:00,47283.95079644097,4348.882690836588,31905.445930989583,11029.6221746148,senario_B
2025-02-15 19:00:00,48384.651787109375,302.3783814557393,30762.540849609373,17319.732556044262,senario_B
2025-02-15 20:00:00,48972.990927734376,0.5804380905793772,27191.82365478516,21780.586834858634,senario_B
2025-02-15 21:00:00,48988.19569986979,0.7338248701559172,28493.55309488932,20493.908780110316,senario_B
2025-02-15 22:00:00,48964.3747265625,0.6520642724964354,28507.139368489585,20456.58329380042,senario_B
2025-02-15 23:00:00,48362.605711805554,0.66129670533869,27043.733577473955,21318.210837626262,senario_B
2025-02-16 00:00:00,47813.39532118056,0.6220552183522119,28372.97207356771,19439.801192394494,senario_B
2025-02-16 01:00:00,47525.83674913194,0.6964571360747019,30544.261718749993,16980.87857324587,senario_B
2025-02-16 02:00:00,47652.322764756944,0.7426583564943737,34621.957910156256,13029.622196244192,senario_B
2025-02-16 03:00:00,47983.752452256944,0.7329629440440072,36186.87900065104,11796.140488661862,senario_B
2025-02-16 04:00:00,49026.78136284722,0.7408758296569189,35202.54647460937,13823.494012408191,senario_B
2025-02-16 05:00:00,49387.67052517361,0.7426542092031903,34584.139589843755,14802.788281120658,senario_B
2025-02-16 06:00:00,51100.66944878472,0.7503720534510082,32528.752294921873,18571.166781809396,senario_B
2025-02-16 07:00:00,53410.15362738715,0.9259495998256736,31178.837907714842,22230.389770072485,senario_B
2025-02-16 08:00:00,55643.49508246528,1693.114319687949,26467.49237223307,27482.888390544256,senario_B
2025-02-16 09:00:00,57152.63111111111,12960.214057617188,22739.391042073563,21453.026011420363,senario_B
2025-02-16 10:00:00,57379.12697482639,20450.887710503477,21922.012094726564,15006.227169596346,senario_B
2025-02-16 11:00:00,55781.38978298611,22487.03103732639,17626.33846354167,15668.020282118046,senario_B
2025-02-16 12:00:00,54076.65702582465,23728.04303982205,13321.13835123698,17027.475634765622,senario_B
2025-02-16 13:00:00,52183.68466579861,23832.052994791666,10839.836036783854,17511.79563422309,senario_B
2025-02-16 14:00:00,50710.61345052083,23737.530323350693,9365.330711263021,17607.752415907118,senario_B
2025-02-16 15:00:00,50051.92791992187,24127.899168836804,8871.320601399739,17052.708149685328,senario_B
2025-02-16 16:00:00,49352.943547092014,23212.42163357205,8759.455752970378,17381.066160549588,senario_B
2025-02-16 17:00:00,49000.86460394965,20095.655194769966,8411.233983968099,20493.97542521159,senario_B
2025-02-16 18:00:00,49865.25852213542,8534.60949693468,8849.9869728597,32480.662052341035,senario_B
2025-02-16 19:00:00,52811.17377278646,341.43287556041446,10938.630254516602,41531.11064270944,senario_B
2025-02-16 20:00:00,54337.54880533854,0.1854548307466838,15980.07330810547,38357.290042402325,senario_B
2025-02-16 21:00:00,55012.89405924479,0.3020397120134698,20648.71731730143,34363.87470223135,senario_B
2025-02-16 22:00:00,54930.4454296875,0.3216374740335676,22616.071940104164,32314.051852109296,senario_B
2025-02-16 23:00:00,54161.5775390625,0.3398041495018535,24221.45492513021,29939.782809782788,senario_B
2025-02-17 00:00:00,53010.05655164931,0.3428685352040662,25857.827222493488,27151.886460620615,senario_B
2025-02-17 01:00:00,52760.093049045136,0.4249854775021474,28874.970661621097,23884.697401946534,senario_B
2025-02-17 02:00:00,53354.82958767361,0.4680540941821204,31658.161552734375,21696.19998084505,senario_B
2025-02-17 03:00:00,53537.29127712674,0.4529359876281685,33466.319780273436,20070.518560865676,senario_B
2025-02-17 04:00:00,53891.66784939236,0.4895750713596741,33896.67629801432,19994.50197630668,senario_B
2025-02-17 05:00:00,55132.139645182295,0.4814701549708843,33938.33272949219,21193.325445535134,senario_B
2025-02-17 06:00:00,57689.46871961805,0.5494953772756789,34342.98168619792,23345.93753804286,senario_B
2025-02-17 07:00:00,61273.23578559028,0.7484928622179561,34239.00236328125,27033.484929446815,senario_B
2025-02-17 08:00:00,62929.816171875,1993.642605949508,33835.843079427075,27100.330486498417,senario_B
2025-02-17 09:00:00,61699.62798285591,13771.216738823785,29294.46277750651,18633.948466525617,senario_B
2025-02-17 10:00:00,59853.6555078125,19872.459442274307,27466.881904296875,12514.314161241324,senario_B
2025-02-17 11:00:00,57561.77454427083,19841.45671657986,27140.681168619794,10579.63665907118,senario_B
2025-02-17 12:00:00,55319.01201388889,19515.11200954861,26280.012330729165,9523.887673611112,senario_B
2025-02-17 13:00:00,53653.838671875,17938.585377604166,26854.919694010416,8860.33360026042,senario_B
2025-02-17 14:00:00,52540.332604166666,15744.933604600694,28393.997620442708,8401.401379123265,senario_B
2025-02-17 15:00:00,51424.3905859375,14427.741920572917,28416.814117838538,8579.834547526047,senario_B
2025-02-17 16:00:00,49271.48198242187,11508.918266059029,29199.262526041668,8563.301190321174,senario_B
2025-02-17 17:00:00,49270.15699652778,9890.800859375,30716.210706380218,8663.145430772565,senario_B
2025-02-17 18:00:00,50135.14761284722,4912.772273932563,34787.86811848958,10434.507220425076,senario_B
2025-02-17 19:00:00,52218.53460720486,252.87692825358772,36440.98170084635,15524.675978104926,senario_B
2025-02-17 20:00:00,53518.618040364585,0.5355296295881271,39406.62794189453,14111.454568840469,senario_B
2025-02-17 21:00:00,53020.322374131945,0.4068522105117639,39848.74715901693,13171.1683629045,senario_B
2025-02-17 22:00:00,51943.480824652775,0.3689712920991911,39534.70280517578,12408.409048184898,senario_B
2025-02-17 23:00:00,49747.36864583333,0.2918633712662591,38964.504927571616,10782.571854890448,senario_B
2025-02-18 00:00:00,48152.48547200521,0.3124999203408757,38693.39518310547,9458.777788979394,senario_B
2025-02-18 01:00:00,46510.45078559028,0.4462921110126707,37972.31730794271,8537.68718553656,senario_B
2025-02-18 02:00:00,45648.393501519095,0.4304003086437781,37170.33234944662,8477.630751763834,senario_B
2025-02-18 03:00:00,44759.33638454861,0.469267022146119,36896.48340169272,7862.383715833741,senario_B
2025-02-18 04:00:00,44180.14707248264,0.5244372009982665,34166.797927246094,10012.82470803555,senario_B
2025-02-18 05:00:00,44962.41126302083,0.5114834077490701,31873.85390950521,13088.045870107875,senario_B
2025-02-18 06:00:00,47271.31742296007,0.5992853823718097,31449.584972330733,15821.133165246967,senario_B
2025-02-18 07:00:00,50644.603585069446,0.4693794689906968,29060.58712565104,21583.547079949418,senario_B
2025-02-18 08:00:00,51916.7811328125,239.3501546349128,29447.26243164062,22230.168546536966,senario_B
2025-02-18 09:00:00,52335.635771484376,3231.919806382921,29770.795794270838,19332.920170830614,senario_B
2025-02-18 10:00:00,52210.035040147566,6753.647998453776,27366.745491536458,18089.64155015733,senario_B
2025-02-18 11:00:00,52133.2830219184,7430.928666856554,25808.069115397135,18894.285239664714,senario_B
2025-02-18 12:00:00,52243.07260850695,8400.037114257813,25649.3382421875,18193.697252061633,senario_B
2025-02-18 13:00:00,52814.802354600695,8647.265756022136,26823.23897705078,17344.29762152778,senario_B
2025-02-18 14:00:00,54088.14653211806,8346.604761827257,28352.00707682292,17389.534693467882,senario_B
2025-02-18 15:00:00,54732.35775607639,7664.942728407118,28185.71273763021,18881.70229003906,senario_B
2025-02-18 16:00:00,54571.63547200521,7242.557178955078,29008.778575846354,18320.299717203776,senario_B
2025-02-18 17:00:00,56749.284192708335,6351.64361178928,30264.783477376302,20132.857103542752,senario_B
2025-02-18 18:00:00,58875.58402235243,3271.5261581759983,30678.502205403645,24925.555658772784,senario_B
2025-02-18 19:00:00,61371.7168999566,269.1075371126665,28751.92815673828,32350.681206105655,senario_B
2025-02-18 20:00:00,62739.20595486112,0.3082956082125505,28356.00246419271,34382.8951950602,senario_B
2025-02-18 21:00:00,63495.61127929688,0.2792002183447281,28992.44713378906,34502.88494528948,senario_B
2025-02-18 22:00:00,63383.60710503472,0.4143364366226726,29339.307851562495,34043.8849170356,senario_B
2025-02-18 23:00:00,62575.3637890625,0.3939639950460857,28177.79538736979,34397.174437697664,senario_B
2025-02-19 00:00:00,62129.42312282986,0.4339639062765572,27528.04380696614,34600.945351957445,senario_B
2025-02-19 01:00:00,61996.526779513886,0.413252613445123,29071.942285156256,32924.17124174419,senario_B
2025-02-19 02:00:00,62634.08379014757,0.3946180375417074,31886.412727864576,30747.27644424545,senario_B
2025-02-19 03:00:00,63567.54199978299,0.3935321688817607,33657.48130940755,29909.667158206554,senario_B
2025-02-19 04:00:00,63797.25436197917,0.3630031414826711,32965.266764322914,30831.624594514775,senario_B
2025-02-19 05:00:00,65274.14320529514,0.370408849881755,32419.50563151042,32854.267164934834,senario_B
2025-02-19 06:00:00,67772.85337456597,0.3902656498551369,31686.17726155599,36086.28584736012,senario_B
2025-02-19 07:00:00,71913.53064236112,0.4213554414775636,30449.308883463542,41463.8004034561,senario_B
2025-02-19 08:00:00,74309.18779730903,214.31318772521283,28532.561080729167,45562.31352885465,senario_B
2025-02-19 09:00:00,75413.3954405382,2391.207732679579,27578.520770670577,45443.666937188034,senario_B
2025-02-19 10:00:00,76589.70869791666,5619.099758707683,27397.817539876305,43572.79139933267,senario_B
2025-02-19 11:00:00,78140.46212239584,8250.961704915364,26267.66737223307,43621.833045247404,senario_B
2025-02-19 12:00:00,78717.45966579861,10286.28330295139,26708.570810546877,41722.605552300345,senario_B
2025-02-19 13:00:00,77835.78326822916,11852.881896701389,26777.43116861979,39205.47020290798,senario_B
2025-02-19 14:00:00,76806.5798654514,12824.167014973958,25922.096018880213,38060.31683159722,senario_B
2025-02-19 15:00:00,76033.44884331597,13250.072740342885,24571.756224772133,38211.61987820096,senario_B
2025-02-19 16:00:00,74617.32752170139,12893.189053819444,22535.71746582031,39188.42100206163,senario_B
2025-02-19 17:00:00,74022.09784288195,11131.047731119792,20634.032213541665,42257.017898220496,senario_B
2025-02-19 18:00:00,74576.17391927083,5592.337834879558,19525.038190104166,49458.79789428711,senario_B
2025-02-19 19:00:00,75532.85124565972,366.70272982277805,18371.227107340495,56794.92140849645,senario_B
2025-02-19 20:00:00,76575.51276909723,0.362349855668015,17467.173246663413,59107.97717257815,senario_B
2025-02-19 21:00:00,76411.66756944444,0.2499698739912774,16346.25356608073,60065.164033489724,senario_B
2025-02-19 22:00:00,75533.7919314236,0.2749858188339406,14782.601599527996,60750.91534607678,senario_B
2025-02-19 23:00:00,74761.98671875,0.2752152523067262,14776.231171875,59985.480331622704,senario_B
2025-02-20 00:00:00,73514.11830295139,0.2363160708712207,15156.028828125,58357.85315875552,senario_B
2025-02-20 01:00:00,72949.25143663194,0.2954691397647063,14831.984124348957,58116.97184314322,senario_B
2025-02-20 02:00:00,72406.85895399305,0.3673650017463498,14458.931535644533,57947.56005334678,senario_B
2025-02-20 03:00:00,72302.78296875,0.4421502498454517,15102.15365234375,57200.18716615641,senario_B
2025-02-20 04:00:00,72728.40760850694,0.51004766828484,15908.204160156252,56819.6934006824,senario_B
2025-02-20 05:00:00,74056.88350260416,0.5787287624677022,16499.776176757812,57556.52859708388,senario_B
2025-02-20 06:00:00,75708.88405381945,0.5532184247838127,16229.829236653644,59478.501598741015,senario_B
2025-02-20 07:00:00,78921.933359375,1.1749486964941025,14987.02643717448,63933.73197350403,senario_B
2025-02-20 08:00:00,80376.47003038194,1577.72239771737,14095.262436523439,64703.48519614113,senario_B
2025-02-20 09:00:00,79388.78842447916,10149.213559570311,13697.92487141927,55541.64999348958,senario_B
2025-02-20 10:00:00,77427.50961371527,16548.556863064237,12068.826682128907,48810.12606852213,senario_B
2025-02-20 11:00:00,75650.86638020833,19889.99734592014,10374.250658365885,45386.618375922306,senario_B
2025-02-20 12:00:00,73775.53024305556,21826.332625868057,8280.49439453125,43668.70322265625,senario_B
2025-02-20 13:00:00,71398.98135199652,22654.456890190973,7246.740827636719,41497.78363416883,senario_B
2025-02-20 14:00:00,68497.33086154514,22675.84831542969,7048.624927164714,38772.857618950744,senario_B
2025-02-20 15:00:00,65720.57244140626,21825.62978298611,6956.867620442708,36938.07503797743,senario_B
2025-02-20 16:00:00,64255.04980577257,20903.011043836806,6751.633944498697,36600.40481743707,senario_B
2025-02-20 17:00:00,64261.74283637153,17526.196507161458,6974.504542643232,39761.04178656684,senario_B
2025-02-20 18:00:00,66075.793359375,7287.325155978732,8170.631564127603,50617.83663926867,senario_B
2025-02-20 19:00:00,69242.67,424.32719089554416,9572.540738932292,59245.802070172154,senario_B
2025-02-20 20:00:00,70695.38535807292,0.3092112860911422,9960.164776204427,60734.9113705824,senario_B
2025-02-20 21:00:00,70799.25743706597,0.2531365723080105,10706.203490397136,60092.80081009652,senario_B
2025-02-20 22:00:00,69866.07079861111,0.2443929193086094,11398.212588704428,58467.613816987374,senario_B
2025-02-20 23:00:00,68423.04392361111,0.2723983544939094,11668.110697428385,56754.66082782823,senario_B
2025-02-21 00:00:00,66935.29183159722,0.3065836610893408,11011.516822916667,55923.46842501946,senario_B
2025-02-21 01:00:00,66291.79692274306,0.4330948256121741,10016.248563639323,56275.11526427812,senario_B
2025-02-21 02:00:00,65606.10192165799,0.4512225174572732,10825.32016031901,54780.33053882152,senario_B
2025-02-21 03:00:00,65323.731282552086,0.4647443593210644,11204.605812174479,54118.66072601829,senario_B
2025-02-21 04:00:00,65396.07525607639,0.4603020327289899,11474.645755208334,53920.96919883533,senario_B
2025-02-21 05:00:00,66171.99093098959,0.4718028238746855,12313.18225748698,53858.33687067874,senario_B
2025-02-21 06:00:00,68086.31006510416,0.5168163182669215,12360.248617960613,55725.54463082528,senario_B
2025-02-21 07:00:00,71422.13679253473,0.905090401603116,12008.4812886556,59412.75041347752,senario_B
2025-02-21 08:00:00,72663.62282118056,517.0641620206833,11101.336549479167,61045.222109680704,senario_B
2025-02-21 09:00:00,72213.76427517361,4084.461019829644,10151.516909179687,57977.786346164285,senario_B
2025-02-21 10:00:00,72260.939921875,8030.915789388021,9341.764802246094,54888.25933024089,senario_B
2025-02-21 11:00:00,71919.98295572917,10535.680314127603,8530.232733561199,52854.069908040365,senario_B
2025-02-21 12:00:00,71060.08394965278,13022.259092881945,7743.4882352701825,50294.33662150065,senario_B
2025-02-21 13:00:00,70040.37339626736,13782.859310980904,7239.179964192708,49018.33412109375,senario_B
2025-02-21 14:00:00,69183.69262152778,14139.473345269098,7043.999169108072,48000.220107150606,senario_B
2025-02-21 15:00:00,68302.2719921875,12706.05574001736,6838.805951334636,48757.4103008355,senario_B
2025-02-21 16:00:00,67329.76572916667,11062.497866753472,6744.030705566407,49523.237156846786,senario_B
2025-02-21 17:00:00,66824.12292100694,8556.47375705295,6771.002415364583,51496.64674858941,senario_B
2025-02-21 18:00:00,67481.80631293403,4051.523792385525,7081.578049112956,56348.70447143555,senario_B
2025-02-21 19:00:00,68109.81921006944,266.6453469973637,8578.487183024088,59264.68668004799,senario_B
2025-02-21 20:00:00,68680.61065972222,0.4305238664895296,11423.180776570638,57256.99935928509,senario_B
2025-02-21 21:00:00,68394.90087673611,0.404480373263359,13235.708567708332,55158.78782865451,senario_B
2025-02-21 22:00:00,67318.65329427083,0.4309584827224413,14173.780117187503,53144.4422186006,senario_B
2025-02-21 23:00:00,65619.36701497396,0.4399838845597373,14369.294267578127,51249.63276351128,senario_B
2025-02-22 00:00:00,64249.3850499132,0.4336864009168413,14547.432070312501,49701.51929319979,senario_B
2025-02-22 01:00:00,63030.90290364583,0.4312269437975353,15102.708863932294,47927.76281276974,senario_B
2025-02-22 02:00:00,62568.21805121528,0.4503040822678142,15892.093613281251,46675.67413385176,senario_B
2025-02-22 03:00:00,61860.56793619792,0.448747234708733,16122.468784179688,45737.65040478352,senario_B
2025-02-22 04:00:00,61173.96311414931,0.5005326512124804,15256.089501953127,45917.37307954497,senario_B
2025-02-22 05:00:00,61544.55156684028,0.5660336438152526,13965.72136352539,47578.26416967108,senario_B
2025-02-22 06:00:00,62623.74873263889,0.5904651925298903,13038.730380859375,49584.427886586986,senario_B
2025-02-22 07:00:00,64570.47857204861,1.5163857443465127,11788.29328531901,52780.668900985256,senario_B
2025-02-22 08:00:00,66179.09191623263,886.7491508271959,10793.106380208334,54499.2363851971,senario_B
2025-02-22 09:00:00,66832.55140625,8305.824019639756,9776.901697591145,48749.825689019104,senario_B
2025-02-22 10:00:00,66137.85871961806,14711.792147352431,7691.761358235677,43734.30521402995,senario_B
2025-02-22 11:00:00,64784.25112304687,16427.1270703125,6995.937950846354,41361.18610188802,senario_B
2025-02-22 12:00:00,63186.14463541667,16849.42461317274,6270.822041422526,40065.8979808214,senario_B
2025-02-22 13:00:00,61403.16860351562,16260.183611111112,5789.61875366211,39353.366238742405,senario_B
2025-02-22 14:00:00,59256.59538845486,15677.339010416666,5469.9052148437495,38109.35116319444,senario_B
2025-02-22 15:00:00,58487.718736979165,15260.093830295138,4913.271110432943,38314.35379625108,senario_B
2025-02-22 16:00:00,56967.87722873264,14355.176441786023,4301.699659932454,38311.00112701416,senario_B
2025-02-22 17:00:00,56206.658990885415,12050.309330512153,4317.889877115886,39838.45978325738,senario_B
2025-02-22 18:00:00,56781.3866015625,5446.761050075955,4634.768033040365,46699.85751844618,senario_B
2025-02-22 19:00:00,57919.53695095486,306.489050312125,5872.210070800782,51740.837829841956,senario_B
2025-02-22 20:00:00,58592.42028428819,0.2860736368265417,8579.856887207032,50012.27732344434,senario_B
2025-02-22 21:00:00,58341.71546223958,0.2928597715993722,10560.095568033854,47781.32703443413,senario_B
2025-02-22 22:00:00,57592.59016059028,0.2759743661185105,11245.615266113282,46346.69892011089,senario_B
2025-02-22 23:00:00,56141.27002604167,0.2603596697085433,11892.092517089844,44248.91714928212,senario_B
2025-02-23 00:00:00,54977.01349826389,0.3421454435918066,13048.456500651042,41928.21485216926,senario_B
2025-02-23 01:00:00,53846.38118489584,0.3859497761064105,15273.715564778646,38572.279670341086,senario_B
2025-02-23 02:00:00,53799.10080078125,0.426963049074014,16647.644614257813,37151.02922347436,senario_B
2025-02-23 03:00:00,53046.89865885417,0.4539073630505138,16828.56202799479,36217.882723496325,senario_B
2025-02-23 04:00:00,52635.61001953125,0.4556191106968456,16768.60870605469,35866.545694365865,senario_B
2025-02-23 05:00:00,51582.11059027778,0.447308829360538,14828.46096516927,36753.202316279145,senario_B
2025-02-23 06:00:00,52148.97195095486,0.4498246838317977,13901.869555664061,38246.652570606966,senario_B
2025-02-23 07:00:00,53171.90060655382,0.4711693869696723,11888.539405110678,41282.89003205617,senario_B
2025-02-23 08:00:00,54333.617960069445,764.3307844405373,10515.49395711263,43053.79321851628,senario_B
2025-02-23 09:00:00,55243.14314670139,7103.640642089844,8893.366146647135,39246.13635796441,senario_B
2025-02-23 10:00:00,54952.41652994792,12110.54621419271,4824.657764485677,38017.212551269535,senario_B
2025-02-23 11:00:00,53778.2554014757,16307.45626953125,3730.491161295573,33740.30797064888,senario_B
2025-02-23 12:00:00,52368.46635633681,20378.868743489584,3923.6926802571616,28065.904932590063,senario_B
2025-02-23 13:00:00,50839.61759440104,21544.833671875,3859.287225036621,25435.49669748942,senario_B
2025-02-23 14:00:00,49280.05345703125,21124.64216579861,3281.956149495443,24873.4551417372,senario_B
2025-02-23 15:00:00,49233.09303602431,20523.321987847223,3189.6912668863934,25520.07978129069,senario_B
2025-02-23 16:00:00,48544.63741102431,20065.548812934027,3169.1823050944017,25309.906292995885,senario_B
2025-02-23 17:00:00,47186.05570203993,18598.452918836807,3525.902384847006,25061.700398356115,senario_B
2025-02-23 18:00:00,47888.646648220485,9324.711518012153,3582.7805802408857,34981.15454996745,senario_B
2025-02-23 19:00:00,49597.47197265625,607.756890960435,3072.7360101318363,45916.979071563976,senario_B
2025-02-23 20:00:00,50456.20299696181,0.3619803734123706,4007.947463378906,46447.89355320949,senario_B
2025-02-23 21:00:00,50673.76569878472,0.4272753155562612,4834.89903889974,45838.43938456943,senario_B
2025-02-23 22:00:00,50230.07706597223,0.4055633777379989,5895.1871947224945,44334.484307872,senario_B
2025-02-23 23:00:00,48657.31490017361,0.4080583502186669,7324.940729166667,41331.96611265672,senario_B
2025-02-24 00:00:00,46918.80229166667,0.4268415109316508,8354.06421061198,38564.31123954376,senario_B
2025-02-24 01:00:00,46090.18865885417,0.4627330884585778,9418.349638468424,36671.37628729728,senario_B
2025-02-24 02:00:00,46115.142942708335,0.5137641982568635,11487.984516601562,34626.64466190852,senario_B
2025-02-24 03:00:00,46984.76054470486,0.5555931081705623,13180.686134440104,33803.51881715659,senario_B
2025-02-24 04:00:00,47363.72334852431,0.5924539387226104,14202.65455403646,33160.47634054913,senario_B
2025-02-24 05:00:00,48595.80952148438,0.6530899504158232,15076.292543945314,33518.86388758865,senario_B
2025-02-24 06:00:00,51068.38177734375,0.6147977197170258,14526.176279296875,36541.59070032716,senario_B
2025-02-24 07:00:00,54611.586869574654,0.7531878558463521,12411.604387207033,42199.22929451178,senario_B
2025-02-24 08:00:00,55763.74794270833,1296.2687524755795,11381.886838378905,43085.59235185385,senario_B
2025-02-24 09:00:00,55555.080842013886,10094.447485894098,9470.343897501627,35990.289458618165,senario_B
2025-02-24 10:00:00,53103.61055447048,16013.296223687066,5879.841750183105,31210.472580600304,senario_B
2025-02-24 11:00:00,51330.589895833335,18704.881694878477,4674.650603841145,27951.05759711371,senario_B
2025-02-24 12:00:00,49922.53488498264,22413.360060763887,6929.839884033203,20579.334940185552,senario_B
2025-02-24 13:00:00,49324.23485243056,24181.02231119792,9381.360636393229,15761.851904839414,senario_B
2025-02-24 14:00:00,48499.44259982639,23890.247065972224,9548.92396809896,15060.271565755207,senario_B
2025-02-24 15:00:00,47471.64822916667,22709.97658637153,10238.3502335612,14523.32140923394,senario_B
2025-02-24 16:00:00,46731.44907877605,21581.88488064236,10250.27112467448,14899.293073459212,senario_B
2025-02-24 17:00:00,46846.14200737848,20258.905454644097,9910.546055297851,16676.690497436535,senario_B
2025-02-24 18:00:00,47351.59141276042,10919.290305447048,9318.043868001303,27114.257239312064,senario_B
2025-02-24 19:00:00,48612.65960286458,683.4763964920573,9196.411626790365,38732.77157958216,senario_B
2025-02-24 20:00:00,49510.96176215278,0.2811563088827663,14018.066079101562,35492.614526742334,senario_B
2025-02-24 21:00:00,49424.15196180555,0.2691226853926976,20269.37313313802,29154.509705982142,senario_B
2025-02-24 22:00:00,47896.42576605903,0.2750823898282316,24252.391894531247,23643.75878913795,senario_B
2025-02-24 23:00:00,46197.99303819444,0.2849778215587139,25384.95007161458,20812.7579887583,senario_B
2025-02-25 00:00:00,44409.24460720486,0.4026435432831446,25052.764410807293,19356.077552854287,senario_B
2025-02-25 01:00:00,43268.19176540799,0.5256349534127447,22915.584541015625,20352.081589438953,senario_B
2025-02-25 02:00:00,41731.95506944445,0.5531378991074032,20125.61041463216,21605.79151691318,senario_B
2025-02-25 03:00:00,40941.19758680555,0.5705065711339314,18322.519436848957,22618.107643385458,senario_B
2025-02-25 04:00:00,41210.42142361112,0.5857073206206163,16778.36575724284,24431.469959047663,senario_B
2025-02-25 05:00:00,42293.98859917535,0.563621789879269,14348.16409830729,27945.260879078178,senario_B
2025-02-25 06:00:00,44945.28958984375,0.6085689964228206,12130.3265234375,32814.354497409826,senario_B
2025-02-25 07:00:00,48849.30762261285,2.202846273026533,11336.656504720053,37510.44827161977,senario_B
2025-02-25 08:00:00,49844.89790798611,2134.0210784488254,10611.820435384116,37099.05639415317,senario_B
2025-02-25 09:00:00,49566.55446506076,13117.024462890626,8420.368776041667,28029.161226128475,senario_B
2025-02-25 10:00:00,48591.87384114583,20371.32559895833,5218.055203450521,23002.493038736982,senario_B
2025-02-25 11:00:00,47882.69502387153,22815.12498046875,6557.850012207031,18509.72003119575,senario_B
2025-02-25 12:00:00,47060.05097113716,22928.692125651043,7975.34369934082,16156.015146145299,senario_B
2025-02-25 13:00:00,46644.82562825521,22884.153328993056,7933.747534993489,15826.924764268664,senario_B
2025-02-25 14:00:00,47171.39663628472,22799.119403211807,9063.385579427082,15308.891653645831,senario_B
2025-02-25 15:00:00,47854.9653125,22691.32067274305,10695.418701985678,14468.225937771267,senario_B
2025-02-25 16:00:00,48785.52945095486,22114.77289713541,12961.316849772134,13709.439704047316,senario_B
2025-02-25 17:00:00,48534.99101128472,19492.92841579861,15019.491119791666,14022.571475694444,senario_B
2025-02-25 18:00:00,48708.53593098959,10201.47673828125,17814.632358398438,20692.4268343099,senario_B
2025-02-25 19:00:00,49538.48993923611,691.1482432982325,19063.502539469402,29783.83915646848,senario_B
2025-02-25 20:00:00,49723.90430121528,0.1797093717091613,23800.066591796873,25923.6580000467,senario_B
2025-02-25 21:00:00,48785.18294704861,0.3568103585971726,28451.928388671877,20332.897748018135,senario_B
2025-02-25 22:00:00,47640.92938368056,0.5614349627825949,32351.72094889323,15288.646999824548,senario_B
2025-02-25 23:00:00,45482.54810221354,0.5832243156101968,35093.61805257162,10388.346825326313,senario_B
2025-02-26 00:00:00,43086.3370171441,0.74577873463432,35941.7280851237,7143.863153285762,senario_B
2025-02-26 01:00:00,41900.852456597226,0.7600592354602284,35883.44325520833,6016.649142153437,senario_B
2025-02-26 02:00:00,41443.10352864584,0.6807356900639004,36329.36836263021,5113.054430325574,senario_B
2025-02-26 03:00:00,40658.94559244792,0.7544278558260865,36086.9126578776,4571.278506714494,senario_B
2025-02-26 04:00:00,40195.19321180556,0.8260690750016106,36180.767669270834,4013.599473459726,senario_B
2025-02-26 05:00:00,40217.25944769965,0.864069284449021,35396.08744873047,4820.307929684735,senario_B
2025-02-26 06:00:00,42117.55891493055,0.835962833960851,34954.51900065104,7162.203951445554,senario_B
2025-02-26 07:00:00,45333.00253580729,4.543993408564064,33611.856626790366,11716.601915608357,senario_B
2025-02-26 08:00:00,46267.9353125,2012.9951024670072,31196.54646484375,13058.393745189242,senario_B
2025-02-26 09:00:00,47199.3874609375,11636.962400444878,26492.809196777343,9069.615863715277,senario_B
2025-02-26 10:00:00,48210.49216579861,16353.8287109375,23949.317677001953,7907.345777859158,senario_B
2025-02-26 11:00:00,47726.9565733507,15564.98826985677,24630.574123128255,7531.394180365671,senario_B
2025-02-26 12:00:00,47351.886067708336,15079.41078016493,24831.607418619787,7440.8678689236185,senario_B
2025-02-26 13:00:00,47254.804378255205,14725.910627983942,25146.857504069012,7382.036246202253,senario_B
2025-02-26 14:00:00,48783.5725390625,15997.870269097222,25355.58002197266,7430.122247992622,senario_B
2025-02-26 15:00:00,49384.87710394965,16358.198627387152,25755.775265299482,7270.903211263016,senario_B
2025-02-26 16:00:00,50046.8923969184,16241.053902452257,26820.007888997396,6985.830605468749,senario_B
2025-02-26 17:00:00,50882.16313042535,14279.51960313585,29641.878533528645,6960.7649937608585,senario_B
2025-02-26 18:00:00,51034.52850477431,6363.380706651476,33798.17585611979,10872.971942003038,senario_B
2025-02-26 19:00:00,50778.32476453993,326.72061463541456,36926.305139160155,13525.299010744362,senario_B
2025-02-26 20:00:00,50751.9884765625,1.537726418044832,37880.735115559895,12869.715634584565,senario_B
2025-02-26 21:00:00,49876.10325954861,1.6878410556581285,38390.481953125,11483.933465367947,senario_B
2025-02-26 22:00:00,48586.72865125868,1.700236121945911,38319.986923828124,10265.041491308606,senario_B
2025-02-26 23:00:00,46018.13011610243,1.0738952960239516,36408.59493326823,9608.461287538179,senario_B
2025-02-27 00:00:00,43684.64962999132,0.8109806876712375,36245.45334960938,7438.385299694266,senario_B
2025-02-27 01:00:00,42419.0776171875,0.7249077887005276,35542.411158854164,6875.94155054463,senario_B
2025-02-27 02:00:00,40970.46652994792,0.6922470698919562,34721.50930908204,6248.264973795987,senario_B
2025-02-27 03:00:00,39685.73588867187,0.5173347811318106,32829.25466796875,6855.963885921992,senario_B
2025-02-27 04:00:00,39481.02826280382,0.5793378966384464,29759.498825683593,9720.950099223584,senario_B
2025-02-27 05:00:00,39879.16880967882,0.5522892765535249,28011.34064046224,11867.275879940029,senario_B
2025-02-27 06:00:00,41469.113805338544,0.5746876925561163,26971.076646321613,14497.462471324376,senario_B
2025-02-27 07:00:00,44771.37477756076,1.5356071990066105,26443.981969401044,18325.85720096071,senario_B
2025-02-27 08:00:00,46320.20806966146,1202.8620247130923,26084.695674641927,19032.65037030644,senario_B
2025-02-27 09:00:00,46990.829233940975,7458.397811143664,20132.495377604166,19399.936045193142,senario_B
2025-02-27 10:00:00,47443.57245117187,12969.53233940972,16564.814298502606,17909.225813259545,senario_B
2025-02-27 11:00:00,48312.972003038194,15604.21551079644,20266.631470133467,12442.125022108285,senario_B
2025-02-27 12:00:00,48979.32499240452,16882.51138590495,22689.169371744792,9407.644234754782,senario_B
2025-02-27 13:00:00,48057.88940429688,18813.02602701823,18803.330071614582,10441.53330566407,senario_B
2025-02-27 14:00:00,46849.7412109375,19636.184127604167,14438.416731770832,12775.1403515625,senario_B
2025-02-27 15:00:00,46931.02311740451,20114.25138888889,10675.271594238282,16141.50013427734,senario_B
2025-02-27 16:00:00,46941.99996853299,20736.771399739584,8862.401263020834,17342.82730577257,senario_B
2025-02-27 17:00:00,47434.76990234375,18249.34854654948,7776.205386962891,21409.21596883138,senario_B
2025-02-27 18:00:00,47545.186310763886,9061.03126763238,5928.255033772786,32555.900009358716,senario_B
2025-02-27 19:00:00,48030.035834418406,689.8084996831583,4414.430764668782,42925.796570066464,senario_B
2025-02-27 20:00:00,48019.26442274306,0.3154480895565615,4178.234137369792,43840.71483728371,senario_B
2025-02-27 21:00:00,47639.06068576389,0.3953047503034274,4428.528601888021,43210.13677912557,senario_B
2025-02-27 22:00:00,46744.87211805556,0.5082406448986795,4981.233960367838,41763.12991704282,senario_B
2025-02-27 23:00:00,45186.60154405382,0.5731988268925085,5809.226963195801,39376.80138203113,senario_B
2025-02-28 00:00:00,43159.17837673611,0.6107797744207912,6821.26025797526,36337.30733898643,senario_B
2025-02-28 01:00:00,42454.21189236111,0.6460068240596188,8315.751298624673,34137.81458691238,senario_B
2025-02-28 02:00:00,41687.46558810764,0.6365844268931283,9679.70036376953,32007.128639911214,senario_B
2025-02-28 03:00:00,41633.46465277778,0.6597628266943826,11472.436490478516,30160.368399472565,senario_B
2025-02-28 04:00:00,41904.25386501736,0.6494662139481968,12625.761912027996,29277.84248677542,senario_B
2025-02-28 05:00:00,42382.77124891493,0.671702724976672,13127.772627360026,29254.326918829924,senario_B
2025-02-28 06:00:00,44909.358810763886,0.6836324558655421,12877.826583658854,32030.848594649164,senario_B
2025-02-28 07:00:00,48488.81811740452,6.722500356766913,13045.955881754559,35436.139735293196,senario_B
2025-02-28 08:00:00,49787.57976128472,3444.458527815077,13712.450933024089,32630.67030044555,senario_B
2025-02-28 09:00:00,49216.63769422743,16286.855554470489,12589.372897135418,20340.409242621525,senario_B
2025-02-28 10:00:00,48016.2241655816,22796.774279513887,8840.812986450195,16378.63689961752,senario_B
2025-02-28 11:00:00,48190.64741970486,23018.22074435764,11349.236280110676,13823.190395236543,senario_B
2025-02-28 12:00:00,49059.69197482639,23614.515234375,12206.009765625,13239.166974826388,senario_B
2025-02-28 13:00:00,48343.205458984376,23758.64200954861,11554.69857828776,13029.864871148005,senario_B
2025-02-28 14:00:00,47732.53393012153,23469.06194498698,11152.569284464518,13110.902700670029,senario_B
2025-02-28 15:00:00,47442.94407877604,24107.582157118057,9614.270665079752,13721.091256578231,senario_B
2025-02-28 16:00:00,47702.895639105904,23670.732931315106,7605.92084737142,16426.241860419377,senario_B
2025-02-28 17:00:00,48411.36465169271,21078.93005208333,6000.010359090169,21332.424240519213,senario_B
2025-02-28 18:00:00,47919.41060546875,10249.824431152343,5566.203681640625,32103.38249267578,senario_B
2025-02-28 19:00:00,47604.36473090278,719.6453652932743,5256.794087219238,41627.92527839026,senario_B
2025-02-28 20:00:00,47515.31813259549,0.2300255441914002,6531.395591227214,40983.692515824085,senario_B
2025-02-28 21:00:00,47001.7867578125,0.3686995747354295,9843.551800130208,37157.86625810756,senario_B
2025-02-28 22:00:00,46540.24923068576,0.4554470459123452,14410.856478678383,32128.937304961466,senario_B
2025-02-28 23:00:00,45151.72380642361,0.5130874199502998,15211.028628336588,29940.18209066707,senario_B
2025-03-01 00:00:00,43459.77612304688,0.5759204259514809,14845.55806966146,28613.64213295947,senario_B
2025-03-01 01:00:00,41449.75821180556,0.6473060472971863,13452.70516845703,27996.405737301226,senario_B
2025-03-01 02:00:00,40462.29946072049,0.6514990576108297,12388.146989746094,28073.500971916787,senario_B
2025-03-01 03:00:00,40198.32948676215,0.668876995311843,11897.172854817709,28300.487754949132,senario_B
2025-03-01 04:00:00,39580.49931423611,0.6538241030110253,10387.9072269694,29191.938263163698,senario_B
2025-03-01 05:00:00,39370.12277994792,0.6338621773984697,8883.233303833007,30486.255613937512,senario_B
2025-03-01 06:00:00,40151.577801649306,0.6378740485509237,7439.5822062174475,32711.357721383305,senario_B
2025-03-01 07:00:00,41367.58013997396,7.408266650239627,7054.819083658855,34305.35278966487,senario_B
2025-03-01 08:00:00,42533.44421549479,3376.42696369595,8016.8418766276045,31140.175375171235,senario_B
2025-03-01 09:00:00,45573.38474392361,16262.467646484374,7236.641961669922,22074.27513576932,senario_B
2025-03-01 10:00:00,46163.540170355904,23184.82649359809,5086.989978739421,17891.72369801839,senario_B
2025-03-01 11:00:00,45829.60542860243,24730.314467230903,4652.057560831706,16447.233400539822,senario_B
2025-03-01 12:00:00,46624.07001953125,24386.247584635417,4184.239723205566,18053.58271169027,senario_B
2025-03-01 13:00:00,46571.22602430556,24014.955614149305,3319.1994836425783,19237.070926513676,senario_B
2025-03-01 14:00:00,47273.30488498264,23763.9285405816,3092.975928192139,20416.400416208897,senario_B
2025-03-01 15:00:00,48298.22167100695,23597.882314453123,3637.8170064290352,21062.52235012479,senario_B
2025-03-01 16:00:00,48868.8329296875,23398.24433810764,4645.071530354818,20825.517061225044,senario_B
2025-03-01 17:00:00,49554.368424479166,19921.23699869792,5037.301801249186,24595.82962453206,senario_B
2025-03-01 18:00:00,49274.85899739584,9227.517859971787,6364.073295084636,33683.26784233942,senario_B
2025-03-01 19:00:00,47696.27519965278,511.80064153459335,10122.170891927084,37062.3036661911,senario_B
2025-03-01 20:00:00,47620.90839735243,3.569886348909802,17281.42820638021,30335.910304623314,senario_B
2025-03-01 21:00:00,47219.940529513886,0.3988379493604104,25724.578963623047,21494.962727941478,senario_B
2025-03-01 22:00:00,46243.998682725694,1.0143811162312826,31656.888427734375,14586.095873875085,senario_B
2025-03-01 23:00:00,45437.623459201386,0.7883933097455237,35510.59727132162,9926.237794570021,senario_B
2025-03-02 00:00:00,43138.24610243055,0.8050137822826703,36469.680400390615,6667.760688257658,senario_B
2025-03-02 01:00:00,41555.23756076389,0.8582440365685357,36947.988684895834,4606.390631831484,senario_B
2025-03-02 02:00:00,40340.30231987847,0.8841399034526614,37405.84997639974,2933.5682035752834,senario_B
2025-03-02 03:00:00,39523.933189019095,0.8850695115327835,36290.875522460934,3232.1725970466287,senario_B
2025-03-02 04:00:00,39298.4899609375,0.8436973137987984,35506.613662109376,3791.032601514322,senario_B
2025-03-02 05:00:00,39041.26124131944,0.8863181304600504,34998.786088867186,4041.5888343217885,senario_B
2025-03-02 06:00:00,39384.75891493056,1.015624495115545,36028.97772379557,3354.7655666398714,senario_B
2025-03-02 07:00:00,40171.469090711806,8.526497484776709,36744.73380777996,3418.2087854470738,senario_B
2025-03-02 08:00:00,41162.0175249566,2160.776176172892,36103.009864908854,2898.231483874857,senario_B
2025-03-02 09:00:00,43906.50375434028,9521.589088541668,33109.329928385414,1275.584737413199,senario_B
2025-03-02 10:00:00,45088.97140733507,11938.089297417537,32487.755175781254,663.1269341362786,senario_B
2025-03-02 11:00:00,45816.503797743055,11965.855328233509,33483.592319335934,367.05615017360833,senario_B
2025-03-02 12:00:00,45758.26185980903,11354.42808403863,34255.34545003255,148.48832573784603,senario_B
2025-03-02 13:00:00,46089.88343098958,11365.080857476129,34784.87431152344,-60.071738009981345,senario_B
2025-03-02 14:00:00,47007.31484483507,12497.5884898546,34394.21547363281,115.51088134766178,senario_B
2025-03-02 15:00:00,47829.79538519965,13383.510401204428,34157.06001627604,289.2249677191867,senario_B
2025-03-02 16:00:00,48294.05478841146,13287.64183295356,34393.57396565755,612.8389898003443,senario_B
2025-03-02 17:00:00,48473.55719184028,11400.690106336806,34405.62610432943,2667.2409811740436,senario_B
2025-03-02 18:00:00,48776.52645507813,5819.96521118164,32434.550823567715,10522.010420328774,senario_B
2025-03-02 19:00:00,48808.972235243054,567.7257577081522,25325.234130045574,22916.012347489326,senario_B
2025-03-02 20:00:00,48794.94474175348,0.3986777790387471,22893.85608846029,25900.689975514153,senario_B
2025-03-02 21:00:00,47812.16087782118,0.4268890142854717,23655.98112467448,24155.752864132417,senario_B
2025-03-02 22:00:00,46777.02770724826,0.4235794569303592,24818.87604939779,21957.728078393535,senario_B
2025-03-02 23:00:00,45087.56990342882,0.5175826400435634,25477.715286458333,19609.33703433044,senario_B
2025-03-03 00:00:00,43002.31439236111,0.6154155692458153,25462.3197265625,17539.379250229365,senario_B
2025-03-03 01:00:00,42206.07694769965,0.5750015994906426,25674.20171223958,16531.300233860577,senario_B
2025-03-03 02:00:00,40538.044991319446,0.5730579139788946,24122.816399739582,16414.655533665886,senario_B
2025-03-03 03:00:00,39736.923246527775,0.6205825010273192,23270.19204752604,16466.110616500708,senario_B
2025-03-03 04:00:00,39781.30814344618,0.6406494569281737,24928.729934082032,14851.937559907215,senario_B
2025-03-03 05:00:00,40101.85621961806,0.6424604036576218,26031.78467610677,14069.429083107629,senario_B
2025-03-03 06:00:00,41858.72751736111,0.6586315848429998,25440.59811197917,16417.470773797104,senario_B
2025-03-03 07:00:00,44874.28963975694,1.775218983143568,27177.72989339193,17694.784527381868,senario_B
2025-03-03 08:00:00,46293.80323676216,917.3343597560458,30425.078540852865,14951.390336153254,senario_B
2025-03-03 09:00:00,47796.31554361979,5576.059311116536,31280.87099853516,10939.385233968096,senario_B
2025-03-03 10:00:00,49192.24722873264,9536.621572536891,31149.937801920572,8505.687854275177,senario_B
2025-03-03 11:00:00,49970.96758246528,10856.924286024305,32432.85051432292,6681.192782118058,senario_B
2025-03-03 12:00:00,50842.77889756944,11130.349966362846,33928.95618164063,5783.472749565968,senario_B
2025-03-03 13:00:00,51171.22550347223,10833.277435980905,35291.176162109376,5046.771905381953,senario_B
2025-03-03 14:00:00,51628.0921875,9865.575027126735,37135.077994791674,4627.439165581585,senario_B
2025-03-03 15:00:00,51636.391508246525,8282.375810411242,38228.40831705729,5125.60738077799,senario_B
2025-03-03 16:00:00,51484.18253255208,6072.6651917860245,38277.60707031249,7133.910270453562,senario_B
2025-03-03 17:00:00,52682.26534830729,4421.820084364149,39075.96048421224,9184.484779730905,senario_B
2025-03-03 18:00:00,52957.149185112845,2045.1321819390191,40325.06025309245,10586.956750081372,senario_B
2025-03-03 19:00:00,52999.1007421875,154.52599219106966,41143.65476236979,11700.919987626636,senario_B
2025-03-03 20:00:00,53161.70076063368,0.6860720742079947,42110.25461263021,11050.760075929255,senario_B
2025-03-03 21:00:00,52526.08141927084,0.6616998637715975,42396.75349609375,10128.666223313325,senario_B
2025-03-03 22:00:00,51216.51419921875,0.735274907681677,42197.01165039062,9018.76727392045,senario_B
2025-03-03 23:00:00,48471.952417534725,0.8119758469197486,41865.733408203116,6605.407033484691,senario_B
2025-03-04 00:00:00,46092.526315104165,0.8611489440004031,40239.908470865885,5851.75669529428,senario_B
2025-03-04 01:00:00,44212.2370171441,0.9016040953828228,38788.6480867513,5422.687326297419,senario_B
2025-03-04 02:00:00,43132.74740017361,0.8409076947636075,39134.901402994794,3997.0050894840533,senario_B
2025-03-04 03:00:00,42277.448203125,0.8680899574359258,39248.540042317705,3028.0400708498564,senario_B
2025-03-04 04:00:00,42123.76509982639,0.8766122826602724,38785.38006835937,3337.508419184356,senario_B
2025-03-04 05:00:00,42687.71588650173,0.7014889622065756,36148.24036132813,6538.774036211398,senario_B
2025-03-04 06:00:00,43829.29289496528,1.1472396818796793,37246.77597330729,6581.36968197611,senario_B
2025-03-04 07:00:00,45563.57641276042,1.060777237613996,39473.29079996745,6089.224835555353,senario_B
2025-03-04 08:00:00,46506.98064670139,585.4610496891869,37814.60813557942,8106.911461432785,senario_B
2025-03-04 09:00:00,47131.19764756945,4336.165983886719,36460.9450813802,6334.086582302523,senario_B
2025-03-04 10:00:00,47740.21665581597,8225.456230604384,35781.57044840495,3733.189976806636,senario_B
2025-03-04 11:00:00,47798.28857204861,11387.04390733507,34675.321438802086,1735.9232259114506,senario_B
2025-03-04 12:00:00,47293.00253038194,13005.045102267795,32911.73451334635,1376.2229147677936,senario_B
2025-03-04 13:00:00,46754.13888888889,13131.982195909288,32369.036953938798,1253.1197390408051,senario_B
2025-03-04 14:00:00,46621.09182725695,13003.839539930555,32041.118909505203,1576.133377821192,senario_B
2025-03-04 15:00:00,47316.22953993056,13681.936497124569,31982.03900553385,1652.2540372721414,senario_B
2025-03-04 16:00:00,47293.65234157986,12135.085495876736,32399.798312988285,2758.7685327148356,senario_B
2025-03-04 17:00:00,48129.513819444444,11118.920126953126,32926.54995117188,4084.0437413194377,senario_B
2025-03-04 18:00:00,48226.52095486111,5404.883783501519,35372.75006510416,7448.887106255424,senario_B
2025-03-04 19:00:00,49006.46272135417,394.3113997518354,37227.765358072924,11384.385963529407,senario_B
2025-03-04 20:00:00,49601.26404079861,0.6954281169507238,34782.8732845052,14817.695328176458,senario_B
2025-03-04 21:00:00,48669.72741753472,0.682183127005895,32621.072510579426,16047.972723828287,senario_B
2025-03-04 22:00:00,47246.95165798611,0.5637581067283949,30463.931015625,16782.45688425438,senario_B
2025-03-04 23:00:00,45630.92698133681,0.5256612360311879,29021.10259440104,16609.298725699737,senario_B
2025-03-05 00:00:00,43696.36850911458,0.6542028745843305,28288.25045654297,15407.46384969703,senario_B
2025-03-05 01:00:00,42574.88254123264,0.6913738560676574,27969.076165364586,14605.115002011986,senario_B
2025-03-05 02:00:00,42126.56123046875,0.630249371793535,28142.518531901038,13983.41244919592,senario_B
2025-03-05 03:00:00,41626.85197699653,0.6245772974358664,28716.152770182292,12910.0746295168,senario_B
2025-03-05 04:00:00,40799.43435980903,0.6631233172946506,27687.988274739582,13110.78296175215,senario_B
2025-03-05 05:00:00,41510.29492621528,0.6587025788757536,26514.85097005208,14994.785253584327,senario_B
2025-03-05 06:00:00,43693.189073350695,0.6801827194293341,24995.988022460937,18696.52086817033,senario_B
2025-03-05 07:00:00,47120.31764105903,17.43835877339045,21607.12718424479,25495.75209804085,senario_B
2025-03-05 08:00:00,48183.12744357639,4519.94773159451,20558.943522135414,23104.236189846466,senario_B
2025-03-05 09:00:00,49830.29920572916,18511.78713867188,16125.332143554691,15193.179923502592,senario_B
2025-03-05 10:00:00,49836.6381640625,21073.8608984375,17386.840457356768,11375.93680826823,senario_B
2025-03-05 11:00:00,48130.83414496528,21415.25872612847,14896.867210286458,11818.70820855035,senario_B
2025-03-05 12:00:00,46919.86086371528,22905.002567274307,11237.639555664062,12777.21874077691,senario_B
2025-03-05 13:00:00,46204.68723741319,23913.81150607639,8365.640384114584,13925.23534722222,senario_B
2025-03-05 14:00:00,46229.31641710069,24131.41310329861,7075.241678873698,15022.661634928376,senario_B
2025-03-05 15:00:00,45912.93680555555,24152.10001519097,6114.528491210937,15646.308299153647,senario_B
2025-03-05 16:00:00,46148.47399088542,23989.918567708333,5654.212821858724,16504.34260131836,senario_B
2025-03-05 17:00:00,47052.7980186632,22331.04449869792,5371.5242211914065,19350.22929877387,senario_B
2025-03-05 18:00:00,47421.31271050347,11314.753961317274,6297.664746500653,29808.89400268554,senario_B
2025-03-05 19:00:00,47643.6987890625,819.5157078391976,7318.69348063151,39505.48960059179,senario_B
2025-03-05 20:00:00,48136.06882378472,0.3958301315042707,11597.445018717448,36538.22797493577,senario_B
2025-03-05 21:00:00,48325.95411675347,0.4007972375220722,17958.409353841147,30367.143965674797,senario_B
2025-03-05 22:00:00,47875.685,0.3893827701939477,23816.854029947914,24058.441587281894,senario_B
2025-03-05 23:00:00,46035.00365885417,0.48268069734176,27408.36446614584,18626.156512010988,senario_B
2025-03-06 00:00:00,44564.944652777776,0.8248895533879598,30574.87468424479,13989.245078979595,senario_B
2025-03-06 01:00:00,43750.11561848958,1.0359183186292649,34119.96543294271,9629.114267228244,senario_B
2025-03-06 02:00:00,43971.563888888886,0.9595585760805342,35888.118199869794,8082.486130443009,senario_B
2025-03-06 03:00:00,44113.513235677085,0.89806570953793,36333.01160807292,7779.603561894626,senario_B
2025-03-06 04:00:00,43740.285112847225,0.9356836564011044,35754.72004882812,7984.629380362698,senario_B
2025-03-06 05:00:00,44084.45189236111,1.004244579076767,36118.71084960938,7964.736798172657,senario_B
2025-03-06 06:00:00,46489.80768012153,1.0233717333608203,36674.53630208334,9814.248006304828,senario_B
2025-03-06 07:00:00,50169.86427734375,32.979830202592744,36344.559609375,13792.324837766158,senario_B
2025-03-06 08:00:00,51538.68809244792,3566.191298353407,37246.18182291667,10726.314971177846,senario_B
2025-03-06 09:00:00,51442.60265407986,9903.673874240452,37771.80714518229,3767.1216346571164,senario_B
2025-03-06 10:00:00,50326.636963975696,11756.713662109374,38099.01004231771,470.9132595486153,senario_B
2025-03-06 11:00:00,49342.98869574653,12455.445001085069,36745.59918294271,141.9445117187497,senario_B
2025-03-06 12:00:00,48491.80716145833,11931.81105360243,36930.85538736979,-370.8592795138902,senario_B
2025-03-06 13:00:00,47806.020184461806,11432.11633029514,37009.96980143229,-636.0659472656262,senario_B
2025-03-06 14:00:00,47103.14789930556,10627.692751736113,37231.46730143229,-756.0121538628446,senario_B
2025-03-06 15:00:00,47016.745681423614,10319.124682074653,37438.26295247396,-740.6419531249994,senario_B
2025-03-06 16:00:00,46862.81264865452,9971.070320095489,37994.74103841146,-1102.9987098524289,senario_B
2025-03-06 17:00:00,47582.66043402778,9238.565038519966,39300.08674479167,-955.9913492838532,senario_B
2025-03-06 18:00:00,48184.90972222222,4959.35731906467,40424.387913411454,2801.1644897460938,senario_B
2025-03-06 19:00:00,49036.361397569446,357.6359743048085,41307.45683268229,7371.2685905823455,senario_B
2025-03-06 20:00:00,49844.33396701389,0.6145335866676437,41706.42904622395,8137.290387203269,senario_B
2025-03-06 21:00:00,49414.79032118055,0.7352154877781868,41750.88308919271,7663.172016500066,senario_B
2025-03-06 22:00:00,48302.25706163194,0.7074587355388535,41757.257832031246,6544.2917708651585,senario_B
2025-03-06 23:00:00,46320.66831163195,0.4441109836101532,41854.75412760417,4465.470073044169,senario_B
2025-03-07 00:00:00,44160.67623697917,0.4929682350158691,41620.15979166667,2540.023477077477,senario_B
2025-03-07 01:00:00,43171.99013020833,0.5589337609873878,41030.73772786458,2140.6934685827655,senario_B
2025-03-07 02:00:00,42887.01009982639,0.5853755364484258,40301.30663085938,2585.1180934305594,senario_B
2025-03-07 03:00:00,41706.59665798611,0.6381679800483916,37633.133938802086,4072.8245512039794,senario_B
2025-03-07 04:00:00,41021.13008246528,0.625354355706109,34401.604394531256,6618.90033357832,senario_B
2025-03-07 05:00:00,40867.35919704861,0.6342246841722065,31185.994303385414,9680.73066897902,senario_B
2025-03-07 06:00:00,42124.78178819444,0.6605751674705082,28073.04684244792,14051.074370579052,senario_B
2025-03-07 07:00:00,44284.16245225695,9.345262056589126,25998.29148763021,18276.52570257015,senario_B
2025-03-07 08:00:00,45400.96802083333,1711.8814206780328,24939.508321940106,18749.578278215195,senario_B
2025-03-07 09:00:00,47067.425282118056,8160.94635687934,21361.231334635417,17545.247590603296,senario_B
2025-03-07 10:00:00,48323.495130208335,13521.57824327257,18387.10501139323,16414.81187554254,senario_B
2025-03-07 11:00:00,49744.735078125,16209.78818033854,19532.68236002604,14002.26453776042,senario_B
2025-03-07 12:00:00,49834.97234375,17700.048561197917,17154.028764648436,14980.895017903647,senario_B
2025-03-07 13:00:00,50130.60776909722,19172.96205078125,13507.64907796224,17449.996640353733,senario_B
2025-03-07 14:00:00,49912.04339409722,19840.999366319444,11316.104767252604,18754.939260525174,senario_B
2025-03-07 15:00:00,50596.75440104167,20400.157745225693,9539.581420898438,20657.015234917537,senario_B
2025-03-07 16:00:00,51642.6074609375,20369.56890407986,7436.117165527344,23836.921391330296,senario_B
2025-03-07 17:00:00,52339.82444878472,17689.619011501734,6919.119603678386,27731.0858336046,senario_B
2025-03-07 18:00:00,52313.065755208336,9059.831809082032,9099.279483235678,34153.95446289063,senario_B
2025-03-07 19:00:00,51083.80829427084,763.2256505574534,11051.71966389974,39268.862979813646,senario_B
2025-03-07 20:00:00,50121.97139322916,0.160235236717595,13546.334473470053,36575.47668452239,senario_B
2025-03-07 21:00:00,49676.22156684028,0.1458770916900701,19939.245527343748,29736.830162404844,senario_B
2025-03-07 22:00:00,48475.04033420139,0.157845413138469,24649.153030598958,23825.729458189293,senario_B
2025-03-07 23:00:00,46856.37471354166,0.1226935105439689,27359.81805989583,19496.433960135288,senario_B
2025-03-08 00:00:00,45229.28736979167,0.1576698736929231,31326.20900390625,13902.920696011734,senario_B
2025-03-08 01:00:00,43594.47124565972,0.159182429595126,33971.42132486979,9622.89073836033,senario_B
2025-03-08 02:00:00,42725.21961371528,0.2994350601732731,34014.72955078125,8710.190627873853,senario_B
2025-03-08 03:00:00,41645.86108072917,0.5886300646596485,33619.19072591146,8026.08172475305,senario_B
2025-03-08 04:00:00,40761.15989583333,0.899889037542873,32588.371744791668,8171.888262004115,senario_B
2025-03-08 05:00:00,40517.21117621528,0.6479438910219404,31556.753860677083,8959.80937164717,senario_B
2025-03-08 06:00:00,41085.57370225695,0.7030114997757806,31701.72954101563,9383.141149741547,senario_B
2025-03-08 07:00:00,42120.89637152778,2.654810693860054,31743.009055989583,10375.232504844338,senario_B
2025-03-08 08:00:00,43160.920373263885,909.7293442747329,30754.073876953127,11497.117152036026,senario_B
2025-03-08 09:00:00,45830.29787760416,5130.89044813368,29757.959964192716,10941.44746527776,senario_B
2025-03-08 10:00:00,47432.06762586805,8823.407203233506,26920.818489583333,11687.841933051204,senario_B
2025-03-08 11:00:00,48893.2488671875,11512.34679904514,24571.049225260416,12809.852842881948,senario_B
2025-03-08 12:00:00,50114.21924045139,12848.194303385417,23054.817701822918,14211.207235243055,senario_B
2025-03-08 13:00:00,51597.77202256944,12726.671105685764,21942.373714192712,16928.727202690963,senario_B
2025-03-08 14:00:00,51964.076328125,12408.457778862848,22120.667304687497,17434.951244574648,senario_B
2025-03-08 15:00:00,52518.64224826389,11712.894619140625,20889.131704101565,19916.615925021695,senario_B
2025-03-08 16:00:00,53197.14017795139,10832.866478949652,21784.858307291666,20579.41539171007,senario_B
2025-03-08 17:00:00,53057.11068142361,9190.250670030382,24607.06502278646,19259.794988606773,senario_B
2025-03-08 18:00:00,52393.86188368056,4885.025502929688,28623.81333658854,18885.02304416233,senario_B
2025-03-08 19:00:00,51870.08001302083,567.6774104006423,29429.9382389323,21872.46436368789,senario_B
2025-03-08 20:00:00,51927.58675347222,0.1766875594523217,30039.58187825521,21887.828187657557,senario_B
2025-03-08 21:00:00,50208.16023003472,0.2809832251899772,29431.734134114588,20776.145112694947,senario_B
2025-03-08 22:00:00,48926.18041232639,0.3373169189360406,28517.731682942715,20408.111412464736,senario_B
2025-03-08 23:00:00,47234.74293402778,0.3982598509060012,28112.430048828126,19121.914625348752,senario_B
2025-03-09 00:00:00,45509.328424479165,0.4246277630660269,26813.343444010417,18695.56035270568,senario_B
2025-03-09 01:00:00,43489.614296875,0.5218579443295797,25192.460501302085,18296.631937628583,senario_B
2025-03-09 03:00:00,42634.60448350695,0.5416544922524028,23510.887667643226,19123.175161371466,senario_B
2025-03-09 04:00:00,42789.7558203125,0.4861462105313937,24151.324467773433,18637.945206328535,senario_B
2025-03-09 05:00:00,42908.77017361111,0.4922173881530762,24795.006028645832,18113.27192757713,senario_B
2025-03-09 06:00:00,42685.95779947917,0.495816553665532,24006.850419921877,18678.611563003626,senario_B
2025-03-09 07:00:00,43435.404405381945,0.489234321879016,22143.711741536463,21291.2034295236,senario_B
2025-03-09 08:00:00,44848.47492621528,4.762016334798601,20223.312278645833,24620.400631234654,senario_B
2025-03-09 09:00:00,45834.82389322917,1670.3791217803955,20212.45026855469,23951.994502894086,senario_B
2025-03-09 10:00:00,47645.51936197917,8884.05035264757,19262.35217122396,19499.116838107642,senario_B
2025-03-09 11:00:00,48627.9548828125,12598.86853515625,18371.141446940106,17657.94490071614,senario_B
2025-03-09 12:00:00,49135.907495659725,14845.330035807292,18643.80953776042,15646.76792209201,senario_B
2025-03-09 13:00:00,49127.81547743056,16659.394383680556,18686.113829752605,13782.307263997398,senario_B
2025-03-09 14:00:00,49489.28934895834,18393.983626302084,18456.68616861979,12638.61955403646,senario_B
2025-03-09 15:00:00,48672.566866319445,17912.027881944443,18537.93946126302,12222.599523111981,senario_B
2025-03-09 16:00:00,47464.9921484375,17037.66249457465,18384.24655110677,12043.083102756078,senario_B
2025-03-09 17:00:00,46432.51072048611,15686.775328776042,17519.680698242188,13226.054693467882,senario_B
2025-03-09 18:00:00,46471.380902777775,14196.826483289931,15886.920043945316,16387.63437554253,senario_B
2025-03-09 19:00:00,46846.024835069446,10458.558903537329,13986.83121907552,22400.6347124566,senario_B
2025-03-09 20:00:00,47863.797847222224,1331.2274371380277,10739.104967447916,35793.46544263628,senario_B
2025-03-09 21:00:00,48576.613893229165,8.506321506583028,7230.318160807292,41337.78941091529,senario_B
2025-03-09 22:00:00,48257.27030815972,0.3359142975012461,6408.642848307292,41848.29154555492,senario_B
2025-03-09 23:00:00,46964.459283854165,0.3482345045275158,6371.3888256835935,40592.722223666045,senario_B
2025-03-10 00:00:00,45009.65107638889,0.3543267481525739,6914.925794270834,38094.3709553699,senario_B
2025-03-10 01:00:00,43737.97513237847,0.4195387173361248,7359.851472981771,36377.704120679366,senario_B
2025-03-10 02:00:00,43477.99714409722,0.4990860619478755,7221.162270507812,36256.33578752746,senario_B
2025-03-10 03:00:00,43612.96919270833,0.5171106797787878,8074.407932942708,35538.04414908585,senario_B
2025-03-10 04:00:00,44703.03482204861,0.4968006941676139,9896.952210286458,34805.585811067984,senario_B
2025-03-10 05:00:00,45265.94832465277,0.4540092566940519,11590.863680826824,33674.63063456924,senario_B
2025-03-10 06:00:00,47283.60161024306,0.4278809615969658,11959.400537923178,35323.77319135828,senario_B
2025-03-10 07:00:00,50014.73915364583,0.3732819347249137,11768.168397623698,38246.19747408741,senario_B
2025-03-10 08:00:00,52382.03883246528,73.50938324613703,12068.111498209637,40240.41795100951,senario_B
2025-03-10 09:00:00,52152.38310763889,6452.030632459852,11960.46572265625,33739.88675252279,senario_B
2025-03-10 10:00:00,52112.8337890625,21031.695202907988,10034.668947753908,21046.469638400602,senario_B
2025-03-10 11:00:00,49939.509427083336,24741.518270399305,6287.692121582031,18910.299035101998,senario_B
2025-03-10 12:00:00,48333.796796875,24944.830807291662,6814.573044840494,16574.392944742845,senario_B
2025-03-10 13:00:00,47548.69903211806,24689.229401041663,8353.832080078126,14505.637550998268,senario_B
2025-03-10 14:00:00,47912.75944444445,24456.33750217014,10028.064969889323,13428.356972384985,senario_B
2025-03-10 15:00:00,48288.99157986111,24143.22146050347,11826.864264322918,12318.905855034722,senario_B
2025-03-10 16:00:00,48251.332291666666,23322.925859375,13521.73269042969,11406.673741861978,senario_B
2025-03-10 17:00:00,48337.65083767361,22577.26800998264,15002.152109375002,10758.230718315968,senario_B
2025-03-10 18:00:00,48553.53200954861,21937.401868489585,15976.288437500001,10639.841703559023,senario_B
2025-03-10 19:00:00,48849.73046006945,13349.291999240451,17038.998527018226,18461.439933810772,senario_B
2025-03-10 20:00:00,48009.36946614584,1579.37195412808,17898.565551757812,28531.43196025995,senario_B
2025-03-10 21:00:00,48231.09402777778,0.2508950094713105,24520.30362955729,23710.539503211017,senario_B
2025-03-10 22:00:00,47426.89080729167,0.2693352670388089,30771.61952148438,16655.00195054025,senario_B
2025-03-10 23:00:00,45823.38127604167,7.419610029707353,35508.69791992188,10307.263746090088,senario_B
2025-03-11 00:00:00,44441.58555555555,0.6226751712626881,38035.09440429688,6405.868476087417,senario_B
2025-03-11 01:00:00,42843.57081163194,0.3931293226281802,38808.996770833335,4034.1809114759744,senario_B
2025-03-11 02:00:00,41990.03841579861,0.3389172839124997,38927.247578125,3062.4519203896925,senario_B
2025-03-11 03:00:00,42056.96180989583,0.3725778138968679,38712.42673177083,3344.162500311104,senario_B
2025-03-11 04:00:00,42229.06904513889,0.3586981136931313,38840.62490559896,3388.085441426236,senario_B
2025-03-11 05:00:00,41993.798910590274,0.6065308597021632,38431.952792968754,3561.239586761818,senario_B
2025-03-11 06:00:00,43906.9906640625,0.7871603313088417,38464.914147135416,5441.289356595771,senario_B
2025-03-11 07:00:00,46720.936375868056,0.8626461818152004,38363.292884114584,8356.780845571659,senario_B
2025-03-11 08:00:00,48875.39430555556,85.05396710882584,37965.041588541666,10825.298749905065,senario_B
2025-03-11 09:00:00,49457.83259114583,6226.273802422417,35321.920478515625,7909.638310207789,senario_B
2025-03-11 10:00:00,49607.98102864583,17142.65306857639,27233.015979817712,5232.3119802517285,senario_B
2025-03-11 11:00:00,49176.54289496528,19982.665655381945,24796.058172200523,4397.81906738281,senario_B
2025-03-11 12:00:00,47559.38293836806,19254.543834635417,23881.811267903646,4423.027835828994,senario_B
2025-03-11 13:00:00,46786.00823784722,18969.155763888888,23281.07367513021,4535.778798828123,senario_B
2025-03-11 14:00:00,47141.005464409725,19441.00513020833,23290.56111653646,4409.439217664934,senario_B
2025-03-11 15:00:00,47577.51963107639,19698.05275824653,23330.23991536458,4549.2269574652855,senario_B
2025-03-11 16:00:00,48252.128541666665,19821.01125,23523.178924153643,4907.938367513023,senario_B
2025-03-11 17:00:00,49488.239453125,20024.328302951388,24234.200205078127,5229.710945095489,senario_B
2025-03-11 18:00:00,50388.91086805556,18111.196612413198,25216.80687825521,7060.90737738715,senario_B
2025-03-11 19:00:00,50845.86103298611,11997.604751519097,27838.334140625,11009.922140842016,senario_B
2025-03-11 20:00:00,49981.92442708334,1412.422915206204,27222.535592447915,21346.965919429218,senario_B
2025-03-11 21:00:00,49778.942235243056,0.1975435095197624,29574.47587890625,20204.268812827282,senario_B
2025-03-11 22:00:00,49070.65528211805,0.2682088086174594,34850.79256184895,14219.594511460484,senario_B
2025-03-11 23:00:00,47450.65312065972,0.5407527038786146,38967.59398111979,8482.518386836055,senario_B
2025-03-12 00:00:00,45273.07283203125,0.4343211259775691,40037.19243815105,5235.446072754225,senario_B
2025-03-12 01:00:00,42526.05762369792,0.5026483631630738,39260.39835693359,3265.156618401161,senario_B
2025-03-12 02:00:00,42157.62133789063,0.9383931163946788,40228.678516438806,1928.004428335429,senario_B
2025-03-12 03:00:00,41593.091536458334,0.8746226400136947,39679.62646158854,1912.590452229786,senario_B
2025-03-12 04:00:00,40818.63381944445,0.6914847722980711,38738.85594726563,2079.0863874065253,senario_B
2025-03-12 05:00:00,40590.9427734375,0.7260195718208948,37977.44346354167,2612.7732903240103,senario_B
2025-03-12 06:00:00,41362.82006076389,0.5734520153866873,37044.11906901042,4318.127539738081,senario_B
2025-03-12 07:00:00,43650.59842447917,0.5751098973883523,35848.23761067708,7801.785703904701,senario_B
2025-03-12 08:00:00,45231.81963758681,48.72470918185181,34046.91038736979,11136.184541035167,senario_B
2025-03-12 09:00:00,45518.82227430555,4175.840126953125,31569.855270182292,9773.126877170136,senario_B
2025-03-12 10:00:00,47524.55124565972,14538.40298936632,26284.443294270837,6701.704962022566,senario_B
2025-03-12 11:00:00,47747.507256944446,18306.004051649303,22459.924122721353,6981.5790825737895,senario_B
2025-03-12 12:00:00,49496.92004340278,20632.54482204861,22576.846603190104,6287.528618164066,senario_B
2025-03-12 13:00:00,50020.50686197917,19597.42191189236,25919.54404296875,4503.540907118058,senario_B
2025-03-12 14:00:00,51342.80943142361,17743.08259765625,29569.351503906248,4030.375329861112,senario_B
2025-03-12 15:00:00,52383.15758680556,16180.879208984376,31271.02756835937,4931.25080946181,senario_B
2025-03-12 16:00:00,53261.347565104166,15859.627981770833,32057.823896484377,5343.895686848955,senario_B
2025-03-12 17:00:00,54116.4800108507,14763.163319227431,32084.9734358724,7268.343255750864,senario_B
2025-03-12 18:00:00,55014.57552951389,12013.843352864584,31888.762760416666,11111.969416232638,senario_B
2025-03-12 19:00:00,54398.22329861111,7655.790035807292,32796.26160481771,13946.17165798611,senario_B
2025-03-12 20:00:00,53626.52180121528,1271.778319776588,33114.78292317708,19239.960558261613,senario_B
2025-03-12 21:00:00,52888.72345920139,0.0214581224095794,31595.175784505216,21293.52621657377,senario_B
2025-03-12 22:00:00,51284.15500868056,0.0620626205011184,33752.85698242188,17531.23596363818,senario_B
2025-03-12 23:00:00,48905.55827256945,0.203241840104262,35017.43693684896,13887.918093880384,senario_B
2025-03-13 00:00:00,46122.15435329861,0.1689088830931319,34237.688320312496,11884.297124103025,senario_B
2025-03-13 01:00:00,44179.30110243055,0.1465308367709318,32638.588476562498,11540.566095031285,senario_B
2025-03-13 02:00:00,42430.67637586805,0.1441444565190209,30062.014957682295,12368.517273729238,senario_B
2025-03-13 03:00:00,42079.50922743056,0.1548284882803758,28790.90974609375,13288.444652848528,senario_B
2025-03-13 04:00:00,41135.63881510417,0.1866223666982518,28430.003629557294,12705.44856318018,senario_B
2025-03-13 05:00:00,40616.53313368056,0.3493616302476989,25490.72306966146,15125.46070238885,senario_B
2025-03-13 06:00:00,41617.50428168403,0.4748753261400593,21754.146970621747,19862.882435736145,senario_B
2025-03-13 07:00:00,43844.35036892361,0.4666859536369641,20122.619856770834,23721.263826199138,senario_B
2025-03-13 08:00:00,45342.27965711806,83.08392418460714,19070.697626953126,26188.49810598033,senario_B
2025-03-13 09:00:00,45731.24273003472,5037.683469238281,16801.498045247394,23892.06121554904,senario_B
2025-03-13 10:00:00,47761.89571180556,15452.111985677084,9595.666475016276,22714.117251112206,senario_B
2025-03-13 11:00:00,49158.25759548611,21284.979138454863,4248.658999430339,23624.619457600907,senario_B
2025-03-13 12:00:00,50156.38476779514,22233.32861762153,4049.784120788574,23873.272029385036,senario_B
2025-03-13 13:00:00,50948.604327256944,21774.118624131945,6282.491940917971,22891.99376220703,senario_B
2025-03-13 14:00:00,52832.94546875,21085.878140190973,11412.614232584636,20334.453095974386,senario_B
2025-03-13 15:00:00,54702.0730360243,19830.58011501736,18030.232861328124,16841.260059678814,senario_B
2025-03-13 16:00:00,56240.466271701385,17132.272636176214,24055.14313191732,15053.050503607847,senario_B
2025-03-13 17:00:00,57839.07282118056,15020.970542534722,26920.551985677084,15897.550292968757,senario_B
2025-03-13 18:00:00,57478.613637152775,11874.836557074654,26266.568684895832,19337.20839518229,senario_B
2025-03-13 19:00:00,55537.54069769965,6128.142934570313,24883.294213867186,24526.103549262152,senario_B
2025-03-13 20:00:00,54477.7000390625,620.9356852401628,25623.111406250002,28233.65294757234,senario_B
2025-03-13 21:00:00,53577.30659722223,0.3400072656666937,27226.826686197917,26350.13990375865,senario_B
2025-03-13 22:00:00,51973.33037326389,0.1659727003425359,29203.244443359374,22769.919957204173,senario_B
2025-03-13 23:00:00,49491.23495442709,0.2705765757958094,30897.712596842455,18593.251781008843,senario_B
2025-03-14 00:00:00,47135.48131510417,0.3956975106729401,35369.83309570312,11765.252521890376,senario_B
2025-03-14 01:00:00,45751.68439670139,0.4147641021178828,39957.950445963535,5793.319186635737,senario_B
2025-03-14 02:00:00,44680.49620659722,0.5045417693257331,40687.63016276042,3992.361502067477,senario_B
2025-03-14 03:00:00,43992.55006076389,0.5942726425992118,40809.98708658854,3181.968701532751,senario_B
2025-03-14 04:00:00,43317.70651041667,0.703440612885687,40680.52100585938,2636.4820639444006,senario_B
2025-03-14 05:00:00,42685.14101128472,0.7901704596479734,40727.94975911458,1956.4010817104936,senario_B
2025-03-14 06:00:00,43351.081971571184,1.0042831218242645,41089.43367675781,2260.6440116915473,senario_B
2025-03-14 07:00:00,45300.50891493056,1.0124915766384863,40898.58959635417,4400.9068269997515,senario_B
2025-03-14 08:00:00,46897.89890190972,18.423367007043627,39987.52839355468,6891.947141347991,senario_B
2025-03-14 09:00:00,47269.67891493056,2379.6471126302085,38240.7942936198,6649.237508680555,senario_B
2025-03-14 10:00:00,48814.06526041667,7658.442316080729,34850.55716145833,6305.065782877609,senario_B
2025-03-14 11:00:00,50070.48377170139,12048.342201605905,31327.65932617188,6694.482243923601,senario_B
2025-03-14 12:00:00,50947.88986545139,15541.54216796875,27736.990263671883,7669.357433810757,senario_B
2025-03-14 13:00:00,51843.85242621528,17204.53361328125,24726.946813151044,9912.371999782983,senario_B
2025-03-14 14:00:00,53567.8638671875,18790.873576388887,22213.65895996094,12563.331330837671,senario_B
2025-03-14 15:00:00,54925.567194010415,18531.67378960504,23347.143184000648,13046.750220404727,senario_B
2025-03-14 16:00:00,56409.24131510417,17996.294225260415,24527.018543294267,13885.92854654949,senario_B
2025-03-14 17:00:00,57398.88177951389,16478.083312717015,27597.186949869792,13323.611516927078,senario_B
2025-03-14 18:00:00,57358.11943576389,12822.855959201388,31286.90021484375,13248.363261718747,senario_B
2025-03-14 19:00:00,56182.02442274305,5871.738396809896,33545.78987304687,16764.496152886284,senario_B
2025-03-14 20:00:00,54325.40662326389,497.5476836227129,34702.260472005204,19125.598467635973,senario_B
2025-03-14 21:00:00,53304.31081705729,0.1713889036130988,36008.14354736328,17295.995880790397,senario_B
2025-03-14 22:00:00,51739.92122829861,0.29322789311409,35273.70683268229,16465.92116772321,senario_B
2025-03-14 23:00:00,49938.38482204861,0.3958714291453361,34011.021848958335,15926.967101661132,senario_B
2025-03-15 00:00:00,47568.86222222223,0.4286759380830658,33187.90970377604,14380.523842508112,senario_B
2025-03-15 01:00:00,45154.19814670139,0.4675590774085786,31603.830296223958,13549.900291400027,senario_B
2025-03-15 02:00:00,43170.89063802084,0.4578705162803332,29241.231572265624,13929.20119523894,senario_B
2025-03-15 03:00:00,40929.14746961805,0.458317572540707,25149.85658854167,15778.832563503842,senario_B
2025-03-15 04:00:00,40023.75103732639,0.4624139349328147,24028.60922200521,15994.679401386245,senario_B
2025-03-15 05:00:00,40153.51006076389,0.4447812475098504,25570.07957356771,14582.985705948668,senario_B
2025-03-15 06:00:00,40533.71123263889,0.4198873286777072,27066.69199869792,13466.599346612289,senario_B
2025-03-15 07:00:00,40789.37702690972,0.4230938163730833,26406.927861328128,14382.02607176522,senario_B
2025-03-15 08:00:00,42075.56369357639,21.352151006691987,26932.424121093747,15121.78742147595,senario_B
2025-03-15 09:00:00,42989.92260416667,3226.2345298428004,26259.10077473958,13504.587299584291,senario_B
2025-03-15 10:00:00,45361.73438151042,12507.901857638888,24593.55917154948,8260.273352322052,senario_B
2025-03-15 11:00:00,48086.02539930555,14370.14568467882,28919.033095703126,4796.846618923606,senario_B
2025-03-15 12:00:00,48304.75222222223,14383.298901909722,29566.701777343755,4354.7515429687555,senario_B
2025-03-15 13:00:00,47187.69961805556,13209.77462782118,29658.42273111979,4319.50225911459,senario_B
2025-03-15 14:00:00,47139.19514756944,12974.042795138888,30036.510367838542,4128.64198459201,senario_B
2025-03-15 15:00:00,47657.60803819444,13615.176654730903,29923.958593749994,4118.472789713545,senario_B
2025-03-15 16:00:00,47916.141692708334,13425.597664930556,29777.438105468755,4713.105922309027,senario_B
2025-03-15 17:00:00,48321.73307291666,13207.101702473958,28804.183300781253,6310.448069661448,senario_B
2025-03-15 18:00:00,48210.3213671875,10667.670405815972,28090.199765625,9452.451195746526,senario_B
2025-03-15 19:00:00,47644.84336371528,7331.338486328125,26889.754381510415,13423.750495876739,senario_B
2025-03-15 20:00:00,46976.50832465278,1127.3683211227258,20210.739645182293,25638.40035834776,senario_B
2025-03-15 21:00:00,46963.04753038195,0.3204990203347471,15121.723875325517,31841.003156036095,senario_B
2025-03-15 22:00:00,45733.73759548611,0.2682770968476931,11656.520026041668,34076.9492923476,senario_B
2025-03-15 23:00:00,44051.68687065972,0.2953247246642907,8940.51378173828,35110.87776419678,senario_B
2025-03-16 00:00:00,42288.96665798611,0.3165165142549409,8118.373118489582,34170.27702298227,senario_B
2025-03-16 01:00:00,41147.77572482639,0.4148737459712558,7802.787775878907,33344.57307520151,senario_B
2025-03-16 02:00:00,40212.21887586806,0.428353099293179,8254.391210123698,31957.399312645066,senario_B
2025-03-16 03:00:00,39915.38263888889,0.443056968583001,9920.813069661459,29994.126512258845,senario_B
2025-03-16 04:00:00,39556.60078559028,0.449061712788211,12143.468935546874,27412.682788330618,senario_B
2025-03-16 05:00:00,39321.843090277776,0.4441762154301008,15336.92227701823,23984.476637044114,senario_B
2025-03-16 06:00:00,39379.16161892361,0.4454970157808727,17368.52503580729,22010.191086100534,senario_B
2025-03-16 07:00:00,40074.96452690973,0.4579071126050419,18249.334086914063,21825.17253288306,senario_B
2025-03-16 08:00:00,41301.42755642361,188.6015305789312,17366.497325846354,23746.32869999832,senario_B
2025-03-16 09:00:00,43369.49713975695,8134.1557221137155,15140.888821614584,20094.452596028656,senario_B
2025-03-16 10:00:00,45907.555043402775,22195.316358506945,10855.3289453125,12856.90973958333,senario_B
2025-03-16 11:00:00,45316.85876736111,22954.07115668403,11309.946796061198,11052.840814615884,senario_B
2025-03-16 12:00:00,44355.10112738716,22249.53136555989,10888.887252807617,11216.682509019654,senario_B
2025-03-16 13:00:00,43851.503854166665,22548.97089626736,9652.934530436198,11649.598427463106,senario_B
2025-03-16 14:00:00,43626.71247829861,21682.8832421875,10273.586896972656,11670.24233913845,senario_B
2025-03-16 15:00:00,44421.52202256944,21510.755963541666,11356.592262369792,11554.173796657986,senario_B
2025-03-16 16:00:00,45023.56735351562,21112.550074869792,12053.678081258138,11857.339197387686,senario_B
2025-03-16 17:00:00,46052.51608940972,21578.5012890625,11155.182670084636,13318.832130262585,senario_B
2025-03-16 18:00:00,47237.34196614583,21228.30758029514,9785.428940429687,16223.605445421006,senario_B
2025-03-16 19:00:00,47481.53137586806,14056.655138346354,7752.184969889324,25672.69126763238,senario_B
2025-03-16 20:00:00,46906.03603732639,1822.7016824997795,5946.226359049479,39137.107995777136,senario_B
2025-03-16 21:00:00,46890.76162326389,0.5995374756223626,7194.041356201172,39696.12072958709,senario_B
2025-03-16 22:00:00,46213.17545572917,0.227011822130945,10999.092666829427,35213.85577707762,senario_B
2025-03-16 23:00:00,44505.18654079861,0.1924348955849806,14608.265672200521,29896.728433702505,senario_B
2025-03-17 00:00:00,42314.23785590278,0.3040924469133218,18602.542587890624,23711.391175565237,senario_B
2025-03-17 01:00:00,40993.14848524306,0.3036225179831187,24056.685260416667,16936.15960230841,senario_B
2025-03-17 02:00:00,40312.158502604165,0.4158281008733643,27902.859694010418,12408.882980492876,senario_B
2025-03-17 03:00:00,40150.88050347223,0.619586242934068,29234.782516276042,10915.478400953252,senario_B
2025-03-17 04:00:00,40553.43625868056,0.6314641192886564,30976.988281249993,9575.816513311278,senario_B
2025-03-17 05:00:00,41200.94023003472,0.7244403142068121,33279.29544270833,7920.920347012179,senario_B
2025-03-17 06:00:00,42557.585379774304,0.7168973881668514,34305.886571451825,8250.981910934315,senario_B
2025-03-17 07:00:00,45324.92555121528,0.8096706926491526,34747.32409505208,10576.791785470552,senario_B
2025-03-17 08:00:00,47330.72962673611,218.222389450868,34616.58761393229,12495.919623352944,senario_B
2025-03-17 09:00:00,48418.159166666665,7049.163396131728,33407.56247395833,7961.433296576608,senario_B
2025-03-17 10:00:00,49627.61516493056,16464.736150173612,29340.975240885422,3821.9037738715306,senario_B
2025-03-17 11:00:00,49124.14344184028,16885.17833875868,29906.259713541665,2332.705389539933,senario_B
2025-03-17 12:00:00,48807.19722764757,15045.847058919271,32571.991745605468,1189.3584231228306,senario_B
2025-03-17 13:00:00,48426.28676215278,14241.970657552083,32981.339407552085,1202.976697048609,senario_B
2025-03-17 14:00:00,48363.08664496528,14298.08537434896,32718.92120768229,1346.0800629340338,senario_B
2025-03-17 15:00:00,49376.127005208335,14999.301411675347,33192.947174479166,1183.8784190538208,senario_B
2025-03-17 16:00:00,50367.51902235243,15613.74587890625,33287.194082845046,1466.579060601136,senario_B
2025-03-17 17:00:00,51737.18170138889,14859.267784288197,34570.5216796875,2307.392237413187,senario_B
2025-03-17 18:00:00,52383.13969184028,12201.4203125,34924.20180338542,5257.517575954866,senario_B
2025-03-17 19:00:00,51988.52917534722,6461.708888617622,35760.82745768229,9765.99282904731,senario_B
2025-03-17 20:00:00,51704.94605902778,779.6281143451916,36256.91248697917,14668.405457703419,senario_B
2025-03-17 21:00:00,51625.238172743055,0.0196186610125005,36916.77067708333,14708.44787699871,senario_B
2025-03-17 22:00:00,50077.061484375,0.0535306991895453,37167.47624348958,12909.531710186231,senario_B
2025-03-17 23:00:00,47499.36651801215,0.1484827018363608,37291.866569010424,10207.351466299893,senario_B
2025-03-18 00:00:00,44706.10529079861,0.1538157773017883,37011.42702148438,7694.5244535369275,senario_B
2025-03-18 01:00:00,42630.275889756944,0.2676583805845843,36950.441689453124,5679.566541923232,senario_B
2025-03-18 02:00:00,41350.00752604166,0.331473350889153,36771.72221028646,4577.953842404313,senario_B
2025-03-18 03:00:00,40725.56238715278,0.3594679437743293,36817.15118164063,3908.0517375683776,senario_B
2025-03-18 04:00:00,40803.11841579861,0.4462439718842506,36688.464117838535,4114.208053988194,senario_B
2025-03-18 05:00:00,40512.11551649305,0.435300672782792,36589.49394856771,3922.1862672525604,senario_B
2025-03-18 06:00:00,41488.41684027778,0.4671436299549208,36793.42198567709,4694.527710970739,senario_B
2025-03-18 07:00:00,44007.53241753472,0.483766116698583,37358.0735546875,6648.975096730523,senario_B
2025-03-18 08:00:00,45367.84667100695,173.35795924153592,37084.861852213544,8109.62685955187,senario_B
2025-03-18 09:00:00,46169.68908854167,5378.412828369141,36034.52617513021,4756.750085042324,senario_B
2025-03-18 10:00:00,48295.37120659722,11427.172335069445,34713.44423502604,2154.7546365017333,senario_B
2025-03-18 11:00:00,48363.44685329861,13539.454047309027,33010.247734375,1813.7450716145759,senario_B
2025-03-18 12:00:00,48973.28768663194,14433.665600043403,33374.916962890624,1164.7051236979169,senario_B
2025-03-18 13:00:00,50100.30125,15404.733599175348,33518.07157877604,1177.4960720486051,senario_B
2025-03-18 14:00:00,50835.56916666667,15431.077430555555,33876.30029947916,1528.1914366319543,senario_B
2025-03-18 15:00:00,52079.26191840278,15705.522764756945,34278.992815755206,2094.746337890625,senario_B
2025-03-18 16:00:00,53491.87190429687,15660.36654188368,35232.827064615885,2598.6782977973053,senario_B
2025-03-18 17:00:00,54908.2062890625,15661.483305121528,35094.92460611979,4151.798377821178,senario_B
2025-03-18 18:00:00,55437.15210503472,14168.078174913197,35295.02401367188,5974.049916449643,senario_B
2025-03-18 19:00:00,54749.18222547743,7397.731953667535,35627.059925944006,11724.39034586589,senario_B
2025-03-18 20:00:00,53975.09597222223,731.0221491257763,36583.05599283854,16661.017830257915,senario_B
2025-03-18 21:00:00,53727.88552083333,0.112637931498078,36590.509983723954,17137.262899177884,senario_B
2025-03-18 22:00:00,52126.67986979167,0.1986363869160413,36176.426907552086,15950.054325852667,senario_B
2025-03-18 23:00:00,49342.26368923611,0.3437959849337736,35370.33244466146,13971.587448589722,senario_B
2025-03-19 00:00:00,46273.07543077257,0.3795562088820669,35453.848044433595,10818.847830130093,senario_B
2025-03-19 01:00:00,43833.26571180556,0.4340011076463593,35414.436158854165,8418.395551843743,senario_B
2025-03-19 02:00:00,42577.23079427084,0.4080547045005692,35599.504742838544,6977.317996727797,senario_B
2025-03-19 03:00:00,42150.69456163194,0.4437213848034541,35518.954807942704,6631.296032304432,senario_B
2025-03-19 04:00:00,42354.683515625,0.4608423156870736,35668.94041992188,6685.282253387435,senario_B
2025-03-19 05:00:00,42458.87751302083,0.4633709629045592,35203.48172526042,7254.932416797506,senario_B
2025-03-19 06:00:00,42396.44790364584,0.4604346626665857,32578.1162076823,9817.87126130088,senario_B
2025-03-19 07:00:00,44332.24085069444,0.5013971332377858,31375.782294921875,12955.957158639329,senario_B
2025-03-19 08:00:00,45406.17078125,81.62373488737477,29958.69059570312,15365.856450659507,senario_B
2025-03-19 09:00:00,46500.0084375,4402.911186862521,29222.671103515626,12874.426147121856,senario_B
2025-03-19 10:00:00,47851.044396701385,11479.28677734375,28097.649684244796,8274.107935112843,senario_B
2025-03-19 11:00:00,48858.64546006944,13637.79941297743,29649.019654947915,5571.826392144096,senario_B
2025-03-19 12:00:00,49716.65208767361,14892.186597222222,32363.713291015625,2460.752199435763,senario_B
2025-03-19 13:00:00,50531.75856336806,15546.587255859376,33829.02277669271,1156.1485308159681,senario_B
2025-03-19 14:00:00,50517.49638454861,15582.867578125,33407.150914713544,1527.4778917100703,senario_B
2025-03-19 15:00:00,50217.88393663194,15225.912019314235,32920.653831380216,2071.3180859374843,senario_B
2025-03-19 16:00:00,50145.27885850694,14526.09911783854,33043.09728515625,2576.082455512158,senario_B
2025-03-19 17:00:00,50749.54546006944,13818.428412543402,33582.476214192706,3348.6408333333384,senario_B
2025-03-19 18:00:00,51462.98625868056,12269.117611762153,33368.127766927086,5825.740879991325,senario_B
2025-03-19 19:00:00,50164.82580295139,7167.1519596354165,33120.238291015616,9877.435552300354,senario_B
2025-03-19 20:00:00,49755.396875,1027.6078553899129,32241.620107421884,16486.1689121882,senario_B
2025-03-19 21:00:00,49803.45818142361,0.6770420279105505,30817.992994791664,18984.78814460403,senario_B
2025-03-19 22:00:00,47998.36079861111,0.2200755424300829,27910.28325195313,20087.857471115552,senario_B
2025-03-19 23:00:00,46036.79327256944,0.2323908160130182,25520.030576171877,20516.530305581553,senario_B
2025-03-20 00:00:00,43963.00965277778,0.2459757587644788,24264.617833658853,19698.145843360162,senario_B
2025-03-20 01:00:00,42535.0169140625,0.2865960127446386,22156.81754720052,20377.912770849234,senario_B
2025-03-20 02:00:00,41284.85318142361,0.340106312069628,19262.94398763021,22021.569087481334,senario_B
2025-03-20 03:00:00,40236.0464453125,0.342895356979635,17400.96665201823,22834.73689793729,senario_B
2025-03-20 04:00:00,39790.425737847225,0.3462469132079018,15039.271383463541,24750.808107470475,senario_B
2025-03-20 05:00:00,40487.32111545139,0.3464167642262247,13177.631910807293,27309.342787879876,senario_B
2025-03-20 06:00:00,42302.075902777775,0.3445262049304114,12571.875424804686,29729.85595176816,senario_B
2025-03-20 07:00:00,45653.7375,0.3557262994183434,11977.738877766926,33675.642895933655,senario_B
2025-03-20 08:00:00,47695.34544704861,330.38028972844285,10978.07371500651,36386.89144231366,senario_B
2025-03-20 09:00:00,48343.99206597222,9701.69472357856,8396.493408203125,30245.80393419054,senario_B
2025-03-20 10:00:00,48854.711141493055,23392.438213975693,6354.684227701822,19107.58869981554,senario_B
2025-03-20 11:00:00,48269.63834635416,25793.26644748264,8006.481759440105,14469.89013943141,senario_B
2025-03-20 12:00:00,47158.880208333336,26152.67197265625,7907.421761067708,13098.786474609376,senario_B
2025-03-20 13:00:00,46519.53954427083,26156.72164279514,7423.630876464844,12939.18702501085,senario_B
2025-03-20 14:00:00,46572.54690972222,25927.722940538195,7539.444820149739,13105.379149034288,senario_B
2025-03-20 15:00:00,46363.59289930556,25685.81942925347,7913.542339680989,12764.231130371096,senario_B
2025-03-20 16:00:00,45896.3732421875,24867.649837239584,8308.875903320311,12719.847501627608,senario_B
2025-03-20 17:00:00,46083.43762152778,24755.392664930558,8467.197164713541,12860.847791883682,senario_B
2025-03-20 18:00:00,46300.172534722224,22685.63074869792,8693.167962239582,14921.373823784721,senario_B
2025-03-20 19:00:00,46417.356119791664,15171.836556532118,10365.920711263021,20879.598851996525,senario_B
2025-03-20 20:00:00,46702.75532118056,2199.613023613824,13701.0578507487,30802.08444681803,senario_B
2025-03-20 21:00:00,47146.49252170139,0.6343541474019487,19693.260769856774,27452.59739769721,senario_B
2025-03-20 22:00:00,46761.83756076389,0.277949445578787,27309.38756673177,19452.172044586543,senario_B
2025-03-20 23:00:00,45201.71384548611,0.3245076230996185,32674.698483072912,12526.690854790104,senario_B
2025-03-21 00:00:00,43595.97149739583,0.3172371267610126,33756.55772786459,9839.096532404488,senario_B
2025-03-21 01:00:00,43000.870047743054,0.384493881298436,34555.97965169271,8444.505902169047,senario_B
2025-03-21 02:00:00,42489.23013888889,0.4148223096794552,34635.5134765625,7853.301840016713,senario_B
2025-03-21 03:00:00,41835.60153211805,0.3502973314788606,34281.08525716146,7554.165977625118,senario_B
2025-03-21 04:00:00,41402.73375434028,0.3505383909079763,33865.689785156246,7536.69343079313,senario_B
2025-03-21 05:00:00,42133.43164930555,0.3742010497715738,33882.9915983073,8250.065849948478,senario_B
2025-03-21 06:00:00,44137.2080078125,0.3125893549621105,33733.86296549479,10403.032452962754,senario_B
2025-03-21 07:00:00,47124.738854166666,0.3525526626242531,34201.26217447917,12923.124127024872,senario_B
2025-03-21 08:00:00,49005.36130642361,349.05904042916166,34321.55801432292,14334.744251671524,senario_B
2025-03-21 09:00:00,49792.68427517361,7645.447298990885,33182.35861328125,8964.87836290148,senario_B
2025-03-21 10:00:00,50321.00420138889,15883.072815755208,30105.60457356771,4332.32681206597,senario_B
2025-03-21 11:00:00,49934.49470920139,14869.277102864584,32596.007080078125,2469.2105262586847,senario_B
2025-03-21 12:00:00,48337.1740625,14050.871832682293,31771.494765624993,2514.807464192716,senario_B
2025-03-21 13:00:00,47162.77986979167,15678.979310980903,27487.1689420573,3996.6316167534715,senario_B
2025-03-21 14:00:00,46386.00028645834,18733.14958333333,21620.303631184895,6032.547071940113,senario_B
2025-03-21 15:00:00,46336.95798177084,21256.67986762153,18047.45058756511,7032.827526584206,senario_B
2025-03-21 16:00:00,46871.394921875,23405.889019097223,15224.541396484374,8240.964506293401,senario_B
2025-03-21 17:00:00,47429.43775607639,23273.44102430556,13872.077163085936,10283.919568684893,senario_B
2025-03-21 18:00:00,48023.71085069444,22257.23609375,12536.948043619792,13229.526713324649,senario_B
2025-03-21 19:00:00,47967.74034722222,14053.513753797744,12374.50817626953,21539.71841715495,senario_B
2025-03-21 20:00:00,47347.10200520833,2180.58032796224,13297.143302408855,31869.378374837237,senario_B
2025-03-21 21:00:00,47509.07623697917,145.3286084153917,18347.561279296875,29016.1863492669,senario_B
2025-03-21 22:00:00,46638.007078993054,144.75598487006295,23338.956998697915,23154.294095425077,senario_B
2025-03-21 23:00:00,45363.02948784722,51.07288952795996,27674.835244140624,17637.121354178635,senario_B
2025-03-22 00:00:00,43730.64481770834,0.1971986660609642,30699.43581054688,13031.011808495401,senario_B
2025-03-22 01:00:00,42340.238671875,0.2510313797990481,31274.079583333332,11065.908057161869,senario_B
2025-03-22 02:00:00,41189.41329861112,0.3349284837808874,30635.6917545573,10553.386615570038,senario_B
2025-03-22 03:00:00,39801.77135850694,0.3542093858453962,28707.517988281255,11093.89916083984,senario_B
2025-03-22 04:00:00,39411.18324652778,0.3625048396653599,27448.645384114578,11962.175357573535,senario_B
2025-03-22 05:00:00,39194.548359375,0.5734623186455833,25367.293292643226,13826.681604413134,senario_B
2025-03-22 06:00:00,39702.770546875,0.431215027835634,23277.729375,16424.609956847165,senario_B
2025-03-22 07:00:00,40783.35690104167,0.4335302543640136,22496.656031901042,18286.267338886264,senario_B
2025-03-22 08:00:00,42003.55145399306,293.3323968249891,23819.758033854167,17890.461023313903,senario_B
2025-03-22 09:00:00,43570.60416232639,7997.75773546007,24649.22906901042,10923.617357855896,senario_B
2025-03-22 10:00:00,46449.27832899305,18720.480480685765,20570.9372281901,7157.860620117186,senario_B
2025-03-22 11:00:00,46857.30509548611,18065.39243923611,22718.746681315104,6073.165974934895,senario_B
2025-03-22 12:00:00,46991.79700954861,18621.33366970486,21963.68428222656,6406.7790576171865,senario_B
2025-03-22 13:00:00,47625.776154513886,18367.70525824653,23156.900874023435,6101.170022243921,senario_B
2025-03-22 14:00:00,48602.92837673611,17111.01781358507,26314.061214192705,5177.849348958338,senario_B
2025-03-22 15:00:00,49523.179348958336,16580.09500108507,28323.259573567706,4619.824774305565,senario_B
2025-03-22 16:00:00,50768.29979600695,16803.552087673612,29482.963639322916,4481.78406901042,senario_B
2025-03-22 17:00:00,51642.94668836806,16619.281802300346,30228.93528320312,4794.729602864587,senario_B
2025-03-22 18:00:00,52362.800390625,14678.834105902775,31563.212529296878,6120.75375542535,senario_B
2025-03-22 19:00:00,51957.74723090278,8467.06868326823,32907.81107421875,10582.867473415805,senario_B
2025-03-22 20:00:00,51036.62850694444,1414.9132194773356,34430.85989583333,15190.855391633777,senario_B
2025-03-22 21:00:00,50829.93338541667,0.7131034119887691,35866.10966145834,14963.110620546344,senario_B
2025-03-22 22:00:00,49738.39526475695,0.1736913412726587,36150.40488932292,13587.816684092759,senario_B
2025-03-22 23:00:00,47967.245985243055,0.2236956727835867,36014.08190104166,11952.940388528608,senario_B
2025-03-23 00:00:00,45909.94919704861,0.28093909987145,35653.04333658854,10256.624921360199,senario_B
2025-03-23 01:00:00,43974.961588541664,0.3124152877595689,35325.10633463542,8649.542838618487,senario_B
2025-03-23 02:00:00,42614.9343359375,0.3103215319911639,34961.464820963534,7653.15919344197,senario_B
2025-03-23 03:00:00,41715.03062934028,0.3248887817396058,34582.53728515626,7132.168455402287,senario_B
2025-03-23 04:00:00,41145.596228298615,0.3799824703070852,34132.0060546875,7013.210191140803,senario_B
2025-03-23 05:00:00,40166.14825086806,0.3801525453064177,33429.870576171874,6735.897522150874,senario_B
2025-03-23 06:00:00,39985.09326388889,0.3777545806434419,31948.23637695313,8036.479132355118,senario_B
2025-03-23 07:00:00,40410.91187934028,0.3883428731560707,30127.827418619792,10282.696117847332,senario_B
2025-03-23 08:00:00,41224.44875868056,84.22467948185073,29155.945989583335,11984.278089615378,senario_B
2025-03-23 09:00:00,42733.53215711805,2912.987620442708,26895.979462890627,12924.565073784714,senario_B
2025-03-23 10:00:00,45840.391710069445,8862.878645833332,25451.1505859375,11526.362478298612,senario_B
2025-03-23 11:00:00,48081.52313368056,12155.458676215278,27643.163033854165,8282.901423611118,senario_B
2025-03-23 12:00:00,49920.39133680556,13421.77138997396,28644.515120442706,7854.1048263888915,senario_B
2025-03-23 13:00:00,51635.52851128472,13852.597579210067,28692.41110026042,9090.519831814236,senario_B
2025-03-23 14:00:00,52413.03620225695,14422.802934027775,27912.853636067706,10077.379632161468,senario_B
2025-03-23 15:00:00,53284.95860243055,15648.279949001737,26208.43533203125,11428.243321397567,senario_B
2025-03-23 16:00:00,54562.61943576389,16417.44648220486,24696.35493815104,13448.81801540799,senario_B
2025-03-23 17:00:00,55703.22738715278,16288.817578125,23032.930724283855,16381.479084743929,senario_B
2025-03-23 18:00:00,55995.575208333335,14047.52439344618,22410.76968424479,19537.28113064237,senario_B
2025-03-23 19:00:00,55204.26161458333,8190.888421766493,22433.28749186198,24580.085700954864,senario_B
2025-03-23 20:00:00,54253.8446484375,1410.902632191976,22460.899458007814,30382.042558237714,senario_B
2025-03-23 21:00:00,53983.32045572917,0.7294196403440502,22633.805724283855,31348.785311804968,senario_B
2025-03-23 22:00:00,52142.30381510417,0.2051818959414958,22038.400515950518,30103.698117257707,senario_B
2025-03-23 23:00:00,49216.35773003472,0.4119387263059616,20331.89725423177,28884.04853707664,senario_B
2025-03-24 00:00:00,46288.43065538195,0.4253098082542419,18827.56854329427,27460.436802279422,senario_B
2025-03-24 01:00:00,44187.10734375,0.4256839865446091,17341.80125325521,26844.88040650825,senario_B
2025-03-24 02:00:00,42931.4640234375,0.4296185192134645,16287.255997721353,26643.77840719693,senario_B
2025-03-24 03:00:00,41755.9112109375,0.4271345890561739,15828.510561523437,25926.973514825004,senario_B
2025-03-24 04:00:00,39944.234305555554,0.4315398590101136,14409.810515950521,25533.99224974602,senario_B
2025-03-24 05:00:00,40051.423016493056,0.4495331377122137,13253.634029947916,26797.33945340743,senario_B
2025-03-24 06:00:00,41124.636171875,0.3893642733163304,11658.214261067707,29466.032546533974,senario_B
2025-03-24 07:00:00,43817.93872395833,0.397462689379851,9747.918014322917,34069.62324694603,senario_B
2025-03-24 08:00:00,45521.27071180556,370.3516711074114,9133.115007324219,36017.80403337393,senario_B
2025-03-24 09:00:00,46608.42697916667,9295.519724121094,9176.177403971355,28136.72985107422,senario_B
2025-03-24 10:00:00,49248.95715277778,21409.39441189236,7440.626311035156,20398.936429850262,senario_B
2025-03-24 11:00:00,49516.70941840278,22742.265470920134,7871.668664550782,18902.775282931863,senario_B
2025-03-24 12:00:00,48934.553828125,22103.468430989586,8657.48989827474,18173.59549886067,senario_B
2025-03-24 13:00:00,49811.07979166666,23314.64034939236,8105.90992594401,18390.529516330294,senario_B
2025-03-24 14:00:00,51220.01315972222,24012.526631944445,7509.364713541669,19698.121814236107,senario_B
2025-03-24 15:00:00,53285.16397569444,24288.81509765625,7833.38841389974,21162.96046413845,senario_B
2025-03-24 16:00:00,55232.76992947049,24600.99203016493,8378.069916381835,22253.707982923723,senario_B
2025-03-24 17:00:00,57213.539536675344,24257.6846484375,8785.503043416342,24170.351844821504,senario_B
2025-03-24 18:00:00,58262.17967773438,22162.27924641927,8879.134956054688,27220.76547526042,senario_B
2025-03-24 19:00:00,57444.64134548611,13622.599175347224,8272.836857910157,35549.205312228725,senario_B
2025-03-24 20:00:00,54449.16994791666,2008.5270721732245,7253.418407389323,45187.22446835411,senario_B
2025-03-24 21:00:00,53078.276380208335,1.21847077805135,8816.056037597657,44261.001871832625,senario_B
2025-03-24 22:00:00,52315.87197482639,0.1565161971002817,12695.123524576822,39620.59193405247,senario_B
2025-03-24 23:00:00,49586.9436328125,0.2329729540314939,15835.887154947915,33750.82350491056,senario_B
2025-03-25 00:00:00,46388.27490017361,0.2669428732660082,19219.774108072914,27168.233849227432,senario_B
2025-03-25 01:00:00,43625.84700954861,0.345527085993025,23350.944638671874,20274.556843790746,senario_B
2025-03-25 02:00:00,42188.89680121528,0.3597913513249821,24592.109033203127,17596.427976660834,senario_B
2025-03-25 03:00:00,40994.88756076389,0.3950552461544672,25049.33223958333,15945.160265934406,senario_B
2025-03-25 04:00:00,39940.970625,0.3824983926945262,23831.153819986983,16109.434306620322,senario_B
2025-03-25 05:00:00,39932.31271701389,0.3874839339322514,22345.450618489584,17586.474614590374,senario_B
2025-03-25 06:00:00,41262.24799913194,0.3956653378076024,20812.189615885414,20449.662717908723,senario_B
2025-03-25 07:00:00,44035.967560763886,0.4003833085960812,19775.604298502603,24259.962878952687,senario_B
2025-03-25 08:00:00,45457.10026909722,353.0216931528515,19075.699999999997,26028.37857594437,senario_B
2025-03-25 09:00:00,46183.64190104167,8317.230549180773,16770.16833821615,21096.24301364475,senario_B
2025-03-25 10:00:00,49794.08656684028,20753.33651909722,12601.66004394531,16439.090003797744,senario_B
2025-03-25 11:00:00,51900.25791666667,24017.358472222222,13195.910895182293,14686.988549262154,senario_B
2025-03-25 12:00:00,52152.7124609375,23469.39439236111,14107.55602376302,14575.762044813371,senario_B
2025-03-25 13:00:00,53338.60232204861,24102.92076605903,12297.248146972657,16938.43340901692,senario_B
2025-03-25 14:00:00,55895.37533420139,24570.900030381945,11279.085860188803,20045.38944363064,senario_B
2025-03-25 15:00:00,58385.60853298611,24509.597013888888,10805.885358072917,23070.126161024302,senario_B
2025-03-25 16:00:00,60307.95506944445,23621.541473524307,10991.205253092448,25695.20834282769,senario_B
2025-03-25 17:00:00,62364.71896701389,22343.901573350693,11223.807666015624,28797.00972764757,senario_B
2025-03-25 18:00:00,63098.137699652776,18913.543253038195,12299.902764485676,31884.691682128905,senario_B
2025-03-25 19:00:00,60618.41087239584,8776.098449164496,14835.13753092448,37007.174892306866,senario_B
2025-03-25 20:00:00,58336.637339409725,1134.4377633274926,18094.940727539062,39107.25884854317,senario_B
2025-03-25 21:00:00,57834.77595486112,0.4833095641615283,23970.47872233073,33863.813922966234,senario_B
2025-03-25 22:00:00,56439.477543402776,0.1457849419116973,30184.164020182296,26255.16773827857,senario_B
2025-03-25 23:00:00,53608.2912890625,0.3074157147275076,33758.82223958334,19849.16163376443,senario_B
2025-03-26 00:00:00,49832.1330967882,0.363388868437873,34383.90126057943,15447.868447340341,senario_B
2025-03-26 01:00:00,46715.3517078993,0.4162892525725895,34286.86350585938,12428.071912787353,senario_B
2025-03-26 02:00:00,44647.94062934028,0.4237464853790071,33115.49578125,11532.0211016049,senario_B
2025-03-26 03:00:00,43519.42108506944,0.4067673296398587,31187.063945312504,12331.950372427302,senario_B
2025-03-26 04:00:00,42848.17639756944,0.4052407734261619,29073.50420247396,13774.266954322055,senario_B
2025-03-26 05:00:00,42289.18664496528,0.4201727892624007,26767.82859700521,15520.937875170806,senario_B
2025-03-26 06:00:00,43363.84689236112,0.4405600477589501,24900.257143554685,18463.149188758674,senario_B
2025-03-26 07:00:00,45927.38409288194,0.4327283137043317,23504.586388346353,22422.364976221885,senario_B
2025-03-26 08:00:00,47306.7215125868,168.0176378646824,21860.113570963542,25278.59030375858,senario_B
2025-03-26 09:00:00,47648.051746961806,3426.692527737088,20099.330489908854,24122.02872931586,senario_B
2025-03-26 10:00:00,49400.00472439236,8764.510015190972,17964.77990559896,22670.71480360243,senario_B
2025-03-26 11:00:00,51668.73912977431,11557.30939561632,20049.34260416667,20062.087129991316,senario_B
2025-03-26 12:00:00,53535.33410590278,14389.76166232639,20865.060032552083,18280.51241102431,senario_B
2025-03-26 13:00:00,53469.26962890625,16051.280184461806,20876.614436848955,16541.37500759549,senario_B
2025-03-26 14:00:00,54222.60312934028,15601.549405381944,22329.43996419271,16291.613759765627,senario_B
2025-03-26 15:00:00,54913.26602430556,14666.45443576389,23182.66067545573,17064.15091308594,senario_B
2025-03-26 16:00:00,54993.73650607639,13779.98297092014,22923.13971354167,18290.613821614585,senario_B
2025-03-26 17:00:00,55189.99497829861,12922.396610243057,23231.96228190104,19035.63608615451,senario_B
2025-03-26 18:00:00,55070.14187934028,9972.627748480903,25286.215406901043,19811.29872395833,senario_B
2025-03-26 19:00:00,54126.29879774305,5793.805666232639,28837.247620442708,19495.245511067704,senario_B
2025-03-26 20:00:00,53321.98816189236,979.1071694056192,32807.4198046875,19535.461187799236,senario_B
2025-03-26 21:00:00,53514.367751736114,0.4670251490341292,35440.000022786466,18073.900703800617,senario_B
2025-03-26 22:00:00,52272.69165364583,0.3442174680034319,38047.236341145835,14225.111095031993,senario_B
2025-03-26 23:00:00,49463.38345486111,0.4396790425976117,36954.62830403646,12508.315471782058,senario_B
2025-03-27 00:00:00,46649.769118923614,0.4170703721377585,36029.871243489586,10619.480805061889,senario_B
2025-03-27 01:00:00,44481.18545789931,0.410740440984567,34755.51078776042,9725.263929697903,senario_B
2025-03-27 02:00:00,42922.72926215278,0.4426755283938514,30914.817955729166,12007.468630895222,senario_B
2025-03-27 03:00:00,41181.23740017361,0.4515742098953988,28000.893496093748,13179.892329869966,senario_B
2025-03-27 04:00:00,40294.10618272569,0.4652781824602021,25324.19044596354,14969.45045857969,senario_B
2025-03-27 05:00:00,40481.57977430556,0.4622021996974945,23578.63493001302,16902.48264209284,senario_B
2025-03-27 06:00:00,41643.56195746528,0.465340904129876,22333.749643554693,19309.34697300646,senario_B
2025-03-27 07:00:00,44246.09767144097,0.4615626767939991,21123.006463216145,23122.629645548033,senario_B
2025-03-27 08:00:00,45880.21499565972,169.45106425997284,19215.179978841144,26495.583952558605,senario_B
2025-03-27 09:00:00,46170.50755208333,4104.6808074273,16967.857001953125,25097.969742702902,senario_B
2025-03-27 10:00:00,48110.57714409722,9974.966325954862,14058.787439778644,24076.82337836371,senario_B
2025-03-27 11:00:00,48960.951265190975,11595.708451605902,17738.18419921875,19627.05861436632,senario_B
2025-03-27 12:00:00,49530.08808159722,13443.072688802084,19577.7265625,16509.288830295132,senario_B
2025-03-27 13:00:00,50176.3487999132,14515.008366970484,18844.86607421875,16816.474358723965,senario_B
2025-03-27 14:00:00,51076.11554470486,14633.303544921877,18594.899868164062,17847.912131618916,senario_B
2025-03-27 15:00:00,51253.26398220486,13438.952859157986,18225.894503580726,19588.416619466145,senario_B
2025-03-27 16:00:00,51414.81276150174,12622.878402235245,19456.439401041665,19335.49495822483,senario_B
2025-03-27 17:00:00,50783.42347222223,10776.457350260416,21890.563653971356,18116.402467990458,senario_B
2025-03-27 18:00:00,50637.4562109375,7745.912817925348,23497.485831705726,19394.057561306425,senario_B
2025-03-27 19:00:00,49714.048168402776,3982.8427600097657,25249.943426106773,20481.26198228624,senario_B
2025-03-27 20:00:00,49481.92269097222,626.8071919054455,25619.43315429688,23235.68234476989,senario_B
2025-03-27 21:00:00,49452.77584635417,0.270844975511233,26360.28725260417,23092.217748774492,senario_B
2025-03-27 22:00:00,49113.67402777778,0.3086175850364896,25622.472778320312,23490.892631872433,senario_B
2025-03-27 23:00:00,46552.12135850694,0.4697503710124228,22318.153090820313,24233.498517315616,senario_B
2025-03-28 00:00:00,44219.92599826389,0.4957719287938542,20088.94410481771,24130.486121517388,senario_B
2025-03-28 01:00:00,42837.01795138889,0.4570094754960802,18485.770553385413,24350.790388527977,senario_B
2025-03-28 02:00:00,41488.5625,0.4500767913791868,14967.251712239584,26520.86071096904,senario_B
2025-03-28 03:00:00,40719.53836805555,0.4521420213911268,14095.208748372397,26623.877477661765,senario_B
2025-03-28 04:00:00,40526.267934027775,0.4600322498546706,14867.604752604168,25658.203149173758,senario_B
2025-03-28 05:00:00,40444.74748480903,0.4661154863900608,14988.494370117185,25455.786999205448,senario_B
2025-03-28 06:00:00,41375.56954427083,0.4808340495493677,15173.79635579427,26201.29235442701,senario_B
2025-03-28 07:00:00,43646.77133029514,0.4975830541054408,13949.704290364585,29696.569456876445,senario_B
2025-03-28 08:00:00,45084.05420572917,40.163305822014806,12203.075402832032,32840.81549707512,senario_B
2025-03-28 09:00:00,46070.12555121528,1992.8806187947591,11205.32490641276,32871.92002600776,senario_B
2025-03-28 10:00:00,47051.24884548611,6645.587151150174,11400.74005859375,29004.921635742183,senario_B
2025-03-28 11:00:00,47967.92675564236,10799.99033528646,10568.29696126302,26599.639459092876,senario_B
2025-03-28 12:00:00,48966.14389756945,14621.979280598958,8198.040870768229,26146.123746202262,senario_B
2025-03-28 13:00:00,49377.29688151042,15696.968217773438,6174.971790974935,27505.356872762048,senario_B
2025-03-28 14:00:00,49800.507105034725,15423.092916666666,5171.004076741537,29206.41011162652,senario_B
2025-03-28 15:00:00,50590.975108506944,14764.051181640623,5958.642649739582,29868.28127712674,senario_B
2025-03-28 16:00:00,51514.61182291667,14231.516627604167,7606.784795735677,29676.310399576825,senario_B
2025-03-28 17:00:00,52169.29322048611,14801.524174262153,8974.804312337239,28392.96473388672,senario_B
2025-03-28 18:00:00,51461.39805989584,13471.165845269095,10703.725561523439,27286.5066531033,senario_B
2025-03-28 19:00:00,50758.316380208336,10161.614094509549,13998.790725911462,26597.911559787328,senario_B
2025-03-28 20:00:00,49927.07625,1999.6096939584943,18016.35447265625,29911.11208338525,senario_B
2025-03-28 21:00:00,49967.59696614584,0.7160759171760744,25226.281534830727,24740.599355397935,senario_B
2025-03-28 22:00:00,49501.30908420139,0.184265751623445,31341.649791666674,18159.475026783093,senario_B
2025-03-28 23:00:00,48098.14916232639,0.2774112323588795,33476.17650716145,14621.695243932576,senario_B
2025-03-29 00:00:00,46182.12221354167,0.3173003883494271,34153.441376953124,12028.363536200195,senario_B
2025-03-29 01:00:00,44021.21848524306,0.3430399075481626,34213.9001985677,9806.975246767804,senario_B
2025-03-29 02:00:00,42398.06101996528,0.3706445688671536,34061.00932942708,8336.681045969337,senario_B
2025-03-29 03:00:00,41734.26924479166,0.3706018592582809,33837.651923828125,7896.2467191042815,senario_B
2025-03-29 04:00:00,41208.6604296875,0.4550241367353333,33123.890292968754,8084.315112582015,senario_B
2025-03-29 05:00:00,40973.95118489584,0.4219523021578789,32480.681416015617,8492.847816578065,senario_B
2025-03-29 06:00:00,40814.08246527778,0.4085331263807085,31269.900260416667,9543.773671734736,senario_B
2025-03-29 07:00:00,41519.170078125,0.4234825008445316,30493.888938802083,11024.857656822067,senario_B
2025-03-29 08:00:00,42741.923272569446,120.02259691572851,29402.913196614587,13218.987479039133,senario_B
2025-03-29 09:00:00,44159.26266059028,4130.216252170139,25141.098310546877,14887.94809787326,senario_B
2025-03-29 10:00:00,46671.02004340278,10712.611467013889,20496.293118489586,15462.115457899301,senario_B
2025-03-29 11:00:00,48472.87893663195,14854.485784505208,18718.903730468748,14899.489421657989,senario_B
2025-03-29 12:00:00,49481.21960503472,17535.573625217014,15568.33111002604,16377.314869791666,senario_B
2025-03-29 13:00:00,50910.74338541667,21316.43504123264,13361.18012532552,16233.128218858508,senario_B
2025-03-29 14:00:00,53156.10857204861,22396.1512109375,13370.551126302085,17389.406234809023,senario_B
2025-03-29 15:00:00,56103.43476996528,22903.729813368056,16702.248769531252,16497.456187065975,senario_B
2025-03-29 16:00:00,58582.843209635415,22377.988274739582,20565.52407714844,15639.330857747394,senario_B
2025-03-29 17:00:00,60076.069956597225,21244.763990885414,25000.420224609374,13830.88574110244,senario_B
2025-03-29 18:00:00,60213.6752734375,17236.767094184026,28889.823964843752,14087.084214409719,senario_B
2025-03-29 19:00:00,58941.0494140625,8615.23574544271,30359.453398437498,19966.360270182293,senario_B
2025-03-29 20:00:00,57141.33250434028,1456.8104182773166,32087.803746744794,23596.71833931817,senario_B
2025-03-29 21:00:00,55748.89493489584,1.9974750470949545,30787.240319010416,24959.65714083833,senario_B
2025-03-29 22:00:00,53157.07964409722,0.2336282731509871,27584.972958984374,25571.873056839697,senario_B
2025-03-29 23:00:00,50475.21697482639,0.3658960634138849,23731.937903645834,26742.913175117144,senario_B
2025-03-30 00:00:00,48242.55259548611,0.3740153324935171,21233.511782226564,27008.666797927053,senario_B
2025-03-30 01:00:00,45697.26244357639,0.3922095537516806,19059.460528971355,26637.409705051283,senario_B
2025-03-30 02:00:00,44089.96390625,0.3878432516919242,19514.949514973956,24574.62654802435,senario_B
2025-03-30 03:00:00,42792.384505208334,0.3870744350883696,21919.850755208332,20872.146675564916,senario_B
2025-03-30 04:00:00,42804.09398871528,0.3910731386807229,23542.76361328125,19260.939302295348,senario_B
2025-03-30 05:00:00,42489.32558159722,0.3743090633882416,24425.43133300781,18063.519939526024,senario_B
2025-03-30 06:00:00,42041.622601996525,0.3680028152796957,24646.09255533854,17395.162043842705,senario_B
2025-03-30 07:00:00,42149.19728298611,0.3702765574057897,24943.94565755208,17204.881348876625,senario_B
2025-03-30 08:00:00,42951.1434375,126.01905839032597,25086.979853515626,17738.144525594053,senario_B
2025-03-30 09:00:00,45321.35980034722,4195.775759006076,24549.56699055989,16576.01705078125,senario_B
2025-03-30 10:00:00,48840.86659722222,11184.60097439236,22647.121318359375,15009.144304470483,senario_B
2025-03-30 11:00:00,50877.497643229166,14218.673078342012,22984.685310872395,13674.139254014757,senario_B
2025-03-30 12:00:00,51545.20858506944,17462.460205078125,19298.284189453123,14784.464190538194,senario_B
2025-03-30 13:00:00,52451.54017361111,19325.671963975696,15308.66241536458,17817.205794270834,senario_B
2025-03-30 14:00:00,53905.98618706597,19967.93866970486,11793.354435221354,22144.69308213976,senario_B
2025-03-30 15:00:00,56023.19651909722,20116.110340711806,9282.307425130208,26624.778753255203,senario_B
2025-03-30 16:00:00,57313.92891927083,20253.90301432292,7637.838743489583,29422.18716145832,senario_B
2025-03-30 17:00:00,57406.53601128472,19620.342178819443,6832.567432454427,30953.626400010846,senario_B
2025-03-30 18:00:00,57716.00763237848,16776.28328667535,6383.950068766277,34555.77427693685,senario_B
2025-03-30 19:00:00,56504.67350694445,10638.835895182292,7344.56240234375,38521.2752094184,senario_B
2025-03-30 20:00:00,54097.2717578125,2006.0875321706137,9909.831310221354,42181.35291542053,senario_B
2025-03-30 21:00:00,53678.3976171875,2.23598469190403,13889.371706542966,39786.789925952624,senario_B
2025-03-30 22:00:00,53096.08567057292,0.2386164695355627,18350.128364257813,34745.71868984557,senario_B
2025-03-30 23:00:00,50641.096844618056,0.3637084127465884,20595.09750325521,30045.6356329501,senario_B
2025-03-31 00:00:00,47934.808046875,0.3324584498670366,19588.172652994792,28346.302935430336,senario_B
2025-03-31 01:00:00,45228.47828993056,0.3476447628272904,17647.40006673177,27580.73057843596,senario_B
2025-03-31 02:00:00,43592.6320703125,0.3576582686768638,14563.522400716145,29028.752011327677,senario_B
2025-03-31 03:00:00,42033.52248697917,0.3643951688872443,10634.562303059894,31398.59578875039,senario_B
2025-03-31 04:00:00,41416.4748828125,0.4290900120470259,7682.3037654622385,33733.742027338216,senario_B
2025-03-31 05:00:00,42152.83469618056,0.4064325671725803,8626.327552083334,33526.10071153005,senario_B
2025-03-31 06:00:00,43906.75612847223,0.3713364286886321,11222.14651204427,32684.238279999274,senario_B
2025-03-31 07:00:00,45787.837495659725,0.3718959190448125,11796.496710611978,33990.9688891287,senario_B
2025-03-31 08:00:00,47171.52592447917,433.5027585730288,12360.918204752603,34377.104961153535,senario_B
2025-03-31 09:00:00,48360.48315104167,6968.622933349609,10657.251995442708,30734.608222249353,senario_B
2025-03-31 10:00:00,51094.010088975694,17182.35372721354,7760.112907714844,26151.543454047314,senario_B
2025-03-31 11:00:00,52830.4238671875,21272.569574652774,6889.940811360677,24667.913481174048,senario_B
2025-03-31 12:00:00,52426.75083767361,22515.045132378476,5573.370133463542,24338.33557183159,senario_B
2025-03-31 13:00:00,52403.223229166666,24298.460928819444,5193.6681669108075,22911.094133436414,senario_B
2025-03-31 14:00:00,53486.67680989584,24890.442374131944,4419.900144042969,24176.33429172093,senario_B
2025-03-31 15:00:00,55115.00547743055,24873.419943576388,4213.174659830729,26028.410874023437,senario_B
2025-03-31 16:00:00,56376.671046006944,24939.653817274306,4137.276131184896,27299.741097547743,senario_B
2025-03-31 17:00:00,57498.55028645833,24245.464027777776,4771.067952473958,28482.018306206603,senario_B
2025-03-31 18:00:00,57818.47629774306,21619.10333767361,6343.078618977865,29856.294341091583,senario_B
2025-03-31 19:00:00,56676.597380642364,13096.144900716146,8153.79703125,35426.65544867622,senario_B
2025-03-31 20:00:00,54551.35528211806,2277.245585089789,10666.021416015625,41608.08828101264,senario_B
2025-03-31 21:00:00,53410.491534288194,3.092560524607284,15093.634757486976,38313.76421627661,senario_B
2025-03-31 22:00:00,52780.956675347225,0.0985874510949684,20505.451922200526,32275.406165695604,senario_B
2025-03-31 23:00:00,50116.9649609375,0.3467503990315729,25257.82481933594,24858.793391202526,senario_B
2025-04-01 00:00:00,46973.584435763885,0.3884983358118269,29665.551855468748,17307.644081959323,senario_B
2025-04-01 01:00:00,44347.33285590278,0.492082703527477,31859.43118815104,12487.409585048215,senario_B
2025-04-01 02:00:00,43433.84516927083,0.4752226839297347,31945.588079427085,11487.781867159822,senario_B
2025-04-01 03:00:00,42100.17939019097,0.4815196892619133,30700.3961295573,11399.301740944411,senario_B
2025-04-01 04:00:00,41229.996178385416,0.666852332982752,29920.549537760413,11308.779788292017,senario_B
2025-04-01 05:00:00,41721.92383463542,0.7488230211204953,30124.1100390625,11597.064972551794,senario_B
2025-04-01 06:00:00,42695.75569878472,0.7711789981193012,30890.650989583337,11804.333530203265,senario_B
2025-04-01 07:00:00,45269.35060763889,0.642328484819995,31559.338313802087,13709.36996535198,senario_B
2025-04-01 08:00:00,46803.75691840277,290.8307222476933,32021.305550130208,14491.620646024865,senario_B
2025-04-01 09:00:00,47991.93538628472,3780.447664659288,31736.072555338542,12475.41516628689,senario_B
2025-04-01 10:00:00,49885.925047743054,7045.911709526909,31381.245436197918,11458.767902018226,senario_B
2025-04-01 11:00:00,51500.45527126736,8229.869813368055,33558.09959960937,9712.485858289932,senario_B
2025-04-01 12:00:00,52140.44743055556,8822.937180989584,34691.03483723958,8626.4754123264,senario_B
2025-04-01 13:00:00,53338.242712673615,9750.66791232639,35140.095179036456,8447.47962131077,senario_B
2025-04-01 14:00:00,53972.23374348958,10542.24683485243,35891.446516927084,7538.540391710063,senario_B
2025-04-01 15:00:00,54787.13982855903,11183.200506727431,36178.921455078125,7425.017866753478,senario_B
2025-04-01 16:00:00,55973.69079644097,12300.2380859375,36201.199736328126,7472.252974175339,senario_B
2025-04-01 17:00:00,57294.64069661458,11899.031920572916,36416.58561523438,8979.023160807286,senario_B
2025-04-01 18:00:00,58079.341137152776,10367.30527018229,36831.170758463544,10880.865108506943,senario_B
2025-04-01 19:00:00,57915.86336805556,5413.190493977864,37172.17559895833,15330.497275119364,senario_B
2025-04-01 20:00:00,57417.66350043403,1263.6499711736044,36925.130270182286,19228.88325907814,senario_B
2025-04-01 21:00:00,57148.27864800347,2.2113260596990587,36362.09049153646,20783.976830407315,senario_B
2025-04-01 22:00:00,56083.45366753472,0.2184804735415511,38398.44088541667,17684.794301644506,senario_B
2025-04-01 23:00:00,54296.112725694446,0.3902170392208629,39853.36437825521,14442.358130400018,senario_B
2025-04-02 00:00:00,51894.32591362847,0.3997210586071014,40003.75049804688,11890.175694522979,senario_B
2025-04-02 01:00:00,49375.857112630205,0.3893784334841701,39498.75502034505,9876.712713851666,senario_B
2025-04-02 02:00:00,47741.119480251735,0.3898970658911599,39269.16036458334,8471.569218602504,senario_B
2025-04-02 03:00:00,46624.06917643229,0.4218192196885745,38831.92669596354,7791.720661249063,senario_B
2025-04-02 04:00:00,45672.83139322917,0.4350756704145008,37302.561975911456,8369.8343416473,senario_B
2025-04-02 05:00:00,45514.67336805556,0.3755391131838163,35208.47119791667,10305.82663102571,senario_B
2025-04-02 06:00:00,46954.234453125,0.3724803810649448,35929.057613932295,11024.804358811642,senario_B
2025-04-02 07:00:00,49653.16379557292,0.3831151243050893,36667.48443033854,12985.29625011007,senario_B
2025-04-02 08:00:00,50653.19118923611,200.3962526734008,32982.1323022461,17470.662634316606,senario_B
2025-04-02 09:00:00,51332.04474283855,4007.6619681125217,26739.976811523436,20584.405963202593,senario_B
2025-04-02 10:00:00,53370.79470052083,9625.70197157118,24014.02480061849,19731.067928331166,senario_B
2025-04-02 11:00:00,54862.73940972222,12630.60355360243,22968.11443847656,19264.02141764323,senario_B
2025-04-02 12:00:00,54795.50551649305,13519.92224609375,17903.85617675781,23371.72709364149,senario_B
2025-04-02 13:00:00,55288.088342013885,14354.304580891929,12956.720971272787,27977.062789849173,senario_B
2025-04-02 14:00:00,56425.66606553819,15070.946064453125,10100.762423299155,31253.95757778591,senario_B
2025-04-02 15:00:00,57299.72902777778,15539.470167100695,8614.129851888021,33146.12900878907,senario_B
2025-04-02 16:00:00,58701.29186306424,16687.45574327257,7884.4866235351565,34129.34949625651,senario_B
2025-04-02 17:00:00,58992.154660373264,15030.923491753472,8629.199585774739,35332.031582845055,senario_B
2025-04-02 18:00:00,58285.7971842448,11689.268881293405,9714.533579915365,36881.99472303603,senario_B
2025-04-02 19:00:00,56190.5131890191,6450.719647894965,11876.321055908204,37863.47248521593,senario_B
2025-04-02 20:00:00,55498.29685763889,1106.3967767090269,14451.118681640624,39940.78139928923,senario_B
2025-04-02 21:00:00,55796.67041666667,0.4804527905417813,18147.041007486976,37649.14895638915,senario_B
2025-04-02 22:00:00,54966.59672960069,0.1528289238446288,21778.656341145834,33187.78755953102,senario_B
2025-04-02 23:00:00,53826.93407552083,0.3255766091578536,23834.12444620768,29992.484052703992,senario_B
2025-04-03 00:00:00,51276.34179253472,0.2427704946407013,25020.27779215495,26255.82122988513,senario_B
2025-04-03 01:00:00,48816.64703125,0.3302597500094109,26316.27569580078,22500.041075699213,senario_B
2025-04-03 02:00:00,47154.00598307292,0.393713563117716,27868.294638671876,19285.317630837926,senario_B
2025-04-03 03:00:00,45902.6851953125,0.3919835078054004,27690.523320312495,18211.7698914922,senario_B
2025-04-03 04:00:00,45215.76188693576,0.3913337947593795,27686.79111653646,17528.57943660454,senario_B
2025-04-03 05:00:00,44992.308029513886,0.3937563240196969,27928.322539062498,17063.59173412737,senario_B
2025-04-03 06:00:00,46088.97976453993,0.4064399533139334,29711.655003255208,16376.918321331406,senario_B
2025-04-03 07:00:00,48539.24959852431,0.4083833710269795,32555.26081298828,15983.580402165004,senario_B
2025-04-03 08:00:00,49546.473483072914,176.2601738852925,34168.613492838536,15201.599816349088,senario_B
2025-04-03 09:00:00,50950.05232638889,2837.14716796875,35058.75521809896,13054.149940321178,senario_B
2025-04-03 10:00:00,53403.63159830729,6954.81787990994,33409.35830810547,13039.455410291885,senario_B
2025-04-03 11:00:00,54697.49390190972,8619.125629882812,31706.03267578125,14372.335596245663,senario_B
2025-04-03 12:00:00,55259.86582139757,10897.760750868056,29729.653124999997,14632.451945529523,senario_B
2025-04-03 13:00:00,56237.33004557292,14566.903599175348,27449.087470703125,14221.338975694445,senario_B
2025-04-03 14:00:00,57621.96079861111,15752.61322157118,25417.067404785157,16452.280172254767,senario_B
2025-04-03 15:00:00,58815.27477430556,15853.649444444443,23904.86594563802,19056.759384223093,senario_B
2025-04-03 16:00:00,59388.76204210069,15133.41491482205,24377.419475911458,19877.927651367183,senario_B
2025-04-03 17:00:00,60082.13370985243,13833.501200086806,25683.682508138023,20564.9500016276,senario_B
2025-04-03 18:00:00,59886.98013780382,11430.664829644098,27856.81229329427,20599.503014865448,senario_B
2025-04-03 19:00:00,58868.99541992188,5794.517949286567,31622.73409016928,21451.743380466032,senario_B
2025-04-03 20:00:00,57803.48814019097,682.5236847951677,34233.50788574218,22887.456569653623,senario_B
2025-04-03 21:00:00,57303.69114583333,1.7310620028442807,34061.13215494792,23240.827928882565,senario_B
2025-04-03 22:00:00,55471.05056532118,1.1985227718949318,32308.406268717452,23161.44577383183,senario_B
2025-04-03 23:00:00,52911.12328993056,1.2745048162672254,31305.10909505208,21604.73969006221,senario_B
2025-04-04 00:00:00,49950.75154513889,1.2889518875545924,29722.902932942707,20226.55966030863,senario_B
2025-04-04 01:00:00,47251.50298502604,1.3804777146379152,29148.234408365883,18101.88809894552,senario_B
2025-04-04 02:00:00,45876.074149305554,1.3728746156891187,30138.228905436197,15736.472369253665,senario_B
2025-04-04 03:00:00,45447.09514322917,1.3897821815808613,30220.00935872396,15225.696002323624,senario_B
2025-04-04 04:00:00,44246.93510742187,1.3695391366548009,27464.922167154946,16780.64340113027,senario_B
2025-04-04 05:00:00,44230.363198784726,1.3998670021692912,23329.731975911458,20899.2313558711,senario_B
2025-04-04 06:00:00,45587.9158485243,1.388074702223142,21754.91747355143,23831.610300270644,senario_B
2025-04-04 07:00:00,47709.54279513889,1.4203583712048,19410.314047851563,28297.80838891612,senario_B
2025-04-04 08:00:00,49266.95651909722,143.89716235081357,19647.279934895836,29475.779421850573,senario_B
2025-04-04 09:00:00,50336.37260850694,1858.9033655463325,21651.144314778645,26826.324928181963,senario_B
2025-04-04 10:00:00,52582.53353298611,4942.700245225695,23719.695618489583,23920.137669270836,senario_B
2025-04-04 11:00:00,54692.729136284725,6588.270086263021,25205.31527018229,22899.14377983941,senario_B
2025-04-04 12:00:00,56180.39992621528,8369.304270833334,26547.110218098962,21263.98543728298,senario_B
2025-04-04 13:00:00,57639.54024305556,10078.772734375,27440.728196614586,20120.039312065976,senario_B
2025-04-04 14:00:00,58572.57270833333,10667.544410807292,28136.12166992188,19768.906627604163,senario_B
2025-04-04 15:00:00,58433.90916232639,9601.97253689236,28649.8742610677,20182.062364366328,senario_B
2025-04-04 16:00:00,58342.12254557292,8022.580369330512,28834.061267089844,21485.480909152564,senario_B
2025-04-04 17:00:00,58075.46562934028,6272.787296549479,28541.644475911457,23261.03385687935,senario_B
2025-04-04 18:00:00,57469.58231987847,5454.876580674913,28557.332024739582,23457.373714463974,senario_B
2025-04-04 19:00:00,56377.00713107639,2609.185304361979,29351.462545572915,24416.359281141496,senario_B
2025-04-04 20:00:00,55294.64085503472,452.7985503286786,29854.280156250003,24987.56214845604,senario_B
2025-04-04 21:00:00,54826.91453993056,0.948141377708978,30528.661588541665,24297.30481001119,senario_B
2025-04-04 22:00:00,53719.38176215278,0.1677907916489574,33288.092760416665,20431.121210944468,senario_B
2025-04-04 23:00:00,52124.93673611112,0.1977049504054917,35431.4557421875,16693.283288973216,senario_B
2025-04-05 00:00:00,49820.42857638889,0.4206193790584802,35867.4571500651,13952.550806944731,senario_B
2025-04-05 01:00:00,48093.12020833333,0.4911261666814486,37979.455284016934,10113.173798149714,senario_B
2025-04-05 02:00:00,45868.8372016059,0.4948063056502077,36710.96771484375,9157.374680456502,senario_B
2025-04-05 03:00:00,45111.13781575521,0.4765350556539164,36027.416482747394,9083.24479795216,senario_B
2025-04-05 04:00:00,44525.88857530382,0.4784221205694808,35917.87167073567,8607.538482447577,senario_B
2025-04-05 05:00:00,44090.28487847222,0.4764859694573614,35105.90889322916,8983.899499273604,senario_B
2025-04-05 06:00:00,44527.159136284725,0.4996464032597012,35980.72822265625,8545.931267225213,senario_B
2025-04-05 07:00:00,45189.12724392361,0.5075114822718833,35225.71477864584,9962.904953795507,senario_B
2025-04-05 08:00:00,46345.73550998264,73.65128640360302,35595.63098958334,10676.453233995693,senario_B
2025-04-05 09:00:00,47791.69643663194,1093.0277654181589,35541.931013183595,11156.737658030186,senario_B
2025-04-05 10:00:00,49381.3393250868,2644.7224704996743,35676.01974121094,11060.597113376185,senario_B
2025-04-05 11:00:00,50786.84806640625,3836.023846028646,36661.17600260417,10289.648217773436,senario_B
2025-04-05 12:00:00,51179.905964626734,5392.099133707682,36680.25704671224,9107.549784206807,senario_B
2025-04-05 13:00:00,51571.36821397569,7025.871231011285,36325.277972005206,8220.219010959205,senario_B
2025-04-05 14:00:00,51167.30418402778,7818.493872612848,34945.85444335937,8402.955868055564,senario_B
2025-04-05 15:00:00,50946.55366970486,7315.124217393663,35002.16592203776,8629.263530273434,senario_B
2025-04-05 16:00:00,50515.302201605904,5776.592518310546,35553.25560872396,9185.454074571397,senario_B
2025-04-05 17:00:00,50094.73223090278,4779.824860026041,35750.25908528646,9564.64828559028,senario_B
2025-04-05 18:00:00,49829.60190972222,3637.366897243924,36813.40570963542,9378.829302842874,senario_B
2025-04-05 19:00:00,49477.752573784725,2052.414634806315,37920.039736328115,9505.298202650294,senario_B
2025-04-05 20:00:00,49472.41690104167,318.09995601548087,39537.38265299479,9616.934292031401,senario_B
2025-04-05 21:00:00,49677.95193359375,0.6914970534708765,40445.46097005208,9231.799466488199,senario_B
2025-04-05 22:00:00,48899.42301323785,0.4651388244827588,41087.72541829428,7811.232456119091,senario_B
2025-04-05 23:00:00,47745.41396592882,0.531042342202531,41488.39666015626,6256.486263430357,senario_B
2025-04-06 00:00:00,46205.57365017361,0.5068999723593394,41346.36276041667,4858.7039897845825,senario_B
2025-04-06 01:00:00,44384.04250434028,0.4996384707424375,40499.3037109375,3884.239154932038,senario_B
2025-04-06 02:00:00,43349.53907335069,0.5031721029513412,37938.77869547526,5410.257205772476,senario_B
2025-04-06 03:00:00,42280.32971788194,0.5122291412949562,32729.47720377604,9550.340284964608,senario_B
2025-04-06 04:00:00,42108.419270833336,0.5162236624956131,28844.34015625,13263.562890920839,senario_B
2025-04-06 05:00:00,42178.167317708336,0.5215145754896933,26946.65938313802,15230.986419994824,senario_B
2025-04-06 06:00:00,42500.20609700521,0.4627556973861323,26488.921124674478,16010.822216633347,senario_B
2025-04-06 07:00:00,43289.65833767361,0.3962489657931857,25665.44817057292,17623.813918134896,senario_B
2025-04-06 08:00:00,44703.86525607639,195.60082836932605,25784.02395182292,18724.240475884144,senario_B
2025-04-06 09:00:00,46476.33054253472,3154.6910302734377,26769.44615559896,16552.193356662323,senario_B
2025-04-06 10:00:00,48275.0363671875,9099.294532335069,29035.659977213538,10140.0818576389,senario_B
2025-04-06 11:00:00,49262.30166883681,12193.903958333334,29878.074375000004,7190.323335503468,senario_B
2025-04-06 12:00:00,49668.36185763889,14231.44568657769,30026.480821126304,5410.435349934898,senario_B
2025-04-06 13:00:00,50586.67562608507,15996.06390109592,29613.340025227862,4977.271699761284,senario_B
2025-04-06 14:00:00,50257.80580729167,17385.911475694444,26932.230882161457,5939.663449435771,senario_B
2025-04-06 15:00:00,49301.73665364584,17465.99757595486,24729.124674479168,7106.614403211814,senario_B
2025-04-06 16:00:00,48550.40163194444,16457.393505859374,23962.93915690104,8130.068969184027,senario_B
2025-04-06 17:00:00,48052.72003797743,15679.92840657552,23687.072641601564,8685.718989800345,senario_B
2025-04-06 18:00:00,48205.16775499132,14452.210654296876,22600.23208658854,11152.725014105905,senario_B
2025-04-06 19:00:00,48526.932265625,11842.04072374132,20608.208111979166,16076.683429904519,senario_B
2025-04-06 20:00:00,48721.82795138889,3121.6651777479383,15617.879663085936,29982.28311055502,senario_B
2025-04-06 21:00:00,48566.62104817708,15.526492924475008,9644.985778808594,38906.108776444016,senario_B
2025-04-06 22:00:00,47147.59391493056,0.2276567829400301,7122.070876057945,40025.29538208968,senario_B
2025-04-06 23:00:00,45426.06444661458,0.2614013396327694,6362.11319925944,39063.68984601551,senario_B
2025-04-07 00:00:00,44208.39797092014,0.3595497086313036,5834.117225748699,38373.92119546281,senario_B
2025-04-07 01:00:00,43409.18836588541,0.3726255840725369,5962.289935709636,37446.5258045917,senario_B
2025-04-07 02:00:00,42606.21429253472,0.3641468996471829,4997.471008707682,37608.37913692739,senario_B
2025-04-07 03:00:00,42200.45828559028,0.4327338805463579,4622.8926664225255,37577.13288528721,senario_B
2025-04-07 04:00:00,43117.22230577257,0.432694141657816,5217.329834391277,37899.45977723964,senario_B
2025-04-07 05:00:00,44197.02664930555,0.4322895488474104,6327.621792805989,37868.97256695072,senario_B
2025-04-07 06:00:00,45694.80710503472,0.4915405585451258,6817.98835550944,38876.32720896674,senario_B
2025-04-07 07:00:00,48109.17486111111,0.5385414282149739,7091.629408365885,41017.00691131701,senario_B
2025-04-07 08:00:00,50770.58466362847,1837.6287654688624,7464.506107381185,41468.449790778424,senario_B
2025-04-07 09:00:00,52485.48300889757,15327.886542154947,6217.904058939615,30939.692407803006,senario_B
2025-04-07 10:00:00,51156.4315625,24704.084913194445,3246.254959716797,23206.09168958876,senario_B
2025-04-07 11:00:00,49964.68228515625,25372.79937282986,3808.5503186035157,20783.33259372287,senario_B
2025-04-07 12:00:00,49305.158615451386,25501.7444140625,5226.20662516276,18577.207576226123,senario_B
2025-04-07 13:00:00,48571.679578993055,25885.348075086804,6646.2771773274735,16040.054326578778,senario_B
2025-04-07 14:00:00,47936.28404079861,25887.26451171875,6835.285637207032,15213.733891872827,senario_B
2025-04-07 15:00:00,47254.33714301216,25765.436421983508,6420.9448046874995,15067.955916341154,senario_B
2025-04-07 16:00:00,46856.77277994792,25314.69974392361,6252.856779581706,15289.2162564426,senario_B
2025-04-07 17:00:00,46861.58282118056,24091.033483072915,5888.884177652995,16881.665160454646,senario_B
2025-04-07 18:00:00,47249.77183810764,23687.38243109809,5224.070361531576,18338.319045477976,senario_B
2025-04-07 19:00:00,47416.11388888889,17091.382607421874,4062.9700179036463,26261.76126356337,senario_B
2025-04-07 20:00:00,46957.73118489584,3454.096270582411,2458.7898592122397,41044.84505510119,senario_B
2025-04-07 21:00:00,47120.21359266493,17.38364641342726,2320.0775750223793,44782.75237122912,senario_B
2025-04-07 22:00:00,46136.816306423614,0.2291668445948097,4255.790508219401,41880.79663135961,senario_B
2025-04-07 23:00:00,44927.85559027778,0.2515149815215005,6468.80063273112,38458.80344256514,senario_B
2025-04-08 00:00:00,43241.21108072917,0.2340450946821106,9533.381145833333,33707.59588980116,senario_B
2025-04-08 01:00:00,41656.276875,0.296834492103921,12807.835060221354,28848.144980286546,senario_B
2025-04-08 02:00:00,41765.20655598959,0.3415354070481327,16272.314260253906,25492.55076032864,senario_B
2025-04-08 03:00:00,41808.79833767361,0.3712496551705731,17395.979818522133,24412.447269496308,senario_B
2025-04-08 04:00:00,42003.83629991319,0.3634225881182485,18831.94221191406,23171.530665411014,senario_B
2025-04-08 05:00:00,42736.15180989583,0.3624805242816607,19462.228551432294,23273.56077793926,senario_B
2025-04-08 06:00:00,44459.92039930556,0.4296147107746866,19424.494943033853,25034.995841560936,senario_B
2025-04-08 07:00:00,48109.44361002604,0.4804915118300252,18919.712888590493,29189.25022992372,senario_B
2025-04-08 08:00:00,49412.67650173611,1731.7704087213676,18988.56890625,28692.337186764747,senario_B
2025-04-08 09:00:00,49413.67650173611,14597.6034890408,16919.703014322917,17896.369998372396,senario_B
2025-04-08 10:00:00,48759.47023220486,24881.834875217013,10842.117565511067,13035.517791476781,senario_B
2025-04-08 11:00:00,47732.771953125,25692.82929470486,9620.41859700521,12419.524061414926,senario_B
2025-04-08 12:00:00,47362.26936197917,25985.805453559027,9211.027908528646,12165.435999891495,senario_B
2025-04-08 13:00:00,47346.06458767361,26287.960870225696,8858.403755696614,12199.6999617513,senario_B
2025-04-08 14:00:00,47715.78154730903,26329.83890407986,9368.518754882813,12017.423888346357,senario_B
2025-04-08 15:00:00,48498.88369357639,26282.33551215278,9956.325391438802,12260.22278998481,senario_B
2025-04-08 16:00:00,49086.70253038195,26227.562497829866,10941.180478515626,11917.959554036455,senario_B
2025-04-08 17:00:00,49773.929713541664,25638.937938368057,12493.152978515624,11641.838796657983,senario_B
2025-04-08 18:00:00,50290.78364149306,23466.702213541663,14774.11134440104,12049.970083550354,senario_B
2025-04-08 19:00:00,50502.898025173614,16398.9874077691,17333.993237304687,16769.91738009983,senario_B
2025-04-08 20:00:00,49783.60290364584,3343.4290202162,19287.744654947914,27152.429228481727,senario_B
2025-04-08 21:00:00,49905.42224175347,17.238875183926687,26057.97446614583,23830.208900423713,senario_B
2025-04-08 22:00:00,48786.04605685764,1.2076616985268065,32884.52641276042,15900.311982398693,senario_B
2025-04-08 23:00:00,46601.4401953125,24.32437234984504,36330.0419108073,10247.073912155356,senario_B
2025-04-09 00:00:00,44291.58337022569,1.1817690054244463,37274.559174804686,7015.842426415584,senario_B
2025-04-09 01:00:00,42437.877276475694,0.2100843659705586,37519.31003255208,4918.357159557643,senario_B
2025-04-09 02:00:00,41276.23699001736,0.2314416786034902,37261.25592447916,4014.7496238595922,senario_B
2025-04-09 03:00:00,40686.78234375,0.3004069368375672,36297.88831380208,4388.593623011075,senario_B
2025-04-09 04:00:00,40353.73761935764,0.3575957705908351,35898.63384114583,4454.746182441224,senario_B
2025-04-09 05:00:00,40478.14779947917,0.3024492656605111,35653.85963867188,4823.985711541631,senario_B
2025-04-09 06:00:00,42085.46302408854,0.2434691369119617,36118.12255208334,5967.097002868286,senario_B
2025-04-09 07:00:00,45430.11809027778,0.3456986209087901,36822.27785807292,8607.494533583951,senario_B
2025-04-09 08:00:00,46795.68908637153,1668.642943137222,37034.82818359375,8092.217959640555,senario_B
2025-04-09 09:00:00,48689.861067708334,10875.86555419922,33739.06838460286,4074.9271289062526,senario_B
2025-04-09 10:00:00,48990.66783528646,15806.055910373265,29950.025716145836,3234.5862087673595,senario_B
2025-04-09 11:00:00,48275.52026909722,16130.237975802953,28694.203164876304,3451.079128417965,senario_B
2025-04-09 12:00:00,47662.34283637153,17185.966277126736,26075.374270833338,4401.002288411455,senario_B
2025-04-09 13:00:00,48075.38848524306,20166.42444552952,22311.92103027344,5597.043009440098,senario_B
2025-04-09 14:00:00,48813.559296875,22877.053793402774,18756.31205078125,7180.193452690975,senario_B
2025-04-09 15:00:00,49961.38228190104,25119.38314887153,16534.488717447915,8307.510415581593,senario_B
2025-04-09 16:00:00,51504.76157877605,25632.096866319444,15766.188896077474,10106.475816379134,senario_B
2025-04-09 17:00:00,53278.15977430555,24873.600575086806,15771.577490234373,12632.981708984375,senario_B
2025-04-09 18:00:00,54726.5297938368,23700.293055555558,16430.05256673177,14596.184171549474,senario_B
2025-04-09 19:00:00,54705.76038845486,16998.012960069445,16579.08018229167,21128.66724609374,senario_B
2025-04-09 20:00:00,53098.56346137153,3547.98177992079,17204.790047200524,32345.791634250218,senario_B
2025-04-09 21:00:00,52170.278851996525,17.501387797713072,21630.620651041667,30522.156813157148,senario_B
2025-04-09 22:00:00,51129.14199978299,0.5192860039654705,25732.204897460935,25396.417816318084,senario_B
2025-04-09 23:00:00,48683.12179253472,0.2904999433788988,26329.888225911458,22352.943066679883,senario_B
2025-04-10 00:00:00,45464.76039930555,0.1543815294735961,23493.484490559895,21971.121527216186,senario_B
2025-04-10 01:00:00,42989.88665581597,0.1687903219378657,19831.559752604164,23158.158112889872,senario_B
2025-04-10 02:00:00,41408.888780381945,0.167693329565227,16805.50400349935,24603.217083553027,senario_B
2025-04-10 03:00:00,41037.03482638889,0.281191516386138,16180.422599283855,24856.33103558865,senario_B
2025-04-10 04:00:00,39861.98762261285,0.285231697095765,15619.639715169269,24242.06267574648,senario_B
2025-04-10 05:00:00,39680.2211610243,0.2896398259864913,15896.409392903646,23783.522128294673,senario_B
2025-04-10 06:00:00,40805.1212999132,0.2811959906087981,15654.651544596354,25150.188559326234,senario_B
2025-04-10 07:00:00,43410.81834418403,0.4404425448841519,14721.979490559894,28688.398411079255,senario_B
2025-04-10 08:00:00,44829.68950303819,1884.034584119585,13359.481997884115,29586.17292103449,senario_B
2025-04-10 09:00:00,46513.09818576389,14910.280383029514,10422.572822265625,21180.24498046875,senario_B
2025-04-10 10:00:00,48763.22651475694,24176.048930121528,7009.712072753907,17577.465511881506,senario_B
2025-04-10 11:00:00,49404.15091905382,25290.583982204866,6639.998654785156,17473.5682820638,senario_B
2025-04-10 12:00:00,50030.6075531684,25674.56483181424,7697.682786458333,16658.359934895823,senario_B
2025-04-10 13:00:00,51481.07549913194,26246.972451171878,9545.41390604655,15688.689141913514,senario_B
2025-04-10 14:00:00,53500.00271484375,26407.768920355906,10854.009877115885,16238.22391737196,senario_B
2025-04-10 15:00:00,55628.536050347226,26441.869299045135,11971.891595865885,17214.775155436204,senario_B
2025-04-10 16:00:00,57876.114381510415,26475.3587109375,12512.091395670572,18888.664274902345,senario_B
2025-04-10 17:00:00,60059.925209418405,25896.810583224826,13161.202552083332,21001.912074110245,senario_B
2025-04-10 18:00:00,61300.97160590278,24291.78650390625,14025.846486002603,22983.338615993922,senario_B
2025-04-10 19:00:00,60283.57130425347,16523.439745551215,15064.216641845702,28695.914916856553,senario_B
2025-04-10 20:00:00,57033.28841362847,3465.7010101657443,15916.498540039063,37651.08886342366,senario_B
2025-04-10 21:00:00,55824.8923328993,86.13009035746256,20925.250135091148,34813.51210745069,senario_B
2025-04-10 22:00:00,55056.988213975696,50.44079319695632,26713.84489420573,28292.70252657301,senario_B
2025-04-10 23:00:00,52416.446451822914,0.1767861736896965,28313.816640625002,24102.453025024224,senario_B
2025-04-11 00:00:00,48194.74007378472,0.2700005887614356,26339.18309000651,21855.28698318945,senario_B
2025-04-11 01:00:00,45324.45955295139,0.2574559243685669,23001.438720703125,22322.7633763239,senario_B
2025-04-11 02:00:00,43445.74514973958,0.2300060584975613,19989.594480794265,23455.92066288682,senario_B
2025-04-11 03:00:00,42194.76291883681,0.2656377122799555,17835.67768391927,24358.81959720526,senario_B
2025-04-11 04:00:00,41189.90847439236,0.27190956502325,17139.430708821616,24050.20585600572,senario_B
2025-04-11 05:00:00,40824.89022786458,0.2676640892194377,16781.581570638024,24043.040993137336,senario_B
2025-04-11 06:00:00,41653.39862955729,0.2813008345580763,14626.081786295574,27027.035542427162,senario_B
2025-04-11 07:00:00,44301.08673611111,0.7022021070122719,12909.643127848307,31390.741406155787,senario_B
2025-04-11 08:00:00,45380.598203125,1798.5000299655069,11723.230383707683,31858.86778945181,senario_B
2025-04-11 09:00:00,47142.4309375,14447.694420030382,9108.74934326172,23585.987174207898,senario_B
2025-04-11 10:00:00,49148.21861979167,24458.646662326388,5764.64627360026,18924.925683865018,senario_B
2025-04-11 11:00:00,51591.34668836805,26304.96132595486,8060.226853027343,17226.15850938585,senario_B
2025-04-11 12:00:00,52659.25221679688,26601.807938368056,8193.02422627767,17864.420052151152,senario_B
2025-04-11 13:00:00,53192.61302734375,26280.90326931424,7849.055955810547,19062.653802218963,senario_B
2025-04-11 14:00:00,54694.80431640625,26109.37634548611,8111.2140494791665,20474.21392144097,senario_B
2025-04-11 15:00:00,56308.89726888021,26068.71349392361,8347.722880045574,21892.460894911026,senario_B
2025-04-11 16:00:00,58093.8921234809,25908.105614149303,7895.466654459636,24290.319854871963,senario_B
2025-04-11 17:00:00,59746.42869140625,25484.249262152774,7608.432185058593,26653.747244194885,senario_B
2025-04-11 18:00:00,60522.16943359375,23861.254036458333,8409.815931803385,28251.09946533203,senario_B
2025-04-11 19:00:00,58869.64310546875,16196.541806640626,10718.733471679687,31954.367827148435,senario_B
2025-04-11 20:00:00,56055.693226996525,3436.900617099338,14354.705652669269,38264.08695722792,senario_B
2025-04-11 21:00:00,54545.53390190972,20.987518627022705,20526.592919108072,33997.95346417463,senario_B
2025-04-11 22:00:00,53038.48671006945,0.2466580486132039,28395.601129557297,24642.638922463535,senario_B
2025-04-11 23:00:00,50782.62184027778,0.6009681149820487,33307.620481770835,17474.400390391966,senario_B
2025-04-12 00:00:00,47982.98874457465,0.6990140172839164,35264.90735351563,12717.382377041737,senario_B
2025-04-12 01:00:00,45385.4620203993,0.6825771406955189,35783.03393880208,9601.745504456529,senario_B
2025-04-12 02:00:00,43522.72384440104,0.4552812390526136,35906.32276367188,7615.9457994901095,senario_B
2025-04-12 03:00:00,41468.78654296875,0.4095375911146402,35007.01947998047,6461.357525397172,senario_B
2025-04-12 04:00:00,40782.457466362845,0.4705880332489808,34727.0729711914,6054.913907138194,senario_B
2025-04-12 05:00:00,40280.45397569444,0.4349938909709454,34707.80270182291,5572.216279980559,senario_B
2025-04-12 06:00:00,40315.07780381945,0.4294517028662893,34572.40955078125,5742.238801335327,senario_B
2025-04-12 07:00:00,41177.6170811632,0.8832659077064858,34658.435255533856,6518.298559721632,senario_B
2025-04-12 08:00:00,42181.62300998264,1962.3174261993831,34068.323990885416,6150.981592897842,senario_B
2025-04-12 09:00:00,45422.47044053819,12009.853880208331,29312.748385416664,4099.868174913194,senario_B
2025-04-12 10:00:00,47140.88310112847,17424.911040581595,25016.572172851564,4699.399887695312,senario_B
2025-04-12 11:00:00,48926.25318793403,17874.975731336806,27409.031307779944,3642.246148817281,senario_B
2025-04-12 12:00:00,50050.74596788194,17226.355421006945,30090.135110677078,2734.2554361979237,senario_B
2025-04-12 13:00:00,51174.35484375,16788.730091145833,32363.908040364586,2021.716712239584,senario_B
2025-04-12 14:00:00,52322.11202582465,16936.42797092014,32768.55797851562,2617.126076388893,senario_B
2025-04-12 15:00:00,54423.12067925347,17448.046493055557,33065.735436197916,3909.3387500000026,senario_B
2025-04-12 16:00:00,56298.10560438368,17750.434969618054,33094.04719401042,5453.623440755211,senario_B
2025-04-12 17:00:00,58137.18847764757,17502.289240451388,34219.636769205725,6415.262467990455,senario_B
2025-04-12 18:00:00,58924.27943359375,16508.490889756944,34988.71705403646,7427.07148980035,senario_B
2025-04-12 19:00:00,58523.382728949655,12564.085122070312,36530.87731445312,9428.42029242622,senario_B
2025-04-12 20:00:00,56653.035859375,3305.26329755995,37843.34310872395,15504.4294530911,senario_B
2025-04-12 21:00:00,55232.78444769965,24.53471462085843,39794.38239908854,15413.867333990245,senario_B
2025-04-12 22:00:00,53272.04776584201,0.4107862080385288,40300.87560872395,12970.761370910019,senario_B
2025-04-12 23:00:00,50831.08055989583,0.7052824323707156,40760.81017903645,10069.56509842701,senario_B
2025-04-13 00:00:00,48825.51994357639,0.8950930175516341,41063.32578450521,7761.299066053638,senario_B
2025-04-13 01:00:00,46116.31760633681,0.8866456128491296,40668.29960286458,5447.131357859376,senario_B
2025-04-13 02:00:00,44242.98744357639,0.7364526385068894,40370.17460286458,3872.0763880733066,senario_B
2025-04-13 03:00:00,43057.981015625,1.1431227101220025,40417.910071614584,2638.927821300298,senario_B
2025-04-13 04:00:00,42056.92071180556,0.8263286981648869,40212.96650472006,1843.1278783873277,senario_B
2025-04-13 05:00:00,41185.20852430556,0.9321181972821554,39840.7555078125,1343.5208982957774,senario_B
2025-04-13 06:00:00,41037.08984809028,1.0223573517799378,39856.652275390625,1179.415215347879,senario_B
2025-04-13 07:00:00,41573.68264756945,1.4395058159033458,39752.16494466146,1820.0781970920798,senario_B
2025-04-13 08:00:00,42026.60804470486,1786.1223693328434,38566.51140950521,1673.9742658668038,senario_B
2025-04-13 09:00:00,45820.89989583333,9089.440156521268,35458.323270670575,1273.136468641489,senario_B
2025-04-13 10:00:00,48612.06890625,13042.10453125,34124.37259440104,1445.5917805989666,senario_B
2025-04-13 11:00:00,49391.784190538194,14337.568943142362,32662.578346354167,2391.6369010416674,senario_B
2025-04-13 12:00:00,51144.12146918403,16549.724922146266,31102.121761067712,3492.2747859700467,senario_B
2025-04-13 13:00:00,53196.57775499132,18211.904408637158,30304.545423990887,4680.127922363274,senario_B
2025-04-13 14:00:00,55704.947740885415,20577.016304253477,28592.83626953125,6535.095167100688,senario_B
2025-04-13 15:00:00,58438.83547309028,22525.373513454862,26658.838792317707,9254.62316731771,senario_B
2025-04-13 16:00:00,60508.42997287327,23022.361575520838,26755.9405069987,10730.127890353735,senario_B
2025-04-13 17:00:00,62473.64541883681,22625.369735243057,27908.043642578115,11940.232041015632,senario_B
2025-04-13 18:00:00,63219.15205729166,21335.69399522569,29392.94906575521,12490.50899631076,senario_B
2025-04-13 19:00:00,62554.33243923611,15678.8415234375,31153.125260416666,15722.365655381946,senario_B
2025-04-13 20:00:00,60212.70659939236,3086.420665825738,33937.54309570313,23188.742837863494,senario_B
2025-04-13 21:00:00,58858.41185112847,4.927977140713483,37598.03746093749,21255.44641305026,senario_B
2025-04-13 22:00:00,57004.15567708333,0.4462207231753402,40479.282989908854,16524.426466451296,senario_B
2025-04-13 23:00:00,53943.09271050347,0.4452280766434139,40958.09121988932,12984.55626253751,senario_B
2025-04-14 00:00:00,50327.70973524306,0.4165181929369767,41001.92919270834,9325.364024341783,senario_B
2025-04-14 01:00:00,47211.77505533854,0.7195078719158967,40758.20940104167,6452.846146424956,senario_B
2025-04-14 02:00:00,45167.934678819445,0.5747870098551114,40464.5235546875,4702.836337122091,senario_B
2025-04-14 03:00:00,43908.21916124132,0.4375363875594404,39521.12763264974,4386.653992204025,senario_B
2025-04-14 04:00:00,43301.18798611111,0.4581213112009896,39075.93244873047,4224.797416069436,senario_B
2025-04-14 05:00:00,43307.51853298611,0.3103542570935355,38552.18926757813,4755.018911150888,senario_B
2025-04-14 06:00:00,44218.56075737847,0.3830951587690247,37395.19030110678,6822.98736111293,senario_B
2025-04-14 07:00:00,46499.019937065976,1.229888756904337,36018.100126953126,10479.689921355945,senario_B
2025-04-14 08:00:00,47670.36092773438,1420.7040835581886,34604.78916341146,11644.867680764735,senario_B
2025-04-14 09:00:00,49504.138875868055,9954.247086859808,31004.495559082032,8545.396229926213,senario_B
2025-04-14 10:00:00,53137.81169270833,17537.210847439237,29150.227884114585,6450.3729611545095,senario_B
2025-04-14 11:00:00,54189.091528862846,20563.595266927085,26222.257610677087,7403.2386512586745,senario_B
2025-04-14 12:00:00,55107.25386501736,21493.24460503472,24330.717447916668,9283.29181206597,senario_B
2025-04-14 13:00:00,56176.9537890625,21819.892706163195,23493.852791341145,10863.208291558163,senario_B
2025-04-14 14:00:00,58562.1016796875,22822.16068142361,22614.89809407552,13125.042904188369,senario_B
2025-04-14 15:00:00,61139.70954644097,23197.54519748264,23167.064768473305,14775.099580485032,senario_B
2025-04-14 16:00:00,63062.43652994792,22925.725282118052,22455.132623291014,17681.57862453885,senario_B
2025-04-14 17:00:00,65043.60770833334,21573.034791666665,23775.804204101565,19694.768712565106,senario_B
2025-04-14 18:00:00,65850.16355034722,17692.557451171873,25979.771585286457,22177.83451388889,senario_B
2025-04-14 19:00:00,64238.86744249132,8985.075217149522,27414.815642903646,27838.976582438147,senario_B
2025-04-14 20:00:00,60867.26456814236,1683.4900998094347,27222.70779866536,31961.06666966756,senario_B
2025-04-14 21:00:00,59266.772721354166,24.73845360988544,27499.814995930996,31742.219271813286,senario_B
2025-04-14 22:00:00,57188.705907118056,0.128691953147451,29406.307259114576,27782.26995605033,senario_B
2025-04-14 23:00:00,54249.39854600695,0.1575235657228363,30874.682291666664,23374.558730774566,senario_B
2025-04-15 00:00:00,50827.624036458335,0.24742574526204,31115.360730794273,19712.0158799188,senario_B
2025-04-15 01:00:00,47314.64782443576,0.3375446956356366,32221.763906250002,15092.54637349012,senario_B
2025-04-15 02:00:00,45353.93745225694,0.3230660306413968,31982.079274088537,13371.53511213776,senario_B
2025-04-15 03:00:00,43867.058982204864,0.2415484097765551,31239.963206380206,12626.854227414879,senario_B
2025-04-15 04:00:00,42892.49271701389,0.2410157815946473,29316.249814453124,13576.00188677917,senario_B
2025-04-15 05:00:00,42129.34797526042,0.2911443209151427,27536.055037434893,14593.001793504609,senario_B
2025-04-15 06:00:00,43003.42143229167,0.3496196022381385,25104.668094075525,17898.403718613903,senario_B
2025-04-15 07:00:00,45445.21090494792,1.2606320086701048,21523.178361816405,23920.771911122843,senario_B
2025-04-15 08:00:00,46262.24134765625,1409.7635254478455,19124.820739339193,25727.657082869213,senario_B
2025-04-15 09:00:00,47654.29084201389,10820.167993164065,17211.692073567705,19622.430775282126,senario_B
2025-04-15 10:00:00,49981.16779513889,18207.029850260416,18566.492021484377,13207.645923394099,senario_B
2025-04-15 11:00:00,51464.54078233507,20632.426419270832,19850.601294352215,10981.513068712022,senario_B
2025-04-15 12:00:00,51926.66208550347,21564.588861219618,17750.742298177083,12611.33092610677,senario_B
2025-04-15 13:00:00,52436.11992404514,21661.78894748264,16349.26869140625,14425.062285156248,senario_B
2025-04-15 14:00:00,53289.03307617187,22668.426812065973,14808.75813313802,15811.84813096788,senario_B
2025-04-15 15:00:00,54153.478760850696,23120.62126953125,13824.390229492186,17208.46726182726,senario_B
2025-04-15 16:00:00,54917.01149739583,22319.691825086804,13252.914589843751,19344.40508246528,senario_B
2025-04-15 17:00:00,55789.432886284725,22077.3516796875,12769.78314778646,20942.298058810768,senario_B
2025-04-15 18:00:00,56681.89235243056,20019.9408203125,13643.84499511719,23018.10653700087,senario_B
2025-04-15 19:00:00,55836.04878472223,14007.944329969618,15250.19253499349,26577.91191975912,senario_B
2025-04-15 20:00:00,54255.3155078125,3450.904030151368,16426.239298502605,34378.17217915853,senario_B
2025-04-15 21:00:00,53548.44241753472,46.720175486038336,17491.621979166666,36010.10026288202,senario_B
2025-04-15 22:00:00,52281.88978298611,0.1181531415051884,22208.460073242186,30073.311556602417,senario_B
2025-04-15 23:00:00,49908.899377170135,0.3268181608368953,26333.13234049479,23575.440218514508,senario_B
2025-04-16 00:00:00,47646.4195030382,0.3933120132320457,28878.661059570317,18767.36513145465,senario_B
2025-04-16 01:00:00,45294.061072048615,0.4713165506389406,30135.16384440104,15158.425911096936,senario_B
2025-04-16 02:00:00,43818.740598958335,0.4349718130959404,30791.173079427084,13027.132547718153,senario_B
2025-04-16 03:00:00,42060.945572916666,0.4368431895309024,30109.36452148438,11951.14420824276,senario_B
2025-04-16 04:00:00,41049.13885416667,0.3537099319365289,29392.060576171876,11656.724568062855,senario_B
2025-04-16 05:00:00,41064.53430555556,0.3453694944580396,29168.82003255208,11895.368903509021,senario_B
2025-04-16 06:00:00,42602.95300347222,0.4197967625326581,30033.39503580729,12569.138170902399,senario_B
2025-04-16 07:00:00,45310.942473958334,1.812392820417881,31185.58494140625,14123.545139731668,senario_B
2025-04-16 08:00:00,46488.564184027775,1456.9064159202576,30594.388675130216,14437.269092977298,senario_B
2025-04-16 09:00:00,48137.31713975695,10400.60810546875,26843.96782226563,10892.74121202257,senario_B
2025-04-16 10:00:00,50578.68400607639,15952.562939453124,26947.65317708333,7678.467889539934,senario_B
2025-04-16 11:00:00,52008.63797309028,16446.483499348957,29619.784192708332,5942.370281032989,senario_B
2025-04-16 12:00:00,53265.01528211805,17578.152934027778,29426.726500651035,6260.13584743924,senario_B
2025-04-16 13:00:00,54070.02331163194,17841.409674479168,29247.140341796876,6981.4732953559,senario_B
2025-04-16 14:00:00,55588.12476996528,18344.154459635414,29424.428095703122,7819.542214626745,senario_B
2025-04-16 15:00:00,57165.888146701385,18798.1178515625,29676.153268229165,8691.61702690972,senario_B
2025-04-16 16:00:00,59354.81527777778,18810.90427300347,31775.248802083333,8768.662202690975,senario_B
2025-04-16 17:00:00,60371.88391493056,17578.359064670138,33153.64282552084,9639.882024739585,senario_B
2025-04-16 18:00:00,60655.45973090278,15278.313348524303,34737.72005533854,10639.426327039939,senario_B
2025-04-16 19:00:00,60253.59979166667,12299.371158311633,35547.48486653646,12406.743766818574,senario_B
2025-04-16 20:00:00,58514.55127604167,3309.3808372328017,37021.35483723959,18183.81560156928,senario_B
2025-04-16 21:00:00,57932.74026909722,31.74932641691632,38941.4876529948,18959.503289685505,senario_B
2025-04-16 22:00:00,56385.31879340278,0.3797919884489642,39425.04340494792,16959.895596466413,senario_B
2025-04-16 23:00:00,53880.808828125,0.4474210253192319,39848.98861002604,14031.372797073644,senario_B
2025-04-17 00:00:00,50568.940824652775,0.6214986544350783,40014.64309244792,10553.676233550417,senario_B
2025-04-17 01:00:00,47531.4402734375,0.6836441946029663,39663.530631510424,7867.225997732479,senario_B
2025-04-17 02:00:00,45997.55236545139,0.6612573660744561,39429.822981770834,6567.06812631448,senario_B
2025-04-17 03:00:00,44650.38992621528,0.5460992126994663,39146.74000976562,5503.103817236959,senario_B
2025-04-17 04:00:00,43974.46016059028,0.4981613220440017,39098.8055436198,4875.156455648437,senario_B
2025-04-17 05:00:00,43497.67333767361,0.4267398490839534,38030.86099283854,5466.385604985982,senario_B
2025-04-17 06:00:00,44662.68747829861,0.9169464871618482,37731.383444010426,6930.3870878010275,senario_B
2025-04-17 07:00:00,47106.32015190972,1.837901216281785,36279.19817057292,10825.284080120517,senario_B
2025-04-17 08:00:00,47860.60030815972,1663.6862479570177,34131.925192057286,12064.988868145418,senario_B
2025-04-17 09:00:00,50369.24647135416,9954.835528971356,31136.67486002604,9277.736082356765,senario_B
2025-04-17 10:00:00,53418.889140625,15810.486138237848,29506.674179687492,8101.728822699653,senario_B
2025-04-17 11:00:00,54726.36453993055,19553.164505208333,27589.213453776043,7583.986580946177,senario_B
2025-04-17 12:00:00,55459.7081640625,21817.69626953125,25637.548509114582,8004.4633854166605,senario_B
2025-04-17 13:00:00,56753.3121484375,22541.339635416665,24844.893230794274,9367.079282226565,senario_B
2025-04-17 14:00:00,58866.30023871528,22594.87699435764,25862.630309244792,10408.792935112848,senario_B
2025-04-17 15:00:00,61329.08632378472,22348.681796875,28445.044586588538,10535.359940321188,senario_B
2025-04-17 16:00:00,62620.81188802084,20954.729129774307,29757.61091471354,11908.471843532996,senario_B
2025-04-17 17:00:00,63199.74013020833,18453.50335503472,30817.84865559896,13928.38811957465,senario_B
2025-04-17 18:00:00,62918.71637152778,15948.474557291667,31727.303958333338,15242.937855902775,senario_B
2025-04-17 19:00:00,61018.595794270834,10144.67687391493,34527.064798177074,16346.854122178833,senario_B
2025-04-17 20:00:00,59088.72711371528,2479.7300668843586,37312.26533528646,19296.73171154446,senario_B
2025-04-17 21:00:00,58384.64337673611,26.751699161893796,39189.14784505207,19168.743832522145,senario_B
2025-04-17 22:00:00,57088.52473524305,0.5971111684706476,39857.94898437499,17229.97863969959,senario_B
2025-04-17 23:00:00,54610.83364149305,0.4885278318325678,39870.55903320313,14739.786080458092,senario_B
2025-04-18 00:00:00,51865.86516927083,0.5422568084133996,39973.404163411455,11891.918749050965,senario_B
2025-04-18 01:00:00,48962.13968315972,0.6386093958218892,39596.60798828125,9364.893085482654,senario_B
2025-04-18 02:00:00,47464.97207899306,0.5213464679486222,39421.94416666667,8042.506565858443,senario_B
2025-04-18 03:00:00,46106.708203125,0.5704163998696539,39282.89692708333,6823.240859641803,senario_B
2025-04-18 04:00:00,45129.032239583335,0.5716338233484162,38842.38212239584,6286.078483364152,senario_B
2025-04-18 05:00:00,44931.37508680556,0.3819033180673917,37964.6503125,6966.342870987486,senario_B
2025-04-18 06:00:00,45352.717721354165,0.4568540144628948,37401.56466796875,7950.696199370956,senario_B
2025-04-18 07:00:00,46228.5853125,4.204852660563257,36001.75597005209,10222.624489787348,senario_B
2025-04-18 08:00:00,47034.40444010417,1141.8013082673815,35116.66889322917,10775.934238607617,senario_B
2025-04-18 09:00:00,49215.38184461805,5904.6090690104165,33903.34524088542,9407.427534722214,senario_B
2025-04-18 10:00:00,52646.34498263889,10970.223955078123,33935.44572916666,7740.675298394104,senario_B
2025-04-18 11:00:00,54926.16745225695,14018.941769748264,33263.41674153645,7643.808940972238,senario_B
2025-04-18 12:00:00,56982.11736979167,16342.421061197916,31722.70253580729,8916.993772786464,senario_B
2025-04-18 13:00:00,59216.90953125,17406.62224609375,29819.08441731771,11991.20286783854,senario_B
2025-04-18 14:00:00,60680.228663194444,17880.01189236111,27355.693642578124,15444.523128255205,senario_B
2025-04-18 15:00:00,62032.1048828125,17327.369058159722,25503.5544140625,19201.181410590274,senario_B
2025-04-18 16:00:00,62692.93326388889,13821.446711154516,25648.67837890625,23222.80817382812,senario_B
2025-04-18 17:00:00,63065.260859375,10685.699839409725,26679.19384765625,25700.367172309023,senario_B
2025-04-18 18:00:00,61905.045750868056,6953.652184244792,27919.169983723958,27032.223582899307,senario_B
2025-04-18 19:00:00,60093.44971788194,3037.365971950954,27432.767711588545,29623.31603434244,senario_B
2025-04-18 20:00:00,58554.39259982639,563.5387191984389,28352.634690755207,29638.21918987274,senario_B
2025-04-18 21:00:00,58315.86905381944,3.999556914476885,30433.935839843754,27877.933657061214,senario_B
2025-04-18 22:00:00,57131.15287760417,0.1931563912000921,32079.768151041666,25051.1915701713,senario_B
2025-04-18 23:00:00,55329.1622265625,0.1830761049522294,33667.31331705729,21661.665833400257,senario_B
2025-04-19 00:00:00,52882.74657552083,0.2946270641684532,34613.146904296875,18269.305044159788,senario_B
2025-04-19 01:00:00,50673.34844184028,0.3760865709516737,33698.35278645834,16974.619568810995,senario_B
2025-04-19 02:00:00,49014.46569878472,0.315464375283983,34089.45473632812,14924.69549808131,senario_B
2025-04-19 03:00:00,47549.43598958333,0.3451480409006278,31470.62929036458,16078.461551177854,senario_B
2025-04-19 04:00:00,46308.52268663194,0.3231907523671786,30002.470397135417,16305.72909874416,senario_B
2025-04-19 05:00:00,45658.164418402775,0.2770393604371283,30447.562584635416,15210.324794406923,senario_B
2025-04-19 06:00:00,44911.030516493054,0.3816486724383301,29317.143870442713,15593.504997377902,senario_B
2025-04-19 07:00:00,44113.04073350695,0.505899729480346,25265.58642903646,18846.948404741004,senario_B
2025-04-19 08:00:00,44224.49903211805,489.8138421021568,24617.529231770834,19117.15595824506,senario_B
2025-04-19 09:00:00,46690.67447482639,4312.436269938151,26041.814819335938,16336.423385552298,senario_B
2025-04-19 10:00:00,50277.41588975694,9559.970733506943,27148.00962239583,13569.435533854172,senario_B
2025-04-19 11:00:00,51217.91926649305,11717.314284939235,24731.75425130208,14768.850730251732,senario_B
2025-04-19 12:00:00,52250.34323784722,12846.239761284722,21830.24899902344,17573.854477539062,senario_B
2025-04-19 13:00:00,53753.61029079861,14477.14580186632,22640.90620279948,16635.558286132815,senario_B
2025-04-19 14:00:00,54441.78237413194,13936.308726128473,25132.224331054684,15373.249316948779,senario_B
2025-04-19 15:00:00,54934.95430555556,12604.671590711803,26486.425810546876,15843.856904296881,senario_B
2025-04-19 16:00:00,55284.99374131944,11704.508483072916,27169.918955078127,16410.566303168398,senario_B
2025-04-19 17:00:00,55638.76154513889,11096.058171657984,28824.576220703126,15718.127152777783,senario_B
2025-04-19 18:00:00,55487.73763454861,7926.465740559895,30179.268876953123,17382.003017035597,senario_B
2025-04-19 19:00:00,54656.77419270833,4074.6134955512152,30181.50890950521,20400.651787651906,senario_B
2025-04-19 20:00:00,53754.77987413194,1070.3131518300374,28689.78954101562,23994.677181286286,senario_B
2025-04-19 21:00:00,53814.37089409722,13.245440075572374,27095.259111328123,26705.866342693524,senario_B
2025-04-19 22:00:00,53234.16212239584,0.1251617257297039,27792.71382486979,25441.323135800325,senario_B
2025-04-19 23:00:00,51734.42741753472,0.1661755663487646,28857.624534505216,22876.63670746315,senario_B
2025-04-20 00:00:00,50143.67844618056,0.3115246038635572,30541.148610026037,19602.218311550656,senario_B
2025-04-20 01:00:00,48444.30737847222,0.4662181405888663,33381.992744140625,15061.84841619101,senario_B
2025-04-20 02:00:00,46511.31852864583,0.2556957074668672,31552.274912109373,14958.787920828989,senario_B
2025-04-20 03:00:00,44977.06668836805,0.3123278796672821,26116.588989257812,18860.16537123057,senario_B
2025-04-20 04:00:00,44099.88784722222,0.3135101209084193,18961.288391927083,25138.285945174226,senario_B
2025-04-20 05:00:00,43258.245824652775,0.3077297540505727,15734.89124186198,27523.046853036743,senario_B
2025-04-20 06:00:00,42716.37629774305,0.3187190416124132,15021.315454101565,27694.742124599874,senario_B
2025-04-20 07:00:00,42791.39709201389,1.153717630704244,17017.964545898438,25772.27882848475,senario_B
2025-04-20 08:00:00,43340.96673611111,922.3718950038486,17953.776354166665,24464.818486940603,senario_B
2025-04-20 09:00:00,46438.86896701389,7641.570327419705,20695.846173502603,18101.45246609158,senario_B
2025-04-20 10:00:00,49564.53313368056,12782.486321614584,23279.070747070313,13502.976064995666,senario_B
2025-04-20 11:00:00,51218.879678819445,15278.27849500868,24932.01370279948,11008.587481011287,senario_B
2025-04-20 12:00:00,51440.66280815972,16593.90802408854,23884.155467122393,10962.599316948785,senario_B
2025-04-20 13:00:00,52164.569900173614,17237.97535698785,23128.156948242187,11798.437594943582,senario_B
2025-04-20 14:00:00,53240.8451171875,18738.880987413195,21310.53480794271,13191.429321831598,senario_B
2025-04-20 15:00:00,53817.93582465278,20881.96983940972,16507.17272786458,16428.793257378475,senario_B
2025-04-20 16:00:00,54293.36720052084,21644.06430555556,12027.03681233724,20622.266082628044,senario_B
2025-04-20 17:00:00,54959.572413194444,20999.08219618056,8329.74500732422,25630.74520968966,senario_B
2025-04-20 18:00:00,55095.06092881945,20026.514270833333,5675.907200113932,29392.639457872177,senario_B
2025-04-20 19:00:00,54531.053546006944,15519.591907552083,3625.556350708008,35385.90528774685,senario_B
2025-04-20 20:00:00,52225.69936197917,4775.671194186741,1912.690967610677,45537.33720018175,senario_B
2025-04-20 21:00:00,50514.28381076389,69.75452719845084,1883.905976155599,48560.62330740984,senario_B
2025-04-20 22:00:00,49088.360390625,0.1091800079101489,2616.362190144857,46471.889020472234,senario_B
2025-04-20 23:00:00,47770.684765625,0.1822860866039991,4631.474077148438,43139.028402389966,senario_B
2025-04-21 00:00:00,47189.285234375,0.1516629015571541,8890.057282714843,38299.076288758595,senario_B
2025-04-21 01:00:00,45029.22703993056,0.1988113799360063,13749.915920410156,31279.11230814047,senario_B
2025-04-21 02:00:00,43736.63044270833,0.2752138608694076,16798.823645833334,26937.531583014126,senario_B
2025-04-21 03:00:00,42410.11738715278,0.2710908710625436,17629.94041503906,24779.905881242656,senario_B
2025-04-21 04:00:00,41295.782183159725,0.2769049832555982,16992.21896972656,24303.286308449908,senario_B
2025-04-21 05:00:00,40934.31319878472,0.2725728829370604,16192.024384765627,24742.016241136156,senario_B
2025-04-21 06:00:00,42211.39217881944,0.2787720705072085,15727.29243001302,26483.820976735915,senario_B
2025-04-21 07:00:00,44118.20600694444,4.386121659444438,15466.456503906253,28647.363381378746,senario_B
2025-04-21 08:00:00,45325.89840711805,3140.6090894911026,14891.25322591146,27294.03609171549,senario_B
2025-04-21 09:00:00,48114.426705729165,15768.754009331597,11854.22209798177,20491.450598415795,senario_B
2025-04-21 10:00:00,49392.79240017361,22223.392098524306,7370.021310221355,19799.378991427948,senario_B
2025-04-21 11:00:00,49858.06625434028,22703.412799479167,8960.726848144532,18193.92660671658,senario_B
2025-04-21 12:00:00,50552.369752604165,22573.81781684028,10931.57168701172,17046.980248752167,senario_B
2025-04-21 13:00:00,52124.57575520833,24058.837740885418,10796.874484863281,17268.86352945963,senario_B
2025-04-21 14:00:00,54273.20450954861,24649.497408854168,10071.352827962239,19552.354272732206,senario_B
2025-04-21 15:00:00,56331.938203125,24659.73087673611,10591.752878417969,21080.454447970922,senario_B
2025-04-21 16:00:00,58592.09582465278,25371.489796006943,12172.47427327474,21048.131755371098,senario_B
2025-04-21 17:00:00,60520.65412760417,25471.02335069445,15736.431951497398,19313.19882541232,senario_B
2025-04-21 18:00:00,61626.0393359375,24209.618943142363,18329.741567382807,19086.67882541233,senario_B
2025-04-21 19:00:00,60996.32858072917,18038.8021875,19271.352154947916,23686.174238281255,senario_B
2025-04-21 20:00:00,58583.06920572917,4787.783291354709,18940.572989908855,34854.7129244656,senario_B
2025-04-21 21:00:00,56863.36650173611,54.15933528995659,21527.497978515625,35281.70918793053,senario_B
2025-04-21 22:00:00,55110.43834635417,0.6160106295016077,27792.23021158854,27317.59212413613,senario_B
2025-04-21 23:00:00,52924.72101128472,0.207350873897473,32258.877812499995,20665.635847910824,senario_B
2025-04-22 00:00:00,49365.806328125,0.179660595845845,33058.313050130215,16307.31361739894,senario_B
2025-04-22 01:00:00,46690.56208333333,0.1495474839707215,33388.71016927083,13301.702366578531,senario_B
2025-04-22 02:00:00,45096.247074652776,0.2369185539583365,32606.00150390625,12490.00865219257,senario_B
2025-04-22 03:00:00,43995.52175347223,0.2560434360305468,31819.961240234377,12175.304469801828,senario_B
2025-04-22 04:00:00,43271.503823784726,0.3240751603245735,31376.003733723963,11895.17601490044,senario_B
2025-04-22 05:00:00,42711.71090277778,0.277364208019442,30862.258173828126,11849.17536474163,senario_B
2025-04-22 06:00:00,43923.91600694445,0.3339415765470929,30322.705924479167,13600.876140888737,senario_B
2025-04-22 07:00:00,46620.18486545139,12.161903705530696,29779.469189453117,16828.553772292744,senario_B
2025-04-22 08:00:00,47723.01513888889,2364.6705427720813,28800.22099934896,16558.12359676785,senario_B
2025-04-22 09:00:00,49402.34681423611,11162.24777452257,23761.441604817708,14478.657434895831,senario_B
2025-04-22 10:00:00,51685.97491753472,17257.91601671007,21749.13410644531,12678.924794379334,senario_B
2025-04-22 11:00:00,53866.76181857639,19094.40706814236,23569.74561686198,11202.60913357206,senario_B
2025-04-22 12:00:00,55420.13931857639,20146.25225260417,23020.543821614585,12253.343244357631,senario_B
2025-04-22 13:00:00,57455.57629340278,21376.50639105903,22245.705576171877,13833.364326171872,senario_B
2025-04-22 14:00:00,60483.01524305555,21616.19154947917,22816.040970052087,16050.782723524298,senario_B
2025-04-22 15:00:00,62783.18460503472,19954.47293185764,25999.46276204427,16829.24891113281,senario_B
2025-04-22 16:00:00,64084.70937065972,17946.652039930555,28593.830201822915,17544.22712890625,senario_B
2025-04-22 17:00:00,65219.67031684028,16662.180630425348,30290.446650390622,18267.04303602431,senario_B
2025-04-22 18:00:00,65301.993828125,15211.37970594618,30969.388603515617,19121.225518663203,senario_B
2025-04-22 19:00:00,63687.00677517361,10785.221223415798,30601.907910156246,22299.877641601568,senario_B
2025-04-22 20:00:00,61337.84926649305,2528.0851782226564,29217.72223958333,29592.04184868707,senario_B
2025-04-22 21:00:00,59951.00989583333,39.788504374027255,28725.681461588538,31185.53992987077,senario_B
2025-04-22 22:00:00,58443.87865885417,1.6658362462123235,30143.546933593752,28298.665889014206,senario_B
2025-04-22 23:00:00,55561.55302951389,0.1640202943897909,30869.606536458334,24691.782472761166,senario_B
2025-04-23 00:00:00,52361.23202365451,0.2370761069489849,30268.536315104167,22092.4586324434,senario_B
2025-04-23 01:00:00,49468.54317708333,0.3096824605762958,27810.338798828117,21657.89469579464,senario_B
2025-04-23 02:00:00,47828.46496961806,0.3081524756881926,26635.56460611979,21192.59221102258,senario_B
2025-04-23 03:00:00,45814.67628472222,0.2560993283821476,24004.217506510417,21810.20267888342,senario_B
2025-04-23 04:00:00,45434.0671375868,0.2590261306862036,22954.251998697917,22479.556112758197,senario_B
2025-04-23 05:00:00,45025.06353515625,0.2622655868033568,22082.550823160807,22942.25044640864,senario_B
2025-04-23 06:00:00,45555.91407660591,0.260261422784792,21839.441469726564,23716.212345456563,senario_B
2025-04-23 07:00:00,47285.82102864584,0.291977734333939,19832.938412272135,27452.590638639373,senario_B
2025-04-23 08:00:00,48018.79340277778,544.7837904799646,19880.404795735674,27593.60481656214,senario_B
2025-04-23 09:00:00,49415.21861545139,5533.085973714193,18253.909437255857,25628.22320448134,senario_B
2025-04-23 10:00:00,51458.38000434028,12023.31455295139,17883.43960611979,21551.625845269096,senario_B
2025-04-23 11:00:00,53379.27692708333,15561.677312282984,19260.148691406248,18557.4509233941,senario_B
2025-04-23 12:00:00,54749.77884548612,18121.469536675348,20101.80729980469,16526.502009006083,senario_B
2025-04-23 13:00:00,55988.43195095486,20254.44779730903,19712.606938476565,16021.377215169261,senario_B
2025-04-23 14:00:00,57171.00843967014,20702.3009765625,19222.32893391927,17246.37852918837,senario_B
2025-04-23 15:00:00,58106.80195529514,20140.709602864583,19842.372771809896,18123.71958062066,senario_B
2025-04-23 16:00:00,59622.49760416667,19993.219898003477,20577.132330729168,19052.145375434025,senario_B
2025-04-23 17:00:00,60147.8156640625,17737.07146267361,21375.111943359374,21035.63225802952,senario_B
2025-04-23 18:00:00,60115.66213107639,14137.098564453125,23115.133212890625,22863.430353732638,senario_B
2025-04-23 19:00:00,58889.92233398437,8276.772669949001,25213.795642903646,25399.35402113172,senario_B
2025-04-23 20:00:00,57545.39195095486,1664.583135969374,26918.78894205729,28962.01987292819,senario_B
2025-04-23 21:00:00,57582.48639322917,20.003762154637112,28457.93765299479,29104.544978079743,senario_B
2025-04-23 22:00:00,56055.40083333333,0.1672658725579579,29885.293017578126,26169.94054988265,senario_B
2025-04-23 23:00:00,53013.38756076389,0.1794836116623547,28368.102412109376,24645.105665042855,senario_B
2025-04-24 00:00:00,49968.86127604167,0.2126284552986423,29019.515320638013,20949.13332694836,senario_B
2025-04-24 01:00:00,48009.21422200521,0.1911828773261772,27878.151361490884,20130.871677637006,senario_B
2025-04-24 02:00:00,46277.16458224826,0.2277258038438028,26214.98180419922,20061.955052245197,senario_B
2025-04-24 03:00:00,45770.67006076389,0.3247956112523874,25909.283271484375,19861.061993668263,senario_B
2025-04-24 04:00:00,44731.581244574656,0.2658259256515238,24401.268325602214,20330.047093046793,senario_B
2025-04-24 05:00:00,44600.03389973958,0.2703062194999721,23144.517431640626,21455.246161879455,senario_B
2025-04-24 06:00:00,45675.98420898437,0.2732667764276266,21804.56921468099,23871.141727526956,senario_B
2025-04-24 07:00:00,48463.06556315104,1.962129982337356,19872.55248616537,28588.550947003336,senario_B
2025-04-24 08:00:00,49517.45176649305,709.1100544887119,19655.813534749348,29152.528177254997,senario_B
2025-04-24 09:00:00,49991.47432834201,3869.4860196940094,19164.366814371744,26957.62149427626,senario_B
2025-04-24 10:00:00,52444.222427300345,8436.617582600911,18758.1151159668,25249.48972873263,senario_B
2025-04-24 11:00:00,54671.72581597222,11864.548274739584,19170.10713704427,23637.07040418837,senario_B
2025-04-24 12:00:00,56959.45190863715,14492.462700737848,21585.088791910806,20881.900415988493,senario_B
2025-04-24 13:00:00,58214.34555989583,16253.876597222225,23763.439217122395,18197.02974555121,senario_B
2025-04-24 14:00:00,59205.44645833333,15663.763236762154,23317.729111328124,20223.954110243052,senario_B
2025-04-24 15:00:00,59376.28768663194,14772.98691297743,21282.49210123698,23320.80867241753,senario_B
2025-04-24 16:00:00,59183.13035590278,13410.652896050347,19374.301923828127,26398.175536024304,senario_B
2025-04-24 17:00:00,58657.97314670139,11885.969799262151,19779.818266601564,26992.185080837677,senario_B
2025-04-24 18:00:00,58073.37647460937,11717.61100341797,21562.959995930993,24792.805475260415,senario_B
2025-04-24 19:00:00,56943.150811631946,8279.995814887152,22169.182734375,26493.972262369793,senario_B
2025-04-24 20:00:00,55527.64993706597,2531.6952744547525,22716.067856445312,30279.88680616591,senario_B
2025-04-24 21:00:00,54492.785520833335,79.30517671990725,23099.086488444013,31314.393855669416,senario_B
2025-04-24 22:00:00,53319.13771701389,0.3261553925358587,26300.311609700522,27018.499951920832,senario_B
2025-04-24 23:00:00,50888.00462239584,0.3876076054738627,27892.05184570312,22995.565169087247,senario_B
2025-04-25 00:00:00,48478.036840277775,0.1900485348494516,28485.517568359384,19992.32922338354,senario_B
2025-04-25 01:00:00,46123.95035590278,0.2465129542102416,28362.270367024743,17761.433475923826,senario_B
2025-04-25 02:00:00,44880.61337239584,0.5259652047687107,27195.31260416667,17684.774803024404,senario_B
2025-04-25 03:00:00,43885.13188585069,0.3982575988521178,27142.10037679036,16742.633251461477,senario_B
2025-04-25 04:00:00,43074.62785698785,0.4141356845448414,26269.722555338543,16804.491165964762,senario_B
2025-04-25 05:00:00,42956.35661892361,0.281794580552313,23444.14844889323,19511.926375449828,senario_B
2025-04-25 06:00:00,44147.33757052951,0.2944729684210486,20301.739919433596,23845.30317812749,senario_B
2025-04-25 07:00:00,46719.69984375,1.2134647450182172,17507.4241015625,29211.062277442485,senario_B
2025-04-25 08:00:00,48000.86196180555,779.5442424456279,14409.003181152344,32812.31453820758,senario_B
2025-04-25 09:00:00,49210.79712456597,5207.732657877604,10973.110227864583,33029.95423882378,senario_B
2025-04-25 10:00:00,51627.52230251736,10230.316883409288,10803.615986531575,30593.5894325765,senario_B
2025-04-25 11:00:00,53970.14076280382,13726.106303710938,11284.702551269533,28959.331907823354,senario_B
2025-04-25 12:00:00,55779.93791232639,16177.00190782335,11504.63869954427,28098.29730495877,senario_B
2025-04-25 13:00:00,57239.35579861111,18177.689330512152,12378.559892985024,26683.10657511394,senario_B
2025-04-25 14:00:00,58802.161553819446,18738.61894748264,13875.452024739581,26188.090581597226,senario_B
2025-04-25 15:00:00,60121.89813368056,19561.078997395834,16166.92753051758,24393.89160576715,senario_B
2025-04-25 16:00:00,61468.43249782986,17956.559724392362,19522.638053385417,23989.23472005208,senario_B
2025-04-25 17:00:00,62675.42210069444,17094.80367404514,23651.768307291666,21928.85011935764,senario_B
2025-04-25 18:00:00,62803.63255208333,15581.650262315536,26822.298694661462,20399.683595106333,senario_B
2025-04-25 19:00:00,61184.714448784725,9402.34921875,27613.94484375,24168.420386284724,senario_B
2025-04-25 20:00:00,58812.00038736979,1824.7455431450735,25038.925423177083,31948.329421047638,senario_B
2025-04-25 21:00:00,57526.03425998264,24.383303429517483,23192.657221272784,34308.99373528034,senario_B
2025-04-25 22:00:00,55884.6094140625,0.2231976958571208,24100.10090942383,31784.285306942813,senario_B
2025-04-25 23:00:00,53586.73318142361,0.2009955360326502,25884.719055989583,27701.813129897993,senario_B
2025-04-26 00:00:00,51367.18657877604,0.1855126895507176,26289.782162272135,25077.21890381435,senario_B
2025-04-26 01:00:00,49033.18534939236,0.3503214598115947,24888.5383984375,24144.296629495053,senario_B
2025-04-26 02:00:00,47344.58921983507,0.3250873470803102,24909.173573404943,22435.090559083044,senario_B
2025-04-26 03:00:00,46232.61023763021,0.4090622882876131,25677.00493896484,20555.19623637708,senario_B
2025-04-26 04:00:00,44396.8237391493,0.4241843766305181,24589.719769694013,19806.67978507866,senario_B
2025-04-26 05:00:00,43678.56240559896,0.7267942195220126,24494.815181070968,19183.02043030847,senario_B
2025-04-26 06:00:00,43509.08470811632,0.8113593337933223,23967.6098819987,19540.663466783833,senario_B
2025-04-26 07:00:00,43780.23179904514,11.840481170382764,22494.86424153646,21273.5270763383,senario_B
2025-04-26 08:00:00,44408.26325737847,2049.8599341837566,21883.850013020834,20474.553310173884,senario_B
2025-04-26 09:00:00,47041.41985677083,8491.526712239584,21707.818427734375,16842.074716796873,senario_B
2025-04-26 10:00:00,50701.2203515625,13072.858961859807,25702.836139322917,11925.525250379778,senario_B
2025-04-26 11:00:00,52770.01466579861,14589.056675347225,26235.592265625,11945.365724826388,senario_B
2025-04-26 12:00:00,54695.869127604165,15545.62923936632,25266.109244791667,13884.13064344618,senario_B
2025-04-26 13:00:00,56772.33427734375,16544.984388020832,25101.02484700521,15126.325042317701,senario_B
2025-04-26 14:00:00,58457.30654730903,17404.362642144097,24628.281989339193,16424.661915825745,senario_B
2025-04-26 15:00:00,59786.7361219618,18121.615133463543,25098.770821940103,16566.350166558157,senario_B
2025-04-26 16:00:00,61204.96115451389,17782.080763888887,25188.919625651044,18233.96076497396,senario_B
2025-04-26 17:00:00,61720.22087890625,16679.96796061198,25912.03424235026,19128.21867594401,senario_B
2025-04-26 18:00:00,61402.71003472222,12825.153542751736,24900.21298339844,23677.343508572045,senario_B
2025-04-26 19:00:00,59523.17019965278,6756.488347439236,23539.059583333335,29227.622268880208,senario_B
2025-04-26 20:00:00,57249.29652669271,1864.5149670071075,22472.202719726563,32912.578839959046,senario_B
2025-04-26 21:00:00,55866.0736968316,102.60133728275696,20938.737895914714,34824.73446363413,senario_B
2025-04-26 22:00:00,53814.99519097222,0.1843374442888631,22163.295517578124,31651.515335949807,senario_B
2025-04-26 23:00:00,53221.36217447917,0.2139911315507359,24336.823253580733,28884.32492976688,senario_B
2025-04-27 00:00:00,50978.990078125,0.312761753482951,25206.244290364586,25772.433026006933,senario_B
2025-04-27 01:00:00,48577.18466362848,0.2342781048350864,25904.669891764323,22672.280493759325,senario_B
2025-04-27 02:00:00,46159.53299587674,0.3106398828576008,24988.14690673828,21171.0754492556,senario_B
2025-04-27 03:00:00,45544.924944661456,0.6963765122244755,27102.07151529948,18442.157052849747,senario_B
2025-04-27 04:00:00,44476.91847113716,0.5037671942926115,27712.605549316406,16763.809154626466,senario_B
2025-04-27 05:00:00,43909.73752061632,0.3459125971711344,26368.881732584636,17540.509875434513,senario_B
2025-04-27 06:00:00,43294.42824110243,0.3461989408400324,24191.775756022133,19102.30628613946,senario_B
2025-04-27 07:00:00,43462.11344618056,10.44645448214478,23168.41066894531,20283.256322753106,senario_B
2025-04-27 08:00:00,43752.34792643229,1905.3764500554405,22061.31846110026,19785.653015276588,senario_B
2025-04-27 09:00:00,46350.81533311632,8985.030316297743,21783.29042358398,15582.494593234595,senario_B
2025-04-27 10:00:00,50044.898961588544,13377.20195827908,25179.67422200521,11488.022781304251,senario_B
2025-04-27 11:00:00,54086.201935763886,16089.52892578125,28168.356210937498,9828.31679904514,senario_B
2025-04-27 12:00:00,56078.77012586805,16675.02496310764,29186.969536946614,10216.775625813803,senario_B
2025-04-27 13:00:00,58148.99468532986,16687.63089626736,30046.919358723957,11414.444430338539,senario_B
2025-04-27 14:00:00,60285.45210286458,16489.475798882377,31599.736236979166,12196.24006700304,senario_B
2025-04-27 15:00:00,61771.91254123264,16760.005796983507,32777.17090657552,12234.735837673616,senario_B
2025-04-27 16:00:00,62667.46968858507,15492.249750705296,33652.11826904298,13523.101668836796,senario_B
2025-04-27 17:00:00,63604.48388671875,14361.80109483507,34780.17070475261,14462.512087131072,senario_B
2025-04-27 18:00:00,63706.12595052084,13072.685504557292,35607.08916992188,15026.351276041678,senario_B
2025-04-27 19:00:00,62505.46793402778,8920.010883246528,35687.135992838535,17898.321057942718,senario_B
2025-04-27 20:00:00,60955.80091254341,2451.827701941596,36958.78125976563,21545.191950836183,senario_B
2025-04-27 21:00:00,60122.789835069445,49.04332888672749,37065.107464192704,23008.639041990013,senario_B
2025-04-27 22:00:00,59053.42150390625,0.2654565819518433,37897.17644205729,21155.979605267006,senario_B
2025-04-27 23:00:00,56246.65366102431,0.4435924207336373,38492.804957682296,17753.40511092128,senario_B
2025-04-28 00:00:00,52705.32468532986,0.4912028100093206,38281.457867838544,14423.37561468131,senario_B
2025-04-28 01:00:00,49841.64091905382,0.7800797863304615,37593.7753914388,12247.085447828686,senario_B
2025-04-28 02:00:00,48059.22937717014,0.7194290416439374,36642.41381184896,11416.096136279535,senario_B
2025-04-28 03:00:00,47430.73330729167,0.5424840914209684,35791.861725260416,11638.329097939837,senario_B
2025-04-28 04:00:00,46914.168619791664,0.7149559773670302,36389.337304687506,10524.11635912679,senario_B
2025-04-28 05:00:00,46760.544293619794,0.9187518692678877,36397.58609863281,10362.039443117712,senario_B
2025-04-28 06:00:00,47856.42646484375,0.9934560374087756,36367.27906494141,11488.153943864934,senario_B
2025-04-28 07:00:00,50074.928827039934,25.28580410414272,35622.33715332032,14427.305869615477,senario_B
2025-04-28 08:00:00,51132.85138888889,2008.036151835124,34284.967682291666,14839.847554762098,senario_B
2025-04-28 09:00:00,52799.81564236112,7371.354535047743,31532.26341471354,13896.197692599839,senario_B
2025-04-28 10:00:00,55580.185062934026,10732.989718967014,30785.466689453126,14061.728654513885,senario_B
2025-04-28 11:00:00,57703.78535373264,13393.690134548611,30310.423294270833,13999.671924913193,senario_B
2025-04-28 12:00:00,58772.33825737847,14926.490213487414,28538.181799316408,15307.666244574648,senario_B
2025-04-28 13:00:00,60025.57615342882,16382.205777452256,27203.1830859375,16440.187290039063,senario_B
2025-04-28 14:00:00,61120.91504774305,16419.73888780382,27248.82201822917,17452.354141710064,senario_B
2025-04-28 15:00:00,62083.928740234376,15433.886375054251,28373.050388997395,18276.99197618273,senario_B
2025-04-28 16:00:00,62508.50106987848,14172.617073838976,29501.654484863284,18834.22951117622,senario_B
2025-04-28 17:00:00,63610.90597330729,13248.169826931424,29474.941105957034,20887.795040418838,senario_B
2025-04-28 18:00:00,63743.08940863716,10969.50026828342,29738.390667317708,23035.19847303603,senario_B
2025-04-28 19:00:00,62181.41658854167,7782.710625813802,27774.45986572266,26624.246097005213,senario_B
2025-04-28 20:00:00,60867.1062109375,2121.3820052083333,28875.004423828126,29870.71978190104,senario_B
2025-04-28 21:00:00,60347.628517795136,44.01882084688378,30838.98772786458,29464.621969083673,senario_B
2025-04-28 22:00:00,59141.24031467014,0.1855874567354719,32937.97770507812,26203.077022135287,senario_B
2025-04-28 23:00:00,56672.43898328993,0.2309115430754092,34828.4519930013,21843.75607874556,senario_B
2025-04-29 00:00:00,53421.88757595486,0.354426486964027,33970.49921305339,19451.03393641451,senario_B
2025-04-29 01:00:00,50945.70018229167,0.3335859253671434,32615.665144042978,18329.70145232333,senario_B
2025-04-29 02:00:00,48313.11877604167,0.4565626330094205,31464.410191243496,16848.25202216517,senario_B
2025-04-29 03:00:00,46996.58738064236,0.2986004885700014,29470.690843098957,17525.597937054838,senario_B
2025-04-29 04:00:00,46139.10972222222,0.3089142017563184,28598.887001953124,17539.913806067343,senario_B
2025-04-29 05:00:00,45855.89124348958,0.3093818619847298,25757.11670735677,20098.46515427083,senario_B
2025-04-29 06:00:00,46986.91431315104,0.4249597206711769,24611.82400878906,22374.66534464131,senario_B
2025-04-29 07:00:00,49479.15689236111,5.940226380096542,25238.85860677083,24234.358059210186,senario_B
2025-04-29 08:00:00,50164.58527560764,1190.4194660525852,22866.0985933431,26108.06721621196,senario_B
2025-04-29 09:00:00,50971.0374359809,6252.00346218533,20819.33677775065,23899.697196044915,senario_B
2025-04-29 10:00:00,53194.00611111111,10939.368080512151,20929.436904296876,21325.201126302083,senario_B
2025-04-29 11:00:00,55825.54848090278,12806.021382378472,22815.999951171878,20203.527147352426,senario_B
2025-04-29 12:00:00,58258.783294270834,14961.226175401476,26189.09611816406,17108.461000705298,senario_B
2025-04-29 13:00:00,59647.5303515625,16431.33067925347,28458.570467122394,14757.629205186633,senario_B
2025-04-29 14:00:00,60595.68021375868,16830.054189453123,27817.54229573568,15948.08372856988,senario_B
2025-04-29 15:00:00,61602.52779188368,16588.060744900173,26850.395062662763,18164.071984320748,senario_B
2025-04-29 16:00:00,63015.47206054688,16166.35872016059,27564.276171874997,19284.837168511294,senario_B
2025-04-29 17:00:00,63309.13728949653,15116.142095811632,29028.966426595052,19164.028767089843,senario_B
2025-04-29 18:00:00,63587.6853125,13256.837591959636,28735.48981689453,21595.357903645832,senario_B
2025-04-29 19:00:00,62650.88681857639,9211.905670030384,28776.018521321617,24662.96262722439,senario_B
2025-04-29 20:00:00,60575.31965603299,1881.5052816094287,28946.57937011719,29747.235004306367,senario_B
2025-04-29 21:00:00,59545.116953125,35.20592369571535,26313.475,33196.436029429286,senario_B
2025-04-29 22:00:00,57970.16627061632,0.1836753113650613,24825.030489908855,33144.95210539609,senario_B
2025-04-29 23:00:00,55439.61376302083,0.1634491420040528,25793.94333658854,29645.506977290286,senario_B
2025-04-30 00:00:00,52786.87115885417,0.298707921223508,25931.656422526044,26854.9160284069,senario_B
2025-04-30 01:00:00,49880.41406684028,0.322667264557547,25239.255468749998,24640.83593082573,senario_B
2025-04-30 02:00:00,48503.98617838541,0.3274100164241261,24148.795514729816,24354.863253639163,senario_B
2025-04-30 03:00:00,47827.869375,0.3390769204828474,25262.61887939453,22564.911418684987,senario_B
2025-04-30 04:00:00,47243.54549804688,0.3435325950798061,26565.517123209633,20677.684842242168,senario_B
2025-04-30 05:00:00,46375.97773871528,0.3480668701397048,25010.106206054686,21365.523465790455,senario_B
2025-04-30 06:00:00,47481.83751302084,0.4359771505743265,23129.44466308594,24351.95687278432,senario_B
2025-04-30 07:00:00,49534.24512586805,10.215288685427772,22310.589838867185,27213.439998315436,senario_B
2025-04-30 08:00:00,50515.650401475694,1352.4607767571342,20075.907917887373,29087.281706831185,senario_B
2025-04-30 09:00:00,51816.37351453993,6173.95633843316,19957.91079711914,25684.50637898763,senario_B
2025-04-30 10:00:00,53555.73896375868,9812.819747450088,18789.86282511393,24953.056391194667,senario_B
2025-04-30 11:00:00,54808.47664171007,11519.35946940104,16380.024315999348,26909.092856309682,senario_B
2025-04-30 12:00:00,56270.05163628472,14402.563634982638,13899.924768880206,27967.563232421875,senario_B
2025-04-30 13:00:00,56783.38209092882,15472.79577826606,13324.139552408855,27986.446760253904,senario_B
2025-04-30 14:00:00,57832.31353298611,14924.939157986111,13112.469318033855,29794.905056966145,senario_B
2025-04-30 15:00:00,58249.70614583333,15250.653323567709,13351.09060058594,29647.962221679674,senario_B
2025-04-30 16:00:00,59038.45938585069,14497.07349609375,15197.947041015625,29343.43884874132,senario_B
2025-04-30 17:00:00,59857.49081163194,14357.759086371529,17097.99987630208,28401.73184895833,senario_B
2025-04-30 18:00:00,59904.46196614584,13398.042677137586,18110.079771728513,28396.339517279743,senario_B
2025-04-30 19:00:00,58851.0084516059,10327.880419650608,18123.693104654947,30399.434927300343,senario_B
2025-04-30 20:00:00,57345.895425347226,3743.3776976182726,18955.834363606773,34646.68336412218,senario_B
2025-04-30 21:00:00,56184.22265190973,153.7104685948458,16530.992631835936,39499.51955147895,senario_B
2025-04-30 22:00:00,54903.87767578125,0.2101355444515744,14934.778540445963,39968.88899979083,senario_B
2025-04-30 23:00:00,51602.14953125,0.2017870949622657,12410.224596150716,39191.72314800432,senario_B
2025-05-01 00:00:00,49795.130462239584,0.2047854063659906,13440.27257080078,36354.65310603244,senario_B
2025-05-01 01:00:00,47228.09221571181,0.213263280507591,13864.203868815104,33363.675083616195,senario_B
2025-05-01 02:00:00,46203.78889973959,0.2256625589397218,14890.424931640626,31313.13830554003,senario_B
2025-05-01 03:00:00,45301.61643663194,0.2583411615093549,15845.505678710937,29455.852416759495,senario_B
2025-05-01 04:00:00,44188.20260199653,0.2965157809687985,14241.269186197916,29946.636900017642,senario_B
2025-05-01 05:00:00,43585.11840060764,0.2251243490560187,11918.424758300782,31666.4685179578,senario_B
2025-05-01 06:00:00,44725.44257378472,0.2207341926627689,11502.35807454427,33222.86376504779,senario_B
2025-05-01 07:00:00,46665.7074609375,10.504056545959578,11612.213375651041,35042.9900287405,senario_B
2025-05-01 08:00:00,48014.14364800348,2554.986571061876,11814.82148844401,33644.3355884976,senario_B
2025-05-01 09:00:00,51072.61151258681,10994.18280327691,11743.630564778647,28334.79814453125,senario_B
2025-05-01 10:00:00,53173.172840711806,14882.260026041668,11003.19614827474,27287.7166663954,senario_B
2025-05-01 11:00:00,55109.2530967882,16206.495798611111,10239.52929280599,28663.228005371097,senario_B
2025-05-01 12:00:00,56827.40505533854,17714.705342881945,9989.85999186198,29122.839720594617,senario_B
2025-05-01 13:00:00,58231.67747612847,19207.284995659724,9512.62776204427,29511.76471842447,senario_B
2025-05-01 14:00:00,59518.27664496528,20327.821762152777,9070.81989827474,30119.634984537755,senario_B
2025-05-01 15:00:00,61088.59388454861,20311.76594184028,9486.193155924479,31290.634786783856,senario_B
2025-05-01 16:00:00,62075.01754340278,18685.68103515625,10121.402568969726,33267.9339392768,senario_B
2025-05-01 17:00:00,62361.87327690972,16282.687041015624,10053.004802246094,36026.181433648,senario_B
2025-05-01 18:00:00,61853.401979166665,14602.19497639974,10496.317975056967,36754.889027709956,senario_B
2025-05-01 19:00:00,61336.07767795139,11692.550395507811,11435.243984375,38208.28329806858,senario_B
2025-05-01 20:00:00,59503.28606119792,4260.063133612739,16056.524944661458,39186.697982923724,senario_B
2025-05-01 21:00:00,58808.48825086805,139.60235658225292,20805.608383789062,37863.27751049674,senario_B
2025-05-01 22:00:00,57730.82829861111,0.2762569434899423,25589.787698160806,32140.76434350681,senario_B
2025-05-01 23:00:00,54718.95439670139,0.1586682719985644,28839.098258463542,25879.697469965846,senario_B
2025-05-02 00:00:00,51713.29564887153,0.2877112237529622,28252.89165690104,23460.116280746734,senario_B
2025-05-02 01:00:00,48533.515221354166,0.5162067189150387,27961.489555664062,20571.509458971188,senario_B
2025-05-02 02:00:00,46791.81064236111,0.4061091447869936,27869.016139322914,18922.38839389341,senario_B
2025-05-02 03:00:00,45345.73749782986,0.3632299477524227,26661.226393229164,18684.147874652943,senario_B
2025-05-02 04:00:00,43368.66997070312,0.2759762421664264,24874.35094238281,18494.04305207815,senario_B
2025-05-02 05:00:00,43026.73594075521,0.3054851009531154,24867.244386393228,18159.186069261028,senario_B
2025-05-02 06:00:00,43969.55205729167,0.2828066961301698,22235.174856770835,21734.094393824707,senario_B
2025-05-02 07:00:00,46385.44940538194,14.308508676422967,20978.194923502604,25392.945973202914,senario_B
2025-05-02 08:00:00,47465.34012369792,2453.9277574327257,19721.855138346356,25289.557227918835,senario_B
2025-05-02 09:00:00,49351.95589518229,7935.278563232422,21814.475029296875,19602.202302652993,senario_B
2025-05-02 10:00:00,51608.20096028646,10796.450449490016,25359.801751302082,15451.948759494357,senario_B
2025-05-02 11:00:00,53673.91202799479,11556.840776909725,25762.180827636723,16354.890423448342,senario_B
2025-05-02 12:00:00,55475.69404079861,12582.176621907553,27015.982214355467,15877.535204535594,senario_B
2025-05-02 13:00:00,56390.183621961805,12658.57837565104,27776.164755859376,15955.440490451387,senario_B
2025-05-02 14:00:00,57207.22283311632,12781.34188422309,28989.97190266927,15435.909046223962,senario_B
2025-05-02 15:00:00,56549.94859375,12800.06568684896,28352.226949869793,15397.655957031246,senario_B
2025-05-02 16:00:00,55575.84194010417,11655.626185980902,26572.107395833333,17348.108358289934,senario_B
2025-05-02 17:00:00,55145.55447916667,11012.94640516493,26339.79546549479,17792.812608506945,senario_B
2025-05-02 18:00:00,54058.81695638021,10525.56027560764,25880.08034261068,17653.176338161888,senario_B
2025-05-02 19:00:00,52947.330160590274,8081.143984375,24727.018367513017,20139.16780870226,senario_B
2025-05-02 20:00:00,51548.267990451386,3107.8963773600262,23383.295843098953,25057.075769992407,senario_B
2025-05-02 21:00:00,50829.74411024305,150.1361574665374,18764.099055989587,31915.50889678693,senario_B
2025-05-02 22:00:00,49908.51601996528,0.1697107077307171,16255.708256835935,33652.638052421615,senario_B
2025-05-02 23:00:00,48148.4305186632,0.1949298403494888,14957.745423583987,33190.490165238865,senario_B
2025-05-03 00:00:00,46022.022856987845,0.1899019580375817,13000.981924235024,33020.85103079479,senario_B
2025-05-03 01:00:00,44016.975546875,0.2486280310857627,13285.916431884765,30730.81048695915,senario_B
2025-05-03 02:00:00,42759.79248046875,0.3070404239247242,12704.116348470052,30055.369091574772,senario_B
2025-05-03 03:00:00,41287.24868923611,0.30296229104201,11328.794943644205,29958.150783300865,senario_B
2025-05-03 04:00:00,40471.71364583333,0.3015062508318159,9576.905200398764,30894.506939183735,senario_B
2025-05-03 05:00:00,39816.310615234375,0.2968395522402392,8094.430875040691,31721.582900641442,senario_B
2025-05-03 06:00:00,40426.2930078125,0.2985860795444912,7870.36321858724,32555.631203145713,senario_B
2025-05-03 07:00:00,41109.63721788194,63.71199829220772,8804.023072916667,32241.902146673063,senario_B
2025-05-03 08:00:00,42690.32742947049,4976.2181663343645,9450.819047241212,28263.290215894915,senario_B
2025-05-03 09:00:00,45688.80155815972,17864.71252278646,9017.671715494791,18806.41731987847,senario_B
2025-05-03 10:00:00,46665.21882161458,23127.75827311198,8463.395158081055,15074.065390421545,senario_B
2025-05-03 11:00:00,47140.86095920139,24047.63980685764,8765.74011311849,14327.481039225257,senario_B
2025-05-03 12:00:00,47748.41958007812,24662.466112738715,8471.609011027018,14614.34445631239,senario_B
2025-05-03 13:00:00,48552.5693109809,25517.42731825087,7973.203840942382,15061.938151787648,senario_B
2025-05-03 14:00:00,49594.53258463542,25921.490134006075,7796.299958496094,15876.742492133248,senario_B
2025-05-03 15:00:00,50469.84533420139,26038.527421875,7938.981597900391,16492.336314426,senario_B
2025-05-03 16:00:00,51633.53948784722,25795.909069010417,7917.505296223958,17920.125122612848,senario_B
2025-05-03 17:00:00,52710.18750434028,25796.84999782986,7899.799950358072,19013.53755615235,senario_B
2025-05-03 18:00:00,53278.74001736111,24286.0394656033,8406.215164794923,20586.485386962886,senario_B
2025-05-03 19:00:00,52885.85726996528,18669.769251302085,9149.790902506511,25066.29711615669,senario_B
2025-05-03 20:00:00,51122.35601453993,6210.030322943793,9423.113095906574,35489.21259568956,senario_B
2025-05-03 21:00:00,49600.20532552083,152.57206014790313,11001.309937133788,38446.32332823914,senario_B
2025-05-03 22:00:00,48454.036905381945,0.0298594810379048,14125.950421549474,34328.05662435143,senario_B
2025-05-03 23:00:00,46915.62342556424,0.0294336779953704,16713.91321736654,30201.680774519704,senario_B
2025-05-04 00:00:00,44755.67486111111,0.1059452762454748,18198.963522949216,26556.605392885653,senario_B
2025-05-04 01:00:00,42570.67592773437,0.1432808940981825,19859.18712931315,22711.345517527127,senario_B
2025-05-04 02:00:00,41003.80494466146,0.3110414721402857,21713.322286783856,19290.171616405467,senario_B
2025-05-04 03:00:00,39989.28445746528,0.2432317150466972,22736.964298909505,17252.076926840728,senario_B
2025-05-04 04:00:00,38937.35475477431,0.2563584374719196,23321.05086344401,15616.047532892826,senario_B
2025-05-04 05:00:00,38617.90112521702,0.2527291296256913,23655.493892008464,14962.154504078924,senario_B
2025-05-04 06:00:00,38888.72663736979,0.2486414412202106,25294.20505452474,13594.272941403833,senario_B
2025-05-04 07:00:00,38975.33497070312,92.8905936033941,25956.25282063802,12926.191556461712,senario_B
2025-05-04 08:00:00,39974.74315538195,5297.687477077908,24615.537711588542,10061.517966715495,senario_B
2025-05-04 09:00:00,43071.759369574655,17103.997174479166,18366.52988484701,7601.232310248481,senario_B
2025-05-04 10:00:00,45131.09489583333,20753.06598198785,17019.46198079427,7358.566933051214,senario_B
2025-05-04 11:00:00,45802.83001302083,21018.792981770832,17808.521443684895,6975.5155875651035,senario_B
2025-05-04 12:00:00,46814.37409613715,21492.316423068576,18132.96697387695,7189.090699191624,senario_B
2025-05-04 13:00:00,47988.00736219618,21566.83962293837,18971.32418619792,7449.843553059891,senario_B
2025-05-04 14:00:00,49527.56801215278,21503.74326171875,20360.883714192707,7662.941036241318,senario_B
2025-05-04 15:00:00,51378.35962239583,21381.600056423613,22140.965945638018,7855.7936203342,senario_B
2025-05-04 16:00:00,53145.42582682292,20860.91225965712,24527.24952799479,7757.264039171005,senario_B
2025-05-04 17:00:00,54765.663498263886,19489.867786458333,27088.239964192708,8187.5557476128415,senario_B
2025-05-04 18:00:00,56042.74023871528,17550.827373046875,29217.92602539062,9273.986840277783,senario_B
2025-05-04 19:00:00,55689.90625651042,12661.719007703992,31738.328391927083,11289.858856879342,senario_B
2025-05-04 20:00:00,54397.88763454861,3407.8405614556204,32486.99009033203,18503.056982760965,senario_B
2025-05-04 21:00:00,53789.54992621528,53.03014457286232,32346.370159505215,21390.149622137204,senario_B
2025-05-04 22:00:00,52516.29587673611,0.4344572930203543,34158.243014322914,18357.618405120178,senario_B
2025-05-04 23:00:00,49914.86712673611,0.2487945562352737,33496.32985351563,16418.288478664246,senario_B
2025-05-05 00:00:00,46728.7261328125,0.1955723203346133,32860.428418782554,13868.102141709613,senario_B
2025-05-05 01:00:00,43969.99110677083,0.2610021001390284,31466.311791178385,12503.418313492308,senario_B
2025-05-05 02:00:00,42092.83573784722,0.3170051152010759,30459.515565592446,11633.00316713957,senario_B
2025-05-05 03:00:00,41178.37422743056,0.3024425973494847,30408.4453157552,10769.626469078012,senario_B
2025-05-05 04:00:00,40995.777100694446,0.2972275091211001,30484.368014322914,10511.111858862409,senario_B
2025-05-05 05:00:00,40883.09631076389,0.2364723322623305,29928.412529296875,10954.447309134754,senario_B
2025-05-05 06:00:00,42531.375093315975,0.5253359379950497,30706.33394124349,11824.515816134492,senario_B
2025-05-05 07:00:00,45102.90468098958,73.37768281373712,32698.99749430339,12330.529503872458,senario_B
2025-05-05 08:00:00,46269.3445811632,3092.2335613335504,32728.109627278645,10449.001392551,senario_B
2025-05-05 09:00:00,48096.92454644097,10069.314874131944,30473.13618896484,7554.4734833441835,senario_B
2025-05-05 10:00:00,49535.17154188368,13532.708110080295,28889.60559895834,7112.857832845046,senario_B
2025-05-05 11:00:00,50300.38708007812,13656.995205349393,27465.63819091797,9177.753683810763,senario_B
2025-05-05 12:00:00,51998.53483723958,13170.602692871094,27137.517172851563,11690.414971516926,senario_B
2025-05-05 13:00:00,52686.76710611979,12557.584440917968,28629.89500732422,11499.287657877601,senario_B
2025-05-05 14:00:00,53144.26863389757,10606.947228461371,29488.573535156247,13048.747870279949,senario_B
2025-05-05 15:00:00,53395.11951388889,8834.344303927952,32383.613968098958,12177.161241861977,senario_B
2025-05-05 16:00:00,52866.92329861111,6991.207020399305,33808.843818359375,12066.872459852428,senario_B
2025-05-05 17:00:00,52882.72849175347,6667.104420030382,35054.03795572916,11161.58611599393,senario_B
2025-05-05 18:00:00,52779.589192708336,5918.109602322049,36452.230736490885,10409.248853895398,senario_B
2025-05-05 19:00:00,52422.38050998264,4180.076182454427,36570.24934163412,11672.054985894101,senario_B
2025-05-05 20:00:00,52005.46867513021,1495.3772205522323,37231.1619116211,13278.929542956874,senario_B
2025-05-05 21:00:00,52044.35021267361,16.464506076065202,36258.51348632813,15769.372220269419,senario_B
2025-05-05 22:00:00,50822.80663194445,0.3360332156221072,35083.77505208334,15738.695546645482,senario_B
2025-05-05 23:00:00,48300.7337109375,0.3034870936142074,34177.570452473956,14122.859771369927,senario_B
2025-05-06 00:00:00,45554.05799913195,0.2820122269127104,33725.73173502604,11828.044251878993,senario_B
2025-05-06 01:00:00,43485.11127170139,0.4811936274833149,33700.00732096353,9784.622757110374,senario_B
2025-05-06 02:00:00,42375.464832899306,0.4296063287059466,32860.05676106771,9514.978465502893,senario_B
2025-05-06 03:00:00,41605.91256293403,0.4253597228394614,31621.712354329426,9983.774848881763,senario_B
2025-05-06 04:00:00,41249.35490017361,0.6657780970798598,31105.235774739584,10143.453347336948,senario_B
2025-05-06 05:00:00,42033.143246527776,0.5752282724115584,29457.927747395832,12574.64027085953,senario_B
2025-05-06 06:00:00,43705.13177517361,0.6345878618955613,27998.776510416676,15705.720676895042,senario_B
2025-05-06 07:00:00,46448.09950520833,4.077112508200937,24067.577429199213,22376.444963500915,senario_B
2025-05-06 08:00:00,47749.84652560764,539.2837671322293,20181.618730468752,27028.94402800666,senario_B
2025-05-06 09:00:00,48792.093359375,3602.064699707031,20728.844819335936,24461.183840332036,senario_B
2025-05-06 10:00:00,50363.95642795139,7114.609167751736,19224.56403808594,24024.783222113707,senario_B
2025-05-06 11:00:00,51332.57336805556,9532.98138888889,18048.308862304686,23751.28311686198,senario_B
2025-05-06 12:00:00,52416.1804969618,10936.904134114584,17726.327374674478,23752.94898817274,senario_B
2025-05-06 13:00:00,53365.94602647569,11862.632280815971,17871.254316406248,23632.05942925347,senario_B
2025-05-06 14:00:00,54346.483505859374,13507.672181803386,16852.45634033203,23986.35498372396,senario_B
2025-05-06 15:00:00,54439.6456108941,16094.600323350694,15911.565507812502,22433.479779730904,senario_B
2025-05-06 16:00:00,54627.398041449655,16746.11701280382,13687.800971476234,24193.4800571696,senario_B
2025-05-06 17:00:00,55850.83318142361,17773.371210394966,10873.696928710937,27203.765042317704,senario_B
2025-05-06 18:00:00,56667.46655924479,17090.901916775172,9037.893643391926,30538.67099907769,senario_B
2025-05-06 19:00:00,56553.11253146701,12765.016595865884,7693.081965738932,36095.0139698622,senario_B
2025-05-06 20:00:00,54585.70155490452,3890.650196194119,6420.697815348308,44274.35354336209,senario_B
2025-05-06 21:00:00,52759.04486002604,106.00667966160508,6546.341713663736,46106.6964667007,senario_B
2025-05-06 22:00:00,51988.76070095486,0.1460784692689776,6138.533303120931,45850.08131936466,senario_B
2025-05-06 23:00:00,50201.39796115452,0.243354305629101,7070.067353515627,43131.087253333266,senario_B
2025-05-07 00:00:00,48130.26848198785,0.1587742645127905,7910.097856038411,40220.011851684925,senario_B
2025-05-07 01:00:00,45475.398192274304,0.1424413963903983,6232.557498779297,39242.69825209862,senario_B
2025-05-07 02:00:00,44477.991918402775,0.1611444002969397,6051.129835001628,38426.700939000846,senario_B
2025-05-07 03:00:00,43457.92787434896,0.1701320660114288,6294.536724650065,37163.22101763288,senario_B
2025-05-07 04:00:00,43170.04367404514,0.2652104186101092,6565.222512817382,36604.55595080915,senario_B
2025-05-07 05:00:00,42888.26751302083,0.3036102296080854,7620.6350895182295,35267.328813272994,senario_B
2025-05-07 06:00:00,43603.295069444444,0.2911323329806328,8069.76524251302,35533.23869459844,senario_B
2025-05-07 07:00:00,45716.2410687934,10.447965184847511,8506.509591471353,37199.283512137205,senario_B
2025-05-07 08:00:00,46782.62198025174,1985.3942547861732,9031.575567830403,35765.65215763516,senario_B
2025-05-07 09:00:00,47805.16594618056,9254.666477864585,7966.838814290364,30583.66065402561,senario_B
2025-05-07 10:00:00,49470.16779405382,15849.386330837671,7311.040029907226,26309.74143330892,senario_B
2025-05-07 11:00:00,50560.488854166666,18262.423848198785,6759.054705403647,25539.010300564234,senario_B
2025-05-07 12:00:00,51666.46163194445,20608.400655381945,6331.750047607422,24726.310928955078,senario_B
2025-05-07 13:00:00,53120.10088975694,22441.198263888888,7060.776903483073,23618.125722384983,senario_B
2025-05-07 14:00:00,55051.664172092016,24086.31628092448,8436.184523111979,22529.16336805556,senario_B
2025-05-07 15:00:00,57222.55496527778,24850.85298231337,8789.74169087728,23581.96029208713,senario_B
2025-05-07 16:00:00,59130.73240668403,24925.417164171005,9332.875432739258,24872.439809773765,senario_B
2025-05-07 17:00:00,60888.82190104167,24719.607350260416,9546.552495117186,26622.662055664066,senario_B
2025-05-07 18:00:00,61900.9787999132,23346.391866319445,9504.611236165365,29049.975697428396,senario_B
2025-05-07 19:00:00,61386.15445746528,18731.276850043403,9885.09789876302,32769.779708658854,senario_B
2025-05-07 20:00:00,58962.71897569444,6615.916361219618,9639.690755208334,42707.111859266486,senario_B
2025-05-07 21:00:00,56995.36381835937,222.98811698434253,9754.346593221031,47018.029108154,senario_B
2025-05-07 22:00:00,55139.58838541667,0.1753135841877924,10937.530020548502,44201.88305128398,senario_B
2025-05-07 23:00:00,52248.81675347222,0.1745712764892313,12776.096376139321,39472.54580605641,senario_B
2025-05-08 00:00:00,49700.744552951386,0.1770338965165946,13920.06118570964,35780.506333345234,senario_B
2025-05-08 01:00:00,46818.26068684896,0.2617677463839451,14108.423648681639,32709.575270420937,senario_B
2025-05-08 02:00:00,44419.34236002604,0.2693617872397105,12671.106408691405,31747.966589547395,senario_B
2025-05-08 03:00:00,43549.118177083335,0.2588404721352789,10592.427810872396,32956.43152573881,senario_B
2025-05-08 04:00:00,42596.47116970486,0.2597219077580505,9352.033554077148,33244.177893719956,senario_B
2025-05-08 05:00:00,42471.55769422743,0.2615157542460494,8155.802076416016,34315.494102057164,senario_B
2025-05-08 06:00:00,43666.90914713542,0.3038692629668447,8313.727504882812,35352.87777298964,senario_B
2025-05-08 07:00:00,45781.801553819445,115.80201797975434,8953.628928833008,36712.370607006684,senario_B
2025-05-08 08:00:00,47410.94410047743,4969.42005065918,9816.346741333007,32625.17730848524,senario_B
2025-05-08 09:00:00,49506.12234809028,14276.597204861111,8599.791317545572,26629.733825683597,senario_B
2025-05-08 10:00:00,51427.26686523438,19450.373263346355,7187.50969563802,24789.383906250005,senario_B
2025-05-08 11:00:00,53209.77216796875,20812.52658203125,7587.063006998697,24810.182578938806,senario_B
2025-05-08 12:00:00,54936.62288194445,20425.680128038195,8098.133151855469,26412.80960205079,senario_B
2025-05-08 13:00:00,56968.22546223959,19979.11988064236,7031.433895670574,29957.67168592666,senario_B
2025-05-08 14:00:00,58344.04368489584,19433.72863064236,6170.696585286458,32739.618468967026,senario_B
2025-05-08 15:00:00,59491.991358506944,17829.566550564236,7151.49462117513,34510.930186767575,senario_B
2025-05-08 16:00:00,60436.946692708334,14766.050380859377,9029.522435709636,36641.37387613932,senario_B
2025-05-08 17:00:00,60462.38894965278,13502.19896158854,9230.23226155599,37729.95772650825,senario_B
2025-05-08 18:00:00,58962.65620225694,9987.40789279514,8346.808350423178,40628.439959038624,senario_B
2025-05-08 19:00:00,57099.66835069445,7401.880051812066,7748.80389078776,41948.98440809462,senario_B
2025-05-08 20:00:00,54322.35152777778,2988.849608696832,6283.74678141276,45049.75513766819,senario_B
2025-05-08 21:00:00,53500.48413519965,159.11907543086343,5182.039603678386,48159.3254560904,senario_B
2025-05-08 22:00:00,51516.60321614584,0.3901616301470332,5225.842630310059,46290.37042420564,senario_B
2025-05-08 23:00:00,49579.37589518229,0.5842597395181656,5169.710558980306,44409.08107646247,senario_B
2025-05-09 00:00:00,47058.63375868055,0.4944567168090079,5584.355681152344,41473.7836208114,senario_B
2025-05-09 01:00:00,44705.129565972224,0.3894264795713954,5556.941029052734,39147.79911043991,senario_B
2025-05-09 02:00:00,43022.39722222222,0.4088212787442737,4795.971947835286,38226.01645310819,senario_B
2025-05-09 03:00:00,42397.84929253472,0.4171981013814608,5246.985169270833,37150.446925162505,senario_B
2025-05-09 04:00:00,42022.00323676215,0.3526940570771694,7414.074864501954,34607.575678203124,senario_B
2025-05-09 05:00:00,42152.78911132812,0.2939289006508059,10468.695619710286,31683.799562717184,senario_B
2025-05-09 06:00:00,43557.87837239583,0.2786027164260546,13100.690389811198,30456.909379868208,senario_B
2025-05-09 07:00:00,45365.37525390625,57.09768308518662,13680.66941731771,31627.60815350335,senario_B
2025-05-09 08:00:00,46540.02093315972,4586.910980224609,13380.946455078125,28572.163497856985,senario_B
2025-05-09 09:00:00,47983.623292100696,16306.160969509549,10522.68368347168,21154.778639119468,senario_B
2025-05-09 10:00:00,49710.69801215278,23162.861473524303,9378.005284016926,17169.831254611552,senario_B
2025-05-09 11:00:00,51969.78245442709,24480.75021592882,13946.79885823568,13542.233380262593,senario_B
2025-05-09 12:00:00,52881.1879188368,22788.38312934028,18811.311813151042,11281.492976345475,senario_B
2025-05-09 13:00:00,54123.85063585069,21465.180674913197,21496.427390950525,11162.242569986971,senario_B
2025-05-09 14:00:00,55314.99345486111,20781.7400390625,22919.780550130206,11613.472865668402,senario_B
2025-05-09 15:00:00,56652.46408854167,20077.396158854168,23305.46623779297,13269.601691894532,senario_B
2025-05-09 16:00:00,57255.860364583335,19404.579921875,23091.374575195314,14759.905867513018,senario_B
2025-05-09 17:00:00,57779.07967013889,18018.109233940973,22602.98162109375,17157.988815104167,senario_B
2025-05-09 18:00:00,57869.1380859375,15572.909886067708,22171.568097330724,20124.660102539063,senario_B
2025-05-09 19:00:00,56824.48942599826,13604.388059082032,20116.462169189454,23103.639197726774,senario_B
2025-05-09 20:00:00,54886.45311957465,5383.186008809407,14645.115091552734,34858.15201921251,senario_B
2025-05-09 21:00:00,53449.11700195313,346.017881143358,11327.221888834636,41775.87723197513,senario_B
2025-05-09 22:00:00,52025.49359375,105.06069282324778,9774.946064453125,42145.48683647363,senario_B
2025-05-09 23:00:00,49449.477456597226,0.1904810515377256,8681.989883626302,40767.29709191938,senario_B
2025-05-10 00:00:00,47470.25969184028,0.2027715217901601,8593.002724609374,38877.05419570911,senario_B
2025-05-10 01:00:00,45282.06390407986,0.1962132831497325,8682.677621866862,36599.190068929856,senario_B
2025-05-10 02:00:00,43179.96144965278,0.2659405676689413,8808.937787272134,34370.75772181297,senario_B
2025-05-10 03:00:00,41431.698511284725,0.3500798950095971,9058.707546386719,32372.640885002995,senario_B
2025-05-10 04:00:00,40751.41995225695,0.3868977489322424,10020.446329142253,30730.586725365763,senario_B
2025-05-10 05:00:00,40602.40597005208,0.3741362590508328,11364.611993408202,29237.419840384828,senario_B
2025-05-10 06:00:00,40731.07000434028,0.3484620047609011,12561.865914713542,28168.855627621982,senario_B
2025-05-10 07:00:00,41266.02309353299,92.99317115924424,13460.76870727539,27712.261215098355,senario_B
2025-05-10 08:00:00,42264.753542751736,5589.030406358507,13523.191164143882,23152.531972249348,senario_B
2025-05-10 09:00:00,45219.66571180556,18201.36419704861,9389.170672200522,17629.130842556428,senario_B
2025-05-10 10:00:00,47097.2125499132,23311.402923177084,5958.211894938151,17827.597731797967,senario_B
2025-05-10 11:00:00,49302.10297309028,24899.525006510416,8414.361447753907,15988.216518825959,senario_B
2025-05-10 12:00:00,51526.60701497396,24170.355995551214,15315.710472005208,12040.540547417539,senario_B
2025-05-10 13:00:00,53999.198046875,23766.11546440972,19997.754576822917,10235.328005642361,senario_B
2025-05-10 14:00:00,54390.01340711806,23601.66036024305,19292.206928710937,11496.14611816407,senario_B
2025-05-10 15:00:00,55072.57218641493,23635.003568793403,18418.904792887366,13018.663824734162,senario_B
2025-05-10 16:00:00,55319.44877604167,22643.458391927084,17707.81778483073,14968.172599283851,senario_B
2025-05-10 17:00:00,55786.54454427084,20559.25701280382,18161.984547526044,17065.302983940972,senario_B
2025-05-10 18:00:00,55514.20576822916,17647.058920355903,18922.72603515625,18944.420812717006,senario_B
2025-05-10 19:00:00,54325.67255425347,14616.444876302085,19219.135224609374,20490.09245334201,senario_B
2025-05-10 20:00:00,52446.23854275174,5732.998815002441,15918.088085530595,30795.151642218698,senario_B
2025-05-10 21:00:00,51498.94189344618,266.70420822006133,12859.518823649089,38372.71886157703,senario_B
2025-05-10 22:00:00,50465.0845703125,0.1724377203484376,13061.836267903647,37403.07586468851,senario_B
2025-05-10 23:00:00,48580.001292317706,0.2146301195977462,12761.388048502604,35818.398613695506,senario_B
2025-05-11 00:00:00,46376.35839409722,0.2271434159245756,10983.08444498698,35393.04680569431,senario_B
2025-05-11 01:00:00,44066.407799479166,0.352358785221974,8782.150130208334,35283.90531048561,senario_B
2025-05-11 02:00:00,42135.52143012153,0.3615128295289145,6662.843411458332,35472.316505833674,senario_B
2025-05-11 03:00:00,40801.21284071181,0.3554287417067421,4797.825458170573,36003.031953799524,senario_B
2025-05-11 04:00:00,40063.41910915799,0.3468968966686063,3896.585111490885,36166.487100770435,senario_B
2025-05-11 05:00:00,39372.6755078125,0.3791734448737568,3178.659273071289,36193.63706129634,senario_B
2025-05-11 06:00:00,39279.66357530382,0.3604211353179481,2975.516250152587,36303.78690401592,senario_B
2025-05-11 07:00:00,39424.525299479166,74.12250672535764,3542.786613769531,35807.61617898428,senario_B
2025-05-11 08:00:00,40831.63322482639,4755.553735114204,3937.952670491537,32138.12681922065,senario_B
2025-05-11 09:00:00,43871.35825954861,17947.34142578125,2674.6736574300135,23249.343176337345,senario_B
2025-05-11 10:00:00,45682.54298828125,24602.316066623265,1857.8349440002444,19222.391977657742,senario_B
2025-05-11 11:00:00,46885.6804546441,24511.81361653646,5470.493940327962,16903.372897779678,senario_B
2025-05-11 12:00:00,47827.83759548611,24369.13586263021,7582.405883585612,15876.29584927029,senario_B
2025-05-11 13:00:00,49282.16528862847,25256.46718315972,8484.749954427083,15540.94815104167,senario_B
2025-05-11 14:00:00,50697.90954101562,25577.90414659288,9767.724651489258,15352.280742933486,senario_B
2025-05-11 15:00:00,51506.70798936632,25099.691539171006,9982.845215657551,16424.17123453776,senario_B
2025-05-11 16:00:00,52034.42935655382,24462.767594943576,9248.939743855795,18322.722017754444,senario_B
2025-05-11 17:00:00,53406.74967447917,22931.4003515625,8467.986036783856,22007.363286132815,senario_B
2025-05-11 18:00:00,54511.1652734375,21658.82070529514,8126.5979305013025,24725.74663764106,senario_B
2025-05-11 19:00:00,54519.50048611111,17355.969212239583,7452.176374511719,29711.35489935981,senario_B
2025-05-11 20:00:00,53365.726918402775,6697.482163357205,5634.884568277995,41033.360186767575,senario_B
2025-05-11 21:00:00,51477.03943576389,279.9640697392573,5565.367769978841,45631.70759604579,senario_B
2025-05-11 22:00:00,50855.71967881944,0.2002965984245141,6292.860549316406,44562.65883290461,senario_B
2025-05-11 23:00:00,48431.73797851562,0.2227504028214348,7238.170551147461,41193.34467696534,senario_B
2025-05-12 00:00:00,46399.6505360243,0.279840268616875,8455.320985514323,37944.049710241365,senario_B
2025-05-12 01:00:00,43858.21994791667,0.3515394756860203,10043.002986653646,33814.86542178734,senario_B
2025-05-12 02:00:00,42216.75075520833,0.3194477682643467,10635.769594726564,31580.661712713507,senario_B
2025-05-12 03:00:00,40806.27495225694,0.3853777990407414,11022.151940917967,29783.73763353993,senario_B
2025-05-12 04:00:00,39934.29844726562,0.3967241166697608,10356.860724894206,29577.040998254743,senario_B
2025-05-12 05:00:00,40256.182374131946,0.3704033359885216,9749.286323242188,30506.525647553768,senario_B
2025-05-12 06:00:00,41419.4902094184,0.3661790503064791,8988.922124430339,32430.201905937756,senario_B
2025-05-12 07:00:00,43618.17167100695,140.8276285996702,9309.21174153646,34168.13230087083,senario_B
2025-05-12 08:00:00,45409.64771267361,7027.2591015625,10123.514695638021,28258.873915473094,senario_B
2025-05-12 09:00:00,48520.06951280382,20975.731623263888,8199.097176920573,19345.240712619358,senario_B
2025-05-12 10:00:00,50417.36574652778,26073.857272135418,6214.028277282715,18129.480197109646,senario_B
2025-05-12 11:00:00,51293.39718967014,26798.023452690973,7398.323491210938,17097.05024576823,senario_B
2025-05-12 12:00:00,52588.78879991319,26526.948734809022,7531.842745564778,18529.99731953939,senario_B
2025-05-12 13:00:00,54816.69249023437,26108.61145562066,7333.937866007487,21374.14316860622,senario_B
2025-05-12 14:00:00,57182.33936523437,25857.674919162328,7282.728746337891,24041.935699734153,senario_B
2025-05-12 15:00:00,59579.20634440104,25419.065441623265,7454.502044270833,26705.638858506944,senario_B
2025-05-12 16:00:00,62204.22834309896,24686.536948784724,7759.972390340168,29757.719003974074,senario_B
2025-05-12 17:00:00,64574.25790364584,24146.99019748264,9014.989681803385,31412.278024359814,senario_B
2025-05-12 18:00:00,65464.29264973958,23228.669860568574,9564.062490030925,32671.56029914008,senario_B
2025-05-12 19:00:00,65229.92860894097,17187.515207248263,10643.400348307292,37399.013053385424,senario_B
2025-05-12 20:00:00,62835.21942057292,5968.018034261067,13499.703847859702,43367.497538452146,senario_B
2025-05-12 21:00:00,60771.58177951389,228.4270216428033,20051.083201904297,40492.07155596679,senario_B
2025-05-12 22:00:00,59281.92147243924,0.1131893763691186,29137.335859374998,30144.472423687872,senario_B
2025-05-12 23:00:00,55743.35170355903,0.4732350157366858,35611.3421875,20131.536281043293,senario_B
2025-05-13 00:00:00,51742.82247395833,0.6189616097013155,37905.945758463546,13836.257753885082,senario_B
2025-05-13 01:00:00,48554.50609809028,0.9681224355101584,38501.612242838535,10051.925732816235,senario_B
2025-05-13 02:00:00,46910.43831163194,1.1419544572962654,38748.713408203126,8160.582948971518,senario_B
2025-05-13 03:00:00,45461.65649197048,1.1250897633201546,38039.481209309895,7421.050192897266,senario_B
2025-05-13 04:00:00,44760.75688368056,0.8861546098523669,37308.5562109375,7451.3145181332075,senario_B
2025-05-13 05:00:00,44117.42072048611,0.773950145608849,36415.62169921875,7701.025071121752,senario_B
2025-05-13 06:00:00,45606.88579861111,0.9793172381321588,37305.730608723956,8300.175872649022,senario_B
2025-05-13 07:00:00,47741.14016493056,150.35956065389846,36952.67408528646,10638.1065189902,senario_B
2025-05-13 08:00:00,49392.98778862848,5510.532290988498,34181.84162760417,9700.613870035813,senario_B
2025-05-13 09:00:00,51669.84381076389,14733.385442708332,27836.337405598955,9100.120962456596,senario_B
2025-05-13 10:00:00,53876.72571397569,19330.06489312066,24005.669243977864,10540.991576877168,senario_B
2025-05-13 11:00:00,56388.01959635417,21441.380481770837,22459.61975748698,12487.019357096353,senario_B
2025-05-13 12:00:00,59188.18823350695,21782.969993489583,23107.227159830727,14297.991080186643,senario_B
2025-05-13 13:00:00,62459.9865874566,21223.59550401476,25232.094259440106,16004.296824001736,senario_B
2025-05-13 14:00:00,65846.70019097222,22136.7972905816,24549.508780924476,19160.394119466142,senario_B
2025-05-13 15:00:00,69072.8479296875,22820.760201280384,23959.47396525065,22292.613763156467,senario_B
2025-05-13 16:00:00,71836.13901475695,22525.526749131943,24310.225506184895,25000.386759440113,senario_B
2025-05-13 17:00:00,74117.78245225694,20745.479770507813,26210.20158935547,27162.101092393663,senario_B
2025-05-13 18:00:00,74775.19508246527,19119.04044704861,27492.709012044274,28163.44562337239,senario_B
2025-05-13 19:00:00,73478.6189171007,15181.866953667535,27152.220042317706,31144.531921115456,senario_B
2025-05-13 20:00:00,70764.1619921875,4608.508375583225,26744.897507324218,39410.756109280046,senario_B
2025-05-13 21:00:00,68221.27182725695,140.38005043228466,26782.906277669274,41297.98549915539,senario_B
2025-05-13 22:00:00,65840.94475694445,0.1369330377297269,27848.642671712238,37992.16515219447,senario_B
2025-05-13 23:00:00,61876.66856662327,0.1387499006878998,29904.670541992193,31971.859274730392,senario_B
2025-05-14 00:00:00,57527.549817708335,0.2195264247308175,31883.034439290364,25644.295851993244,senario_B
2025-05-14 01:00:00,54064.12609809028,0.3582534768515163,32410.836035156248,21652.931809457183,senario_B
2025-05-14 02:00:00,51423.68555338542,0.633750255290005,32907.508160807294,18515.54364232283,senario_B
2025-05-14 03:00:00,49758.89943142361,0.5088511977427536,32219.210518391927,17539.18006183394,senario_B
2025-05-14 04:00:00,48827.83357638889,0.3171725924478636,32491.964150390624,16335.552253405818,senario_B
2025-05-14 05:00:00,48421.4434657118,0.4937454702291223,32491.458509114585,15929.491211126988,senario_B
2025-05-14 06:00:00,49705.59542100695,0.557501617802514,32772.32026692708,16932.71765246206,senario_B
2025-05-14 07:00:00,51718.21867296007,80.87207279056311,32619.5638671875,19017.782732982014,senario_B
2025-05-14 08:00:00,52747.47942925347,3088.6100549994576,30414.043658854163,19244.82571539985,senario_B
2025-05-14 09:00:00,55245.387265625,11174.48557779948,26316.353544514976,17754.548143310545,senario_B
2025-05-14 10:00:00,58179.51046875,18109.39281684028,21103.015685221355,18967.101966688366,senario_B
2025-05-14 11:00:00,60709.981610243056,20476.407554253477,18366.842366129553,21866.731689860026,senario_B
2025-05-14 12:00:00,64211.20052300347,20903.936263020834,19198.39060221354,24108.873657769094,senario_B
2025-05-14 13:00:00,67914.49689670138,22365.177052408853,20196.962303873697,25352.357540418838,senario_B
2025-05-14 14:00:00,71189.01669704862,22237.42817545573,20473.374114990234,28478.214406602652,senario_B
2025-05-14 15:00:00,74382.38416015625,21388.782923177085,22660.850294596356,30332.7509423828,senario_B
2025-05-14 16:00:00,76124.38447916666,20467.91215711805,23914.958118489583,31741.51420355903,senario_B
2025-05-14 17:00:00,77797.194375,19653.07858778212,25737.634199218748,32406.48158799914,senario_B
2025-05-14 18:00:00,77620.32126302083,17387.37685329861,27098.764791666676,33134.17961805554,senario_B
2025-05-14 19:00:00,75548.06259114583,12030.167098253038,26557.08345621745,36960.81203667535,senario_B
2025-05-14 20:00:00,72162.23588107638,3310.601238793267,26085.664263509112,42765.970378774,senario_B
2025-05-14 21:00:00,69336.21586588542,149.50182100401983,26794.82271809896,42391.89132678244,senario_B
2025-05-14 22:00:00,66870.71159722222,0.5714227568937672,26005.187762858073,40864.95241160726,senario_B
2025-05-14 23:00:00,62975.37368706597,0.6447482803132799,25085.573717447915,37889.15522133774,senario_B
2025-05-15 00:00:00,59077.49358940972,0.5727205160425769,25531.232556152347,33545.68831274133,senario_B
2025-05-15 01:00:00,55173.16297309028,0.7134650086694293,26218.644327799477,28953.805180282136,senario_B
2025-05-15 02:00:00,52736.075390625,0.5191266483234035,27529.661269531258,25205.89499444542,senario_B
2025-05-15 03:00:00,51607.46146484375,0.4364104407032331,29084.255149739583,22522.76990466346,senario_B
2025-05-15 04:00:00,50163.08538628472,0.5619021328952577,27800.209479166668,22362.314004985157,senario_B
2025-05-15 05:00:00,49870.93630533854,0.5490342545509338,27224.302236328127,22646.08503475586,senario_B
2025-05-15 06:00:00,50979.89026258681,0.4958475969235102,31111.270917968755,19868.123497021126,senario_B
2025-05-15 07:00:00,53113.20161675348,59.63172236942582,31985.180439453117,21068.389454930937,senario_B
2025-05-15 08:00:00,54186.27532769097,3028.8125079684787,28825.799381510416,22331.66343821208,senario_B
2025-05-15 09:00:00,56021.186063368055,10012.177046983506,23258.10027018229,22750.908746202254,senario_B
2025-05-15 10:00:00,58335.9773828125,15792.819086371528,18373.218339843752,24169.939956597223,senario_B
2025-05-15 11:00:00,61171.33233723958,19272.812506510418,15758.655014648435,26139.864816080728,senario_B
2025-05-15 12:00:00,64177.41094835069,21316.51821397569,12394.536975911458,30466.35575846354,senario_B
2025-05-15 13:00:00,66955.96258246528,21695.86356987847,10677.859784342447,34582.23922824436,senario_B
2025-05-15 14:00:00,70083.69308376736,21581.676106770832,9739.93301595052,38762.08396104601,senario_B
2025-05-15 15:00:00,72313.2838454861,22274.053409288197,9433.258081054686,40605.97235514322,senario_B
2025-05-15 16:00:00,73595.29918402778,20875.826766493057,10359.920371907552,42359.55204562717,senario_B
2025-05-15 17:00:00,74179.97961371527,17098.1336859809,11257.67821044922,45824.16771728515,senario_B
2025-05-15 18:00:00,73377.7256032986,14858.281187065972,11950.233247884114,46569.21116834852,senario_B
2025-05-15 19:00:00,71297.13342447917,10020.628472900393,13637.288485107423,47639.21646647135,senario_B
2025-05-15 20:00:00,68716.23344618056,3893.84610405816,14584.708439127604,50237.6789029948,senario_B
2025-05-15 21:00:00,66897.19428385417,252.7954183079799,15199.364546305338,51445.03431924085,senario_B
2025-05-15 22:00:00,65114.86107638889,0.3960524412658479,17638.61358561198,47475.85143833564,senario_B
2025-05-15 23:00:00,62008.18245551215,0.4466740633878443,22099.289156901043,39908.44662454772,senario_B
2025-05-16 00:00:00,58339.26514648437,0.4655328379405869,25657.07020996094,32681.729403685495,senario_B
2025-05-16 01:00:00,54789.62550564236,0.4504820135070218,29032.54227864583,25756.632744983028,senario_B
2025-05-16 02:00:00,52677.61486111111,0.6416818710830476,30524.202766113274,22152.770413126753,senario_B
2025-05-16 03:00:00,51412.2329296875,0.816414916018645,31022.100345052088,20389.316169719394,senario_B
2025-05-16 04:00:00,50671.23626953125,0.4640486021836599,29384.28785807292,21286.484362856147,senario_B
2025-05-16 05:00:00,50868.17182725694,0.4476705925994449,27595.43256835937,23272.29158830497,senario_B
2025-05-16 06:00:00,51372.20536892361,0.4792030303345786,24995.491318359374,26376.234847533902,senario_B
2025-05-16 07:00:00,53267.017934027775,63.10317565815316,22001.23508626302,31202.679672106606,senario_B
2025-05-16 08:00:00,54103.88715928819,2366.3659600491,19399.146376953126,32338.374822285965,senario_B
2025-05-16 09:00:00,56618.00560546875,8660.955604926216,18022.246202799477,29934.803797743058,senario_B
2025-05-16 10:00:00,60015.26425998264,14699.81349717882,14898.41749674479,30417.033266059036,senario_B
2025-05-16 11:00:00,63586.70991536458,17950.247734375,14522.551422526041,31113.910758463542,senario_B
2025-05-16 12:00:00,65903.12781901042,20481.77109592014,13360.68601969401,32060.670703396274,senario_B
2025-05-16 13:00:00,67946.73421440972,21681.611453993057,11289.459850260417,34975.66291015624,senario_B
2025-05-16 14:00:00,70431.77676649306,22417.617953559027,9665.777029622395,38348.38178331163,senario_B
2025-05-16 15:00:00,72635.69794704861,22605.132102864583,7093.381201171876,42937.18464301215,senario_B
2025-05-16 16:00:00,74342.1803732639,22378.611790364583,6530.520187174479,45433.048395724836,senario_B
2025-05-16 17:00:00,75092.53490017362,20383.92259982639,6373.6760978190105,48334.93620252822,senario_B
2025-05-16 18:00:00,74286.97204644098,17161.22945529514,7049.993366699218,50075.74922444663,senario_B
2025-05-16 19:00:00,70849.29880642361,10247.332877061632,7655.79965250651,52946.16627685547,senario_B
2025-05-16 20:00:00,66872.708359375,3083.6769808620875,7234.742157389323,56554.28922112359,senario_B
2025-05-16 21:00:00,64785.38725694444,175.47908168037733,8320.349075520833,56289.55909974323,senario_B
2025-05-16 22:00:00,63733.18086154514,0.454296714497937,12286.279835611978,51446.44672921866,senario_B
2025-05-16 23:00:00,61873.31361979167,0.5006187068091499,15324.15277669271,46548.66022439215,senario_B
2025-05-17 00:00:00,59331.90019748264,0.4950270908408695,18201.582403971355,41129.822766420446,senario_B
2025-05-17 01:00:00,56235.77805555556,0.5341875859101614,21438.49427734375,34796.7495906259,senario_B
2025-05-17 02:00:00,54064.89019856771,0.6231678354409006,25503.19424967448,28561.07278105779,senario_B
2025-05-17 03:00:00,52202.81195095486,0.9736103649602996,27027.0362890625,25174.8020515274,senario_B
2025-05-17 04:00:00,51046.557901475695,1.216176086796655,26763.26847330729,24282.07325208161,senario_B
2025-05-17 05:00:00,50319.15071180555,0.696059663593769,24903.97276855469,25414.481883587272,senario_B
2025-05-17 06:00:00,49791.113307291664,0.6567487378252878,22302.997744140623,27487.458814413214,senario_B
2025-05-17 07:00:00,49625.83543294271,73.97147824380133,20816.973699544273,28734.890255154634,senario_B
2025-05-17 08:00:00,50626.97633680556,2298.394954867893,20403.25338216146,27925.327999776204,senario_B
2025-05-17 09:00:00,54018.0092578125,7008.180191514757,18980.409977213545,28029.419089084193,senario_B
2025-05-17 10:00:00,57924.39536458333,11612.032700737847,17904.821134440106,28407.541529405382,senario_B
2025-05-17 11:00:00,61873.754607204864,14923.32306532118,16122.03778971354,30828.393752170145,senario_B
2025-05-17 12:00:00,64347.50100911458,17307.825349392362,15469.088828125003,31570.58683159722,senario_B
2025-05-17 13:00:00,66853.1664279514,20713.40401584201,15332.02314900716,30807.739263102223,senario_B
2025-05-17 14:00:00,69583.70110677084,22403.5574609375,16915.90162109375,30264.242024739582,senario_B
2025-05-17 15:00:00,72138.71159288194,22553.504190538195,19887.619146321616,29697.58825602213,senario_B
2025-05-17 16:00:00,73829.64344618056,21432.407684461807,21408.342740071614,30988.893021647138,senario_B
2025-05-17 17:00:00,74978.45885416666,18111.590067274305,24784.50726888021,32082.36151801215,senario_B
2025-05-17 18:00:00,73788.004375,13766.699947645398,27433.972418619793,32587.33200873481,senario_B
2025-05-17 19:00:00,71069.56097222223,9213.717466905382,26225.293694661457,35630.54981065539,senario_B
2025-05-17 20:00:00,67155.99090711806,3856.3322619628902,22907.849484049482,40391.80916110569,senario_B
2025-05-17 21:00:00,64363.34990017361,262.75419412222175,23679.10114746094,40421.49455859045,senario_B
2025-05-17 22:00:00,62951.390221354166,0.4834141858418782,26951.476901041664,35999.42990612666,senario_B
2025-05-17 23:00:00,60880.376725260416,0.7715130484104157,29245.77480794271,31633.83040426929,senario_B
2025-05-18 00:00:00,58142.2872265625,0.7675220791829956,31239.35953776042,26902.16016672289,senario_B
2025-05-18 01:00:00,55150.89814887153,0.9459139478206634,30608.648131510417,24541.30410341329,senario_B
2025-05-18 02:00:00,53526.480505642365,0.8772635310557153,30313.35796875,23212.245273361314,senario_B
2025-05-18 03:00:00,51863.322725694445,0.7683620306518343,30012.765406901042,21849.788956762754,senario_B
2025-05-18 04:00:00,50633.18900390625,1.0508242261740897,29257.310358072915,21374.827821607163,senario_B
2025-05-18 05:00:00,49879.41351996528,0.779709148340755,29793.1383984375,20085.495412379445,senario_B
2025-05-18 06:00:00,49801.52911241319,0.8909734574953715,30981.94327799479,18818.69486096091,senario_B
2025-05-18 07:00:00,49959.93960720486,60.33598573078712,31420.72513997396,18478.878481500113,senario_B
2025-05-18 08:00:00,50552.85697048612,1878.5741770426432,30421.843587239586,18252.43920620389,senario_B
2025-05-18 09:00:00,53426.98712456597,6916.744544270833,29096.373974609374,17413.86860568576,senario_B
2025-05-18 10:00:00,56859.43665798611,11892.290462239584,29981.140976562496,14986.005219184026,senario_B
2025-05-18 11:00:00,61020.643438585066,16137.594644097222,31356.899557291665,13526.149237196176,senario_B
2025-05-18 12:00:00,64186.47938042535,18738.54943359375,30218.17547200521,15229.754474826394,senario_B
2025-05-18 13:00:00,65809.49219401041,17573.340978732638,30892.334856770834,17343.816358506938,senario_B
2025-05-18 14:00:00,67332.69899305556,17774.595670572915,31528.337558593754,18029.765763888885,senario_B
2025-05-18 15:00:00,67856.01342881944,16628.631724175346,32401.959908854165,18825.42179578993,senario_B
2025-05-18 16:00:00,68791.4635655382,16702.93883138021,32735.193968098956,19353.33076605904,senario_B
2025-05-18 17:00:00,68950.594140625,15199.57777126736,33215.22210286458,20535.794266493067,senario_B
2025-05-18 18:00:00,68656.43870442708,13050.070084635418,34245.784518229164,21360.584101562505,senario_B
2025-05-18 19:00:00,67505.85595052084,8998.098569878472,34237.302473958334,24270.454906684034,senario_B
2025-05-18 20:00:00,65762.07394314236,4534.322020670573,35400.3730078125,25827.378914659283,senario_B
2025-05-18 21:00:00,64741.99799479167,334.90101309776304,36626.97148763022,27780.125494063694,senario_B
2025-05-18 22:00:00,63312.164722222224,0.8106361939840847,38008.96261067709,25302.39147535115,senario_B
2025-05-18 23:00:00,60762.74126085069,1.1091562741994858,39120.26991373698,21641.362190839514,senario_B
2025-05-19 00:00:00,57684.48828776042,1.1153291829427083,39691.43362630208,17991.939332275397,senario_B
2025-05-19 01:00:00,55074.706434461805,1.1039278053575092,39568.926787109376,15504.675719547071,senario_B
2025-05-19 02:00:00,53442.05176432292,0.998714164826605,38513.91367838541,14927.139371772682,senario_B
2025-05-19 03:00:00,51865.50062717014,0.7534267166919179,35985.29478841146,15879.452412041988,senario_B
2025-05-19 04:00:00,51125.38447482639,0.6380765066213078,31833.042503255216,19291.70389506455,senario_B
2025-05-19 05:00:00,51251.74621527778,0.5933676951130231,28362.828932291668,22888.323915291003,senario_B
2025-05-19 06:00:00,52692.03552517361,0.6274870336055756,27134.534781901042,25556.873256238963,senario_B
2025-05-19 07:00:00,54592.06320529514,132.16023346480395,26240.592526041666,28219.31044578867,senario_B
2025-05-19 08:00:00,55755.22838758681,3492.0636955430773,26563.055533854167,25700.109158189567,senario_B
2025-05-19 09:00:00,57677.80029296875,10848.760970594618,25126.06911132813,21702.970211046006,senario_B
2025-05-19 10:00:00,60426.642350260416,14514.434305555556,24784.09722330729,21128.110821397568,senario_B
2025-05-19 11:00:00,62583.965703125,15587.955668402778,25133.354278971354,21862.65575575087,senario_B
2025-05-19 12:00:00,64465.26591796875,16562.529972873264,23625.448668619796,24277.287276475687,senario_B
2025-05-19 13:00:00,66311.308046875,17930.94845920139,24106.455662434895,24273.903925238712,senario_B
2025-05-19 14:00:00,68326.73465494791,17819.626085069445,26311.784993489586,24195.32357638888,senario_B
2025-05-19 15:00:00,69629.8886328125,17029.90089518229,28152.511223958336,24447.476513671867,senario_B
2025-05-19 16:00:00,70840.0677842882,15149.62833875868,30538.80996582031,25151.62947970921,senario_B
2025-05-19 17:00:00,71394.1711111111,13169.240157335067,32689.171868489586,25535.759085286456,senario_B
2025-05-19 18:00:00,71003.5302734375,11724.695190700955,33489.16190673828,25789.673175998265,senario_B
2025-05-19 19:00:00,70234.82240885416,8895.29008734809,34404.26526367188,26935.267057834193,senario_B
2025-05-19 20:00:00,68642.01792534722,4172.589363606771,36762.33991210938,27707.088649631063,senario_B
2025-05-19 21:00:00,67574.76766059028,281.33601179805066,36445.47864420573,30847.953004586503,senario_B
2025-05-19 22:00:00,65473.183637152775,0.4174306225776672,30754.34841796875,34718.41778856145,senario_B
2025-05-19 23:00:00,61894.44373046875,0.4279006850388315,27025.71756510417,34868.29826467954,senario_B
2025-05-20 00:00:00,58166.25855577257,0.4173508768611484,25964.022281901045,32201.818922994666,senario_B
2025-05-20 01:00:00,55358.273161892364,0.5438630004392729,27908.83843098958,27448.89086790234,senario_B
2025-05-20 02:00:00,53692.63317274306,0.5093378599815899,29132.223541666666,24559.900293216408,senario_B
2025-05-20 03:00:00,53640.76712456597,0.5284856278697649,30712.540745442704,22927.697893495402,senario_B
2025-05-20 04:00:00,52194.98671440972,0.8174369195434782,30942.264589843748,21251.904687646434,senario_B
2025-05-20 05:00:00,51604.21008246528,0.9420702224638728,30192.823405761723,21410.44460648109,senario_B
2025-05-20 06:00:00,52367.58375,1.0713842136992349,27470.505240885424,24896.007124900876,senario_B
2025-05-20 07:00:00,53877.3238671875,112.99127298408084,23432.005634765625,30332.326959437796,senario_B
2025-05-20 08:00:00,54345.53314236111,4080.442572631836,18167.519057617188,32097.57151211209,senario_B
2025-05-20 09:00:00,56328.47583333333,14113.838822699652,13374.811582031249,28839.825428602428,senario_B
2025-05-20 10:00:00,58489.44063368056,19688.69799045139,12507.383470865883,26293.359172363285,senario_B
2025-05-20 11:00:00,60046.44999782986,22408.537259114582,9296.673860677083,28341.238878038203,senario_B
2025-05-20 12:00:00,62066.30348741319,24291.158483072915,6532.257823486328,31242.887180853944,senario_B
2025-05-20 13:00:00,64080.26002387153,25148.87948784722,4587.897410888671,34343.483125135645,senario_B
2025-05-20 14:00:00,66321.83836588541,25599.67715060764,3791.8433561197917,36930.317859157985,senario_B
2025-05-20 15:00:00,68264.94662760416,26532.769207899302,3516.811798095703,38215.36562160916,senario_B
2025-05-20 16:00:00,70027.37847222222,26674.3912890625,3740.6095743815094,39612.37760877821,senario_B
2025-05-20 17:00:00,71487.023515625,25589.821423068577,3746.0437471516925,42151.15834540473,senario_B
2025-05-20 18:00:00,72277.39549479166,23804.66984157986,3096.292964477539,45376.43268873427,senario_B
2025-05-20 19:00:00,70706.97021701389,19544.30817057292,2861.9374643961587,48300.724582044815,senario_B
2025-05-20 20:00:00,66768.53745442709,8065.932594672309,2919.8638916015625,55782.740968153215,senario_B
2025-05-20 21:00:00,63157.35837673611,488.8088844894039,4546.77942586263,58121.77006638408,senario_B
2025-05-20 22:00:00,62195.15876953125,0.4603320568799972,10229.560196126302,51965.13824134807,senario_B
2025-05-20 23:00:00,59194.85284288194,0.4910459027191003,15295.070983072914,43899.29081390631,senario_B
2025-05-21 00:00:00,55232.4905859375,0.5750396978192859,19871.410239257813,35360.50530698187,senario_B
2025-05-21 01:00:00,51611.55268663194,0.8866499888565805,24646.256542968753,26964.409493674335,senario_B
2025-05-21 02:00:00,49235.78220486111,0.8362789961695671,26449.845595703126,22785.10033016182,senario_B
2025-05-21 03:00:00,47587.088246527775,0.8408907315300571,26930.08789876302,20656.159457033224,senario_B
2025-05-21 04:00:00,46839.83299262153,0.953563211494022,27658.084059244793,19180.795370165244,senario_B
2025-05-21 05:00:00,46957.94857204861,0.8768907292021646,27560.596118164067,19396.47556315534,senario_B
2025-05-21 06:00:00,47134.15145833333,0.7033326461580065,26907.049677734376,20226.39844795279,senario_B
2025-05-21 07:00:00,48841.430251736114,258.7368965894646,28485.848378906252,20096.844976240398,senario_B
2025-05-21 08:00:00,50433.23040256077,5521.067760281033,28003.931938476562,16908.230703803172,senario_B
2025-05-21 09:00:00,52781.16245659722,13737.615075954862,22788.898177083334,16254.649203559027,senario_B
2025-05-21 10:00:00,55205.54014322917,18762.468719618057,20833.05173909505,15610.019684516057,senario_B
2025-05-21 11:00:00,56445.05362630208,19441.38977213541,20502.862283528644,16500.801570638017,senario_B
2025-05-21 12:00:00,58970.49091362847,21024.81591145833,19814.246482747396,18131.42851942275,senario_B
2025-05-21 13:00:00,61658.797495659725,22475.51482421875,19419.908165690103,19763.37450575087,senario_B
2025-05-21 14:00:00,64587.11086154514,23300.7592578125,17811.705940755208,23474.645662977426,senario_B
2025-05-21 15:00:00,67302.6036610243,24902.85857855903,15513.658736979167,26886.08634548611,senario_B
2025-05-21 16:00:00,69076.2225390625,25124.584683159723,12811.20054361979,31140.437312282982,senario_B
2025-05-21 17:00:00,70801.76887586806,24217.284709201387,11135.602798665364,35448.88136800131,senario_B
2025-05-21 18:00:00,71029.42222222222,21691.090121527777,10275.148138020833,39063.183962673604,senario_B
2025-05-21 19:00:00,70048.8219921875,16671.066080729168,10368.746555989583,43009.00935546875,senario_B
2025-05-21 20:00:00,67515.99720052084,7083.541507703993,11118.604695027669,49313.85099778918,senario_B
2025-05-21 21:00:00,65280.30302517361,473.89076677974725,15397.479737955733,49408.93252043813,senario_B
2025-05-21 22:00:00,63792.961742621526,0.4528061335947778,21767.157154947916,42025.35178154001,senario_B
2025-05-21 23:00:00,60021.89067274306,0.6101655121975474,25653.500833333335,34367.77967389753,senario_B
2025-05-22 00:00:00,56642.76110568576,0.7601183770100276,29938.14125,26703.859737308747,senario_B
2025-05-22 01:00:00,53490.09939887153,1.0879678520229128,32286.342106119795,21202.66932489971,senario_B
2025-05-22 02:00:00,51709.00804253472,1.1809011089967356,34214.14498942057,17493.682152005153,senario_B
2025-05-22 03:00:00,50177.41749782986,1.0416879482236174,32809.5125764974,17366.86323338424,senario_B
2025-05-22 04:00:00,49330.11399631076,1.139143072432942,31234.78715820313,18094.1876950352,senario_B
2025-05-22 05:00:00,48830.12557508681,0.9336857622861864,28728.374876302078,20100.817013022446,senario_B
2025-05-22 06:00:00,49570.092176649305,0.7091965616080496,26197.2197265625,23372.1632535252,senario_B
2025-05-22 07:00:00,51339.49978298611,150.06498741865158,24429.481220703125,26759.953574864336,senario_B
2025-05-22 08:00:00,52715.602063802085,4170.75012620714,20441.372062174476,28103.47987542047,senario_B
2025-05-22 09:00:00,55795.770032552085,14120.013444010418,15861.598045247396,25814.158543294274,senario_B
2025-05-22 10:00:00,60759.36103624132,21115.012960069445,15874.426861979166,23769.921214192702,senario_B
2025-05-22 11:00:00,62616.80726996528,24152.442859157985,16175.777898356122,22288.58651245117,senario_B
2025-05-22 12:00:00,64818.134856770834,24577.257390407987,13666.347531738284,26574.52993462456,senario_B
2025-05-22 13:00:00,68525.25265625,23759.001796875,11657.515970865885,33108.73488850911,senario_B
2025-05-22 14:00:00,72256.17320746528,23455.474262152777,11101.857167154947,37698.841778157555,senario_B
2025-05-22 15:00:00,74659.22792751736,23040.62703342014,11672.560450846355,39946.040443250866,senario_B
2025-05-22 16:00:00,76323.58539496528,22201.16157172309,14488.61031982422,39633.81350341797,senario_B
2025-05-22 17:00:00,76594.3639735243,19812.14576171875,18137.996025390625,38644.222186414925,senario_B
2025-05-22 18:00:00,75725.06874565972,18040.39144314236,21549.621111653647,36135.05619086372,senario_B
2025-05-22 19:00:00,73253.09882378472,13983.340649956595,24999.07742513021,34270.68074869791,senario_B
2025-05-22 20:00:00,70423.10125434028,5355.992119954427,27161.53328125,37905.57585313585,senario_B
2025-05-22 21:00:00,68634.82389756944,333.2256850819455,29558.056287434898,38743.5419250526,senario_B
2025-05-22 22:00:00,66403.81773654514,0.2884694942418072,29426.776084798174,36976.75318225272,senario_B
2025-05-22 23:00:00,63016.44401041666,0.2504803031351831,28227.928229166668,34788.265300946856,senario_B
2025-05-23 00:00:00,59486.61037326389,0.6159070316536559,30645.56423828125,28840.43022795098,senario_B
2025-05-23 01:00:00,56251.46621961806,0.3027070466760132,29777.026657714843,26474.136854856537,senario_B
2025-05-23 02:00:00,53750.63378689236,0.2893120960394541,29790.234794921875,23960.109679874447,senario_B
2025-05-23 03:00:00,51637.35047200521,0.277567207912604,28592.27462239584,23044.798282401454,senario_B
2025-05-23 04:00:00,49908.2658203125,0.26530296732982,27050.913027343748,22857.087490001424,senario_B
2025-05-23 05:00:00,49299.97084418403,0.2552523928177025,24046.06273111979,25253.65286067142,senario_B
2025-05-23 06:00:00,49863.506766493054,0.2785109300745858,24248.469243164065,25614.759012398914,senario_B
2025-05-23 07:00:00,51158.48475477431,142.3379249076214,22507.276359049476,28508.87047081721,senario_B
2025-05-23 08:00:00,52285.1823046875,4619.238891669379,20251.627924804685,27414.315488213433,senario_B
2025-05-23 09:00:00,56219.42949435764,15290.498384331597,17197.932353515625,23730.998756510413,senario_B
2025-05-23 10:00:00,59227.46435763889,19783.522981770835,16770.730473632815,22673.210902235245,senario_B
2025-05-23 11:00:00,62508.48231119791,20187.66956922743,19123.2926180013,23197.520123969185,senario_B
2025-05-23 12:00:00,65808.38306423611,21746.00193033854,19808.435148925782,24253.94598497179,senario_B
2025-05-23 13:00:00,68928.08918836806,23162.61041015625,18612.713572591147,27152.76520562066,senario_B
2025-05-23 14:00:00,72345.44148003473,24291.8002061632,17103.133074544272,30950.508199327258,senario_B
2025-05-23 15:00:00,75641.50097222222,25726.363098958333,16713.571123046873,33201.56675021701,senario_B
2025-05-23 16:00:00,77887.21780164931,24466.85152560764,19235.827034505208,34184.53924153647,senario_B
2025-05-23 17:00:00,79060.89068142361,21579.964322916665,23734.072950846356,33746.85340766059,senario_B
2025-05-23 18:00:00,78676.73724175348,18591.35527994792,28842.08059895833,31243.301362847225,senario_B
2025-05-23 19:00:00,76409.59966796875,13283.83074842665,32901.69252034505,30224.076399197053,senario_B
2025-05-23 20:00:00,73189.23258680555,3928.817918497721,34454.92040690103,34805.4942614068,senario_B
2025-05-23 21:00:00,70749.92620225695,120.55820185263951,36121.40635335287,34507.961647051445,senario_B
2025-05-23 22:00:00,68839.19461154514,0.4650079945723215,38402.755087890626,30435.974515659946,senario_B
2025-05-23 23:00:00,65786.26632595486,0.4810582017484638,39663.858505859374,26121.92676189373,senario_B
2025-05-24 00:00:00,62638.000525173615,0.5251475491788652,39551.651953124994,23085.82342449944,senario_B
2025-05-24 01:00:00,59405.38944878472,0.650582420097457,39439.723460286456,19965.01540607817,senario_B
2025-05-24 02:00:00,56759.38308919271,0.5869146229161156,39391.41120361328,17367.38497095651,senario_B
2025-05-24 03:00:00,55107.20652994792,0.4255573672552903,38927.29180908203,16179.489163498634,senario_B
2025-05-24 04:00:00,53543.263539496525,0.5173656315935983,38124.2017154948,15418.544458370132,senario_B
2025-05-24 05:00:00,52647.25667751736,0.5333158607946502,37533.961796874995,15112.76156478157,senario_B
2025-05-24 06:00:00,52391.81811197917,0.6144831313358413,36971.529013671876,15419.674615175958,senario_B
2025-05-24 07:00:00,52131.47032986111,113.85236602369282,36411.531513671885,15606.086450165538,senario_B
2025-05-24 08:00:00,53339.71590060764,4305.527932874891,34602.58769124349,14431.600276489262,senario_B
2025-05-24 09:00:00,57134.11662109375,10983.132566189235,33634.07175455729,12516.912300347227,senario_B
2025-05-24 10:00:00,61088.37332356771,15278.088238661025,34731.194868977866,11079.090215928816,senario_B
2025-05-24 11:00:00,63911.30972873264,17698.89845811632,33603.11173909505,12609.299531521261,senario_B
2025-05-24 12:00:00,66132.82195963542,19438.184996202257,31125.82364176432,15568.813321668844,senario_B
2025-05-24 13:00:00,68874.43968315973,22499.559704861116,28477.884602864586,17896.995375434024,senario_B
2025-05-24 14:00:00,70782.332421875,24299.743125,25383.25806152344,21099.331235351565,senario_B
2025-05-24 15:00:00,73347.32905381944,24436.094913194444,23080.900026041665,25830.334114583333,senario_B
2025-05-24 16:00:00,75366.07005859374,24020.102647569445,23387.578702799477,27958.388708224822,senario_B
2025-05-24 17:00:00,76543.58692925348,22810.510444335938,25698.175113932295,28034.901370985244,senario_B
2025-05-24 18:00:00,76483.07661458333,20118.80634765625,28826.32613932291,27537.94412760417,senario_B
2025-05-24 19:00:00,75127.74651909723,15269.169469401042,32581.793583984378,27276.783465711807,senario_B
2025-05-24 20:00:00,72398.12676649305,5180.501446126302,35598.862701822916,31618.762618543828,senario_B
2025-05-24 21:00:00,69842.17200086806,174.57030640125274,37169.92190592448,32497.67978854233,senario_B
2025-05-24 22:00:00,67549.087109375,0.7304639604025417,37962.326015624996,29586.03062978961,senario_B
2025-05-24 23:00:00,64463.075640190975,0.3261960133910179,37542.847180989585,26919.902263188,senario_B
2025-05-25 00:00:00,61290.20709743923,0.2416341973344485,34352.58780273438,26937.377660507518,senario_B
2025-05-25 01:00:00,58611.90082465278,0.171879085716274,30496.057158203126,28115.671787363935,senario_B
2025-05-25 02:00:00,55546.55615342882,0.2698058477044106,27271.419020182293,28274.867327398824,senario_B
2025-05-25 03:00:00,53785.53009765625,0.2865304362608327,25857.461041666666,27927.78252555332,senario_B
2025-05-25 04:00:00,52633.41231987847,0.2656441382732656,26096.035458984374,26537.111216755828,senario_B
2025-05-25 05:00:00,51555.244231770834,0.2698995049008065,25966.50038330078,25588.473948965155,senario_B
2025-05-25 06:00:00,51427.5037000868,0.3296663899057441,26723.515302734377,24703.658730962517,senario_B
2025-05-25 07:00:00,51124.14671006944,82.44738793104887,29825.336689453125,21216.362632685272,senario_B
2025-05-25 08:00:00,52304.03440212674,4491.291171332466,31605.833954264323,16206.90927652995,senario_B
2025-05-25 09:00:00,57344.61842664931,13253.525576171874,32982.31298177083,11108.779868706602,senario_B
2025-05-25 10:00:00,60183.94583984375,15049.36625922309,34772.51115966798,10362.06842095268,senario_B
2025-05-25 11:00:00,63264.67926215278,17408.28287109375,34149.179140625,11707.217250434027,senario_B
2025-05-25 12:00:00,65653.7683420139,19152.11108940972,32235.965608723956,14265.691643880215,senario_B
2025-05-25 13:00:00,68490.58737413194,21287.800540364584,29862.03098958333,17340.755844184027,senario_B
2025-05-25 14:00:00,71109.30770833333,22561.20949435764,27570.424283854165,20977.67393012153,senario_B
2025-05-25 15:00:00,73402.93463975695,22982.93181423611,24713.685314127604,25706.317511393227,senario_B
2025-05-25 16:00:00,75053.20430989584,22352.40941623264,24597.092330322266,28103.702563340936,senario_B
2025-05-25 17:00:00,76070.50378038194,21722.123365885414,26703.79402018229,27644.586394314236,senario_B
2025-05-25 18:00:00,76157.45855685764,18899.65675564236,29442.081614583334,27815.72018663195,senario_B
2025-05-25 19:00:00,74829.47505642362,13973.690299479167,30868.807822265626,29986.976934678823,senario_B
2025-05-25 20:00:00,72137.40105902778,4915.089465467665,31144.971321614576,36077.34027194553,senario_B
2025-05-25 21:00:00,69972.72383680556,294.77742492477097,33466.542780761716,36211.403631119065,senario_B
2025-05-25 22:00:00,68381.41243489583,0.4801885705855158,35980.52650472005,32400.405741605195,senario_B
2025-05-25 23:00:00,65516.08628689236,0.3997406379547384,33947.266875,31568.4196712544,senario_B
2025-05-26 00:00:00,62451.2388812934,0.3368434613694747,32232.989248860675,30217.912788971353,senario_B
2025-05-26 01:00:00,59543.95662217882,0.3499828816784753,29630.712558593754,29912.894080703387,senario_B
2025-05-26 02:00:00,56937.12532118055,0.3234825499686929,29564.05708984375,27372.744748786834,senario_B
2025-05-26 03:00:00,54110.66119357639,0.3316570368616117,26879.505217285154,27230.82431925437,senario_B
2025-05-26 04:00:00,52025.47238498264,0.3254731449153688,21592.071853841146,30433.075057996582,senario_B
2025-05-26 05:00:00,51607.21356553819,0.3335663190484046,19815.80801757812,31791.07198164102,senario_B
2025-05-26 06:00:00,51218.1131141493,0.3158066523075103,19927.535146484377,31290.262161012615,senario_B
2025-05-26 07:00:00,50871.53664171007,56.06912458823787,19630.287680664063,31185.179836457763,senario_B
2025-05-26 08:00:00,50683.37784288194,2371.811432495117,18056.484728190102,30255.081682196724,senario_B
2025-05-26 09:00:00,53201.26061631944,7246.550219184028,16169.158330078124,29785.55206705729,senario_B
2025-05-26 10:00:00,56017.72010850695,10161.590748697916,15211.231627604164,30644.897732204863,senario_B
2025-05-26 11:00:00,57860.80685438368,12304.89650390625,13733.82881673177,31822.081533745655,senario_B
2025-05-26 12:00:00,59211.18509331597,13265.438648003472,13287.955592447915,32657.790852864586,senario_B
2025-05-26 13:00:00,59777.38475043403,16197.387151692708,12930.719384765624,30649.278213975696,senario_B
2025-05-26 14:00:00,58806.61380859375,16910.74288845486,12100.25107828776,29795.619841851127,senario_B
2025-05-26 15:00:00,59776.32737196181,16290.003920355904,11117.442192382812,32368.88125922309,senario_B
2025-05-26 16:00:00,60259.825360243056,17036.724088541665,11719.794706217448,31503.306565483945,senario_B
2025-05-26 17:00:00,61085.475414496526,16024.244388020834,14553.787599283856,30507.44342719184,senario_B
2025-05-26 18:00:00,61981.2842860243,13708.55994249132,17498.92729654948,30773.79704698351,senario_B
2025-05-26 19:00:00,61739.08913411458,9391.583929036458,18874.547034505205,33472.95817057292,senario_B
2025-05-26 20:00:00,60111.95486328125,3974.0084924316407,19269.687727864584,36868.25864298503,senario_B
2025-05-26 21:00:00,59185.741181640624,320.5612643968314,16948.78512044271,41916.394796801076,senario_B
2025-05-26 22:00:00,56711.91134765625,0.1455824600160122,14854.177810872396,41857.58795432384,senario_B
2025-05-26 23:00:00,54530.51652235243,0.1460477304541402,16308.350811360677,38222.01966326129,senario_B
2025-05-27 00:00:00,51999.08457139757,0.1633304532368978,17937.27032348633,34061.650917458006,senario_B
2025-05-27 01:00:00,49372.72848524305,0.1620340099020136,17638.47669596354,31734.089755269608,senario_B
2025-05-27 02:00:00,47265.18912217882,0.1606060754921701,16487.514770507816,30777.51374559551,senario_B
2025-05-27 03:00:00,45358.93827690972,0.1703051609794298,14093.62528645833,31265.14268529041,senario_B
2025-05-27 04:00:00,44285.0555967882,0.269812365439203,12655.736196289065,31629.049588133697,senario_B
2025-05-27 05:00:00,44026.92483832465,0.2801563111941019,10696.86330891927,33329.781373094185,senario_B
2025-05-27 06:00:00,45116.044422743056,0.2964989467461904,9618.864650065105,35496.883273731204,senario_B
2025-05-27 07:00:00,46640.64995659722,60.433813054098025,9374.98648010254,37205.22966344058,senario_B
2025-05-27 08:00:00,47937.23692708334,2534.7914701334635,8815.773530680339,36586.67192626953,senario_B
2025-05-27 09:00:00,50602.990574001735,10177.32023654514,7127.170597330729,33298.49974012587,senario_B
2025-05-27 10:00:00,53200.73340060764,15850.77794921875,6563.244879557292,30786.7105718316,senario_B
2025-05-27 11:00:00,56247.38704427084,19827.10612630208,7219.660551757813,29200.620366210947,senario_B
2025-05-27 12:00:00,58682.02092556423,21906.48343532986,6899.4851871744795,29876.052303059896,senario_B
2025-05-27 13:00:00,61505.97892903646,23482.792374131943,6645.4365747070315,31377.749980197485,senario_B
2025-05-27 14:00:00,63986.13091471354,24066.220430230034,6304.864721883138,33615.04576260037,senario_B
2025-05-27 15:00:00,66989.85378689236,23006.035503472223,5752.514261067708,38231.30402235243,senario_B
2025-05-27 16:00:00,69397.17245225694,22033.479090711804,5194.9763993326815,42168.716962212464,senario_B
2025-05-27 17:00:00,70682.06809027778,21163.755,6210.0323413085935,43308.280748969184,senario_B
2025-05-27 18:00:00,70429.93677083333,17579.866657443577,8399.120381062825,44450.94973232693,senario_B
2025-05-27 19:00:00,68747.09698784722,13048.244210340712,10678.814380493164,45020.038397013355,senario_B
2025-05-27 20:00:00,65624.11628038195,4089.710310533312,12484.282359212239,49050.123610636394,senario_B
2025-05-27 21:00:00,62723.49003472222,195.41583853354055,12424.381088053386,50103.693108135296,senario_B
2025-05-27 22:00:00,60423.26007052951,0.2857797829972373,13029.296114908853,47393.67817583766,senario_B
2025-05-27 23:00:00,59155.75655381945,0.2848118735104799,16305.492119140625,42849.97962280531,senario_B
2025-05-28 00:00:00,56403.02954644097,0.293278119067351,17798.625751953125,38604.110516368775,senario_B
2025-05-28 01:00:00,52796.63849826389,0.3020272643698586,17658.385740559894,35137.950730439625,senario_B
2025-05-28 02:00:00,51008.04815104167,0.3320580110285017,15847.389161783856,35160.32693124679,senario_B
2025-05-28 03:00:00,49338.55312174479,0.4086108773863978,13674.179935302735,35663.96457556468,senario_B
2025-05-28 04:00:00,48254.24670789931,0.4083381823698679,11528.402677408852,36725.43569230808,senario_B
2025-05-28 05:00:00,47420.29156467014,0.4104770149787267,9783.169847005207,37636.71124064995,senario_B
2025-05-28 06:00:00,47891.57573784722,0.4574047529697418,7936.635262044271,39954.48307104998,senario_B
2025-05-28 07:00:00,49299.73833984375,56.15342003083892,8549.49496907552,40694.0899507374,senario_B
2025-05-28 08:00:00,50707.773489583335,1714.1925909423828,11502.860544230141,37490.72035441081,senario_B
2025-05-28 09:00:00,51916.4565375434,6142.096489800348,11428.920965983074,34345.439081759985,senario_B
2025-05-28 10:00:00,53305.3644032118,10183.278202582464,10283.548928222655,32838.537272406684,senario_B
2025-05-28 11:00:00,54067.39239149306,13271.151271701388,9729.431097819011,31066.810021972655,senario_B
2025-05-28 12:00:00,56066.60947374132,15769.841809895834,10059.69450032552,30237.073163519966,senario_B
2025-05-28 13:00:00,57028.48372612847,18140.19070746528,9449.416608886719,29438.876409776465,senario_B
2025-05-28 14:00:00,57757.97491319444,18740.215141059027,8130.152040201823,30887.60773193359,senario_B
2025-05-28 15:00:00,59630.714016927086,20212.762643229165,8306.994567871094,31110.956805826827,senario_B
2025-05-28 16:00:00,61908.86326605903,20665.32404296875,9127.800100911458,32115.73912217882,senario_B
2025-05-28 17:00:00,63920.97438802083,21079.41734809028,10302.252459309897,32539.30458062066,senario_B
2025-05-28 18:00:00,64608.53736328125,17744.360630425348,11615.805452473958,35248.37128038194,senario_B
2025-05-28 19:00:00,63907.9285546875,15159.225225694445,13664.580742187503,35084.12258680555,senario_B
2025-05-28 20:00:00,61735.16104817709,6532.246370713976,16716.932610677082,38485.98206678603,senario_B
2025-05-28 21:00:00,59594.63544487847,517.6444190529817,18295.848821614585,40781.142204210904,senario_B
2025-05-28 22:00:00,58364.354817708336,0.3097216933303409,20697.960211588543,37666.08488442646,senario_B
2025-05-28 23:00:00,55495.44018229167,0.3911371598723862,21450.883102213542,34044.165942918255,senario_B
2025-05-29 00:00:00,52312.52464301216,0.3820929091340965,21917.53465169271,30394.607898410322,senario_B
2025-05-29 01:00:00,50164.47790690104,0.3131590427623855,22312.126018880208,27852.038728978067,senario_B
2025-05-29 02:00:00,48776.92503255208,0.3730821034974522,21806.782117513023,26969.769832935555,senario_B
2025-05-29 03:00:00,47460.10539496528,0.3989795929359065,22355.699036458333,25104.007378914008,senario_B
2025-05-29 04:00:00,45678.386812065975,0.5437899797326988,18449.904104817706,27227.938917268537,senario_B
2025-05-29 05:00:00,45305.490167100696,0.6723680090241962,15510.01126993815,29794.806529153524,senario_B
2025-05-29 06:00:00,46106.0070562066,0.649139154056708,12980.240144856773,33125.11777219578,senario_B
2025-05-29 07:00:00,47834.93366753472,110.11569931785266,10301.755680338541,37423.06228787833,senario_B
2025-05-29 08:00:00,49330.58998480903,3420.6165848117403,8383.388360188803,37526.58503980849,senario_B
2025-05-29 09:00:00,52045.06464952257,10824.432876790364,6249.729375101724,34970.902397630474,senario_B
2025-05-29 10:00:00,54337.04513346354,15846.721726345486,6836.307368977864,31654.01603814019,senario_B
2025-05-29 11:00:00,56874.79293185764,18746.40482855903,7504.168671061198,30624.219432237413,senario_B
2025-05-29 12:00:00,60728.96991102431,20320.082730034723,7376.94236328125,33031.94481770834,senario_B
2025-05-29 13:00:00,62716.240598958335,21900.62680989583,7886.166549479167,32929.447239583336,senario_B
2025-05-29 14:00:00,65511.556068793405,22714.44567274305,9034.604768880208,33762.50562717015,senario_B
2025-05-29 15:00:00,68373.91701822917,23294.715865885417,10603.09752766927,34476.103624674484,senario_B
2025-05-29 16:00:00,70605.23723307291,22052.43187934028,13611.521696777343,34941.28365695529,senario_B
2025-05-29 17:00:00,72730.59664930556,19817.23700954861,16855.66581705729,36057.69382269966,senario_B
2025-05-29 18:00:00,72680.20533420138,16272.606397569443,21709.238574218747,34698.360362413194,senario_B
2025-05-29 19:00:00,70990.12295138888,10569.15568250868,24415.635278320315,36005.33199055989,senario_B
2025-05-29 20:00:00,68251.14539496528,2969.113946533203,23534.977032877603,41747.05441555448,senario_B
2025-05-29 21:00:00,65741.78559678819,90.2837864173452,23312.525641276043,42338.9761690948,senario_B
2025-05-29 22:00:00,63514.29695529514,0.2002620874014165,23317.728352864586,40196.36834034315,senario_B
2025-05-29 23:00:00,60300.86395182292,0.3082278834945626,20821.972945963542,39478.582777975884,senario_B
2025-05-30 00:00:00,56837.18328559028,0.3295463215145799,20494.80850748698,36342.04523178178,senario_B
2025-05-30 01:00:00,53117.55017144097,0.4958250873618656,16983.26498046875,36133.78936588486,senario_B
2025-05-30 02:00:00,50861.50624565972,0.5617665843168894,12987.098831380208,37873.8456476952,senario_B
2025-05-30 03:00:00,49747.26627170139,0.5350115596254666,11270.742543945313,38475.98871619645,senario_B
2025-05-30 04:00:00,49298.014123263885,0.5262301474809646,11325.730487467448,37971.757405648954,senario_B
2025-05-30 05:00:00,48584.420685763886,0.6006225832634502,11334.12986653646,37249.690196644166,senario_B
2025-05-30 06:00:00,48439.419036458334,0.6724238939086596,10768.94626546224,37669.80034710219,senario_B
2025-05-30 07:00:00,48647.75475477431,48.93972127781974,10061.234753417968,38537.58028007852,senario_B
2025-05-30 08:00:00,49914.07902560764,1376.6525100708009,9543.740517578124,38993.68599795872,senario_B
2025-05-30 09:00:00,51481.159014756944,4357.288767768012,8069.174680786133,39054.6955662028,senario_B
2025-05-30 10:00:00,54455.70754340278,8282.453949652778,7979.208784993489,38194.04480875651,senario_B
2025-05-30 11:00:00,55981.58578125,11542.141484375,5885.548991699219,38553.895305175785,senario_B
2025-05-30 12:00:00,56256.45729817708,14071.43812608507,4451.923991699219,37733.09518039279,senario_B
2025-05-30 13:00:00,57404.140581597225,17548.944049479167,4236.912848307292,35618.28368381077,senario_B
2025-05-30 14:00:00,59122.13781467014,20094.142337239584,4297.293918457031,34730.701558973524,senario_B
2025-05-30 15:00:00,61845.61327256945,20284.88688585069,3517.8673895263682,38042.85899719239,senario_B
2025-05-30 16:00:00,63481.57233940972,20624.53617621528,2528.802637125651,40328.23352606879,senario_B
2025-05-30 17:00:00,65057.92048177083,20284.026569010417,1891.5041042073572,42882.38980855305,senario_B
2025-05-30 18:00:00,65487.844739583335,17147.890831163193,1428.2357975260416,46911.7181108941,senario_B
2025-05-30 19:00:00,64043.91375217014,13027.375145399306,1234.4391943359374,49782.099412434894,senario_B
2025-05-30 20:00:00,61252.67878472222,5834.398188883463,1526.9613009643554,53891.3192948744,senario_B
2025-05-30 21:00:00,58397.87942708333,434.9087232909103,2148.1551654052737,55814.81553838715,senario_B
2025-05-30 22:00:00,55936.75274739583,0.3147623277538353,3227.174888102214,52709.263096965864,senario_B
2025-05-30 23:00:00,54685.655598958336,0.524290198220147,3820.7567753092453,50864.37453345087,senario_B
2025-05-31 00:00:00,52450.17430989583,0.4604611868494087,3814.85062093099,48634.86322777799,senario_B
2025-05-31 01:00:00,50035.3342686632,0.4524936677349938,4193.093753255209,45841.788021740256,senario_B
2025-05-31 02:00:00,47883.05934787326,0.572144102834993,4293.82068766276,43588.66651610767,senario_B
2025-05-31 03:00:00,46551.53247612847,0.6395842114753193,4128.621305745443,42422.271586171555,senario_B
2025-05-31 04:00:00,45402.18084635417,0.6817961319949892,3932.725575358073,41468.773474864094,senario_B
2025-05-31 05:00:00,44931.3896484375,0.7573441107405556,4067.45018351237,40863.182120814396,senario_B
2025-05-31 06:00:00,44738.35646918403,0.7570206545790037,3968.4587292480473,40769.1407192814,senario_B
2025-05-31 07:00:00,44975.477855902776,294.15241906113096,4595.309774576823,40086.01566226482,senario_B
2025-05-31 08:00:00,46719.51964192709,5167.813800048828,5599.626368408203,35952.07947347006,senario_B
2025-05-31 09:00:00,50922.78098307292,15553.826335720489,4189.8810892740885,31179.073558078337,senario_B
2025-05-31 10:00:00,54497.4943359375,21636.838133680558,3363.481776123048,29497.174426133894,senario_B
2025-05-31 11:00:00,56920.68100694445,24481.312157118056,3994.709581705729,28444.65926812066,senario_B
2025-05-31 12:00:00,58817.52948784722,25458.82556423611,3477.4070094807944,29881.296914130315,senario_B
2025-05-31 13:00:00,61222.18527560764,25730.05069444445,2614.6883728027346,32877.44620836046,senario_B
2025-05-31 14:00:00,63707.79306857639,25537.37988498264,2339.7807104492185,35830.632473144535,senario_B
2025-05-31 15:00:00,65816.87389756944,25350.62577690972,2409.640463256836,38056.607657402885,senario_B
2025-05-31 16:00:00,67785.74474826388,25029.974717881945,2304.619822184245,40451.150208197694,senario_B
2025-05-31 17:00:00,68711.27871961806,24549.83702690972,2420.7621264648437,41740.679566243496,senario_B
2025-05-31 18:00:00,69042.215859375,21728.84177517361,2446.93206278483,44866.442021416566,senario_B
2025-05-31 19:00:00,67721.61254774306,15887.404686414931,3313.4516662597653,48520.75619506837,senario_B
2025-05-31 20:00:00,64037.308190104166,6222.8736296929255,5165.327534179688,52649.10702623155,senario_B
2025-05-31 21:00:00,61601.642265625,472.1085235997372,7919.716478678386,53209.81726334688,senario_B
2025-05-31 22:00:00,60751.37083333333,0.2550991454223791,12682.386943359375,48068.728790828536,senario_B
2025-05-31 23:00:00,58123.98238715278,0.2524796489377816,15786.308330078125,42337.42157742572,senario_B
2025-06-01 00:00:00,55821.740950520834,0.3689680645200941,17701.166430664063,38120.205551792256,senario_B
2025-06-01 01:00:00,52972.169253472224,0.3541673048668438,18076.912005208334,34894.90308095902,senario_B
2025-06-01 02:00:00,50234.08565538195,0.4454236676461167,16793.560096028647,33440.080135685654,senario_B
2025-06-01 03:00:00,47856.47697482639,0.5887735404570897,16588.63739420573,31267.25080708021,senario_B
2025-06-01 04:00:00,46542.2815234375,0.6619841476612621,16476.62762858073,30064.99191070911,senario_B
2025-06-01 05:00:00,45814.68352864583,0.5971944147182835,18026.784827473955,27787.301506757158,senario_B
2025-06-01 06:00:00,45203.359292534726,0.6198921465873718,17385.50906901041,27817.23033137773,senario_B
2025-06-01 07:00:00,44728.608385416665,254.52408423301247,14982.508129882812,29491.576171300843,senario_B
2025-06-01 08:00:00,46593.70896701389,5853.30771077474,13309.339462076823,27431.061794162328,senario_B
2025-06-01 09:00:00,51106.23665581597,16308.29644422743,8755.513623046874,26042.426588541664,senario_B
2025-06-01 10:00:00,54599.71077690972,20978.479798177083,6423.491822102864,27197.739156629774,senario_B
2025-06-01 11:00:00,56658.60504340278,23402.874871961805,5408.2094689941405,27847.52070244683,senario_B
2025-06-01 12:00:00,59783.64799045139,24599.290980902777,4942.727587890625,30241.629421657988,senario_B
2025-06-01 13:00:00,63061.98345920139,24784.892549913195,5009.069816894532,33268.02109239366,senario_B
2025-06-01 14:00:00,66084.59499131945,25608.383793402776,5874.200725911457,34602.01047200522,senario_B
2025-06-01 15:00:00,68695.89250434027,25506.595544704865,6491.490083007812,36697.8068766276,senario_B
2025-06-01 16:00:00,70859.02701388889,24834.70956814236,7451.031945800782,38573.28549994575,senario_B
2025-06-01 17:00:00,72633.25029947917,23770.95273003472,8571.873994140624,40290.42357530382,senario_B
2025-06-01 18:00:00,72541.49325086805,21463.744815538197,11138.996346028645,39938.752089301204,senario_B
2025-06-01 19:00:00,71902.74411024306,15725.133288845484,13578.69087890625,42598.919942491324,senario_B
2025-06-01 20:00:00,69782.40904079861,6969.971077745226,15929.918499348958,46882.51946370442,senario_B
2025-06-01 21:00:00,67098.63223958333,524.5324986490566,18097.931463216148,48476.16827771812,senario_B
2025-06-01 22:00:00,65702.99773871528,0.3862079940570725,23585.145122070313,42117.4664086509,senario_B
2025-06-01 23:00:00,62452.19375434028,0.393942909638087,28281.288704427076,34170.51110700357,senario_B
2025-06-02 00:00:00,58305.30833550347,0.5441596487661203,27787.160950520833,30517.60322533387,senario_B
2025-06-02 01:00:00,54723.57584201389,0.4895337464080916,26499.62927408854,28223.457034178937,senario_B
2025-06-02 02:00:00,52114.49684895833,0.306722984396749,25004.93666829427,27109.253457679668,senario_B
2025-06-02 03:00:00,50118.41452690972,0.3746694138646125,23899.945875651043,26218.09398184481,senario_B
2025-06-02 04:00:00,48931.89405381944,0.5624833172559738,23773.919446614585,25157.412123887596,senario_B
2025-06-02 05:00:00,49002.34659939236,0.5715088355541229,22493.2568367513,26508.5182538055,senario_B
2025-06-02 06:00:00,49733.98290364583,0.5993668210175302,21848.99270019532,27884.3908366295,senario_B
2025-06-02 07:00:00,50981.82499782986,190.1023211294744,20771.823876953127,30019.89879974726,senario_B
2025-06-02 08:00:00,52769.13984157986,5393.476600341797,18536.45977376302,28839.203467475043,senario_B
2025-06-02 09:00:00,56312.063641493056,15108.631225043402,14875.008312174481,26328.424104275167,senario_B
2025-06-02 10:00:00,60869.627725694445,20026.74818359375,17210.39510579427,23632.484436306426,senario_B
2025-06-02 11:00:00,64668.32995659722,22646.02837673611,20070.666178385418,21951.63540147569,senario_B
2025-06-02 12:00:00,68356.47727213542,23212.175128038198,23262.867568359376,21881.434575737847,senario_B
2025-06-02 13:00:00,71981.85657118056,23274.03400390625,27063.711022135416,21644.11154513889,senario_B
2025-06-02 14:00:00,74354.29131076389,23167.243543836805,28872.3808203125,22314.666946614583,senario_B
2025-06-02 15:00:00,75800.70982638889,21547.6855078125,30772.882021484373,23480.142297092018,senario_B
2025-06-02 16:00:00,76610.42756076388,20499.51949435764,32490.985598958338,23619.922467447912,senario_B
2025-06-02 17:00:00,76831.66671440972,18494.52986111111,33370.352441406256,24966.784411892353,senario_B
2025-06-02 18:00:00,76345.18447916667,16740.54877170139,32264.39754231771,27340.238165147566,senario_B
2025-06-02 19:00:00,75147.16313368056,11740.713332248264,32056.67145833333,31349.778343098966,senario_B
2025-06-02 20:00:00,72901.97354166667,4754.334429117838,33339.610283203125,34808.028829345705,senario_B
2025-06-02 21:00:00,70903.14908420139,379.4383029047648,30860.542402343755,39663.168378952876,senario_B
2025-06-02 22:00:00,68821.84681857639,0.3417940259807639,30852.459163411455,37969.045861138955,senario_B
2025-06-02 23:00:00,65247.02519097222,0.5677170808778869,32593.985048828115,32652.472425063228,senario_B
2025-06-03 00:00:00,61221.176610243056,0.4198353580137093,32670.29173177083,28550.46504311421,senario_B
2025-06-03 01:00:00,57842.96095920139,0.4312581969300906,33161.12963216145,24681.40006884301,senario_B
2025-06-03 02:00:00,54981.83112847222,0.4146809316012594,32379.224785156257,22602.191662384364,senario_B
2025-06-03 03:00:00,52993.42736979167,0.4583322049346235,31285.496520182292,21707.472517404443,senario_B
2025-06-03 04:00:00,51868.495121527776,0.5981522678169939,27492.703785807294,24375.193183452662,senario_B
2025-06-03 05:00:00,51848.73431857639,0.5487065335114797,25835.922864583332,26012.262747459547,senario_B
2025-06-03 06:00:00,52298.834396701386,0.8144198630915748,25808.734042968754,26489.28593386954,senario_B
2025-06-03 07:00:00,53316.08550455729,233.5746035768754,26622.148610839846,26460.36229014057,senario_B
2025-06-03 08:00:00,55090.67641276042,5369.447299804688,26470.99160481771,23250.237508138016,senario_B
2025-06-03 09:00:00,58702.93112847222,13664.978608940972,26681.763453776042,18356.189065755203,senario_B
2025-06-03 10:00:00,62181.603070746525,16084.418096788197,29523.592301432294,16573.592672526032,senario_B
2025-06-03 11:00:00,63634.68956380209,16500.023030598957,29709.5280859375,17425.138447265625,senario_B
2025-06-03 12:00:00,65421.10306640625,18194.31824652778,27409.739401041676,19817.045418836795,senario_B
2025-06-03 13:00:00,68306.46169270833,21394.044296875,25295.094217122398,21617.32317871093,senario_B
2025-06-03 14:00:00,70863.10750868055,21534.838328993057,25670.226389973963,23658.04278971353,senario_B
2025-06-03 15:00:00,72729.99230902777,22183.05004557292,25625.015856119793,24921.92640733506,senario_B
2025-06-03 16:00:00,73924.89048611111,22620.57337022569,25831.076005859377,25473.24111002604,senario_B
2025-06-03 17:00:00,75097.85007161458,22245.66239203559,26375.92844726562,26476.259232313365,senario_B
2025-06-03 18:00:00,75130.96859809027,20608.81754557292,27229.717753906247,27292.433298611104,senario_B
2025-06-03 19:00:00,73467.82853298611,15097.492450086806,26167.650113932294,32202.68596896701,senario_B
2025-06-03 20:00:00,70992.00668402777,6824.7064208984375,25288.811336263025,38878.48892686631,senario_B
2025-06-03 21:00:00,68428.590703125,695.8491990388558,25431.47837239583,42301.263131690306,senario_B
2025-06-03 22:00:00,67513.8987717014,0.1997300800970859,32639.68844401042,34874.010597610875,senario_B
2025-06-03 23:00:00,64108.74486545139,0.1991796291184922,35271.094563802086,28837.451122020182,senario_B
2025-06-04 00:00:00,60439.53077799479,0.0983906442299485,35311.17146647135,25128.260920879213,senario_B
2025-06-04 01:00:00,57280.28884114583,0.1209976934393246,33747.51611002604,23532.651733426355,senario_B
2025-06-04 02:00:00,54519.5087217882,0.385932540645202,30090.78497721354,24428.337812034017,senario_B
2025-06-04 03:00:00,53192.09428602431,0.3604107811053594,26725.254229329425,26466.47964591378,senario_B
2025-06-04 04:00:00,51662.19214626736,0.2724532973352406,26053.102596842447,25608.81709612758,senario_B
2025-06-04 05:00:00,51203.47900173611,0.2710707102881537,22611.696821289064,28591.511109736755,senario_B
2025-06-04 06:00:00,51712.1938671875,0.2866443824933635,19338.095686035158,32373.81153676985,senario_B
2025-06-04 07:00:00,52692.70603624132,93.04087917755048,17301.341858723958,35298.32329833981,senario_B
2025-06-04 08:00:00,53685.69621419271,2103.7234317355687,14571.72676554362,37010.246016913516,senario_B
2025-06-04 09:00:00,55263.1788563368,6168.390052897135,13544.130944417317,35550.65785902235,senario_B
2025-06-04 10:00:00,56657.071501736114,8832.166962890626,14677.27572753906,33147.62881130643,senario_B
2025-06-04 11:00:00,59035.14124131944,12065.033120659722,11732.550173543294,35237.557947116424,senario_B
2025-06-04 12:00:00,61500.05922309028,15148.000010850694,8903.335794270834,37448.72341796875,senario_B
2025-06-04 13:00:00,63535.40098524305,18801.18753092448,6173.050420430501,38561.16303388807,senario_B
2025-06-04 14:00:00,65899.00108072917,21279.99775824653,5245.085041503906,39373.91828097873,senario_B
2025-06-04 15:00:00,67703.51087456597,21065.744096137158,5588.867337646485,41048.89944078232,senario_B
2025-06-04 16:00:00,68445.29802951388,21003.472298177083,6247.112819824219,41194.712911512586,senario_B
2025-06-04 17:00:00,69059.87453342014,21849.05122938368,6754.869967244467,40455.953336791994,senario_B
2025-06-04 18:00:00,69719.07514322917,21147.664246961805,8115.390895182292,40456.02000108507,senario_B
2025-06-04 19:00:00,69264.473203125,17297.09521484375,10538.287283528647,41429.090704752605,senario_B
2025-06-04 20:00:00,67427.59924045138,7309.502801784939,14387.33221150716,45730.76422715928,senario_B
2025-06-04 21:00:00,65367.92935438368,618.811933108502,16793.93000854492,47955.18741273026,senario_B
2025-06-04 22:00:00,63910.252365451386,0.1994564519160323,18147.747628580728,45762.30528041874,senario_B
2025-06-04 23:00:00,61143.54466037326,0.1825424218550324,20277.901795247395,40865.46032270401,senario_B
2025-06-05 00:00:00,57426.64918402778,0.1961802579131391,20399.266923828127,37027.18607994175,senario_B
2025-06-05 01:00:00,54335.66561523438,0.1946260765981343,19757.995474039715,34577.475515118065,senario_B
2025-06-05 02:00:00,52212.60953993056,0.190620682583087,18891.063434651696,33321.355484596286,senario_B
2025-06-05 03:00:00,50920.93003472222,0.2091538533237245,18705.731499023437,32214.989381845466,senario_B
2025-06-05 04:00:00,50040.02115668403,0.2525355218557847,18190.2669140625,31849.501707099676,senario_B
2025-06-05 05:00:00,49573.70291666667,0.3049959984752867,16513.518400065106,33059.879520603085,senario_B
2025-06-05 06:00:00,50709.16981662327,0.3252506442450815,15926.644203694663,34782.20036228436,senario_B
2025-06-05 07:00:00,51987.734403211805,129.09423333782289,14956.242444254556,36902.39772561942,senario_B
2025-06-05 08:00:00,53610.39308051216,3340.032932061089,14737.524121500652,35532.83602695042,senario_B
2025-06-05 09:00:00,56519.38326171875,10059.82435329861,15376.635094401043,31082.9238140191,senario_B
2025-06-05 10:00:00,59455.83236111111,14082.135908203123,16286.821778971356,29086.87467393663,senario_B
2025-06-05 11:00:00,62010.31332465278,16720.370944010418,14899.1335546875,30390.80882595486,senario_B
2025-06-05 12:00:00,64571.83725911458,18320.698547634547,14805.33869913737,31445.80001234266,senario_B
2025-06-05 13:00:00,67184.91188368056,19292.343077256945,16682.2725,31210.296306423617,senario_B
2025-06-05 14:00:00,70245.74457465278,21430.09171875,19993.826708984376,28821.826146918404,senario_B
2025-06-05 15:00:00,72872.7565451389,21672.672847222224,23839.572565104165,27360.511132812506,senario_B
2025-06-05 16:00:00,74848.3830078125,19668.86645345052,25953.64891520182,29225.867639160162,senario_B
2025-06-05 17:00:00,76243.79191840277,18970.689733072915,26402.50441080729,30870.59777452257,senario_B
2025-06-05 18:00:00,75827.96202473958,16614.505144856772,26949.78291910807,32263.67396077474,senario_B
2025-06-05 19:00:00,75193.01561197916,12691.937682291667,26695.266129557294,35805.81180013021,senario_B
2025-06-05 20:00:00,72134.20726128473,4121.597059461806,25478.869127604168,42533.74107421875,senario_B
2025-06-05 21:00:00,69373.29884982639,295.9442011043761,26314.230367838543,42763.12428088347,senario_B
2025-06-05 22:00:00,67587.38351996528,0.5894790426310565,26933.973915201823,40652.820125720835,senario_B
2025-06-05 23:00:00,65081.73764105903,0.4683090182062652,25424.10129882813,39657.16803321269,senario_B
2025-06-06 00:00:00,62039.394895833335,0.5968997936944167,26205.299189453122,35833.49880658652,senario_B
2025-06-06 01:00:00,59744.7660405816,0.3232410201968418,28410.079612630216,31334.363186931187,senario_B
2025-06-06 02:00:00,57204.81143229167,0.3482627519634035,30552.77481445313,26651.688355086582,senario_B
2025-06-06 03:00:00,55294.54894965278,0.4806620715227392,29694.952369791667,25599.11591778959,senario_B
2025-06-06 04:00:00,53566.01066731771,0.6045766404767832,26015.04153808594,27550.364552591287,senario_B
2025-06-06 05:00:00,53258.43038194445,0.6525712742739254,22066.35123535156,31191.426575318612,senario_B
2025-06-06 06:00:00,53833.81175998264,0.6583993040356371,20001.872296549474,33831.28106412913,senario_B
2025-06-06 07:00:00,53917.22347873264,197.1360205150975,17643.05254272461,36077.03491549293,senario_B
2025-06-06 08:00:00,55487.02236328125,4976.484111599392,15477.03119954427,35033.50705213759,senario_B
2025-06-06 09:00:00,60439.07008029514,13317.499791666669,15063.373225911455,32058.197062717016,senario_B
2025-06-06 10:00:00,64724.16797960069,18020.0191265191,18509.082021484373,28195.06683159721,senario_B
2025-06-06 11:00:00,67504.0969921875,21742.005264756943,16739.098279622394,29022.99344780816,senario_B
2025-06-06 12:00:00,68946.88591145833,24004.451158311636,13354.886266682941,31587.54848646375,senario_B
2025-06-06 13:00:00,71905.28844184028,25376.03967990452,10956.571557617188,35572.67720431858,senario_B
2025-06-06 14:00:00,74093.07859375,25710.88319878472,10692.042199707032,37690.15319525825,senario_B
2025-06-06 15:00:00,76053.07046223959,25522.49904188368,12589.872503662107,37940.6989166938,senario_B
2025-06-06 16:00:00,76055.85797092014,25338.538787434896,14984.127651774088,35733.191531711156,senario_B
2025-06-06 17:00:00,76293.49151041667,24915.00987847222,18027.556770833333,33350.92486111112,senario_B
2025-06-06 18:00:00,76233.119609375,22631.50461154514,21708.574759114585,31893.04023871528,senario_B
2025-06-06 19:00:00,75958.16281032986,16048.83325846354,27098.811125488275,32810.51842637805,senario_B
2025-06-06 20:00:00,74466.85016059027,5796.096048312717,30538.37257405599,38132.38153822157,senario_B
2025-06-06 21:00:00,72211.37458333334,465.9777666346232,30534.891808268236,41210.50500843048,senario_B
2025-06-06 22:00:00,70078.04857638889,3.249942628269394,28754.7947265625,41320.003907198115,senario_B
2025-06-06 23:00:00,66929.26069444444,0.316946934391227,28447.336877441405,38481.60687006865,senario_B
2025-06-07 00:00:00,63998.99067925348,0.3325098620189561,31476.36563802084,32522.292531370622,senario_B
2025-06-07 01:00:00,60961.001877170136,0.4804190951089064,32749.985133463546,28210.53632461148,senario_B
2025-06-07 02:00:00,57666.10827690972,0.3911169342034393,31267.870683593752,26397.846476381765,senario_B
2025-06-07 03:00:00,55687.088936631946,0.3785275222857793,31271.23282877604,24415.477580333623,senario_B
2025-06-07 04:00:00,54219.29453993055,0.3905052069864339,31188.00899088542,23030.895043838143,senario_B
2025-06-07 05:00:00,53055.05048828125,0.4796127485897806,27806.61001139323,25247.960864139433,senario_B
2025-06-07 06:00:00,52631.79055013021,0.64369112768107,23179.478288574217,29451.668570428308,senario_B
2025-06-07 07:00:00,52570.95597873264,115.57868461055888,20826.20169270833,31629.17560141375,senario_B
2025-06-07 08:00:00,53748.60150173611,5602.684684583875,20105.507805989582,28040.409011162657,senario_B
2025-06-07 09:00:00,58372.34865017361,15753.402279188367,20439.418332926434,22179.52803805881,senario_B
2025-06-07 10:00:00,62706.16218098958,19433.506258680554,21248.43038248698,22024.22553982205,senario_B
2025-06-07 11:00:00,65056.65255425347,21818.08777615017,18651.538170979817,24587.026607123487,senario_B
2025-06-07 12:00:00,67650.44345269098,24462.769527452256,15698.490577392578,27489.18334784614,senario_B
2025-06-07 13:00:00,70701.12983506944,25146.21019314236,13617.845653483073,31937.073988444008,senario_B
2025-06-07 14:00:00,72557.6246875,24885.6022781033,12795.49252766927,34876.529881727445,senario_B
2025-06-07 15:00:00,74179.24378472222,24932.75006076389,11980.994733886719,37265.4989900716,senario_B
2025-06-07 16:00:00,75268.44540798612,24617.98687934028,11055.569014892579,39594.88951375326,senario_B
2025-06-07 17:00:00,76064.63991753472,23902.152311197915,10953.768815917969,41208.71879041883,senario_B
2025-06-07 18:00:00,75545.8919140625,23213.95868923611,11404.89542561849,40927.037799207894,senario_B
2025-06-07 19:00:00,75213.0685720486,19056.050434027777,12849.356568196614,43307.66156982422,senario_B
2025-06-07 20:00:00,73201.46871961806,8733.242061631945,15142.457792968751,49325.768865017366,senario_B
2025-06-07 21:00:00,70421.03659505208,765.1425089708301,17789.77162109375,51866.12246498749,senario_B
2025-06-07 22:00:00,68709.77325303819,0.3600256871183713,19949.1840633138,48760.22916403727,senario_B
2025-06-07 23:00:00,65998.19117621527,0.4380957864224911,21849.339256184896,44148.41382424396,senario_B
2025-06-08 00:00:00,63030.51813151042,0.5523001837399271,22783.68473795573,40246.28109337095,senario_B
2025-06-08 01:00:00,60156.60056857639,0.4510206359293726,20927.360108235676,39228.789439704786,senario_B
2025-06-08 02:00:00,57536.70160373264,0.5309725508259402,19680.37205078125,37855.79858040056,senario_B
2025-06-08 03:00:00,55494.45479166666,0.5189922291868263,19442.24911783854,36051.686681598934,senario_B
2025-06-08 04:00:00,54134.95617730034,0.5572972589896785,19844.337817789714,34290.06106225164,senario_B
2025-06-08 05:00:00,52603.68787109375,0.5827237748768594,18906.731516927084,33696.3736303918,senario_B
2025-06-08 06:00:00,51805.79069444445,0.512610464890798,17453.864313151047,34351.41377082851,senario_B
2025-06-08 07:00:00,51421.63143663194,205.16634648041597,16975.113492838544,34241.35159731298,senario_B
2025-06-08 08:00:00,53061.894607204864,5937.172365146213,17603.852786051433,29520.869456007214,senario_B
2025-06-08 09:00:00,57923.154475911455,17142.634968532988,16344.137508951824,24436.381998426645,senario_B
2025-06-08 10:00:00,60646.7175390625,22436.446278211806,15337.006969401042,22873.26429144965,senario_B
2025-06-08 11:00:00,62984.68001085069,24924.53572482639,13731.011712239582,24329.132573784715,senario_B
2025-06-08 12:00:00,66279.76898871528,25963.1468891059,14519.611495361329,25797.010604248047,senario_B
2025-06-08 13:00:00,69857.55268229167,26448.41428168403,16515.946251627603,26893.192148980037,senario_B
2025-06-08 14:00:00,73259.06115234375,25628.15834472656,20070.571986083985,27560.33082153321,senario_B
2025-06-08 15:00:00,75692.53622829862,24554.06494574653,22264.882923177083,28873.588359375,senario_B
2025-06-08 16:00:00,76336.43712239583,22373.02967230903,24350.34353190104,29613.063918185762,senario_B
2025-06-08 17:00:00,76511.95311631945,21016.544676649304,25328.4143359375,30166.994103732643,senario_B
2025-06-08 18:00:00,76542.70372829861,18467.09863498264,27609.34762776692,30466.25746554905,senario_B
2025-06-08 19:00:00,75974.16797743055,12263.876851128472,31617.16331705729,32093.12780924479,senario_B
2025-06-08 20:00:00,75573.12513888889,5375.416754557292,34174.613619791664,36023.09476453994,senario_B
2025-06-08 21:00:00,73472.14213107638,605.2065684991744,34192.256751302084,38674.67881127513,senario_B
2025-06-08 22:00:00,71455.23118489583,0.3242158001081811,35105.12076497396,36349.78620412177,senario_B
2025-06-08 23:00:00,67148.30085069445,0.3774866456869575,33912.631953125,33235.29141092377,senario_B
2025-06-09 00:00:00,62118.00236328125,0.4927784103320705,33049.70862304688,29067.80096182404,senario_B
2025-06-09 01:00:00,57864.17230685764,0.4974960412912899,34971.30304036458,22892.371770451762,senario_B
2025-06-09 02:00:00,54848.93340169271,0.4365468095077409,33255.94482828776,21592.552026595447,senario_B
2025-06-09 03:00:00,52973.86718098958,0.5429330452862713,26781.98358235677,26191.340665587522,senario_B
2025-06-09 04:00:00,51426.211742621526,0.6507896848519643,21156.126591796874,30269.434361139804,senario_B
2025-06-09 05:00:00,51317.98926649305,0.6977586507797241,19760.40295410156,31556.888553740715,senario_B
2025-06-09 06:00:00,52281.14712890625,0.6506547810965114,18090.291580403646,34190.20489372151,senario_B
2025-06-09 07:00:00,52805.8713422309,65.23631094962359,17459.529851481122,35281.10517980016,senario_B
2025-06-09 08:00:00,53458.427473958334,3728.379845326741,15919.315356852214,33810.73227177939,senario_B
2025-06-09 09:00:00,55604.33137586805,13025.898695746528,14212.269135742186,28366.163544379335,senario_B
2025-06-09 10:00:00,57756.6658843316,19829.00065917969,11925.645684407553,26002.01954074436,senario_B
2025-06-09 11:00:00,60860.51552083333,21888.68657280816,12945.421584472655,26026.407363552513,senario_B
2025-06-09 12:00:00,64504.00927083333,22893.4451030816,11923.351139729817,29687.21302802191,senario_B
2025-06-09 13:00:00,67902.83565104166,25240.28317925347,11115.678168945313,31546.87430284288,senario_B
2025-06-09 14:00:00,71948.26557725694,26741.23410590278,9900.277810058593,35306.75366129557,senario_B
2025-06-09 15:00:00,75476.393359375,26338.969240451388,9300.064987792968,39837.35913113064,senario_B
2025-06-09 16:00:00,76098.28623480903,26468.2625764974,9247.122426757813,40382.90123155381,senario_B
2025-06-09 17:00:00,76387.2101844618,25945.49434299045,9579.43857035319,40862.27727111816,senario_B
2025-06-09 18:00:00,75834.60243272569,23672.656731228297,10619.739846598308,41542.20585489908,senario_B
2025-06-09 19:00:00,75520.55328125,18491.665498046877,12928.91142578125,44099.97635742188,senario_B
2025-06-09 20:00:00,73301.34417751736,7666.801366373698,15412.9473832194,50221.595427924265,senario_B
2025-06-09 21:00:00,70505.13835069444,766.9557845391167,14908.136858723958,54830.045707431374,senario_B
2025-06-09 22:00:00,67923.55256510417,231.5695458355877,14571.645110677084,53120.33790859149,senario_B
2025-06-09 23:00:00,64931.45029296875,0.3708691610892614,15261.7965234375,49669.28290037016,senario_B
2025-06-10 00:00:00,62009.84916666667,0.2411915228184726,16889.488196614584,45120.11977852927,senario_B
2025-06-10 01:00:00,57612.79017578125,0.4626235469679037,16307.92872721354,41304.39882502074,senario_B
2025-06-10 02:00:00,54688.04994140625,0.5713356971409586,13971.816194661456,40715.662411047655,senario_B
2025-06-10 03:00:00,52958.64172309028,0.6814379414584901,11896.278597819011,41061.68168732981,senario_B
2025-06-10 04:00:00,52146.61287543402,0.6966050969064236,13086.172673339845,39059.743596997265,senario_B
2025-06-10 05:00:00,51663.225885416665,0.4903988898048798,16970.32961263021,34692.40587389665,senario_B
2025-06-10 06:00:00,51779.54288194444,0.5619857637749778,17428.983188476563,34349.99770770411,senario_B
2025-06-10 07:00:00,52632.325234375,277.6959154535002,13781.868979492188,38572.76033942931,senario_B
2025-06-10 08:00:00,54646.72026801216,4600.203407389323,12594.760598551431,37451.75626207141,senario_B
2025-06-10 09:00:00,57326.58288953993,9632.275040418835,10909.521951700846,36784.78589742025,senario_B
2025-06-10 10:00:00,60088.85638020833,11717.191002604166,9546.02773010254,38825.63764750162,senario_B
2025-06-10 11:00:00,62131.46415907118,12931.792157931855,8371.871684773763,40827.80031636557,senario_B
2025-06-10 12:00:00,63618.415442708334,14897.232582465278,7853.55185546875,40867.6310047743,senario_B
2025-06-10 13:00:00,64362.27503472223,16731.824875217015,6754.330543619792,40876.11961588542,senario_B
2025-06-10 14:00:00,65213.43264973958,17293.846195746526,6649.215424804688,41270.37102918837,senario_B
2025-06-10 15:00:00,66637.29274305556,17137.026438802084,6777.475505371093,42722.79079888238,senario_B
2025-06-10 16:00:00,68629.52652777778,16027.270712890626,6306.513295898438,46295.742518988714,senario_B
2025-06-10 17:00:00,70634.73239583333,16219.518547092011,6596.228717854819,47818.985130886496,senario_B
2025-06-10 18:00:00,70985.55140190972,16000.092839626735,8496.474694010416,46488.98386827257,senario_B
2025-06-10 19:00:00,69858.21240451389,11317.7336195204,11688.216089274089,46852.26269571941,senario_B
2025-06-10 20:00:00,67375.23329861111,3793.7605143229166,14244.57504720052,49336.89773708768,senario_B
2025-06-10 21:00:00,65516.73265625,267.34071475134954,15204.256074218749,50045.1358672799,senario_B
2025-06-10 22:00:00,63931.69027560764,37.35366894818014,14308.020620117191,49586.31598654227,senario_B
2025-06-10 23:00:00,61057.073687065975,2.3458432533840337,12874.493248697916,48180.23459511468,senario_B
2025-06-11 00:00:00,57955.21466145833,0.3940580995380878,13407.009532877604,44547.811070481184,senario_B
2025-06-11 01:00:00,55465.45012586805,0.4549704345729616,14108.527841796877,41356.467313636604,senario_B
2025-06-11 02:00:00,52801.95603407118,0.4923791316151619,13268.199654541015,39533.26400039855,senario_B
2025-06-11 03:00:00,50926.97974609375,0.512285982105467,11121.11467936198,39805.352780749665,senario_B
2025-06-11 04:00:00,49982.330690104165,0.4486937940948539,9593.45114827474,40388.43084803533,senario_B
2025-06-11 05:00:00,49521.27350911458,0.4515185801270935,8407.540323282878,41113.28166725158,senario_B
2025-06-11 06:00:00,49868.33684353298,0.5632483725912041,6946.7235557047525,42921.05003945564,senario_B
2025-06-11 07:00:00,51096.689016927085,72.73476815950539,6783.087110595703,44240.867138171874,senario_B
2025-06-11 08:00:00,52175.52587456597,1285.9925383843315,5757.350559082031,45132.1827770996,senario_B
2025-06-11 09:00:00,53945.49115451389,4750.915780707465,6172.525893961591,43022.049479844834,senario_B
2025-06-11 10:00:00,56176.352109375,8500.968741319444,4910.167493082683,42765.21587497287,senario_B
2025-06-11 11:00:00,57313.60652560764,10790.21126953125,3419.8214119466147,43103.57384412977,senario_B
2025-06-11 12:00:00,58746.41185546875,13629.059665798612,3288.226392008464,41829.125797661676,senario_B
2025-06-11 13:00:00,58609.24445963542,14293.910793185763,2728.0188873291013,41587.31477912055,senario_B
2025-06-11 14:00:00,60542.75272135417,15879.473058810763,3978.4018424479164,40684.87782009549,senario_B
2025-06-11 15:00:00,61292.092680121525,16475.37488389757,4973.198050130208,39843.51974609374,senario_B
2025-06-11 16:00:00,62463.18116319445,16150.68425672743,5329.305180257162,40983.19172620986,senario_B
2025-06-11 17:00:00,63336.30932942708,14369.41240234375,4967.399655354818,43999.49727172851,senario_B
2025-06-11 18:00:00,64526.94993923611,14576.1877734375,5223.58282389323,44727.17934190538,senario_B
2025-06-11 19:00:00,63667.06747829861,13266.680777994792,6700.9957035319,43699.390996771916,senario_B
2025-06-11 20:00:00,62233.666421440976,7047.569968532986,7941.076564941406,47245.019887966584,senario_B
2025-06-11 21:00:00,60880.831651475695,751.8665633593002,8856.501252441407,51272.46383567499,senario_B
2025-06-11 22:00:00,59776.612886284725,0.3993102069364653,10764.51478434245,49011.69879173534,senario_B
2025-06-11 23:00:00,57628.61643446181,0.4490053775409857,12020.217307942708,45607.950121141555,senario_B
2025-06-12 00:00:00,55266.50241753472,0.4190610388914744,12768.309231770834,42497.774124724994,senario_B
2025-06-12 01:00:00,52770.074013671874,0.4182913077208731,12516.653889973957,40253.00183239019,senario_B
2025-06-12 02:00:00,51832.89396918403,0.5423308113879628,12521.96033528646,39310.39130308618,senario_B
2025-06-12 03:00:00,50769.69213107639,0.4953767232762442,12374.831434733074,38394.36531962004,senario_B
2025-06-12 04:00:00,49576.09508463542,0.4824142641656929,12201.955354003907,37373.657316367346,senario_B
2025-06-12 05:00:00,48374.77378038195,0.5623305157158109,10386.160983072918,37988.05046679331,senario_B
2025-06-12 06:00:00,48676.92548285591,0.7432460124459531,9316.127071533203,39360.05516531026,senario_B
2025-06-12 07:00:00,50190.21888237848,27.429503319429028,8524.743627929687,41638.045751129364,senario_B
2025-06-12 08:00:00,51384.68029079861,2308.7207732815214,8458.794122721354,40617.16539479574,senario_B
2025-06-12 09:00:00,53105.67506076389,7465.499331597222,8614.47121500651,37025.704514160156,senario_B
2025-06-12 10:00:00,54605.43523003472,10965.870784505209,8733.92420735677,34905.64023817274,senario_B
2025-06-12 11:00:00,55692.871017795136,12651.521086154517,8411.283409016927,34630.066522623696,senario_B
2025-06-12 12:00:00,56895.55853949653,13806.04769422743,8451.436701660157,34638.074143608945,senario_B
2025-06-12 13:00:00,57990.86488715278,15294.72165907118,8523.928785807293,34172.2144422743,senario_B
2025-06-12 14:00:00,59331.75501736111,16781.018452690972,7859.438857421876,34691.29770724826,senario_B
2025-06-12 15:00:00,60556.11133463542,17458.222610677083,7399.6855802408845,35698.20314371745,senario_B
2025-06-12 16:00:00,61598.40875,17734.10558810764,6713.962310791016,37150.34085110135,senario_B
2025-06-12 17:00:00,62712.306412760416,18588.80390625,6561.969258626303,37561.53324788411,senario_B
2025-06-12 18:00:00,63995.539418402775,16549.15545355903,7742.527457682291,39703.85650716145,senario_B
2025-06-12 19:00:00,63823.55182725695,14951.26355902778,9487.424685872396,39384.863582356775,senario_B
2025-06-12 20:00:00,62412.28920572917,7295.143030598958,12583.626051432293,42533.52012369792,senario_B
2025-06-12 21:00:00,60655.815,628.7465002333787,14525.900048828127,45501.168450938494,senario_B
2025-06-12 22:00:00,59389.799871961804,0.1078331360262301,18255.00387369792,41134.68816512786,senario_B
2025-06-12 23:00:00,57056.12205295139,0.1101427997400363,22272.221318359374,34783.790591792276,senario_B
2025-06-13 00:00:00,54055.62945095486,0.358037756971187,25150.48233398438,28904.789079213508,senario_B
2025-06-13 01:00:00,51582.34561631944,0.5486092188623216,27676.353948567707,23905.44305853287,senario_B
2025-06-13 02:00:00,50034.79023654514,0.5468865165942245,29175.470888671876,20858.772461356664,senario_B
2025-06-13 03:00:00,48416.4131922743,0.5483456076681614,28166.938946940107,20248.925899726528,senario_B
2025-06-13 04:00:00,47689.93256293403,0.3487492014964422,27480.825888671876,20208.757925060658,senario_B
2025-06-13 05:00:00,47290.47634114583,0.335120212038358,27282.03067382813,20008.110547105665,senario_B
2025-06-13 06:00:00,47899.49096137153,0.4153165764941109,25508.881450195313,22390.19419459972,senario_B
2025-06-13 07:00:00,48894.79924696181,194.295315005415,23894.973203125002,24805.530728831392,senario_B
2025-06-13 08:00:00,50552.12815321181,4107.187371487088,22220.51694498698,24224.42383673774,senario_B
2025-06-13 09:00:00,55100.63092230903,14465.82964735243,18076.38105794271,22558.420217013885,senario_B
2025-06-13 10:00:00,59150.43379340278,21609.57004123264,19047.945188802085,18492.918563368054,senario_B
2025-06-13 11:00:00,61511.74767795139,23855.951458333333,19342.587208658853,18313.209010959206,senario_B
2025-06-13 12:00:00,65119.27860243055,24833.442586805555,17940.520053710938,22345.31596191406,senario_B
2025-06-13 13:00:00,68544.5784157986,25395.79023871528,18319.228751627605,24829.55942545572,senario_B
2025-06-13 14:00:00,71005.19658420139,26134.904639756944,19074.979383138023,25795.31256130642,senario_B
2025-06-13 15:00:00,73084.29710069444,25888.307530381942,19907.830590820315,27288.158979492186,senario_B
2025-06-13 16:00:00,74787.58779947917,25557.21337022569,19523.19503255209,29707.179396701387,senario_B
2025-06-13 17:00:00,75914.73073350695,24803.146299913195,19148.499951171878,31963.08448242188,senario_B
2025-06-13 18:00:00,75782.37643663194,22992.12709635417,19650.030275065106,33140.21906521266,senario_B
2025-06-13 19:00:00,74647.17546875,17845.08556423611,22466.00128092448,34336.088623589414,senario_B
2025-06-13 20:00:00,72225.83449435764,7735.915439724392,27438.54407470703,37051.374979926215,senario_B
2025-06-13 21:00:00,69219.74855034723,678.230718764197,29687.868821614586,38853.649009968445,senario_B
2025-06-13 22:00:00,67305.91926215278,0.3688309540847937,31075.86802734375,36229.68240385494,senario_B
2025-06-13 23:00:00,64537.72245442709,0.3420756840540303,32444.04958984375,32093.33078889928,senario_B
2025-06-14 00:00:00,61269.35657552083,0.2655946742494901,31852.917672526037,29416.173308320544,senario_B
2025-06-14 01:00:00,57894.60188802084,0.3637015830477079,29271.618857421876,28622.61932901592,senario_B
2025-06-14 02:00:00,54732.08482855903,0.5010722548266252,26334.698509114583,28396.885247189624,senario_B
2025-06-14 03:00:00,52790.98082682292,0.5403095493714015,24036.124514973955,28754.316002299587,senario_B
2025-06-14 04:00:00,52233.11867838541,0.4694045060541895,25804.94430338542,26427.704970493935,senario_B
2025-06-14 05:00:00,51680.76289496528,0.5869273572497897,28492.02973958334,23188.146228024692,senario_B
2025-06-14 06:00:00,51150.48178385416,0.7684684841831525,28314.813544921875,22834.8997704481,senario_B
2025-06-14 07:00:00,50833.7603515625,183.65762790981267,26472.595911458335,24177.50681219435,senario_B
2025-06-14 08:00:00,52048.05460069444,4229.995424736871,24419.275930989585,23398.783244967985,senario_B
2025-06-14 09:00:00,56118.44083767361,12263.25454752604,23154.46813964844,20700.718150499128,senario_B
2025-06-14 10:00:00,60290.56192708333,16794.130246310764,26156.29361002604,17340.13807074652,senario_B
2025-06-14 11:00:00,62421.47118489583,18698.91830512153,24674.686642252604,19047.8662375217,senario_B
2025-06-14 12:00:00,65022.21307291667,20277.89365885417,20815.534892578125,23928.784521484373,senario_B
2025-06-14 13:00:00,67610.05230034722,21680.0356640625,17550.47508138021,28379.541554904514,senario_B
2025-06-14 14:00:00,70582.75805989583,21985.085347222222,16403.348689778646,32194.32402289496,senario_B
2025-06-14 15:00:00,72860.12989149305,21443.173862847223,17494.705169270834,33922.250859374995,senario_B
2025-06-14 16:00:00,74114.73027777778,21385.558502604166,19860.66736002604,32868.504415147574,senario_B
2025-06-14 17:00:00,74767.06257378473,21519.798650716144,22622.16398111979,30625.0999419488,senario_B
2025-06-14 18:00:00,74817.7363107639,20059.363404947915,25003.873260091146,29754.499645724834,senario_B
2025-06-14 19:00:00,73916.72310763889,16602.99816189236,27804.312447916673,29509.41249782985,senario_B
2025-06-14 20:00:00,71580.40984375,8062.832351888021,29938.743577473957,33578.83391438803,senario_B
2025-06-14 21:00:00,69054.47473090277,725.8492411033312,29630.212425130216,38698.41306466922,senario_B
2025-06-14 22:00:00,67487.10527777778,0.2680487887975242,29152.634339192708,38334.202889796274,senario_B
2025-06-14 23:00:00,64634.8987890625,0.5354032949606577,30497.512698567716,34136.850687199825,senario_B
2025-06-15 00:00:00,61593.36105034722,0.4515917477673954,30958.137438151036,30634.772020448418,senario_B
2025-06-15 01:00:00,58964.41843315972,0.4631923552354177,32841.261106770835,26122.69413403365,senario_B
2025-06-15 02:00:00,56669.925078125,0.4380352154870828,33628.08662434896,23041.40041856056,senario_B
2025-06-15 03:00:00,54502.89033203125,0.4190542564292748,33380.406455078126,21122.064822696695,senario_B
2025-06-15 04:00:00,53221.58331814236,0.3927964955733882,33237.58558268229,19983.604938964498,senario_B
2025-06-15 05:00:00,52173.50864800347,0.4374393237299389,32136.112958984377,20036.958249695366,senario_B
2025-06-15 06:00:00,51832.99824435764,0.4409558923873636,30864.2435546875,20968.31373377775,senario_B
2025-06-15 07:00:00,51511.359225260414,139.08076975774435,28977.95802408854,22394.320431414126,senario_B
2025-06-15 08:00:00,52734.640796440974,4313.853455810547,26013.720087890622,22407.067252739806,senario_B
2025-06-15 09:00:00,57514.45176432292,12442.949174262152,27592.663736979164,17478.8388530816,senario_B
2025-06-15 10:00:00,60332.79333116319,15513.010305989585,29624.790787760416,15194.992237413193,senario_B
2025-06-15 11:00:00,61388.15354600694,18205.70807074653,25449.555332031247,17732.890143229168,senario_B
2025-06-15 12:00:00,63747.79913628472,19931.833849826387,25584.34270996094,18231.622576497393,senario_B
2025-06-15 13:00:00,65593.21229383681,20541.358463541663,27099.283753255208,17952.57007703994,senario_B
2025-06-15 14:00:00,66761.55927517361,19542.7773046875,27495.704462890626,19723.077507595484,senario_B
2025-06-15 15:00:00,67011.69574652778,18395.572985026043,24419.25237548828,24196.870386013463,senario_B
2025-06-15 16:00:00,65443.83156032986,19238.072879774307,21933.610813802083,24272.147866753472,senario_B
2025-06-15 17:00:00,65103.6580360243,16954.340869140626,20417.1596484375,27732.157518446173,senario_B
2025-06-15 18:00:00,64037.29940538194,14599.950590277778,18967.90327311198,30469.445541992187,senario_B
2025-06-15 19:00:00,62561.76486436632,11179.759595269095,16519.41360188802,34862.5916672092,senario_B
2025-06-15 20:00:00,60906.07670138889,4756.069994574653,13561.99210205078,42588.014604763455,senario_B
2025-06-15 21:00:00,59765.39289496528,443.7563581265675,11807.54832438151,47514.08821245721,senario_B
2025-06-15 22:00:00,59158.77859809028,0.1895410108566284,12533.112106119792,46625.47695095963,senario_B
2025-06-15 23:00:00,56726.17130642361,0.3960119659536414,14758.076850585938,41967.69844387172,senario_B
2025-06-16 00:00:00,54270.72065972223,0.4691792618731658,17378.584474283856,36891.6670061765,senario_B
2025-06-16 01:00:00,51285.29970052083,0.4416489772995313,17200.334230143228,34084.523821400304,senario_B
2025-06-16 02:00:00,49326.52310763889,0.5334160759382778,17372.059697265624,31953.929994297327,senario_B
2025-06-16 03:00:00,47663.28665364583,0.7639139005872938,16785.55241699219,30876.97032275306,senario_B
2025-06-16 04:00:00,47193.93031684028,0.7598861008220249,16753.537716471354,30439.6327142681,senario_B
2025-06-16 05:00:00,47140.2251063368,0.7856037234266599,15014.356946614584,32125.082555998793,senario_B
2025-06-16 06:00:00,48042.045855034725,0.7817090789145894,11945.419412434896,36095.84473352091,senario_B
2025-06-16 07:00:00,49392.14509874132,200.4858232643538,9953.615992024741,39238.04328345222,senario_B
2025-06-16 08:00:00,51207.95530815972,5122.280401068793,8664.546105957032,37421.1288011339,senario_B
2025-06-16 09:00:00,55343.45180338542,15344.494840494792,7553.749832356771,32445.207130533854,senario_B
2025-06-16 10:00:00,59799.77019314236,21746.940062934027,7917.524436035155,30135.30569417317,senario_B
2025-06-16 11:00:00,63171.822317708335,24593.2666905382,7521.6557104492185,31056.89991672092,senario_B
2025-06-16 12:00:00,66501.35188368056,26000.98862630208,7759.941637369791,32740.42162000869,senario_B
2025-06-16 13:00:00,69764.39894965278,26539.97500434028,7812.838680826824,35411.58526448568,senario_B
2025-06-16 14:00:00,72819.65985677083,26223.209750434027,9479.469501139323,37116.980605197474,senario_B
2025-06-16 15:00:00,74682.98857421875,25767.243346354167,11150.016024576824,37765.72920328776,senario_B
2025-06-16 16:00:00,75492.32397569444,25314.74171875,12325.035398763019,37852.54685818142,senario_B
2025-06-16 17:00:00,75796.05333767361,24568.81602159288,13638.166487223307,37589.070828857424,senario_B
2025-06-16 18:00:00,75448.1422439236,23415.791794704863,14555.521396484375,37476.82905273436,senario_B
2025-06-16 19:00:00,74797.88233506944,19594.888474392363,17081.378279622397,38121.615581054684,senario_B
2025-06-16 20:00:00,73132.53857204861,9629.355163031683,19755.744563802084,43747.43884521484,senario_B
2025-06-16 21:00:00,69648.59077256944,949.592568525407,22601.302726236976,46097.695477807065,senario_B
2025-06-16 22:00:00,68696.4891015625,0.3268870233149371,28681.032545572918,40015.12966896627,senario_B
2025-06-16 23:00:00,66063.81749782986,0.3013076615995831,33627.48056559244,32436.035624575816,senario_B
2025-06-17 00:00:00,61858.30599826389,0.2803884545299742,35281.71826822916,26576.3073415802,senario_B
2025-06-17 01:00:00,58116.941796875,0.2832705007493496,36550.08616210938,21566.572364264874,senario_B
2025-06-17 02:00:00,55546.10911349826,0.293947558734152,37182.12297200521,18363.692193934323,senario_B
2025-06-17 03:00:00,53724.20776475695,0.4232944874299897,37706.30171875,16017.482751519521,senario_B
2025-06-17 04:00:00,52321.93896701389,0.3688099380334218,37430.4619140625,14891.108243013361,senario_B
2025-06-17 05:00:00,51565.23939670139,0.3709781965778934,36711.33380208333,14853.534616421479,senario_B
2025-06-17 06:00:00,52086.92112196181,0.3979852570924494,36174.27538085937,15912.247755845347,senario_B
2025-06-17 07:00:00,53111.23210286458,285.7421468882428,36751.85637369792,16073.633582278417,senario_B
2025-06-17 08:00:00,55210.20175130208,6745.645987684462,35557.996009114584,12906.559754503032,senario_B
2025-06-17 09:00:00,60051.00017361111,16886.885516493057,32668.199710286463,10495.914946831588,senario_B
2025-06-17 10:00:00,63593.41688802083,21460.48243055556,32499.478222656246,9633.456234809026,senario_B
2025-06-17 11:00:00,66109.5203125,22707.495347222222,32495.09163085938,10906.93333441839,senario_B
2025-06-17 12:00:00,69629.95289496527,22713.12146484375,33161.288330078125,13755.543100043404,senario_B
2025-06-17 13:00:00,72743.61244791666,22868.316753472223,33590.767327473965,16284.528366970473,senario_B
2025-06-17 14:00:00,75956.65425998264,22866.17865234375,34287.37403157552,18803.101576063367,senario_B
2025-06-17 15:00:00,76549.3178125,21138.479294704863,34810.871123046876,20599.96739474826,senario_B
2025-06-17 16:00:00,76534.55284939236,18963.41646484375,35199.61514485677,22371.521239691843,senario_B
2025-06-17 17:00:00,76607.3966015625,19280.124561631943,34636.64665039063,22690.625389539935,senario_B
2025-06-17 18:00:00,76443.72103298611,18680.33769097222,34495.467753906254,23267.915588107637,senario_B
2025-06-17 19:00:00,76459.55531901041,16123.72134874132,34530.983668619796,25804.850301649298,senario_B
2025-06-17 20:00:00,75252.18898003473,7297.666236436632,35966.324622395834,31988.19812120226,senario_B
2025-06-17 21:00:00,73604.81862847222,691.8228290964497,38731.52169270834,34181.47410666743,senario_B
2025-06-17 22:00:00,71680.76575954861,0.2605987125552363,39857.99384440105,31822.511316435004,senario_B
2025-06-17 23:00:00,68097.48290798611,0.2752111320363151,39021.065162760424,29076.142534093655,senario_B
2025-06-18 00:00:00,64016.846844618056,0.4576948717402087,36399.83030843099,27616.55884131533,senario_B
2025-06-18 01:00:00,60213.71798394097,0.4456139772633711,35157.41384765625,25055.858522307455,senario_B
2025-06-18 02:00:00,57701.03097222222,0.4416576700243685,33877.37954427084,23823.209770281355,senario_B
2025-06-18 03:00:00,55940.57109592014,0.5131477462251981,31331.308567708333,24608.74938046558,senario_B
2025-06-18 04:00:00,54937.68106553819,0.5889722868800163,31099.389882812502,23837.70221043881,senario_B
2025-06-18 05:00:00,54256.32548394097,0.5493436868985494,30403.44706380208,23852.32907645199,senario_B
2025-06-18 06:00:00,54560.51900607639,0.7169211807515886,29573.208352864574,24986.59373203107,senario_B
2025-06-18 07:00:00,55531.63165581597,141.65246557560232,25684.88438639323,29705.094803847136,senario_B
2025-06-18 08:00:00,56974.54293185764,4887.638154025608,22830.871767578123,29256.033010253916,senario_B
2025-06-18 09:00:00,60866.945859375,14716.901735026042,21642.487395833334,24507.55672851563,senario_B
2025-06-18 10:00:00,64966.52512586806,18892.8213780382,23029.870677083334,23043.833070746525,senario_B
2025-06-18 11:00:00,67330.2643142361,22308.15375868056,21891.663584798178,23130.446970757363,senario_B
2025-06-18 12:00:00,69791.9507595486,23817.727554253477,20275.866385091147,25698.356820203982,senario_B
2025-06-18 13:00:00,72884.2453125,24754.17144748264,19131.528933919275,28998.544931098084,senario_B
2025-06-18 14:00:00,75230.29709635417,25056.618969184023,18885.666756184895,31288.011370985252,senario_B
2025-06-18 15:00:00,76346.38718315972,25009.52728515625,19142.78171061198,32194.078187391493,senario_B
2025-06-18 16:00:00,76668.94356336806,24722.911519097222,19705.64542317708,32240.386621093752,senario_B
2025-06-18 17:00:00,76334.69325520833,24215.355277777777,19898.481777343753,32220.856200086797,senario_B
2025-06-18 18:00:00,76319.78026041666,22655.99484157986,20823.065252278648,32840.72016655816,senario_B
2025-06-18 19:00:00,76069.18689670139,18369.483981119796,23336.678505859374,34363.02440972222,senario_B
2025-06-18 20:00:00,75026.34614583333,8544.733982204862,24351.952216796875,42129.65994683159,senario_B
2025-06-18 21:00:00,72740.60099392361,802.7963443775972,24056.884259440103,47880.92039010591,senario_B
2025-06-18 22:00:00,70908.72656684028,12.10803769864142,24990.142382812497,45906.47614632915,senario_B
2025-06-18 23:00:00,68011.94536675347,10.79686782633265,27708.413850911464,40292.73464801568,senario_B
2025-06-19 00:00:00,64429.926187065976,0.5600342145562172,28616.390823567708,35812.97532928371,senario_B
2025-06-19 01:00:00,60880.73714409722,0.4275589565104908,26852.89688476562,34027.41270037509,senario_B
2025-06-19 02:00:00,58214.01591362847,0.4186797866887516,25259.79301106771,32953.80422277407,senario_B
2025-06-19 03:00:00,56698.26047743056,0.5681820893949933,24678.444420572916,32019.247874768247,senario_B
2025-06-19 04:00:00,55072.78552517361,0.6359754903780089,23629.14971516927,31442.999834513965,senario_B
2025-06-19 05:00:00,54203.795542534725,0.6611763874358602,22399.651865234377,31803.48250091291,senario_B
2025-06-19 06:00:00,54466.39922309028,0.80229906052351,21906.027666015623,32559.569258014133,senario_B
2025-06-19 07:00:00,55098.01948133681,221.25640129695336,20954.428146158854,33922.334933881,senario_B
2025-06-19 08:00:00,57024.73036458333,5759.204100206163,18452.014410807293,32813.51185356988,senario_B
2025-06-19 09:00:00,61427.15677734375,16001.46345703125,17400.557765299483,28025.135555013017,senario_B
2025-06-19 10:00:00,64697.148736979165,20069.90550564236,20341.07778808594,24286.165443250866,senario_B
2025-06-19 11:00:00,67543.33586805555,23368.314446614582,18120.487280273435,26054.534141167536,senario_B
2025-06-19 12:00:00,70926.70647135416,24899.48243055556,15180.83307454427,30846.39096625433,senario_B
2025-06-19 13:00:00,73884.42615017362,24721.803715277776,12884.63739908854,36277.9850358073,senario_B
2025-06-19 14:00:00,76372.24660590278,24115.153430989583,12794.960712890625,39462.13246202258,senario_B
2025-06-19 15:00:00,76698.47464192708,23787.90949001736,14273.37189778646,38637.19325412327,senario_B
2025-06-19 16:00:00,77708.9546875,23965.675540364584,17111.081323242186,36632.19782389323,senario_B
2025-06-19 17:00:00,77911.50541666667,22996.737977430555,19236.23595703125,35678.53148220485,senario_B
2025-06-19 18:00:00,77849.75893663194,21871.866803385416,20803.83720214844,35174.054931098086,senario_B
2025-06-19 19:00:00,77214.36478298611,18225.264762369792,21528.549943033853,37460.55007758247,senario_B
2025-06-19 20:00:00,76249.48029079862,8534.38040907118,22288.838605143228,45426.261276584206,senario_B
2025-06-19 21:00:00,74175.62526041667,796.4856374406153,23232.725375976563,50146.4142469995,senario_B
2025-06-19 22:00:00,72120.4775564236,0.2802931438552009,25518.403240559895,46601.794022719856,senario_B
2025-06-19 23:00:00,69102.24251302083,0.3269957429998451,28035.995556640624,41065.9199606372,senario_B
2025-06-20 00:00:00,65989.42060980902,0.4407434495621257,30878.098704427084,35110.88116193237,senario_B
2025-06-20 01:00:00,63097.72637803819,0.2883892900000016,33107.62168619792,29989.816302550273,senario_B
2025-06-20 02:00:00,59712.93296657986,0.3489584715002113,34542.73409505208,25169.849913056278,senario_B
2025-06-20 03:00:00,57940.75400173611,0.390488917628924,34542.46141927084,23397.902093547644,senario_B
2025-06-20 04:00:00,56400.16462239583,0.3234190190500683,33648.49952148438,22751.3416818924,senario_B
2025-06-20 05:00:00,55750.01364149305,0.3348586496710777,33479.11103515625,22270.567747687128,senario_B
2025-06-20 06:00:00,55836.09868706597,0.4181432272659408,31813.016582031254,24022.663961807448,senario_B
2025-06-20 07:00:00,56322.91230251736,219.84878257698483,29095.43794921875,27007.625570721626,senario_B
2025-06-20 08:00:00,58028.39733940972,5888.728417154948,26205.284443359375,25934.384478895397,senario_B
2025-06-20 09:00:00,62182.02397135417,15710.598671875,26763.63708658854,19707.788212890628,senario_B
2025-06-20 10:00:00,66471.9024717882,19039.776527777776,28732.518111979167,18699.60783203125,senario_B
2025-06-20 11:00:00,69897.87921875,21249.992747395838,29320.416696777345,19327.46977457681,senario_B
2025-06-20 12:00:00,71935.95181857639,21820.432608506944,30414.4169140625,19701.10229600694,senario_B
2025-06-20 13:00:00,75003.75953559027,21855.23615017361,31503.653434244792,21644.869951171873,senario_B
2025-06-20 14:00:00,76955.10668402778,21380.11050998264,32491.821363932293,23083.174810112847,senario_B
2025-06-20 15:00:00,77500.36779513888,21015.519092881943,32101.454169921875,24383.394532335064,senario_B
2025-06-20 16:00:00,77861.54266059028,20846.16299045139,33537.93469401042,23477.444976128463,senario_B
2025-06-20 17:00:00,78029.0259765625,20425.46252170139,34752.799736328125,22850.76371853298,senario_B
2025-06-20 18:00:00,77348.25342447916,18720.66791015625,35178.668125,23448.917389322916,senario_B
2025-06-20 19:00:00,77270.03991319444,15796.17322157118,35106.52397135417,26367.342720269095,senario_B
2025-06-20 20:00:00,75960.84965277778,7859.231344943576,34421.209202473954,33680.409105360246,senario_B
2025-06-20 21:00:00,73270.40500868055,1003.9349520485932,35421.91801106771,36844.55204556424,senario_B
2025-06-20 22:00:00,71459.68700954861,0.169833220778447,36299.94999674479,35159.56717958304,senario_B
2025-06-20 23:00:00,68444.29284288194,0.2250594655672709,37575.806178385414,30868.261605030966,senario_B
2025-06-21 00:00:00,65237.341866319446,0.2568072447015179,37292.113893229165,27944.971165845578,senario_B
2025-06-21 01:00:00,62506.95434027778,0.2697917945848571,37480.06573242188,25026.618816061316,senario_B
2025-06-21 02:00:00,59998.411976996525,0.3146756418877178,37125.83073242188,22872.266568932762,senario_B
2025-06-21 03:00:00,57338.93155164931,0.3493484591113196,36403.42490234375,20935.157300846447,senario_B
2025-06-21 04:00:00,55498.52199001736,0.3540112032492955,35420.86491536458,20077.30306344953,senario_B
2025-06-21 05:00:00,54287.69913194444,0.4130709702935484,35271.33461588542,19015.95144508873,senario_B
2025-06-21 06:00:00,53401.52588541667,0.4275298746758037,35284.17571614584,18116.922639396158,senario_B
2025-06-21 07:00:00,53194.37864149306,246.6457265225384,35168.960179036454,17778.772735934064,senario_B
2025-06-21 08:00:00,54776.85250651042,6128.714207221137,33470.43180013021,15177.706499159074,senario_B
2025-06-21 09:00:00,58920.32467230903,14603.16288845486,32669.907858072915,11647.25392578125,senario_B
2025-06-21 10:00:00,63161.53602213541,18096.27820746528,35301.44909179687,9763.808722873262,senario_B
2025-06-21 11:00:00,66460.94036458334,20042.50251736111,37106.89115315755,9311.54669406468,senario_B
2025-06-21 12:00:00,68880.44236328125,21121.97808376736,37139.075533854164,10619.38874565973,senario_B
2025-06-21 13:00:00,71568.5805859375,21311.734049479168,37204.380895182294,13052.46564127603,senario_B
2025-06-21 14:00:00,73051.75891927084,21063.400670572915,37375.96330403646,14612.394944661472,senario_B
2025-06-21 15:00:00,74054.53720920139,20526.119598524307,36962.63822265625,16565.779388020826,senario_B
2025-06-21 16:00:00,75704.23114583333,21173.94957899305,35839.068740234376,18691.2128266059,senario_B
2025-06-21 17:00:00,76461.5183984375,20341.090169270832,34747.80071614584,21372.627513020838,senario_B
2025-06-21 18:00:00,76232.31819878472,19325.153442925348,33920.62973876953,22986.53501708984,senario_B
2025-06-21 19:00:00,75121.49278211806,15683.902341579862,33446.00925455729,25991.58118598091,senario_B
2025-06-21 20:00:00,72642.78135850694,7108.104659559462,34954.897112630206,30579.779586317272,senario_B
2025-06-21 21:00:00,69850.93476996527,647.3063163460625,37615.2698046875,31588.35864893171,senario_B
2025-06-21 22:00:00,68305.36263454861,0.3064408435920874,38538.15914713542,29766.897046569604,senario_B
2025-06-21 23:00:00,65641.68762369792,0.3604992084039582,39357.05999674479,26284.267127744723,senario_B
2025-06-22 00:00:00,62539.7560546875,0.3893834746380647,39757.89704427083,22781.46962694203,senario_B
2025-06-22 01:00:00,59680.45337456597,0.3210569949779245,39810.69599934896,19869.436318222033,senario_B
2025-06-22 02:00:00,57298.93413302952,0.4317583723531829,39374.747916666674,17923.754457990493,senario_B
2025-06-22 03:00:00,55717.89703776042,0.423453234732151,38995.79311197916,16721.680472546526,senario_B
2025-06-22 04:00:00,53935.47613498264,0.4719302012523015,37912.53180826823,16022.472396513156,senario_B
2025-06-22 05:00:00,52719.91226996528,0.4793698688679271,37399.36970377604,15320.06319632037,senario_B
2025-06-22 06:00:00,52209.69909939236,0.4716187525788943,37185.36418457032,15023.863296069467,senario_B
2025-06-22 07:00:00,51553.6001171875,233.5548227388329,36773.24299804687,14546.802296401795,senario_B
2025-06-22 08:00:00,53164.687161458336,5354.235923529731,35444.334222005215,12366.117015923388,senario_B
2025-06-22 09:00:00,58252.38003472222,13713.15006184896,34303.77018554688,10235.459787326385,senario_B
2025-06-22 10:00:00,61233.79007161458,16230.733898654516,35677.514986979164,9325.541185980903,senario_B
2025-06-22 11:00:00,64199.06753472222,18799.453819444443,35948.14870442708,9451.465010850698,senario_B
2025-06-22 12:00:00,67250.56820746527,20545.1641796875,35317.47419921875,11387.92982855902,senario_B
2025-06-22 13:00:00,69785.78590277777,20899.203736979165,35248.21952148438,13638.362644314228,senario_B
2025-06-22 14:00:00,72195.87438368055,21371.96482421875,36095.260410156254,14728.649149305544,senario_B
2025-06-22 15:00:00,74166.3636154514,20977.99643880208,36817.42678385417,16370.940392795143,senario_B
2025-06-22 16:00:00,75363.68114583334,20269.394639756945,37119.15008463542,17975.136421440977,senario_B
2025-06-22 17:00:00,76251.61824652778,20022.343582899302,37167.65551432291,19061.619149305567,senario_B
2025-06-22 18:00:00,76605.21569878473,19115.375088975696,37849.54330647786,19640.297303331172,senario_B
2025-06-22 19:00:00,76045.61014322916,15761.975556640626,38885.87021158854,21397.764375,senario_B
2025-06-22 20:00:00,74372.81733506944,7461.44578125,39486.45590413411,27424.915649685325,senario_B
2025-06-22 21:00:00,71525.84118055555,713.1390590019689,39165.241037597654,31647.461083955925,senario_B
2025-06-22 22:00:00,69643.90143663195,0.2562183352580501,38507.769150390624,31135.876067906065,senario_B
2025-06-22 23:00:00,66244.72318576388,0.2980445936653349,38148.38920247396,28096.035938696252,senario_B
2025-06-23 00:00:00,62595.24086154514,0.3392636686563491,35926.598984375,26668.302613501488,senario_B
2025-06-23 01:00:00,59050.45796657986,0.4760913105805714,34795.8659375,24254.115937769282,senario_B
2025-06-23 02:00:00,56541.85649956597,0.4472147098845905,34253.81111002604,22287.59817483004,senario_B
2025-06-23 03:00:00,55468.98319878472,0.3854067104392581,33211.116005859374,22257.481786214907,senario_B
2025-06-23 04:00:00,54055.77721788194,0.3688253903720114,32130.86215169271,21924.54624079886,senario_B
2025-06-23 05:00:00,53559.936792534725,0.3656996326976352,31877.936552734383,21681.634540167644,senario_B
2025-06-23 06:00:00,54025.42754774306,0.359910168018606,31200.512278645834,22824.555358929207,senario_B
2025-06-23 07:00:00,54988.83440321181,231.5236819815636,30241.773779296873,24515.536941933377,senario_B
2025-06-23 08:00:00,57095.077712673614,5179.018224216037,29455.02739908854,22461.032089369037,senario_B
2025-06-23 09:00:00,61745.82250434028,13122.310530598956,30256.50046875,18367.01150499132,senario_B
2025-06-23 10:00:00,65201.952543402775,16704.908934461804,32124.858561197918,16372.185047743053,senario_B
2025-06-23 11:00:00,68579.71739149306,20186.151781684028,31717.277757161457,16676.287852647576,senario_B
2025-06-23 12:00:00,71951.134296875,21993.576276041666,30418.963541666664,19538.594479166662,senario_B
2025-06-23 13:00:00,74657.69712239584,22606.488587239583,30029.200322265624,22022.008212890632,senario_B
2025-06-23 14:00:00,76978.378515625,23089.25690266927,30284.63200358073,23604.489609375,senario_B
2025-06-23 15:00:00,77746.43808159723,22284.27068793403,31266.487405598953,24195.679988064247,senario_B
2025-06-23 16:00:00,76760.45259114583,20661.010651041663,33186.68839518229,22912.753544921878,senario_B
2025-06-23 17:00:00,77093.82501736112,19019.822816297743,33848.39990397135,24225.602297092017,senario_B
2025-06-23 18:00:00,77167.28224826389,17227.585598415797,34710.30399739584,25229.392652452254,senario_B
2025-06-23 19:00:00,76627.63450954862,14478.035109320746,35080.93351236979,27068.665887858086,senario_B
2025-06-23 20:00:00,75364.43856987848,6367.433313123915,33733.63694986979,35263.368306884775,senario_B
2025-06-23 21:00:00,72991.10563368055,434.0142974901116,31672.228277994793,40884.863058195646,senario_B
2025-06-23 22:00:00,70849.43811848959,0.1877320395161708,30549.641142578126,40299.60924387195,senario_B
2025-06-23 23:00:00,67499.68342013888,0.2271342817197243,31034.896744791666,36464.55954106549,senario_B
2025-06-24 00:00:00,63429.585,0.2401802446610397,31355.706625162755,32073.638194592582,senario_B
2025-06-24 01:00:00,59910.070036892364,0.225512932555543,31220.103841145836,28689.740682813972,senario_B
2025-06-24 02:00:00,57234.08915798611,0.2515050620834033,31029.298489583343,26204.539163340683,senario_B
2025-06-24 03:00:00,54942.95437282986,0.1968574873109658,29267.238382161457,25675.519133181093,senario_B
2025-06-24 04:00:00,53314.07841796875,0.320261590845055,26397.628050130206,26916.130106247696,senario_B
2025-06-24 05:00:00,52239.045071614586,0.4669585507942571,24782.031324869793,27456.546788194,senario_B
2025-06-24 06:00:00,52600.09231119792,0.4686466870374149,23252.76012044271,29346.863544068172,senario_B
2025-06-24 07:00:00,53516.07689236111,255.5216431473361,21562.853771158854,31697.701478054918,senario_B
2025-06-24 08:00:00,55404.85719618056,6902.372830403646,18238.67613606771,30263.8082297092,senario_B
2025-06-24 09:00:00,60082.89802734375,18667.38060329861,18446.42269042969,22969.09473361545,senario_B
2025-06-24 10:00:00,63391.71183376736,23047.93959635417,19963.97994140625,20379.79229600694,senario_B
2025-06-24 11:00:00,66832.29265842013,24735.62929470486,19168.382192382807,22928.281171332463,senario_B
2025-06-24 12:00:00,69686.72549913195,25044.51082248264,18440.794568684898,26201.42010796441,senario_B
2025-06-24 13:00:00,73291.0729296875,24942.0516796875,19590.133901367186,28758.88734863282,senario_B
2025-06-24 14:00:00,76100.5505577257,24928.69540798611,21068.77584798177,30103.079301757818,senario_B
2025-06-24 15:00:00,77641.8860329861,24039.265346137152,22702.048689778643,30900.57199707031,senario_B
2025-06-24 16:00:00,77360.110625,22186.498359375,24560.993237304687,30612.619028320314,senario_B
2025-06-24 17:00:00,76876.97262586806,20438.893033854165,26367.94086588542,30070.138726128473,senario_B
2025-06-24 18:00:00,76736.53326171875,19194.495392252604,27150.44587890625,30391.5919905599,senario_B
2025-06-24 19:00:00,75779.09253472222,16364.57054796007,27166.70352539063,32247.81846137152,senario_B
2025-06-24 20:00:00,73673.65487847223,7957.316114637587,28322.455481770834,37393.8832820638,senario_B
2025-06-24 21:00:00,71050.80876736112,710.4000369420316,27923.733528645836,42416.67520177325,senario_B
2025-06-24 22:00:00,69430.894296875,0.2074217857751581,27927.917034505208,41502.76984058402,senario_B
2025-06-24 23:00:00,66120.75458550347,0.2961842525998751,28818.22625,37302.23215125087,senario_B
2025-06-25 00:00:00,62233.51271484375,0.3134771479997369,28937.688430989583,33295.510806706174,senario_B
2025-06-25 01:00:00,58957.49511827257,0.4581774673031436,29890.20230143229,29066.834639372973,senario_B
2025-06-25 02:00:00,56103.59400824653,0.3437665035534236,29894.893221028648,26208.35702071433,senario_B
2025-06-25 03:00:00,53835.468353949655,0.1843765247530407,28163.942851562504,25671.341125862396,senario_B
2025-06-25 04:00:00,52260.307052951386,0.1850484658819106,26033.57584391276,26226.546160572747,senario_B
2025-06-25 05:00:00,51443.32220486111,0.1966391986608505,23787.126430664062,27655.999134998387,senario_B
2025-06-25 06:00:00,52094.22230685764,0.1907764124208026,21627.340914713543,30466.69061573168,senario_B
2025-06-25 07:00:00,53009.30473849826,209.3020434368485,19382.166362304688,33417.83633275672,senario_B
2025-06-25 08:00:00,54411.510882161456,5459.815486653646,16012.002172851564,32939.69322265624,senario_B
2025-06-25 09:00:00,58169.84113172743,15518.744691840278,15848.114630533855,26802.981809353296,senario_B
2025-06-25 10:00:00,61782.736204427085,19416.97369140625,18565.26485514323,23800.497657877604,senario_B
2025-06-25 11:00:00,64436.48421006944,20586.613383246528,18525.835994466146,25324.034832356763,senario_B
2025-06-25 12:00:00,66577.37942274306,22157.21426378038,18141.213500976566,26278.95165798612,senario_B
2025-06-25 13:00:00,68957.56480034722,22971.68236111111,18791.592915852863,27194.289523383242,senario_B
2025-06-25 14:00:00,71832.56069444444,21850.192890625,19673.954231770833,30308.413572048616,senario_B
2025-06-25 15:00:00,73815.81495659723,20208.04234700521,20719.225872395833,32888.546737196186,senario_B
2025-06-25 16:00:00,74678.97401258681,17798.139539930555,20795.297758789064,36085.53671386719,senario_B
2025-06-25 17:00:00,74928.85223307292,16570.886064453123,22274.98537434896,36082.980794270836,senario_B
2025-06-25 18:00:00,73872.43303819445,14513.975667317707,23261.13703531901,36097.32033555773,senario_B
2025-06-25 19:00:00,71868.2243359375,10826.33289171007,23763.504104817708,37278.38733940972,senario_B
2025-06-25 20:00:00,69630.05443576389,5501.216711154514,25175.962444661454,38952.87527994792,senario_B
2025-06-25 21:00:00,67184.33636501736,562.8627126407623,26120.72330973307,40500.750342643514,senario_B
2025-06-25 22:00:00,65694.54326388889,0.2634540666805373,27365.802840169268,38328.47696965294,senario_B
2025-06-25 23:00:00,62785.96216145833,0.135476333151261,29146.038701171878,33639.7879839533,senario_B
2025-06-26 00:00:00,59033.26024305556,0.1458237477060821,28340.540133463543,30692.574285844315,senario_B
2025-06-26 01:00:00,55858.66134657118,0.1482446235252751,26304.177548828127,29554.335553119527,senario_B
2025-06-26 02:00:00,53544.24579535591,0.149178575542238,25324.67901448568,28219.417602294692,senario_B
2025-06-26 03:00:00,51872.58571180556,0.1514235842062367,24767.487755533853,27104.9465326875,senario_B
2025-06-26 04:00:00,50738.23816189236,0.1517805112567213,22577.469197591145,28160.617183789956,senario_B
2025-06-26 05:00:00,50384.94598632812,0.1622196043862236,21610.787905273435,28773.995861450305,senario_B
2025-06-26 06:00:00,51401.67491861979,0.6547648293193844,20271.099639485674,31129.9205143048,senario_B
2025-06-26 07:00:00,52710.43996636285,203.31178105759952,18962.18622233073,33544.941962974524,senario_B
2025-06-26 08:00:00,54305.38267795139,5417.369282362196,16229.58237141927,32658.431024169924,senario_B
2025-06-26 09:00:00,58003.018744574656,15319.40839735243,13780.079356282553,28903.53099093967,senario_B
2025-06-26 10:00:00,62319.75663953993,20115.4934375,13944.273400065103,28259.98980197483,senario_B
2025-06-26 11:00:00,65279.21503580729,21954.650262586805,12557.400712076822,30767.16406114366,senario_B
2025-06-26 12:00:00,67859.44844618056,23747.913732638888,10676.21387532552,33435.32083821615,senario_B
2025-06-26 13:00:00,70885.81263454861,23759.00336154514,9343.271967773439,37783.53730523003,senario_B
2025-06-26 14:00:00,73853.58095703126,23168.89206814236,9071.43373046875,41613.25515842014,senario_B
2025-06-26 15:00:00,76035.09064670138,22527.11715060764,10940.791014811199,42567.18248128255,senario_B
2025-06-26 16:00:00,76487.35951822916,21001.466565212675,14585.15920735677,40900.733745659716,senario_B
2025-06-26 17:00:00,75797.93439887153,17939.523831380207,17330.454024251303,40527.95654324001,senario_B
2025-06-26 18:00:00,75157.35248697917,15648.244242621528,18628.243057861324,40880.86518649632,senario_B
2025-06-26 19:00:00,73466.876953125,13555.023473307292,20936.08231282552,38975.771166992185,senario_B
2025-06-26 20:00:00,71293.49139756945,6927.075050455729,22857.846259765625,41508.5700873481,senario_B
2025-06-26 21:00:00,68918.83900173611,590.8018783473968,23361.531345621745,44966.50577776697,senario_B
2025-06-26 22:00:00,67278.07164279514,0.6910894640949037,23114.03041666667,44163.35013666438,senario_B
2025-06-26 23:00:00,64224.48124782986,0.1241088893885413,22629.741141764323,41594.61599717615,senario_B
2025-06-27 00:00:00,60512.38799696181,0.1503593436959717,22812.61193644206,37699.62570117605,senario_B
2025-06-27 01:00:00,57421.80765625,0.1497609511762857,22542.00261393229,34879.65528136653,senario_B
2025-06-27 02:00:00,54531.05437934028,0.1415393685052792,21994.596678059897,32536.316161911884,senario_B
2025-06-27 03:00:00,52829.70110568577,0.1457703428218762,18582.841496175133,34246.71383916781,senario_B
2025-06-27 04:00:00,51585.21004123264,0.1851995392474863,18952.180976562497,32632.843865130893,senario_B
2025-06-27 05:00:00,50778.26593641493,0.2652267187254296,18800.260288899743,31977.740420796465,senario_B
2025-06-27 06:00:00,51333.97494032118,0.2625571035842101,15802.005634765625,35531.70674845198,senario_B
2025-06-27 07:00:00,52323.16773871528,190.53046250441008,12802.859145914714,39329.77813029616,senario_B
2025-06-27 08:00:00,54192.83283420139,6201.774763590495,11841.881590372723,36149.17648023817,senario_B
2025-06-27 09:00:00,58837.47715603298,17179.037807074652,11467.818767903645,30190.620581054685,senario_B
2025-06-27 10:00:00,63460.77222222222,22020.669127604167,13120.662963053384,28319.44013156467,senario_B
2025-06-27 11:00:00,66540.05573350695,24566.021555989584,13156.547120768231,28817.487056749127,senario_B
2025-06-27 12:00:00,68987.05370876736,25766.162921006944,11855.079144694011,31365.8116430664,senario_B
2025-06-27 13:00:00,72274.67501302084,25688.614676649304,10678.989768066407,35907.07056830513,senario_B
2025-06-27 14:00:00,75043.69680555556,24855.36216145833,10942.113041992188,39246.22160210504,senario_B
2025-06-27 15:00:00,76111.61413194444,24054.43294270833,12842.609446614584,39214.57174262153,senario_B
2025-06-27 16:00:00,76871.5898936632,22988.94768934462,15178.21667602539,38704.42552829319,senario_B
2025-06-27 17:00:00,76944.88371744791,21843.768093532984,17948.040972086586,37153.07465182834,senario_B
2025-06-27 18:00:00,76841.10695529514,19450.64705023872,18282.511474202474,39107.94843085394,senario_B
2025-06-27 19:00:00,75690.65851996528,15074.798887261284,18473.90531372071,42141.954318983284,senario_B
2025-06-27 20:00:00,72844.61729817708,5879.67919921875,16955.461306966146,50009.47679199219,senario_B
2025-06-27 21:00:00,69514.74251302083,477.6187583094173,16735.04597045899,52302.077784252426,senario_B
2025-06-27 22:00:00,68094.09354600694,0.2357973016136222,19150.690994466146,48943.16675423918,senario_B
2025-06-27 23:00:00,66029.17664713542,0.1476903201142947,21825.694029947914,44203.33492686739,senario_B
2025-06-28 00:00:00,63259.69728841146,0.1594157391414046,23277.18653971354,39982.35133295877,senario_B
2025-06-28 01:00:00,60112.550345052085,0.1590014895382854,24249.26468343099,35863.12666013156,senario_B
2025-06-28 02:00:00,57319.09393229167,0.1649971452438169,24966.2738671875,32352.655067958924,senario_B
2025-06-28 03:00:00,54781.5244813368,0.179427028749552,25746.370511067707,29034.97454324034,senario_B
2025-06-28 04:00:00,53332.821110026045,0.2326466967993312,25958.76705729167,27373.821406037576,senario_B
2025-06-28 05:00:00,52362.41445529514,0.3290805899434619,24903.627788085938,27458.457586619257,senario_B
2025-06-28 06:00:00,52103.6163172743,0.3359583497212993,23681.201103515625,28422.079255408957,senario_B
2025-06-28 07:00:00,51628.85305338541,204.88970383091103,22721.48065144857,28702.482698105927,senario_B
2025-06-28 08:00:00,53225.11031032986,6299.133099636501,20106.511331787107,26819.465878906252,senario_B
2025-06-28 09:00:00,59658.59779296875,18302.59772840712,17715.293420817063,23640.70664374457,senario_B
2025-06-28 10:00:00,64398.683582899306,23961.877508680554,18749.10953613281,21687.69653808594,senario_B
2025-06-28 11:00:00,65578.12592013889,25526.453851996528,18800.235603841145,21251.436464301216,senario_B
2025-06-28 12:00:00,68489.32989583333,26126.385876736116,16257.062965494792,26105.881053602425,senario_B
2025-06-28 13:00:00,71496.6082530382,26627.789717881944,12821.043404134114,32047.775131022143,senario_B
2025-06-28 14:00:00,74153.70142795138,26329.66054253472,12373.777008463541,35450.26387695312,senario_B
2025-06-28 15:00:00,75802.85510416667,26067.754578993052,13696.624185791015,36038.4763393826,senario_B
2025-06-28 16:00:00,76547.04239149306,25235.514707573784,15910.401873779296,35401.12581013998,senario_B
2025-06-28 17:00:00,76988.51375434028,23667.343765190973,18190.621168619793,35130.54882052951,senario_B
2025-06-28 18:00:00,77009.07066189236,22069.406940104167,21024.498969726563,33915.16475206163,senario_B
2025-06-28 19:00:00,76686.08053385417,17230.481703016492,23575.54716471354,35880.05166612414,senario_B
2025-06-28 20:00:00,74577.89830295139,7221.370842013889,24420.856383463542,42935.67107747396,senario_B
2025-06-28 21:00:00,71494.24233940973,573.0743192900552,23212.585583089192,47708.582437030476,senario_B
2025-06-28 22:00:00,69697.05130208333,0.3659561940468848,25521.31602172852,44175.36932416077,senario_B
2025-06-28 23:00:00,66639.26089626735,0.1816687321000629,28719.212405598963,37919.866821936295,senario_B
2025-06-29 00:00:00,63511.19956380208,0.1871820232023795,30501.07348876953,33009.93889300935,senario_B
2025-06-29 01:00:00,60185.24157769097,0.2355289215718706,28705.410559082036,31479.595489687363,senario_B
2025-06-29 02:00:00,57404.126558159725,0.2018178793125682,27313.903523763023,30090.021216517387,senario_B
2025-06-29 03:00:00,55398.48251953125,0.1885704119213753,26848.95555826823,28549.338390851102,senario_B
2025-06-29 04:00:00,53674.40404730903,0.1861690080786744,26631.894080403647,27042.323797897305,senario_B
2025-06-29 05:00:00,52207.68531467014,0.4089682121078173,26993.429253743492,25213.847092714543,senario_B
2025-06-29 06:00:00,51592.08616753472,0.3672988536291652,26248.135430501305,25343.583438179787,senario_B
2025-06-29 07:00:00,50868.66918836805,239.75596314251425,24679.568424479163,25949.344800746367,senario_B
2025-06-29 08:00:00,52473.53305989583,6634.448440348308,20526.638113606772,25312.446505940752,senario_B
2025-06-29 09:00:00,57956.17081380208,17658.15660590278,17439.092467854818,22858.921740044476,senario_B
2025-06-29 10:00:00,62328.48839518229,21647.89715169271,16796.053964436847,23884.53727905274,senario_B
2025-06-29 11:00:00,64835.398411458336,23706.468512912328,15894.105779215493,25234.82411933051,senario_B
2025-06-29 12:00:00,67110.18489149306,24259.383503146702,14545.076634928386,28305.72475341797,senario_B
2025-06-29 13:00:00,69701.24172526042,24133.98335123698,13424.450263264973,32142.808110758466,senario_B
2025-06-29 14:00:00,71217.29524739583,23110.36437717014,13861.222021484373,34245.70884874131,senario_B
2025-06-29 15:00:00,72394.92750868056,22959.40005642361,14245.822180989584,35189.70527126737,senario_B
2025-06-29 16:00:00,73290.45125868055,22094.88177951389,13815.353776041666,37380.215703124995,senario_B
2025-06-29 17:00:00,74051.99563802083,19099.809820421007,12636.93975301107,42315.24606458875,senario_B
2025-06-29 18:00:00,74412.1166232639,16994.99083767361,15571.446440429689,41845.67934516059,senario_B
2025-06-29 19:00:00,73812.6231749132,13458.430604112413,21391.00622762044,38963.18634318034,senario_B
2025-06-29 20:00:00,71890.9729578993,6540.011063639323,25200.419305013023,40150.54258924695,senario_B
2025-06-29 21:00:00,69553.89967230902,543.0031904904131,25164.5446484375,43846.35183338111,senario_B
2025-06-29 22:00:00,67770.13258246527,0.2040928665507171,24956.518302408855,42813.41018718987,senario_B
2025-06-29 23:00:00,64752.86453667535,0.1903365192479557,23117.270740152995,41635.4034600031,senario_B
2025-06-30 00:00:00,61163.60010416667,0.2044892682838771,24052.923430582683,37110.4721843157,senario_B
2025-06-30 01:00:00,57875.96359049479,0.2108488764613866,24406.284049479167,33469.46869213916,senario_B
2025-06-30 02:00:00,55256.22907118056,0.2074001823365688,22252.209700520834,33003.81197047739,senario_B
2025-06-30 03:00:00,53386.62435546875,0.2042052012475,19325.648372395837,34060.77177787167,senario_B
2025-06-30 04:00:00,52600.87292643229,0.2887108144826359,17942.000135091144,34658.58408052666,senario_B
2025-06-30 05:00:00,51894.95457248264,0.3146938053352965,17451.372368570963,34443.26751010634,senario_B
2025-06-30 06:00:00,52479.10235243056,0.3196480814864238,16297.07274210612,36181.70996224295,senario_B
2025-06-30 07:00:00,53138.80765516493,216.5054753359159,15485.657011311849,37436.64516851716,senario_B
2025-06-30 08:00:00,54853.27711154514,5740.179823676215,13355.438399658202,35757.65888821072,senario_B
2025-06-30 09:00:00,60308.78475368924,15930.01056749132,11190.242896321615,33188.5312898763,senario_B
2025-06-30 10:00:00,63529.63114800347,21003.74739908854,10756.256065673828,31769.627683241102,senario_B
2025-06-30 11:00:00,66356.30075086806,21998.4815234375,8661.173870442708,35696.64535698785,senario_B
2025-06-30 12:00:00,69770.73992838542,22927.40298828125,6992.056035359701,39851.28090474447,senario_B
2025-06-30 13:00:00,73241.2068185764,23616.575562065973,5646.489933268229,43978.14132324219,senario_B
2025-06-30 14:00:00,75487.13810329861,21490.59933810764,6724.347291259766,47272.191473931205,senario_B
2025-06-30 15:00:00,76616.53825737847,19478.794512261284,7321.353524373373,49816.390220743815,senario_B
2025-06-30 16:00:00,76479.1653515625,17765.25351779514,9434.990548502603,49278.921285264754,senario_B
2025-06-30 17:00:00,74659.70295572917,16336.839402126736,13377.688190511068,44945.17536309136,senario_B
2025-06-30 18:00:00,74372.27481770833,13496.42689561632,14550.266808268228,46325.58111382378,senario_B
2025-06-30 19:00:00,72640.80998697916,9332.123400336372,14048.931122233076,49259.75546440971,senario_B
2025-06-30 20:00:00,70461.89649305555,3716.9039569769966,15471.397065429686,51273.59547064887,senario_B
2025-06-30 21:00:00,67589.04900607638,256.535359134285,17577.37073771159,49755.142909230504,senario_B
2025-06-30 22:00:00,65784.14112413194,0.1727096880185935,15415.465218505859,50368.503195938065,senario_B
2025-06-30 23:00:00,62095.93683159722,0.1746886552290784,12156.402277628582,49939.35986531341,senario_B
2025-07-01 00:00:00,58108.21197591146,0.1851955703273415,10276.107636108398,47831.919144232736,senario_B
2025-07-01 01:00:00,54865.22572916667,0.2371904425157441,7837.059347330729,47027.92919139342,senario_B
2025-07-01 02:00:00,52657.740655381946,0.3199549892710315,7798.759103190105,44858.66159720257,senario_B
2025-07-01 03:00:00,51080.49683159722,0.3479629033058882,8953.39897623698,42126.74989245694,senario_B
2025-07-01 04:00:00,49713.96628472222,0.3234287496407826,8810.482807617187,40903.16004835539,senario_B
2025-07-01 05:00:00,49622.28701171875,0.3300849953956074,8970.547952473959,40651.408974249396,senario_B
2025-07-01 06:00:00,50268.31877387153,0.308592214319441,8865.864007161457,41402.14617449575,senario_B
2025-07-01 07:00:00,51231.755470920136,164.10655752099223,6685.530730692546,44382.118182706596,senario_B
2025-07-01 08:00:00,52496.90855143229,3472.792818060981,4737.649467163086,44286.46626620822,senario_B
2025-07-01 09:00:00,56107.95546657986,9733.810280490452,3409.539788208007,42964.605397881394,senario_B
2025-07-01 10:00:00,60133.46306532118,14625.348985188804,3819.2103602091483,41688.903719923226,senario_B
2025-07-01 11:00:00,63934.09973958333,17669.00646050347,4102.371156107585,42162.72212297228,senario_B
2025-07-01 12:00:00,66731.28454427083,19066.27756076389,4722.954711507162,42942.05227199978,senario_B
2025-07-01 13:00:00,70156.95680338542,20519.28699001736,5210.4666874186205,44427.20312594943,senario_B
2025-07-01 14:00:00,72470.53106336805,20642.151512586806,5751.723481852214,46076.656068929035,senario_B
2025-07-01 15:00:00,74353.72340277777,19322.11995388455,6218.8156357828775,48812.78781311034,senario_B
2025-07-01 16:00:00,75862.54057725695,18047.40459635417,6791.503189290364,51023.632791612414,senario_B
2025-07-01 17:00:00,76069.30369140625,16703.74965169271,7940.686858723959,51424.86718098959,senario_B
2025-07-01 18:00:00,74760.48102430555,13577.61056532118,7173.287387695313,54009.58307128906,senario_B
2025-07-01 19:00:00,73078.40807074653,9408.240954047307,7256.338231811524,56413.8288848877,senario_B
2025-07-01 20:00:00,70445.21126302083,3483.661138780382,6533.879017537435,60427.671106703005,senario_B
2025-07-01 21:00:00,67749.76315972222,257.76597105926936,5628.485403340657,61863.51178532229,senario_B
2025-07-01 22:00:00,65606.04108723959,0.6153943430549569,5633.110565185547,59972.31512771099,senario_B
2025-07-01 23:00:00,62939.98497829861,0.1684310848058925,5109.694585164389,57830.121962049416,senario_B
2025-07-02 00:00:00,60501.31094835069,0.1472795833481682,4743.826710001627,55757.33695876572,senario_B
2025-07-02 01:00:00,58018.82955186632,0.1467558846705489,4724.147784016927,53294.53501196473,senario_B
2025-07-02 02:00:00,55742.20090060764,0.2263761126167244,5053.939223632812,50688.03530086221,senario_B
2025-07-02 03:00:00,53656.33405707465,0.2498407142195436,5486.407178141277,48169.67703821915,senario_B
2025-07-02 04:00:00,52735.17411458334,0.2497410396403736,6069.946880289714,46664.97749325399,senario_B
2025-07-02 05:00:00,52406.92576605903,0.2493228754566775,6202.141120605469,46204.53532257811,senario_B
2025-07-02 06:00:00,52858.215104166666,0.252485182914469,5758.452818603515,47099.509800380234,senario_B
2025-07-02 07:00:00,53567.54461371528,110.3855961111188,5150.3102567545575,48306.84876084961,senario_B
2025-07-02 08:00:00,55451.86520073785,3149.152649875217,4697.495414632162,47605.21713623047,senario_B
2025-07-02 09:00:00,58883.139637586806,9925.218282877604,4278.72868367513,44679.19267103407,senario_B
2025-07-02 10:00:00,62757.33439887153,14843.29656141493,4957.804770914713,42956.233066541885,senario_B
2025-07-02 11:00:00,66256.40264756944,18131.41850043403,6563.232242838541,41561.75190429688,senario_B
2025-07-02 12:00:00,69787.7575998264,19712.20402560764,8418.529318847657,41657.02425537109,senario_B
2025-07-02 13:00:00,73185.10524305556,20386.620896267363,10059.743435058594,42738.740911729605,senario_B
2025-07-02 14:00:00,75015.04575954861,21125.872748480902,10971.15267211914,42918.02033894856,senario_B
2025-07-02 15:00:00,75422.79329427083,19885.46283203125,13391.224720865885,42146.1057413737,senario_B
2025-07-02 16:00:00,74967.15716145834,18054.20171657986,15135.298313802085,41777.65713107639,senario_B
2025-07-02 17:00:00,73978.32110243055,16358.427893880207,14903.01547688802,42716.87773166232,senario_B
2025-07-02 18:00:00,72793.01418836806,12805.510581597222,15883.604734700519,44103.89887207032,senario_B
2025-07-02 19:00:00,71150.15125868056,7786.095944010417,17709.10512369792,45654.950190972224,senario_B
2025-07-02 20:00:00,68838.45580295139,2520.822856004503,16244.102071940106,50073.53087500677,senario_B
2025-07-02 21:00:00,67093.839609375,206.2696183298673,16778.972915039063,50108.59707600607,senario_B
2025-07-02 22:00:00,66081.8737391493,0.1490312065349684,17062.305805664066,49019.41890227871,senario_B
2025-07-02 23:00:00,63207.31656467014,0.1553142544627189,16362.275546875,46844.88570354067,senario_B
2025-07-03 00:00:00,59930.18770182291,0.1853628762397501,14903.522738850912,45026.47960009576,senario_B
2025-07-03 01:00:00,57115.03884548611,0.2614931352270974,14438.412511393231,42676.36484095765,senario_B
2025-07-03 02:00:00,54903.54666232639,0.2553242850469218,13642.158102213543,41261.1332358278,senario_B
2025-07-03 03:00:00,53410.45197048611,0.2486512112783061,13114.183774414061,40296.01954486077,senario_B
2025-07-03 04:00:00,52737.850245225694,0.2472990207539664,11984.465029296874,40753.13791690807,senario_B
2025-07-03 05:00:00,52487.32734157986,0.3091705091297626,11505.722613932292,40981.29555713844,senario_B
2025-07-03 06:00:00,53274.23707899306,0.2954958891703023,12057.295430501303,41216.64615260258,senario_B
2025-07-03 07:00:00,54403.95514973958,36.9404518997007,13534.494095052085,40832.520602787794,senario_B
2025-07-03 08:00:00,55685.78238064236,1271.7410650465224,14278.226673177083,40135.81464241876,senario_B
2025-07-03 09:00:00,58406.66347981771,4368.882559339735,15521.802736002606,38515.978184475374,senario_B
2025-07-03 10:00:00,61233.16641493056,7637.706131184896,18153.76524088542,35441.69504286024,senario_B
2025-07-03 11:00:00,63405.66696831597,9937.235621744792,19089.967596028648,34378.46375054253,senario_B
2025-07-03 12:00:00,65427.10379557292,11418.115649956597,20169.51208333333,33839.47606228299,senario_B
2025-07-03 13:00:00,67259.85373263889,11831.36544704861,20023.979012044274,35404.509273546006,senario_B
2025-07-03 14:00:00,68408.90412760417,12756.688841145831,21275.265629882815,34376.94965657552,senario_B
2025-07-03 15:00:00,67669.86912760416,11940.6769140625,20651.50449707031,35077.68771647136,senario_B
2025-07-03 16:00:00,67710.80961805556,10510.481104600694,19529.562117513018,37670.76639594184,senario_B
2025-07-03 17:00:00,67114.1720030382,9563.785830078124,17484.286842447917,40066.09933051216,senario_B
2025-07-03 18:00:00,66265.59671657986,8176.396549479166,17268.46310709635,40820.73706000435,senario_B
2025-07-03 19:00:00,64569.39203993056,4548.107015245226,18021.801284179688,41999.483740505646,senario_B
2025-07-03 20:00:00,62797.65718098958,2157.471204020182,19127.083219401044,41513.102757568355,senario_B
2025-07-03 21:00:00,61563.00736328125,325.73899031321207,19922.337525227864,41314.93084774017,senario_B
2025-07-03 22:00:00,60903.47173177084,0.7893897660904461,19326.05787434896,41576.62446765579,senario_B
2025-07-03 23:00:00,58989.79972005208,0.2479905407296286,18563.858001302084,40425.69372820926,senario_B
2025-07-04 00:00:00,56772.45542751736,0.2684869543380207,18436.18448404948,38336.00245651354,senario_B
2025-07-04 01:00:00,55054.27178819444,0.2942490694920222,18003.042757161456,37050.93478196349,senario_B
2025-07-04 02:00:00,53440.43907877604,0.3724617582559585,17601.28955525716,35838.77706176063,senario_B
2025-07-04 03:00:00,51915.32795138889,0.3866929859585232,17668.363590494788,34246.57766790815,senario_B
2025-07-04 04:00:00,50965.99727864583,0.4096856171554989,16855.784305013025,34109.80328801565,senario_B
2025-07-04 05:00:00,50401.87069227431,0.3899507479866346,16113.911326497397,34287.56941502892,senario_B
2025-07-04 06:00:00,50297.64916015625,0.3915321585204866,16256.907265624997,34040.35036237273,senario_B
2025-07-04 07:00:00,50220.43317708333,26.35393398165703,15143.66481933594,35050.41442376573,senario_B
2025-07-04 08:00:00,50563.28234375,1285.1058142937554,13309.921824544272,35968.254704911975,senario_B
2025-07-04 09:00:00,53283.31085720486,4449.687863498264,12462.357465006511,36371.26552870008,senario_B
2025-07-04 10:00:00,56964.825112847226,9006.748389756944,13086.986638997398,34871.09008409289,senario_B
2025-07-04 11:00:00,59853.10409722223,13407.772437065973,13451.487107747394,32993.84455240887,senario_B
2025-07-04 12:00:00,62859.94889105903,15736.408953993056,14121.333085937502,33002.206851128474,senario_B
2025-07-04 13:00:00,65025.6059375,18461.95384765625,14272.322682291666,32291.32940755208,senario_B
2025-07-04 14:00:00,66698.22764973958,19041.96491590712,14244.720210367837,33411.542523464625,senario_B
2025-07-04 15:00:00,67561.85711371528,18304.38478515625,13861.942937825519,35395.529390733514,senario_B
2025-07-04 16:00:00,67998.23835069445,16479.748394097223,13522.123019205728,37996.366937391496,senario_B
2025-07-04 17:00:00,67574.39279513889,14626.933009982638,13499.292337239582,39448.16744791667,senario_B
2025-07-04 18:00:00,66028.60654947917,12247.321297743056,14296.295729166668,39484.98952256945,senario_B
2025-07-04 19:00:00,63683.59009548611,10158.236929253471,15132.320157877604,38393.033008355036,senario_B
2025-07-04 20:00:00,61769.9077061632,5932.462585720487,16972.274055989583,38865.17106445313,senario_B
2025-07-04 21:00:00,60432.094578993056,1029.4338541783227,18964.027846679688,40438.632878135046,senario_B
2025-07-04 22:00:00,59333.93811848958,1.1697339688531228,22210.96365600586,37121.804728514864,senario_B
2025-07-04 23:00:00,57982.06983506944,0.1450255283920301,24421.820622558596,33560.10418698245,senario_B
2025-07-05 00:00:00,56378.06821180556,0.2384872580733564,25279.937792154946,31097.891932392544,senario_B
2025-07-05 01:00:00,54489.090401475696,0.290900162110726,24723.357801106773,29765.441700206815,senario_B
2025-07-05 02:00:00,52791.33134331597,0.2745703998539183,22475.130501302083,30315.926271614037,senario_B
2025-07-05 03:00:00,51052.34238172743,0.2805636188884576,20518.285959879555,30533.77585822899,senario_B
2025-07-05 04:00:00,50145.74090711806,0.2886987910999192,17684.108600260417,32461.343608066545,senario_B
2025-07-05 05:00:00,49801.01536024306,0.2860546186566353,14392.424931640626,35408.304373983774,senario_B
2025-07-05 06:00:00,49918.7160655382,0.2884257002671559,11506.830314127605,38411.59732571033,senario_B
2025-07-05 07:00:00,49945.37784505208,83.5641682404942,9684.141142578126,40177.672534233454,senario_B
2025-07-05 08:00:00,50785.44346137153,2601.766138882107,8760.960930175781,39422.71639231364,senario_B
2025-07-05 09:00:00,53388.21184461805,7683.195532226562,8563.280921223959,37141.73539116752,senario_B
2025-07-05 10:00:00,56438.57598307292,10844.987469618056,8658.632279459636,36934.95623399523,senario_B
2025-07-05 11:00:00,59165.564296875,13343.146372612848,8217.976467285156,37604.441456977,senario_B
2025-07-05 12:00:00,61408.33228298611,15525.542038845486,7941.183388671875,37941.60685546875,senario_B
2025-07-05 13:00:00,63378.30712999132,17201.877870551216,9168.27773457845,37008.151524861656,senario_B
2025-07-05 14:00:00,64488.892741970485,17773.951538085938,10450.195962117514,36264.745241767036,senario_B
2025-07-05 15:00:00,65505.78076388889,17634.089668511286,11663.535733439126,36208.15536193848,senario_B
2025-07-05 16:00:00,65898.35201171874,17376.713324652777,12551.67987141927,35969.95881564669,senario_B
2025-07-05 17:00:00,65636.80261935764,15927.896867404514,13210.376233723959,36498.52951822916,senario_B
2025-07-05 18:00:00,64769.908624131946,14240.73390516493,13551.59846516927,36977.57625379774,senario_B
2025-07-05 19:00:00,63805.17994574653,11010.886533203126,14796.57870279948,37997.71470974392,senario_B
2025-07-05 20:00:00,62132.84300347222,5982.864153103299,16439.236940104165,39710.741910264755,senario_B
2025-07-05 21:00:00,60968.38806423611,840.1075962874625,15346.822218831381,44781.45824911727,senario_B
2025-07-05 22:00:00,60512.98040581597,0.2898418959478537,13403.457973632812,47109.23259028721,senario_B
2025-07-05 23:00:00,58638.774097222224,0.269869390245941,12349.966358235677,46288.5378695963,senario_B
2025-07-06 00:00:00,56360.6061328125,0.2486504950457149,11860.934548339843,44499.422933977614,senario_B
2025-07-06 01:00:00,54395.88193359375,0.2506520450611909,12545.108637695312,41850.52264385338,senario_B
2025-07-06 02:00:00,51894.70164930556,0.3381920136345757,10853.319452311198,41041.04400498073,senario_B
2025-07-06 03:00:00,49954.26283637153,0.3539863789081574,7875.567259928387,42078.341590064236,senario_B
2025-07-06 04:00:00,48951.66658203125,0.401678652299775,6369.947289632161,42581.31761374679,senario_B
2025-07-06 05:00:00,48076.61587456597,0.3774853214952681,5649.247155354818,42426.99123388966,senario_B
2025-07-06 06:00:00,47810.45998263889,0.4075059772862328,5685.012049967449,42125.04042669415,senario_B
2025-07-06 07:00:00,47774.258912760415,118.34253301392,6309.544440104168,41346.371939642326,senario_B
2025-07-06 08:00:00,49378.60259765625,3557.7319643825954,5910.629573160806,39910.24106011285,senario_B
2025-07-06 09:00:00,53467.77939453125,10946.828065863716,5012.225855712891,37508.72547295465,senario_B
2025-07-06 10:00:00,57402.45019314236,14511.939425998264,5295.093054199218,37595.41771294487,senario_B
2025-07-06 11:00:00,60179.20519314236,17171.612475043403,6125.000819498699,36882.591898600265,senario_B
2025-07-06 12:00:00,62750.57375868056,19552.58455078125,7232.054694824219,35965.934513075095,senario_B
2025-07-06 13:00:00,64388.33396918403,21317.51288845486,7868.443127441406,35202.37795328776,senario_B
2025-07-06 14:00:00,66175.95945746527,22009.28891059028,8640.293143717448,35526.377403157545,senario_B
2025-07-06 15:00:00,67898.87575086806,22254.46270182292,9953.275510253907,35691.13753879123,senario_B
2025-07-06 16:00:00,69412.27585503472,21699.376547309028,11396.700918782553,36316.198388943136,senario_B
2025-07-06 17:00:00,69794.65211805556,20645.33431803385,12555.668717854816,36593.64908216689,senario_B
2025-07-06 18:00:00,70093.95011284722,18717.17282335069,13512.853945312501,37863.92334418403,senario_B
2025-07-06 19:00:00,68837.642578125,15286.638298611111,13537.524923502606,40013.47935601128,senario_B
2025-07-06 20:00:00,66952.2203689236,7781.247854817709,12653.503142089845,46517.46937201605,senario_B
2025-07-06 21:00:00,65196.34670355903,709.2491569773356,11423.664920247396,53063.432626334295,senario_B
2025-07-06 22:00:00,63527.860251736114,8.47413626882765,11337.601607259116,52181.78450820817,senario_B
2025-07-06 23:00:00,61257.79097873264,8.552114726172553,11211.192497558593,50038.046366447874,senario_B
2025-07-07 00:00:00,58372.61115885417,8.59033850034078,12928.296186523437,45435.72463383039,senario_B
2025-07-07 01:00:00,55715.616215277776,8.584839083353678,13615.493343098957,42091.538033095465,senario_B
2025-07-07 02:00:00,53427.02972222222,8.583797337214152,12957.618201497395,40460.827723387614,senario_B
2025-07-07 03:00:00,51898.63243923611,8.585723079045614,11234.625119628907,40655.42159652816,senario_B
2025-07-07 04:00:00,50947.70272677951,8.590276952584585,9402.940231119792,41536.172218707135,senario_B
2025-07-07 05:00:00,50832.76372178819,7.411437531643443,8221.27444580078,42604.07783845577,senario_B
2025-07-07 06:00:00,51773.11917100695,0.7008914937575658,7566.050968424479,44206.36731108872,senario_B
2025-07-07 07:00:00,53172.43536024306,109.11319883167744,7768.489928385417,45294.83223302596,senario_B
2025-07-07 08:00:00,55276.720772569446,4113.917470906576,8670.617255859375,42492.18604580349,senario_B
2025-07-07 09:00:00,59400.99253472222,13513.124915364584,6361.457844238281,39526.40977511936,senario_B
2025-07-07 10:00:00,62450.03328342014,17489.990024956598,7078.18657796224,37881.8566805013,senario_B
2025-07-07 11:00:00,64410.59800130208,18890.135538194445,7629.442687174479,37891.01977593316,senario_B
2025-07-07 12:00:00,66959.33194661458,19956.87225911458,8322.747357991537,38679.71232950846,senario_B
2025-07-07 13:00:00,68947.56733072917,20182.75380208333,9185.35040222168,39579.46312642416,senario_B
2025-07-07 14:00:00,71205.67816840278,20239.129028320312,10147.517507120769,40819.0316329617,senario_B
2025-07-07 15:00:00,73427.56524305555,21342.26341579861,9602.671765136718,42482.630062120224,senario_B
2025-07-07 16:00:00,74343.14339409722,21870.36510199653,11305.29474202474,41167.48355007595,senario_B
2025-07-07 17:00:00,75105.40363715278,19202.481922743056,11468.477549641926,44434.444164767796,senario_B
2025-07-07 18:00:00,74889.0247265625,18006.927374131945,12168.466689453126,44713.63066297742,senario_B
2025-07-07 19:00:00,73760.84802951389,15737.762955729168,10757.647240397135,47265.43783338759,senario_B
2025-07-07 20:00:00,71316.01249131944,7824.218259819879,9879.69908610026,53612.095145399304,senario_B
2025-07-07 21:00:00,68683.7580078125,946.244402757552,12056.859567871094,55680.65403718386,senario_B
2025-07-07 22:00:00,67345.93491753472,0.1504555385559797,15704.351207682292,51641.43325431386,senario_B
2025-07-07 23:00:00,64002.07788411458,0.2223071817557017,17917.116489257813,46084.739087675014,senario_B
2025-07-08 00:00:00,60708.59322048611,0.2203342822359668,18998.333564453125,41710.039321750744,senario_B
2025-07-08 01:00:00,57206.92552300347,0.2247779279616144,16447.951106770837,40758.74963830467,senario_B
2025-07-08 02:00:00,54898.08838107639,0.2335492952167988,14713.109168294272,40184.7456634869,senario_B
2025-07-08 03:00:00,52761.59656032986,0.2454603121843603,14157.034003906247,38604.31709611142,senario_B
2025-07-08 04:00:00,51736.96326171875,0.340991734597418,14551.299339192708,37185.322930791444,senario_B
2025-07-08 05:00:00,51542.18071180556,0.3399552729725837,13540.27764811198,38001.5631084206,senario_B
2025-07-08 06:00:00,52398.19991102431,0.3527459255192015,14087.427664388022,38310.41950071077,senario_B
2025-07-08 07:00:00,53543.500620659725,52.13216327253315,14078.578286132812,39412.79017125438,senario_B
2025-07-08 08:00:00,54931.09674045139,2948.380364108616,12653.069440104166,39329.6469362386,senario_B
2025-07-08 09:00:00,58751.30401692708,11403.612301432291,9580.390332845052,37767.30138264973,senario_B
2025-07-08 10:00:00,64007.373156467016,18017.820279947915,10790.584931437174,35198.967945081924,senario_B
2025-07-08 11:00:00,66843.29075086805,21385.43674262153,10332.98939046224,35124.864617784275,senario_B
2025-07-08 12:00:00,69473.1299435764,22758.13187934028,8472.807565511068,38242.19049872505,senario_B
2025-07-08 13:00:00,72216.9232421875,22858.149791666667,7098.616815592448,42260.15663492839,senario_B
2025-07-08 14:00:00,72699.73331597222,21527.51984809028,6547.987161865234,44624.22630601671,senario_B
2025-07-08 15:00:00,73370.82626085069,20482.488096788195,6296.456302897136,46591.88186116536,senario_B
2025-07-08 16:00:00,73745.01151475694,18891.009578993056,5727.432639567058,49126.56929619683,senario_B
2025-07-08 17:00:00,73453.54146267362,15986.72880642361,5736.825494791667,51729.98716145834,senario_B
2025-07-08 18:00:00,72689.43103949653,12894.897898220486,5641.679735107422,54152.85340616862,senario_B
2025-07-08 19:00:00,70870.574453125,10019.43754123264,6236.57394124349,54614.56297064886,senario_B
2025-07-08 20:00:00,68224.42084201389,5941.124353162977,7521.130249226888,54762.16623962403,senario_B
2025-07-08 21:00:00,65270.98137586805,699.5671878197458,9618.009729003907,54953.404459044395,senario_B
2025-07-08 22:00:00,63456.0165625,0.2865316173599826,12431.56169514974,51024.1683357329,senario_B
2025-07-08 23:00:00,60369.66946940104,0.1763680180907249,16411.415258789064,43958.077842593884,senario_B
2025-07-09 00:00:00,56775.87519314236,0.1743894357317023,19035.23983072917,37740.46097297745,senario_B
2025-07-09 01:00:00,54472.52222873264,0.1818779373500082,18815.08754557292,35657.25280522237,senario_B
2025-07-09 02:00:00,52520.88164279514,0.1758110922409428,20727.833842773438,31792.871988929463,senario_B
2025-07-09 03:00:00,50841.49412651909,0.2351742953807115,23000.030275878908,27841.228676344796,senario_B
2025-07-09 04:00:00,49705.52789713542,0.278139045867655,20555.3636735026,29149.88608458695,senario_B
2025-07-09 05:00:00,48925.59049262153,0.3238949894573953,16303.515595703124,32621.751001928948,senario_B
2025-07-09 06:00:00,50151.4556749132,0.3033666965365409,14584.682651367188,35566.469656849484,senario_B
2025-07-09 07:00:00,51256.7145279948,84.42116563696828,15064.201520996094,36108.09184136174,senario_B
2025-07-09 08:00:00,52837.83941840278,3140.136017320421,12441.695203450523,37256.00819763183,senario_B
2025-07-09 09:00:00,56165.06722222222,11118.620718315971,8892.958547363281,36153.487956542966,senario_B
2025-07-09 10:00:00,59985.717585720486,15363.807554796009,8348.069967041016,36273.84006388346,senario_B
2025-07-09 11:00:00,63415.95366319444,17895.83664496528,7873.870287272135,37646.246730957035,senario_B
2025-07-09 12:00:00,66362.13376736111,18553.45637369792,7511.652216796875,40297.02517686632,senario_B
2025-07-09 13:00:00,69530.43605902778,20609.597170138888,7185.919645182292,41734.919243706594,senario_B
2025-07-09 14:00:00,70528.40357421876,20835.268792860243,6456.487497355143,43236.647284003375,senario_B
2025-07-09 15:00:00,71805.50715494792,20958.63531684028,6346.811243082682,44500.06059502496,senario_B
2025-07-09 16:00:00,72923.06517795139,19367.610030381944,6160.255103352865,47395.20004421658,senario_B
2025-07-09 17:00:00,73969.62161892361,18696.08282769097,5839.981065266927,49433.557725965715,senario_B
2025-07-09 18:00:00,74105.5076844618,17815.961516927084,7009.959424641927,49279.58674289279,senario_B
2025-07-09 19:00:00,73172.50951388889,14885.359408637152,8222.110442708334,50065.0396625434,senario_B
2025-07-09 20:00:00,70884.69637586805,7925.830006510417,9404.37622639974,53554.49014295789,senario_B
2025-07-09 21:00:00,67214.4524392361,1215.2165762648317,12034.032215983074,53965.20364698819,senario_B
2025-07-09 22:00:00,64995.30953559028,0.2175498469008339,16158.095167643229,48836.996818100146,senario_B
2025-07-09 23:00:00,61812.438465711806,0.3934967497156726,19629.5758203125,42182.46914864959,senario_B
2025-07-10 00:00:00,58302.58171006945,0.3820737032757865,20544.67256591797,37757.52707044821,senario_B
2025-07-10 01:00:00,55465.87048177084,0.3231926177607642,21866.106516927084,33599.44077222599,senario_B
2025-07-10 02:00:00,52548.35023654514,0.4324394969311025,22050.558831380207,30497.358965668005,senario_B
2025-07-10 03:00:00,50904.25659613715,0.5037661384211646,22316.585650634766,28587.167179363965,senario_B
2025-07-10 04:00:00,49771.87119574653,0.5487090957164764,22134.973551432293,27636.348935218517,senario_B
2025-07-10 05:00:00,49579.269296875,0.673782843036784,21554.624967041018,28023.970546990946,senario_B
2025-07-10 06:00:00,50354.567211371526,0.7152268035544289,21748.123286132817,28605.728698435152,senario_B
2025-07-10 07:00:00,51483.48254991319,100.81619267178908,23051.663676757813,28331.00268048359,senario_B
2025-07-10 08:00:00,53230.31566189236,4820.164639417861,21734.551829427084,26675.599193047416,senario_B
2025-07-10 09:00:00,58037.86332682292,17281.056171875,16283.670231119788,24473.136923828133,senario_B
2025-07-10 10:00:00,61588.44208224826,24267.3534890408,16247.048885498047,21074.039707709413,senario_B
2025-07-10 11:00:00,63812.48374240451,26644.198718532985,16456.611720377605,20711.67330349392,senario_B
2025-07-10 12:00:00,67387.49164930555,27555.51667154948,17344.519958902994,22487.45501885307,senario_B
2025-07-10 13:00:00,71143.69523220486,27789.50899468316,18319.18527913411,25035.00095838759,senario_B
2025-07-10 14:00:00,74346.39403645834,27321.8925,20085.24704182943,26939.25449462891,senario_B
2025-07-10 15:00:00,75692.8890907118,26426.604335394964,22585.670626627605,26680.614128689234,senario_B
2025-07-10 16:00:00,76440.30200954861,24934.404450954866,23327.469711914062,28178.427846679682,senario_B
2025-07-10 17:00:00,77233.61494791666,24124.286662326387,24071.450843098955,29037.877442491324,senario_B
2025-07-10 18:00:00,77438.75646701388,23002.97722873264,24411.79906901042,30023.98016927082,senario_B
2025-07-10 19:00:00,76587.19615885416,20076.92399305556,25072.213377278647,31438.05878851995,senario_B
2025-07-10 20:00:00,74912.59969184028,9810.351987304688,25674.620677083334,39427.627027452254,senario_B
2025-07-10 21:00:00,72310.46943142361,964.5012396986782,26194.094755859373,45151.873435865564,senario_B
2025-07-10 22:00:00,70602.4657595486,1.736553729524215,31928.973828125,38671.75537769408,senario_B
2025-07-10 23:00:00,67579.24180555556,0.301904858748118,37632.487281901034,29946.45261879578,senario_B
2025-07-11 00:00:00,63698.51226345486,0.2581967969404326,38373.10138671875,25325.152679939172,senario_B
2025-07-11 01:00:00,60043.56467230903,0.2705647157380978,37013.278684895835,23030.015422697463,senario_B
2025-07-11 02:00:00,57279.94632595487,0.375810511774487,36211.98899414063,21067.58152130247,senario_B
2025-07-11 03:00:00,55221.603120659725,0.462666561189625,34893.72465494792,20327.41579915062,senario_B
2025-07-11 04:00:00,53964.02134982639,0.4540431671672397,32578.07566080729,21385.49164585193,senario_B
2025-07-11 05:00:00,53326.42332465278,0.4522436884376737,29789.135032552083,23536.83604841226,senario_B
2025-07-11 06:00:00,53751.21898003472,0.4925603067212634,27836.994114583333,25913.732305144662,senario_B
2025-07-11 07:00:00,54722.468776041664,103.74837565806178,28372.615162760412,26246.10523762319,senario_B
2025-07-11 08:00:00,55737.06554253472,4223.465547349718,28116.203209635416,23397.396785549587,senario_B
2025-07-11 09:00:00,59824.44623914931,13116.197533637152,27485.190130208342,19223.05857530381,senario_B
2025-07-11 10:00:00,64172.40772135417,18574.741220703127,31451.724645182294,14145.94185546875,senario_B
2025-07-11 11:00:00,66882.46068576389,20793.88638237847,30421.9942545573,15666.580048828117,senario_B
2025-07-11 12:00:00,69657.94276041667,23115.308971354167,27210.60622070313,19332.02756835937,senario_B
2025-07-11 13:00:00,71693.44606119792,23321.28168782552,24919.129072265627,23453.035301106764,senario_B
2025-07-11 14:00:00,73530.63709635417,23580.76883246528,23710.396800130206,26239.47146375868,senario_B
2025-07-11 15:00:00,74288.362109375,23928.23771484375,24450.4028515625,25909.721542968746,senario_B
2025-07-11 16:00:00,75398.82076388889,23789.47166232639,24193.329010416666,27416.02009114583,senario_B
2025-07-11 17:00:00,75871.51138020834,22089.82473958333,23332.08552246094,30449.601118164064,senario_B
2025-07-11 18:00:00,75693.68391059028,21940.949233940973,22940.428483072916,30812.306193576384,senario_B
2025-07-11 19:00:00,74525.18659722223,18656.74083984375,23483.91030924479,32384.535448133684,senario_B
2025-07-11 20:00:00,72335.0205251736,9014.8005726454,24311.89783691406,39008.322115614144,senario_B
2025-07-11 21:00:00,69053.07202690972,910.830134338753,24377.855130208336,43764.38676236263,senario_B
2025-07-11 22:00:00,66457.8426171875,0.1848554850286907,26547.453291015623,39910.20447068685,senario_B
2025-07-11 23:00:00,65364.74360460069,0.3544708544843726,30185.727623697916,35178.66151004829,senario_B
2025-07-12 00:00:00,62667.70372395834,0.3541056181987126,33313.12364908854,29354.225969251595,senario_B
2025-07-12 01:00:00,59529.397109375,0.2946600862344106,32741.409433593748,26787.69301569502,senario_B
2025-07-12 02:00:00,57290.6358984375,0.3927745443748103,30763.90447591146,26526.338647981665,senario_B
2025-07-12 03:00:00,55009.47327473958,0.3961426986257235,28582.175348307297,26426.901783733658,senario_B
2025-07-12 04:00:00,53628.47252604167,0.5661357381277614,26107.36737955729,27520.53901074625,senario_B
2025-07-12 05:00:00,52740.60094618056,0.6394885996646351,21905.88099121094,30834.080466369956,senario_B
2025-07-12 06:00:00,52600.71991102431,0.5840910458730326,16621.46167480469,35978.67414517375,senario_B
2025-07-12 07:00:00,52625.155533854166,61.80869274155961,17634.750493164058,34928.59634794855,senario_B
2025-07-12 08:00:00,53553.79644097222,3052.3899550035267,17348.210076497395,33153.1964094713,senario_B
2025-07-12 09:00:00,57574.7857530382,8989.225504014757,14810.726741536457,33774.83350748699,senario_B
2025-07-12 10:00:00,61799.89259114584,12725.411453993056,15501.920052083333,33572.56108506946,senario_B
2025-07-12 11:00:00,64642.43628689236,16511.56564453125,14240.992252604166,33889.87838975695,senario_B
2025-07-12 12:00:00,67694.1012717014,18813.36441189236,13176.306879882812,35704.42997992623,senario_B
2025-07-12 13:00:00,70837.81160590278,20264.62172960069,13436.284763997395,37136.905112304696,senario_B
2025-07-12 14:00:00,72641.4137109375,20822.17775390625,13798.459707031252,38020.77625,senario_B
2025-07-12 15:00:00,72764.69293402777,19626.153828125,12299.12167236328,40839.41743353949,senario_B
2025-07-12 16:00:00,73791.72196614584,18717.348315972224,11605.28581298828,43469.08783718533,senario_B
2025-07-12 17:00:00,75549.1154578993,18021.985913085937,12289.881412760416,45237.24813205295,senario_B
2025-07-12 18:00:00,74243.91048611111,16011.257470703124,10772.30330078125,47460.34971462674,senario_B
2025-07-12 19:00:00,71681.52332682292,11879.255048828123,10090.985228678386,49711.28304931641,senario_B
2025-07-12 20:00:00,68379.04223090278,5965.286308322483,10190.045779622396,52223.710142957905,senario_B
2025-07-12 21:00:00,64750.61934027778,745.6909762632515,9217.642817382814,54787.28554663171,senario_B
2025-07-12 22:00:00,63884.86626302084,0.2875243121385574,10049.531759440104,53835.0469792686,senario_B
2025-07-12 23:00:00,61705.706636284725,0.4731995415356424,10949.18805501302,50756.04538173017,senario_B
2025-07-13 00:00:00,59654.43980360243,0.5114298224780295,11194.092987467448,48459.8353863125,senario_B
2025-07-13 01:00:00,57053.09717881944,0.3673348609109719,11246.112317708334,45806.61752625019,senario_B
2025-07-13 02:00:00,54539.1205750868,0.5203009213176039,11161.096877441407,43377.50339672408,senario_B
2025-07-13 03:00:00,53038.45065972222,0.5230974235468441,10040.518101399739,42997.40946089894,senario_B
2025-07-13 04:00:00,52270.58336805556,0.5397201700343026,9938.357942708335,42331.685705177195,senario_B
2025-07-13 05:00:00,51422.45347439236,0.5969710770580504,10169.567248535157,41252.289254780146,senario_B
2025-07-13 06:00:00,50388.86841362847,0.58091626904077,9632.206602376304,40756.080894983126,senario_B
2025-07-13 07:00:00,50320.42350911458,57.73844282276101,9549.52802734375,40713.15703894808,senario_B
2025-07-13 08:00:00,51731.35851345486,3107.186744215224,9247.053011067708,39377.118758171935,senario_B
2025-07-13 09:00:00,56756.59775173611,10238.459310980905,10286.46117594401,36231.677264811195,senario_B
2025-07-13 10:00:00,58454.3680186632,15462.812843967014,11262.539591471354,31729.015583224835,senario_B
2025-07-13 11:00:00,60347.14395399306,19758.02040581597,10783.846545410157,29805.27700276693,senario_B
2025-07-13 12:00:00,62966.03796657986,20758.118077256942,10616.763058268229,31591.15683105469,senario_B
2025-07-13 13:00:00,64815.46564236111,21883.05869357639,9664.758494466145,33267.64845431857,senario_B
2025-07-13 14:00:00,65898.38225260416,19440.672172309027,8684.92760579427,37772.78247450086,senario_B
2025-07-13 15:00:00,66887.96932074653,16891.29193359375,8286.197512207033,41710.479874945755,senario_B
2025-07-13 16:00:00,68105.42651909722,16289.472415364584,8053.350380859376,43762.60372287327,senario_B
2025-07-13 17:00:00,68954.6271484375,14392.809443359374,8023.389966634115,46538.427738444014,senario_B
2025-07-13 18:00:00,69709.47426215278,13071.49912326389,7942.758294270832,48695.216844618066,senario_B
2025-07-13 19:00:00,68896.9128515625,11112.420146484375,8432.367474772134,49352.12523030599,senario_B
2025-07-13 20:00:00,66811.45297309027,5588.123980034722,10081.395931803385,51141.93306125216,senario_B
2025-07-13 21:00:00,64986.61618923611,676.8371775699613,12115.556508789063,52194.222502877084,senario_B
2025-07-13 22:00:00,63932.8940516493,0.2995988303754064,14732.571367187502,49200.02308563143,senario_B
2025-07-13 23:00:00,61202.95269314236,0.4611961479319466,15904.313224283855,45298.178272710575,senario_B
2025-07-14 00:00:00,57973.08178168403,0.4853116794261667,16775.75962239583,41196.83684760877,senario_B
2025-07-14 01:00:00,55769.17307725694,0.3643583055006133,16807.457998046873,38961.350720904564,senario_B
2025-07-14 02:00:00,53324.60448567708,0.5879131129218472,15450.34526936849,37873.671303195675,senario_B
2025-07-14 03:00:00,51528.17308159722,0.625355246729321,14111.14649251302,37416.40123383747,senario_B
2025-07-14 04:00:00,50722.12447048611,0.7087110547555817,12418.16837890625,38303.2473805251,senario_B
2025-07-14 05:00:00,50288.17780815972,0.7710189456741016,10534.029436035156,39753.37735317889,senario_B
2025-07-14 06:00:00,51356.17029513889,0.7278155561288198,9044.812932942708,42310.62954664005,senario_B
2025-07-14 07:00:00,52844.66379557292,65.39020202385055,8208.150655110676,44571.12293843839,senario_B
2025-07-14 08:00:00,54386.58821614584,3106.142544793023,7214.013107910156,44066.432563442664,senario_B
2025-07-14 09:00:00,59547.59015190973,11762.252482638887,6521.373680013021,41263.96398925782,senario_B
2025-07-14 10:00:00,61911.82701605903,16297.779185112848,6667.184930013022,38946.86290093316,senario_B
2025-07-14 11:00:00,63739.011161024304,19935.92892361111,6189.841088053385,37613.24114935981,senario_B
2025-07-14 12:00:00,65633.12111328125,21790.538858506945,6393.0551932779945,37449.52706149631,senario_B
2025-07-14 13:00:00,68214.32872395833,22801.448865017363,7638.276778157553,37774.60308078342,senario_B
2025-07-14 14:00:00,70821.66403645833,23383.63853949653,10007.536725260417,37430.48877170138,senario_B
2025-07-14 15:00:00,72400.57326388889,22201.310824652777,13352.761692708333,36846.500746527774,senario_B
2025-07-14 16:00:00,74004.93901909722,21811.244674479167,17109.41154785156,35084.28279676649,senario_B
2025-07-14 17:00:00,75975.29713541667,19916.126629774302,19242.4891015625,36816.68140407986,senario_B
2025-07-14 18:00:00,76007.25780381945,18406.54574001736,17172.247194010415,40428.46486979167,senario_B
2025-07-14 19:00:00,74731.32218315972,14519.834683159725,16303.730960286459,43907.75653971353,senario_B
2025-07-14 20:00:00,72177.06727864583,6006.969561496311,16185.634013671875,49984.46370347764,senario_B
2025-07-14 21:00:00,70223.44328559027,470.0516244041692,16217.517244466146,53535.87441671996,senario_B
2025-07-14 22:00:00,68358.69440538195,0.2386927370727062,17847.31359375,50511.14211889487,senario_B
2025-07-14 23:00:00,64965.21759982639,0.4139329025977187,19089.316466471355,45875.48720045244,senario_B
2025-07-15 00:00:00,61232.47904296875,0.4366078145139747,19104.127890625,42127.91454452924,senario_B
2025-07-15 01:00:00,58445.66089192708,0.425142427633206,18871.473774414062,39573.76197508539,senario_B
2025-07-15 02:00:00,56037.9301453993,0.5602931933436128,20050.650100911458,35986.7197512945,senario_B
2025-07-15 03:00:00,54213.7008984375,0.6261630833480093,19916.90707356771,34296.16766178644,senario_B
2025-07-15 04:00:00,53181.89700737847,0.5764548110961915,18125.942153320313,35055.37839924706,senario_B
2025-07-15 05:00:00,52722.28975260416,0.6631168450249566,18345.83479980469,34375.79183595445,senario_B
2025-07-15 06:00:00,53678.88189019097,0.6515135912100474,18236.713181966144,35441.51719463361,senario_B
2025-07-15 07:00:00,54825.17794270833,91.1773185431295,18932.278950195312,35801.72167396989,senario_B
2025-07-15 08:00:00,55956.78470920139,4031.139591064453,17442.024283854167,34483.620834282774,senario_B
2025-07-15 09:00:00,59924.70248263889,13069.778832465276,15748.637473958333,31106.286176215282,senario_B
2025-07-15 10:00:00,65027.45208984375,19328.109817708333,18867.107622070314,26832.2346500651,senario_B
2025-07-15 11:00:00,67667.87432725694,23062.21699001736,20074.500276692706,24531.157060546873,senario_B
2025-07-15 12:00:00,71000.22472222222,24781.048934461807,19509.72128580729,26709.45450195312,senario_B
2025-07-15 13:00:00,74217.19899305556,25183.99587890625,20488.26452799479,28544.938586154516,senario_B
2025-07-15 14:00:00,76959.88063368056,25383.794544270837,22940.157141927084,28635.928947482636,senario_B
2025-07-15 15:00:00,77216.19965711805,23772.6855859375,23392.920864257812,30050.59320692274,senario_B
2025-07-15 16:00:00,77605.868515625,22610.538168402774,24177.28177734375,30818.048569878476,senario_B
2025-07-15 17:00:00,78310.61765625,22347.40074435764,23769.164485677084,32194.05242621528,senario_B
2025-07-15 18:00:00,77869.19805555555,20994.67240017361,23820.524456380204,33054.00119900173,senario_B
2025-07-15 19:00:00,77426.779921875,17405.950906032987,26240.19933919271,33780.6296766493,senario_B
2025-07-15 20:00:00,75797.59035590278,7835.214186197917,29025.205611979167,38937.170557725694,senario_B
2025-07-15 21:00:00,73078.1669314236,757.3075436794592,28484.846966145833,43836.01242159831,senario_B
2025-07-15 22:00:00,70359.2460329861,0.323828847259283,29333.840556640618,41025.08164749823,senario_B
2025-07-15 23:00:00,67160.05831163195,0.2833695110099183,30971.113603515623,36188.66133860531,senario_B
2025-07-16 00:00:00,63024.96478624132,0.3838775662249989,32174.848969726565,30849.73193894853,senario_B
2025-07-16 01:00:00,59129.138234592014,0.3994072218073738,31712.39213053385,27416.346696836357,senario_B
2025-07-16 02:00:00,56696.50689236111,0.4468094027704662,30145.322259114582,26550.73782384376,senario_B
2025-07-16 03:00:00,54798.74436631944,0.6444287353257339,28010.06501953125,26788.034918052872,senario_B
2025-07-16 04:00:00,53980.00905381944,0.526755446659194,26891.436409505208,27088.04588886757,senario_B
2025-07-16 05:00:00,53657.570492621526,0.5076837514340877,25808.515546875,27848.54726199509,senario_B
2025-07-16 06:00:00,54400.2065733507,0.6536574019326105,25301.934449869794,29097.61846607897,senario_B
2025-07-16 07:00:00,55402.46601128472,62.20054349564844,25051.396256510416,30288.869211278652,senario_B
2025-07-16 08:00:00,56469.5294422743,4276.9375245836045,23947.591295572918,28245.00062211778,senario_B
2025-07-16 09:00:00,59923.51536675347,14397.541408420138,23537.059111328123,21988.914847005206,senario_B
2025-07-16 10:00:00,64880.78261284722,19236.00302517361,26812.82810872396,18831.951478949653,senario_B
2025-07-16 11:00:00,67867.79101345486,21732.713749457464,27221.608046061196,18913.4692179362,senario_B
2025-07-16 12:00:00,70545.58965277778,23509.13240451389,25297.582937825522,21738.87431043837,senario_B
2025-07-16 13:00:00,73729.55749565973,25722.74029296875,21900.692447916666,26106.124754774308,senario_B
2025-07-16 14:00:00,76606.62488932292,26100.30590711805,20161.11699625651,30345.201985948363,senario_B
2025-07-16 15:00:00,77853.76325520834,25830.57730251736,19856.358274739585,32166.827677951398,senario_B
2025-07-16 16:00:00,78313.93411458333,25532.76584418403,19797.08703125,32984.081239149295,senario_B
2025-07-16 17:00:00,78849.15865885417,24583.360985243056,20445.821860351563,33819.97581325955,senario_B
2025-07-16 18:00:00,78809.0903125,22409.957421875,22674.033846028644,33725.09904459636,senario_B
2025-07-16 19:00:00,78362.70607638889,17419.934359809027,25726.491951497395,35216.279765082465,senario_B
2025-07-16 20:00:00,77115.8814236111,7543.815096299913,29026.55812825521,40545.50819905598,senario_B
2025-07-16 21:00:00,74792.67702256945,697.7766861449347,29229.352561848962,44865.54777457555,senario_B
2025-07-16 22:00:00,72581.8729861111,4.979473194645511,30220.525849609377,42356.367663307086,senario_B
2025-07-16 23:00:00,68644.35473958333,0.4064870410164197,30605.214127604166,38038.73412493814,senario_B
2025-07-17 00:00:00,64616.82032335069,0.4119652416970994,29590.701477864583,35025.706880244405,senario_B
2025-07-17 01:00:00,60740.68413845486,0.4892711396680937,28684.370094401038,32055.824772914155,senario_B
2025-07-17 02:00:00,57877.66095486111,0.5507785315977203,27537.090201822917,30340.01997450659,senario_B
2025-07-17 03:00:00,55759.42878689237,0.6633140785826577,27078.302044270837,28680.46342854295,senario_B
2025-07-17 04:00:00,54237.67209635417,0.6070801876319779,25565.645074869793,28671.41994129674,senario_B
2025-07-17 05:00:00,53380.41355685764,0.559086884326405,23277.239580078127,30102.614889895183,senario_B
2025-07-17 06:00:00,53547.49056857639,0.6286996671888563,22269.829775390626,31277.03209351857,senario_B
2025-07-17 07:00:00,54274.987734375,83.22296185778247,21685.94027832031,32505.824494196902,senario_B
2025-07-17 08:00:00,55526.22593967014,4160.318274061415,19966.776153971354,31399.131511637373,senario_B
2025-07-17 09:00:00,59770.407144097226,14878.33595703125,14190.848111979165,30701.223075086808,senario_B
2025-07-17 10:00:00,63740.66246202257,21672.501302625868,11838.846165771485,30229.314993625216,senario_B
2025-07-17 11:00:00,65661.38707682291,23695.945609809027,8679.803669637044,33285.63779737684,senario_B
2025-07-17 12:00:00,68582.206953125,25001.40854817708,7111.754707845052,36469.04369710287,senario_B
2025-07-17 13:00:00,72175.92884982639,25915.547789713542,7271.610030110677,38988.77103000217,senario_B
2025-07-17 14:00:00,75167.71637152777,26983.059581163197,8089.785176595053,40094.87161376952,senario_B
2025-07-17 15:00:00,77153.30499131944,26607.116573350693,10031.517954915365,40514.67046305338,senario_B
2025-07-17 16:00:00,78153.45219184028,25750.55368706597,13562.445347493489,38840.45315728082,senario_B
2025-07-17 17:00:00,78711.72286458334,24498.0219921875,17565.66092610677,36648.03994628907,senario_B
2025-07-17 18:00:00,78467.08107638889,22052.14115342882,20453.101100667318,35961.838822292746,senario_B
2025-07-17 19:00:00,77405.48145399305,17589.16152235243,22257.71585123698,37558.604080403646,senario_B
2025-07-17 20:00:00,75806.80723090278,7619.264146050347,22898.586666666666,45288.95641818576,senario_B
2025-07-17 21:00:00,73329.24690538195,436.6342991233038,21679.033185221353,51213.579421037284,senario_B
2025-07-17 22:00:00,71070.76719401042,0.1931977735873725,22473.90535522461,48596.66864101223,senario_B
2025-07-17 23:00:00,67478.2056640625,0.154130816327201,23913.96671875,43564.084814496164,senario_B
2025-07-18 00:00:00,63552.390598958336,0.3567635199220644,25707.36340576172,37844.6704296767,senario_B
2025-07-18 01:00:00,59556.344522569445,0.6544636077185472,25796.939257812504,33758.750801149225,senario_B
2025-07-18 02:00:00,57034.42075520833,0.5582848834329182,26229.936718749996,30803.925751574905,senario_B
2025-07-18 03:00:00,55208.63042100694,0.313012722366386,26886.58037760417,28321.73703068041,senario_B
2025-07-18 04:00:00,53593.631575520834,0.5156348572836982,25567.972252604166,28025.143688059383,senario_B
2025-07-18 05:00:00,52795.09539930556,0.2365618853436576,22561.20922363281,30233.649613787406,senario_B
2025-07-18 06:00:00,53196.06798394097,0.2408842227525181,19954.88016764323,33240.94693207499,senario_B
2025-07-18 07:00:00,53962.17346788194,67.70931878848208,17108.922596028646,36785.54155306482,senario_B
2025-07-18 08:00:00,54833.23902126736,3777.0129099528,14792.096857096352,36264.12925421821,senario_B
2025-07-18 09:00:00,58401.67654079861,13465.70248046875,10514.081798502604,34421.89226182725,senario_B
2025-07-18 10:00:00,63448.43580729167,19717.126493055555,9702.808470052083,34028.50084418403,senario_B
2025-07-18 11:00:00,65949.60198567709,22923.683608940973,10424.50789794922,32601.410478786893,senario_B
2025-07-18 12:00:00,68729.6026953125,23359.97301215278,12886.981276855468,32482.648406304244,senario_B
2025-07-18 13:00:00,72634.65889756945,24955.690434027776,15102.711822916666,32576.256640625004,senario_B
2025-07-18 14:00:00,75817.31194444445,24627.15316623264,17082.277248128255,34107.88153008354,senario_B
2025-07-18 15:00:00,78305.7501171875,24309.321796875,20107.68576985677,33888.74255045574,senario_B
2025-07-18 16:00:00,79055.73829427084,22794.688146701388,22065.761772460937,34195.28837510851,senario_B
2025-07-18 17:00:00,78500.70730034722,21895.011484375,23296.401588541667,33309.294227430546,senario_B
2025-07-18 18:00:00,77965.46000868056,19690.822838541662,24341.14919433594,33933.48797580296,senario_B
2025-07-18 19:00:00,77365.64370225694,16334.962174479168,25584.659887695314,35446.021640082465,senario_B
2025-07-18 20:00:00,75423.0759765625,8856.414113769531,28296.637486979165,38270.02437581381,senario_B
2025-07-18 21:00:00,72818.40784722222,971.0022343469412,29254.35353190104,42593.05208097423,senario_B
2025-07-18 22:00:00,70688.766875,0.2255365333292219,32518.90862630208,38169.632712164595,senario_B
2025-07-18 23:00:00,67445.89486979166,0.2891498422788249,34828.504619140615,32617.101100808766,senario_B
2025-07-19 00:00:00,63875.13432291667,0.2663600546783871,34918.444908854166,28956.42305400782,senario_B
2025-07-19 01:00:00,60613.95568359375,0.2714860792954763,35265.225930989574,25348.458266524874,senario_B
2025-07-19 02:00:00,58035.21523003472,0.4076142769224113,34839.14726236979,23195.66035338801,senario_B
2025-07-19 03:00:00,55907.87840060764,0.4121826830837461,33437.0070670573,22470.45915086726,senario_B
2025-07-19 04:00:00,54445.40377604167,0.4935683929920196,32703.527604166666,21741.38260348201,senario_B
2025-07-19 05:00:00,53785.467473958335,0.6286760057674514,32486.0154296875,21298.823368265064,senario_B
2025-07-19 06:00:00,53199.4363172743,0.588392345474826,30836.622617187495,22362.225307741333,senario_B
2025-07-19 07:00:00,53229.86661458333,57.27692286507951,30030.937327473963,23141.652364244284,senario_B
2025-07-19 08:00:00,53996.86720486111,3796.5102591620553,28524.72267903646,21675.6342666626,senario_B
2025-07-19 09:00:00,59353.77317491319,14942.993694661458,25946.836067708333,18463.943412543398,senario_B
2025-07-19 10:00:00,64492.87140625,19936.202866210937,29619.031697591145,14937.636842447919,senario_B
2025-07-19 11:00:00,67019.48716145834,22367.744539930554,30495.605839843753,14156.136781684028,senario_B
2025-07-19 12:00:00,69644.26069444444,23730.22459201389,30597.55736328125,15316.478739149305,senario_B
2025-07-19 13:00:00,72792.15665798611,24399.68527560764,29044.301796875,19348.16958550347,senario_B
2025-07-19 14:00:00,75414.83076822916,25566.46556423611,26165.02900390625,23683.336200086804,senario_B
2025-07-19 15:00:00,77011.47213541667,25837.369450954862,24542.079560546874,26632.02312391493,senario_B
2025-07-19 16:00:00,77867.82373263889,24698.073585069444,25025.03059733073,28144.719550238715,senario_B
2025-07-19 17:00:00,78394.08508246527,23733.47462673611,25921.8874609375,28738.72299479166,senario_B
2025-07-19 18:00:00,77876.11111979166,22020.309405381944,28400.123478190104,27455.678236219614,senario_B
2025-07-19 19:00:00,77032.49855034723,17607.33250217014,31196.06002604167,28229.10602213542,senario_B
2025-07-19 20:00:00,75368.0833203125,8678.341269259983,33238.833317057295,33450.90873399522,senario_B
2025-07-19 21:00:00,72744.70060112847,808.3955054544575,33248.48495279948,38687.82014287452,senario_B
2025-07-19 22:00:00,70897.42994357638,0.2149150511291292,35645.21798502604,35251.997043499214,senario_B
2025-07-19 23:00:00,68011.74012152778,0.279102355506685,38404.488053385416,29606.97296578686,senario_B
2025-07-20 00:00:00,64697.36847439236,0.2762106078697575,39878.19190104167,24818.900362742825,senario_B
2025-07-20 01:00:00,62031.6561436632,0.2988751229974958,39537.337294921876,22494.01997361832,senario_B
2025-07-20 02:00:00,59035.98078776042,0.2387508588863743,38819.75436848958,20215.98766841195,senario_B
2025-07-20 03:00:00,56974.14955295139,0.233679702265395,37579.77900716146,19394.13686608767,senario_B
2025-07-20 04:00:00,55542.26146918403,0.2263993240396181,36646.33452799479,18895.700541865197,senario_B
2025-07-20 05:00:00,54800.476927083335,0.2565761312759584,35540.835625,19259.384725952063,senario_B
2025-07-20 06:00:00,53891.00451931424,0.2599833691575461,34656.433710123696,19234.31082582139,senario_B
2025-07-20 07:00:00,53569.41344184028,58.258794758750334,34505.22848307292,19005.92616400861,senario_B
2025-07-20 08:00:00,53941.715729166666,3635.162283698188,33087.38687825521,17219.166567213273,senario_B
2025-07-20 09:00:00,59120.7784906684,12894.125053710935,31635.529379069012,14591.124057888454,senario_B
2025-07-20 10:00:00,64816.10977647569,19150.124876302085,32719.53641927083,12946.448480902778,senario_B
2025-07-20 11:00:00,66617.2955642361,21730.146809895832,30710.891585286452,14176.257169053824,senario_B
2025-07-20 12:00:00,68666.0390451389,23724.03680989583,27621.99112304688,17320.01111219619,senario_B
2025-07-20 13:00:00,71474.5624826389,25352.52173611111,26024.033909505208,20098.006837022574,senario_B
2025-07-20 14:00:00,74138.42576822916,25222.516605902776,25669.286113281254,23246.623049045134,senario_B
2025-07-20 15:00:00,76079.56358072917,24864.840828993056,25402.575205078123,25812.147546657994,senario_B
2025-07-20 16:00:00,77250.48467881944,23454.19816623264,25403.555465494792,28392.731047092006,senario_B
2025-07-20 17:00:00,77789.06064236112,22350.34993272569,25347.659736328125,30091.050973307305,senario_B
2025-07-20 18:00:00,77746.47952690972,19957.655342881942,26372.93919921875,31415.88498480903,senario_B
2025-07-20 19:00:00,77228.2094140625,15391.317201605903,30074.295901692716,31762.596310763878,senario_B
2025-07-20 20:00:00,75542.33542100694,6400.284012586805,35328.00556315105,33814.04584526908,senario_B
2025-07-20 21:00:00,73116.76029947917,517.5619989336695,38133.739150390626,34465.45915015487,senario_B
2025-07-20 22:00:00,71274.94990885416,0.1931385359499189,39323.565371093755,31951.19139922446,senario_B
2025-07-20 23:00:00,68072.31534722222,0.2361922704511218,39271.59341471354,28800.485740238233,senario_B
2025-07-21 00:00:00,64445.99759765625,0.3369963302049372,39184.99972005208,25260.660881273965,senario_B
2025-07-21 01:00:00,61078.76169921875,0.313535211318069,38565.450944010416,22512.997219997014,senario_B
2025-07-21 02:00:00,58153.03153862847,0.2655013166202439,37161.60359375,20991.16244356185,senario_B
2025-07-21 03:00:00,56302.71966796875,0.3017140311665005,35244.345634765625,21058.07231917196,senario_B
2025-07-21 04:00:00,55163.50606770833,0.3467040150529809,34028.99918294271,21134.160180750572,senario_B
2025-07-21 05:00:00,54725.90167100694,0.4028248649835586,32626.268723958332,22099.230122183624,senario_B
2025-07-21 06:00:00,55379.62163085937,0.4514488720397154,31404.507977701825,23974.66220428551,senario_B
2025-07-21 07:00:00,56253.1346484375,91.82104832347896,29579.90951171875,26581.404088395273,senario_B
2025-07-21 08:00:00,57372.50099392361,3930.547321234809,27371.738671875002,26070.2150008138,senario_B
2025-07-21 09:00:00,62048.43763454861,13077.54444173177,25807.799768880206,23163.093423936632,senario_B
2025-07-21 10:00:00,66984.05034722222,21447.02317057292,27565.111539713536,17971.91563693576,senario_B
2025-07-21 11:00:00,70405.41892361111,25374.352000868057,27722.742945963542,17308.323976779513,senario_B
2025-07-21 12:00:00,73262.47473090277,26844.028059895834,24842.982555338545,21575.464115668394,senario_B
2025-07-21 13:00:00,76482.47370225695,27518.924952256944,23502.67683105469,25460.87191894531,senario_B
2025-07-21 14:00:00,78882.09026909723,27655.6923046875,22852.779033203125,28373.6189312066,senario_B
2025-07-21 15:00:00,79294.21893663195,27173.109971788195,22836.681166992188,29284.427797851567,senario_B
2025-07-21 16:00:00,79236.6943532986,26048.001985677085,24058.287298177085,29130.405069444438,senario_B
2025-07-21 17:00:00,79772.25280815973,24710.422272135416,26188.1721484375,28873.65838758681,senario_B
2025-07-21 18:00:00,79611.82885416667,21671.92781467014,29781.91718424479,28157.98385525174,senario_B
2025-07-21 19:00:00,79249.41128038194,15963.25617513021,33006.89970377604,30279.25540147569,senario_B
2025-07-21 20:00:00,78320.94696180556,6791.964840766059,35662.116839192706,35866.865281846796,senario_B
2025-07-21 21:00:00,76413.38210503472,664.9123622897598,36713.62891276042,39034.84082998454,senario_B
2025-07-21 22:00:00,74027.63684895834,0.1932954829848475,37093.194117838546,36934.24943563681,senario_B
2025-07-21 23:00:00,70298.1807248264,0.3337168111569352,37311.10055989584,32986.74644811939,senario_B
2025-07-22 00:00:00,66304.50264105902,0.3399067311568393,36388.1043326823,29916.05840164557,senario_B
2025-07-22 01:00:00,62422.373116319446,0.4178961031056112,35432.69429036458,26989.260929851756,senario_B
2025-07-22 02:00:00,59433.17062717014,0.4119174923499425,34744.655234375,24688.103475302793,senario_B
2025-07-22 03:00:00,56993.52494357639,0.3821759776936637,34322.24432617187,22670.898441426827,senario_B
2025-07-22 04:00:00,55697.10278645833,0.3931858134600851,34156.56453125,21540.145069394872,senario_B
2025-07-22 05:00:00,55363.54947591146,0.3763534967352946,32796.571365559896,22566.601756854827,senario_B
2025-07-22 06:00:00,55848.79315104167,0.4843334970871607,32890.28080078125,22958.028016763332,senario_B
2025-07-22 07:00:00,56543.36550998264,76.85087721758418,32497.294134114585,23969.220498650473,senario_B
2025-07-22 08:00:00,57706.81361545139,4655.516621025933,31248.97726888021,21802.319725545247,senario_B
2025-07-22 09:00:00,63568.88352213542,16223.302623697917,30359.57285807292,16986.008040364584,senario_B
2025-07-22 10:00:00,67871.30744357638,22043.595399305555,31449.6148828125,14378.097161458325,senario_B
2025-07-22 11:00:00,69501.42324001736,24397.072641601564,30189.00422932943,14915.346369086368,senario_B
2025-07-22 12:00:00,72269.59797309028,26063.06325737847,28627.44105794271,17579.0936577691,senario_B
2025-07-22 13:00:00,75873.71064236111,27163.370303819444,27192.63142252604,21517.70891601563,senario_B
2025-07-22 14:00:00,78716.32963975695,26897.509635416667,26076.488317057294,25742.33168728299,senario_B
2025-07-22 15:00:00,79598.99791232639,26472.264444444445,26444.547880859373,26682.185587022574,senario_B
2025-07-22 16:00:00,80036.67670572917,24822.81656684028,26224.261266276044,28989.59887261285,senario_B
2025-07-22 17:00:00,80165.44500651042,23219.357631835937,27719.09942464193,29226.987950032548,senario_B
2025-07-22 18:00:00,79986.95918402777,20229.23505859375,30922.329947916674,28835.394177517344,senario_B
2025-07-22 19:00:00,79736.19868489583,15127.912151692708,34429.39409505208,30178.892438151044,senario_B
2025-07-22 20:00:00,78537.57388020834,6610.387324896919,34885.270000000004,37041.916555311414,senario_B
2025-07-22 21:00:00,76166.50211805555,374.77147090329066,32600.280621744794,43191.45002540747,senario_B
2025-07-22 22:00:00,73739.41529513888,1.5593657985246845,31740.121207682292,41997.73472165806,senario_B
2025-07-22 23:00:00,69113.59033854166,0.4622733362598551,29007.36247965495,40105.76558555045,senario_B
2025-07-23 00:00:00,65527.06839518229,0.4170233808788988,27940.149092610678,37586.50227919073,senario_B
2025-07-23 01:00:00,62386.85532986111,0.4245283704002698,30038.095491536464,32348.335309954244,senario_B
2025-07-23 02:00:00,59147.98476128472,0.3774272125628259,29289.352054036463,29858.2552800357,senario_B
2025-07-23 03:00:00,56975.74382378472,0.5157607639829318,27824.223417968748,29151.004645051984,senario_B
2025-07-23 04:00:00,55448.01138780382,0.5994881927304798,25574.64654703776,29872.765352573326,senario_B
2025-07-23 05:00:00,54771.59935763889,0.6359677504168616,23631.212612304687,31139.750777583784,senario_B
2025-07-23 06:00:00,54963.22671766493,0.6758110897739729,22039.499718017578,32923.05118855758,senario_B
2025-07-23 07:00:00,55717.54259114584,69.50759898444016,20063.42061686198,35584.61437529942,senario_B
2025-07-23 08:00:00,56568.57334635417,4516.803529391818,19596.12479532878,32455.64502163357,senario_B
2025-07-23 09:00:00,61762.70672743056,15268.10455078125,19961.811837565103,26532.790339084204,senario_B
2025-07-23 10:00:00,66914.94713541666,20723.48651692708,24867.714720052085,21323.745898437497,senario_B
2025-07-23 11:00:00,70321.85314236111,23341.0825390625,27900.183092447915,19080.587510850703,senario_B
2025-07-23 12:00:00,72799.36830729166,25021.053305121528,25568.030149739585,22210.284852430545,senario_B
2025-07-23 13:00:00,75761.31149305556,26496.931438802083,21984.589791666665,27279.79026258681,senario_B
2025-07-23 14:00:00,78517.11475694444,27281.379216579862,19839.746671549477,31395.9888688151,senario_B
2025-07-23 15:00:00,79755.916875,27152.394817708333,19751.208793945312,32852.31326334635,senario_B
2025-07-23 16:00:00,80948.1384375,25607.89541015625,23092.743704427085,32247.499322916672,senario_B
2025-07-23 17:00:00,81325.54899305555,24191.04934895833,26318.255166015624,30816.244478081593,senario_B
2025-07-23 18:00:00,81565.19800347222,22274.65486545139,28971.208828124996,30319.334309895836,senario_B
2025-07-23 19:00:00,80733.83303819444,18345.45952311198,31563.992622070316,30824.38089301215,senario_B
2025-07-23 20:00:00,80184.81418402778,7412.4241107855905,32974.682197265625,39797.707875976565,senario_B
2025-07-23 21:00:00,78472.53283420138,406.5268136780709,31875.847631835935,46190.158388687385,senario_B
2025-07-23 22:00:00,76040.58377604166,0.2583077067964607,33396.067587890626,42644.25788044424,senario_B
2025-07-23 23:00:00,72178.59096354166,0.2833654540528854,34742.6451180013,37435.6624800863,senario_B
2025-07-24 00:00:00,67749.466640625,0.2401322175893518,34557.03385742188,33192.19265098554,senario_B
2025-07-24 01:00:00,63898.70381076389,0.2739914239611891,33449.723541666666,30448.706277673256,senario_B
2025-07-24 02:00:00,60163.308229166665,0.3372994736830393,30150.693164062497,30012.277765630482,senario_B
2025-07-24 03:00:00,57814.37116753472,0.3646993116703298,27253.494625651037,30560.511842572014,senario_B
2025-07-24 04:00:00,56496.35944010417,0.3258815907107459,27414.40507161458,29081.62848689888,senario_B
2025-07-24 05:00:00,55719.23114257812,0.4353400830096668,26845.20074625651,28873.595056238606,senario_B
2025-07-24 06:00:00,56070.73965494792,0.3755947338872485,26158.845721842452,29911.518338371585,senario_B
2025-07-24 07:00:00,56637.43016493056,50.05585354814927,25285.843046875,31301.531264507415,senario_B
2025-07-24 08:00:00,57953.97325086805,4925.282619391547,23346.473515625003,29682.217115851505,senario_B
2025-07-24 09:00:00,63658.5001953125,18233.76717013889,20249.923570963543,25174.80945421007,senario_B
2025-07-24 10:00:00,67731.63209201388,24663.61982421875,21436.318367513024,21631.693900282105,senario_B
2025-07-24 11:00:00,70155.75349826389,26967.421846788195,17677.03403483073,25511.297616644966,senario_B
2025-07-24 12:00:00,73639.03861111111,28081.637569444443,12527.608043619792,33029.792998046876,senario_B
2025-07-24 13:00:00,77064.21434027777,28177.271927083333,8995.665795898438,39891.276617296004,senario_B
2025-07-24 14:00:00,80265.02921875,28086.544401041665,6754.117365722655,45424.36745198568,senario_B
2025-07-24 15:00:00,80982.12582465277,27499.41964626736,7108.9290950520835,46373.777083333334,senario_B
2025-07-24 16:00:00,81871.07401041666,25958.02248480903,8644.51684712728,47268.534678480355,senario_B
2025-07-24 17:00:00,81947.23901475694,24517.10129503038,11146.868229573567,46283.26949015299,senario_B
2025-07-24 18:00:00,81862.57825520834,21660.38591308594,14682.570640462243,45519.62170166016,senario_B
2025-07-24 19:00:00,81157.8005685764,17106.326746419272,17449.176123453777,46602.29769870334,senario_B
2025-07-24 20:00:00,80619.75170138889,7865.487873535156,21448.91982747396,51305.34400037977,senario_B
2025-07-24 21:00:00,78607.531015625,442.8142275025085,25877.71822265625,52286.99856546625,senario_B
2025-07-24 22:00:00,75830.43953993055,0.1475737424018896,29809.08829752604,46021.20366866211,senario_B
2025-07-24 23:00:00,71724.06186631945,0.2714707917802864,29283.229999999992,42440.560395527675,senario_B
2025-07-25 00:00:00,67624.75166666666,0.2061608988874488,28309.59231770833,39314.953188059444,senario_B
2025-07-25 01:00:00,63376.29174045139,0.1513857202231884,23910.033606770834,39466.10674796033,senario_B
2025-07-25 02:00:00,59471.637291666666,0.2892458448890183,19354.224503580732,40117.12354224104,senario_B
2025-07-25 03:00:00,56740.8409765625,0.4316995572878255,14626.298896484377,42114.11038052083,senario_B
2025-07-25 04:00:00,54938.505950520834,0.5305466142959064,9857.659140625,45080.31626328154,senario_B
2025-07-25 05:00:00,54069.70249565972,0.6344714031120141,8209.500854492188,45859.56716976442,senario_B
2025-07-25 06:00:00,54261.08194444444,0.657803695069419,7880.024555664062,46380.39958508531,senario_B
2025-07-25 07:00:00,54440.937544487846,25.114519317381912,6893.8825309244785,47521.94049424599,senario_B
2025-07-25 08:00:00,55684.86618923611,3349.502989383274,6186.425736490886,46148.93746336195,senario_B
2025-07-25 09:00:00,61354.056749131945,13833.59922092014,3922.7659309895835,43597.69159722222,senario_B
2025-07-25 10:00:00,65060.40171006945,18304.512213541668,3263.2336006673177,43492.65589586046,senario_B
2025-07-25 11:00:00,67397.38127604166,21180.190164930555,2584.167262776693,43633.023848334415,senario_B
2025-07-25 12:00:00,70482.0722048611,22718.515883246528,1720.475132039388,46043.0811895752,senario_B
2025-07-25 13:00:00,73715.97652777778,23404.63172092014,1149.7378752644856,49161.60693159315,senario_B
2025-07-25 14:00:00,76873.81438368055,22557.098628472224,1977.8788920084637,52338.83686319987,senario_B
2025-07-25 15:00:00,78379.20300347223,21445.519140625,3164.531323445638,53769.152539401584,senario_B
2025-07-25 16:00:00,79388.648671875,19475.81043185764,4485.495369059245,55427.34287095811,senario_B
2025-07-25 17:00:00,79180.10019097223,18516.750972222224,5994.56995646159,54668.779262288415,senario_B
2025-07-25 18:00:00,78235.79281901041,14811.800961914065,7807.276416015624,55616.71544108073,senario_B
2025-07-25 19:00:00,76488.44433159722,11169.461861979167,9447.60119547526,55871.38127414279,senario_B
2025-07-25 20:00:00,73917.23606770833,6021.780922309028,10186.920170898438,57708.534974500864,senario_B
2025-07-25 21:00:00,71317.84983506944,595.2050883536704,12215.582405598958,58507.06234111681,senario_B
2025-07-25 22:00:00,69245.24866319445,0.201687544931968,14412.1313671875,54832.91560846202,senario_B
2025-07-25 23:00:00,66527.22723090278,0.2314427192343605,17310.441525065107,49216.554263118436,senario_B
2025-07-26 00:00:00,63429.858546006944,0.1661658960829178,18580.040030924476,44849.65234918639,senario_B
2025-07-26 01:00:00,60141.54272135417,0.2798130184825924,19120.28250325521,41020.98040508048,senario_B
2025-07-26 02:00:00,58012.14260416666,0.3590648572809166,18985.817477213543,39025.96606209583,senario_B
2025-07-26 03:00:00,56054.92491753472,0.3411667030387454,19283.778704427084,36770.805046404595,senario_B
2025-07-26 04:00:00,54482.45322482639,0.4094610193868478,19601.609316406248,34880.43444740076,senario_B
2025-07-26 05:00:00,53270.68053819444,0.4041583969195684,19203.05401529948,34067.22236449804,senario_B
2025-07-26 06:00:00,53233.59318142361,0.3899769855207867,18094.17233235677,35139.03087208132,senario_B
2025-07-26 07:00:00,53280.67649739584,29.905603036830826,17631.011396484373,35619.759497874635,senario_B
2025-07-26 08:00:00,54164.50725260417,3309.742635904948,16538.87519856771,34315.88941813151,senario_B
2025-07-26 09:00:00,58196.30171875,13296.606802842882,12734.527000325521,32165.167915581602,senario_B
2025-07-26 10:00:00,63892.29381076389,20965.08539279514,13321.219695638021,29605.98872233073,senario_B
2025-07-26 11:00:00,66064.11113064236,24194.97160861545,14348.636379801432,27520.503142225472,senario_B
2025-07-26 12:00:00,69116.44296006944,24142.683563368057,13506.693217773438,31467.066178927944,senario_B
2025-07-26 13:00:00,71606.10504557291,23362.162798394096,11485.237138468425,36758.70510871039,senario_B
2025-07-26 14:00:00,73823.84000868055,23079.971069878477,9239.939891764323,41503.929047037745,senario_B
2025-07-26 15:00:00,75518.0331423611,22297.21408420139,8817.524753417969,44403.29430474175,senario_B
2025-07-26 16:00:00,76654.90572916667,20673.279303385418,10489.448478190105,45492.177947591146,senario_B
2025-07-26 17:00:00,76240.7434765625,17929.41130371094,13499.969941202799,44811.36223164876,senario_B
2025-07-26 18:00:00,76405.87133463542,17539.567091471356,16879.95637125651,41986.34787190755,senario_B
2025-07-26 19:00:00,75016.54206597223,14608.437827690972,22084.42286783854,38323.68137044272,senario_B
2025-07-26 20:00:00,72563.65628472222,6487.404200575087,27253.533388671873,38822.71869547527,senario_B
2025-07-26 21:00:00,70371.13307291667,546.5986642534725,27405.27576497395,42419.258643689245,senario_B
2025-07-26 22:00:00,68578.36713541667,0.189476190439891,28083.252027994793,40494.92563123144,senario_B
2025-07-26 23:00:00,66047.86497612848,0.2722828759501378,28444.22711344401,37603.365579808524,senario_B
2025-07-27 00:00:00,63253.5973046875,0.2733797785060273,30574.32161783854,32679.002307070456,senario_B
2025-07-27 01:00:00,60022.42661892361,0.3235743771327866,32244.659606119792,27777.443438426686,senario_B
2025-07-27 02:00:00,57487.10979166667,0.3223575536906719,32704.080683593755,24782.706750519224,senario_B
2025-07-27 03:00:00,56050.92229600695,0.2658408457868629,33054.00560546875,22996.650849692414,senario_B
2025-07-27 04:00:00,54618.88471788194,0.2894753725992309,31562.488678385416,23056.106564123926,senario_B
2025-07-27 05:00:00,53327.81720920139,0.4066895692712731,29382.669182942715,23944.741336689403,senario_B
2025-07-27 06:00:00,52659.17981987848,0.456049591857526,25316.9850382487,27341.738732037928,senario_B
2025-07-27 07:00:00,52158.21978298611,15.426099652780428,22301.96198730469,29840.83169602864,senario_B
2025-07-27 08:00:00,53076.964296875,3240.361375596788,20420.10879231771,29416.494128960498,senario_B
2025-07-27 09:00:00,58457.12388454861,14403.748149956597,19361.048391927085,24692.327342664925,senario_B
2025-07-27 10:00:00,64159.86685329861,20346.77652560764,24614.913333333338,19198.17699435763,senario_B
2025-07-27 11:00:00,65287.45924045139,22019.064893663195,24776.668455403647,18491.725891384544,senario_B
2025-07-27 12:00:00,68360.665234375,23397.804466145837,23906.10063802084,21056.760130208324,senario_B
2025-07-27 13:00:00,71139.26731119792,24120.819662543403,23958.943085530602,23059.504563123915,senario_B
2025-07-27 14:00:00,73755.81036458333,23720.14703559028,25211.299563802088,24824.363765190967,senario_B
2025-07-27 15:00:00,75523.77383463542,22666.474575195312,26096.563600260415,26760.735659179685,senario_B
2025-07-27 16:00:00,76816.69822699652,21924.32725531684,26770.302211100257,28122.06876057943,senario_B
2025-07-27 17:00:00,77856.90409288194,20717.781652560763,27080.27549316406,30058.846947157122,senario_B
2025-07-27 18:00:00,78046.27579861111,18212.208385416667,28925.52458007812,30908.54283311632,senario_B
2025-07-27 19:00:00,76771.64502604166,14799.973331163195,31048.948990885416,30922.72270399305,senario_B
2025-07-27 20:00:00,74170.69106770834,7144.739464246962,31514.029928385422,35511.92167507595,senario_B
2025-07-27 21:00:00,71543.1418142361,665.8122511530419,28359.43861002604,42517.89095305702,senario_B
2025-07-27 22:00:00,69836.71475911458,0.2020604763593938,26527.626595865888,43308.88610277233,senario_B
2025-07-27 23:00:00,67002.50500434027,0.3220544206764963,27337.026416015622,39665.15653390398,senario_B
2025-07-28 00:00:00,63681.42,0.3559812838253047,26880.69271809896,36800.37130061721,senario_B
2025-07-28 01:00:00,59788.75703667535,0.4045060457040866,26730.73625,33057.61628062964,senario_B
2025-07-28 02:00:00,56997.27460828993,0.3413077236794763,25962.656541341148,31034.276759225108,senario_B
2025-07-28 03:00:00,55838.076688368055,0.3309618877619505,25404.504335937498,30433.241390542797,senario_B
2025-07-28 04:00:00,54734.58098958333,0.5625905586282413,24889.483876953123,29844.53452207158,senario_B
2025-07-28 05:00:00,53902.81583875868,0.4118919864421089,23925.555777994792,29976.848168777447,senario_B
2025-07-28 06:00:00,54616.27161458333,0.4589237480196688,22294.92124674479,32320.891444090525,senario_B
2025-07-28 07:00:00,55720.84967447917,38.22173150314225,20634.044643554687,35048.58329942134,senario_B
2025-07-28 08:00:00,57210.365703125,4411.76542110867,18392.802635091146,34405.79764692518,senario_B
2025-07-28 09:00:00,62315.813111979165,17303.717136501735,16122.546085611979,28889.54988986545,senario_B
2025-07-28 10:00:00,68184.35285590278,24335.5945703125,19422.989451497397,24425.768834092876,senario_B
2025-07-28 11:00:00,71094.03348958334,26605.546985677083,18616.65058268229,25871.835921223967,senario_B
2025-07-28 12:00:00,73474.90535590278,27368.904168836805,16434.53904622396,29671.46214084202,senario_B
2025-07-28 13:00:00,76906.75171875,27322.642194010416,16522.962236328127,33061.14728841146,senario_B
2025-07-28 14:00:00,80190.03440972223,27202.27699435764,17791.38034667969,35196.377068684895,senario_B
2025-07-28 15:00:00,81415.66766493056,26398.661911892363,18946.97865234375,36070.027100694446,senario_B
2025-07-28 16:00:00,82010.24918402778,24893.097916666666,19569.205528971353,37547.94573838976,senario_B
2025-07-28 17:00:00,81708.16997829861,24357.72496202257,19651.116065266928,37699.32895100911,senario_B
2025-07-28 18:00:00,81739.106796875,23755.93078342014,20533.184280598958,37449.9917328559,senario_B
2025-07-28 19:00:00,81458.73971354167,20425.810534939235,22209.986075846355,38822.94310275608,senario_B
2025-07-28 20:00:00,80242.69472873263,8921.440038791232,24005.229318847654,47316.02537109375,senario_B
2025-07-28 21:00:00,77257.44308159722,557.1122007759577,23757.31173828125,52943.01914254001,senario_B
2025-07-28 22:00:00,74474.92381944445,0.2822138437463177,24540.736127929686,49933.90547767101,senario_B
2025-07-28 23:00:00,70855.32545138888,0.4031980599794122,25749.60281901042,45105.31943431848,senario_B
2025-07-29 00:00:00,67005.78506076388,0.4427813120351897,26744.714619140625,40260.62766031122,senario_B
2025-07-29 01:00:00,63678.56506076389,0.4057588840524355,27401.325351562504,36276.833950317334,senario_B
2025-07-29 02:00:00,60046.40095486112,0.4818836571110619,26421.557858072916,33624.361213131095,senario_B
2025-07-29 03:00:00,56802.98804253472,0.5246016136639648,23391.241990559894,33411.22145036116,senario_B
2025-07-29 04:00:00,55475.454674479166,0.5092812392281162,21039.14293782552,34435.80245541442,senario_B
2025-07-29 05:00:00,54928.638515625,0.4298021719356378,19033.797037760418,35894.41167569265,senario_B
2025-07-29 06:00:00,55056.89768229167,0.5677241289615631,18378.630922851564,36677.69903531115,senario_B
2025-07-29 07:00:00,55695.12901909722,38.08403026329147,17982.997696940107,37674.04729189382,senario_B
2025-07-29 08:00:00,56789.11726996528,4252.921572842068,16567.20748046875,35968.98821665446,senario_B
2025-07-29 09:00:00,61532.40586805555,17177.0098828125,11753.01331217448,32602.382673068576,senario_B
2025-07-29 10:00:00,66759.30495225695,24935.612990451387,11054.249924316406,30769.442037489156,senario_B
2025-07-29 11:00:00,69835.39973090278,28269.72458550347,9372.844434407552,32192.83071099175,senario_B
2025-07-29 12:00:00,72676.9518576389,29274.567491319445,8182.7495629882815,35219.634803331166,senario_B
2025-07-29 13:00:00,76774.41597873264,29044.6906515842,9000.369290771485,38729.35603637695,senario_B
2025-07-29 14:00:00,80372.09208333334,28922.236794704862,10005.317434082031,41444.53785454644,senario_B
2025-07-29 15:00:00,81701.77981119792,28575.85992296007,10868.972192993164,42256.94769524469,senario_B
2025-07-29 16:00:00,81715.30768229166,28472.713138020838,10818.824021809896,42423.77052246093,senario_B
2025-07-29 17:00:00,81879.471875,27777.285887586804,11083.621705729167,43018.56428168403,senario_B
2025-07-29 18:00:00,81920.64829861111,26234.77485026041,11445.668110351562,44240.20533799914,senario_B
2025-07-29 19:00:00,81674.66756076389,21703.26070529514,12032.96092122396,47938.445934244795,senario_B
2025-07-29 20:00:00,80059.52003472223,9229.260543348524,13706.961435546877,57123.29805582682,senario_B
2025-07-29 21:00:00,76690.26534722222,575.701648044404,15270.804270833334,60843.75942834448,senario_B
2025-07-29 22:00:00,74312.73376736112,0.2678936930331919,18529.08256347656,55783.38331019152,senario_B
2025-07-29 23:00:00,70548.10539930555,0.2126005744271808,21324.09928059896,49223.79351813217,senario_B
2025-07-30 00:00:00,66078.11233940972,0.2192457214825683,22977.46651611328,43100.42657757496,senario_B
2025-07-30 01:00:00,62384.50498480903,0.3777261166274547,23478.530400390624,38905.59685830178,senario_B
2025-07-30 02:00:00,58913.45689019097,0.4513778149916066,23596.970665690103,35316.03484668588,senario_B
2025-07-30 03:00:00,56430.35072482639,0.5435003475017017,22521.655839843752,33908.151384635144,senario_B
2025-07-30 04:00:00,54331.6300499132,0.6186501275830799,20817.389957682295,33513.62144210332,senario_B
2025-07-30 05:00:00,53489.189657118055,0.5461108289493455,19680.368173828123,33808.27537246098,senario_B
2025-07-30 06:00:00,53372.92701388889,0.577512517273426,17736.032405598962,35636.317095772654,senario_B
2025-07-30 07:00:00,53821.81550130208,27.310660066554945,16646.01888183594,37148.485959399586,senario_B
2025-07-30 08:00:00,55303.34981770833,4097.329365878635,13931.902400716146,37274.118051113546,senario_B
2025-07-30 09:00:00,60283.52100694445,16399.63494032118,8776.36247273763,35107.52359388564,senario_B
2025-07-30 10:00:00,63849.88758463541,24329.199171006945,4682.133040364583,34838.55537326388,senario_B
2025-07-30 11:00:00,67459.60628038195,27920.047766927084,4209.508648274739,35330.04986518013,senario_B
2025-07-30 12:00:00,71052.48598958334,28257.536579861116,4506.641532796224,38288.307876925996,senario_B
2025-07-30 13:00:00,75464.78717881945,28653.57919487847,3603.6947672526044,43207.51321668836,senario_B
2025-07-30 14:00:00,79403.64642795139,28148.679932725696,3562.7365759277345,47692.229919297955,senario_B
2025-07-30 15:00:00,81241.45619791666,27797.20635416667,3505.601401774089,49938.6484419759,senario_B
2025-07-30 16:00:00,81781.14450086806,27671.042727864584,4353.7603157552085,49756.34145724827,senario_B
2025-07-30 17:00:00,81840.25351996528,26952.20081597222,5460.209783121745,49427.84292087131,senario_B
2025-07-30 18:00:00,81987.8186935764,24309.62336751302,6115.853686319987,51562.34163974339,senario_B
2025-07-30 19:00:00,81151.04174479167,18826.83498046875,6599.840642903646,55724.366121419276,senario_B
2025-07-30 20:00:00,78972.92473958334,8274.966653645834,8820.14983561198,61877.80825032552,senario_B
2025-07-30 21:00:00,75499.34703559028,467.5123727680081,10839.798124186198,64192.03653863608,senario_B
2025-07-30 22:00:00,72995.77608506945,0.3492716169688437,13200.801082356771,59794.6257310957,senario_B
2025-07-30 23:00:00,70202.0957421875,0.3774847428003947,15674.654162597657,54527.064094847054,senario_B
2025-07-31 00:00:00,66861.79783637152,0.3849577766325738,17664.519160563148,49196.89371803174,senario_B
2025-07-31 01:00:00,62990.30042100694,0.3728283756888575,20520.10928710937,42469.81830552188,senario_B
2025-07-31 02:00:00,60543.26869791667,0.3579994360771444,21610.974398193357,38931.936300287234,senario_B
2025-07-31 03:00:00,57314.10165798611,0.4867189683847957,19722.856704101563,37590.75823491616,senario_B
2025-07-31 04:00:00,55656.736356336805,0.5947212288777034,17393.41752766927,38262.724107438655,senario_B
2025-07-31 05:00:00,54796.9458984375,0.5623764729499817,14959.24828613281,39837.13523583174,senario_B
2025-07-31 06:00:00,55032.22418619792,0.630963829871681,12619.961464843751,42411.6317575243,senario_B
2025-07-31 07:00:00,55834.41868055556,17.329817309776942,11709.22884033203,44107.86002291375,senario_B
2025-07-31 08:00:00,57006.79145182292,3385.09636964586,10201.665358072916,43420.02972410415,senario_B
2025-07-31 09:00:00,62065.09218532986,14210.866590711805,6555.009401855468,41299.216192762586,senario_B
2025-07-31 10:00:00,66426.29239149306,20623.87336371528,4796.465285644531,41005.95374213325,senario_B
2025-07-31 11:00:00,69788.25772569445,23042.11476996528,3733.499542643229,43012.64341308594,senario_B
2025-07-31 12:00:00,73591.748125,24101.05244140625,3087.4914621988937,46403.20422139485,senario_B
2025-07-31 13:00:00,77761.84598090278,25189.593765190973,2859.1357008870436,49713.11651482477,senario_B
2025-07-31 14:00:00,80576.59136284722,26155.128604600694,2906.7356650797524,51514.72709316677,senario_B
2025-07-31 15:00:00,81465.62956597222,25318.81669487847,3764.565357055664,52382.247514038085,senario_B
2025-07-31 16:00:00,81675.2798828125,24498.10296006945,5617.53524251302,51559.64168023003,senario_B
2025-07-31 17:00:00,81705.36914930555,23401.36486545139,7768.561096191407,50535.44318766276,senario_B
2025-07-31 18:00:00,81791.74539930555,21055.929340277777,11107.410836588542,49628.405222439236,senario_B
2025-07-31 19:00:00,81620.34561631945,16515.80232204861,13069.619213053385,52034.924081217454,senario_B
2025-07-31 20:00:00,80088.93298611112,6626.152262369792,14329.327369791667,59133.453353949655,senario_B
2025-07-31 21:00:00,78047.81212239583,566.747768597073,14846.691443684897,62634.37291011387,senario_B
2025-07-31 22:00:00,74643.91600260416,22.590273278637063,15325.773808593749,59295.551920731785,senario_B
2025-07-31 23:00:00,71397.2523546007,0.4058220228221681,15638.031796874999,55758.81473570288,senario_B
2025-08-01 00:00:00,67630.88682725694,0.3040258740054236,15944.310854492187,51686.271946890745,senario_B
2025-08-01 01:00:00,63565.661720920136,0.4924885652793778,14757.101526692706,48808.06770566215,senario_B
2025-08-01 02:00:00,60795.095891927085,0.5845538453923331,13352.689811197917,47441.821526883774,senario_B
2025-08-01 03:00:00,58106.54310980903,0.586435710688432,11685.641047363282,46420.31562673506,senario_B
2025-08-01 04:00:00,56499.215407986114,0.4590134640700287,10159.905999348959,46338.85039517309,senario_B
2025-08-01 05:00:00,56109.56447699653,0.5667773705720901,9319.157233072918,46789.84046655304,senario_B
2025-08-01 06:00:00,56116.89091579861,0.5814352410038313,8548.551661783855,47567.75781877375,senario_B
2025-08-01 07:00:00,56844.6631922743,15.776590309457646,8770.136344401042,48058.75025756381,senario_B
2025-08-01 08:00:00,57741.11255859375,2085.5815631781684,8071.176071777344,47584.35492363824,senario_B
2025-08-01 09:00:00,62335.00947265625,9676.344911024304,5649.608696289062,47009.05586534289,senario_B
2025-08-01 10:00:00,67352.27041883681,16350.10175889757,5424.529879557292,45577.63878038195,senario_B
2025-08-01 11:00:00,70098.35073784723,20719.71058159722,4567.604885660808,44811.0352705892,senario_B
2025-08-01 12:00:00,72236.19710069445,23177.752393663195,3689.3380741373703,45369.10663289389,senario_B
2025-08-01 13:00:00,75330.56312934028,25014.74450954861,3471.0060213216148,46844.81259847006,senario_B
2025-08-01 14:00:00,78350.03404947916,26224.113904079863,3124.1650248209635,49001.75512057834,senario_B
2025-08-01 15:00:00,80045.27754774306,24937.38701388889,3886.59012898763,51221.30040486654,senario_B
2025-08-01 16:00:00,80829.07802951388,23290.56375217014,5348.630796712239,52189.8834806315,senario_B
2025-08-01 17:00:00,81664.59659722222,20543.643752170137,8046.494890136719,53074.457954915364,senario_B
2025-08-01 18:00:00,81332.47148871528,17165.29969184028,9743.91041422526,54423.26138264974,senario_B
2025-08-01 19:00:00,80083.24719618056,13704.391571180557,10489.694232584636,55889.161392415364,senario_B
2025-08-01 20:00:00,76594.66429253473,4945.277975667318,10687.879622395834,60961.50669447158,senario_B
2025-08-01 21:00:00,73768.6504513889,307.19779674437314,11902.40055826823,61559.0520963763,senario_B
2025-08-01 22:00:00,71418.73053819445,0.2058529200404882,12930.06705891927,58488.45762635513,senario_B
2025-08-01 23:00:00,68675.64152777777,0.1850944174163871,12896.230750325522,55779.22568303483,senario_B
2025-08-02 00:00:00,65407.21506510417,0.2066216783391105,12080.32026936849,53326.68817405733,senario_B
2025-08-02 01:00:00,61372.98224609375,0.3082104329599274,11931.438597005208,49441.23543865558,senario_B
2025-08-02 02:00:00,58816.48472005208,0.318386001156436,11360.78235514323,47455.383978907696,senario_B
2025-08-02 03:00:00,56379.78828125,0.3129740912384457,10832.474834798177,45547.00047236058,senario_B
2025-08-02 04:00:00,54476.63282769097,0.3077043646242883,9146.177065429687,45330.14805789666,senario_B
2025-08-02 05:00:00,53759.649562717015,0.3114648156033622,8129.106470540364,45630.23162736105,senario_B
2025-08-02 06:00:00,52892.654765625,0.304177063802878,7202.383385416666,45689.96720314453,senario_B
2025-08-02 07:00:00,52513.24410590278,7.145156615906291,5373.027174886068,47133.0717744008,senario_B
2025-08-02 08:00:00,53625.92337456597,2664.057574513753,3868.0051436360677,47093.86065641615,senario_B
2025-08-02 09:00:00,59648.626996527775,12369.030229492188,2436.1580096435546,44843.43875739203,senario_B
2025-08-02 10:00:00,65598.17653862847,19560.989192708334,1784.1519065348307,44253.0354393853,senario_B
2025-08-02 11:00:00,68050.32927517362,22840.231946614585,1541.2517782592772,43668.84555029975,senario_B
2025-08-02 12:00:00,69747.2872265625,24046.8020030382,1682.9182751464846,44017.56694837782,senario_B
2025-08-02 13:00:00,71839.22752604166,24615.439194878472,1811.7979339599606,45411.990397203226,senario_B
2025-08-02 14:00:00,73268.41078125,24953.84006293403,1623.3524010213214,46691.218317294646,senario_B
2025-08-02 15:00:00,74044.76727864583,24117.169874131945,2291.4714276123045,47636.12597690158,senario_B
2025-08-02 16:00:00,74484.40158420139,21523.38360243056,5580.2145953369145,47380.80338643391,senario_B
2025-08-02 17:00:00,75403.94298611111,18385.324993489583,8026.470074055989,48992.14791856553,senario_B
2025-08-02 18:00:00,74905.26063368056,14974.60508029514,9595.058556315103,50335.59699707032,senario_B
2025-08-02 19:00:00,73448.19618055556,11510.029351128473,10517.757608235677,51420.40922119142,senario_B
2025-08-02 20:00:00,71226.13272352431,5497.69486219618,12763.754964192709,52964.68289713542,senario_B
2025-08-02 21:00:00,68812.58861545139,433.6217292729351,15307.277939453124,53071.68894672532,senario_B
2025-08-02 22:00:00,67365.53522135416,0.2119468307412333,15901.300266927085,51464.02300759634,senario_B
2025-08-02 23:00:00,64183.67667100694,0.2259232540387246,15620.285459798175,48563.16528795473,senario_B
2025-08-03 00:00:00,61190.84897677951,0.2210123241982526,15993.39731648763,45197.230647967684,senario_B
2025-08-03 01:00:00,58143.93002170139,0.3122228236662017,17129.196567382813,41014.42123149491,senario_B
2025-08-03 02:00:00,55667.36837890625,0.3586093254884084,17338.0892578125,38328.920511768265,senario_B
2025-08-03 03:00:00,53626.2497265625,0.3176990900933742,16795.93027791341,36830.001749559,senario_B
2025-08-03 04:00:00,52598.980375434025,0.3076072943541739,15901.167561848959,36697.50520629071,senario_B
2025-08-03 05:00:00,51656.22848307292,0.3150249241789182,15202.016411132812,36453.897047015926,senario_B
2025-08-03 06:00:00,51219.44185546875,0.314376174973117,14422.194864908854,36796.932614384925,senario_B
2025-08-03 07:00:00,50982.98044704861,13.501141078902616,13574.09854654948,37395.38075942023,senario_B
2025-08-03 08:00:00,51798.48087022569,3253.710865902371,15943.672369791666,32601.097634531652,senario_B
2025-08-03 09:00:00,57412.46359157986,14442.610495876736,14720.87785970052,28248.975236002596,senario_B
2025-08-03 10:00:00,61285.97515407986,20841.74735894097,13813.159148763021,26631.06864637587,senario_B
2025-08-03 11:00:00,64664.369440104165,22844.3413671875,14680.148546549477,27139.879526367193,senario_B
2025-08-03 12:00:00,68262.90333333334,24163.095247395835,18033.982869466145,26065.82521647136,senario_B
2025-08-03 13:00:00,71826.17052951388,24606.552387152777,19592.655170898437,27626.962971462668,senario_B
2025-08-03 14:00:00,73805.1996310764,24693.571881510416,16497.19352864583,32614.434220920146,senario_B
2025-08-03 15:00:00,74088.83119357639,22819.848342013887,12583.885506998697,38685.09734456381,senario_B
2025-08-03 16:00:00,75353.94282552083,20396.16986111111,14024.81405029297,40932.95891411676,senario_B
2025-08-03 17:00:00,76763.18061197917,20634.46145182292,14653.055841471354,41475.6633186849,senario_B
2025-08-03 18:00:00,77763.06067708334,20440.17774305556,12962.66283935547,44360.22009467231,senario_B
2025-08-03 19:00:00,77062.67578342014,15784.797859157989,11650.807150878907,49627.070773383246,senario_B
2025-08-03 20:00:00,74735.68549045139,6601.142350260417,12421.665593261718,55712.87754692926,senario_B
2025-08-03 21:00:00,71748.92284722222,375.3224687346319,15112.486033528647,56261.11434495893,senario_B
2025-08-03 22:00:00,70410.79470486111,0.3370422143075201,20020.661612955726,50389.79604969108,senario_B
2025-08-03 23:00:00,67575.88823350695,0.3232765020761225,22622.317568359373,44953.2473886455,senario_B
2025-08-04 00:00:00,63567.15695746528,0.3019836484558053,22641.123564453126,40925.7314093637,senario_B
2025-08-04 01:00:00,60138.91449869792,0.2464220903151565,22853.681816406253,37284.98626020136,senario_B
2025-08-04 02:00:00,57397.010386284725,0.2852258225778739,22809.706678059894,34587.01848240226,senario_B
2025-08-04 03:00:00,55226.14914930556,0.3705826261474026,20395.31378092448,34830.46478575493,senario_B
2025-08-04 04:00:00,53855.40431423611,0.50796329928769,16935.229176432294,36919.66717450453,senario_B
2025-08-04 05:00:00,53502.29350694444,0.5752155793706576,15956.74084472656,37544.97744663851,senario_B
2025-08-04 06:00:00,53613.078697916666,0.575710338652134,15089.032135416666,38523.47085216135,senario_B
2025-08-04 07:00:00,54466.75232204861,15.974798363215394,13615.843771158852,40834.933752526544,senario_B
2025-08-04 08:00:00,55086.44632595487,2113.433492863973,12108.141125691733,40864.871707399165,senario_B
2025-08-04 09:00:00,59098.54726996528,11239.871185980905,8348.950854492188,39509.72522949219,senario_B
2025-08-04 10:00:00,62889.63334635417,17076.14345594618,7786.168987630208,38027.32090277778,senario_B
2025-08-04 11:00:00,65484.72908637152,19322.215954861116,7614.673280436198,38547.839851074204,senario_B
2025-08-04 12:00:00,65703.81199001736,20531.78578993056,6644.981621907551,38527.04457817925,senario_B
2025-08-04 13:00:00,66891.88727430555,22808.91988498264,5969.072379964193,38113.89500935873,senario_B
2025-08-04 14:00:00,69213.61052517362,23792.506710069443,6416.031856282552,39005.071958821616,senario_B
2025-08-04 15:00:00,71827.35705295138,24346.65673828125,8797.879842936198,38682.82047173393,senario_B
2025-08-04 16:00:00,73927.24900173611,23476.301551649307,9744.934528808593,40706.01292127822,senario_B
2025-08-04 17:00:00,75791.43253472222,23842.32969835069,11406.389543457031,40542.7132929145,senario_B
2025-08-04 18:00:00,76764.14400173612,21003.229409722226,14106.38885416667,41654.52573784722,senario_B
2025-08-04 19:00:00,75540.51004340278,15153.734947916666,16239.663292643228,44147.11180284289,senario_B
2025-08-04 20:00:00,73342.28061197916,6201.500942925347,18682.42592122396,48458.35374782987,senario_B
2025-08-04 21:00:00,70889.12645399306,345.9428939232396,20645.59693684896,49897.58662322085,senario_B
2025-08-04 22:00:00,68872.12779947916,0.357521227084928,24079.941915690102,44791.82836256198,senario_B
2025-08-04 23:00:00,65328.31680989584,0.368239095972644,26755.395234375,38572.55333642487,senario_B
2025-08-05 00:00:00,61199.56378689236,0.3571619032985634,26089.76152669271,35109.44509829635,senario_B
2025-08-05 01:00:00,57601.35398003472,0.3385539915164312,24543.2891015625,33057.7263244807,senario_B
2025-08-05 02:00:00,54994.10661892361,0.4846497999462816,23450.027599283858,31543.594369839804,senario_B
2025-08-05 03:00:00,53105.69034939236,0.3798814264105425,22398.68832845052,30706.62213951543,senario_B
2025-08-05 04:00:00,51908.641773003474,0.3562079813579718,21176.730138346353,30731.555426675764,senario_B
2025-08-05 05:00:00,51443.747387152776,0.3734096252255969,20390.228032226565,31053.14594530099,senario_B
2025-08-05 06:00:00,52278.11134982639,0.552599554674493,20022.292037760413,32255.266712511297,senario_B
2025-08-05 07:00:00,53371.91766276042,16.796111616061793,19132.038592122397,34223.082959021966,senario_B
2025-08-05 08:00:00,54548.1782530382,3434.184991200765,17713.172814127603,33400.820447709826,senario_B
2025-08-05 09:00:00,58945.40950086805,15732.448859592014,13954.920161132815,29258.040480143223,senario_B
2025-08-05 10:00:00,65076.62279730903,22406.51596137153,14819.10627766927,27851.000558268228,senario_B
2025-08-05 11:00:00,68098.90688802084,25813.24638671875,15084.53205891927,27201.12844238282,senario_B
2025-08-05 12:00:00,70651.615078125,27193.191651475696,13512.88686686198,29945.536559787328,senario_B
2025-08-05 13:00:00,74365.85795138888,26998.857437065973,12622.503229166665,34744.49728515624,senario_B
2025-08-05 14:00:00,77564.14263454861,26654.245679253472,12138.152719726562,38771.74423556858,senario_B
2025-08-05 15:00:00,79424.79057725695,26147.34054904514,12771.498818359376,40505.951209852436,senario_B
2025-08-05 16:00:00,80971.28394097222,26102.0910655382,14282.068393554688,40587.124481879335,senario_B
2025-08-05 17:00:00,81002.24423177083,25803.125571289063,15727.23745849609,39471.88120198568,senario_B
2025-08-05 18:00:00,80959.71817708333,24636.704422743056,18061.876595052083,38261.137159288184,senario_B
2025-08-05 19:00:00,79964.64365017362,19607.994718967013,20838.26974934896,39518.37918185764,senario_B
2025-08-05 20:00:00,77549.79907552083,7719.793772243924,22670.627377929686,47159.37792534722,senario_B
2025-08-05 21:00:00,75147.63475260416,618.136177046034,25245.09382486979,49284.404750688336,senario_B
2025-08-05 22:00:00,72513.00474826389,7.252729479190376,29792.067360026038,42713.68465875866,senario_B
2025-08-05 23:00:00,68463.0625390625,0.4109673400885529,32250.05652018229,36212.595051540135,senario_B
2025-08-06 00:00:00,64309.3558984375,0.4422080406546593,32878.21224527995,31430.701445116894,senario_B
2025-08-06 01:00:00,60696.3344921875,0.5082522795432144,33666.1371500651,27029.68908984286,senario_B
2025-08-06 02:00:00,57952.29883572049,0.549168654895491,33324.770935058594,24626.978732007003,senario_B
2025-08-06 03:00:00,56088.88127278646,0.5736154618031449,32622.072415364582,23466.23524196007,senario_B
2025-08-06 04:00:00,54750.13166232639,0.6032109862897131,32003.706647135416,22745.82180420469,senario_B
2025-08-06 05:00:00,54150.73633246528,96.3652832154433,30838.974258626302,23215.39679062354,senario_B
2025-08-06 06:00:00,54633.42245225694,38.45554424756103,28058.390006510417,26536.576901498964,senario_B
2025-08-06 07:00:00,55677.26542100695,11.802994616230327,26053.37688151042,29612.085544880305,senario_B
2025-08-06 08:00:00,56525.43840711805,3511.109612206353,23419.43904825846,29594.889746653233,senario_B
2025-08-06 09:00:00,60969.613493923614,16856.14927408854,17267.332770182293,26846.131449652785,senario_B
2025-08-06 10:00:00,68069.51829427083,24619.039166666666,19225.603590901694,24224.87553670247,senario_B
2025-08-06 11:00:00,70834.77393229166,25907.978041992188,20865.189428304035,24061.606461995438,senario_B
2025-08-06 12:00:00,73196.37357204861,27170.84600260417,15951.671253255208,30073.856316189234,senario_B
2025-08-06 13:00:00,76249.32111979167,27549.4776280382,12584.040904744466,36115.802587009006,senario_B
2025-08-06 14:00:00,79466.56530381944,27965.60873046875,12185.550235595703,39315.40633775499,senario_B
2025-08-06 15:00:00,81226.50839192708,27819.13936794705,13352.010644531249,40055.358379448786,senario_B
2025-08-06 16:00:00,81738.53045138888,27112.35523654514,15305.911070963546,39320.264143880195,senario_B
2025-08-06 17:00:00,81476.3017686632,26235.229536675342,17373.30938720703,37867.762844780824,senario_B
2025-08-06 18:00:00,81064.08523003472,24363.133671875,20515.719130859376,36185.23242730035,senario_B
2025-08-06 19:00:00,80422.17469618056,19446.03855061849,23361.436462402344,37614.69968315973,senario_B
2025-08-06 20:00:00,78834.9427061632,7730.318487277561,25501.73232503255,45602.89189385309,senario_B
2025-08-06 21:00:00,75929.17832899306,399.08027876728113,26464.19553059896,49065.90251962681,senario_B
2025-08-06 22:00:00,73468.00704427084,1.022849796778626,29464.129879557295,44002.85431491677,senario_B
2025-08-06 23:00:00,70426.38274956598,23.96461414383517,32197.70854492188,38204.70959050027,senario_B
2025-08-07 00:00:00,65953.1286469184,0.7645337756143676,32533.9173046875,33418.44680845529,senario_B
2025-08-07 01:00:00,62776.08657552084,0.6812014460894796,32545.835224609382,30229.570149465373,senario_B
2025-08-07 02:00:00,59782.56378038194,0.6954294862184259,30751.068403320314,29030.79994757541,senario_B
2025-08-07 03:00:00,57631.71690104167,0.6542991222937902,28449.270184733075,29181.792417186298,senario_B
2025-08-07 04:00:00,55767.155108506944,0.6911846607261234,27018.83417561849,28747.62974822773,senario_B
2025-08-07 05:00:00,55399.20668619792,0.6924016617735227,24790.897124023435,30607.617160512713,senario_B
2025-08-07 06:00:00,55550.93141493056,0.6887058433228069,22087.57256225586,33462.67014683138,senario_B
2025-08-07 07:00:00,56697.871651475696,7.942270534303454,20433.097635091144,36256.83174585025,senario_B
2025-08-07 08:00:00,57826.44071831597,2948.0141202545165,19284.343813069663,35594.0827849918,senario_B
2025-08-07 09:00:00,62237.68522569445,15715.250317925347,14830.672122395832,31691.76278537327,senario_B
2025-08-07 10:00:00,67929.7544639757,23431.12976996528,13961.905424804689,30536.71926920573,senario_B
2025-08-07 11:00:00,72299.88187282986,26665.32219346788,14689.768408610025,30944.791270751957,senario_B
2025-08-07 12:00:00,75303.65084201389,27603.03283420139,14178.810188802083,33521.80781901041,senario_B
2025-08-07 13:00:00,78737.14789496528,27945.20109157986,14340.070432942706,36451.87637044271,senario_B
2025-08-07 14:00:00,81137.57078125,27876.31248535156,16734.252932128904,36527.00536376954,senario_B
2025-08-07 15:00:00,81623.29113715277,26848.80421875,18840.025739746095,35934.46117865668,senario_B
2025-08-07 16:00:00,81985.8155750868,25140.018446180555,19679.903618164062,37165.893510742186,senario_B
2025-08-07 17:00:00,82284.32655598958,24657.05225857205,19911.22287150065,37716.051425916885,senario_B
2025-08-07 18:00:00,82028.4640798611,23694.42586154514,19879.38753540039,38454.65068291558,senario_B
2025-08-07 19:00:00,81788.11310112847,18934.10450900608,20550.413080647784,42303.59551147461,senario_B
2025-08-07 20:00:00,80194.58505425348,7321.047921549479,21175.639955240888,51697.897177463106,senario_B
2025-08-07 21:00:00,77186.22307074652,338.7346718315946,22038.87343221029,54808.614966704634,senario_B
2025-08-07 22:00:00,75002.7476171875,0.5220687256422307,26181.341329752606,48820.88421870926,senario_B
2025-08-07 23:00:00,71347.73021267362,0.537707101603349,28713.08394856771,42634.10855700431,senario_B
2025-08-08 00:00:00,67393.0152126736,0.6619215089248286,31148.076928710936,36244.27636245374,senario_B
2025-08-08 01:00:00,63980.47180772569,0.666338148696555,32686.472132975254,31293.333336601743,senario_B
2025-08-08 02:00:00,60697.22106336806,0.6887804187337557,32592.193912760416,28104.338370188907,senario_B
2025-08-08 03:00:00,58178.66660373264,0.6873032226496273,32040.230858561194,26137.7484419488,senario_B
2025-08-08 04:00:00,56891.23352539063,0.6912796535094579,31990.86373779297,24899.678507944147,senario_B
2025-08-08 05:00:00,56175.21456271701,53.74295260863172,30952.012698567716,25169.45891154066,senario_B
2025-08-08 06:00:00,56357.82456271701,0.7636376012033886,29749.06367675781,26607.997248358,senario_B
2025-08-08 07:00:00,57430.1197797309,10.648734499083623,27881.96902994792,29537.5020152839,senario_B
2025-08-08 08:00:00,58441.50602756076,3255.178674146864,26701.03208984375,28485.29526357015,senario_B
2025-08-08 09:00:00,63044.52059678819,16330.74302625868,21736.481746012367,24977.295824517147,senario_B
2025-08-08 10:00:00,68651.4103689236,24315.619756944445,19708.38378580729,24627.406826171868,senario_B
2025-08-08 11:00:00,72952.33465711806,26917.17435546875,19932.055861002606,26103.104440646704,senario_B
2025-08-08 12:00:00,75829.27901475695,27848.50619140625,19524.94469075521,28455.828132595485,senario_B
2025-08-08 13:00:00,78622.3233875868,27750.294380967884,18422.62098185221,32449.408024766708,senario_B
2025-08-08 14:00:00,81660.12793836805,27514.51375596788,19717.401275634766,34428.2129067654,senario_B
2025-08-08 15:00:00,82584.92512586806,26475.81969672309,21164.473166910808,34944.63226223416,senario_B
2025-08-08 16:00:00,82987.80289713542,25569.741021592883,21795.413488769533,35622.648386773006,senario_B
2025-08-08 17:00:00,82806.62945095486,25504.681861979167,21818.3363671875,35483.61122178819,senario_B
2025-08-08 18:00:00,82584.66441840278,23513.97885959201,23251.621269531253,35819.064289279515,senario_B
2025-08-08 19:00:00,82307.30461588541,18750.844149305554,24972.549388834635,38583.911077745215,senario_B
2025-08-08 20:00:00,81041.68590711805,6942.457957255046,27163.680506998695,46935.547442864314,senario_B
2025-08-08 21:00:00,78516.38129123264,295.2404286197159,28071.627452799483,50149.513409813444,senario_B
2025-08-08 22:00:00,75928.04724392362,0.7814253084858258,31452.97381591797,44474.29200269717,senario_B
2025-08-08 23:00:00,72424.43286892361,0.8057439741823408,34845.357936197914,37578.26918875152,senario_B
2025-08-09 00:00:00,68877.37796440972,0.7908031670252482,36413.83575195313,32462.751409289573,senario_B
2025-08-09 01:00:00,64830.64976996528,0.7465727691517936,37114.62101888021,27715.282178315923,senario_B
2025-08-09 02:00:00,61787.45670030382,0.8115581098530028,36584.880397135414,25201.76474505855,senario_B
2025-08-09 03:00:00,59195.74958984375,0.7860620605283314,35047.17874348958,24147.78478429364,senario_B
2025-08-09 04:00:00,57265.07519748264,0.9122664798961744,33884.69010009766,23379.472830905084,senario_B
2025-08-09 05:00:00,55964.70542317708,0.9443489580021964,33274.59920898438,22689.161865234702,senario_B
2025-08-09 06:00:00,55468.06896918403,0.9662902435329226,31790.974065755207,23676.128613185294,senario_B
2025-08-09 07:00:00,55324.58633029514,11.056796329749956,29155.249134114587,26158.280399850802,senario_B
2025-08-09 08:00:00,55766.03983723959,3132.5039233313664,26350.25934814453,26283.276565763692,senario_B
2025-08-09 09:00:00,61206.9355078125,16044.406381293404,22653.578320312503,22508.950806206594,senario_B
2025-08-09 10:00:00,68074.58604817708,23316.87183810764,23620.78596028646,21136.92824978298,senario_B
2025-08-09 11:00:00,71090.89325086806,25858.71351128472,22445.081189778648,22787.098549804694,senario_B
2025-08-09 12:00:00,72849.0015234375,27490.791121961807,19321.80460123698,26036.40580023871,senario_B
2025-08-09 13:00:00,76280.14470486112,27900.52420138889,16387.626227213543,31991.99427625868,senario_B
2025-08-09 14:00:00,79338.84964409722,27806.002156032988,17160.24704020182,34372.60044786241,senario_B
2025-08-09 15:00:00,81628.61723524306,27341.18280598958,19936.954816080724,34350.479613172756,senario_B
2025-08-09 16:00:00,82177.45865451389,26058.497560763888,22279.064939778647,33839.89615397135,senario_B
2025-08-09 17:00:00,82173.67452690972,24540.06928656684,23467.024392496744,34166.58084784613,senario_B
2025-08-09 18:00:00,81722.62945746527,22329.97728732639,25037.48139648437,34355.170773654514,senario_B
2025-08-09 19:00:00,80597.5178125,16236.48201171875,27095.687447916665,37265.34835286458,senario_B
2025-08-09 20:00:00,78460.8721375868,5136.031755371094,28310.878037109374,45013.96234510634,senario_B
2025-08-09 21:00:00,75877.79830946181,191.32343226008945,29692.835589192706,45993.63928800901,senario_B
2025-08-09 22:00:00,73418.8021875,24.86360649459892,33456.748658854165,39937.18992215123,senario_B
2025-08-09 23:00:00,70019.30171875,0.8569073909521103,35941.142581380205,34077.30222997884,senario_B
2025-08-10 00:00:00,66698.92138020834,0.8296710578600566,36653.7833984375,30044.30831071298,senario_B
2025-08-10 01:00:00,63338.656654730905,0.8866769115130106,36455.29854817708,26882.47142964231,senario_B
2025-08-10 02:00:00,60170.35193576389,0.9575259459018708,35645.77202473958,24523.622385078408,senario_B
2025-08-10 03:00:00,58045.04422743055,0.9664349934127596,34282.90516927083,23761.172623166312,senario_B
2025-08-10 04:00:00,56097.35569661458,0.9705280307266448,32294.214007161456,23802.171161422397,senario_B
2025-08-10 05:00:00,54745.3934874132,1.0191232444180385,29811.828808593753,24932.54555557503,senario_B
2025-08-10 06:00:00,53978.8486328125,1.07342504368888,27634.202906901046,26343.572300867767,senario_B
2025-08-10 07:00:00,53733.63702907986,9.830931093759007,24668.298725585933,29055.507372400163,senario_B
2025-08-10 08:00:00,53948.58538628472,3357.7924467722573,21528.58855143229,29062.204388080176,senario_B
2025-08-10 09:00:00,59023.32169487848,16894.285948350695,16903.921191406247,25225.114555121545,senario_B
2025-08-10 10:00:00,64752.78550564236,24562.563211805555,16965.280061848956,23224.94223198785,senario_B
2025-08-10 11:00:00,67490.29936631945,25824.11599826389,14958.825355631507,26707.35801242405,senario_B
2025-08-10 12:00:00,70515.00963541666,26658.22551432292,9784.485425618488,34072.298695475256,senario_B
2025-08-10 13:00:00,74046.04978298611,25625.862471788198,7784.038481445313,40636.1488297526,senario_B
2025-08-10 14:00:00,76625.57851128472,25566.905234375,8388.687945963542,42669.985330946176,senario_B
2025-08-10 15:00:00,78942.50322482639,24323.83403049045,9422.676316528321,45195.99287780762,senario_B
2025-08-10 16:00:00,80988.94744791667,23646.73908203125,10991.644645996093,46350.563719889324,senario_B
2025-08-10 17:00:00,82140.20721571181,22963.99512641059,13409.99269205729,45766.21939724393,senario_B
2025-08-10 18:00:00,81989.8075998264,21524.09896267361,17857.71154947917,42607.99708767362,senario_B
2025-08-10 19:00:00,81280.65365885416,16000.026440972222,23711.236013997397,41569.391203884545,senario_B
2025-08-10 20:00:00,78688.44813802083,4547.991056789822,27920.61600911458,46219.84107211643,senario_B
2025-08-10 21:00:00,76095.4324609375,72.29719821188185,27170.45939127604,48852.67587144959,senario_B
2025-08-10 22:00:00,73664.29885633681,0.9628946128818724,29393.351486002604,44269.98447572133,senario_B
2025-08-10 23:00:00,69376.04032118055,0.944463449186749,30273.967200520834,39101.12865721054,senario_B
2025-08-11 00:00:00,65713.85442274305,0.8381188470125198,27202.351845703124,38510.66445819292,senario_B
2025-08-11 01:00:00,61540.19600477431,1.0675946592622334,21681.776917724612,39857.351492390444,senario_B
2025-08-11 02:00:00,58748.88361979167,1.1418313690688875,16752.187501627603,41995.554286795,senario_B
2025-08-11 03:00:00,56582.78707465278,1.1797359376483494,13963.384132486979,42618.22320622815,senario_B
2025-08-11 04:00:00,55508.40607638889,1.1607155315743551,14749.561870117188,40757.683490740135,senario_B
2025-08-11 05:00:00,55178.78333984375,1.1912928560707303,13726.509538574219,41451.08250841346,senario_B
2025-08-11 06:00:00,55599.46642361111,1.2083912279870774,13744.847775065107,41853.41025731802,senario_B
2025-08-11 07:00:00,56519.97805121528,5.648117020858659,13458.38968424479,43055.940249949635,senario_B
2025-08-11 08:00:00,57415.41184461806,2791.8002150938246,11760.043037109375,42863.56859241486,senario_B
2025-08-11 09:00:00,61823.43484375,14076.930180392796,8758.195974527995,38988.30868882921,senario_B
2025-08-11 10:00:00,67403.11321614584,21095.46529513889,7392.785641276041,38914.86227973091,senario_B
2025-08-11 11:00:00,71003.26162760417,23300.91319010417,6222.157615559896,41480.1908219401,senario_B
2025-08-11 12:00:00,73754.4130078125,24896.963671875,4177.823345133464,44679.62599080404,senario_B
2025-08-11 13:00:00,77095.94841579862,25146.073640950523,4092.6551048787433,47857.21966996935,senario_B
2025-08-11 14:00:00,79794.10365451389,25280.61794487847,7042.2956844075525,47471.19002522787,senario_B
2025-08-11 15:00:00,81640.16248914931,25525.98288248698,9900.656006062825,46213.52360059951,senario_B
2025-08-11 16:00:00,82221.52502170138,24162.57611490885,10586.554885864258,47472.394020928274,senario_B
2025-08-11 17:00:00,82356.6709765625,22484.182074652777,10965.892459309896,48906.596442599825,senario_B
2025-08-11 18:00:00,82047.91708333333,21648.60404730903,12859.082552897135,47540.230483127176,senario_B
2025-08-11 19:00:00,81514.62126085069,16719.66834906684,15197.366377766926,49597.586534016926,senario_B
2025-08-11 20:00:00,79319.60305555556,4979.911064215766,15982.126488037109,58357.56550330269,senario_B
2025-08-11 21:00:00,76683.97453993055,91.31784734908078,16638.49869913737,59954.157993444096,senario_B
2025-08-11 22:00:00,74199.55038628473,0.9266049475802316,15010.572242838542,59188.0515384986,senario_B
2025-08-11 23:00:00,70605.39301866319,0.9775600368777912,14788.735378824871,55815.680079801445,senario_B
2025-08-12 00:00:00,66514.37295789931,1.0360239628950756,15404.317473958334,51109.01945997808,senario_B
2025-08-12 01:00:00,63021.607386067706,1.0163213686148325,18636.50124511719,44384.0898195819,senario_B
2025-08-12 02:00:00,61184.56837456597,0.9712468116813237,20719.845037434898,40463.752090319394,senario_B
2025-08-12 03:00:00,59206.51678602431,1.0732097390956348,21104.847720947266,38100.595855337946,senario_B
2025-08-12 04:00:00,57860.64999782986,1.127714078889953,19444.400919596355,38415.12136415462,senario_B
2025-08-12 05:00:00,56475.65025607639,1.141841323673725,18499.981915690103,37974.52649906262,senario_B
2025-08-12 06:00:00,56163.159398871525,1.0471700739198262,13779.487799479168,42382.624429318435,senario_B
2025-08-12 07:00:00,57549.84976453993,10.334712755878767,11403.748817749023,46135.76623403503,senario_B
2025-08-12 08:00:00,57919.31337456597,2623.2717373487685,8368.372333170573,46927.669304046634,senario_B
2025-08-12 09:00:00,62554.07722005208,13736.28745171441,5786.9251133219395,43030.864655015735,senario_B
2025-08-12 10:00:00,65825.79999782986,20779.546996527777,4009.0873197428386,41037.16568155925,senario_B
2025-08-12 11:00:00,68257.74061197917,23277.915047743056,2454.4971461995437,42525.32841803657,senario_B
2025-08-12 12:00:00,71250.76550347223,25786.39931206597,1421.3267966715496,44043.039394734704,senario_B
2025-08-12 13:00:00,74877.09684027778,26116.204010416663,1114.5267078653972,47646.366121995714,senario_B
2025-08-12 14:00:00,78252.37583767361,25974.82885796441,1656.1853574371341,50621.36162227206,senario_B
2025-08-12 15:00:00,80950.11160373264,25037.994631618923,3185.2456150309245,52726.8713570828,senario_B
2025-08-12 16:00:00,81871.3760373264,24556.857664930558,4906.23101155599,52408.287360839844,senario_B
2025-08-12 17:00:00,81500.788046875,21371.90727593316,7165.578565673828,52963.302205268,senario_B
2025-08-12 18:00:00,79930.4710546875,18267.299275173613,7999.460126139322,53663.71165337456,senario_B
2025-08-12 19:00:00,77056.20711805555,11299.967126193576,9219.310668945312,56536.929322916665,senario_B
2025-08-12 20:00:00,74272.20511284722,3706.761207207574,10467.654165852866,60097.789739786786,senario_B
2025-08-12 21:00:00,72436.80835503472,187.70251846080023,10410.126056518555,61838.979780055364,senario_B
2025-08-12 22:00:00,70591.82577690973,0.7735081209076775,11997.71609863281,58593.336170156006,senario_B
2025-08-12 23:00:00,66927.77091362847,0.7997696657975515,12862.560302734375,54064.410841228295,senario_B
2025-08-13 00:00:00,62739.9988671875,0.8594880685210228,12208.543653564453,50530.59572555453,senario_B
2025-08-13 01:00:00,59730.35074544271,0.8023304131295946,11711.562600097655,48017.985814931926,senario_B
2025-08-13 02:00:00,56865.65336588542,0.8364503563774957,10553.667255859375,46311.14965966967,senario_B
2025-08-13 03:00:00,55099.55156684028,0.8840664605299632,8916.825131022135,46181.84236935762,senario_B
2025-08-13 04:00:00,54092.87974175347,0.9162311916384432,7552.888485921224,46539.07502464061,senario_B
2025-08-13 05:00:00,53805.415308159725,0.9555809630288018,5736.516936848958,48067.94279034774,senario_B
2025-08-13 06:00:00,54581.2690483941,0.963636177248425,4658.569470621745,49921.7359415951,senario_B
2025-08-13 07:00:00,56420.60607855903,1.9357951827843984,3759.2970845540367,52659.37319882221,senario_B
2025-08-13 08:00:00,57198.7800390625,2099.8192371220057,3322.05681447347,51776.90398746702,senario_B
2025-08-13 09:00:00,62207.90514539931,12584.337489149306,1949.7862181091314,47673.78143814087,senario_B
2025-08-13 10:00:00,67070.49669270833,19402.768745659723,1636.0966906738277,46031.631256374785,senario_B
2025-08-13 11:00:00,69418.10164930555,21768.29742404514,1749.7034698486327,45900.100755411775,senario_B
2025-08-13 12:00:00,70497.38196180556,22436.86727593316,1212.7306986745198,46847.78398719788,senario_B
2025-08-13 13:00:00,73921.17892795139,23482.60706000434,1207.8109630584715,49230.76090488858,senario_B
2025-08-13 14:00:00,77124.19787543402,24230.02924045139,2289.903915100098,50604.264719882536,senario_B
2025-08-13 15:00:00,79341.98095486111,23336.22524956597,3903.4152088419596,52102.34049645318,senario_B
2025-08-13 16:00:00,81062.31516059028,21994.21647840712,5807.96065633138,53260.13802585178,senario_B
2025-08-13 17:00:00,81991.26248046875,21426.928177083333,7200.206587931316,53364.1277154541,senario_B
2025-08-13 18:00:00,81871.97189453125,19707.664581163197,8555.157694498697,53609.149618869356,senario_B
2025-08-13 19:00:00,80525.13194878472,15278.73855034722,10314.639626871745,54931.75377156576,senario_B
2025-08-13 20:00:00,77316.77321180556,5119.858008219401,13480.543006184897,58716.372197401266,senario_B
2025-08-13 21:00:00,74703.99076171876,183.00390176057812,17566.16440226237,56954.82245769582,senario_B
2025-08-13 22:00:00,72350.78219835069,2.6800609870751697,21650.176814778646,50697.92532258497,senario_B
2025-08-13 23:00:00,68233.49540581598,1.7584182133939532,23965.47184082031,44266.26514678228,senario_B
2025-08-14 00:00:00,64383.53235351563,1.159512954354286,24561.486521809897,39820.88631875138,senario_B
2025-08-14 01:00:00,61336.32777126736,0.8792429941395918,24180.965186360678,37154.48334191254,senario_B
2025-08-14 02:00:00,58836.08962673611,0.9163243230515056,23405.945187581383,35429.228114831676,senario_B
2025-08-14 03:00:00,56826.68468967014,0.9341657753123176,22940.734705810548,33885.015818084285,senario_B
2025-08-14 04:00:00,55540.22300998264,0.9630909137593376,22575.09696329753,32964.16295577136,senario_B
2025-08-14 05:00:00,55112.41142578125,1.011744343572193,21424.028255615234,33687.371425822435,senario_B
2025-08-14 06:00:00,56065.805234375,1.0617176342672772,20810.499514567055,35254.244002173684,senario_B
2025-08-14 07:00:00,57892.42372612847,4.609722112814586,20325.857638346355,37561.956365669306,senario_B
2025-08-14 08:00:00,58632.93323350694,2632.8679858016967,18686.058123372397,37314.00712433284,senario_B
2025-08-14 09:00:00,63181.57671440972,14960.557234971788,13833.258034871418,34387.76144456652,senario_B
2025-08-14 10:00:00,67931.07981770833,23200.225572916668,12114.419692382813,32616.434552408857,senario_B
2025-08-14 11:00:00,71129.22048177083,25791.11856770833,10936.08077718099,34402.02113688151,senario_B
2025-08-14 12:00:00,74338.04713107638,26591.052842881945,8838.949166666667,38908.04512152777,senario_B
2025-08-14 13:00:00,78344.03435112847,26180.65530978733,7827.429217529298,44335.949823811854,senario_B
2025-08-14 14:00:00,81936.50020833334,25633.871788194443,8978.808728841144,47323.819691297744,senario_B
2025-08-14 15:00:00,82929.00484375,25657.32518771701,10417.900219319661,46853.77943671332,senario_B
2025-08-14 16:00:00,82774.40791015625,24084.94513237847,11219.657129720052,47469.80564805773,senario_B
2025-08-14 17:00:00,83425.10181423611,23417.65728624132,12670.346625569662,47337.097902425136,senario_B
2025-08-14 18:00:00,83528.20978081597,22148.472623697915,14143.95890299479,47235.77825412327,senario_B
2025-08-14 19:00:00,82888.56861111111,16527.469156901043,17670.196803792318,48690.902650417745,senario_B
2025-08-14 20:00:00,81254.278984375,5119.000594414605,22074.294758707678,54060.98363125272,senario_B
2025-08-14 21:00:00,79182.2357421875,137.80437100133963,26350.08577799479,52694.34559319137,senario_B
2025-08-14 22:00:00,77080.40588541667,0.927957357019186,31843.785655924476,45235.692272135166,senario_B
2025-08-14 23:00:00,73233.11594184028,0.9423331201738782,34379.111021321616,38853.0625873985,senario_B
2025-08-15 00:00:00,69448.30862630208,0.8840406446986728,35413.21310546875,34034.211480188635,senario_B
2025-08-15 01:00:00,65656.59216796875,0.861926040119595,34941.45249348959,30714.27774843904,senario_B
2025-08-15 02:00:00,62581.90849500868,0.9956135139862696,33377.018502604165,29203.89437889053,senario_B
2025-08-15 03:00:00,60431.58098849827,1.0343361651897431,32512.511162109375,27918.0354902237,senario_B
2025-08-15 04:00:00,59241.95532118056,1.088408010005951,30260.83289794922,28980.034015221332,senario_B
2025-08-15 05:00:00,58030.24455512153,1.1392214380370247,27601.55904296875,30427.546290714738,senario_B
2025-08-15 06:00:00,58005.52053602431,1.1095545076330502,25073.8476969401,32930.56328457658,senario_B
2025-08-15 07:00:00,58983.97947482639,4.61547667755021,22824.373548990887,36154.99044915795,senario_B
2025-08-15 08:00:00,59937.49920355903,2916.616088612874,21041.02450032552,35979.85861462064,senario_B
2025-08-15 09:00:00,64761.9660546875,15636.71660454644,17449.2400004069,31676.009449734163,senario_B
2025-08-15 10:00:00,70239.06849609375,23298.367829861112,18561.426609700517,28379.274056532122,senario_B
2025-08-15 11:00:00,72669.7571701389,24856.307063802084,18785.082185872394,29028.367920464414,senario_B
2025-08-15 12:00:00,74695.33989149306,24534.44958333333,18052.41677734375,32108.473530815972,senario_B
2025-08-15 13:00:00,76819.4082421875,24133.620075412327,18777.04085042318,33908.747316352004,senario_B
2025-08-15 14:00:00,79396.13124131944,25211.780559895837,19932.74155598958,34251.60912543402,senario_B
2025-08-15 15:00:00,80475.4492578125,23966.65232910156,19903.901468912758,36604.89545979819,senario_B
2025-08-15 16:00:00,80856.87046657986,22391.082296006945,20645.38854817708,37820.399622395824,senario_B
2025-08-15 17:00:00,81655.9420920139,22574.74028211805,21700.634595133462,37380.567214762385,senario_B
2025-08-15 18:00:00,81378.8744140625,20660.277723524305,23736.996635742187,36981.600054796014,senario_B
2025-08-15 19:00:00,80056.11138020833,14319.277932942709,25993.698138020834,39743.13530924478,senario_B
2025-08-15 20:00:00,76803.68509114583,3954.3239761013456,26339.032112630208,46510.329002414284,senario_B
2025-08-15 21:00:00,74070.75078559028,56.54939329094357,26195.99618815104,47818.2052041483,senario_B
2025-08-15 22:00:00,71982.09907552083,0.4447322215967708,28003.87016927083,43977.784174028406,senario_B
2025-08-15 23:00:00,68966.18284288194,0.5135664734906621,30091.391370442703,38874.277905965755,senario_B
2025-08-16 00:00:00,65925.60794921876,0.4907496071855227,31678.580292968756,34246.53690664282,senario_B
2025-08-16 01:00:00,62879.50581922743,0.4314289954304695,33415.540139973964,29463.53425025804,senario_B
2025-08-16 02:00:00,60315.15363172743,0.4956677191538943,33444.00283610026,26870.655127908016,senario_B
2025-08-16 03:00:00,58494.25659939236,0.5153947144001723,32169.71497314453,26324.026231533433,senario_B
2025-08-16 04:00:00,56877.67928602431,0.4983065812620851,29195.095234375003,27682.08574506804,senario_B
2025-08-16 05:00:00,55563.87295138889,0.6706349475185076,25690.859056803383,29872.343259637986,senario_B
2025-08-16 06:00:00,54855.820709635416,0.789595239278343,21879.03828613281,32975.99282826333,senario_B
2025-08-16 07:00:00,55250.504437934025,3.912019730806351,18690.94515340169,36555.647264801526,senario_B
2025-08-16 08:00:00,55655.02136935764,2664.7814398320515,16474.352587890622,36515.88734163497,senario_B
2025-08-16 09:00:00,60977.99074435764,13849.750834960938,12827.693315429688,34300.54659396701,senario_B
2025-08-16 10:00:00,67049.09718098959,21672.781540798613,13431.090729166666,31945.224911024306,senario_B
2025-08-16 11:00:00,69375.92797743056,24834.259325086805,12513.603751627605,32028.06490071615,senario_B
2025-08-16 12:00:00,72128.5454188368,25040.12317437066,11025.605009155273,36062.81723531087,senario_B
2025-08-16 13:00:00,74223.50913628472,24581.08725911458,11071.536690266927,38570.88518690321,senario_B
2025-08-16 14:00:00,75896.47333550347,23199.586490885416,11965.296983846029,40731.58986077203,senario_B
2025-08-16 15:00:00,77329.50407552083,22795.65837673611,12880.821147460938,41653.024551323775,senario_B
2025-08-16 16:00:00,78427.68221788194,21169.18525065104,14145.747114664713,43112.74985256619,senario_B
2025-08-16 17:00:00,79621.59172743055,19621.016467013887,16433.634094645182,43566.94116577148,senario_B
2025-08-16 18:00:00,80028.07601128472,17505.163307834202,18102.453799235027,44420.4589042155,senario_B
2025-08-16 19:00:00,78642.51396918403,13045.83755967882,19512.083113606768,46084.593295898434,senario_B
2025-08-16 20:00:00,76125.59260199653,3840.274811909993,21252.043850097656,51033.27393998887,senario_B
2025-08-16 21:00:00,73877.93444444444,38.62042795552976,22667.85908528646,51171.45493120246,senario_B
2025-08-16 22:00:00,71410.75383246527,0.4879312302006615,23828.410478515627,47581.85542271944,senario_B
2025-08-16 23:00:00,68552.75475043403,0.5054169746902254,24657.216406656902,43895.03292680244,senario_B
2025-08-17 00:00:00,65689.45131510416,0.4443127563595772,25582.507044270835,40106.499958076965,senario_B
2025-08-17 01:00:00,62724.17712673611,0.3401681503653526,25352.415312499998,37371.42164608574,senario_B
2025-08-17 02:00:00,59857.570804036455,0.4165457408295737,23968.551232096353,35888.60302619927,senario_B
2025-08-17 03:00:00,57959.42066189236,0.5063384348733557,23704.126173095705,34254.78815036178,senario_B
2025-08-17 04:00:00,56553.9364561632,0.4611315782037046,24746.770131429035,31806.705193155965,senario_B
2025-08-17 05:00:00,55485.95252170139,0.4936551155977779,24610.086500651043,30875.372365934745,senario_B
2025-08-17 06:00:00,55074.90098524305,0.5599006460110346,23420.85509928385,31653.485985313193,senario_B
2025-08-17 07:00:00,54348.09933159722,3.468711727584402,21513.0928511556,32831.53776871404,senario_B
2025-08-17 08:00:00,54530.06844618056,2446.440693528917,19515.924996744794,32567.70275590685,senario_B
2025-08-17 09:00:00,60994.04639105903,14712.94076388889,18111.65751139323,28169.448115776915,senario_B
2025-08-17 10:00:00,67554.10336371527,22670.9568359375,20581.78761393229,24301.358913845484,senario_B
2025-08-17 11:00:00,69045.73026909723,25933.590067274305,19193.274653320317,23918.86554850261,senario_B
2025-08-17 12:00:00,71243.67321614583,27283.564609917536,16141.409475097655,27818.699131130645,senario_B
2025-08-17 13:00:00,74790.299921875,27374.13102430556,11911.674534505208,35504.49436306424,senario_B
2025-08-17 14:00:00,78376.20375868055,27226.43391655816,10364.049701538086,40785.72014058431,senario_B
2025-08-17 15:00:00,80715.36098524305,25651.457045355903,12391.259377034507,42672.64456285265,senario_B
2025-08-17 16:00:00,81809.84275390625,23940.26250868056,14933.175120442711,42936.40512478298,senario_B
2025-08-17 17:00:00,82019.03215060764,20999.304067925343,17291.201706136068,43728.52637654623,senario_B
2025-08-17 18:00:00,82247.80913628472,17525.416238064237,19831.34673014323,44891.04616807726,senario_B
2025-08-17 19:00:00,81154.55351779514,11343.643113335504,21148.607821858724,48662.30258260091,senario_B
2025-08-17 20:00:00,79175.46610026041,2331.8348409356013,22743.67500528971,54099.9562540351,senario_B
2025-08-17 21:00:00,77354.83571180556,34.361491375780766,22304.059700520833,55016.41451990895,senario_B
2025-08-17 22:00:00,74462.55577473958,0.4509521207047833,22120.464552408856,52341.64027021002,senario_B
2025-08-17 23:00:00,70483.82022135417,1.204592264716824,21840.965294189453,48641.65033489999,senario_B
2025-08-18 00:00:00,66119.47629123264,0.3968332074334224,22586.582361653644,43532.49709637157,senario_B
2025-08-18 01:00:00,62464.37720920139,0.3459338542322318,22676.372024739583,39787.659250607576,senario_B
2025-08-18 02:00:00,59742.30548177083,0.3368721402188142,21718.535510660808,38023.43309896981,senario_B
2025-08-18 03:00:00,58143.68337673611,0.3585193436592817,21195.649075927733,36947.67578146471,senario_B
2025-08-18 04:00:00,56898.500933159725,0.4778503317137559,19363.201544596355,37534.821538231656,senario_B
2025-08-18 05:00:00,56358.843072916665,0.6032510077291064,17491.77286783854,38866.4669540704,senario_B
2025-08-18 06:00:00,57078.93127387153,0.5681314424177011,16533.505146484375,40544.85799594474,senario_B
2025-08-18 07:00:00,58412.289403211806,3.66948743475808,14976.157260742188,43432.46265503486,senario_B
2025-08-18 08:00:00,59513.12823567708,2683.3913150999283,13284.364944661458,43545.371975915696,senario_B
2025-08-18 09:00:00,65900.7667296007,15435.495714518229,11693.812633870442,38771.458381212025,senario_B
2025-08-18 10:00:00,70436.46254340278,24070.377296006944,11311.939400227864,35054.14584716797,senario_B
2025-08-18 11:00:00,72620.39718532986,26766.648975694443,11021.2317578125,34832.516451822914,senario_B
2025-08-18 12:00:00,76147.12973090277,27283.8488671875,9020.158486328124,39843.12237738715,senario_B
2025-08-18 13:00:00,80959.64591579861,27201.775325520837,8481.556798502605,45276.31379177517,senario_B
2025-08-18 14:00:00,83185.68811197917,26587.672669270836,9462.336634114583,47135.67880859375,senario_B
2025-08-18 15:00:00,83193.73577690973,25698.57250705295,11852.904783121745,45642.25848673503,senario_B
2025-08-18 16:00:00,83403.02543402778,23723.694763997395,14703.081123046875,44976.249546983505,senario_B
2025-08-18 17:00:00,83876.460703125,20210.3326171875,18112.500397135416,45553.62768880209,senario_B
2025-08-18 18:00:00,83837.71085720486,16942.19453559028,21692.41143391927,45203.104887695314,senario_B
2025-08-18 19:00:00,82873.21564019097,11228.98762749566,18130.4153120931,53513.81270060221,senario_B
2025-08-18 20:00:00,80679.88456163194,2867.96172261556,16154.489959309896,61657.432879706495,senario_B
2025-08-18 21:00:00,78631.46753038194,55.37110071544432,14556.55791707357,64019.53851259292,senario_B
2025-08-18 22:00:00,74653.87492621527,0.5141629905336433,12406.647050984699,62246.713712240045,senario_B
2025-08-18 23:00:00,70369.40640190973,0.5479981543454859,11409.190063476562,58959.66834027882,senario_B
2025-08-19 00:00:00,66952.92409505208,0.6207017994754844,11032.495103352865,55919.80828989974,senario_B
2025-08-19 01:00:00,63299.0148687066,0.7631030819151137,10657.354916992188,52640.896848632496,senario_B
2025-08-19 02:00:00,60815.15699001736,0.6932057203849157,9643.424364420573,51171.039419876404,senario_B
2025-08-19 03:00:00,58299.77724175347,0.6277068103353183,8424.598173624674,49874.55136131846,senario_B
2025-08-19 04:00:00,56932.08923611111,0.693499861806631,7475.024542236329,49456.37119401297,senario_B
2025-08-19 05:00:00,56343.27874782986,0.6950118815567758,6611.440345052084,49731.14339089622,senario_B
2025-08-19 06:00:00,56866.396351996525,0.7178456277648608,6184.109153645833,50681.56935272293,senario_B
2025-08-19 07:00:00,58469.23787109375,2.1482913681036897,5170.081489868164,53297.00808985748,senario_B
2025-08-19 08:00:00,58776.4584874132,1642.9788995128208,4336.36315826416,52797.11642963622,senario_B
2025-08-19 09:00:00,62581.560462239584,10940.329006618924,3059.2982588704426,48581.93319675022,senario_B
2025-08-19 10:00:00,67849.61262369792,17832.77173719618,1340.243063659668,48676.59782284207,senario_B
2025-08-19 11:00:00,72111.3606922743,21137.78201063368,949.3100624847411,50024.26861915588,senario_B
2025-08-19 12:00:00,76192.67719184028,24046.15349500868,548.1889264170329,51598.33477041457,senario_B
2025-08-19 13:00:00,78331.86793402777,24747.89226996528,510.0333284250895,53073.94233563741,senario_B
2025-08-19 14:00:00,81518.33064019098,23303.70287868924,2690.829913330078,55523.797848171664,senario_B
2025-08-19 15:00:00,82614.3887326389,21819.79602267795,5353.837816060384,55440.75489390056,senario_B
2025-08-19 16:00:00,82650.60413628472,18852.571182725693,6955.849399820964,56842.18355373806,senario_B
2025-08-19 17:00:00,82038.36408420138,16449.47431749132,8953.435831705729,56635.45393500434,senario_B
2025-08-19 18:00:00,81072.3368532986,14305.546095648871,8935.819216715496,57830.971540934246,senario_B
2025-08-19 19:00:00,78678.64381727431,9646.372182074652,10614.82975341797,58417.44188178168,senario_B
2025-08-19 20:00:00,75752.71059895834,3267.7355619981554,9350.644488321941,63134.330548638245,senario_B
2025-08-19 21:00:00,73864.83749565973,60.82878986146715,8781.184421386719,65022.824284411545,senario_B
2025-08-19 22:00:00,71730.760625,4.576867414580451,8686.773006998697,63039.410750586714,senario_B
2025-08-19 23:00:00,67827.29586805556,0.7921829024619527,8344.198869628906,59482.3048155242,senario_B
2025-08-20 00:00:00,64654.19762044271,0.7525240037838618,7750.146164957683,56903.298931481244,senario_B
2025-08-20 01:00:00,61388.85844401042,0.8286307537555695,6842.845987141927,54545.183826114735,senario_B
2025-08-20 02:00:00,59200.92956488716,0.8823058891296387,5867.493677978515,53332.55358101952,senario_B
2025-08-20 03:00:00,57103.32297526042,0.8957128399610519,5600.900450439453,51501.526811981,senario_B
2025-08-20 04:00:00,55325.9662109375,0.8510472389724519,3951.1093790690106,51374.00578462951,senario_B
2025-08-20 05:00:00,54572.03310546875,0.9191543667183982,3936.088063964844,50635.025887137184,senario_B
2025-08-20 06:00:00,55208.53748046875,0.938222396241294,5114.469341634114,50093.129916438396,senario_B
2025-08-20 07:00:00,56680.9866796875,1.32413985311985,6738.976304931641,49940.68623490274,senario_B
2025-08-20 08:00:00,57437.919270833336,1844.5006015703411,7410.58162923177,48182.83704003123,senario_B
2025-08-20 09:00:00,62337.61706814236,12375.165488823784,7801.529658203126,42160.921921115456,senario_B
2025-08-20 10:00:00,66090.45615451389,19778.870696614584,9399.066236979166,36912.519220920134,senario_B
2025-08-20 11:00:00,67484.57657552083,23310.990852864583,9355.975920410156,34817.60980224609,senario_B
2025-08-20 12:00:00,68835.83411024306,24802.49467230903,9321.15150797526,34712.187929958774,senario_B
2025-08-20 13:00:00,71478.28888888888,24609.59024956597,8327.878184407551,38540.82045491537,senario_B
2025-08-20 14:00:00,74351.44128038194,23529.131883680555,7698.967001139323,43123.34239556206,senario_B
2025-08-20 15:00:00,76484.99418836806,21717.89622395833,7404.076982421875,47363.02098198785,senario_B
2025-08-20 16:00:00,78329.09654079861,19610.05099826389,6496.740553385416,52222.3049891493,senario_B
2025-08-20 17:00:00,79926.03898003472,18108.79246744792,6073.1940795898445,55744.05243299695,senario_B
2025-08-20 18:00:00,80035.61114583333,16688.122764756943,5524.3320361328115,57823.15634494358,senario_B
2025-08-20 19:00:00,78002.72663194445,12443.473248697916,5975.804180094402,59583.44920315212,senario_B
2025-08-20 20:00:00,74907.72459635416,3984.909510498047,5880.206355794271,65042.60873006184,senario_B
2025-08-20 21:00:00,72035.01564670139,69.28992301369706,5251.275481770834,66714.45024191686,senario_B
2025-08-20 22:00:00,68177.61763020833,0.5329622656272517,5103.230979817708,63073.853688125,senario_B
2025-08-20 23:00:00,65423.51935112848,0.6427311637832058,4615.7384138997395,60807.13820606496,senario_B
2025-08-21 00:00:00,62635.64245768229,0.6770685569776429,4179.7748404947915,58455.19054863052,senario_B
2025-08-21 01:00:00,59237.73432074653,0.6742251019014253,3610.3692203776045,55626.69087526703,senario_B
2025-08-21 02:00:00,56816.766733940975,0.7381826859381464,3039.48453491211,53776.54401634293,senario_B
2025-08-21 03:00:00,54833.81904947916,0.7860347187850211,1982.0789919026693,52850.95402285771,senario_B
2025-08-21 04:00:00,53874.84523220486,0.8050724130206638,1582.1699252319336,52291.87023455991,senario_B
2025-08-21 05:00:00,53448.759848090274,0.8474195833007495,1164.6220363362631,52283.290392170704,senario_B
2025-08-21 06:00:00,54398.58508897569,0.8686918239461051,1189.3524943033854,53208.36390284836,senario_B
2025-08-21 07:00:00,55861.602046440974,1.831948877506786,1305.1339134724935,54554.636184090974,senario_B
2025-08-21 08:00:00,56939.63380642361,2291.5537669732835,1380.8716142781577,53267.208425172175,senario_B
2025-08-21 09:00:00,63116.15915364584,14349.956682400174,1164.0129560852051,47602.18951516046,senario_B
2025-08-21 10:00:00,67314.83619791667,23133.317161458333,518.5675821431478,43662.95145431518,senario_B
2025-08-21 11:00:00,69158.76104600694,25454.05423611111,708.0948591613769,42996.61195073445,senario_B
2025-08-21 12:00:00,72108.84224826389,25561.630618489584,1228.6336478678386,45318.57798190646,senario_B
2025-08-21 13:00:00,75868.5013888889,23271.62551432292,2486.9937162272136,50109.88215833876,senario_B
2025-08-21 14:00:00,78626.83626302083,22015.27681857639,3597.7856085205085,53013.77383592394,senario_B
2025-08-21 15:00:00,80246.20601128472,21606.241155056425,5481.42557840983,53158.53927781847,senario_B
2025-08-21 16:00:00,80357.67802951389,20036.501518554687,7117.494166870117,53203.68234408909,senario_B
2025-08-21 17:00:00,79934.3889626736,17723.78861111111,8073.215016479491,54137.385335083,senario_B
2025-08-21 18:00:00,79465.55152777777,14746.736330295138,10171.515670572917,54547.299526909715,senario_B
2025-08-21 19:00:00,76469.29552517361,9871.994667154948,9889.61191040039,56707.68894761827,senario_B
2025-08-21 20:00:00,73032.86531684028,3325.336412760417,9794.727419433595,59912.801484646276,senario_B
2025-08-21 21:00:00,70802.32555121528,69.68916562825441,9884.612609863283,60848.02377572375,senario_B
2025-08-21 22:00:00,68155.98745659723,0.6977284488413069,10165.546275227864,57989.74345292053,senario_B
2025-08-21 23:00:00,64786.476599392365,0.7814215900500615,10610.577763671874,54175.11741413044,senario_B
2025-08-22 00:00:00,61246.75930989583,0.8025998661253188,10123.623216959635,51122.33349307007,senario_B
2025-08-22 01:00:00,58112.89319444444,0.9070315633879767,8749.621915690104,49362.36424719095,senario_B
2025-08-22 02:00:00,55669.19523871528,0.9979641209046046,6663.538986816406,49004.658287777966,senario_B
2025-08-22 03:00:00,54162.66690972223,0.9332234748370116,4478.041596781413,49683.692089465985,senario_B
2025-08-22 04:00:00,53084.69062717014,1.05196904235416,2844.7331152343754,50238.90554289341,senario_B
2025-08-22 05:00:00,52444.52853515625,1.001467996471458,1830.3401826985676,50613.18688446121,senario_B
2025-08-22 06:00:00,53382.46625976563,0.8347897064685822,1241.0979923502605,52140.5334777089,senario_B
2025-08-22 07:00:00,55135.25035807292,2.3528486387928327,935.0880853525797,54197.80942408154,senario_B
2025-08-22 08:00:00,56459.2393641493,1873.6732123756408,932.1047997029622,53653.461352070706,senario_B
2025-08-22 09:00:00,61657.77473524305,13067.177080078123,652.8348693339029,47937.76278583103,senario_B
2025-08-22 10:00:00,65128.60620442708,21613.135933159723,252.977666015625,43262.49260525173,senario_B
2025-08-22 11:00:00,66683.60174045138,24114.67733506945,648.9563625590006,41919.96804282293,senario_B
2025-08-22 12:00:00,68541.07731336805,23215.67359157986,1760.5559503173827,43564.8477714708,senario_B
2025-08-22 13:00:00,70772.26664930556,22637.30776041667,3503.92500386556,44631.03388502333,senario_B
2025-08-22 14:00:00,73656.81689236111,22423.641605902776,5200.411943359375,46032.76334309896,senario_B
2025-08-22 15:00:00,75811.9349609375,22504.95564670139,5335.52442220052,47971.454892035596,senario_B
2025-08-22 16:00:00,77153.73443142361,22794.86258897569,5895.703161214193,48463.16868123372,senario_B
2025-08-22 17:00:00,77690.8048046875,20960.039008789063,5488.768057556153,51241.99773834229,senario_B
2025-08-22 18:00:00,77805.69481336806,18477.9323046875,6210.891399739583,53116.87110894098,senario_B
2025-08-22 19:00:00,75623.614296875,13975.49019422743,6351.714881998698,55296.40922064888,senario_B
2025-08-22 20:00:00,72404.66237847222,4508.272751736111,6474.99937093099,61421.39025580512,senario_B
2025-08-22 21:00:00,69783.19529296875,74.53731629596817,8818.068945109051,60890.58903156373,senario_B
2025-08-22 22:00:00,67365.43016493056,0.9787191939353944,11576.169436848959,55788.28200888766,senario_B
2025-08-22 23:00:00,64126.43993706597,1.0558218863275315,12301.824208984373,51823.55990619527,senario_B
2025-08-23 00:00:00,60472.747962239584,1.0527381812201606,12106.455147298177,48365.24007676019,senario_B
2025-08-23 01:00:00,56910.14975043403,1.102634748684035,10566.671154785156,46342.375960900186,senario_B
2025-08-23 02:00:00,54343.28440212674,1.108952194650968,8905.774660644533,45436.40078928755,senario_B
2025-08-23 03:00:00,52606.67415364584,1.1278512499729791,7196.075920817057,45409.470381578816,senario_B
2025-08-23 04:00:00,51263.1447797309,1.1536399302217697,5178.681171061198,46083.309968739486,senario_B
2025-08-23 05:00:00,50692.21363064236,1.0366621733539634,3866.2623303222663,46824.91463814674,senario_B
2025-08-23 06:00:00,50300.53199435764,1.006938922405243,2850.0878745524087,47449.43718088282,senario_B
2025-08-23 07:00:00,50467.515221354166,2.192816520002153,1856.0731791178384,48609.249225716325,senario_B
2025-08-23 08:00:00,51040.908311631945,2197.5056040234035,1215.7239141845703,47627.67879342397,senario_B
2025-08-23 09:00:00,58198.66858723958,15201.088955078125,869.0739164988199,42128.50571566264,senario_B
2025-08-23 10:00:00,64078.69214952257,25022.55983181424,435.7382604980469,38620.39405721028,senario_B
2025-08-23 11:00:00,66278.8281640625,27505.354346788197,874.8482944742839,37898.62552280002,senario_B
2025-08-23 12:00:00,69095.84142361111,27236.23020833333,2409.3680966186525,39450.24311865913,senario_B
2025-08-23 13:00:00,72115.75922743055,26286.5490234375,5711.499450683594,40117.71075330945,senario_B
2025-08-23 14:00:00,74134.94178385417,24932.043003472223,7448.848863118489,41754.04991726346,senario_B
2025-08-23 15:00:00,75808.0133203125,25317.83552734375,8104.479493001303,42385.69829996745,senario_B
2025-08-23 16:00:00,77254.40694010416,23148.04090711805,8767.521777343749,45338.84425564237,senario_B
2025-08-23 17:00:00,77988.94563802083,22235.528674045137,9722.715719401041,46030.701244574644,senario_B
2025-08-23 18:00:00,77312.68662326389,21388.15431640625,10485.028115234374,45439.504191623266,senario_B
2025-08-23 19:00:00,75847.2118532986,14931.958151041666,10106.239521484375,50809.01418077256,senario_B
2025-08-23 20:00:00,72741.21305989583,4074.813378194173,8311.667826944988,60354.73185475667,senario_B
2025-08-23 21:00:00,69352.06766493055,52.72382707708412,6789.049022623698,62510.29481522976,senario_B
2025-08-23 22:00:00,66806.7600564236,1.0484232576025856,7139.893310139974,59665.81832302603,senario_B
2025-08-23 23:00:00,63891.75343098959,1.1206183190809356,7090.05055114746,56800.58226152305,senario_B
2025-08-24 00:00:00,60595.12620008681,1.0773200594054329,7612.304891764323,52981.74398826308,senario_B
2025-08-24 01:00:00,57364.93202582465,1.2524132357703317,7991.141180826822,49372.538431762056,senario_B
2025-08-24 02:00:00,54865.75557942708,1.2856951917542352,7658.380532226563,47206.08935200876,senario_B
2025-08-24 03:00:00,53042.018502604165,1.2583364557888772,6577.771633809407,46462.988532338975,senario_B
2025-08-24 04:00:00,51570.85555555556,1.236399504211214,5150.886647949219,46418.732508102126,senario_B
2025-08-24 05:00:00,50725.80812282986,1.249385781619284,4194.9109928385415,46529.647744209695,senario_B
2025-08-24 06:00:00,50164.56440321181,1.264518677956528,3570.2853393554688,46593.01454517838,senario_B
2025-08-24 07:00:00,49875.25947699653,2.153282606833511,2936.70070505778,46936.40548933191,senario_B
2025-08-24 08:00:00,50047.97277560764,2120.8786995972528,2964.2685178629554,44962.82555814743,senario_B
2025-08-24 09:00:00,56353.16075737847,14806.783810221354,2236.804232788086,39309.57271436903,senario_B
2025-08-24 10:00:00,63278.39784722222,25291.932788628477,1607.4210217285154,36379.044036865234,senario_B
2025-08-24 11:00:00,66921.62570746528,28350.45808810764,1988.5106472269695,36582.65697213067,senario_B
2025-08-24 12:00:00,69055.82948784722,28820.267545572915,2346.737695109049,37888.824247165256,senario_B
2025-08-24 13:00:00,72543.83915364584,27056.26541015625,2569.397847900391,42918.17589558919,senario_B
2025-08-24 14:00:00,76147.87251302083,26220.01771484375,2894.831985066732,47033.02281311035,senario_B
2025-08-24 15:00:00,78600.51653211805,25168.484291992187,3512.4830263264985,49919.54921379937,senario_B
2025-08-24 16:00:00,80663.72477430555,23437.00250434028,5524.366658121744,51702.35561184352,senario_B
2025-08-24 17:00:00,81847.69503472222,22267.283650173613,6919.094637858074,52661.31674669053,senario_B
2025-08-24 18:00:00,82331.59792751736,20163.37839409722,7592.702166341146,54575.517367078995,senario_B
2025-08-24 19:00:00,80529.60564670138,13601.690501844618,9405.785063476562,57522.13008138021,senario_B
2025-08-24 20:00:00,76314.63301215277,3402.410969407824,10507.799521484376,62404.422521260574,senario_B
2025-08-24 21:00:00,74167.43629774306,41.98998127604524,11645.361459554037,62480.08485691298,senario_B
2025-08-24 22:00:00,70967.5249609375,0.9974595832824708,13316.813302408853,57649.714198945374,senario_B
2025-08-24 23:00:00,67452.45529947917,1.0955350580480363,14718.68458984375,52732.67517457738,senario_B
2025-08-25 00:00:00,63338.27811197917,1.1409730540381535,15887.636404622397,47449.50073430273,senario_B
2025-08-25 01:00:00,59480.56319227431,1.0929052593972948,16727.156796874995,42752.31349013992,senario_B
2025-08-25 02:00:00,56495.51743055556,1.1399278242058224,16487.293499348958,40007.084003382406,senario_B
2025-08-25 03:00:00,54259.5652625868,1.1600678377019034,15594.731599934896,38663.67359481421,senario_B
2025-08-25 04:00:00,53525.03871310764,1.2442695732911428,15586.52262532552,37937.27181820883,senario_B
2025-08-25 05:00:00,53413.12054253472,1.2796753848261304,16622.38325032552,36789.45761682438,senario_B
2025-08-25 06:00:00,54380.58343098958,1.1307751045955552,16540.93620361328,37838.5164522717,senario_B
2025-08-25 07:00:00,55712.31543945312,1.724994584388203,16656.439962565106,39054.15048230363,senario_B
2025-08-25 08:00:00,56931.04886067708,1846.9160521761576,15827.42421875,39256.708589750924,senario_B
2025-08-25 09:00:00,60963.33160915798,13091.28491265191,11832.077479654949,36039.969216851125,senario_B
2025-08-25 10:00:00,66510.56951605903,22321.122721354168,8192.480079752604,35996.96671495225,senario_B
2025-08-25 11:00:00,69336.49694444444,25597.245789930555,7963.893800455729,35775.35735405816,senario_B
2025-08-25 12:00:00,71403.66194661458,26639.383956163198,7869.471059773763,36894.806930677616,senario_B
2025-08-25 13:00:00,74840.53600694444,27276.20946831597,6343.5911971028645,41220.735341525615,senario_B
2025-08-25 14:00:00,78337.98886284723,26950.99363932292,4861.88298055013,46525.11224297417,senario_B
2025-08-25 15:00:00,81033.15888020833,26468.35500325521,5613.732771301271,48951.07110565185,senario_B
2025-08-25 16:00:00,82683.13987413194,25957.53788628472,8844.901584472656,47880.70040337456,senario_B
2025-08-25 17:00:00,82997.2938671875,24031.1316796875,11773.81284016927,47192.34934733073,senario_B
2025-08-25 18:00:00,82733.28138888889,20271.51121419271,14576.254337158203,47885.51583753798,senario_B
2025-08-25 19:00:00,81127.07117621528,13532.3539968533,16503.59198527018,51091.1251940918,senario_B
2025-08-25 20:00:00,77970.98127170138,3307.362180820041,18699.113483072917,55964.50560780843,senario_B
2025-08-25 21:00:00,75420.17736545138,37.7038351362033,20846.674222819005,54535.79930749618,senario_B
2025-08-25 22:00:00,72754.44726128472,0.5378445572323269,24154.29355305989,48599.6158636676,senario_B
2025-08-25 23:00:00,68388.46192708334,0.6074196970131662,24992.237055664064,43395.61745172225,senario_B
2025-08-26 00:00:00,64043.150266927085,0.5117152723007732,24957.82808105469,39084.81047060009,senario_B
2025-08-26 01:00:00,60437.18419270834,0.5111859783199099,22997.783279622396,37438.88972710762,senario_B
2025-08-26 02:00:00,57831.984364149306,0.5952371396289932,20583.4828125,37247.90631450968,senario_B
2025-08-26 03:00:00,55787.169437934026,0.7074635042084588,18089.566178385416,37696.8957960444,senario_B
2025-08-26 04:00:00,54428.69792100695,0.7293379536271095,16264.693268229166,38163.27531482415,senario_B
2025-08-26 05:00:00,53538.02085720486,0.7299201693468623,13773.37955037435,39763.91138666116,senario_B
2025-08-26 06:00:00,54172.268515625,0.6218792415658633,12257.843336995442,41913.80329938799,senario_B
2025-08-26 07:00:00,55903.86500434028,0.6390485785984331,10293.138717651367,45610.08723811032,senario_B
2025-08-26 08:00:00,56309.76288628472,1201.2421749157377,7949.5119930013025,47159.00871836768,senario_B
2025-08-26 09:00:00,59680.285552300345,9836.73795952691,6240.206227620442,43603.34136515299,senario_B
2025-08-26 10:00:00,64419.83134114584,17634.89482421875,5606.297386372884,41178.639130554206,senario_B
2025-08-26 11:00:00,67229.12819444445,20821.264611002603,5432.97925415039,40974.88432929145,senario_B
2025-08-26 12:00:00,68411.23278645833,22398.316191948783,4561.8580944824225,41451.05850002713,senario_B
2025-08-26 13:00:00,70963.67328993055,22243.346011827256,3934.705688883464,44785.62158921983,senario_B
2025-08-26 14:00:00,73854.89507161458,21599.3982546658,4253.994071553549,48001.50274539523,senario_B
2025-08-26 15:00:00,76345.29701388889,21475.82758626302,4832.931787719725,50036.53763990614,senario_B
2025-08-26 16:00:00,77518.65875,20362.916028645832,6845.543898518881,50310.198822835286,senario_B
2025-08-26 17:00:00,78419.73147569444,19072.18422905816,9773.673327026367,49573.87391960992,senario_B
2025-08-26 18:00:00,77991.66944878473,15219.72650607639,13857.330310058594,48914.61263264975,senario_B
2025-08-26 19:00:00,76753.96146267361,10501.02930718316,16735.237736002604,49517.69441948786,senario_B
2025-08-26 20:00:00,73729.07487847222,2768.586399400499,19082.055925699875,51878.432553371844,senario_B
2025-08-26 21:00:00,71552.79953559028,41.45422583099869,18917.460971679688,52593.8843380796,senario_B
2025-08-26 22:00:00,68731.3069314236,0.5746815773844719,19177.91042480469,49552.82182504152,senario_B
2025-08-26 23:00:00,65258.38265625,0.6351408088538382,19301.621118164065,45956.12639727708,senario_B
2025-08-27 00:00:00,61493.26428819444,0.5530964631504482,18797.181539713543,42695.52965201775,senario_B
2025-08-27 01:00:00,58379.51117621528,0.722575555841128,17598.464226888016,40780.32437377142,senario_B
2025-08-27 02:00:00,56089.244344618055,0.5348185815413793,15166.151022135416,40922.5585039011,senario_B
2025-08-27 03:00:00,54062.430338541664,0.68053882078992,12523.579921061199,41538.16987865968,senario_B
2025-08-27 04:00:00,53059.6424609375,0.8581576798359553,10374.102434082031,42684.681869175634,senario_B
2025-08-27 05:00:00,52807.6769032118,0.950348001850976,8317.29500813802,44489.43154707193,senario_B
2025-08-27 06:00:00,53504.19286892361,0.9644896386729348,7733.964336751302,45769.26404253363,senario_B
2025-08-27 07:00:00,55629.88163845486,0.8854478124446339,6678.825872802734,48950.170317839686,senario_B
2025-08-27 08:00:00,56146.206018880206,1215.3235587155818,5689.754987792969,49241.127472371656,senario_B
2025-08-27 09:00:00,60562.996145833335,10175.38825032552,4021.870462646484,46365.73743286133,senario_B
2025-08-27 10:00:00,65247.82922092014,18232.459222547743,4006.9273067220056,43008.44269165039,senario_B
2025-08-27 11:00:00,68322.69938368055,22300.08359917535,4478.54553527832,41544.07024922688,senario_B
2025-08-27 12:00:00,70006.63424913194,23559.76048339844,4461.4605388387035,41985.413226894794,senario_B
2025-08-27 13:00:00,72184.85872829861,22837.432692599825,5717.257689208984,43630.1683464898,senario_B
2025-08-27 14:00:00,74531.28644965278,22676.058439670134,7444.2338354492185,44410.99417453343,senario_B
2025-08-27 15:00:00,76783.70475694444,22100.6789453125,9369.358180338542,45313.6676312934,senario_B
2025-08-27 16:00:00,78602.90794270833,21227.404867621528,9209.835017903646,48165.66805718315,senario_B
2025-08-27 17:00:00,80071.12636284722,19695.40105685764,12494.544532877604,47881.18077311198,senario_B
2025-08-27 18:00:00,80622.6712326389,18535.125594618057,15760.087835286455,46327.45780273438,senario_B
2025-08-27 19:00:00,78532.6284375,11941.860914171008,18891.49471354167,47699.27280978732,senario_B
2025-08-27 20:00:00,75805.35010416666,2646.513487955729,21990.56437174479,51168.27224446614,senario_B
2025-08-27 21:00:00,74149.45704427084,25.6081242125233,23232.300527343752,50891.54839271456,senario_B
2025-08-27 22:00:00,71520.35258680556,0.558647666407956,24579.948676757813,46939.84526238134,senario_B
2025-08-27 23:00:00,67943.73348524305,0.6343671488430765,26349.594625651043,41593.504492443164,senario_B
2025-08-28 00:00:00,64281.03777560764,0.5653356848160426,27452.508430989583,36827.964008933246,senario_B
2025-08-28 01:00:00,61010.767375217016,0.5020797471370962,27519.58968180338,33490.6756136665,senario_B
2025-08-28 02:00:00,58464.40426215278,0.6247382157378727,28376.748404947924,30087.031118989114,senario_B
2025-08-28 03:00:00,56875.3084375,0.7573675733142429,29262.816015624994,27611.735054301695,senario_B
2025-08-28 04:00:00,55876.788072916665,0.696413348995977,29449.114673665365,26426.976985902304,senario_B
2025-08-28 05:00:00,55533.88340494792,0.6982070625159476,29038.442373046877,26494.742824838526,senario_B
2025-08-28 06:00:00,56211.38440104167,0.699131328827805,28221.585631510417,27989.099638202424,senario_B
2025-08-28 07:00:00,57884.20541666666,0.9845355768832896,28338.855691731773,29544.365189358,senario_B
2025-08-28 08:00:00,58473.114420572914,1681.6030276086594,27420.98524088542,29370.526152078834,senario_B
2025-08-28 09:00:00,62727.15996744792,13878.52498155382,23443.093219401042,25405.54176649306,senario_B
2025-08-28 10:00:00,68751.1653732639,22707.462570529515,24472.549955240887,21571.15284749349,senario_B
2025-08-28 11:00:00,70982.53638020833,24748.827679036454,24162.527050374345,22071.18165079753,senario_B
2025-08-28 12:00:00,73367.7165234375,25884.207573784723,21237.965838216143,26245.543111436637,senario_B
2025-08-28 13:00:00,76489.43587673611,28012.95239583333,15855.192405598958,32621.291075303823,senario_B
2025-08-28 14:00:00,80227.45746961805,27258.74164767795,11017.29729288737,41951.41852905273,senario_B
2025-08-28 15:00:00,82737.39538194444,24974.371271158856,8972.016344401041,48791.007766384544,senario_B
2025-08-28 16:00:00,83592.17370659723,23655.23351779514,8631.338809407553,51305.60137939453,senario_B
2025-08-28 17:00:00,83409.68052083334,22295.523424479168,9575.212891438801,51538.94420491537,senario_B
2025-08-28 18:00:00,82737.08001302084,19918.779627278647,12202.291853027344,50616.00853271484,senario_B
2025-08-28 19:00:00,80464.61344184028,13810.980324435764,16132.082242838544,50521.550874565975,senario_B
2025-08-28 20:00:00,77361.94966145833,3148.136736212836,19101.805349934897,55112.0075753106,senario_B
2025-08-28 21:00:00,75378.92526909722,16.569780398441686,20233.16156901041,55129.193919688376,senario_B
2025-08-28 22:00:00,73180.0149826389,0.3305920444428921,23579.072208658854,49600.612181935605,senario_B
2025-08-28 23:00:00,69757.04340277778,0.2627892624338468,25961.621111653643,43795.15950186171,senario_B
2025-08-29 00:00:00,65063.38516059028,0.3095317066212495,24494.638642578127,40568.43698630553,senario_B
2025-08-29 01:00:00,61145.17468098959,0.4867243232164118,22133.278478190106,39011.40947847627,senario_B
2025-08-29 02:00:00,58734.28267578125,0.4435902163055208,19363.13051595052,39370.70856961443,senario_B
2025-08-29 03:00:00,57179.74329861111,0.5339824099342029,16374.059244791664,40805.15007140951,senario_B
2025-08-29 04:00:00,56299.24521267361,0.6277103892962138,14811.58310872396,41487.03439356036,senario_B
2025-08-29 05:00:00,55535.55571614584,0.7303580570220948,12873.863460286459,42660.961897802365,senario_B
2025-08-29 06:00:00,56272.80969184028,0.7417086242636045,12062.594523111979,44209.47346010404,senario_B
2025-08-29 07:00:00,57022.914522569445,0.8425377559661865,11912.363627929688,45109.708356883784,senario_B
2025-08-29 08:00:00,57515.0947016059,1006.103565088643,10499.466498209636,46009.52463830762,senario_B
2025-08-29 09:00:00,60845.29183376736,8663.438361816407,8799.341643066407,43382.51182888455,senario_B
2025-08-29 10:00:00,65487.139123263885,15011.54558485243,9160.738837890625,41314.85470052083,senario_B
2025-08-29 11:00:00,67838.46095269098,18300.038695746527,7345.083147379557,42193.3391095649,senario_B
2025-08-29 12:00:00,69290.48302734375,20359.846981336806,5230.774934082032,43699.86111192492,senario_B
2025-08-29 13:00:00,71790.24896701389,20782.816953125,4143.816358235677,46863.61565565321,senario_B
2025-08-29 14:00:00,74102.60750868055,21017.22618055556,4044.979850056966,49040.40147806802,senario_B
2025-08-29 15:00:00,76166.04294270833,20871.207085503476,4599.542479654948,50695.293377549904,senario_B
2025-08-29 16:00:00,76826.12100043402,19503.28535807292,6353.808999430338,50969.02664293077,senario_B
2025-08-29 17:00:00,76511.44319010417,17248.343816189237,9517.936839192707,49745.16253472222,senario_B
2025-08-29 18:00:00,75395.62279079862,13822.931729600694,12435.59340250651,49137.09765869142,senario_B
2025-08-29 19:00:00,73754.5983203125,8518.947481146919,13096.85869913737,52138.79214002822,senario_B
2025-08-29 20:00:00,71302.49974392362,1846.038853946262,14121.360859375,55335.10003060236,senario_B
2025-08-29 21:00:00,69558.08996527777,8.777048763202297,15911.632182617188,53637.680733897374,senario_B
2025-08-29 22:00:00,68015.9876388889,0.4482116297384103,15664.99740559896,52350.54202166019,senario_B
2025-08-29 23:00:00,64683.259865451386,0.5880463259998295,14437.324352213542,50245.347466911844,senario_B
2025-08-30 00:00:00,61654.06760633681,0.466760518045889,14788.322510986325,46865.27833483244,senario_B
2025-08-30 01:00:00,58732.53225260416,0.5289283239841461,13319.957978515624,45412.04534576455,senario_B
2025-08-30 02:00:00,56617.45156467014,0.5981614337199264,13024.83071818034,43592.02268505608,senario_B
2025-08-30 03:00:00,55124.675874565975,0.6227642992801137,13373.37319946289,41750.6799108038,senario_B
2025-08-30 04:00:00,53590.4827983941,0.676826273964511,12992.003001302084,40597.802970818055,senario_B
2025-08-30 05:00:00,52154.57351996528,0.6503855582575003,10846.245818074545,41307.677316332476,senario_B
2025-08-30 06:00:00,52242.440993923614,0.6814894358979331,10769.742036132811,41472.017468354905,senario_B
2025-08-30 07:00:00,52576.42159179688,0.7705321867929564,11112.427580566406,41463.223479043685,senario_B
2025-08-30 08:00:00,52595.11930989583,844.0593911584218,10278.541910807291,41472.51800793012,senario_B
2025-08-30 09:00:00,55738.18849826389,7080.174788411458,8983.74309733073,39674.2706125217,senario_B
2025-08-30 10:00:00,60108.91493706597,13303.53736328125,8359.201225585937,38446.17634819879,senario_B
2025-08-30 11:00:00,62460.052178819446,16481.33177517361,6202.639199625652,39776.081204020185,senario_B
2025-08-30 12:00:00,65797.19974826388,18938.640885416666,3676.630876668294,43181.927986178925,senario_B
2025-08-30 13:00:00,67743.22956163195,19511.18498806424,2868.514389139812,45363.530184427895,senario_B
2025-08-30 14:00:00,69032.35091145833,19714.583538411454,3225.590012105306,46092.17736094157,senario_B
2025-08-30 15:00:00,70566.63537543402,19386.774891493056,4412.536646321614,46767.323837619355,senario_B
2025-08-30 16:00:00,71546.73638020833,17775.857037760416,5995.195837809245,47775.68350463866,senario_B
2025-08-30 17:00:00,71691.17799262152,15651.374506293403,8334.209816894532,47705.59366943359,senario_B
2025-08-30 18:00:00,70756.42099392362,13105.971667751735,10179.412652180989,47471.03667399089,senario_B
2025-08-30 19:00:00,69144.73999131944,7650.007252061632,11784.781334635416,49709.95140462239,senario_B
2025-08-30 20:00:00,67348.30375868056,1618.876771350437,14228.440828450523,51500.986158879605,senario_B
2025-08-30 21:00:00,66206.6130577257,17.01232475736282,15097.304111328125,51092.29662164021,senario_B
2025-08-30 22:00:00,64233.44399739584,0.4801933963762389,13965.333304036456,50267.63049996301,senario_B
2025-08-30 23:00:00,61529.23773003472,0.4310930269956589,12913.528803710939,48615.27783329679,senario_B
2025-08-31 00:00:00,58945.98309678819,0.442606797615687,12695.6188087972,46249.92168119337,senario_B
2025-08-31 01:00:00,56679.02568142361,0.4376934410631656,11682.351500651042,44996.23648733151,senario_B
2025-08-31 02:00:00,54716.33292317709,0.456655267741945,9306.714500325521,45409.16176758383,senario_B
2025-08-31 03:00:00,52616.47975911458,0.5782238623334301,6842.157609456381,45773.74392579587,senario_B
2025-08-31 04:00:00,51271.86075954861,0.5841467667950524,5479.3996122233075,45791.87700055851,senario_B
2025-08-31 05:00:00,50572.383480902776,0.7018174265490638,4656.497703450521,45915.18396002571,senario_B
2025-08-31 06:00:00,50455.89702907986,0.728572725256284,3757.1943127441405,46697.97414361047,senario_B
2025-08-31 07:00:00,50762.49580295139,0.747013034886784,3782.121030680338,46979.62775923616,senario_B
2025-08-31 08:00:00,50631.770703125,517.4820724855529,3828.99191040039,46285.29672023906,senario_B
2025-08-31 09:00:00,53543.26421875,5600.539239908854,3072.8352575683593,44869.88972127279,senario_B
2025-08-31 10:00:00,57915.33361979167,10900.865907118055,4089.110043945313,42925.357668728306,senario_B
2025-08-31 11:00:00,60886.61549696181,14912.641032986112,5043.575012613933,40930.399451361765,senario_B
2025-08-31 12:00:00,62529.995434027776,17465.858853081598,4965.304533691406,40098.83204725477,senario_B
2025-08-31 13:00:00,64161.0273155382,18222.978513454866,4783.430203450521,41154.61859863281,senario_B
2025-08-31 14:00:00,65201.02591362847,17853.61404296875,5274.845631103515,42072.56623955621,senario_B
2025-08-31 15:00:00,66051.41709201389,15867.656827256944,7497.022347005208,42686.737917751736,senario_B
2025-08-31 16:00:00,66456.73268229167,14188.151420355904,10693.532393391926,41575.04886854383,senario_B
2025-08-31 17:00:00,66711.96404079862,12688.59024983724,11008.294876098633,43015.078914862745,senario_B
2025-08-31 18:00:00,66627.12888454861,9781.589641927085,12344.511247558596,44501.027995062934,senario_B
2025-08-31 19:00:00,65370.79613064236,6490.394805230035,12639.947462565106,46240.45386284722,senario_B
2025-08-31 20:00:00,63534.894126519095,1414.414560529921,12164.74846923828,49955.7310967509,senario_B
2025-08-31 21:00:00,62646.89100477431,4.130296259654893,10376.79856608073,52265.96214243393,senario_B
2025-08-31 22:00:00,61277.96548611111,0.5421231606271532,8476.400953776041,52801.02240917444,senario_B
2025-08-31 23:00:00,59099.59594184028,0.7783118083410793,6498.1332786051435,52600.6843514268,senario_B
2025-09-01 00:00:00,56173.21382161458,0.7106581667727895,4898.803411458333,51273.69975198947,senario_B
2025-09-01 01:00:00,53576.29360243055,0.550698559416665,3593.2772546386723,49982.465649232465,senario_B
2025-09-01 02:00:00,51830.99500217014,0.5506367680099276,2880.632449747722,48949.811915654405,senario_B
2025-09-01 03:00:00,50551.24951171875,0.632864720241891,2408.8583178710937,48141.75832912742,senario_B
2025-09-01 04:00:00,49626.63595920139,0.670980211397012,1620.0620785522456,48005.902900437744,senario_B
2025-09-01 05:00:00,49378.45095486111,0.7093020866976844,1412.6522982788088,47965.089354495605,senario_B
2025-09-01 06:00:00,49510.15247829861,0.7298475681742033,1541.8493141682943,47967.57331656214,senario_B
2025-09-01 07:00:00,49773.23519422743,0.7784887836707963,2102.0603700764977,47670.396335367266,senario_B
2025-09-01 08:00:00,50141.2072374132,944.63241352929,2882.5466353352863,46314.02818854862,senario_B
2025-09-01 09:00:00,54141.119320746526,9701.691896972656,2425.9318682861326,42013.49555548774,senario_B
2025-09-01 10:00:00,58967.8897265625,18312.94753689236,1134.3127941894531,39520.62939548068,senario_B
2025-09-01 11:00:00,61769.25566623264,19775.27564236111,2058.5901173909506,39935.389906480574,senario_B
2025-09-01 12:00:00,65652.19957465278,21120.88915581597,3747.0244392903646,40784.285979546454,senario_B
2025-09-01 13:00:00,67484.5486328125,21435.38785807292,4317.964075113932,41731.196699625645,senario_B
2025-09-01 14:00:00,69487.71845269097,21615.279303385418,5088.4936136881515,42783.9455356174,senario_B
2025-09-01 15:00:00,71039.89085069444,22288.374500868056,5418.218156331381,43333.29819349501,senario_B
2025-09-01 16:00:00,71979.30446614583,21156.27363064236,6180.706033528646,44642.32480197482,senario_B
2025-09-01 17:00:00,72301.18792534723,19449.339720052085,6787.455031738282,46064.39317355686,senario_B
2025-09-01 18:00:00,71938.26321614583,17263.099677734375,7880.404141235353,46794.7593971761,senario_B
2025-09-01 19:00:00,70883.65696614583,11161.851959364149,7016.385902913412,52705.41910386828,senario_B
2025-09-01 20:00:00,68651.21733506945,2640.660640190972,5745.044162190756,60265.51253268773,senario_B
2025-09-01 21:00:00,66907.95845486112,11.829108919534418,6370.996957194011,60525.13238874757,senario_B
2025-09-01 22:00:00,64925.78694010417,0.4911121104492081,7116.608139648437,57808.68768834528,senario_B
2025-09-01 23:00:00,61100.25052300347,0.5135955532557435,6418.976627197266,54680.76030025295,senario_B
2025-09-02 00:00:00,57339.1909483507,0.4734648777047793,6015.65716023763,51323.06032323537,senario_B
2025-09-02 01:00:00,54211.833715277775,0.4671309709880087,5224.356784871419,48987.00979943537,senario_B
2025-09-02 02:00:00,52199.21574869792,0.5725215545462238,4431.911607055664,47766.73162008771,senario_B
2025-09-02 03:00:00,51136.49197916667,0.556616713354985,3708.304021809896,47427.63134064341,senario_B
2025-09-02 04:00:00,50522.41245659722,0.4892597709099451,3190.5864656575523,47331.33673116876,senario_B
2025-09-02 05:00:00,50305.661215277774,0.5240894307692846,2982.8491530354813,47322.28797281152,senario_B
2025-09-02 06:00:00,50915.390028211805,12.66877618816164,2554.5849214172363,48348.13633060641,senario_B
2025-09-02 07:00:00,53208.43658203125,26.989941448635527,2204.5387154134114,50976.9079251692,senario_B
2025-09-02 08:00:00,53894.15865234375,1588.6920078701444,2284.840829264323,50020.625815209285,senario_B
2025-09-02 09:00:00,59186.82777994792,14077.508666992188,2098.5098786417643,43010.809234313965,senario_B
2025-09-02 10:00:00,64421.7502061632,24718.963111979167,1270.1578805541992,38432.62921362983,senario_B
2025-09-02 11:00:00,67601.46288194445,27145.08434461805,1926.0760171508791,38530.302520175515,senario_B
2025-09-02 12:00:00,69121.10963975695,27283.27083333333,3481.8143768310547,38356.024429592566,senario_B
2025-09-02 13:00:00,71842.435546875,26152.485963541665,5426.4862927246095,40263.46329060873,senario_B
2025-09-02 14:00:00,73735.71821614583,25317.038096788197,6375.383687744141,42043.2964316135,senario_B
2025-09-02 15:00:00,75744.7227734375,24547.48907769097,7144.924333496094,44052.30936225044,senario_B
2025-09-02 16:00:00,76364.23755642361,24200.79793185764,8927.537003580728,43235.902620985245,senario_B
2025-09-02 17:00:00,76373.3417361111,24182.022791341147,9612.087215372721,42579.23172939723,senario_B
2025-09-02 18:00:00,76300.04404079862,21668.937916666662,10394.715057779948,44236.39106635201,senario_B
2025-09-02 19:00:00,75263.10804253472,13859.239077690972,9975.1359765625,51428.73298828124,senario_B
2025-09-02 20:00:00,73960.65282552084,2866.1225322638616,9832.668494873047,61261.86179838393,senario_B
2025-09-02 21:00:00,71534.43194444444,6.815602089613676,10417.383220825195,61110.23312152963,senario_B
2025-09-02 22:00:00,68634.91022786459,0.3627518141849173,11433.13721516927,57201.41026088113,senario_B
2025-09-02 23:00:00,65235.0406640625,0.240651546832588,12401.601519368489,52833.19849314718,senario_B
2025-09-03 00:00:00,60912.91972873264,0.4282178398470084,10757.509012044271,50154.98249884852,senario_B
2025-09-03 01:00:00,57412.44411241319,0.4846044271025392,8144.386936238607,49267.572571747485,senario_B
2025-09-03 02:00:00,55012.04013237848,0.5583052799767918,6089.284848022461,48922.19697907604,senario_B
2025-09-03 03:00:00,53406.85962890625,0.5821693606343534,4520.714363606772,48885.56309593884,senario_B
2025-09-03 04:00:00,52420.56385199653,0.47511344820261,3793.327729899089,48626.76100864924,senario_B
2025-09-03 05:00:00,51986.383168402775,0.5071581035686864,2904.962690429688,49080.91331986952,senario_B
2025-09-03 06:00:00,52789.12723958334,0.5521933136052556,2534.9899335734053,50253.585112696324,senario_B
2025-09-03 07:00:00,54636.73001953125,0.6529057019121117,2328.8829559326173,52307.194157896716,senario_B
2025-09-03 08:00:00,54955.16587456597,1768.1769677291977,2225.9072552490234,50961.08165158775,senario_B
2025-09-03 09:00:00,60076.16081814236,14903.809927300346,1770.1283368937175,43402.2225539483,senario_B
2025-09-03 10:00:00,65875.8280750868,24824.05275390625,1034.3267995198566,40017.4485216607,senario_B
2025-09-03 11:00:00,67955.48981770834,27333.48873046875,1419.2908589680992,39202.71022827149,senario_B
2025-09-03 12:00:00,68524.92614583333,27066.56582248264,1883.2394514973957,39575.1208718533,senario_B
2025-09-03 13:00:00,71607.80915364584,26923.863565538195,2063.550330810547,42620.395257297096,senario_B
2025-09-03 14:00:00,74309.22030381944,27531.438159722224,2001.566063639323,44776.216080457896,senario_B
2025-09-03 15:00:00,76136.97059027778,27542.52975802952,2328.9678627522785,46265.47296949598,senario_B
2025-09-03 16:00:00,75879.67726996528,27159.83698513455,2991.735912577311,45728.10437225342,senario_B
2025-09-03 17:00:00,76626.99383246528,25657.52573133681,3289.0491684977214,47680.418932630746,senario_B
2025-09-03 18:00:00,76496.89124131945,23133.600946180555,3297.179540608724,50066.11075453017,senario_B
2025-09-03 19:00:00,75565.70210069444,14129.828889431425,3773.3852201334635,57662.48799112955,senario_B
2025-09-03 20:00:00,73236.25088541667,2240.4690273284914,5588.769237874349,65407.01262021382,senario_B
2025-09-03 21:00:00,71470.38072048611,2.986854413880242,9204.722055664062,62262.671810408174,senario_B
2025-09-03 22:00:00,68388.26852864583,0.3039317288829221,12132.39431233724,56255.57028457971,senario_B
2025-09-03 23:00:00,63823.284216579865,0.2485861259864436,14628.6062890625,49194.429341391384,senario_B
2025-09-04 00:00:00,59620.36742838542,0.2534212575314774,17438.253025309245,42181.86098181864,senario_B
2025-09-04 01:00:00,55755.76290690104,0.3097253506051169,19094.817471516926,36660.635710033515,senario_B
2025-09-04 02:00:00,53355.08594618055,0.3430665984749794,20677.73502441406,32677.007855168013,senario_B
2025-09-04 03:00:00,52031.78127278646,0.3404098462727334,21304.923398844403,30726.517464095785,senario_B
2025-09-04 04:00:00,50562.71794270833,0.3207822185423639,20321.54904622396,30240.848114265827,senario_B
2025-09-04 05:00:00,50294.55683159722,0.3234624200397067,19122.855763346357,31171.37760583082,senario_B
2025-09-04 06:00:00,51025.44632378472,0.3251675657431284,18172.11586263021,32853.005293588765,senario_B
2025-09-04 07:00:00,52441.90953125,0.4081889556845029,18265.80665690104,34175.694685393275,senario_B
2025-09-04 08:00:00,53404.86385091146,1790.542772759464,18046.957620035806,33567.36345811619,senario_B
2025-09-04 09:00:00,58396.82426649306,14648.70060546875,16052.614407552082,27695.509253472224,senario_B
2025-09-04 10:00:00,61947.01080078125,25137.27871961805,10188.472137044271,26621.25994411893,senario_B
2025-09-04 11:00:00,65162.051875,27774.929652777777,9017.21262858073,28369.90959364149,senario_B
2025-09-04 12:00:00,67911.91520399305,28381.075874565973,8353.415738932292,31177.423590494785,senario_B
2025-09-04 13:00:00,72420.03588107639,28279.04508680556,7164.539970703125,36976.4508235677,senario_B
2025-09-04 14:00:00,75956.8583810764,28614.788313802084,6726.871600748697,40615.19846652562,senario_B
2025-09-04 15:00:00,77207.25583333333,28669.29338107639,6507.743723958332,42030.218728298605,senario_B
2025-09-04 16:00:00,78510.42235243056,28148.17899305556,7182.022548828127,43180.22081054687,senario_B
2025-09-04 17:00:00,79662.36220486111,27181.45281684028,8428.590165201822,44052.31922281902,senario_B
2025-09-04 18:00:00,80143.05635416666,23803.516684027774,9470.822960611978,46868.71670952691,senario_B
2025-09-04 19:00:00,79375.22944444444,13672.102378472222,11179.778911132813,54523.348154839405,senario_B
2025-09-04 20:00:00,77190.3365798611,1765.268498694102,13713.920280761718,61711.147800405284,senario_B
2025-09-04 21:00:00,75178.10828993056,0.9953477048542764,19493.798632812497,55683.31430941321,senario_B
2025-09-04 22:00:00,72521.21020833333,0.2215695164435439,24703.323710937497,47817.664927879385,senario_B
2025-09-04 23:00:00,68498.53272569444,0.200168759226799,28390.392506510412,40107.940050424804,senario_B
2025-09-05 00:00:00,64790.09002170139,0.238986241635349,30063.23170247396,34726.61933298579,senario_B
2025-09-05 01:00:00,60933.26919704861,0.3638123100002606,32104.27329752604,28828.63208721257,senario_B
2025-09-05 02:00:00,58413.23069878472,0.493577990680933,32721.16153971354,25691.5755810805,senario_B
2025-09-05 03:00:00,56718.37829861111,0.5244776709212198,31599.581100260417,25118.27272067977,senario_B
2025-09-05 04:00:00,56110.90695746528,0.3778568241993586,30735.75446614583,25374.774634495254,senario_B
2025-09-05 05:00:00,55636.78104600695,0.3233156001898977,29793.766992187502,25842.690738219262,senario_B
2025-09-05 06:00:00,55777.446549479166,0.3119451553622882,28048.098294270843,27729.036310052958,senario_B
2025-09-05 07:00:00,56774.20261284722,0.3735485682553715,25889.665201822914,30884.16386245605,senario_B
2025-09-05 08:00:00,56929.66063802083,1267.8745118755764,23342.082724609376,32319.70340153588,senario_B
2025-09-05 09:00:00,59129.52683159722,8784.334496527777,17854.137499999997,32491.054835069444,senario_B
2025-09-05 10:00:00,63504.86571180556,14578.519192708334,14905.161044921873,34021.185474175356,senario_B
2025-09-05 11:00:00,67464.08624565972,16745.444849175346,14388.140927734374,36330.500468750004,senario_B
2025-09-05 12:00:00,70040.84527777777,18606.639346788197,13219.311160481771,38214.8947705078,senario_B
2025-09-05 13:00:00,74028.700390625,19766.47165147569,12509.546155598957,41752.682583550355,senario_B
2025-09-05 14:00:00,77681.9661111111,21827.400397135418,13163.478694661459,42691.08701931423,senario_B
2025-09-05 15:00:00,78794.42631944445,21628.181867404517,15756.40261393229,41409.84183810764,senario_B
2025-09-05 16:00:00,79539.4172048611,20178.89458984375,19557.35351888021,39803.16909613715,senario_B
2025-09-05 17:00:00,79227.66786458333,17619.462172309028,20896.737220052084,40711.46847222222,senario_B
2025-09-05 18:00:00,78704.64197048612,12920.349465060764,19036.405763346356,46747.886742079005,senario_B
2025-09-05 19:00:00,77168.14336805555,5533.828667127821,18770.988361002605,52863.32633992513,senario_B
2025-09-05 20:00:00,74457.10884548612,503.0431160916223,18589.18753255208,55364.878196842415,senario_B
2025-09-05 21:00:00,72762.84683159723,0.6654178941622376,20369.686310221357,52392.495103481706,senario_B
2025-09-05 22:00:00,69885.05230034722,0.4032028571267922,21247.82573404948,48636.82336344062,senario_B
2025-09-05 23:00:00,66279.751171875,0.4600234550403224,21633.991645507813,44645.299502912145,senario_B
2025-09-06 00:00:00,62078.09269097223,0.53567607200808,20619.85592610677,41457.70108879345,senario_B
2025-09-06 01:00:00,59272.04417534722,0.488527221514119,18148.98505045573,41122.57059766998,senario_B
2025-09-06 02:00:00,56882.4582421875,0.6170434648791949,16429.983361002603,40451.85783772002,senario_B
2025-09-06 03:00:00,54379.483046875,0.6652392848994997,14240.851956380207,40137.9658512099,senario_B
2025-09-06 04:00:00,53193.22205729166,0.6578108463022444,12864.419130859376,40328.14511558598,senario_B
2025-09-06 05:00:00,52195.08994791667,0.6270328683654467,12225.576394856771,39968.88652019153,senario_B
2025-09-06 06:00:00,51770.95881510417,0.6813024127483368,11655.482163085937,40114.79534960548,senario_B
2025-09-06 07:00:00,51632.774505208334,0.7336831550134553,10657.826897786459,40974.21392426686,senario_B
2025-09-06 08:00:00,52407.38949652778,255.2880518284109,10397.001489257811,41755.09995544156,senario_B
2025-09-06 09:00:00,53488.93359375,2147.5716705322266,9393.73977376302,41947.62214945475,senario_B
2025-09-06 10:00:00,56564.15015625,5516.873052300347,8074.037378743489,42973.239725206164,senario_B
2025-09-06 11:00:00,59862.13935329861,9701.543936631944,6432.844005533854,43727.751411132806,senario_B
2025-09-06 12:00:00,62526.35672309028,12763.179382595486,4594.192089843749,45168.985250651036,senario_B
2025-09-06 13:00:00,63606.70999131945,15401.517981770834,3696.6741573079435,44508.51785224067,senario_B
2025-09-06 14:00:00,64129.36793402778,17844.842421875,4160.0036551920575,42124.521856960724,senario_B
2025-09-06 15:00:00,64840.75027777778,18724.64558810764,4585.641481933593,41530.463207736546,senario_B
2025-09-06 16:00:00,65430.24980034722,17183.69924153646,4103.785017089844,44142.76554172092,senario_B
2025-09-06 17:00:00,65847.71371527777,13619.796019965275,4673.191681315104,47554.726013997395,senario_B
2025-09-06 18:00:00,65839.99382378472,11004.62095811632,5702.588833007812,49132.784032660595,senario_B
2025-09-06 19:00:00,64427.60714409722,6402.305074869792,6586.411328938802,51438.890740288625,senario_B
2025-09-06 20:00:00,62513.22893229167,894.6359695572323,7081.086898600261,54537.50606413418,senario_B
2025-09-06 21:00:00,61368.75116319444,0.7628645084301631,7267.049973144531,54100.93832554148,senario_B
2025-09-06 22:00:00,59954.27944878472,0.3648776901927259,7508.1303230794265,52445.7842480151,senario_B
2025-09-06 23:00:00,57465.39903645834,0.482448052432802,7500.270953776042,49964.645634629866,senario_B
2025-09-07 00:00:00,54990.64617621528,0.5277581424183315,6754.021770019532,48236.09664805334,senario_B
2025-09-07 01:00:00,52856.08100694444,0.5296674178375138,6455.729691162109,46399.821648364494,senario_B
2025-09-07 02:00:00,51088.16634114584,0.5986235485639837,5917.515422770182,45170.052294827095,senario_B
2025-09-07 03:00:00,50033.332803819445,0.6789636667569479,5541.558155924479,44491.0956842282,senario_B
2025-09-07 04:00:00,48655.28502170139,0.6747385278675291,4877.339178873698,43777.27110429983,senario_B
2025-09-07 05:00:00,47862.819405381946,0.6950743046734068,4509.075524088542,43353.04880698873,senario_B
2025-09-07 06:00:00,47651.06550347222,0.7150526276230812,4502.135888264975,43148.214562579626,senario_B
2025-09-07 07:00:00,48022.15121527778,0.755128146343761,4258.527533772786,43762.86855335865,senario_B
2025-09-07 08:00:00,48230.72228732639,494.5627357305421,4801.714665934244,42934.4448856616,senario_B
2025-09-07 09:00:00,50185.96805989584,4369.312969292535,3890.4279703776033,41926.227120225696,senario_B
2025-09-07 10:00:00,55023.5589702691,9465.625700683591,3509.6449656168616,42048.28830396865,senario_B
2025-09-07 11:00:00,57699.13292534722,13200.0163671875,3710.9694807942706,40788.14707736545,senario_B
2025-09-07 12:00:00,60599.02664930555,17929.287915581597,3877.6390661621103,38792.099667561844,senario_B
2025-09-07 13:00:00,59489.32403211806,20597.04122829861,4027.5335534667965,34864.749250352645,senario_B
2025-09-07 14:00:00,57902.38798611111,20520.53226996528,4488.021647542318,32893.834068603515,senario_B
2025-09-07 15:00:00,59122.32044270833,19125.367313368057,5155.386956380208,34841.56617296007,senario_B
2025-09-07 16:00:00,60810.712799479166,16570.471698133682,5511.11315307617,38729.12794826931,senario_B
2025-09-07 17:00:00,61863.89230034722,15598.287316623264,7888.581556803386,38377.02342692057,senario_B
2025-09-07 18:00:00,62442.183524305554,14200.23462565104,8956.927661132813,39285.02123752171,senario_B
2025-09-07 19:00:00,61834.53030381945,8901.006413845485,10098.571391601563,42834.9524983724,senario_B
2025-09-07 20:00:00,61312.52161024306,1737.4040493096245,11600.130822753907,47974.98673817953,senario_B
2025-09-07 21:00:00,60770.11016927083,27.92724376618862,14045.460886230469,46696.72203927418,senario_B
2025-09-07 22:00:00,59081.35758246528,0.4354944211244583,17238.782135416666,41842.13995262749,senario_B
2025-09-07 23:00:00,56156.07033420139,0.4934882443481021,19710.150900065106,36445.42594589193,senario_B
2025-09-08 00:00:00,52968.062265625,0.6360606914427546,19210.508336588544,33756.91786834501,senario_B
2025-09-08 01:00:00,50053.63430121528,0.6915052196714613,18110.692337239583,31942.250458756025,senario_B
2025-09-08 02:00:00,48352.74029947917,0.8159594434499741,16694.455908203126,31657.468431832596,senario_B
2025-09-08 03:00:00,47446.20881510417,0.8254006062613594,15971.335566406251,31474.047848091654,senario_B
2025-09-08 04:00:00,46493.69516927083,0.7651921896802054,15095.785572916666,31397.144404164483,senario_B
2025-09-08 05:00:00,46442.27412760416,0.6769987010293537,14528.494541015625,31913.10258788751,senario_B
2025-09-08 06:00:00,47780.125703125,0.7115713560581207,13395.207166341144,34384.2069654278,senario_B
2025-09-08 07:00:00,49796.40251302083,0.7794878548052576,13361.188196614581,36434.43482855144,senario_B
2025-09-08 08:00:00,50049.25350694444,1192.2333418198427,13494.839073893228,35362.181091231374,senario_B
2025-09-08 09:00:00,51921.27490451389,9880.457215711804,11866.120419108072,30174.697269694017,senario_B
2025-09-08 10:00:00,56133.47738715278,18918.294467230902,11605.74381673177,25609.439103190107,senario_B
2025-09-08 11:00:00,60245.49684461806,24570.00943359375,11730.668673502605,23944.818737521706,senario_B
2025-09-08 12:00:00,60938.31788194445,26856.43062934028,10274.773287760418,23807.11396484375,senario_B
2025-09-08 13:00:00,61715.64679253472,27792.71576171875,10069.238013509115,23853.693017306847,senario_B
2025-09-08 14:00:00,64240.64256076389,27895.48105251736,10912.805885416667,25432.355622829862,senario_B
2025-09-08 15:00:00,66138.72548611111,27884.217847222222,11278.497733561198,26976.009905327694,senario_B
2025-09-08 16:00:00,68388.89690104166,27513.927506510416,11779.493056640626,29095.47633789062,senario_B
2025-09-08 17:00:00,69947.63098090277,26912.207445746528,11904.750227864584,31130.67330729166,senario_B
2025-09-08 18:00:00,70135.41564236111,24168.61593532986,12490.543915201823,33476.25579182943,senario_B
2025-09-08 19:00:00,68554.91096354167,14048.303840060764,13226.815880533853,41279.79124294705,senario_B
2025-09-08 20:00:00,65733.37802517362,2114.718460682763,14180.70980957031,49437.94975492054,senario_B
2025-09-08 21:00:00,63820.03709201389,1.1875331620044178,17450.655006510417,46368.19455234147,senario_B
2025-09-08 22:00:00,61122.232083333336,0.3573446806106302,22360.203064778645,38761.67167387408,senario_B
2025-09-08 23:00:00,56844.934782986114,0.2924276982744535,25646.158916015625,31198.483439272215,senario_B
2025-09-09 00:00:00,52895.0558984375,0.2881060967180464,25875.25478515625,27019.513007184534,senario_B
2025-09-09 01:00:00,49984.11833333333,0.3567542971173922,25227.57081705729,24756.190761978927,senario_B
2025-09-09 02:00:00,47840.78256510416,0.4731328959431913,24362.32540690104,23477.98402530717,senario_B
2025-09-09 03:00:00,46603.50353298611,0.4030214406881067,23881.912843424478,22721.187668120947,senario_B
2025-09-09 04:00:00,45556.23067708333,0.3654174690445264,23900.75126464844,21655.113994965846,senario_B
2025-09-09 05:00:00,45230.799032118055,0.4229869589043988,22344.788029785155,22885.588015373996,senario_B
2025-09-09 06:00:00,46314.28030381945,0.6165618033872711,21365.920154622396,24947.743587393667,senario_B
2025-09-09 07:00:00,48638.21328559028,0.5884191737903489,21190.63604654948,27446.98881986701,senario_B
2025-09-09 08:00:00,49567.37893663195,1619.6549694146051,19269.06933919271,28678.654628024637,senario_B
2025-09-09 09:00:00,51821.49005208333,14575.452466227214,14549.44261372884,22696.594972127277,senario_B
2025-09-09 10:00:00,57348.70358940972,26041.477484809027,11150.408174641927,20156.817929958765,senario_B
2025-09-09 11:00:00,58852.37781684028,28399.564401041665,11230.209302571613,19222.604113227,senario_B
2025-09-09 12:00:00,59534.210525173614,29436.171571180555,9647.633950195313,20450.405003797743,senario_B
2025-09-09 13:00:00,61840.403812934026,29503.08663357205,8470.641408487956,23866.67577087402,senario_B
2025-09-09 14:00:00,64932.7754296875,29441.447805989585,8286.493460286458,27204.834163411455,senario_B
2025-09-09 15:00:00,67878.48189236112,29295.916742621528,9910.476853027343,28672.088296712245,senario_B
2025-09-09 16:00:00,70645.80690104167,29265.446293402776,12773.767931315106,28606.592676323784,senario_B
2025-09-09 17:00:00,72524.62461805556,28189.45511501736,15973.074685872394,28362.094817165802,senario_B
2025-09-09 18:00:00,72601.67197916667,24331.60535590278,19998.46015625,28271.60646701389,senario_B
2025-09-09 19:00:00,70762.0950607639,13333.68310655382,23270.857711588542,34157.55424262153,senario_B
2025-09-09 20:00:00,67621.51094618056,1638.752675625086,24786.721396484376,41196.03687407109,senario_B
2025-09-09 21:00:00,65341.06049479167,0.2596789911720488,24509.51071126302,40831.29010453748,senario_B
2025-09-09 22:00:00,62479.29951388889,0.3928850041660998,26659.58067057292,35819.325958311805,senario_B
2025-09-09 23:00:00,58356.53830295139,0.3846385188731882,28725.48551432292,29630.668150109595,senario_B
2025-09-10 00:00:00,54216.7775,0.4133067275583744,29499.288470052074,24717.07572322036,senario_B
2025-09-10 01:00:00,51349.04387586805,0.3647447495990329,30204.578649088544,21144.100482029906,senario_B
2025-09-10 02:00:00,49310.07336805556,0.3852903982334666,30350.488811848958,18959.199265808365,senario_B
2025-09-10 03:00:00,48259.55430989584,0.5165690576699045,30278.4187890625,17980.61895177567,senario_B
2025-09-10 04:00:00,47208.37342881945,0.4846029528313212,29529.205218098956,17678.683607767656,senario_B
2025-09-10 05:00:00,46489.67499131944,0.6428685970107715,28082.731435546877,18406.300687175557,senario_B
2025-09-10 06:00:00,47155.76751736111,0.6262910275657971,24509.19755371094,22645.943672622605,senario_B
2025-09-10 07:00:00,49331.06214735243,0.6643180126117335,20619.848463134764,28710.549366205054,senario_B
2025-09-10 08:00:00,50097.354296875,1594.5148812525802,17426.595955403645,31076.24346021877,senario_B
2025-09-10 09:00:00,52512.5220703125,14461.18935872396,12428.047848307293,25623.284863281246,senario_B
2025-09-10 10:00:00,57576.63491753472,25303.32862196181,8922.803273925781,23350.503021647128,senario_B
2025-09-10 11:00:00,61075.53056423611,27696.59077690972,10868.39874593099,22510.541041395405,senario_B
2025-09-10 12:00:00,62824.63916666667,28359.891178385416,10182.223389485676,24282.52459879557,senario_B
2025-09-10 13:00:00,65338.99762152778,28521.584715711804,10029.114121907553,26788.298783908424,senario_B
2025-09-10 14:00:00,68598.35889756944,28729.020419921875,11659.008587239583,28210.32989040799,senario_B
2025-09-10 15:00:00,72256.061484375,28806.96588107639,14304.330581054686,29144.76502224391,senario_B
2025-09-10 16:00:00,75147.44619791667,28461.34864583333,16894.588893229167,29791.50865885417,senario_B
2025-09-10 17:00:00,77302.25739583334,27401.775501302083,19999.943916015625,29900.537978515633,senario_B
2025-09-10 18:00:00,77248.20366319445,23941.494129774303,22272.614765625,31034.094767795144,senario_B
2025-09-10 19:00:00,75089.54086805556,13731.104940863715,23301.085110677086,38057.35081651475,senario_B
2025-09-10 20:00:00,70860.57275173611,1851.6580636180768,22156.190551757816,46852.72413636022,senario_B
2025-09-10 21:00:00,67975.19691840278,0.2737132982247405,23312.02623860677,44662.896966497785,senario_B
2025-09-10 22:00:00,65466.459084201386,0.3182059189180533,26362.71499674479,39103.425881537674,senario_B
2025-09-10 23:00:00,61779.15282986111,0.2871618034276697,28505.724645182294,33273.14102287539,senario_B
2025-09-11 00:00:00,57719.69445746528,0.2090909566978613,28785.364215494796,28934.121151013787,senario_B
2025-09-11 01:00:00,54683.587239583336,0.2628949821657604,28629.879534505206,26053.444810095963,senario_B
2025-09-11 02:00:00,53365.56189236111,0.3711491734948423,27639.871070963534,25725.319672224083,senario_B
2025-09-11 03:00:00,51395.6919921875,0.3455874897705184,28159.839140625,23235.50726407273,senario_B
2025-09-11 04:00:00,49966.63388997396,0.4309004980822404,27552.39696695964,22413.806022516233,senario_B
2025-09-11 05:00:00,49121.39717881945,0.4985227736582359,26104.18819010417,23016.710465941615,senario_B
2025-09-11 06:00:00,50026.59918511285,99.45484098215898,24084.115430094404,25843.028914036287,senario_B
2025-09-11 07:00:00,52107.917404513886,158.30447526719834,21541.566049804685,30408.046879442,senario_B
2025-09-11 08:00:00,52828.49985677083,1410.7439175213708,18901.094550781247,32516.661388468212,senario_B
2025-09-11 09:00:00,56085.26452256944,14034.396567382812,14720.900135498046,27329.967819688583,senario_B
2025-09-11 10:00:00,61096.09676215277,24596.14634548611,10473.67918294271,26026.27123372395,senario_B
2025-09-11 11:00:00,63495.40154079861,26813.59529513889,12018.529052734375,24663.277192925343,senario_B
2025-09-11 12:00:00,66065.18073784723,27820.64557074653,11142.458277994792,27102.07688910591,senario_B
2025-09-11 13:00:00,69755.58861979167,27466.147482638888,8245.229013671875,34044.21212348091,senario_B
2025-09-11 14:00:00,73587.74253472222,27390.058828125,8364.46184407552,37833.2218625217,senario_B
2025-09-11 15:00:00,75969.32930555556,27038.2572265625,11568.201665039061,37362.87041395399,senario_B
2025-09-11 16:00:00,78351.61876736111,27204.799422743057,14300.97494140625,36845.8444032118,senario_B
2025-09-11 17:00:00,79209.26075520834,26376.99937934028,17439.48565266927,35392.77572319878,senario_B
2025-09-11 18:00:00,78766.80125868056,23902.45214626736,19574.370112304685,35289.97900010851,senario_B
2025-09-11 19:00:00,76445.09303819445,13802.45217936198,21482.169532877604,41160.471325954866,senario_B
2025-09-11 20:00:00,73419.020390625,1710.7143353214528,21697.738572591144,50010.5674827124,senario_B
2025-09-11 21:00:00,71101.62802951389,0.6431483061114946,23565.76257161458,47535.222309593184,senario_B
2025-09-11 22:00:00,68199.471171875,0.4092150264978408,27585.16828125,40613.89367559851,senario_B
2025-09-11 23:00:00,64429.77859375,0.3795299648576312,29387.374830729168,35042.02423305598,senario_B
2025-09-12 00:00:00,60431.52347005208,0.4627569873299864,29310.139494628904,31120.92121843585,senario_B
2025-09-12 01:00:00,56917.53800347223,0.4267198339435789,28201.848492838544,28715.262790799745,senario_B
2025-09-12 02:00:00,54553.623020833336,0.5862285067968899,27493.52923177083,27059.507560555707,senario_B
2025-09-12 03:00:00,52666.139813368056,0.3150402685172028,25761.356643880208,26904.468129219327,senario_B
2025-09-12 04:00:00,51922.85129774306,0.3446774470806122,24482.116271158855,27440.390349137124,senario_B
2025-09-12 05:00:00,51290.2026421441,0.5138254797955354,24045.12247070312,27244.566345961182,senario_B
2025-09-12 06:00:00,51398.10020399305,0.6141323615113894,23240.902197265623,28156.583874365922,senario_B
2025-09-12 07:00:00,53169.258125,0.8397024078170459,21981.406212565103,31187.012210027082,senario_B
2025-09-12 08:00:00,53928.44940538194,1384.8066033349437,20465.136116536458,32078.50668551054,senario_B
2025-09-12 09:00:00,57186.373129340274,13958.027274305556,16262.859016927083,26965.486838107638,senario_B
2025-09-12 10:00:00,64011.046171875,25208.260792100693,14986.363079427083,23816.422300347225,senario_B
2025-09-12 11:00:00,66936.99342881945,26844.778734809028,16897.303653971354,23194.911040039067,senario_B
2025-09-12 12:00:00,69419.04900173612,26460.486727430554,18138.622434895835,24819.939839409722,senario_B
2025-09-12 13:00:00,72257.63725694445,27081.01475640191,17240.19614420573,27936.426356336808,senario_B
2025-09-12 14:00:00,75234.87255642361,27178.218512912328,17144.069897867837,30912.584145643446,senario_B
2025-09-12 15:00:00,77549.90864149305,26340.71569607205,18592.647351888023,32616.54559353298,senario_B
2025-09-12 16:00:00,78483.60671875,26154.87852647569,21108.465621744792,31220.26257052952,senario_B
2025-09-12 17:00:00,79272.72000868055,24940.47279947917,23082.826951497394,31249.42025770399,senario_B
2025-09-12 18:00:00,79112.57310763889,21787.344635416663,25414.885330403646,31910.34314181858,senario_B
2025-09-12 19:00:00,76468.69297743056,12146.641259765624,26987.998125,37334.05359266494,senario_B
2025-09-12 20:00:00,72830.02962673611,1447.1292000968174,25735.970724283852,45646.92970235544,senario_B
2025-09-12 21:00:00,70168.52452256944,0.2739255375497871,25526.72403320312,44641.52656382877,senario_B
2025-09-12 22:00:00,67412.62001736111,0.3827167718940311,29480.053694661452,37932.18360592776,senario_B
2025-09-12 23:00:00,64438.65327256944,0.4072970657547315,33227.80849934896,31210.437476154722,senario_B
2025-09-13 00:00:00,61000.228424479166,0.4308638520869944,34683.74279622396,26316.054764403118,senario_B
2025-09-13 01:00:00,57440.20789930556,0.3764229381332795,33684.145823567706,23755.685652799722,senario_B
2025-09-13 02:00:00,55093.57872395834,0.484587718281481,31992.31543619791,23100.778700042145,senario_B
2025-09-13 03:00:00,52687.330842013886,0.512249385813872,31090.716272786456,21596.102319841615,senario_B
2025-09-13 04:00:00,50853.363324652775,0.5243749031755659,29725.967949218757,21126.871000530846,senario_B
2025-09-13 05:00:00,49508.002356770834,0.6343340897228983,27197.400146484375,22309.967876196737,senario_B
2025-09-13 06:00:00,49590.627494574655,0.7190239872617854,24388.216922200518,25201.691548386872,senario_B
2025-09-13 07:00:00,49873.50494791667,0.6881241748730341,21995.70812825521,27877.10869548659,senario_B
2025-09-13 08:00:00,50219.33940104167,1341.201052814126,19389.03430338542,29489.104044842123,senario_B
2025-09-13 09:00:00,54025.00200086806,13113.747020399303,15230.524052734374,25680.730927734385,senario_B
2025-09-13 10:00:00,60774.05555121528,23555.734296875,14851.823287760417,22366.49796657986,senario_B
2025-09-13 11:00:00,65332.9841015625,25656.565407986112,19179.869918619792,20496.548774956595,senario_B
2025-09-13 12:00:00,67173.37505208333,26368.010225694445,20657.969235026045,20147.395591362838,senario_B
2025-09-13 13:00:00,69853.70373263888,26369.28692057292,21161.62637858073,22322.79043348523,senario_B
2025-09-13 14:00:00,72136.456796875,25480.808472222223,21400.336935221352,25255.311389431427,senario_B
2025-09-13 15:00:00,74233.94227430556,24247.03301432292,22401.26587402344,27585.6433859592,senario_B
2025-09-13 16:00:00,75879.13787326388,22277.554641927083,23459.160509440102,30142.4227218967,senario_B
2025-09-13 17:00:00,76696.12581597222,21013.27154079861,24584.416778971354,31098.437496202256,senario_B
2025-09-13 18:00:00,75773.22001519098,17772.140668945314,22576.434784342444,35424.64456190322,senario_B
2025-09-13 19:00:00,72981.65524305556,8598.371378851996,21397.962207031247,42985.32165717232,senario_B
2025-09-13 20:00:00,69177.84346354166,569.9896049836112,21288.55709798177,47319.29676057628,senario_B
2025-09-13 21:00:00,67049.98139756944,0.2781760824802849,23450.736845703126,43598.96637578383,senario_B
2025-09-13 22:00:00,64184.31620225695,0.3304759534200032,24257.051580403648,39926.93414589988,senario_B
2025-09-13 23:00:00,61727.614839409725,0.4257780223257011,27398.69449869792,34328.49456268948,senario_B
2025-09-14 00:00:00,58854.99878472222,0.4060978516936302,29283.099218749994,29571.493468120534,senario_B
2025-09-14 01:00:00,55670.79000434028,0.469126851045423,29644.820817057298,26025.500060431936,senario_B
2025-09-14 02:00:00,53409.256766493054,0.5077806029717128,27273.165947265617,26135.583038624463,senario_B
2025-09-14 03:00:00,52377.86477539063,0.4098480125185516,24159.974555664063,28217.480371714053,senario_B
2025-09-14 04:00:00,50674.20197482639,0.561477551360925,21482.812387695314,29190.828109579717,senario_B
2025-09-14 05:00:00,48779.19944878472,0.6449505500661002,17964.26139160156,30814.293106633093,senario_B
2025-09-14 06:00:00,48243.6282421875,0.6218311904205216,16277.759340820314,31965.247070176763,senario_B
2025-09-14 07:00:00,48204.372834201386,0.616392950879203,14777.6044905599,33426.15195069061,senario_B
2025-09-14 08:00:00,48686.27717881944,1071.9213065253364,13218.697202148438,34395.65867014566,senario_B
2025-09-14 09:00:00,52973.77631076389,10559.269251302085,12910.988302408856,29503.518757052945,senario_B
2025-09-14 10:00:00,59365.06462239583,19477.172180989583,13657.257208658857,26230.635232747394,senario_B
2025-09-14 11:00:00,64064.881015625,23030.8592578125,17964.642708333333,23069.37904947917,senario_B
2025-09-14 12:00:00,65366.05386284722,25788.586629774305,20029.586925455733,19547.880307617183,senario_B
2025-09-14 13:00:00,68023.57383680556,25889.54894314236,19976.342044270834,22157.682849392364,senario_B
2025-09-14 14:00:00,71139.57941840278,25551.89417534722,18807.44126627604,26780.24397677952,senario_B
2025-09-14 15:00:00,73447.169453125,23610.463778211804,17394.309295247393,32442.396379665795,senario_B
2025-09-14 16:00:00,74914.17365451388,22609.23064453125,16784.691279296872,35520.25173068576,senario_B
2025-09-14 17:00:00,75518.66456597223,20993.65785373264,15769.940087890625,38755.06662434896,senario_B
2025-09-14 18:00:00,75134.7072265625,16405.54759168837,16542.137493082682,42187.02214179144,senario_B
2025-09-14 19:00:00,73581.72430555556,8394.459608018664,18522.814939778644,46664.44975775825,senario_B
2025-09-14 20:00:00,71093.38103298612,964.1419695668088,20169.66255045573,49959.57651296357,senario_B
2025-09-14 21:00:00,69045.83410590277,0.3723780610164006,21116.332063802085,47929.129664039676,senario_B
2025-09-14 22:00:00,66074.10736328125,0.4304080077426301,23238.6629292806,42835.0140259929,senario_B
2025-09-14 23:00:00,62342.321380208334,0.4557004887693458,21269.333637695312,41072.53204202425,senario_B
2025-09-15 00:00:00,58957.52749131944,0.4237620857689115,20360.928885091147,38596.17484414252,senario_B
2025-09-15 01:00:00,55436.28058159722,0.4037916801952653,19330.852630208334,36105.024159708686,senario_B
2025-09-15 02:00:00,53781.49018229167,0.3214048740184969,18259.104721679687,35522.06405573797,senario_B
2025-09-15 03:00:00,52652.63053819445,0.3923304809629917,17954.35517252604,34697.88303518744,senario_B
2025-09-15 04:00:00,51457.866197916665,0.5285168803069327,17255.559116210938,34201.77856482542,senario_B
2025-09-15 05:00:00,50807.55141493055,0.5820101208488146,17299.723579101563,33507.24582570814,senario_B
2025-09-15 06:00:00,51390.93634982639,0.4967563474343883,16545.34250813802,34845.09708534094,senario_B
2025-09-15 07:00:00,53271.43553819445,0.4816265980402628,14933.205042317706,38337.7488692787,senario_B
2025-09-15 08:00:00,53745.35319010416,876.8197757348087,13371.931393229166,39496.60202114018,senario_B
2025-09-15 09:00:00,56416.89865451389,11350.549745279948,10652.942815755208,34413.406093478734,senario_B
2025-09-15 10:00:00,62303.04837673612,22448.538678385416,7685.377150065105,32169.132548285605,senario_B
2025-09-15 11:00:00,65718.60384548611,26006.062923177084,8552.55353922526,31159.987383083764,senario_B
2025-09-15 12:00:00,67560.33792534722,27219.87488064236,9184.289761555989,31156.173283148873,senario_B
2025-09-15 13:00:00,70887.80456597223,27264.35598958333,10337.461372884114,33285.98720350478,senario_B
2025-09-15 14:00:00,74191.46857638888,26321.75521918403,9776.5595703125,38093.153786892355,senario_B
2025-09-15 15:00:00,76282.30125,24883.64980251736,9308.226149902344,42090.425297580296,senario_B
2025-09-15 16:00:00,77773.033828125,23199.144171006945,10482.771508789063,44091.11814832899,senario_B
2025-09-15 17:00:00,78707.44600694445,21536.16093315972,12276.232510579426,44895.0525632053,senario_B
2025-09-15 18:00:00,78145.15008680556,18682.92573784722,14314.032880859375,45148.19146809896,senario_B
2025-09-15 19:00:00,75765.93641493056,9640.609925130208,15835.39148763021,50289.93500217015,senario_B
2025-09-15 20:00:00,72610.85564236112,850.3505731428994,16378.639388020834,55381.86568119738,senario_B
2025-09-15 21:00:00,70359.14569444445,0.3526870672901471,18770.208846028643,51588.58416134851,senario_B
2025-09-15 22:00:00,67052.55802517361,0.3927163180874453,23268.57248860677,43783.59282024875,senario_B
2025-09-15 23:00:00,63059.62390625,0.4988175705737537,25481.051953125003,37578.07313555443,senario_B
2025-09-16 00:00:00,58926.947981770834,0.3793464830848905,24912.230743815104,34014.33789147265,senario_B
2025-09-16 01:00:00,55551.424735243054,0.4325656801131036,23776.36455891927,31774.627610643667,senario_B
2025-09-16 02:00:00,53404.741480034725,0.302138604025046,22834.007416992186,30570.43192443851,senario_B
2025-09-16 03:00:00,52297.51662326389,0.3954501940806706,21548.213951822916,30748.90722124689,senario_B
2025-09-16 04:00:00,50585.86381510417,0.4932284144229359,20279.385747070315,30305.98483961943,senario_B
2025-09-16 05:00:00,49717.46264322917,0.5458435335093075,18397.80776041667,31319.109039278992,senario_B
2025-09-16 06:00:00,50512.061167534725,0.5463657275338968,16821.937641601562,33689.577160205634,senario_B
2025-09-16 07:00:00,52298.27977864583,0.5168735058440103,15033.698595377602,37264.06430976238,senario_B
2025-09-16 08:00:00,52729.75683919271,1154.732295006348,13620.145170491536,37954.87937369483,senario_B
2025-09-16 09:00:00,56304.47211805556,12758.304067925346,10379.612763671874,33166.55528645834,senario_B
2025-09-16 10:00:00,61155.36377170139,24230.979201388887,6737.963951822917,30186.42061848959,senario_B
2025-09-16 11:00:00,63175.34047743055,27117.976102430555,6785.853560384115,29271.510814615882,senario_B
2025-09-16 12:00:00,66022.37534722222,27367.09910807292,7187.060047200521,31468.216191948773,senario_B
2025-09-16 13:00:00,69399.06108289931,26551.770503472224,6795.605639038085,36051.684940389,senario_B
2025-09-16 14:00:00,72876.16678385416,25063.12257107205,8173.361210327148,39639.68300245497,senario_B
2025-09-16 15:00:00,75611.27195963541,24660.17190592448,9617.359748942057,41333.74030476888,senario_B
2025-09-16 16:00:00,77465.54260416667,24008.62324001736,10668.91218343099,42788.00718071831,senario_B
2025-09-16 17:00:00,78339.72078125,22681.915342881945,11704.836984863281,43952.96845350478,senario_B
2025-09-16 18:00:00,77874.9212326389,20012.319819878478,13202.689843750002,44659.91156901041,senario_B
2025-09-16 19:00:00,75379.42578993055,9789.947286783854,12901.037888997396,52688.44061414931,senario_B
2025-09-16 20:00:00,72415.05719618055,828.7154534183153,12275.910984700518,59310.43075806172,senario_B
2025-09-16 21:00:00,70069.15873263888,0.1660105505088965,14289.728623046874,55779.264099041495,senario_B
2025-09-16 22:00:00,67046.03289496528,0.1748045650290118,17950.15861328125,49095.69947711899,senario_B
2025-09-16 23:00:00,63049.34862413195,0.1725875805649492,20568.982919921873,42480.19311662951,senario_B
2025-09-17 00:00:00,59698.49263129341,0.4694394663555754,22723.026485188802,36974.99670663825,senario_B
2025-09-17 01:00:00,56036.086510416666,0.3710129424267345,22862.937120768227,33172.77837670601,senario_B
2025-09-17 02:00:00,53308.95071180556,0.330427036434412,21505.083395182293,31803.536889586838,senario_B
2025-09-17 03:00:00,52541.9459375,0.3424090477493074,20203.44214355469,32338.16138489756,senario_B
2025-09-17 04:00:00,51052.80992621528,0.3299580597380797,19956.579690755207,31095.90027740034,senario_B
2025-09-17 05:00:00,50631.29975694444,0.2774111119243834,19233.700236002605,31397.322109829915,senario_B
2025-09-17 06:00:00,50815.93749565973,0.3088948149813546,18161.84973307292,32653.77886777183,senario_B
2025-09-17 07:00:00,52714.16979166667,0.3472514358990722,16943.296126302084,35770.52641392868,senario_B
2025-09-17 08:00:00,53274.51334635416,1106.2874014982913,15620.903256835938,36547.32268801993,senario_B
2025-09-17 09:00:00,56510.321501736114,12614.113315429688,12409.751906738282,31486.45627956814,senario_B
2025-09-17 10:00:00,62190.480047743054,23951.35446397569,7410.024544270833,30829.101039496534,senario_B
2025-09-17 11:00:00,64871.925360243054,26197.79232855903,8829.87969156901,29844.253340115014,senario_B
2025-09-17 12:00:00,66918.95695746527,26363.38990885417,9413.27098795573,31142.296060655375,senario_B
2025-09-17 13:00:00,70631.20789279514,25769.66956705729,8342.545881551107,36518.99244418673,senario_B
2025-09-17 14:00:00,74228.69899956597,23821.843369140624,8637.52791748047,41769.327712944876,senario_B
2025-09-17 15:00:00,76701.13831597222,22808.22133897569,9922.393313802084,43970.52366319444,senario_B
2025-09-17 16:00:00,78144.73957248263,21552.354934895837,11528.46678507487,45063.917852511935,senario_B
2025-09-17 17:00:00,78649.06103298611,19753.224947916668,12974.389768880208,45921.446316189234,senario_B
2025-09-17 18:00:00,77637.54722005209,15915.72967936198,14082.662121988931,47639.15541870118,senario_B
2025-09-17 19:00:00,75026.28649305555,8422.67648030599,13641.261261393229,52962.34875135633,senario_B
2025-09-17 20:00:00,71841.27526909723,818.2419863785844,12772.03046875,58251.00281396863,senario_B
2025-09-17 21:00:00,69688.87936631944,0.1160115456001626,14264.8592561849,55423.90409858894,senario_B
2025-09-17 22:00:00,66941.04147569444,0.1913237147364351,16323.993437500001,50616.8567144797,senario_B
2025-09-17 23:00:00,63216.33717013889,3.916993421051237,18677.94240559896,44534.47777111888,senario_B
2025-09-18 00:00:00,59492.35911024306,0.2578302178614669,19122.066175130207,40370.035104894996,senario_B
2025-09-18 01:00:00,56608.146584201386,0.2650504376159774,19919.08063151042,36688.80090225335,senario_B
2025-09-18 02:00:00,54384.88963107639,0.2821042244301902,19216.89225423177,35167.71527262019,senario_B
2025-09-18 03:00:00,52166.77145399305,0.2924122358030743,17213.90895670573,34952.57008505152,senario_B
2025-09-18 04:00:00,50875.905855034725,0.2957542390293545,16077.521744791668,34798.08835600403,senario_B
2025-09-18 05:00:00,50812.69550347222,0.3210862900978989,15544.669140625003,35267.70527655712,senario_B
2025-09-18 06:00:00,51190.54326497396,0.3243638504958815,12874.075185750326,38316.14371537314,senario_B
2025-09-18 07:00:00,52947.34746961806,0.2917772646579477,10388.396061197916,42558.659631155475,senario_B
2025-09-18 08:00:00,53626.13776475695,947.734614149034,9912.239616699218,42766.1635339087,senario_B
2025-09-18 09:00:00,56739.19142903646,11590.424082573783,7915.439440714517,37233.327905748156,senario_B
2025-09-18 10:00:00,62484.11866319445,22754.556399739584,4704.732277018229,35024.829986436634,senario_B
2025-09-18 11:00:00,66165.76964409722,25083.41802517361,4134.105086263021,36948.24653266059,senario_B
2025-09-18 12:00:00,68190.32446180556,24646.342003038197,4812.47255818685,38731.50990058052,senario_B
2025-09-18 13:00:00,71255.61683159722,24314.00770399305,5950.332555338542,40991.276572265626,senario_B
2025-09-18 14:00:00,74289.43869791667,23364.55945746528,7202.492685546875,43722.38655490452,senario_B
2025-09-18 15:00:00,76261.5684375,22443.967918836806,8582.388986816406,45235.21153184679,senario_B
2025-09-18 16:00:00,77226.49588975694,20967.436668836806,10036.86884765625,46222.19037326389,senario_B
2025-09-18 17:00:00,77405.2732921007,18271.734993489583,9348.495376586914,49785.0429220242,senario_B
2025-09-18 18:00:00,76589.24893663195,15220.213026801215,9759.408329264323,51609.62758056642,senario_B
2025-09-18 19:00:00,73722.83618706597,7828.756164008247,10222.13136779785,55671.94865525988,senario_B
2025-09-18 20:00:00,71329.93021267361,598.0734561636713,10717.636727701823,60014.220028808115,senario_B
2025-09-18 21:00:00,69249.54388020834,0.2362675894962417,11502.040259602865,57747.267353015974,senario_B
2025-09-18 22:00:00,66591.3359548611,0.1873376912871996,12983.717465006512,53607.431152163306,senario_B
2025-09-18 23:00:00,63229.75998806424,0.1753412648331787,13771.593287760417,49457.99135903899,senario_B
2025-09-19 00:00:00,59210.31841579861,0.2991896372040112,14191.563557942707,45018.455668218696,senario_B
2025-09-19 01:00:00,56173.10392361111,0.3293682452374034,14508.548282877604,41664.226272488275,senario_B
2025-09-19 02:00:00,54034.54570746528,0.337501093811459,13882.52414550781,40151.684060863656,senario_B
2025-09-19 03:00:00,53193.37462673611,0.3421354929771688,13298.68622721354,39894.3462640296,senario_B
2025-09-19 04:00:00,51781.65876736112,0.354676865786314,12995.446569010419,38785.85752148492,senario_B
2025-09-19 05:00:00,51137.27281032986,0.3448153369873762,11222.612891438803,39914.315103554065,senario_B
2025-09-19 06:00:00,51593.6065234375,0.3511291239990128,10113.333214518228,41479.92217979527,senario_B
2025-09-19 07:00:00,53332.30766493056,0.3698726161321004,9464.573588867188,43867.36420344724,senario_B
2025-09-19 08:00:00,54040.17420572916,953.6041727431616,9566.120161132812,43520.44987185319,senario_B
2025-09-19 09:00:00,57818.532960069446,11392.293024088542,8042.86443359375,38383.375502387156,senario_B
2025-09-19 10:00:00,63777.475030381946,22052.144442274304,5011.622874755859,36713.70771335178,senario_B
2025-09-19 11:00:00,66785.72605902777,25696.22436631945,4639.219530436198,36450.282162272124,senario_B
2025-09-19 12:00:00,67509.2312890625,26151.81297688802,4906.157443135579,36451.26086903891,senario_B
2025-09-19 13:00:00,69888.20799479166,25421.430503472224,5052.982811686198,39413.79467963325,senario_B
2025-09-19 14:00:00,73331.8470138889,25424.690796440973,5396.017952473958,42511.13826497396,senario_B
2025-09-19 15:00:00,75531.7036892361,24453.4059375,6868.9801131184895,44209.31763861762,senario_B
2025-09-19 16:00:00,77318.48865451389,23688.301678059892,8835.291178588868,44794.89579786513,senario_B
2025-09-19 17:00:00,78272.19813368056,23281.10139702691,10685.713165079753,44305.3835715739,senario_B
2025-09-19 18:00:00,77456.67921875,20130.23176432292,12846.501221516926,44479.94623291015,senario_B
2025-09-19 19:00:00,74677.86094618056,9339.90651204427,13613.181704101564,51724.77273003473,senario_B
2025-09-19 20:00:00,71210.378515625,662.1621051234835,14123.270642089843,56424.945768411664,senario_B
2025-09-19 21:00:00,68958.35753472222,0.2390471841808822,16074.637016601562,52883.48147093648,senario_B
2025-09-19 22:00:00,66443.73569335937,0.3306182317849662,19980.793720703125,46462.61135442446,senario_B
2025-09-19 23:00:00,62918.649058159725,0.3641895530290074,21843.64878255208,41074.63608605461,senario_B
2025-09-20 00:00:00,59718.71182725694,0.3507479623291227,21096.815457356774,38621.54562193784,senario_B
2025-09-20 01:00:00,56909.06036892361,0.358756667168604,20851.500749918625,36057.20086233781,senario_B
2025-09-20 02:00:00,54363.3795703125,0.3698000166151258,21176.237719726563,33186.772050569314,senario_B
2025-09-20 03:00:00,52756.28002170139,0.3684241967068778,21376.374920247395,31379.536677257285,senario_B
2025-09-20 04:00:00,51269.520199652776,0.3738288247254159,21737.750045572913,29531.396325255137,senario_B
2025-09-20 05:00:00,50237.16887152778,0.3671061294608645,20021.593212890628,30215.20855250769,senario_B
2025-09-20 06:00:00,49400.43700520833,0.3380896256367365,18723.679529622394,30676.419385960304,senario_B
2025-09-20 07:00:00,49776.082300347225,0.3511841291851467,17485.25860188802,32290.47251433002,senario_B
2025-09-20 08:00:00,50055.56958333333,987.3182481436264,16047.808984375002,33020.4423508147,senario_B
2025-09-20 09:00:00,54181.36501736111,10564.237486436632,13232.66671875,30384.460812174482,senario_B
2025-09-20 10:00:00,60115.16310329861,20012.57603515625,9472.401953125,30630.18511501736,senario_B
2025-09-20 11:00:00,64260.4880078125,22868.854694010417,10035.682281901043,31355.951031901044,senario_B
2025-09-20 12:00:00,67436.00243923611,23998.18603081597,11877.31718343099,31560.49922498915,senario_B
2025-09-20 13:00:00,69273.01044270833,24694.466827256943,10248.006066080728,34330.53754937066,senario_B
2025-09-20 14:00:00,71883.64322916667,24625.75230685764,10190.679411621093,37067.211510687936,senario_B
2025-09-20 15:00:00,74126.28190104167,23497.54350043403,12321.133565266928,38307.60483534072,senario_B
2025-09-20 16:00:00,75750.37654947917,21568.34642578125,15576.092049153645,38605.93807454428,senario_B
2025-09-20 17:00:00,76159.4185546875,20362.274326171875,17920.479033203123,37876.6651953125,senario_B
2025-09-20 18:00:00,75530.09109375,17233.725651041666,19343.445914713542,38952.919527994796,senario_B
2025-09-20 19:00:00,73010.83425347222,8337.170845540364,21011.19522623698,43662.46818169487,senario_B
2025-09-20 20:00:00,70181.10264756944,726.0932238706781,20692.26139485677,48762.74802884199,senario_B
2025-09-20 21:00:00,68121.96836805556,0.2155952770345741,23400.300607096353,44721.45216568217,senario_B
2025-09-20 22:00:00,65738.61419270834,0.3184786994755268,25637.530533854166,40100.76518015469,senario_B
2025-09-20 23:00:00,62579.56980034722,0.3112660525739193,27370.07909342448,35209.17944087017,senario_B
2025-09-21 00:00:00,59513.00775173611,0.340922313084205,27592.058964843753,31920.607864579273,senario_B
2025-09-21 01:00:00,56774.18681423611,0.3972803367508782,28576.5694140625,28197.220119836864,senario_B
2025-09-21 02:00:00,54494.666827256944,0.561554874446657,28729.006848958332,25765.098423424166,senario_B
2025-09-21 03:00:00,52951.99967447917,0.5240651185976134,29272.402936197916,23679.07267316266,senario_B
2025-09-21 04:00:00,51596.09412760416,0.5305608804689513,27816.866220703123,23778.69734602057,senario_B
2025-09-21 05:00:00,50368.80950954861,0.5389344212743971,27170.49814127604,23197.7724338513,senario_B
2025-09-21 06:00:00,49989.51084635417,0.3611841707097159,25301.779886067707,24687.369776115753,senario_B
2025-09-21 07:00:00,50040.71455729166,0.3637729188468721,23207.31237141927,26833.038412953545,senario_B
2025-09-21 08:00:00,50182.28888020833,958.2093780607316,20055.398297526044,29168.681204621556,senario_B
2025-09-21 09:00:00,54286.195,12536.2957421875,16460.414676106768,25289.484581705736,senario_B
2025-09-21 10:00:00,61332.32764756944,24314.00359375,14669.036712239584,22349.287341579853,senario_B
2025-09-21 11:00:00,63312.67102864583,25490.68650390625,15077.334280598956,22744.65024414063,senario_B
2025-09-21 12:00:00,66627.07350260417,25306.95090711805,13796.390970052084,27523.731625434033,senario_B
2025-09-21 13:00:00,69994.19348090277,25043.05597222222,12491.530266927084,32459.607241753467,senario_B
2025-09-21 14:00:00,72284.3911328125,24369.19067220052,11092.146784871418,36823.05367574056,senario_B
2025-09-21 15:00:00,74502.78115451388,22540.241317274307,11073.793103027343,40888.746734212225,senario_B
2025-09-21 16:00:00,76113.31172743056,20834.33735460069,12158.536463216145,43120.43790961372,senario_B
2025-09-21 17:00:00,76991.488359375,19807.219235568577,15188.782573242184,41995.48655056424,senario_B
2025-09-21 18:00:00,76284.31426215278,18298.895609809028,15642.087496744793,42343.331155598964,senario_B
2025-09-21 19:00:00,74221.77327690972,8854.800705837673,17721.39053833008,47645.582032741964,senario_B
2025-09-21 20:00:00,71754.66953993056,710.2741247364879,19153.401375325524,51890.99403986854,senario_B
2025-09-21 21:00:00,69477.25072048612,0.2409424803157647,21255.593754882808,48221.41602312299,senario_B
2025-09-21 22:00:00,66741.6649609375,0.3413595663507779,21381.352742513023,45359.970858858134,senario_B
2025-09-21 23:00:00,63060.21196614584,0.3542202275991439,22366.880278320314,40692.97746759793,senario_B
2025-09-22 00:00:00,59572.39273003472,0.2573902486430274,23364.85994954427,36207.27539024181,senario_B
2025-09-22 01:00:00,56664.87310763889,0.214443782120943,24033.650626627605,32631.008037229163,senario_B
2025-09-22 02:00:00,54700.5790234375,0.217107418825229,23138.135317382814,31562.226598635865,senario_B
2025-09-22 03:00:00,53416.31811197917,0.2333170821931627,22493.746319986978,30922.338474909997,senario_B
2025-09-22 04:00:00,52734.5329296875,0.2474230079518424,22924.554106445314,29809.731400234232,senario_B
2025-09-22 05:00:00,52968.03256944445,0.3033498579263687,22507.262096354167,30460.467123232356,senario_B
2025-09-22 06:00:00,54465.67794704861,0.3724395160211457,21473.68726074219,32991.61824679039,senario_B
2025-09-22 07:00:00,55674.32798177083,0.4319194482432471,19300.762356770836,36373.13370555175,senario_B
2025-09-22 08:00:00,56724.46052951389,793.4147161338395,18981.27584635417,36949.76996702588,senario_B
2025-09-22 09:00:00,59157.78121527778,9876.944584418405,16425.80914713542,32855.02748372395,senario_B
2025-09-22 10:00:00,65690.97212673612,20187.066444227432,14020.954125976567,31482.95155653212,senario_B
2025-09-22 11:00:00,67721.4790625,22083.578435329862,13273.737202148437,32364.1634250217,senario_B
2025-09-22 12:00:00,69612.40432291667,24780.160371636284,10477.076229248047,34355.16772203233,senario_B
2025-09-22 13:00:00,72453.12287326388,23899.906434461805,9495.924317220051,39057.292121582024,senario_B
2025-09-22 14:00:00,75674.52816840277,24006.059459635417,10355.383387858074,41313.085320909275,senario_B
2025-09-22 15:00:00,78076.71164930555,23153.180403645834,10607.94594889323,44315.58529676648,senario_B
2025-09-22 16:00:00,78867.5188888889,21025.18290581597,11114.485415039062,46727.850568033864,senario_B
2025-09-22 17:00:00,79546.0658485243,21338.567988823783,12276.35360148112,45931.14425821941,senario_B
2025-09-22 18:00:00,79365.30558159722,18487.219028862848,15782.631013997394,45095.45553873698,senario_B
2025-09-22 19:00:00,77835.67689236111,8727.197020128038,18461.282000325522,50647.197871907556,senario_B
2025-09-22 20:00:00,76051.51677951388,612.3131673127743,22442.096987304685,52997.10662489642,senario_B
2025-09-22 21:00:00,74302.30690972222,0.380916040158934,27561.476111653647,46740.44988202841,senario_B
2025-09-22 22:00:00,71038.74745659722,0.4309976873132917,30935.348948567706,40102.9675103422,senario_B
2025-09-22 23:00:00,67692.58235243056,0.4369980818778276,33481.133032226564,34211.01232212212,senario_B
2025-09-23 00:00:00,63960.70022569445,0.7106342235787048,34538.07294433594,29421.91664713493,senario_B
2025-09-23 01:00:00,60620.78677842882,0.3341122136265039,32503.421707356778,28117.030958858413,senario_B
2025-09-23 02:00:00,58040.75159722223,0.4179191322790251,31000.486145833333,27039.847532256623,senario_B
2025-09-23 03:00:00,56298.59227430556,0.5825454648998049,29485.246604817716,26812.763124022946,senario_B
2025-09-23 04:00:00,55104.200967881945,0.7041944466034571,26337.281267903647,28766.215505531694,senario_B
2025-09-23 05:00:00,55192.23844184028,0.7755158171719975,25365.942680664062,29825.520245359046,senario_B
2025-09-23 06:00:00,55996.57624565972,0.7812997813357248,26381.20640299479,29614.588542883594,senario_B
2025-09-23 07:00:00,57953.423255208334,0.5820859817332692,26955.53061848958,30997.31055073702,senario_B
2025-09-23 08:00:00,58398.64104600695,579.8354465588264,25594.517314453125,32224.288284995,senario_B
2025-09-23 09:00:00,61006.62488715278,8945.315358886719,20803.766321614585,31257.543206651473,senario_B
2025-09-23 10:00:00,67459.26354166666,18648.359741753477,19811.518588867188,28999.385211045996,senario_B
2025-09-23 11:00:00,70983.41076605902,22335.84995279948,21961.163080240887,26686.397733018657,senario_B
2025-09-23 12:00:00,72403.2449045139,24191.685030381945,20918.693942057293,27292.865932074656,senario_B
2025-09-23 13:00:00,75102.2238454861,24835.345544704865,17646.362415364583,32620.515885416662,senario_B
2025-09-23 14:00:00,78477.80481770834,25128.551544596357,14611.437376708986,38737.815896403,senario_B
2025-09-23 15:00:00,79423.66753038195,25208.386597222223,12947.661574707032,41267.61935845269,senario_B
2025-09-23 16:00:00,79599.26380208334,24959.8166015625,11802.192474161784,42837.25472635905,senario_B
2025-09-23 17:00:00,79765.91297743056,23188.64607204861,11861.627030436199,44715.63987494576,senario_B
2025-09-23 18:00:00,79378.22196180555,19890.4582562934,14123.854505208332,45363.909200303824,senario_B
2025-09-23 19:00:00,78107.71696180555,8894.922577311198,17815.053989257813,51397.74039523654,senario_B
2025-09-23 20:00:00,75708.10765625,510.74398850565154,19299.22068033854,55898.1429874058,senario_B
2025-09-23 21:00:00,74106.49515625,0.2590536812941233,19684.537994791666,54421.69810777705,senario_B
2025-09-23 22:00:00,71687.17629340278,0.4288149397406313,21273.330006510412,50413.41747195262,senario_B
2025-09-23 23:00:00,68873.39348090277,0.4248317419820361,23041.53336263021,45831.43528653058,senario_B
2025-09-24 00:00:00,64367.70492621528,0.4508334895885653,23104.705677490234,41262.54841523546,senario_B
2025-09-24 01:00:00,61427.58682834201,0.4702629753947258,23060.954377441405,38366.16218792521,senario_B
2025-09-24 02:00:00,58956.26278862848,0.5191549806296826,22142.43322102865,36813.310412619205,senario_B
2025-09-24 03:00:00,57074.23655490451,0.5337628011984957,21590.28918741862,35483.4136046847,senario_B
2025-09-24 04:00:00,56439.4327734375,0.879742991262012,21934.835733235683,34503.717297210555,senario_B
2025-09-24 05:00:00,55291.9861219618,0.667491337151991,21381.980874023437,33909.33775660121,senario_B
2025-09-24 06:00:00,55952.5008203125,0.6582642620139652,18608.59666503906,37343.24589101144,senario_B
2025-09-24 07:00:00,57642.74029188368,0.5463799785408708,17136.337112223304,40505.85679968183,senario_B
2025-09-24 08:00:00,58080.50947265625,514.9745921394228,16418.110719401044,41147.42416111579,senario_B
2025-09-24 09:00:00,59900.47829427083,6365.772573920356,15079.248208821615,38455.45751152887,senario_B
2025-09-24 10:00:00,64024.66578016493,10808.818209092882,17617.681461181637,35598.16610989041,senario_B
2025-09-24 11:00:00,66152.49787543403,12157.824714898004,18838.477450358074,35156.195710177955,senario_B
2025-09-24 12:00:00,66633.93699652777,13960.89967013889,15076.254748942058,37596.78257744682,senario_B
2025-09-24 13:00:00,68270.81689887153,15914.63678575304,13189.338599853516,39166.841513264975,senario_B
2025-09-24 14:00:00,69459.78564670139,16925.876170247397,11164.408658650715,41369.50081780327,senario_B
2025-09-24 15:00:00,70527.37594618056,18156.29362521701,10559.379455566406,41811.70286539714,senario_B
2025-09-24 16:00:00,71358.57735894097,19130.79486436632,11372.807075602213,40854.97541897243,senario_B
2025-09-24 17:00:00,72646.79656684028,16957.335349121095,12613.034213460287,43076.42700425889,senario_B
2025-09-24 18:00:00,72819.30939236112,13900.73890407986,14152.894641927083,44765.67584635418,senario_B
2025-09-24 19:00:00,70403.85708333334,6986.970438503689,14452.102294514974,48964.78435031467,senario_B
2025-09-24 20:00:00,67975.64039713542,449.8434125655351,13275.50703531901,54250.28994925087,senario_B
2025-09-24 21:00:00,66493.70730902778,0.4199284507830937,14686.092581380206,51807.194799196805,senario_B
2025-09-24 22:00:00,64127.94012586806,0.5240760167770916,14031.65439941406,50095.76165043722,senario_B
2025-09-24 23:00:00,60462.14640407986,0.5047681049423085,13333.296826171876,47128.34480980304,senario_B
2025-09-25 00:00:00,57201.80853081597,0.5132513147592545,12973.292055664062,44228.00322383715,senario_B
2025-09-25 01:00:00,53945.139756944445,0.5557227240006128,11326.940764973957,42617.64326924649,senario_B
2025-09-25 02:00:00,51545.75465060764,0.7810663581556744,9885.74449625651,41659.22908799298,senario_B
2025-09-25 03:00:00,49904.06983506944,0.8914331951406267,9548.688015136719,40354.49038673758,senario_B
2025-09-25 04:00:00,48929.80728841146,0.845138129144907,8303.139439493814,40625.8227107885,senario_B
2025-09-25 05:00:00,48826.45322916667,0.9026026443474824,7403.462890218099,41422.087736304224,senario_B
2025-09-25 06:00:00,50049.51621419271,0.9212254009644192,6748.290109863281,43300.304878928466,senario_B
2025-09-25 07:00:00,51936.66000217014,0.7021993813001447,6518.051199951173,45417.90660283766,senario_B
2025-09-25 08:00:00,52701.68887369792,627.2563455320067,6240.86264078776,45833.56988737816,senario_B
2025-09-25 09:00:00,55381.34905707465,10052.95882663303,4898.168325805664,40430.22190463595,senario_B
2025-09-25 10:00:00,60557.87926974826,22097.319362521703,2357.902573801676,36102.657333424875,senario_B
2025-09-25 11:00:00,62926.84375759549,25613.06560438368,1826.7384059143067,35487.0397472975,senario_B
2025-09-25 12:00:00,64501.27164713541,26565.81715874566,2008.6328261820474,35926.8216622077,senario_B
2025-09-25 13:00:00,65954.54355902778,26098.442258029518,2107.3174296061197,37748.78387139214,senario_B
2025-09-25 14:00:00,68139.26447048612,26072.30244140625,2425.254007568359,39641.708021511506,senario_B
2025-09-25 15:00:00,70260.47652777778,25156.36796440972,2943.9024839274084,42160.20607944065,senario_B
2025-09-25 16:00:00,71445.11942708334,24194.43555121528,3730.1860587565106,43520.49781711154,senario_B
2025-09-25 17:00:00,72264.79656032987,22915.27034233941,4213.855165913899,45135.671052076555,senario_B
2025-09-25 18:00:00,71746.54812717014,20242.72871690538,3284.8248310343424,48218.99457923042,senario_B
2025-09-25 19:00:00,69254.62357204861,9391.423369140624,2299.906065266927,57563.29413764106,senario_B
2025-09-25 20:00:00,66111.93676432292,519.4751113916768,1705.2871359761557,63887.17451695509,senario_B
2025-09-25 21:00:00,63513.50335286458,0.4008441373209158,2083.522628885905,61429.57987984135,senario_B
2025-09-25 22:00:00,61491.82455186632,0.3843506263444821,3512.0183066304526,57979.42189460952,senario_B
2025-09-25 23:00:00,58436.96524522569,0.4854296259416474,5495.7755855305995,52940.70423006915,senario_B
2025-09-26 00:00:00,54554.190169270834,0.5280919309457143,6975.148223470052,47578.51385386984,senario_B
2025-09-26 01:00:00,51901.80129123264,0.5116090917670064,8376.250022379558,43525.039659761314,senario_B
2025-09-26 02:00:00,49932.3694140625,0.4969595239228672,9406.5223828125,40525.350071726076,senario_B
2025-09-26 03:00:00,48341.04261067708,0.5099049252602789,9959.922771809895,38380.60993394193,senario_B
2025-09-26 04:00:00,47266.39239583333,0.5158106455206871,9856.335534464519,37409.541050723295,senario_B
2025-09-26 05:00:00,46974.76320203993,0.5228308257957299,9360.762647094727,37613.47772411941,senario_B
2025-09-26 06:00:00,47807.737139756944,0.4736778167883555,9011.814575195312,38795.448886744845,senario_B
2025-09-26 07:00:00,49856.46616536458,0.4613679406709141,8286.599193522135,41569.405603901774,senario_B
2025-09-26 08:00:00,50752.11673936632,821.8355739673972,7965.7078234863275,41964.57334191259,senario_B
2025-09-26 09:00:00,53437.53575520834,12113.836748182508,7979.307343139649,33344.391663886185,senario_B
2025-09-26 10:00:00,58855.44684244792,24930.23109809028,5217.830155436197,28707.385588921446,senario_B
2025-09-26 11:00:00,61615.83511284722,28276.660540364584,5085.754949951172,28253.41962253146,senario_B
2025-09-26 12:00:00,62438.120121527776,28175.565651041667,4397.143157145183,29865.411313340926,senario_B
2025-09-26 13:00:00,64806.00039496528,26558.01329481337,3149.753437194824,35098.23366295709,senario_B
2025-09-26 14:00:00,67575.97559895834,25772.80577528212,2585.366998799642,39217.80282487658,senario_B
2025-09-26 15:00:00,69853.25792751736,25838.37220106337,2778.9320069885257,41235.95371946547,senario_B
2025-09-26 16:00:00,71405.79633029514,26027.52937717014,3301.8078042602538,42076.45914886474,senario_B
2025-09-26 17:00:00,72642.5071267361,25526.64739149305,3634.978012695312,43480.88172254774,senario_B
2025-09-26 18:00:00,72137.8549891493,22216.277373589408,3888.3183410644533,46033.25927449544,senario_B
2025-09-26 19:00:00,68168.43888020833,9171.104514838324,5477.0206833903,53520.3136819797,senario_B
2025-09-26 20:00:00,64446.82894314236,406.3227582354678,9699.705534871418,54340.800650035475,senario_B
2025-09-26 21:00:00,62780.11935546875,0.1716962610971596,15297.155903320316,47482.79175588734,senario_B
2025-09-26 22:00:00,59944.23268337674,0.1782534965086314,19696.16813354492,40247.8862963353,senario_B
2025-09-26 23:00:00,56571.47692274306,0.3976851099398401,22721.461767578126,33849.61747005499,senario_B
2025-09-27 00:00:00,53954.5846484375,0.2510214584403568,24647.913824869793,29306.419802109267,senario_B
2025-09-27 01:00:00,50978.58929253472,0.3184917303919792,25228.22814453125,25750.042656273075,senario_B
2025-09-27 02:00:00,48309.71135742188,0.4457246795545022,24711.360300699867,23597.905332042457,senario_B
2025-09-27 03:00:00,47077.26212239584,0.3196419344428512,24251.868181966147,22825.07429849525,senario_B
2025-09-27 04:00:00,45935.23154947917,0.3583197727468278,23769.627983398437,22165.245246307983,senario_B
2025-09-27 05:00:00,45166.68306640625,0.3488848500202099,22657.188232828776,22509.145948727455,senario_B
2025-09-27 06:00:00,44938.66828559028,0.3387992194129361,21156.182265625,23782.147220745872,senario_B
2025-09-27 07:00:00,45206.54539279514,0.3520095868243111,18840.498595377605,26365.69478783071,senario_B
2025-09-27 08:00:00,45646.94816840278,804.5282323116064,16804.20091796875,28038.219018122425,senario_B
2025-09-27 09:00:00,49976.38496527778,11334.147693684896,13959.495702311195,24682.741569281687,senario_B
2025-09-27 10:00:00,55912.45693576389,23076.610842013888,8856.208760579428,23979.637333170576,senario_B
2025-09-27 11:00:00,57961.25875,26633.745043402778,8502.828323364258,22824.685383232965,senario_B
2025-09-27 12:00:00,59246.46667534722,26436.42148220486,7870.838672688802,24939.206520453557,senario_B
2025-09-27 13:00:00,62233.514173177085,26481.066365017363,5360.283842366536,30392.16396579318,senario_B
2025-09-27 14:00:00,65062.54033311632,26848.23991048177,3983.2380910237625,34231.06233161079,senario_B
2025-09-27 15:00:00,67722.17166666666,26633.967667100693,3663.1535603841144,37425.05043918186,senario_B
2025-09-27 16:00:00,69897.226484375,26229.81097873264,3984.7202734374996,39682.69523220486,senario_B
2025-09-27 17:00:00,71274.56010199653,24989.29396864149,4890.675277709961,41394.590855645074,senario_B
2025-09-27 18:00:00,70759.68781032987,20921.748480902777,6121.7553025309235,43716.18402689616,senario_B
2025-09-27 19:00:00,68087.18351996527,7835.979634738498,8343.638822428386,51907.565062798385,senario_B
2025-09-27 20:00:00,64637.77393663194,176.04027734359104,11807.996555175781,52653.73710411256,senario_B
2025-09-27 21:00:00,62276.00346462674,0.1874256070247955,16755.706899007157,45520.10914001256,senario_B
2025-09-27 22:00:00,59685.37070421007,0.1891506604188018,19523.186157633463,40161.995395916194,senario_B
2025-09-27 23:00:00,56594.22275824653,0.272728341155582,20623.616264241537,35970.33376566383,senario_B
2025-09-28 00:00:00,53554.84986979167,0.2873078474733564,21548.31485677083,32006.24770517337,senario_B
2025-09-28 01:00:00,50742.72652018229,0.3202424120240741,21855.128270670575,28887.27800709969,senario_B
2025-09-28 02:00:00,48228.67793402778,0.3995026014082962,19968.027657877603,28260.250773548767,senario_B
2025-09-28 03:00:00,46469.19409939236,0.3206694534586535,18224.974526367187,28243.898903571717,senario_B
2025-09-28 04:00:00,45199.26270182292,0.3348315844933192,16298.325403645837,28900.602466592587,senario_B
2025-09-28 05:00:00,44521.61625434028,0.34875455495384,14996.57162434896,29524.695875436373,senario_B
2025-09-28 06:00:00,43867.25007378472,0.3581689916716681,14164.789762369794,29702.10214242326,senario_B
2025-09-28 07:00:00,44032.63805772569,0.3729706571499506,13183.13625813802,30849.128828930527,senario_B
2025-09-28 08:00:00,44220.14284722223,838.3926831900411,12202.452976074219,31179.297187957975,senario_B
2025-09-28 09:00:00,48376.63729600694,11433.558570692274,9744.765158081054,27198.313567233614,senario_B
2025-09-28 10:00:00,54099.4506890191,23336.25990559896,5036.817700195312,25726.373083224826,senario_B
2025-09-28 11:00:00,56137.606321614585,26287.9657156033,4074.207317810058,25775.433288201228,senario_B
2025-09-28 12:00:00,57799.81605360243,26716.69778157552,4296.7170645141605,26786.40120751275,senario_B
2025-09-28 13:00:00,60543.23117296007,26110.47304741753,4066.9346317545574,30365.823493787982,senario_B
2025-09-28 14:00:00,63596.36975477431,26160.684767795137,3831.015353597005,33604.66963338217,senario_B
2025-09-28 15:00:00,66209.4216015625,25796.070802951388,3494.2663643391925,36919.084434271914,senario_B
2025-09-28 16:00:00,68251.57410373264,25374.71583930121,3913.817755126953,38963.040509304476,senario_B
2025-09-28 17:00:00,69409.23796006944,22989.618262261283,4107.111668294271,42312.50802951388,senario_B
2025-09-28 18:00:00,69093.61034288195,18145.56608995225,5543.22427347819,45404.81997945151,senario_B
2025-09-28 19:00:00,67112.16110243056,5849.736871405708,7505.066097005209,53757.35813401964,senario_B
2025-09-28 20:00:00,64766.31225911458,104.56675419432008,9679.846593017577,54981.89891190268,senario_B
2025-09-28 21:00:00,62804.10530381944,0.1504344260195891,12445.312287597657,50358.642581795764,senario_B
2025-09-28 22:00:00,59933.01647243924,0.2121957428505023,14404.016517740887,45528.7877589555,senario_B
2025-09-28 23:00:00,56288.34603298611,0.1743523172703054,15549.932465820311,40738.23921484853,senario_B
2025-09-29 00:00:00,52891.90345703125,0.278428862972392,17325.24767578125,35566.37735238703,senario_B
2025-09-29 01:00:00,50306.25722764757,0.2959795340316163,18474.571365559896,31831.389882553645,senario_B
2025-09-29 02:00:00,48427.39187934028,0.3030849716729588,18026.406612955725,30400.682181412878,senario_B
2025-09-29 03:00:00,47311.770887586805,0.2969247024837467,17076.08445597331,30235.389506911015,senario_B
2025-09-29 04:00:00,45950.937080078125,0.3122111315280199,15430.816971435546,30519.807897511047,senario_B
2025-09-29 05:00:00,45038.92489474826,0.3247680831121073,12813.339860432941,32225.26026623221,senario_B
2025-09-29 06:00:00,45797.67505425347,0.3235299151887496,10699.26051534017,35098.09100899812,senario_B
2025-09-29 07:00:00,47741.70766493055,0.3678152720547384,8766.645474243163,38974.69437541533,senario_B
2025-09-29 08:00:00,48642.06306532118,826.8396971468793,7495.5338869222,40319.68948125209,senario_B
2025-09-29 09:00:00,51324.50317708333,10726.405171440972,5661.212043863931,34936.885961778426,senario_B
2025-09-29 10:00:00,54281.25441840278,19976.08274359809,3194.533102010091,31110.638572794596,senario_B
2025-09-29 11:00:00,57536.72408854167,22615.33379937066,2950.6080403137207,31970.78224885729,senario_B
2025-09-29 12:00:00,60394.63322916667,22771.96429470486,2741.466393025716,34881.20254143609,senario_B
2025-09-29 13:00:00,63208.80049479166,22305.61930501302,2052.3415087382,38850.83968104044,senario_B
2025-09-29 14:00:00,66177.074765625,22233.865496961807,1902.0081141153971,42041.201154547794,senario_B
2025-09-29 15:00:00,68970.89980034722,21805.70660590278,1956.2589054361981,45208.93428900825,senario_B
2025-09-29 16:00:00,70785.66462890625,20787.20029405382,2516.6214800008142,47481.84285485161,senario_B
2025-09-29 17:00:00,71720.34973090277,18718.24504123264,3016.313311564128,49985.791378106005,senario_B
2025-09-29 18:00:00,70135.84747395833,13190.4110546875,3025.8440427652995,53919.592376505534,senario_B
2025-09-29 19:00:00,67643.71130208333,4224.419298638238,3803.1733575439453,59616.11864590115,senario_B
2025-09-29 20:00:00,66012.65348524305,229.7482042526371,4835.044844258627,60947.86043673178,senario_B
2025-09-29 21:00:00,64224.2299858941,0.2782289333558745,6390.430900980631,57833.52085598011,senario_B
2025-09-29 22:00:00,61440.18089192709,0.3663694626010126,7467.661408487955,53972.153113976536,senario_B
2025-09-29 23:00:00,57728.86330295139,0.3598863527509901,8088.512237955731,49639.99117864291,senario_B
2025-09-30 00:00:00,54235.502860243054,0.3788261566228337,7945.858346354167,46289.265687732266,senario_B
2025-09-30 01:00:00,51472.89705837674,0.4622574252386888,7823.536953938802,43648.8978470127,senario_B
2025-09-30 02:00:00,49718.974205729166,0.4808378218279944,7555.077767740886,42163.41560016645,senario_B
2025-09-30 03:00:00,48250.05725802951,0.4923288067264689,6606.660411376954,41642.90451784583,senario_B
2025-09-30 04:00:00,47706.73649739583,0.4871255328920152,5882.936863606771,41823.31250825617,senario_B
2025-09-30 05:00:00,47123.90183810764,0.507074184053474,4972.337141113281,42151.0576228103,senario_B
2025-09-30 06:00:00,47986.34634548611,0.5551199161675241,3980.6580045572914,44005.13322101265,senario_B
2025-09-30 07:00:00,50369.838175998266,0.5768853455285231,3375.1321174112954,46994.12917324144,senario_B
2025-09-30 08:00:00,51366.93361111111,309.2938206360572,3210.4664435831705,47847.17334689188,senario_B
2025-09-30 09:00:00,53109.10084309896,8360.43237548828,2806.027991078695,41942.64047653199,senario_B
2025-09-30 10:00:00,57928.38615234375,19575.309007161457,1443.1433728027343,36909.93377237956,senario_B
2025-09-30 11:00:00,62300.82278862847,24502.35844238281,1587.6443811543782,36210.81996509128,senario_B
2025-09-30 12:00:00,64327.55608181423,26171.486334635418,2182.6275362650554,35973.44221091376,senario_B
2025-09-30 13:00:00,65891.181328125,26287.181207682293,2266.8574193318686,37337.14270111084,senario_B
2025-09-30 14:00:00,69032.51309895833,25597.739707573783,2368.8360531616213,41065.937338222924,senario_B
2025-09-30 15:00:00,71177.27215711806,25630.387085503477,2608.879266357422,42938.00580525716,senario_B
2025-09-30 16:00:00,73129.54556640625,25187.57309624566,3267.5336904907226,44674.438779669865,senario_B
2025-09-30 17:00:00,74488.41348090277,24252.56849175347,3433.8672684733074,46801.977720676,senario_B
2025-09-30 18:00:00,74348.60910807292,21071.09325981988,3971.206553243001,49306.30929501004,senario_B
2025-09-30 19:00:00,71726.21707465278,8060.660785183377,4854.388397216797,58811.16789225261,senario_B
2025-09-30 20:00:00,68490.74991970486,293.72034985224406,7063.08120279948,61133.94836705313,senario_B
2025-09-30 21:00:00,66201.25148003473,1.5244900322291586,11371.729101562501,54827.99788844,senario_B
2025-09-30 22:00:00,62701.41849175347,0.1666671344927615,13903.91076090495,48797.34106371403,senario_B
2025-09-30 23:00:00,58731.39880859375,0.3587626910540792,16377.456318359375,42353.58372754333,senario_B
2025-10-01 00:00:00,54722.08579318576,0.2815392195433378,19286.05419474284,35435.750059223385,senario_B
2025-10-01 01:00:00,51704.58093532986,0.472599651714166,21356.602528076175,30347.50580760197,senario_B
2025-10-01 02:00:00,49414.161536458334,0.374881764418549,20973.221720377605,28440.564934316313,senario_B
2025-10-01 03:00:00,47709.86320746528,0.3410561233924495,19518.050991210937,28191.47116013095,senario_B
2025-10-01 04:00:00,46913.49318142361,0.3698016573654281,18216.59197753906,28696.53140222718,senario_B
2025-10-01 05:00:00,47262.416419270834,0.3599150157305929,16797.06197102865,30464.994533226454,senario_B
2025-10-01 06:00:00,47546.24634765625,0.3357501707639959,15535.518162434897,32010.392435050584,senario_B
2025-10-01 07:00:00,49499.319891493054,0.3769000526600414,14828.399189453125,34670.54380198727,senario_B
2025-10-01 08:00:00,50112.21062717014,643.9747821532025,13913.815397542317,35554.42044747462,senario_B
2025-10-01 09:00:00,52752.81345052084,11462.742943047417,11462.908906249999,29827.16160122343,senario_B
2025-10-01 10:00:00,58293.94681857639,24324.20454210069,6496.311078694662,27473.431197781036,senario_B
2025-10-01 11:00:00,60659.52905815972,26971.54954644097,5593.0332828776045,28094.94622884115,senario_B
2025-10-01 12:00:00,62773.20943359375,26908.94742621528,6294.885653076171,29569.3763543023,senario_B
2025-10-01 13:00:00,65990.9971875,26287.98922960069,4605.015369466146,35097.992588433175,senario_B
2025-10-01 14:00:00,70154.97833767362,25250.18061360677,3574.3377154541017,41330.46000861274,senario_B
2025-10-01 15:00:00,72768.224765625,24885.25966200087,3442.2709436035157,44440.69416002061,senario_B
2025-10-01 16:00:00,74670.82010850694,24196.73947265625,3298.5823860677083,47175.49824978299,senario_B
2025-10-01 17:00:00,76294.58103298611,24061.936729600693,3462.3771830240885,48770.26712036133,senario_B
2025-10-01 18:00:00,75531.1527061632,20137.76074707031,4514.486186014812,50878.90577307808,senario_B
2025-10-01 19:00:00,72835.62491319445,7360.069861653646,6799.176182454427,58676.37886908637,senario_B
2025-10-01 20:00:00,69756.88056423611,248.0360812459555,11863.919607747397,57644.92487524276,senario_B
2025-10-01 21:00:00,67590.50948784722,0.2065649726821316,18761.942301432293,48828.36062144223,senario_B
2025-10-01 22:00:00,64010.05774739583,0.269140761875444,22979.818963216145,41029.96964341781,senario_B
2025-10-01 23:00:00,60103.13266927083,0.21887872926063,25841.455068359373,34261.4587221822,senario_B
2025-10-02 00:00:00,56191.18078993056,0.3034032479425271,27731.10982421875,28459.767562463865,senario_B
2025-10-02 01:00:00,53028.10974826389,0.3725863013002607,28760.558587239582,24267.178574723002,senario_B
2025-10-02 02:00:00,50750.785607638885,0.3977206494741969,28570.390478515626,22179.997408473784,senario_B
2025-10-02 03:00:00,49311.79339409722,0.3224408173892233,27003.42473958333,22308.0462136965,senario_B
2025-10-02 04:00:00,47904.84953993056,0.4660272586676809,24761.946394856768,23142.437117815123,senario_B
2025-10-02 05:00:00,47304.09161458333,0.2952642162640889,21584.06001953125,25719.736330835818,senario_B
2025-10-02 06:00:00,48256.03564344618,0.2942494571871227,18874.872986653645,29380.868407335343,senario_B
2025-10-02 07:00:00,50348.456484375,0.303498050239351,16044.631658528646,34303.52132779611,senario_B
2025-10-02 08:00:00,51052.99648871528,507.584708746771,12886.017895507812,37659.393884460704,senario_B
2025-10-02 09:00:00,53448.53310329861,10435.485636121964,9707.089430338541,33305.9580368381,senario_B
2025-10-02 10:00:00,59011.50092881944,23320.533311631945,4470.222845865886,31220.74477132161,senario_B
2025-10-02 11:00:00,62555.87286458333,26614.31036295573,3152.085609029134,32789.47689259847,senario_B
2025-10-02 12:00:00,64175.70836805556,26451.0132687717,2810.0895423889156,34914.60555689494,senario_B
2025-10-02 13:00:00,67465.85025824653,25621.11464626736,1835.3478821818035,40009.38772979736,senario_B
2025-10-02 14:00:00,70528.56040364584,24458.77565972222,1997.2665915934244,44072.518152330194,senario_B
2025-10-02 15:00:00,73605.81417100695,24223.80629557292,2854.14030863444,46527.867566799585,senario_B
2025-10-02 16:00:00,75260.53431640625,24070.53197265625,4022.818716023763,47167.18362772624,senario_B
2025-10-02 17:00:00,76459.04598741319,23103.46337022569,5245.4478474934895,48110.134769694014,senario_B
2025-10-02 18:00:00,75518.15569878473,18937.63853515625,7414.372904459635,49166.14425916885,senario_B
2025-10-02 19:00:00,72459.5597265625,6691.545885959202,10684.910406901043,55083.10343370225,senario_B
2025-10-02 20:00:00,69141.64827907986,205.91630845278505,14949.916767171224,53985.81520345586,senario_B
2025-10-02 21:00:00,66840.18749565972,0.219487041371564,19788.47303507487,47051.49497354348,senario_B
2025-10-02 22:00:00,63979.95829101562,0.3892567295167181,24112.751802978517,39866.81723130758,senario_B
2025-10-02 23:00:00,60025.08192925347,0.3037322325838936,26573.469020182292,33451.30917683859,senario_B
2025-10-03 00:00:00,56348.81219184028,0.3012841711772813,27234.48844726562,29114.02246040349,senario_B
2025-10-03 01:00:00,53492.592921006944,0.3093148762318823,26634.575029296877,26857.708576833833,senario_B
2025-10-03 02:00:00,51116.83468315972,0.301238001551893,24909.71689127604,26206.816553882134,senario_B
2025-10-03 03:00:00,49557.98825086805,0.4082223936253124,22767.1394140625,26790.440614411924,senario_B
2025-10-03 04:00:00,48541.37821180555,0.3651194183031718,20875.741990559894,27665.271101827355,senario_B
2025-10-03 05:00:00,47887.1274327257,0.3354219027029143,18408.535039062503,29478.256971760493,senario_B
2025-10-03 06:00:00,48918.82230577257,0.3530683510502179,15685.856066080727,33232.613171340796,senario_B
2025-10-03 07:00:00,50755.43727864583,0.3578573880592982,12663.645273437498,38091.43414782028,senario_B
2025-10-03 08:00:00,51535.238036024304,511.5614014507333,10190.59475016276,40833.081884410814,senario_B
2025-10-03 09:00:00,54354.10937391493,10526.44721218533,8054.2649617513025,35773.397199978295,senario_B
2025-10-03 10:00:00,59327.03504340278,23058.46224121094,3749.9669395955407,32518.605862596298,senario_B
2025-10-03 11:00:00,63037.30747829861,25689.93890190972,2757.7681738281253,34589.60040256076,senario_B
2025-10-03 12:00:00,65534.79369140625,25763.410010850694,2979.8573116048174,36791.52636895074,senario_B
2025-10-03 13:00:00,68057.1677625868,25494.410831163197,3657.7191798909507,38905.037751532655,senario_B
2025-10-03 14:00:00,70921.4951345486,24500.012228190106,5168.653158976237,41252.82974738226,senario_B
2025-10-03 15:00:00,73574.15956597222,24956.156560329862,7327.71947265625,41290.283532986105,senario_B
2025-10-03 16:00:00,74984.29652994791,24458.92406792535,9218.431493326822,41306.94096869574,senario_B
2025-10-03 17:00:00,75519.25052083333,23084.149244791668,11657.834929199218,40777.26634684244,senario_B
2025-10-03 18:00:00,74138.16694878472,19107.365968967013,14586.87170410156,40443.929275716146,senario_B
2025-10-03 19:00:00,71024.39914496528,6506.430776231554,17208.92022949219,47309.04813924154,senario_B
2025-10-03 20:00:00,67957.68388888889,163.6234658948746,19498.68267252604,48295.37775046797,senario_B
2025-10-03 21:00:00,65565.9820203993,0.3791730158196555,24463.836725260415,41101.76612212306,senario_B
2025-10-03 22:00:00,63237.066881510415,0.3243653070264392,27734.914674479172,35501.82784172422,senario_B
2025-10-03 23:00:00,60042.7266015625,0.4900369754102495,29550.67403971354,30491.56252487355,senario_B
2025-10-04 00:00:00,56612.84384548611,0.3733407666616969,30865.05728841146,25747.413216307992,senario_B
2025-10-04 01:00:00,53656.34558159722,0.3039701051513354,30614.68263997396,23041.358971518108,senario_B
2025-10-04 02:00:00,51305.67624348959,0.3015439085579581,29352.60247395834,21952.772225622695,senario_B
2025-10-04 03:00:00,49212.3609092882,0.3453807557291454,27633.806891276035,21578.208637256437,senario_B
2025-10-04 04:00:00,47935.00339409722,0.3470710597104496,26553.935180664062,21380.721142373448,senario_B
2025-10-04 05:00:00,47042.98170789931,0.3338079404665364,26032.120466308595,21010.527433650248,senario_B
2025-10-04 06:00:00,46776.47765625,0.4408132047454516,24640.566455078126,22135.470387967125,senario_B
2025-10-04 07:00:00,46782.51384114583,0.4011768906315168,23310.40966796875,23471.702996286447,senario_B
2025-10-04 08:00:00,47036.55428819444,586.6953044470813,21914.793424479165,24535.065559268198,senario_B
2025-10-04 09:00:00,50387.34474609375,11121.108831787107,19399.053630778,19867.182283528644,senario_B
2025-10-04 10:00:00,56235.59784939236,23852.43695963541,15138.835208333334,17244.325681423616,senario_B
2025-10-04 11:00:00,59464.41227756076,25390.04957248264,18342.674588216145,15731.688116861977,senario_B
2025-10-04 12:00:00,60820.40005750868,24830.15468858507,19746.183091634113,16244.0622772895,senario_B
2025-10-04 13:00:00,62444.94485894097,25080.28116753472,18554.667174479164,18809.99651692709,senario_B
2025-10-04 14:00:00,65240.89107855903,25069.153841145835,19070.265022786458,21101.472214626738,senario_B
2025-10-04 15:00:00,67237.63446614583,24159.895742730037,21071.79088704427,22005.947836371524,senario_B
2025-10-04 16:00:00,69473.11371527778,23951.088802083334,23085.69368041992,22436.331232774523,senario_B
2025-10-04 17:00:00,70956.88552300347,22536.7364453125,24826.41791178385,23593.731165907113,senario_B
2025-10-04 18:00:00,69812.31665798611,18148.32018825955,27113.509097493494,24550.487372233074,senario_B
2025-10-04 19:00:00,67469.46515190972,6608.379151475694,29281.188007812492,31579.897992621536,senario_B
2025-10-04 20:00:00,64561.28945203993,149.24404300967024,28946.015257161456,35466.03015186881,senario_B
2025-10-04 21:00:00,62515.66874782986,0.4465978270272414,31174.440140787752,31340.782009215087,senario_B
2025-10-04 22:00:00,60203.816675347225,0.6570801142189238,34339.1742578125,25863.985337420505,senario_B
2025-10-04 23:00:00,57872.89312282986,0.7463776126172808,35537.64599283854,22334.500752378706,senario_B
2025-10-05 00:00:00,55288.32586588542,0.5920997476577758,35248.86803059896,20038.8657355388,senario_B
2025-10-05 01:00:00,53088.48351345486,0.4965469786359204,35171.030228678384,17916.956737797846,senario_B
2025-10-05 02:00:00,50523.41366970486,0.532965442472034,34254.311614583334,16268.569089679055,senario_B
2025-10-05 03:00:00,49030.02506510416,0.6315220070547528,33932.40821289063,15096.985330206473,senario_B
2025-10-05 04:00:00,47960.918671875,0.62473750213782,33642.1901953125,14318.10373906036,senario_B
2025-10-05 05:00:00,47023.89242404514,0.5488816871080133,33192.875108235676,13830.468434122355,senario_B
2025-10-05 06:00:00,46396.61418402778,0.523659624490473,32458.98117838542,13937.109346017864,senario_B
2025-10-05 07:00:00,46211.86054904514,0.4785779945303996,31294.733265787752,14916.648705262854,senario_B
2025-10-05 08:00:00,46413.918671875,579.0929031094247,29908.39388346354,15926.43188530203,senario_B
2025-10-05 09:00:00,50562.26053385417,10587.53162407769,26801.231705729166,13173.497204047315,senario_B
2025-10-05 10:00:00,56269.004759114585,19755.599922417536,23830.114838053385,12683.289998643668,senario_B
2025-10-05 11:00:00,57713.65919487847,20951.89656467014,24436.017084960935,12325.745545247395,senario_B
2025-10-05 12:00:00,59654.94260633681,21945.47482855903,24060.020926106772,13649.446851671011,senario_B
2025-10-05 13:00:00,62691.15189453125,23818.523277452256,21508.174903157553,17364.453713921444,senario_B
2025-10-05 14:00:00,66119.04413845486,25101.517145724825,19519.611402180988,21497.91559054905,senario_B
2025-10-05 15:00:00,68901.17741753472,25403.87477430556,19158.007310791014,24339.295332438152,senario_B
2025-10-05 16:00:00,70996.53164496527,24866.09930121528,18804.352589518232,27326.079754231767,senario_B
2025-10-05 17:00:00,72220.88821614583,24108.516536458334,18888.022151692712,29224.349527994782,senario_B
2025-10-05 18:00:00,72138.59842447916,19017.3948687066,20568.431971028644,32552.771584743918,senario_B
2025-10-05 19:00:00,69958.49308159722,6290.770302802192,22790.42580891927,40877.29696987575,senario_B
2025-10-05 20:00:00,67556.26172092014,109.2647938929167,23887.163665364584,43559.83326166264,senario_B
2025-10-05 21:00:00,65764.15254231771,0.4531520218319363,28039.113004557294,37724.586385738585,senario_B
2025-10-05 22:00:00,63084.85572482639,0.708841375493341,31455.730481770835,31628.416401680064,senario_B
2025-10-05 23:00:00,59541.16620985243,0.5683120831184917,32990.21278645833,26550.385111310985,senario_B
2025-10-06 00:00:00,56092.56856987847,0.9533993076284728,33727.43579427084,22364.17937630001,senario_B
2025-10-06 01:00:00,53905.48722005208,0.6321682427492407,33340.93603515625,20563.919016653075,senario_B
2025-10-06 02:00:00,51541.59890625,0.3552779117474953,31059.472754720053,20481.770873618203,senario_B
2025-10-06 03:00:00,50334.92416666666,0.3116817908320162,29246.568209635414,21088.044275240412,senario_B
2025-10-06 04:00:00,49288.947174479166,0.281533282055623,27604.266127929688,21684.399513267424,senario_B
2025-10-06 05:00:00,48770.16760091146,0.3119421322809325,25739.29997965495,23030.555679124227,senario_B
2025-10-06 06:00:00,49311.38877604167,0.3206579216818014,22383.623344726562,26927.44477339343,senario_B
2025-10-06 07:00:00,51272.65617078993,0.2981065812872516,19423.921424153647,31848.436640055,senario_B
2025-10-06 08:00:00,51941.6362608507,524.5315998019361,16350.230004882817,35066.87465616594,senario_B
2025-10-06 09:00:00,53920.40513020833,10100.770876736113,13488.79461710612,30330.8396363661,senario_B
2025-10-06 10:00:00,59103.2061328125,22030.29469184028,11491.122983398436,25581.78845757378,senario_B
2025-10-06 11:00:00,62329.58556206597,23947.183059895837,13999.73642252604,24382.6660796441,senario_B
2025-10-06 12:00:00,64506.88082899305,23017.47858506945,12729.421127115886,28759.981116807714,senario_B
2025-10-06 13:00:00,67418.12450520834,22399.16141384549,9740.439880777994,35278.523210584855,senario_B
2025-10-06 14:00:00,71097.92313368055,21773.00375434028,6765.405796712239,42559.51358262803,senario_B
2025-10-06 15:00:00,73636.46587456597,21574.39078559028,7136.231983235677,44925.843105740016,senario_B
2025-10-06 16:00:00,75627.54345486111,20859.874319118924,9262.655231526693,45505.01390421549,senario_B
2025-10-06 17:00:00,76190.28324652778,20317.467095811637,10452.734133097332,45420.08201761881,senario_B
2025-10-06 18:00:00,74898.59573784722,16604.365458984375,11798.030232747395,46496.20004611545,senario_B
2025-10-06 19:00:00,71988.17427083333,5041.863672281901,12895.658938802082,54050.65165974935,senario_B
2025-10-06 20:00:00,69573.36896267362,83.8668839355972,14781.48090657552,54708.0211721625,senario_B
2025-10-06 21:00:00,67535.57163628472,0.1669427677326732,18924.647426757812,48610.757266759174,senario_B
2025-10-06 22:00:00,65243.12888454861,0.1697368834416071,22723.200483398436,42519.75866426673,senario_B
2025-10-06 23:00:00,61655.75501736111,0.1588618910767965,25290.985405273437,36364.610750196596,senario_B
2025-10-07 00:00:00,58616.72351345486,0.1668601086735725,26034.360166015627,32582.196487330562,senario_B
2025-10-07 01:00:00,56334.500555555554,0.1913427518225378,26116.576559244793,30217.73265355894,senario_B
2025-10-07 02:00:00,52792.067282986114,0.3344586407807138,23707.91833984375,29083.81448450158,senario_B
2025-10-07 03:00:00,50985.20206814236,0.2955693770779504,20745.276023763025,30239.630475002257,senario_B
2025-10-07 04:00:00,49794.48876736111,0.2922693971544504,19191.346944173176,30602.849553790777,senario_B
2025-10-07 05:00:00,49537.91151909722,0.2989195475313398,17775.73256510417,31761.880034445523,senario_B
2025-10-07 06:00:00,50496.06736762153,0.3083788034237093,14714.36824584961,35781.39074296849,senario_B
2025-10-07 07:00:00,52809.27382161458,0.3348554896977213,13014.151280110678,39794.787686014206,senario_B
2025-10-07 08:00:00,53627.273912760415,356.229597803851,9923.59107828776,43347.4532366688,senario_B
2025-10-07 09:00:00,55961.99625434028,8750.736260850694,7653.116913248698,39558.14308024089,senario_B
2025-10-07 10:00:00,61653.395232204864,19684.378578559023,6070.85400990804,35898.1626437378,senario_B
2025-10-07 11:00:00,63886.369192708335,21689.173811306424,6754.003445638021,35443.19193576388,senario_B
2025-10-07 12:00:00,65670.17186197916,21676.756459418404,6398.871815185546,37594.543587375214,senario_B
2025-10-07 13:00:00,68779.42723524306,20459.934409722224,5666.931473795573,42652.561351725264,senario_B
2025-10-07 14:00:00,71289.56046006945,19130.92245713976,5682.358343607584,46476.2796593221,senario_B
2025-10-07 15:00:00,73166.88164279514,17758.173359375,6555.515137125651,48853.19314629449,senario_B
2025-10-07 16:00:00,75076.64502604166,17979.21795355903,8760.130260416667,48337.296812065964,senario_B
2025-10-07 17:00:00,75697.0462890625,16080.101087239584,10930.282779947916,48686.66242187501,senario_B
2025-10-07 18:00:00,74633.4096875,12596.19570095486,13522.370779622397,48514.843206922735,senario_B
2025-10-07 19:00:00,71706.93413194445,3763.113983832465,15785.087814127604,52158.732333984386,senario_B
2025-10-07 20:00:00,69741.87355034723,38.67568378115693,15680.744005533854,54022.45386103222,senario_B
2025-10-07 21:00:00,67554.55187065972,0.3053546000851525,15454.633696289064,52099.61281977057,senario_B
2025-10-07 22:00:00,64992.61189887152,0.2976178779204686,15887.411546223959,49104.90273476964,senario_B
2025-10-07 23:00:00,61539.64400607639,0.3529646184709337,15968.043274739586,45571.24776671834,senario_B
2025-10-08 00:00:00,57625.98107096354,0.3388497948480977,15554.448916829428,42071.193304339264,senario_B
2025-10-08 01:00:00,54496.644598524304,0.3947235601809289,13397.80868815104,41098.441186813085,senario_B
2025-10-08 02:00:00,52169.25179470486,0.4423750237292713,11263.327455240886,40905.481964440245,senario_B
2025-10-08 03:00:00,50919.97103515625,0.4788107674982813,10403.432714029948,40516.059510358806,senario_B
2025-10-08 04:00:00,50406.50546006944,0.5036787896354993,10419.432478841145,39986.56930243866,senario_B
2025-10-08 05:00:00,49867.31679578993,0.5085587814450264,9325.413693033854,40541.39454397463,senario_B
2025-10-08 06:00:00,50826.412217881945,0.5210149527258343,8078.975983886719,42746.9152190425,senario_B
2025-10-08 07:00:00,52388.49552517361,0.5133986387981309,7563.491385904948,44824.490740629866,senario_B
2025-10-08 08:00:00,53391.79839626736,420.4364934601055,7039.006731770833,45932.355171036426,senario_B
2025-10-08 09:00:00,54981.364565972224,7612.052616373698,5649.168408610026,41720.1435409885,senario_B
2025-10-08 10:00:00,61207.53637478298,18989.67320041233,3418.2430977376303,38799.62007663302,senario_B
2025-10-08 11:00:00,64433.56487196181,21954.281846788195,3327.7222220865883,39151.56080308703,senario_B
2025-10-08 12:00:00,66283.87480902778,22260.24991753472,4468.922811279297,39554.70208021376,senario_B
2025-10-08 13:00:00,67450.80792100694,21716.22240234375,5694.536201578776,40040.04931708442,senario_B
2025-10-08 14:00:00,70360.27013454861,20842.937189670138,6963.09009358724,42554.24285129124,senario_B
2025-10-08 15:00:00,72087.70240451388,19477.868125,7913.883524576822,44695.95075493706,senario_B
2025-10-08 16:00:00,73726.87594401042,18307.90654351129,9014.957576904297,46404.01182359483,senario_B
2025-10-08 17:00:00,74213.5306640625,17017.557310112847,10350.08141031901,46845.891943630646,senario_B
2025-10-08 18:00:00,72916.89957682292,12621.302896321617,11068.197962239583,49227.39871826172,senario_B
2025-10-08 19:00:00,70441.60894965277,3356.980425516764,10756.123005371093,56328.50551876491,senario_B
2025-10-08 20:00:00,68277.30480902777,35.67468661101742,9855.784990844726,58385.84513157203,senario_B
2025-10-08 21:00:00,66481.25707465278,0.1718158726394176,11166.687824910481,55314.39743386966,senario_B
2025-10-08 22:00:00,64685.1544780816,0.1966389309739073,12546.717926839192,52138.23991231143,senario_B
2025-10-08 23:00:00,61693.81481336806,0.1541221051994297,13332.990618489584,48360.67007277327,senario_B
2025-10-09 00:00:00,58069.76360026042,0.1530935575067997,13121.254340820313,44948.3561658826,senario_B
2025-10-09 01:00:00,54804.593697916665,0.2744901004268063,12870.92454264323,41933.39466517301,senario_B
2025-10-09 02:00:00,52862.9801171875,0.3455007677442497,12935.04998860677,39927.58462781298,senario_B
2025-10-09 03:00:00,51412.15093967014,0.3333675368295775,13526.995528971354,37884.822043161956,senario_B
2025-10-09 04:00:00,50403.92547743056,0.3605652259786924,14416.34557454427,35987.21933766031,senario_B
2025-10-09 05:00:00,50156.97412760417,0.3260515181885825,14628.527097981767,35528.12097810421,senario_B
2025-10-09 06:00:00,50495.79544270833,0.3602506830626064,14279.532317708334,36215.90287431693,senario_B
2025-10-09 07:00:00,52343.36870659722,0.3617764546804958,13756.203872070313,38586.803058072226,senario_B
2025-10-09 08:00:00,52995.3038140191,392.52248410741487,13402.19676595052,39200.584563961165,senario_B
2025-10-09 09:00:00,55286.30115885416,8948.022474772135,11991.907860514322,34346.370823567704,senario_B
2025-10-09 10:00:00,60688.333116319445,21388.66773003472,8943.257856445312,30356.407529839416,senario_B
2025-10-09 11:00:00,63873.92231445313,25607.9387109375,9416.380758463541,28849.60284505209,senario_B
2025-10-09 12:00:00,64567.429596354166,26028.16217881945,10573.614212239583,27965.653205295137,senario_B
2025-10-09 13:00:00,66508.01740451388,24872.90324001736,9488.370012410482,32146.744152086045,senario_B
2025-10-09 14:00:00,68809.01195746528,23779.87460720486,8853.118277994792,36176.019072265626,senario_B
2025-10-09 15:00:00,71464.54551649306,23536.664898003477,9315.068024902344,38612.81259358724,senario_B
2025-10-09 16:00:00,73553.7386436632,23237.559253472224,10452.596855061849,39863.58253512912,senario_B
2025-10-09 17:00:00,74935.16478732639,22750.9053515625,11395.273701171875,40788.98573459202,senario_B
2025-10-09 18:00:00,73732.105234375,17517.800283203123,12778.297788899737,43436.007162272144,senario_B
2025-10-09 19:00:00,70099.47211371528,5008.202442423502,13156.19158203125,51935.07808926053,senario_B
2025-10-09 20:00:00,67654.90251519097,52.715488255164686,13353.243489990235,54248.94353694557,senario_B
2025-10-09 21:00:00,65580.36896267362,0.2065958327717251,15776.996547851562,49803.16581898928,senario_B
2025-10-09 22:00:00,63261.87939236111,0.1789233033524619,18401.644612630207,44860.05585642754,senario_B
2025-10-09 23:00:00,59756.380054253474,0.1967974914775954,20152.9179296875,39603.26532707449,senario_B
2025-10-10 00:00:00,56146.29405924479,0.1743137481394741,20944.351790364584,35201.76795513207,senario_B
2025-10-10 01:00:00,53011.93863715278,0.2016538891196251,20894.290390625,32117.446592638662,senario_B
2025-10-10 02:00:00,50611.20465060764,0.2141673503319422,20363.786567382813,30247.203915874496,senario_B
2025-10-10 03:00:00,49268.4101280382,0.2397572665744357,19146.595179036456,30121.575191735174,senario_B
2025-10-10 04:00:00,47570.99352647569,0.2908884232242902,17407.392364908854,30163.310273143616,senario_B
2025-10-10 05:00:00,47292.39820746528,0.3221049997210503,15449.798045247397,31842.278057218162,senario_B
2025-10-10 06:00:00,47991.25225694444,0.3422988704840342,14138.983567708334,33851.926390365625,senario_B
2025-10-10 07:00:00,49330.56258897569,0.3553305829895867,13230.52392578125,36099.68333261145,senario_B
2025-10-10 08:00:00,50086.49496527778,396.97492441740303,12744.83428059896,36944.68576026142,senario_B
2025-10-10 09:00:00,52748.64397243923,10184.215516493055,11300.53519165039,31263.89326429579,senario_B
2025-10-10 10:00:00,57905.20223524306,23752.47707356771,7541.0765037027995,26611.64865797255,senario_B
2025-10-10 11:00:00,61046.78222005208,26740.0946592882,8935.711407063802,25370.976153700078,senario_B
2025-10-10 12:00:00,60833.636154513886,26849.253960503476,9073.530087890626,24910.852106119783,senario_B
2025-10-10 13:00:00,61829.657918836805,25779.37131076389,6367.084508870443,29683.20209920247,senario_B
2025-10-10 14:00:00,65197.25468858507,25471.70520996094,5509.274327392578,34216.27515123155,senario_B
2025-10-10 15:00:00,68052.45489149305,25546.860338541668,5458.404019775391,37047.19053317599,senario_B
2025-10-10 16:00:00,70194.79319878473,25331.006085069443,5742.965833333334,39120.82128038195,senario_B
2025-10-10 17:00:00,71319.35202256944,24277.32456814236,5614.4372733561195,41427.59018107096,senario_B
2025-10-10 18:00:00,70334.57711588542,18818.848134765623,5934.1634739176425,45581.565507202155,senario_B
2025-10-10 19:00:00,66152.59640842014,5260.339605238173,6302.918274332682,54589.33852884929,senario_B
2025-10-10 20:00:00,62007.91606336806,48.09638605141598,7917.980887858073,54041.83878945857,senario_B
2025-10-10 21:00:00,60430.66337456597,0.2075293857728441,11043.775777180988,49386.680067999216,senario_B
2025-10-10 22:00:00,59136.703081597225,0.1404402108987172,13531.970431315103,45604.59221007123,senario_B
2025-10-10 23:00:00,56472.78888888889,0.2267548261251714,16249.356655273437,40223.20547878933,senario_B
2025-10-11 00:00:00,53384.55047092014,0.2546950303514798,18402.789239908852,34981.50653598094,senario_B
2025-10-11 01:00:00,50276.55108723958,0.3229423407051298,19421.141531575522,30855.086613323358,senario_B
2025-10-11 02:00:00,48509.16118706597,0.3000838850769732,19740.451138509114,28768.409964671777,senario_B
2025-10-11 03:00:00,46176.11302734375,0.3296010939942466,18921.055734049478,27254.72769220028,senario_B
2025-10-11 04:00:00,45114.46550564236,0.3641914456254906,17897.840545247393,27216.26076894934,senario_B
2025-10-11 05:00:00,44154.85537977431,0.3720703698860274,17216.413097330733,26938.07021207369,senario_B
2025-10-11 06:00:00,43982.213936631946,0.3879773122900062,16970.711196289063,27011.114763030593,senario_B
2025-10-11 07:00:00,44263.86749131944,0.3508876647882991,16335.640071614587,27927.876532040063,senario_B
2025-10-11 08:00:00,44627.84819227431,410.9287848908372,16329.841858723954,27887.07754865952,senario_B
2025-10-11 09:00:00,47669.03887261285,9754.61950208876,15235.591972249349,22678.82739827474,senario_B
2025-10-11 10:00:00,52800.9464453125,23395.382250434028,9384.132399902344,20021.431794976124,senario_B
2025-10-11 11:00:00,55694.72830403646,26023.977029079862,10876.974085286458,18793.777189670138,senario_B
2025-10-11 12:00:00,57751.13867404514,25455.88908420139,13261.14002441406,19034.10956542969,senario_B
2025-10-11 13:00:00,60029.43274305556,25143.48644585504,13662.332891845703,21223.61340535481,senario_B
2025-10-11 14:00:00,62533.07494791667,24768.322254774303,15679.046334635415,22085.706358506948,senario_B
2025-10-11 15:00:00,65400.902740885416,24436.96680121528,17851.850670572916,23112.085269097217,senario_B
2025-10-11 16:00:00,67544.98389322916,23761.407265625,19659.816990559895,24123.759637044266,senario_B
2025-10-11 17:00:00,68829.39243055556,23022.20779296875,20140.452794596353,25666.73184299045,senario_B
2025-10-11 18:00:00,68313.79276041666,18344.26313422309,20537.416572672526,29432.113053521047,senario_B
2025-10-11 19:00:00,65222.88896701389,5221.698888549805,21459.15982421875,38542.03025424533,senario_B
2025-10-11 20:00:00,61309.37092447917,42.78980617285809,21608.74291829427,39657.83820001205,senario_B
2025-10-11 21:00:00,60095.49481987847,0.0795683602367838,27604.005393880216,32491.40985763802,senario_B
2025-10-11 22:00:00,58343.28417317708,0.706150852025797,32859.17602864584,25483.401993679217,senario_B
2025-10-11 23:00:00,55627.60332899306,0.9497694774137604,35234.84697591146,20391.806583604186,senario_B
2025-10-12 00:00:00,52663.769615885416,0.800119433634811,35468.201790364576,17194.76770608721,senario_B
2025-10-12 01:00:00,50453.36945095486,0.9818524776564704,34687.935784505215,15764.451813971988,senario_B
2025-10-12 02:00:00,48642.838352864586,0.7852217023571332,34751.78370768229,13890.269423479942,senario_B
2025-10-12 03:00:00,46761.85356119792,0.8520700204041269,34526.106171875,12234.895319302515,senario_B
2025-10-12 04:00:00,45254.82257378472,1.0197116840879124,33772.41043619792,11481.392425902712,senario_B
2025-10-12 05:00:00,44447.33836263021,1.024077941113048,33384.55401448567,11061.760270203427,senario_B
2025-10-12 06:00:00,44160.093674045136,1.1069072390927208,32793.09475585938,11365.892010946664,senario_B
2025-10-12 07:00:00,44203.83030164931,1.4243416620956526,32110.931809895832,12091.47415009138,senario_B
2025-10-12 08:00:00,44483.29646809896,371.0773162899415,30851.52556966146,13260.69358214756,senario_B
2025-10-12 09:00:00,48216.3722374132,8768.128706258138,28276.932009277338,11171.31152187772,senario_B
2025-10-12 10:00:00,53184.10831597223,18741.970189887157,24243.063408203125,10199.074717881951,senario_B
2025-10-12 11:00:00,55258.79411458333,20097.923374565973,25300.210631510417,9860.660108506941,senario_B
2025-10-12 12:00:00,57596.96162543403,21231.78926215278,25805.194257812498,10559.978105468752,senario_B
2025-10-12 13:00:00,60336.38102864583,22282.75685980903,24163.151974283857,13890.472194552945,senario_B
2025-10-12 14:00:00,62960.63384548611,22728.488721788195,20803.22580566406,19428.91931803386,senario_B
2025-10-12 15:00:00,65485.153324652776,22658.648313802085,18908.370856119793,23918.1341547309,senario_B
2025-10-12 16:00:00,67366.1508875868,20829.813621961806,18293.23482869466,28243.102436930338,senario_B
2025-10-12 17:00:00,68643.29453125,19972.923756510416,17223.563522135417,31446.807252604165,senario_B
2025-10-12 18:00:00,67584.1529296875,14248.35121609158,15995.315823160809,37340.485890435106,senario_B
2025-10-12 19:00:00,64318.45948784722,3109.941243854099,15012.09735188802,46196.4208921051,senario_B
2025-10-12 20:00:00,61503.89244249132,5.317914318411301,16841.17638142904,44657.39814674387,senario_B
2025-10-12 21:00:00,59561.53826605903,0.1810281899074713,20210.94641113281,39350.41082673632,senario_B
2025-10-12 22:00:00,58791.0952452257,0.1624795764850245,22914.123517252603,35876.8092483966,senario_B
2025-10-12 23:00:00,56469.20630425347,0.2782827851010693,23873.36044596354,32595.56757550483,senario_B
2025-10-13 00:00:00,53027.21121310764,0.3200153901014063,24217.215349934897,28809.675847782648,senario_B
2025-10-13 01:00:00,50783.4429437934,0.3201503284772237,24749.709171549475,26033.413621915446,senario_B
2025-10-13 02:00:00,49451.09906684028,0.3335385160313712,24912.31292480469,24538.45260351956,senario_B
2025-10-13 03:00:00,49092.85326605903,0.3399935930636194,25172.35512044271,23920.158152023254,senario_B
2025-10-13 04:00:00,48271.47520833334,0.329691090186437,24050.99466471354,24220.150852529612,senario_B
2025-10-13 05:00:00,47098.39627387153,0.3399722914563285,22667.217475585938,24430.838825994135,senario_B
2025-10-13 06:00:00,46833.43916232639,0.3652639059225718,19494.577216796875,27338.49668162359,senario_B
2025-10-13 07:00:00,48065.16672960069,0.3869387178288566,16552.364231770833,31512.415559112032,senario_B
2025-10-13 08:00:00,48991.09803602431,311.79313378473125,15286.993655598957,33392.311246640624,senario_B
2025-10-13 09:00:00,51353.97168836805,7659.519036187066,13389.21676188151,30305.235890299482,senario_B
2025-10-13 10:00:00,55703.18582465278,16937.76687825521,11569.015478515625,27196.403467881937,senario_B
2025-10-13 11:00:00,57640.37514648437,19701.75750488281,9757.84829711914,28180.769344482425,senario_B
2025-10-13 12:00:00,60383.75834852431,20434.90859375,7026.7028527832035,32922.14690199111,senario_B
2025-10-13 13:00:00,63424.57641059028,21422.38513346354,5480.185292867025,36522.00598425971,senario_B
2025-10-13 14:00:00,66182.48435329861,22694.478973524307,5973.250837809244,37514.754541965056,senario_B
2025-10-13 15:00:00,68625.37430555555,23089.234561631944,6614.043142496745,38922.09660142686,senario_B
2025-10-13 16:00:00,70400.32328993056,23253.40270182292,8311.804422200521,38835.116165907115,senario_B
2025-10-13 17:00:00,71288.5932421875,21669.14955729167,10473.768260904948,39145.67542399089,senario_B
2025-10-13 18:00:00,70183.09230034723,15781.426185980905,13586.693451334635,40814.97266303169,senario_B
2025-10-13 19:00:00,67260.67918836806,3826.3541981167264,16071.951293945309,47362.37369630602,senario_B
2025-10-13 20:00:00,65366.05177517361,20.68822762463759,17126.738924153648,48218.62462339533,senario_B
2025-10-13 21:00:00,63261.13017795139,0.28158113055759,19911.872662760416,43348.97593406042,senario_B
2025-10-13 22:00:00,60783.054947916666,0.2865624139706293,22115.6915625,38667.07682300269,senario_B
2025-10-13 23:00:00,57164.14996310764,0.2863073426485061,22831.814256184894,34332.04939958009,senario_B
2025-10-14 00:00:00,53650.4459375,0.2762679480678505,24082.30209309896,29567.867576452976,senario_B
2025-10-14 01:00:00,51084.81195529514,0.2893248834709326,25984.39197672526,25100.130653686407,senario_B
2025-10-14 02:00:00,48925.809526909725,0.3249945920705795,25690.42122721354,23235.063305104115,senario_B
2025-10-14 03:00:00,47308.98399956597,0.3547429962621795,24426.162880859374,22882.466375710334,senario_B
2025-10-14 04:00:00,45886.51745225694,0.3244712868995136,22749.185861002603,23137.007119967442,senario_B
2025-10-14 05:00:00,45438.73098958333,0.3294619860251744,19544.162742513025,25894.238785084282,senario_B
2025-10-14 06:00:00,46490.47157769097,0.3581334661940734,17336.083359375,29154.03008484978,senario_B
2025-10-14 07:00:00,48243.62751302083,0.3789898808631632,15683.672187499997,32559.576335639973,senario_B
2025-10-14 08:00:00,49236.35039388021,292.7424852971236,14425.164361979165,34518.44354660392,senario_B
2025-10-14 09:00:00,52025.31535915798,8909.408388671874,13398.682252604165,29717.224717881945,senario_B
2025-10-14 10:00:00,56338.8324858941,21826.439074978294,11146.73256958008,23365.66084133572,senario_B
2025-10-14 11:00:00,57925.76974175347,24764.700807291665,12589.40243001302,20571.66650444879,senario_B
2025-10-14 12:00:00,59238.27392361111,24407.381335720485,14174.929036458336,20655.963551432287,senario_B
2025-10-14 13:00:00,61826.173802083336,24941.77696180556,12595.136203613281,24289.260636664494,senario_B
2025-10-14 14:00:00,64827.81333767361,24954.81337673611,11142.09894938151,28730.901011555983,senario_B
2025-10-14 15:00:00,67165.51654513889,25529.39724175347,10214.664462890625,31421.454840494796,senario_B
2025-10-14 16:00:00,69225.11005208333,25587.57478732639,9197.347662353515,34440.18760240342,senario_B
2025-10-14 17:00:00,70602.81565104167,24580.654019097223,9326.672070312501,36695.48956163195,senario_B
2025-10-14 18:00:00,69799.44524739584,17939.746489800345,10473.95705485026,41385.74170274523,senario_B
2025-10-14 19:00:00,66618.49255642362,4313.157808397081,12276.663848673503,50028.670899353034,senario_B
2025-10-14 20:00:00,64143.03550998264,29.85547521397057,14509.005882161458,49604.174152607215,senario_B
2025-10-14 21:00:00,61979.19631293403,0.2133616544140709,18723.26818522135,43255.71476605826,senario_B
2025-10-14 22:00:00,59801.77062174479,0.3059212387187613,22059.127642008465,37742.33705849761,senario_B
2025-10-14 23:00:00,56399.04956380208,0.3264187523060374,23517.946971028647,32880.77617402113,senario_B
2025-10-15 00:00:00,53152.04953342014,0.3414553089357084,23779.570926106768,29372.137152004434,senario_B
2025-10-15 01:00:00,50950.14462890625,0.3321999919745657,23679.666617838542,27270.145811075738,senario_B
2025-10-15 02:00:00,48592.76980685764,0.3391966013775931,23397.040106201173,25195.39050405509,senario_B
2025-10-15 03:00:00,47433.51734592014,0.3540237985716926,23195.41306966146,24237.750252460108,senario_B
2025-10-15 04:00:00,46278.14900607639,0.3674062309496932,22357.14890299479,23920.632696850647,senario_B
2025-10-15 05:00:00,45413.54966362847,0.3755005934254991,20235.614719645182,25177.559443389862,senario_B
2025-10-15 06:00:00,46178.02447699653,0.3689715542727046,17700.23600097656,28477.419504465695,senario_B
2025-10-15 07:00:00,48228.07463541667,0.3682524252931277,15085.746094563803,33141.960288427574,senario_B
2025-10-15 08:00:00,49010.22425347223,259.15176583111287,12518.856866048176,36232.21562159294,senario_B
2025-10-15 09:00:00,50777.76284722222,8322.013441026476,9790.622501017253,32665.126905178488,senario_B
2025-10-15 10:00:00,55199.20982204861,21698.25941623264,5138.850682779948,28362.099723036015,senario_B
2025-10-15 11:00:00,57517.125075954864,24658.48710503472,5694.665421549479,27163.972549370665,senario_B
2025-10-15 12:00:00,57945.47038628472,25317.301612413197,6716.487845052083,25911.680928819434,senario_B
2025-10-15 13:00:00,60865.2253125,25633.75751302083,6080.768325602214,29150.699473876957,senario_B
2025-10-15 14:00:00,63588.18933919271,25518.58855251736,5935.859256184896,32133.741530490453,senario_B
2025-10-15 15:00:00,66498.4166905382,25854.59619628906,6778.710420939127,33865.11007331002,senario_B
2025-10-15 16:00:00,68354.32032118055,26149.88517144097,8239.38962483724,33965.04552490234,senario_B
2025-10-15 17:00:00,69526.59315755208,25824.86698296441,9868.530811564127,33833.19536302355,senario_B
2025-10-15 18:00:00,68948.28821614584,18955.294735243056,11578.223709309896,38414.76977159289,senario_B
2025-10-15 19:00:00,65852.5735828993,4406.190125427246,13694.162366536457,47752.22109093561,senario_B
2025-10-15 20:00:00,63721.850622829865,25.11455390325023,17070.991341552734,46625.74472737388,senario_B
2025-10-15 21:00:00,61623.48255642361,0.2292846720086203,22410.441954752605,39212.811316998996,senario_B
2025-10-15 22:00:00,58804.003038194445,0.243667907445795,26256.517632649742,32547.241737637258,senario_B
2025-10-15 23:00:00,55345.708515625,0.2424876209596793,28699.928143717454,26645.537884286587,senario_B
2025-10-16 00:00:00,51798.33756293403,0.3431373463281327,29415.076741536457,22382.91768405125,senario_B
2025-10-16 01:00:00,48614.47181640625,0.3727551689661211,29307.444701334636,19306.654359902648,senario_B
2025-10-16 02:00:00,46693.796495225695,0.4267538117948505,28472.357775065102,18221.0119663488,senario_B
2025-10-16 03:00:00,45439.21204210069,0.4242111568401257,27091.654210611974,18347.13362033188,senario_B
2025-10-16 04:00:00,44544.88528862847,0.3669914749264717,25277.6828889974,19266.83540815615,senario_B
2025-10-16 05:00:00,44104.359939236114,0.4098477196610636,23467.83756958008,20636.112521936375,senario_B
2025-10-16 06:00:00,45172.98711046007,0.411931290825208,22684.17339029948,22488.401788869767,senario_B
2025-10-16 07:00:00,47318.16631944444,0.3748847046825621,22366.161388753255,24951.630045986505,senario_B
2025-10-16 08:00:00,48315.00759114583,262.79089874645075,21776.271798095702,26275.944894303677,senario_B
2025-10-16 09:00:00,50322.54369357639,7441.556797688802,20543.383447265624,22337.603448621958,senario_B
2025-10-16 10:00:00,55019.398776041664,18943.89995876736,15952.095833333333,20123.40298394097,senario_B
2025-10-16 11:00:00,57252.979561631946,21722.712960611974,17937.541613362635,17592.72498765734,senario_B
2025-10-16 12:00:00,58701.92477864584,20969.38503472222,20644.35811848958,17088.181625434045,senario_B
2025-10-16 13:00:00,59878.024233940974,20345.896056315105,22160.90286336263,17371.22531426324,senario_B
2025-10-16 14:00:00,62209.16630750868,19439.965598958333,21719.261409505205,21049.939299045145,senario_B
2025-10-16 15:00:00,64160.45426215278,17777.124913194446,21769.73572428385,24613.59362467448,senario_B
2025-10-16 16:00:00,65497.55919270834,17033.46026204427,22146.30906616211,26317.78986450196,senario_B
2025-10-16 17:00:00,65824.73304036459,15791.14701063368,23292.321606445315,26741.264423285596,senario_B
2025-10-16 18:00:00,64793.792413194446,12019.187068684896,25848.478533528643,26926.126810980903,senario_B
2025-10-16 19:00:00,63210.03638020833,3232.962477044,28319.591737467446,31657.482165696885,senario_B
2025-10-16 20:00:00,62336.25384548611,90.79251808653277,28835.577594401046,33409.88373299853,senario_B
2025-10-16 21:00:00,60951.65291883681,0.3486990275482337,32219.710501302077,28731.59371850718,senario_B
2025-10-16 22:00:00,59314.48720052083,0.347866760633058,34426.0723779297,24888.0669558305,senario_B
2025-10-16 23:00:00,56812.20990668403,0.3562633924682935,35534.11209309896,21277.741550192608,senario_B
2025-10-17 00:00:00,53370.03269314236,0.5263711791237196,34306.07702148438,19063.429300478856,senario_B
2025-10-17 01:00:00,51000.82734592014,0.5964420430031088,34183.477006022134,16816.753897855,senario_B
2025-10-17 02:00:00,49316.594250217015,0.3693468532131778,34054.46121744792,15261.763685915881,senario_B
2025-10-17 03:00:00,48130.067842881945,0.4190064254403114,33685.49308919271,14444.155747263794,senario_B
2025-10-17 04:00:00,46823.94659288194,0.5200052982568741,32311.74551757812,14511.681070005565,senario_B
2025-10-17 05:00:00,46667.33044704861,0.3620140968594286,30788.98747395834,15877.980958993416,senario_B
2025-10-17 06:00:00,47690.08942057292,0.3482370134856966,29631.92785970052,18057.81332385891,senario_B
2025-10-17 07:00:00,49626.017454427085,0.370124006950193,28226.143953450523,21399.503376969613,senario_B
2025-10-17 08:00:00,50708.10179253472,174.06125510881344,25815.116536458336,24718.92400096757,senario_B
2025-10-17 09:00:00,52298.43827473959,7174.895121866862,22943.010092366538,22180.53306050619,senario_B
2025-10-17 10:00:00,56338.20172092014,19217.84283148872,18597.958592529292,18522.400296902124,senario_B
2025-10-17 11:00:00,59027.570419921874,23051.018328993057,18877.143476562498,17099.40861436632,senario_B
2025-10-17 12:00:00,61238.72084418403,22431.373081597223,15858.237076822916,22949.110685763888,senario_B
2025-10-17 13:00:00,63789.29859592014,23020.898192274304,11554.079735514322,29214.320668131513,senario_B
2025-10-17 14:00:00,66552.72958984374,22577.121247829866,8761.853629557292,35213.75471245658,senario_B
2025-10-17 15:00:00,68571.40542317709,22939.515596788195,8088.163082682291,37543.726743706604,senario_B
2025-10-17 16:00:00,70174.40394965278,22665.970217013888,9023.697259114582,38484.73647352431,senario_B
2025-10-17 17:00:00,71033.37728298611,21483.605557725696,11461.449541015625,38088.3221842448,senario_B
2025-10-17 18:00:00,70083.36284288195,15839.938581814236,13091.852230631512,41151.572030436204,senario_B
2025-10-17 19:00:00,67034.56604166667,3748.569689670139,13455.336770426431,49830.65958157009,senario_B
2025-10-17 20:00:00,64768.34635850695,23.69190574269742,15551.343955078126,49193.31049768612,senario_B
2025-10-17 21:00:00,63051.9866015625,0.2674773419068919,22038.883826497397,41012.8352977232,senario_B
2025-10-17 22:00:00,61172.93687717014,0.3285124131374889,27007.358867187497,34165.24949756951,senario_B
2025-10-17 23:00:00,59301.8989344618,0.3910392093492879,28532.0122265625,30769.495668689957,senario_B
2025-10-18 00:00:00,57209.936783854166,0.3879391326010227,29182.702698567715,28026.846146153846,senario_B
2025-10-18 01:00:00,54126.23603407118,0.4593138554029994,29627.28597981771,24498.49074039807,senario_B
2025-10-18 02:00:00,52643.20234157986,0.6109319339858161,30095.97809244792,22546.613317197953,senario_B
2025-10-18 03:00:00,51541.57040364584,0.386195341249307,29300.921295572916,22240.262912731676,senario_B
2025-10-18 04:00:00,50384.97281467014,0.3776543391082022,27918.63095377604,22465.964206554992,senario_B
2025-10-18 05:00:00,49967.54457248264,0.4278828726874457,25854.445949707027,24112.670739902926,senario_B
2025-10-18 06:00:00,49561.35944986979,0.3411259403493669,24297.28838704427,25263.72993688517,senario_B
2025-10-18 07:00:00,50074.785864800346,0.3459441734684838,24527.617107747395,25546.822812879484,senario_B
2025-10-18 08:00:00,50479.21935329861,130.61763561415177,22077.309396158853,28271.29232152561,senario_B
2025-10-18 09:00:00,51907.96131727431,4877.8500691053605,18541.04061442057,28489.07063374838,senario_B
2025-10-18 10:00:00,56872.91358940972,13766.879428168402,14513.53775390625,28592.496407335067,senario_B
2025-10-18 11:00:00,59766.37853732639,18713.733268229167,14281.150390625,26771.494878472222,senario_B
2025-10-18 12:00:00,61751.79689561632,19635.552100694444,17861.886385091144,24254.358409830733,senario_B
2025-10-18 13:00:00,63405.028604600695,20100.860655381945,21742.87503580729,21561.292913411464,senario_B
2025-10-18 14:00:00,64538.19490668402,18529.95034939236,24395.148048502604,21613.096508789058,senario_B
2025-10-18 15:00:00,65489.21228298611,17582.476182725695,26198.0375,21708.698600260417,senario_B
2025-10-18 16:00:00,66309.97778862847,16846.71505533854,26743.87306315104,22719.389670138888,senario_B
2025-10-18 17:00:00,67196.1512999132,16883.560196668837,26321.3380476888,23991.253055555553,senario_B
2025-10-18 18:00:00,67195.70400607638,13679.014258897569,26083.037145182294,27433.652601996517,senario_B
2025-10-18 19:00:00,64829.39385742188,3812.0519085523815,20862.46614095052,40154.87580791897,senario_B
2025-10-18 20:00:00,62821.28164930556,17.221809396810002,18685.924018554688,44118.13582135406,senario_B
2025-10-18 21:00:00,60727.77681423611,0.2961232138673464,20533.98744466146,40193.493246360784,senario_B
2025-10-18 22:00:00,58305.45707248264,0.3819120539973179,23550.91692016601,34754.15824026263,senario_B
2025-10-18 23:00:00,55829.41566948785,0.3733509053703811,25342.952519938153,30486.089798644323,senario_B
2025-10-19 00:00:00,53283.04068576389,0.3693097896377245,27049.037704264323,26233.633671709926,senario_B
2025-10-19 01:00:00,50577.18371419271,0.4297583189606666,29105.54488932292,21471.20906655083,senario_B
2025-10-19 02:00:00,49320.189465060765,0.4167021382682853,31183.007635904945,18136.765127017552,senario_B
2025-10-19 03:00:00,48238.49280056424,0.4566055923865901,32166.300696614584,16071.735498357273,senario_B
2025-10-19 04:00:00,47178.67333984375,0.5358924451304806,30848.218286946612,16329.91916045201,senario_B
2025-10-19 05:00:00,45427.16779730903,0.4058487371189727,28277.48568277995,17149.276265791963,senario_B
2025-10-19 06:00:00,44246.23061523437,0.440392470492257,24925.48512369792,19320.305099065965,senario_B
2025-10-19 07:00:00,44276.33899631076,0.435029257469707,21969.18385904948,22306.720108003814,senario_B
2025-10-19 08:00:00,44425.8274858941,204.25922638042107,19004.772682291667,25216.795577222016,senario_B
2025-10-19 09:00:00,46614.193459201386,9142.139223429362,14687.651269124348,22784.402966647678,senario_B
2025-10-19 10:00:00,51928.75833984375,24621.293585069445,10087.907772623697,17219.556982150607,senario_B
2025-10-19 11:00:00,53853.034057074656,27978.479470486112,7786.4311572265615,18088.123429361982,senario_B
2025-10-19 12:00:00,54627.13239583333,28160.610670030383,6118.897980244954,20347.623745557994,senario_B
2025-10-19 13:00:00,55178.90721137153,27564.98552083333,6707.586639811198,20906.335050727004,senario_B
2025-10-19 14:00:00,56751.71643771701,27205.76719618056,7418.182568359375,22127.766673177077,senario_B
2025-10-19 15:00:00,58729.63192057292,27126.02478732639,8209.083971354166,23394.523161892364,senario_B
2025-10-19 16:00:00,60472.07887695313,27180.396187065973,9259.295741373699,24032.386948513453,senario_B
2025-10-19 17:00:00,61754.121545138885,26460.10988064236,10555.73314860026,24738.278515896265,senario_B
2025-10-19 18:00:00,61463.41005750868,18814.26829155816,12302.959283447268,30346.18248250325,senario_B
2025-10-19 19:00:00,59058.35722222222,3978.186112535265,14241.93013183594,40838.24097785102,senario_B
2025-10-19 20:00:00,57565.30991753472,12.982735334146351,17575.183020833334,39977.14416136724,senario_B
2025-10-19 21:00:00,55722.40050347222,0.2203549445213543,22673.72446004232,33048.45568848538,senario_B
2025-10-19 22:00:00,53471.94825737847,0.1923247938023673,27363.095594075523,26108.660338509144,senario_B
2025-10-19 23:00:00,51163.94455186632,0.2284991157551606,31811.42240234375,19352.293650406813,senario_B
2025-10-20 00:00:00,48021.63111111111,0.3384391426543395,32522.229208170575,15499.063463797887,senario_B
2025-10-20 01:00:00,45358.8220203993,0.492454118910763,32766.76821695964,12591.561349320746,senario_B
2025-10-20 02:00:00,44055.27169704861,0.5713108304142952,33536.07744791667,10518.622938301523,senario_B
2025-10-20 03:00:00,43440.42307942709,0.3798113911102215,33633.91844563802,9806.124822397964,senario_B
2025-10-20 04:00:00,42878.17082465278,0.3803050691882769,33416.059942220054,9461.730577363538,senario_B
2025-10-20 05:00:00,42911.24817057292,0.3878431768963734,32871.74629313152,10039.114034264509,senario_B
2025-10-20 06:00:00,44264.127621527776,0.396983476181825,32800.92771158854,11462.802926463053,senario_B
2025-10-20 07:00:00,46523.30764105903,0.3917467112176948,33289.41865885416,13233.497235493647,senario_B
2025-10-20 08:00:00,47775.47416124132,202.5288107839227,33218.020478515624,14354.924871941774,senario_B
2025-10-20 09:00:00,49751.92310763889,7653.449759521484,31174.756015625,10923.717332492404,senario_B
2025-10-20 10:00:00,54533.87088107639,17547.12281358507,27814.753619791674,9171.99444769965,senario_B
2025-10-20 11:00:00,56047.22434244792,19729.229871961805,27708.408359375,8609.586111111112,senario_B
2025-10-20 12:00:00,57497.496787109376,19787.16897732205,27922.410661621092,9787.917148166234,senario_B
2025-10-20 13:00:00,60039.97116753472,20345.522128363715,26971.135713704425,12723.31332546658,senario_B
2025-10-20 14:00:00,63309.16987196181,21446.294682617183,26095.86135904948,15767.013830295145,senario_B
2025-10-20 15:00:00,65708.00169704862,22098.137475043404,25159.795048828128,18450.069173177086,senario_B
2025-10-20 16:00:00,67978.89329861112,23120.52964084201,24256.041873372396,20602.32178439671,senario_B
2025-10-20 17:00:00,70151.57111111112,22728.85557996962,24583.576641438805,22839.13888970269,senario_B
2025-10-20 18:00:00,70303.81776909722,16652.001423611113,24704.285199381513,28947.531146104593,senario_B
2025-10-20 19:00:00,67783.71547309028,3435.524592658149,23081.09107747396,41267.099802958175,senario_B
2025-10-20 20:00:00,65838.31683810764,9.428104126105708,22899.797304687498,42929.09142929403,senario_B
2025-10-20 21:00:00,63800.430531684025,0.3766413073407279,25729.513088378902,38070.540801997784,senario_B
2025-10-20 22:00:00,61362.039114583335,0.8217099966605504,29882.364126790366,31478.853277796305,senario_B
2025-10-20 23:00:00,58640.07390407986,0.6353416690230369,32086.590387369793,26552.84817504104,senario_B
2025-10-21 00:00:00,55617.54610243056,0.4754760759406619,32900.08255533854,22716.988071016087,senario_B
2025-10-21 01:00:00,53278.35658854167,0.4865814897086885,34505.20495117188,18772.665055880083,senario_B
2025-10-21 02:00:00,51118.94929796007,0.490548967404498,34403.5553914388,16714.903357553863,senario_B
2025-10-21 03:00:00,49683.30041015625,0.5340616040097342,33520.48260091146,16162.283747640773,senario_B
2025-10-21 04:00:00,49136.42698567709,0.5714928752349483,33909.73918701171,15226.116305790143,senario_B
2025-10-21 05:00:00,48693.90340060764,0.5139042907953262,32177.649599609373,16515.73989670747,senario_B
2025-10-21 06:00:00,49389.70837456597,0.5794530065192116,30195.163229166676,19193.965692392776,senario_B
2025-10-21 07:00:00,51019.6805577257,0.5536489489674569,27715.381933593748,23303.74497518298,senario_B
2025-10-21 08:00:00,51617.83676540799,97.5454182842705,26042.984980468747,25477.30636665497,senario_B
2025-10-21 09:00:00,52529.85650173611,6006.340576510959,22939.424428710936,23584.09149651422,senario_B
2025-10-21 10:00:00,57190.16839409722,18972.41589952257,16798.060349934894,21419.69214463976,senario_B
2025-10-21 11:00:00,58878.75822482639,22732.26728515625,17446.176832682293,18700.314106987847,senario_B
2025-10-21 12:00:00,59275.006766493054,22935.066527777777,16623.42415120443,19716.516087510852,senario_B
2025-10-21 13:00:00,60689.10308810764,23902.842121310765,13920.855793863928,22865.405172932944,senario_B
2025-10-21 14:00:00,62831.35153103299,24235.333459743924,9675.371363728842,28920.646707560223,senario_B
2025-10-21 15:00:00,65006.00291232639,24589.93057074653,6869.4389685058595,33546.633373074,senario_B
2025-10-21 16:00:00,66725.61778862847,24557.81407443576,5552.72014444987,36615.08356974284,senario_B
2025-10-21 17:00:00,67509.70826171876,24080.784085828996,4934.88288655599,38494.04128933376,senario_B
2025-10-21 18:00:00,66285.85884982639,16916.51167371962,4471.82454691569,44897.52262919107,senario_B
2025-10-21 19:00:00,61913.84992838542,3398.1082241482204,4313.997887776693,54201.743816460505,senario_B
2025-10-21 20:00:00,59435.74067057292,8.098257108198272,6048.656925150553,53378.98548831417,senario_B
2025-10-21 21:00:00,58315.00000217014,0.3166380021472772,9318.223264567057,48996.46009960093,senario_B
2025-10-21 22:00:00,56834.467161458335,0.3002638723659847,11617.199155273436,45216.96774231254,senario_B
2025-10-21 23:00:00,54173.840336371526,0.3608286740216944,13247.793619791668,40925.68588790584,senario_B
2025-10-22 00:00:00,50732.41078016493,0.3849348858743906,14810.599694824217,35921.42615045484,senario_B
2025-10-22 01:00:00,47918.098532986114,0.3881675879822837,15730.206349283853,32187.50401611428,senario_B
2025-10-22 02:00:00,46099.20587456597,0.4386539605922169,16670.331570638024,29428.435649967352,senario_B
2025-10-22 03:00:00,44395.04044704861,0.4615003633168008,17182.32566731771,27212.253279367585,senario_B
2025-10-22 04:00:00,43262.32539713541,0.4562535240252812,18020.114215494792,25241.754928116596,senario_B
2025-10-22 05:00:00,43374.1756749132,0.43851788090335,19142.415725911458,24231.321431120836,senario_B
2025-10-22 06:00:00,44456.29137803819,0.443326285150316,20511.341904296874,23944.506147456166,senario_B
2025-10-22 07:00:00,46783.31604817708,0.4723368855979707,21277.927107747397,25504.916603544087,senario_B
2025-10-22 08:00:00,47940.21684244792,130.24443848636415,22517.55404622396,25292.418357737595,senario_B
2025-10-22 09:00:00,48827.61951388889,6512.793249986436,22110.844228515623,20203.982035386824,senario_B
2025-10-22 10:00:00,52368.28831380208,19486.442211371526,16689.60635579427,16192.239746636282,senario_B
2025-10-22 11:00:00,54393.88415581597,23621.21986545139,15897.72017578125,14874.94411458333,senario_B
2025-10-22 12:00:00,54558.28176215278,23707.36754123264,16350.257736002604,14500.656484917534,senario_B
2025-10-22 13:00:00,55035.68480685764,23871.913133680555,14554.590133463542,16609.18153971354,senario_B
2025-10-22 14:00:00,56746.60195746528,24127.502259114583,13643.30560872396,18975.79408962674,senario_B
2025-10-22 15:00:00,58314.27393229167,25051.177118055555,12174.749770507813,21088.347043728296,senario_B
2025-10-22 16:00:00,60282.65069444444,25152.696553819445,10660.784390462239,24469.169750162753,senario_B
2025-10-22 17:00:00,61903.34081163195,24569.65384548611,10235.578409016927,27098.108557128908,senario_B
2025-10-22 18:00:00,61644.74615234375,16624.118681640626,10021.884895833333,34998.74257486979,senario_B
2025-10-22 19:00:00,59317.05137369792,3037.1714521450467,10443.18334798177,45836.6965735711,senario_B
2025-10-22 20:00:00,57887.48446397569,4.5109340377979805,13681.897889811196,44201.0756401267,senario_B
2025-10-22 21:00:00,57205.20319878472,0.3083966299063629,18417.937583007813,38786.957219147,senario_B
2025-10-22 22:00:00,55188.78361111111,0.4054530897074275,21792.980875651043,33395.397282370366,senario_B
2025-10-22 23:00:00,52617.29104600695,0.4424933013319969,25568.81082682292,27048.0377258827,senario_B
2025-10-23 00:00:00,50052.88911675348,0.426700211001767,28313.571904296878,21738.890512245605,senario_B
2025-10-23 01:00:00,47341.19905815972,0.4312661016318533,28642.939127604164,18697.828664453926,senario_B
2025-10-23 02:00:00,46337.41142144097,0.5045087105366919,28536.355175781246,17800.551736949186,senario_B
2025-10-23 03:00:00,45581.29456163194,0.4836587022079361,27531.837685546874,18048.97321738286,senario_B
2025-10-23 04:00:00,44573.24896918403,0.4702531951997015,26834.054573567708,17738.724142421124,senario_B
2025-10-23 05:00:00,43989.847845052085,0.4805651373333401,26086.41558268229,17902.951697232464,senario_B
2025-10-23 06:00:00,44980.94274522569,0.5099004557397631,24153.657478841145,20826.775365928806,senario_B
2025-10-23 07:00:00,47305.0174110243,0.5094454021586312,22958.47350423177,24346.034461390373,senario_B
2025-10-23 08:00:00,48438.26340928819,114.78234901501072,21983.05501464844,26340.426045624743,senario_B
2025-10-23 09:00:00,49373.88495659722,4722.6240376790365,21074.5126546224,23576.748264295784,senario_B
2025-10-23 10:00:00,51890.848483072914,13308.81113172743,18078.512563476565,20503.52478786892,senario_B
2025-10-23 11:00:00,54885.08210286458,16690.1500390625,19124.346821289062,19070.585242513018,senario_B
2025-10-23 12:00:00,57580.03831163194,19769.17783420139,17464.010672200522,20346.849805230035,senario_B
2025-10-23 13:00:00,58639.83164713542,18830.911111111112,13500.03358642578,26308.886949598527,senario_B
2025-10-23 14:00:00,61167.68404296875,18351.957341579862,11547.572893066406,31268.153808322488,senario_B
2025-10-23 15:00:00,63287.72074435764,17855.1374609375,10659.325506184896,34773.257777235245,senario_B
2025-10-23 16:00:00,65164.86590928819,17524.344635416666,11096.457945149737,36544.06332872179,senario_B
2025-10-23 17:00:00,65323.25735243056,15002.856998697916,13856.809506022135,36463.59084771051,senario_B
2025-10-23 18:00:00,63796.25342230903,8134.222682562934,17934.319142252603,37727.7115974935,senario_B
2025-10-23 19:00:00,62252.12298828125,1193.5537539566888,21296.121595052085,39762.447639272475,senario_B
2025-10-23 20:00:00,61765.06136935764,0.5007492328404138,25710.30032552083,36054.26029460397,senario_B
2025-10-23 21:00:00,60271.60472873264,0.2060424244569407,27987.851298828118,32283.547387480063,senario_B
2025-10-23 22:00:00,58440.81628689236,0.2866345107886526,29410.54155273438,29029.98809964719,senario_B
2025-10-23 23:00:00,55755.57199869792,0.3206387460397349,26971.307851562502,28783.943508389377,senario_B
2025-10-24 00:00:00,52172.54789713542,0.3696996046106021,24093.940994466146,28078.23720306466,senario_B
2025-10-24 01:00:00,49370.76317057292,0.3632689750360118,23323.72037109375,26046.679530504134,senario_B
2025-10-24 02:00:00,47628.13043402778,0.3470963528917895,25000.952942708333,22626.830394966557,senario_B
2025-10-24 03:00:00,47011.31861762153,0.373422453386916,25720.883229166662,21290.061966001485,senario_B
2025-10-24 04:00:00,46643.27868489584,0.3262325371305147,26621.388837890627,20021.563614468083,senario_B
2025-10-24 05:00:00,46574.56299913194,0.334747129480044,28602.362317708332,17971.86593429413,senario_B
2025-10-24 06:00:00,46919.11785373264,0.3985608629551199,29152.255638020833,17766.463654848856,senario_B
2025-10-24 07:00:00,49028.078930121526,0.4116354668802685,30108.79317708333,18918.874117571315,senario_B
2025-10-24 08:00:00,49971.99618272569,68.49950832211309,30408.00528320312,19495.491391200456,senario_B
2025-10-24 09:00:00,51217.72343532986,2856.2239431084527,28536.606699218748,19824.892793002662,senario_B
2025-10-24 10:00:00,53776.98075086805,7736.698971354167,26333.282766927085,19706.9990125868,senario_B
2025-10-24 11:00:00,56601.82752170139,10304.75037109375,26497.96325520833,19799.113895399303,senario_B
2025-10-24 12:00:00,58111.14480685764,11919.03755750868,25983.59243652344,20208.514812825524,senario_B
2025-10-24 13:00:00,59325.09075737847,11652.75032877604,23950.18142578125,23722.15900282118,senario_B
2025-10-24 14:00:00,60694.42592013889,11570.020162760416,22716.06172363281,26408.344033745663,senario_B
2025-10-24 15:00:00,62327.15917317708,11149.444928385416,22290.188592122395,28887.525652669276,senario_B
2025-10-24 16:00:00,62385.261755642365,9849.793498263887,23156.7933984375,29378.67485894098,senario_B
2025-10-24 17:00:00,63125.96741970486,8925.111725802952,22758.217275390623,31442.63841851128,senario_B
2025-10-24 18:00:00,62042.090991753474,6356.85700764974,20977.95477376302,34707.27921034071,senario_B
2025-10-24 19:00:00,60293.17889973959,1453.585016471015,21820.44812174479,37019.14576152379,senario_B
2025-10-24 20:00:00,59632.67824652778,6.985228115066679,21338.341502278647,38287.35151613406,senario_B
2025-10-24 21:00:00,58567.65327473958,0.2318006696055332,20180.94174153646,38386.47973253352,senario_B
2025-10-24 22:00:00,56459.835668402775,0.2288464859873056,15257.663870442706,41201.94295147408,senario_B
2025-10-24 23:00:00,54376.26036892361,0.3097592226043343,16501.425818277996,37874.52479142301,senario_B
2025-10-25 00:00:00,51821.69931423611,0.335453025996685,15216.966608072915,36604.3972531372,senario_B
2025-10-25 01:00:00,49878.64744140625,0.3188347570432557,15273.39923014323,34604.92937650597,senario_B
2025-10-25 02:00:00,47429.50154513889,0.3165633745657073,14723.20946126302,32705.975520501303,senario_B
2025-10-25 03:00:00,45886.023843315976,0.3155468498998218,11535.667755533854,34350.04054093222,senario_B
2025-10-25 04:00:00,44793.67999565973,0.3033350766367382,9724.517641601562,35068.85901898154,senario_B
2025-10-25 05:00:00,44297.83730685764,0.2954503304097387,9597.133014322917,34700.40884220431,senario_B
2025-10-25 06:00:00,43550.18893229167,0.3129740547471576,8869.504960123699,34680.37099811323,senario_B
2025-10-25 07:00:00,43833.10626302083,0.3098072622550858,8066.909513346354,35765.886942412224,senario_B
2025-10-25 08:00:00,44384.28159505208,23.21632721483708,5414.508993733723,38946.55627410352,senario_B
2025-10-25 09:00:00,45860.046903211805,2363.6674433051217,4291.841432291667,39204.53802761502,senario_B
2025-10-25 10:00:00,49778.61863498264,8325.089026150174,4887.2073710123705,36566.322237820095,senario_B
2025-10-25 11:00:00,52602.58944661458,11673.328796657986,7287.799296875,33641.461353081584,senario_B
2025-10-25 12:00:00,54864.10997395834,13132.242452256944,10143.514938964843,31588.352582736552,senario_B
2025-10-25 13:00:00,55229.23009331597,14185.752899305557,11894.14370279948,29149.33349121093,senario_B
2025-10-25 14:00:00,55274.77224609375,15744.405457899304,10278.479405924478,29251.88738226997,senario_B
2025-10-25 15:00:00,55694.77600911458,15975.290938585067,9038.019990234376,30681.465080295144,senario_B
2025-10-25 16:00:00,56381.87148003472,14532.960808376736,9405.42770263672,32443.482969021265,senario_B
2025-10-25 17:00:00,56336.69667317708,11876.98584092882,8586.615420735678,35873.09541151258,senario_B
2025-10-25 18:00:00,55355.77697482639,8219.169632161458,7329.001660156251,39807.60568250868,senario_B
2025-10-25 19:00:00,54010.39146484375,1814.2368716133965,5747.971693929037,46448.18289930132,senario_B
2025-10-25 20:00:00,53611.41044487847,3.1656643895473744,5958.08907023112,47650.1557102578,senario_B
2025-10-25 21:00:00,52613.53422309028,0.0968544322500626,5589.240979003906,47024.19638965412,senario_B
2025-10-25 22:00:00,51498.78981336806,0.1837249557839499,5362.113813069662,46136.49227534261,senario_B
2025-10-25 23:00:00,49574.18013671875,0.2547048275338279,5136.823664957683,44437.10176693353,senario_B
2025-10-26 00:00:00,47977.44426215278,0.2561286835703585,4523.06406982422,43454.12406364499,senario_B
2025-10-26 01:00:00,45949.15109157986,0.3732884239157041,4493.03875406901,41455.73904908693,senario_B
2025-10-26 02:00:00,44472.57909939236,0.3366535595721668,4355.465054117838,40116.777391714946,senario_B
2025-10-26 03:00:00,43647.25473090278,0.3389223038487964,4282.666797281901,39364.249011317035,senario_B
2025-10-26 04:00:00,42897.55839192709,0.3511992731028133,4706.057784423828,38191.14940823016,senario_B
2025-10-26 05:00:00,42291.740759548615,0.3346750491195255,4869.365886230469,37422.040198269024,senario_B
2025-10-26 06:00:00,42035.52191189236,0.3480151219831572,5553.451384684245,36481.72251208613,senario_B
2025-10-26 07:00:00,42438.14105034722,0.3450837038622962,5935.03560180664,36502.76036483672,senario_B
2025-10-26 08:00:00,42930.580907118056,16.404049545890754,5538.015732421875,37376.16112515029,senario_B
2025-10-26 09:00:00,44618.34366970486,2939.9474779086645,5343.831180419922,36334.56501137627,senario_B
2025-10-26 10:00:00,47692.79345486111,11156.957709960938,4004.7986041259765,32531.037140774195,senario_B
2025-10-26 11:00:00,49954.545909288194,15731.149448784725,2468.776524658203,31754.61993584527,senario_B
2025-10-26 12:00:00,52203.24021484375,18479.93562282986,2145.4267799886065,31577.877812025275,senario_B
2025-10-26 13:00:00,54171.63157118056,20114.021605902777,2065.465087483724,31992.144877794053,senario_B
2025-10-26 14:00:00,55893.00438802083,22251.67102647569,1979.2565128580732,31662.07684868707,senario_B
2025-10-26 15:00:00,56678.12950520834,23398.056770833333,2283.780580444336,30996.29215393067,senario_B
2025-10-26 16:00:00,58076.05081380208,23579.15614149305,2769.5733854166665,31727.321286892366,senario_B
2025-10-26 17:00:00,59200.70955512152,23293.62657118056,3300.114182128906,32606.96880181205,senario_B
2025-10-26 18:00:00,59149.91927300347,15750.765422092014,3274.4815051269534,40124.6723457845,senario_B
2025-10-26 19:00:00,57051.57376736112,2649.03371357388,4205.1918273925785,50197.348226394664,senario_B
2025-10-26 20:00:00,55877.27577256945,2.0886676049853365,7878.476477864584,47996.71062709988,senario_B
2025-10-26 21:00:00,54967.55505425347,0.0624588611349463,12692.15209391276,42275.34050147958,senario_B
2025-10-26 22:00:00,53457.847580295136,0.2693559362118443,15276.228727213544,38181.349497145384,senario_B
2025-10-26 23:00:00,50784.52312934028,0.3211391239033805,16081.089189453127,34703.11280076325,senario_B
2025-10-27 00:00:00,48150.56853081597,0.3187562384208043,16872.59531901042,31277.654455567128,senario_B
2025-10-27 01:00:00,46267.77605251736,0.3206127512786123,17325.728697916667,28941.72674184941,senario_B
2025-10-27 02:00:00,44613.97517578125,0.3276275541716151,17181.644560546876,27432.0029876802,senario_B
2025-10-27 03:00:00,43399.270496961806,0.3711118662688467,16512.577399088543,26886.321986006995,senario_B
2025-10-27 04:00:00,42759.61583767361,0.4131505426433351,16711.12614908854,26048.07653804243,senario_B
2025-10-27 05:00:00,42810.74303602431,0.3950804842511813,15872.87678873698,26937.471166803076,senario_B
2025-10-27 06:00:00,44345.82306857639,0.4139215815398428,16424.912185872396,27920.49696112246,senario_B
2025-10-27 07:00:00,46642.77317708333,0.3799697365694576,16838.78436686198,29803.60884048478,senario_B
2025-10-27 08:00:00,48330.628205295136,57.92694135202302,16682.069552408855,31590.631711534257,senario_B
2025-10-27 09:00:00,49518.71587022569,4121.891039767796,14620.17108072917,30776.653749728728,senario_B
2025-10-27 10:00:00,53289.44114583333,13174.357125651042,12190.514806315105,27924.56921386718,senario_B
2025-10-27 11:00:00,55741.26822916666,17809.8059125434,9731.482727864583,28199.979588758673,senario_B
2025-10-27 12:00:00,57662.93364149306,20873.034594184028,7997.450071614583,28792.448975694446,senario_B
2025-10-27 13:00:00,58185.35360243056,23172.809092881944,6252.459935709636,28760.084573838976,senario_B
2025-10-27 14:00:00,59836.40228081597,23647.20766710069,4663.079443766275,31526.115169949007,senario_B
2025-10-27 15:00:00,62417.24521267361,23831.02413845486,3820.407041015625,34765.81403320312,senario_B
2025-10-27 16:00:00,64445.17318793403,24180.81891059028,3936.396170654297,36327.95810668945,senario_B
2025-10-27 17:00:00,66081.97027777777,23219.788782552085,5147.407741292318,37714.77375393336,senario_B
2025-10-27 18:00:00,65230.30838107639,15380.154478624132,6748.588157552083,43101.56574490018,senario_B
2025-10-27 19:00:00,61308.13490885417,2583.862961177826,8909.103905436197,49815.16804224015,senario_B
2025-10-27 20:00:00,60221.04202690972,1.7899530315895875,13780.614077962238,46438.637995915895,senario_B
2025-10-27 21:00:00,60342.23891059028,0.2309396394424968,20435.655332031252,39906.35263891958,senario_B
2025-10-27 22:00:00,58645.9708203125,0.3124748403330644,23906.33182291667,34739.32652255549,senario_B
2025-10-27 23:00:00,55587.29317057291,0.384229618344042,26187.25678385417,29399.6521571004,senario_B
2025-10-28 00:00:00,53049.16449001736,0.3930875817934672,27109.650732421873,25939.120670013694,senario_B
2025-10-28 01:00:00,50205.408448350696,0.40049460493856,26449.132734375,23755.875219370755,senario_B
2025-10-28 02:00:00,48230.38969184028,0.3856564220454958,25219.476191406247,23010.527844011987,senario_B
2025-10-28 03:00:00,47021.22784071181,0.4065006228950288,24544.83861816406,22475.982721924855,senario_B
2025-10-28 04:00:00,46074.1537890625,0.3956905271278487,24095.009213867186,21978.748884668184,senario_B
2025-10-28 05:00:00,46351.86558376736,0.4066372166739569,25611.723470052082,20739.735476498605,senario_B
2025-10-28 06:00:00,47541.57695529514,0.4205190351936552,27354.090319010415,20187.06611724953,senario_B
2025-10-28 07:00:00,50125.76234375,0.4115982461637921,30201.87013997396,19923.480605529876,senario_B
2025-10-28 08:00:00,51938.64921657986,38.29595982942316,34175.13049804688,17725.22275870356,senario_B
2025-10-28 09:00:00,52702.61164930555,3499.448876037597,33752.520410156256,15450.6423631117,senario_B
2025-10-28 10:00:00,55966.64981119792,10056.870020073784,32565.676500651032,13344.103290473104,senario_B
2025-10-28 11:00:00,58476.24437717014,11835.554506293403,33440.87776367187,13199.81210720486,senario_B
2025-10-28 12:00:00,59157.071605902776,12030.813713107638,31869.228678385418,15257.029214409722,senario_B
2025-10-28 13:00:00,60983.22940321181,13341.83466688368,30533.25650065104,17108.138235677085,senario_B
2025-10-28 14:00:00,61697.70074869792,13763.926185980905,28964.85755859375,18968.917004123265,senario_B
2025-10-28 15:00:00,62495.43168185764,14029.942374131944,26780.582796223956,21684.906511501744,senario_B
2025-10-28 16:00:00,62717.97646050347,13831.13740342882,25837.12562174479,23049.713435329864,senario_B
2025-10-28 17:00:00,62098.448502604166,12728.74191189236,26885.91221354167,22483.79437717014,senario_B
2025-10-28 18:00:00,60459.981089409725,9244.647903103298,28564.70916015625,22650.624026150173,senario_B
2025-10-28 19:00:00,58370.277428385416,1874.8860810979209,31776.21658528646,24719.174762001032,senario_B
2025-10-28 20:00:00,57510.356171875,0.9960698996091054,33926.784319661456,23582.575782313936,senario_B
2025-10-28 21:00:00,55824.44062065972,0.298367128951682,35806.489606119794,20017.65264741097,senario_B
2025-10-28 22:00:00,52931.227671440975,0.2026033314896954,35484.67351888021,17446.35154922927,senario_B
2025-10-28 23:00:00,49706.11504991319,0.2361694892330302,35426.72028645833,14279.158593965629,senario_B
2025-10-29 00:00:00,47157.29712456597,0.1871529842788974,37113.13085205078,10043.979119530915,senario_B
2025-10-29 01:00:00,44523.20600368924,0.1881263701783286,37674.58912109375,6848.428756225316,senario_B
2025-10-29 02:00:00,42909.79811306424,0.1974627720978524,36899.60286132812,6009.997788964014,senario_B
2025-10-29 03:00:00,41968.00476128472,0.2242501760274171,35880.434350585936,6087.346160522757,senario_B
2025-10-29 04:00:00,41560.5422905816,0.249190939122604,35596.865606282554,5963.427493359923,senario_B
2025-10-29 05:00:00,41724.842921006944,0.2739822376602225,35850.80327148438,5873.765667284904,senario_B
2025-10-29 06:00:00,42763.75908528646,0.2530521064086093,35829.79416259765,6933.711870582396,senario_B
2025-10-29 07:00:00,45236.368352864585,0.2266882400545809,36056.18879231771,9179.952872306814,senario_B
2025-10-29 08:00:00,46415.02032226563,105.45891598564056,35878.64720052084,10430.914205759145,senario_B
2025-10-29 09:00:00,48419.65527560764,7001.1526649983725,34331.13282714844,7087.369783460832,senario_B
2025-10-29 10:00:00,51676.98253472222,16530.75431749132,30902.93958984375,4243.288627387155,senario_B
2025-10-29 11:00:00,50990.95262369792,15797.941278211803,32283.157685546877,2909.853659939243,senario_B
2025-10-29 12:00:00,50049.33482313368,15110.614833170574,32670.17572265625,2268.5442673068574,senario_B
2025-10-29 13:00:00,49019.5324717882,15006.932850477431,31605.386604817708,2407.213016493064,senario_B
2025-10-29 14:00:00,48547.29720594618,15256.333046061198,30933.104574381512,2357.8595855034728,senario_B
2025-10-29 15:00:00,48106.58477430556,15305.490367838542,30468.04670898438,2333.047697482638,senario_B
2025-10-29 16:00:00,48227.69238498264,15548.00134765625,29933.79898763021,2745.89204969618,senario_B
2025-10-29 17:00:00,48414.96966796875,14798.708082411023,29392.447115071613,4223.8144704861115,senario_B
2025-10-29 18:00:00,48666.66851888021,12419.414594184029,28603.493870442704,7643.760054253478,senario_B
2025-10-29 19:00:00,48469.99512369792,2573.7158463075425,24971.651235351565,20924.628042038814,senario_B
2025-10-29 20:00:00,49515.62700954861,1.1707953321354256,19617.8115633138,29896.644650902672,senario_B
2025-10-29 21:00:00,49321.91433051216,0.2731154379579756,18474.0184375,30847.622777574205,senario_B
2025-10-29 22:00:00,48544.18963107639,0.2861167074243227,17183.879075520832,31360.024438848137,senario_B
2025-10-29 23:00:00,46044.37567165799,0.3575811346703105,15604.201218668619,30439.816871854702,senario_B
2025-10-30 00:00:00,44013.65442491319,0.3929719465639856,13667.81502604167,30345.446426924955,senario_B
2025-10-30 01:00:00,42736.113052300345,0.3887001164009174,12241.1450394694,30494.57931271454,senario_B
2025-10-30 02:00:00,41831.82454427084,0.3772487354112996,11083.56868326823,30747.8786122672,senario_B
2025-10-30 03:00:00,41613.86115017361,0.4032485591537422,9837.10217956543,31776.355722049026,senario_B
2025-10-30 04:00:00,41255.15734809028,0.4127969620211257,8345.499444173178,32909.24510695508,senario_B
2025-10-30 05:00:00,41525.319748263886,0.4394421366022693,7119.115578206381,34405.764727920905,senario_B
2025-10-30 06:00:00,43459.05199435764,0.4122528158376614,5969.295450236003,37489.344291305795,senario_B
2025-10-30 07:00:00,46713.67904079861,0.4019625684950086,5612.0658296712245,41101.21124855889,senario_B
2025-10-30 08:00:00,48278.14336805556,90.52331375198231,5529.91976155599,42657.700292747584,senario_B
2025-10-30 09:00:00,49081.15111979167,7456.681016031901,5018.946967773438,36605.52313598633,senario_B
2025-10-30 10:00:00,50472.58927734375,23674.65653862847,3329.1633445231123,23468.769394192168,senario_B
2025-10-30 11:00:00,49533.90424262153,27707.25520182292,2182.272823893229,19644.37621690538,senario_B
2025-10-30 12:00:00,49305.88569661458,27639.747996961807,3542.2018993123384,18123.935800340438,senario_B
2025-10-30 13:00:00,49404.761330295136,26896.50840060764,4352.816001383464,18155.436928304032,senario_B
2025-10-30 14:00:00,48523.16523328993,26574.36837673611,3817.7343018595384,18131.062554694283,senario_B
2025-10-30 15:00:00,48524.12102864583,26875.46174045139,3118.7423126220706,18529.91697557237,senario_B
2025-10-30 16:00:00,49037.36998046875,27368.978908962672,2565.4819395955406,19102.909131910536,senario_B
2025-10-30 17:00:00,49540.11245985243,26661.911408962675,2461.3297815450032,20416.871269344756,senario_B
2025-10-30 18:00:00,49258.809390190974,17227.808786621095,2362.594005432129,29668.40659813775,senario_B
2025-10-30 19:00:00,49140.37550672743,2713.666346350776,2978.664390004476,43448.04477037218,senario_B
2025-10-30 20:00:00,49595.53525390625,213.4355751715766,4658.306101888021,44723.793576846656,senario_B
2025-10-30 21:00:00,48700.653636067706,210.50590816921655,7029.756993204753,41460.390734693734,senario_B
2025-10-30 22:00:00,48020.22340169271,98.21751112964418,9885.976979980469,38036.028910582594,senario_B
2025-10-30 23:00:00,46924.7921375868,0.3067897332708041,11976.288184407553,34948.19716344598,senario_B
2025-10-31 00:00:00,44797.13880208333,0.3267121126088831,12523.233736979168,32273.578352991553,senario_B
2025-10-31 01:00:00,43682.446820746525,0.2897907333241569,11900.612315673829,31781.544714339372,senario_B
2025-10-31 02:00:00,43586.05391276041,0.2846848392486572,12353.776255696615,31231.992972224547,senario_B
2025-10-31 03:00:00,42970.273178168405,0.3004066702640718,11432.42207865397,31537.550692844172,senario_B
2025-10-31 04:00:00,42149.19741970486,0.3245537202556928,9685.37955810547,32463.49330787914,senario_B
2025-10-31 05:00:00,42683.06548611111,0.329147264311711,8260.207394612631,34422.52894423417,senario_B
2025-10-31 06:00:00,44269.5471484375,0.3551153880688879,7483.585661621094,36785.60637142834,senario_B
2025-10-31 07:00:00,46498.79720377604,0.3574444393316904,7092.23019124349,39406.20956809322,senario_B
2025-10-31 08:00:00,48126.44755859375,83.74147153907352,7517.538870442709,40525.16721661196,senario_B
2025-10-31 09:00:00,49518.03415364584,7174.0804930284285,9067.765884806315,33276.1877758111,senario_B
2025-10-31 10:00:00,51234.97046440972,23050.993037109376,8055.496847330729,20128.48057996962,senario_B
2025-10-31 11:00:00,50377.86692057292,27203.25336642795,6550.531311848958,16624.08224229601,senario_B
2025-10-31 12:00:00,50240.38868489584,26469.704672309028,8899.410982259114,14871.2730303277,senario_B
2025-10-31 13:00:00,50259.57799045139,25653.85671875,10785.039553222658,13820.681718478732,senario_B
2025-10-31 14:00:00,50230.352814670136,24372.226493055558,13060.668850911457,12797.45747070312,senario_B
2025-10-31 15:00:00,49775.52077365451,23428.92883843316,15136.63817179362,11209.953763427733,senario_B
2025-10-31 16:00:00,49481.08360894097,22488.422584635417,15915.733413085936,11076.927611219618,senario_B
2025-10-31 17:00:00,49997.00560112847,21488.66349826389,16732.218291015623,11776.123811848956,senario_B
2025-10-31 18:00:00,49736.088038194444,14599.265680881075,18135.09029296875,17001.732064344622,senario_B
2025-10-31 19:00:00,48312.32647026909,2144.549206592772,17684.13735026042,28483.639913415893,senario_B
2025-10-31 20:00:00,47336.92184787327,0.3959644042783313,23465.268548177082,23871.257335291913,senario_B
2025-10-31 21:00:00,46925.87591579861,0.1587179859230915,31155.57752278645,15770.139675026243,senario_B
2025-10-31 22:00:00,46471.79988715277,0.3322998765607675,34618.3467985026,11853.12078877361,senario_B
2025-10-31 23:00:00,45397.18389539931,0.2859278383768267,35197.56827067057,10199.32969689036,senario_B
2025-11-01 00:00:00,43536.3566547309,0.3730901948693725,34969.94699625651,8566.036568279516,senario_B
2025-11-01 01:00:00,42019.34439236111,0.4152642591463195,34578.46337239584,7440.465755706129,senario_B
2025-11-01 02:00:00,41784.20679253472,0.4159753505057759,33564.76637044272,8219.024446741496,senario_B
2025-11-01 03:00:00,40955.20987196181,0.4158789069122738,31998.472394205728,8956.321598849168,senario_B
2025-11-01 04:00:00,40146.88542209201,0.3979268160545163,29447.281137695314,10699.206357580642,senario_B
2025-11-01 05:00:00,40168.081484375,0.4628717413793007,24220.97233154297,15946.646281090649,senario_B
2025-11-01 06:00:00,40484.836022135416,0.4545526355339421,21498.86528930664,18985.51618019324,senario_B
2025-11-01 07:00:00,41160.69326063368,0.450261472331153,20543.304697265623,20616.938301895723,senario_B
2025-11-01 08:00:00,42365.77851779514,52.44898937503497,21730.044916992185,20583.284611427916,senario_B
2025-11-01 09:00:00,43946.600286458335,3279.573354831272,21274.367078450523,19392.65985317654,senario_B
2025-11-01 10:00:00,46516.83129340278,12952.414294162329,18197.460986328126,15366.956012912324,senario_B
2025-11-01 11:00:00,48197.77507052951,15673.87919514974,17040.213316650388,15483.682558729382,senario_B
2025-11-01 12:00:00,49226.35103298611,16244.492693142362,17489.540388590496,15492.317951253252,senario_B
2025-11-01 13:00:00,49988.47531901042,16712.624114583334,16933.83134277344,16342.019861653644,senario_B
2025-11-01 14:00:00,49575.89001519097,16780.49809027778,14768.042744140625,18027.349180772562,senario_B
2025-11-01 15:00:00,49421.12189561632,17457.38624782986,12360.347870686848,19603.38777709961,senario_B
2025-11-01 16:00:00,49967.47676215278,17641.443062065973,11345.613212076823,20980.420488009982,senario_B
2025-11-01 17:00:00,50216.14327690972,15705.482544487848,11075.15644124349,23435.50429117839,senario_B
2025-11-01 18:00:00,49073.49470052083,9792.683074001736,10995.996205240885,28284.815421278206,senario_B
2025-11-01 19:00:00,48615.94431532118,1650.4264720111423,10193.249959513347,36772.26788379669,senario_B
2025-11-01 20:00:00,47601.780855034725,0.4699529171983401,9134.904908040366,38466.40599407716,senario_B
2025-11-01 21:00:00,46314.58815104167,0.0333274304690874,9014.797670084634,37299.75715352657,senario_B
2025-11-01 22:00:00,45892.47959092882,0.0478458899259567,10917.456531778971,34974.975213259924,senario_B
2025-11-01 23:00:00,44917.30414171007,0.1420228679747217,11707.17536682129,33209.9867520208,senario_B
2025-11-02 00:00:00,43508.21600477431,0.2852306325733661,12846.907343139646,30661.02343100209,senario_B
2025-11-02 01:00:00,42862.30937282986,0.2907581183562676,13702.498119303385,29159.520495408124,senario_B
2025-11-02 01:00:00,42862.30937282986,0.3068081289198663,13702.498119303385,29159.50444539756,senario_B
2025-11-02 01:00:00,42182.71348198785,0.2907581183562676,14788.876049804687,27393.546674064808,senario_B
2025-11-02 01:00:00,42182.71348198785,0.3068081289198663,14788.876049804687,27393.530624054245,senario_B
2025-11-02 02:00:00,40784.65986979166,0.3093588359902302,15518.288168945313,25266.06234201036,senario_B
2025-11-02 03:00:00,39977.21381727431,0.3030406341039472,14984.91974243164,24991.99103420856,senario_B
2025-11-02 04:00:00,39721.30250759549,0.3045092704064316,14104.591687011718,25616.406311313363,senario_B
2025-11-02 05:00:00,39541.53417209201,0.3260428551501698,14058.433302408856,25482.774826828005,senario_B
2025-11-02 06:00:00,40264.271089409725,0.3158634831425216,14496.536890055337,25767.418335871247,senario_B
2025-11-02 07:00:00,41135.858860677086,49.77551875954701,15435.920792643228,25650.16254927431,senario_B
2025-11-02 08:00:00,42421.85832465278,5900.28224073622,16545.57791829427,19975.998165622288,senario_B
2025-11-02 09:00:00,46111.43651801215,20484.99685763889,14293.39666829427,11333.042992078994,senario_B
2025-11-02 10:00:00,47897.90060329861,25756.61440755208,12710.161458333334,9431.124737413194,senario_B
2025-11-02 11:00:00,46954.100110677085,23761.75894097222,14563.873868815102,8628.467300889763,senario_B
2025-11-02 12:00:00,46524.77054904514,23357.953627387156,14358.15377726237,8808.663144395614,senario_B
2025-11-02 13:00:00,47292.22908854167,24562.001803385418,13908.187236328125,8822.04004882813,senario_B
2025-11-02 14:00:00,47341.18313693576,24809.661209309896,13479.759586588541,9051.762341037323,senario_B
2025-11-02 15:00:00,47953.97497829861,25491.449353298613,13271.248195800781,9191.277429199217,senario_B
2025-11-02 16:00:00,48821.76155273437,24803.383881293405,13030.912842610676,10987.464828830292,senario_B
2025-11-02 17:00:00,48996.52756835937,15829.183346896702,14333.046941324872,18834.2972801378,senario_B
2025-11-02 18:00:00,48467.75435112848,2089.4112550523546,14783.813216145834,31594.52987993029,senario_B
2025-11-02 19:00:00,49527.4069390191,0.2645572338770661,22229.825752360026,27297.316629425193,senario_B
2025-11-02 20:00:00,49322.17349175347,0.5026199303153488,30000.970283203125,19320.700588620028,senario_B
2025-11-02 21:00:00,48742.12526475694,0.7972793271475368,34627.38862630208,14113.939359127711,senario_B
2025-11-02 22:00:00,47213.61282552083,0.9739937081601884,35552.958509114585,11659.680322698085,senario_B
2025-11-02 23:00:00,45132.71449435764,0.8991859396961001,35330.0656673177,9801.749641100243,senario_B
2025-11-03 00:00:00,43168.04162651909,0.9324850244820118,34922.13954671224,8244.969594782364,senario_B
2025-11-03 01:00:00,42065.09858723958,0.8297457601626714,34931.13290039062,7133.135941088796,senario_B
2025-11-03 02:00:00,41612.40852864584,0.9191807704501682,34739.15642903646,6872.3329188389325,senario_B
2025-11-03 03:00:00,40973.42481119792,0.822872745576832,33525.29720458984,7447.3047338624965,senario_B
2025-11-03 04:00:00,40730.80181640625,0.6047597418891059,32574.810582682294,8155.386473982071,senario_B
2025-11-03 05:00:00,41081.625703125,0.4893131044507026,30505.0201155599,10576.116274460648,senario_B
2025-11-03 06:00:00,43056.43183376736,0.4935861467487282,27996.707079264314,15059.231168356302,senario_B
2025-11-03 07:00:00,46002.21995117187,50.62299010349645,26730.34280598958,19221.254155078794,senario_B
2025-11-03 08:00:00,47808.53947916667,6432.404710727268,26355.668260091148,15020.46650834825,senario_B
2025-11-03 09:00:00,51583.90715277778,21142.106398654512,20953.513754882813,9488.286999240452,senario_B
2025-11-03 10:00:00,50884.510481770834,24737.124325629346,17015.73903930664,9131.647116834847,senario_B
2025-11-03 11:00:00,49187.1794780816,25296.04780707465,14926.683906250004,8964.447764756944,senario_B
2025-11-03 12:00:00,48914.3894672309,25762.913533528645,11519.94375427246,11631.532179429798,senario_B
2025-11-03 13:00:00,49359.2875390625,25477.859211154515,10311.086869710287,13570.341458197696,senario_B
2025-11-03 14:00:00,50410.8600640191,25607.963929036458,11180.95256205241,13621.943572930233,senario_B
2025-11-03 15:00:00,51887.80390190972,25939.88916015625,13365.756641438802,12582.158100314668,senario_B
2025-11-03 16:00:00,52680.71955837674,24555.11130859375,16196.892418619791,11928.715831163197,senario_B
2025-11-03 17:00:00,52765.57796223959,15267.416698676216,18521.42548502604,18976.73577853734,senario_B
2025-11-03 18:00:00,52014.22807725694,2002.339975063801,20650.942486979166,29360.94561521398,senario_B
2025-11-03 19:00:00,52711.87397460938,0.4018511922491921,28120.771694335937,24590.700429081193,senario_B
2025-11-03 20:00:00,51651.745131293406,1.1026024686627918,35063.66948567708,16586.973043147664,senario_B
2025-11-03 21:00:00,50398.5367686632,1.2306182738807467,36738.51548177084,13658.79066861848,senario_B
2025-11-03 22:00:00,48661.573342013886,1.1738390697373284,36053.61643229167,12606.783070652484,senario_B
2025-11-03 23:00:00,46414.47740234375,0.9741358045074676,35937.66062825521,10475.842638284033,senario_B
2025-11-04 00:00:00,44454.55781684028,0.8842785078452693,35827.4680485026,8626.205489829837,senario_B
2025-11-04 01:00:00,42655.47895724826,1.1409327353371514,35555.57116129557,7098.766863217352,senario_B
2025-11-04 02:00:00,41806.59152126736,0.9357387444708084,35123.87467773438,6681.781104788512,senario_B
2025-11-04 03:00:00,41493.986516927085,0.7815721678733826,34909.48919596354,6583.715748795672,senario_B
2025-11-04 04:00:00,41114.21349934896,0.9843737716144986,34635.468705240884,6477.760420336461,senario_B
2025-11-04 05:00:00,41265.50637044271,1.0251072095500098,33666.64275390625,7597.83850932691,senario_B
2025-11-04 06:00:00,43101.25029079861,1.1224344408512117,33489.28384440104,9610.844011956717,senario_B
2025-11-04 07:00:00,45770.907550998265,46.09853934248289,32883.95102539063,12840.857986265153,senario_B
2025-11-04 08:00:00,47168.18071180556,5380.961627502442,31280.712506510416,10506.506577792697,senario_B
2025-11-04 09:00:00,49687.74520182292,17662.574366319444,24883.40740966797,7141.76342583551,senario_B
2025-11-04 10:00:00,50866.85885199653,21353.89016547309,23328.391285807287,6184.577400716149,senario_B
2025-11-04 11:00:00,51188.27095703125,20946.34741210937,25292.055861002606,4949.867683919274,senario_B
2025-11-04 12:00:00,50300.1657671441,20689.473096788195,24213.24335123698,5397.449319118925,senario_B
2025-11-04 13:00:00,50612.967736545135,21315.12293674045,23358.265056559245,5939.579743245442,senario_B
2025-11-04 14:00:00,51908.26292317709,22162.021050347223,23184.960105794275,6561.281767035594,senario_B
2025-11-04 15:00:00,52937.38453993056,22660.32878417969,23260.30704996745,7016.748705783419,senario_B
2025-11-04 16:00:00,54038.84022352431,21642.073563368056,23878.022887369796,8518.74377278646,senario_B
2025-11-04 17:00:00,54245.09680772569,13333.198401963977,26061.60618815104,14850.292217610673,senario_B
2025-11-04 18:00:00,53722.350556640624,1790.6648286738662,28329.336936035164,23602.348791931596,senario_B
2025-11-04 19:00:00,53688.506985677086,0.557703760912021,34747.24069661458,18940.708585301596,senario_B
2025-11-04 20:00:00,52809.12121636285,0.8948277647627725,38025.12408528646,14783.102303311629,senario_B
2025-11-04 21:00:00,51585.28920572917,1.0834705614381366,39116.99994140625,12467.20579376148,senario_B
2025-11-04 22:00:00,49855.14984157986,1.4202067970236143,39121.82591308594,10731.9037216969,senario_B
2025-11-04 23:00:00,47738.68404730903,1.393206533855862,39055.10817382812,8682.182666947047,senario_B
2025-11-05 00:00:00,45570.481796875,1.141953643725978,38543.562813313794,7025.777029917481,senario_B
2025-11-05 01:00:00,43860.323485243054,0.8216134853164355,38180.30410481771,5679.197766940029,senario_B
2025-11-05 02:00:00,43033.58124565972,0.8002810472581121,37529.47518554688,5503.30577906558,senario_B
2025-11-05 03:00:00,42945.93933159722,0.9006671859489547,37559.24648763021,5385.792176781062,senario_B
2025-11-05 04:00:00,42060.10785590278,0.7994113745292027,36789.933863932296,5269.374580595955,senario_B
2025-11-05 05:00:00,41839.980377604166,0.7525635692477226,34976.10144205729,6863.126371977625,senario_B
2025-11-05 06:00:00,43496.73548177083,0.7199699590603511,32989.378574218754,10506.636937593015,senario_B
2025-11-05 07:00:00,46293.544652777775,28.556135680360928,31283.657132161457,14981.331384935958,senario_B
2025-11-05 08:00:00,48010.42540798611,5544.61438293457,28771.32797200521,13694.483053046337,senario_B
2025-11-05 09:00:00,51733.8533984375,20526.999204644097,20040.550097656247,11166.304096137159,senario_B
2025-11-05 10:00:00,51644.44251736111,25766.20559244792,13924.407916666667,11953.829008246521,senario_B
2025-11-05 11:00:00,51176.37549913194,25811.05819444445,10830.942795410156,14534.374509277332,senario_B
2025-11-05 12:00:00,52201.32819010417,25422.693326822915,7703.468806152345,19075.16605712891,senario_B
2025-11-05 13:00:00,53561.49354600695,25094.17464192708,6859.122536621094,21608.196367458775,senario_B
2025-11-05 14:00:00,55434.70180989584,25239.74970052083,6265.639496663412,23929.3126127116,senario_B
2025-11-05 15:00:00,57095.52500434028,25707.913804253472,6547.788252766927,24839.822947319877,senario_B
2025-11-05 16:00:00,58520.27757378472,24696.89425998264,7649.897823893229,26173.48548990885,senario_B
2025-11-05 17:00:00,58440.55197482639,14684.289458007812,8931.83017985026,34824.43233696832,senario_B
2025-11-05 18:00:00,55931.96200954861,1726.5387696323792,11080.083006998699,43125.34023291753,senario_B
2025-11-05 19:00:00,56087.82490451389,0.2859669033437967,16458.882666015626,39628.65627159492,senario_B
2025-11-05 20:00:00,55511.270920138886,0.3371157756282223,21799.137154947915,33711.796649415344,senario_B
2025-11-05 21:00:00,53928.18680121528,0.3278268970052401,23262.692939453125,30665.16603486515,senario_B
2025-11-05 22:00:00,52335.37030381944,0.4063434359927972,23658.180862630208,28676.783097753243,senario_B
2025-11-05 23:00:00,49851.25144097222,0.5115284172362752,21597.752626953126,28252.98728560186,senario_B
2025-11-06 00:00:00,46810.958671875,0.5268224189016554,18045.128413085942,28765.30343637016,senario_B
2025-11-06 01:00:00,44729.863211805554,0.5543338223629528,14840.868118489585,29888.440759493606,senario_B
2025-11-06 02:00:00,43038.60309461805,0.5464451064334975,11286.828410644532,31751.228238867083,senario_B
2025-11-06 03:00:00,41892.59338975694,0.5352530135711034,9194.56980061849,32697.48833612488,senario_B
2025-11-06 04:00:00,41813.18361111111,0.49049172103405,8458.231001790364,33354.46211759971,senario_B
2025-11-06 05:00:00,42341.63364583333,0.5213014904326863,8324.326517740885,34016.78582660202,senario_B
2025-11-06 06:00:00,43928.923624131945,0.5555566072132853,8452.649877115886,35475.71819040884,senario_B
2025-11-06 07:00:00,45911.87037326389,24.4052112858163,9078.87514811198,36808.590013866095,senario_B
2025-11-06 08:00:00,47555.49420138889,4934.093775634766,9079.452093098958,33541.94833265516,senario_B
2025-11-06 09:00:00,52039.80837239583,19764.36792860243,6667.5893147786455,25607.851129014758,senario_B
2025-11-06 10:00:00,52761.87534288195,25049.24854383681,4893.091490478517,22819.53530856662,senario_B
2025-11-06 11:00:00,53241.797087673614,24992.855190972223,6120.370402018229,22128.571494683165,senario_B
2025-11-06 12:00:00,53805.15015625,23826.4062109375,7772.220642089845,22206.523303222653,senario_B
2025-11-06 13:00:00,55113.97137586806,23124.808936631944,9628.193409016927,22360.96903021919,senario_B
2025-11-06 14:00:00,57582.34255642361,24066.14788628472,11646.62539550781,21869.569274631078,senario_B
2025-11-06 15:00:00,59363.46273871528,24216.72398220486,14916.765462239586,20229.97329427083,senario_B
2025-11-06 16:00:00,60319.80843315972,22671.08178059896,17586.370193684896,20062.35645887586,senario_B
2025-11-06 17:00:00,59628.46526475695,13467.36571750217,21305.285348307294,24855.814198947486,senario_B
2025-11-06 18:00:00,58089.49932942708,1560.194640018675,21235.1421085612,35294.162580847216,senario_B
2025-11-06 19:00:00,57220.08853298611,3.3716323051518864,26850.951169433596,30365.765731247368,senario_B
2025-11-06 20:00:00,56207.28806206597,0.9944465534554588,33425.97314453125,22780.320470981263,senario_B
2025-11-06 21:00:00,54904.841714409726,1.0817565193772316,37223.0292976888,17680.730660201545,senario_B
2025-11-06 22:00:00,53230.276627604166,1.2725822466943,37886.7096101888,15342.294435168667,senario_B
2025-11-06 23:00:00,50850.50307400174,1.0014768521156576,37522.89563395182,13326.605963197806,senario_B
2025-11-07 00:00:00,48268.587310112845,0.798766050885121,36948.86075846354,11318.927785598418,senario_B
2025-11-07 01:00:00,45967.22865125868,0.5784397964345084,35854.67207682291,10111.978134639328,senario_B
2025-11-07 02:00:00,44554.38864040799,0.4661198885656065,35430.11568766275,9123.806832856673,senario_B
2025-11-07 03:00:00,43603.05730360243,0.50213577689396,34325.2460953776,9277.309072447933,senario_B
2025-11-07 04:00:00,42446.60362304688,0.4630690996845563,32148.26042236328,10297.880131583915,senario_B
2025-11-07 05:00:00,42796.87142795139,0.556719910800457,31138.821646321612,11657.493061718978,senario_B
2025-11-07 06:00:00,43890.05586914063,0.5935589493976698,30641.96533691406,13247.496973277175,senario_B
2025-11-07 07:00:00,46346.75430121528,21.892316487166617,32463.52806477865,13861.333919949466,senario_B
2025-11-07 08:00:00,48354.77718098959,4378.02003338284,32656.56384358724,11320.193304019514,senario_B
2025-11-07 09:00:00,52249.32267469618,16897.36740342882,24443.763565673824,10908.191705593537,senario_B
2025-11-07 10:00:00,53096.10425998264,20334.02046278212,22476.582142740885,10285.501654459636,senario_B
2025-11-07 11:00:00,53821.09306749132,21340.54739420573,22359.189855550132,10121.355817735457,senario_B
2025-11-07 12:00:00,55350.50121853298,22169.641892361116,20518.193129475912,12662.666196695951,senario_B
2025-11-07 13:00:00,57125.79034939236,22859.137565646703,17336.379159749347,16930.273623996305,senario_B
2025-11-07 14:00:00,59428.5171234809,24060.697295464408,13490.945867513023,21876.87396050347,senario_B
2025-11-07 15:00:00,60987.704073350695,25050.89403049045,10923.737295532226,25013.07274732802,senario_B
2025-11-07 16:00:00,61857.83396701389,24003.746041666665,9041.476131184896,28812.611794162327,senario_B
2025-11-07 17:00:00,61043.68380750868,13723.593983018663,7523.625695190431,39796.46412929959,senario_B
2025-11-07 18:00:00,57186.52632161458,1478.1385350516107,6907.100642700196,48801.28714386278,senario_B
2025-11-07 19:00:00,55597.64391059028,1.3569220872140593,8714.888165283204,46881.39882321986,senario_B
2025-11-07 20:00:00,53403.15183919271,0.3529618124498261,10529.506133422852,42873.292743957405,senario_B
2025-11-07 21:00:00,52785.45929036458,0.4364238495628039,11710.423428141276,41074.59943837374,senario_B
2025-11-07 22:00:00,51674.45266059028,0.514676416888833,13666.051796468098,38007.88618770529,senario_B
2025-11-07 23:00:00,49620.66828667535,0.5402660196522872,14946.40612955729,34673.72189109841,senario_B
2025-11-08 00:00:00,47675.478840060765,0.559758648880654,16068.473595377603,31606.44548603428,senario_B
2025-11-08 01:00:00,44846.20935221354,0.6400959415319893,16147.29849243164,28698.270763840366,senario_B
2025-11-08 02:00:00,43146.46865993924,0.7025338635676437,15972.419923909507,27173.346202166165,senario_B
2025-11-08 03:00:00,41995.78363498264,0.7849652825130357,15558.617326253257,26436.381343446872,senario_B
2025-11-08 04:00:00,41741.88329861111,0.8219942618078656,15422.77971394857,26318.28159040073,senario_B
2025-11-08 05:00:00,41964.94137586805,0.7278215043412315,16592.916761067707,25371.296793296005,senario_B
2025-11-08 06:00:00,41885.97673068576,0.6037993451787366,15993.035728759765,25892.33720258082,senario_B
2025-11-08 07:00:00,42715.74521267361,15.855691768825054,16169.353281249998,26530.536239654786,senario_B
2025-11-08 08:00:00,44302.12384331597,3979.408775583903,16305.266997070314,24017.448070661747,senario_B
2025-11-08 09:00:00,50411.62904079861,17989.466755642363,14688.65765177409,17733.504633382156,senario_B
2025-11-08 10:00:00,52026.95153862847,23267.62513888889,10617.91096842448,18141.4154313151,senario_B
2025-11-08 11:00:00,52576.32362413195,23230.96703125,11095.346867675782,18250.009725206168,senario_B
2025-11-08 12:00:00,53667.58170138889,23546.573508572048,10937.747492675782,19183.260700141058,senario_B
2025-11-08 13:00:00,54981.49691514757,23969.512017144098,10498.768408610027,20513.216489393442,senario_B
2025-11-08 14:00:00,57311.90736762153,24164.11932074653,10970.782557779949,22177.005489095045,senario_B
2025-11-08 15:00:00,59177.3373828125,23860.37303059896,13597.24021138509,21719.724140828446,senario_B
2025-11-08 16:00:00,60427.75863498264,21718.606671006943,17197.594162190755,21511.55780178494,senario_B
2025-11-08 17:00:00,59577.58751519097,12416.34271375868,21317.252713623046,25843.99208780924,senario_B
2025-11-08 18:00:00,57204.95380859375,1291.2331800719764,25761.16402994792,30152.556598573858,senario_B
2025-11-08 19:00:00,55066.81882595486,0.7111637290732729,28217.76268798828,26848.34497423751,senario_B
2025-11-08 20:00:00,54388.15254557291,0.9422515819138952,33896.481778157555,20490.72851583344,senario_B
2025-11-08 21:00:00,53265.11073676215,0.8947107205622726,35816.26090332031,17447.95512272128,senario_B
2025-11-08 22:00:00,52001.362404513886,0.9501845257149802,36266.39782145182,15734.014398536347,senario_B
2025-11-08 23:00:00,50013.37710720486,0.7724080013400979,35563.48200439453,14449.12269480899,senario_B
2025-11-09 00:00:00,47789.297303602434,0.8844603174262576,34364.81315836588,13423.599684919122,senario_B
2025-11-09 01:00:00,45834.69311957465,0.8718018026153247,33727.52917073568,12106.292147036358,senario_B
2025-11-09 02:00:00,44335.2722547743,0.8130463623503844,33219.79767740886,11114.66153100309,senario_B
2025-11-09 03:00:00,43252.69837782118,0.8632868744764063,32605.83092041016,10646.004170536544,senario_B
2025-11-09 04:00:00,42413.161673177085,0.6840608710381719,31921.607548828128,10490.870063477916,senario_B
2025-11-09 05:00:00,41886.07724283854,0.5869703397485945,31932.624777832032,9952.86549466676,senario_B
2025-11-09 06:00:00,42037.5432530382,0.5329963326454162,33101.03610026041,8935.974156445147,senario_B
2025-11-09 07:00:00,42475.05123046875,14.583544368644556,34552.09010091146,7908.377585188646,senario_B
2025-11-09 08:00:00,43965.81071506076,3670.8949910142687,34922.48030110677,5372.435422939721,senario_B
2025-11-09 09:00:00,47160.72666341146,11907.453877766928,30679.350948893232,4573.921836751295,senario_B
2025-11-09 10:00:00,49302.14083875868,13028.336758897569,32863.6234366862,3410.1806431749137,senario_B
2025-11-09 11:00:00,49578.16080295139,12856.262171766492,34043.88764973958,2678.010981445317,senario_B
2025-11-09 12:00:00,48376.24467013889,13079.27476969401,31652.783445638022,3644.186454806855,senario_B
2025-11-09 13:00:00,48178.45860243055,14144.278072916666,29611.53875,4422.641779513891,senario_B
2025-11-09 14:00:00,47979.40976888021,15166.809961208768,27354.23161865234,5458.3681890191,senario_B
2025-11-09 15:00:00,48288.882408854166,16329.59453016493,25589.964853515627,6369.3230251736095,senario_B
2025-11-09 16:00:00,48719.535607638885,16671.61208984375,24486.306178385417,7561.617339409717,senario_B
2025-11-09 17:00:00,48842.98963107639,12257.273038194444,24938.07881510417,11647.637777777774,senario_B
2025-11-09 18:00:00,49352.842082248266,1367.901230926779,20890.64278645834,27094.29806486315,senario_B
2025-11-09 19:00:00,50253.4811078559,0.1936617017516659,18801.52625488281,31451.76119127134,senario_B
2025-11-09 20:00:00,50353.786328125,0.2272690459589163,21212.043087565104,29141.51597151394,senario_B
2025-11-09 21:00:00,49950.45936848958,0.2319239528166751,22522.612373453776,27427.61507108299,senario_B
2025-11-09 22:00:00,48931.00400390625,0.2932287472817633,21912.744639078777,27017.966136080195,senario_B
2025-11-09 23:00:00,47164.72523220486,0.5318398193518321,19048.41779947917,28115.77559290634,senario_B
2025-11-10 00:00:00,45547.78150499132,0.5611816832754347,15809.676348470053,29737.54397483799,senario_B
2025-11-10 01:00:00,44400.07590060764,0.6267779875795046,13919.151114095052,30480.29800852501,senario_B
2025-11-10 02:00:00,43727.17779947917,0.5265138299928771,12387.076603190104,31339.57468245907,senario_B
2025-11-10 03:00:00,43301.690241970486,0.5210224953624937,11596.391321411133,31704.777898063992,senario_B
2025-11-10 04:00:00,43331.73925238715,0.5261901541302602,11081.328623453775,32249.88443877925,senario_B
2025-11-10 05:00:00,44113.78707573785,0.5723984825114409,10479.631491292317,33633.58318596302,senario_B
2025-11-10 06:00:00,46645.73345269097,0.5983291954464383,10072.249222005208,36572.885901490314,senario_B
2025-11-10 07:00:00,50384.05319552952,25.99237525415917,9347.383247070313,41010.67757320505,senario_B
2025-11-10 08:00:00,51998.41765407986,5396.530943874783,8828.831639811198,37773.05507039387,senario_B
2025-11-10 09:00:00,54200.86611545139,20854.00266303168,7659.924593709311,25686.9388587104,senario_B
2025-11-10 10:00:00,53737.53156032986,27518.872083875867,7699.959868977864,18518.699607476126,senario_B
2025-11-10 11:00:00,51513.10961480035,26989.935737847223,8513.26435139974,16009.909525553387,senario_B
2025-11-10 12:00:00,50437.13299696181,26402.770693359376,8920.690766601563,15113.67153700087,senario_B
2025-11-10 13:00:00,50114.72413736979,26050.520093858508,9239.71255025228,14824.491493259004,senario_B
2025-11-10 14:00:00,50004.10605143229,26428.21351888021,8671.440527954102,14904.452004597977,senario_B
2025-11-10 15:00:00,49404.51851019965,25700.62461968316,8426.652130126953,15277.241760389534,senario_B
2025-11-10 16:00:00,48779.66531792535,22817.516713867182,9236.78908589681,16725.359518161356,senario_B
2025-11-10 17:00:00,49016.423512369794,14321.231163736978,11041.883758544922,23653.308590087894,senario_B
2025-11-10 18:00:00,50604.48236111111,1481.1709541884727,12167.356837565105,36955.954569357535,senario_B
2025-11-10 19:00:00,52260.71670355903,0.4818227135803964,18805.707930501303,33454.526950344145,senario_B
2025-11-10 20:00:00,52577.34989583334,0.8310108272234599,27131.074225260418,25445.4446597457,senario_B
2025-11-10 21:00:00,52578.66157118056,1.077713904513253,31596.76495117188,20980.81890610416,senario_B
2025-11-10 22:00:00,51636.94513888889,1.08457299609979,33657.263483072915,17978.597082819877,senario_B
2025-11-10 23:00:00,49740.07261935764,1.05562887057662,34204.7358186849,15534.281171802162,senario_B
2025-11-11 00:00:00,48207.808567708336,1.2030519604351786,34784.38245686849,13422.223058879412,senario_B
2025-11-11 01:00:00,47002.61775607639,1.1566802411609225,34876.58758056641,12124.873495268817,senario_B
2025-11-11 02:00:00,46373.553259548615,1.131929533614053,34904.5214453125,11467.8998847025,senario_B
2025-11-11 03:00:00,46383.582556423615,1.105110912654135,35048.304674479165,11334.172771031794,senario_B
2025-11-11 04:00:00,46263.78134548611,1.1217142652802998,34833.78950846354,11428.87012275729,senario_B
2025-11-11 05:00:00,47290.66143663194,1.1110687443945142,34325.586548665364,12963.963819222183,senario_B
2025-11-11 06:00:00,49354.43913628472,1.15480675081412,33843.7294116211,15509.554917912807,senario_B
2025-11-11 07:00:00,52649.303970269095,20.54701810712616,33572.13792480469,19056.61902735728,senario_B
2025-11-11 08:00:00,53673.36145616319,4496.889698944092,32363.038229166676,16813.433528052425,senario_B
2025-11-11 09:00:00,53845.88497395833,16885.56168077257,27366.669797363276,9593.653495822487,senario_B
2025-11-11 10:00:00,53213.05723415798,20468.47635145399,25469.963984375,7274.61689832899,senario_B
2025-11-11 11:00:00,51886.61113498264,19699.23913140191,27404.908168945316,4782.463834635411,senario_B
2025-11-11 12:00:00,51198.8419032118,18341.04410644531,28723.915137532556,4133.882659233936,senario_B
2025-11-11 13:00:00,50829.99226128472,17233.773928493923,29587.868239746094,4008.3500930447044,senario_B
2025-11-11 14:00:00,50258.59293077257,16475.036955837673,29865.07559082031,3918.4803841145804,senario_B
2025-11-11 15:00:00,50368.61091905382,15803.378497721356,31114.46986490886,3450.7625564236005,senario_B
2025-11-11 16:00:00,50062.27245551215,14598.885591362849,31846.727900390622,3616.6589637586803,senario_B
2025-11-11 17:00:00,49631.91214192708,10111.100769042969,32609.3707820638,6911.440590820312,senario_B
2025-11-11 18:00:00,50613.8078624132,1253.935469313595,33943.26574625651,15416.606646843094,senario_B
2025-11-11 19:00:00,51460.215729166666,1.5042196315858098,37630.36475179036,13828.346757744723,senario_B
2025-11-11 20:00:00,51053.09642361111,1.5829406807488866,39641.79467122395,11409.718811706414,senario_B
2025-11-11 21:00:00,50642.60711914062,1.3584265621172058,40373.97987955729,10267.268813021212,senario_B
2025-11-11 22:00:00,49680.83668077257,0.6585237417618434,40563.74454996745,9116.433607063358,senario_B
2025-11-11 23:00:00,47823.05555881077,0.6506863839179278,40461.11023030599,7361.294642120862,senario_B
2025-11-12 00:00:00,45585.24859917535,0.5205299083226257,39277.894559733075,6306.83350953395,senario_B
2025-11-12 01:00:00,44330.35505425347,0.5302008430494203,37755.27178059896,6574.553072811461,senario_B
2025-11-12 02:00:00,43389.97031684028,0.517390237847964,35792.57084635417,7596.882080248266,senario_B
2025-11-12 03:00:00,42697.785833333335,0.5370294172234006,33502.768772786454,9194.480031129657,senario_B
2025-11-12 04:00:00,42523.07994357639,0.5399511103497611,30589.451354166667,11933.08863829937,senario_B
2025-11-12 05:00:00,42976.49225260417,0.5971962811218368,28237.372760416674,14738.522295906372,senario_B
2025-11-12 06:00:00,44833.251996527775,0.5917371947566669,24841.026873372397,19991.63338596062,senario_B
2025-11-12 07:00:00,47880.97489149305,13.880824864539836,21248.69762654622,26618.396440082295,senario_B
2025-11-12 08:00:00,48690.539019097225,3943.15619688246,17883.3632421875,26864.019580027263,senario_B
2025-11-12 09:00:00,51074.25660373264,18442.47830295139,11793.534423828125,20838.243876953125,senario_B
2025-11-12 10:00:00,51742.39699652778,24947.95423828125,8563.223409016928,18231.2193492296,senario_B
2025-11-12 11:00:00,51845.73615017361,24615.323216145836,9567.892944335938,17662.519989691835,senario_B
2025-11-12 12:00:00,51411.73418402778,23332.288036024307,9292.752747395833,18786.69340060764,senario_B
2025-11-12 13:00:00,51598.019190538194,23205.87796657986,8955.111507161459,19437.029716796875,senario_B
2025-11-12 14:00:00,52313.05001302083,23490.4203125,9137.430538736979,19685.199161783854,senario_B
2025-11-12 15:00:00,53174.18873914931,24034.90109592014,9687.564828287761,19451.722814941408,senario_B
2025-11-12 16:00:00,54001.88540798611,22766.70415201823,10970.438153889974,20264.74310207791,senario_B
2025-11-12 17:00:00,54037.68756076389,12523.877357855905,12535.398673502603,28978.411529405377,senario_B
2025-11-12 18:00:00,53798.08713107639,1174.4021359699302,13838.176863606768,38785.50813149969,senario_B
2025-11-12 19:00:00,54053.90329427084,1.4582234695222642,17768.86880371094,36283.576267090386,senario_B
2025-11-12 20:00:00,53388.39555555556,0.5501694068312645,22587.897083333333,30799.948302815395,senario_B
2025-11-12 21:00:00,52590.40572048611,0.6151186902986633,26768.135491536457,25821.65511025935,senario_B
2025-11-12 22:00:00,51340.70666232639,0.8028929885228475,30611.42944661458,20728.474322723283,senario_B
2025-11-12 23:00:00,49414.49372395833,0.8766708823707369,32840.68875325521,16572.928299820756,senario_B
2025-11-13 00:00:00,47591.020607638886,0.8283269449075064,33566.119225260416,14024.07305543356,senario_B
2025-11-13 01:00:00,45761.159440104166,0.8634982213046816,33994.76316080729,11765.53278107557,senario_B
2025-11-13 02:00:00,44810.93293836805,0.9157106644577452,33825.08233072917,10984.934896974424,senario_B
2025-11-13 03:00:00,43297.41608181423,0.7468130923807621,32556.705820312498,10739.963448409355,senario_B
2025-11-13 04:00:00,42285.12025607639,0.7629123170508278,31749.384576822915,10534.97276693643,senario_B
2025-11-13 05:00:00,42584.35009982639,0.7874617730908924,31049.399977213543,11534.162660839756,senario_B
2025-11-13 06:00:00,44070.624092881946,0.8240130130449931,29464.722841796873,14605.07723807203,senario_B
2025-11-13 07:00:00,46732.5203515625,8.212696065505346,27037.854309895833,19686.453345601163,senario_B
2025-11-13 08:00:00,47650.77880642361,3393.799282124837,23940.41750813802,20316.562016160755,senario_B
2025-11-13 09:00:00,49790.35305989583,16805.274908854168,17880.294563802083,15104.78358723958,senario_B
2025-11-13 10:00:00,52002.37691623264,23756.587180989583,13194.669576822918,15051.12015842014,senario_B
2025-11-13 11:00:00,53707.14698676216,24016.349315321186,13850.874471028646,15839.923200412331,senario_B
2025-11-13 12:00:00,54737.93223524305,22740.92868326823,13911.12700846354,18085.876543511284,senario_B
2025-11-13 13:00:00,55523.14481336805,22311.310970052084,14138.961373697917,19072.87246961805,senario_B
2025-11-13 14:00:00,56324.22526475695,22217.750401475696,15908.464345703123,18198.010517578132,senario_B
2025-11-13 15:00:00,57582.08141059028,21931.13114800347,18126.26449544271,17524.685767144103,senario_B
2025-11-13 16:00:00,58528.609609375,20773.07414496528,19802.015203450523,17953.5202609592,senario_B
2025-11-13 17:00:00,57923.30530381944,11586.51119140625,20477.957607421875,25858.836504991315,senario_B
2025-11-13 18:00:00,56609.91824652778,984.0159462197952,20388.411840820314,35237.49045948767,senario_B
2025-11-13 19:00:00,56475.18879774305,0.4909366035461426,25631.264244791666,30843.433616347844,senario_B
2025-11-13 20:00:00,55460.62159288194,0.6513153905669848,30954.603798828124,24505.366478663243,senario_B
2025-11-13 21:00:00,54665.03125868055,0.9995377550853624,34039.99489257813,20624.036828347336,senario_B
2025-11-13 22:00:00,53566.2347124566,1.117980215350787,35668.73705566406,17896.37967657719,senario_B
2025-11-13 23:00:00,51329.334813368056,0.8573195381628143,36093.24272135417,15235.234772475727,senario_B
2025-11-14 00:00:00,49165.86636284722,0.9014853917227852,35667.85614257812,13497.108734877373,senario_B
2025-11-14 01:00:00,47507.07438802083,0.7709582873847749,34810.99817057292,12695.305259160523,senario_B
2025-11-14 02:00:00,46179.26594184028,0.7740192815992567,34592.03722981771,11586.454692740976,senario_B
2025-11-14 03:00:00,45060.74729166667,0.8163065424892637,34155.746354166666,10904.184630957512,senario_B
2025-11-14 04:00:00,43902.12086371528,0.8710672708352407,33173.362890624994,10727.886905819454,senario_B
2025-11-14 05:00:00,44053.49677951389,0.8100500507487192,32521.448645833334,11531.238083629803,senario_B
2025-11-14 06:00:00,44969.60974826389,0.8385103773408465,31472.093971354167,13496.67726653238,senario_B
2025-11-14 07:00:00,47249.13612413195,7.973141350944837,30500.4388671875,16740.724115593504,senario_B
2025-11-14 08:00:00,48423.86747829861,3137.610086932712,29123.62239908854,16162.634992277359,senario_B
2025-11-14 09:00:00,51308.70581597222,15756.845968967014,22082.436416015626,13469.423430989584,senario_B
2025-11-14 10:00:00,53231.78088107639,21763.278734809028,17117.144925130207,14351.357221137154,senario_B
2025-11-14 11:00:00,54079.31819878472,21650.291827256944,13979.76828613281,18449.258085394966,senario_B
2025-11-14 12:00:00,55051.086885850695,21770.05614583333,11681.44352783203,21599.58721218533,senario_B
2025-11-14 13:00:00,57040.49842881945,22541.68956597222,11412.925514322917,23085.88334852431,senario_B
2025-11-14 14:00:00,59041.400074869794,23281.767925347223,14139.829313151044,21619.802836371528,senario_B
2025-11-14 15:00:00,60145.91151475695,24187.023447265627,17147.062166341148,18811.825901150176,senario_B
2025-11-14 16:00:00,60283.61506510417,22467.238678385416,19961.243942057292,17855.13244466146,senario_B
2025-11-14 17:00:00,59662.15468532986,12328.177570529511,20900.45524251302,26433.52187228733,senario_B
2025-11-14 18:00:00,57903.11360894097,1072.220660624024,21292.828058268227,35538.06489004872,senario_B
2025-11-14 19:00:00,57141.91458550347,0.4715553209516737,27856.643064778647,29284.799965403872,senario_B
2025-11-14 20:00:00,55734.93292534722,0.8926238634851243,34535.35850341796,21198.681798065765,senario_B
2025-11-14 21:00:00,54763.70444444445,1.2458272958464092,37850.75689127604,16911.70172587256,senario_B
2025-11-14 22:00:00,53288.49851128472,1.2380303500758276,38492.69523763021,14794.565243304438,senario_B
2025-11-14 23:00:00,51248.91103081597,0.8542206944028536,38011.91862304688,13236.138187074692,senario_B
2025-11-15 00:00:00,49106.45813368056,0.5619654844204585,37535.45261393229,11570.443554263846,senario_B
2025-11-15 01:00:00,47039.154366319446,0.5499768489599228,36377.24770182292,10661.356687647567,senario_B
2025-11-15 02:00:00,45657.92514322917,0.637091386185752,35604.96205729167,10052.32599455132,senario_B
2025-11-15 03:00:00,44779.36155924479,0.717850213398536,34915.74085286458,9862.90285616681,senario_B
2025-11-15 04:00:00,43788.26779947917,0.634297472635905,33655.41846354167,10132.215038464863,senario_B
2025-11-15 05:00:00,42985.170069444444,0.6464321287141905,32556.89103190104,10427.632605414692,senario_B
2025-11-15 06:00:00,43191.28785590278,0.6229090020722813,31637.415123697916,11553.249823202794,senario_B
2025-11-15 07:00:00,43967.74521918403,6.760244632164637,30184.80754557292,13776.177428978946,senario_B
2025-11-15 08:00:00,45142.451983506944,2941.8154557885064,29418.484700520832,12782.151827197606,senario_B
2025-11-15 09:00:00,50036.50318793403,14380.399302300348,23951.259772135418,11704.844113498264,senario_B
2025-11-15 10:00:00,54153.974037543405,21048.91267361111,21830.94464355469,11274.11672037761,senario_B
2025-11-15 11:00:00,54605.00277886285,22054.67733940972,21258.54034383138,11291.785095621748,senario_B
2025-11-15 12:00:00,54820.57480360243,21599.585842556426,21464.354443359378,11756.63451768663,senario_B
2025-11-15 13:00:00,56693.00308268229,22031.699919162325,21243.041903889974,13418.261259629991,senario_B
2025-11-15 14:00:00,58909.76257378472,22611.521174045138,20915.16051106771,15383.08088867187,senario_B
2025-11-15 15:00:00,60127.68329427084,23313.592107204862,19891.629438476564,16922.461748589412,senario_B
2025-11-15 16:00:00,60822.00016059028,22071.320614149303,18136.347978515627,20614.331567925354,senario_B
2025-11-15 17:00:00,59869.91790364583,11576.039576280382,16438.366153971354,31855.512173394094,senario_B
2025-11-15 18:00:00,58173.91213975695,976.8273806562192,17105.95462890625,40091.13013019448,senario_B
2025-11-15 19:00:00,56940.84478298611,0.4353227984574106,21245.820693359376,35694.58876682828,senario_B
2025-11-15 20:00:00,55188.25342013889,0.5138307346900304,25769.123377278647,29418.61621212555,senario_B
2025-11-15 21:00:00,53668.90654079861,0.5401718042294185,27633.027558593756,26035.33881040063,senario_B
2025-11-15 22:00:00,52195.020234375,0.5432226599918472,28029.622324218748,24164.854687496256,senario_B
2025-11-15 23:00:00,50454.688871527775,0.5501584134168095,27521.18532226563,22932.95339084873,senario_B
2025-11-16 00:00:00,48660.11016493056,0.5371498229437405,26627.807919921877,22031.765095185736,senario_B
2025-11-16 01:00:00,47064.30789496528,0.5625029218859142,23907.029568684895,23156.715823358496,senario_B
2025-11-16 02:00:00,45183.76128038194,0.5796025584472551,21762.86536621094,23420.316311612554,senario_B
2025-11-16 03:00:00,44021.033828125,0.6405831820434994,20723.15255859375,23297.240686349207,senario_B
2025-11-16 04:00:00,43331.82307291667,0.630740658375952,18894.064573567706,24437.12775869059,senario_B
2025-11-16 05:00:00,42828.01801649306,0.6080711668067508,15470.318956705727,27357.090988620526,senario_B
2025-11-16 06:00:00,42569.718667534726,0.4788793251249525,13061.132945963542,29508.106842246056,senario_B
2025-11-16 07:00:00,43068.03987304687,4.31917999499374,11801.804274088541,31261.916418963337,senario_B
2025-11-16 08:00:00,44011.1238671875,2493.89661245558,10857.384025472005,30659.843229259917,senario_B
2025-11-16 09:00:00,48306.25649739584,13367.166914605035,8264.598364257812,26674.491218532996,senario_B
2025-11-16 10:00:00,52583.61143554688,20134.926666666663,6324.858852335612,26123.825916544607,senario_B
2025-11-16 11:00:00,54517.41263780382,21745.959553493925,6119.985724080403,26651.467360229486,senario_B
2025-11-16 12:00:00,54036.08939236112,22208.31749782986,5717.827656656901,26109.944237874362,senario_B
2025-11-16 13:00:00,55998.14739583333,21534.074140625,4340.255979817708,30123.81727539062,senario_B
2025-11-16 14:00:00,58085.40081597222,22194.582393663197,3353.4612601725257,32537.357162136497,senario_B
2025-11-16 15:00:00,59938.30774739583,22967.198758680555,3865.3832417805993,33105.72574693468,senario_B
2025-11-16 16:00:00,61121.18000868055,21162.02130642361,5351.870930989584,34607.28777126736,senario_B
2025-11-16 17:00:00,60300.58421006944,10714.370253634985,6598.418666992187,42987.79528944226,senario_B
2025-11-16 18:00:00,58987.0453125,786.3740590765824,8133.8716861979165,50066.7995672255,senario_B
2025-11-16 19:00:00,58582.33586371528,0.2998111469050248,11170.740448404948,47411.295604163424,senario_B
2025-11-16 20:00:00,57157.039578993055,0.3172661724686623,13792.419858398436,43364.302454422155,senario_B
2025-11-16 21:00:00,55577.90758680556,0.3680649012989468,15290.896585286457,40286.642936617805,senario_B
2025-11-16 22:00:00,54132.72813476562,0.4932039760549863,16980.806515706383,37151.42841508318,senario_B
2025-11-16 23:00:00,52010.941458333335,0.4465732123785548,20340.086328125,31670.408556995957,senario_B
2025-11-17 00:00:00,49075.89697482639,0.4731727567315101,22023.672958984374,27051.750843085283,senario_B
2025-11-17 01:00:00,46910.74032986111,0.5533085369070371,22265.841608072915,24644.345413251285,senario_B
2025-11-17 02:00:00,45956.28800347223,0.5582789031995667,22660.543670247396,23295.18605432164,senario_B
2025-11-17 03:00:00,45488.65452690972,0.5867168193062147,22656.287389729816,22831.780420360596,senario_B
2025-11-17 04:00:00,45152.00852430556,0.6478718727164798,22401.78520670573,22749.575445727114,senario_B
2025-11-17 05:00:00,45642.35086805555,0.694361574517356,22223.60274576823,23418.053760712806,senario_B
2025-11-17 06:00:00,46625.848203125,0.8360176380806499,21481.017447916667,25143.994737570254,senario_B
2025-11-17 07:00:00,49290.15546440972,5.010880266361767,22124.346292317707,27160.798291825653,senario_B
2025-11-17 08:00:00,50701.7217578125,1484.9931040149263,22218.47215657552,26998.256497222053,senario_B
2025-11-17 09:00:00,53782.92903862847,10688.06254503038,18743.03913370768,24351.827359890412,senario_B
2025-11-17 10:00:00,55547.45323350695,16425.08232747396,15155.564065755207,23966.806840277786,senario_B
2025-11-17 11:00:00,58952.8106141493,18599.4750656467,16897.65250895182,23455.683039550775,senario_B
2025-11-17 12:00:00,61284.9834375,19363.314889322915,19632.01460449219,22289.653943684894,senario_B
2025-11-17 13:00:00,62736.24737738715,19787.461027560763,22001.09634073893,20947.69000908746,senario_B
2025-11-17 14:00:00,64044.271089409725,20648.05567057292,23318.034635416665,20078.180783420135,senario_B
2025-11-17 15:00:00,65198.25639322917,20304.274485677084,25099.427275390623,19794.554632161457,senario_B
2025-11-17 16:00:00,65312.69726996528,18081.90777777778,26451.49879231771,20779.290699869794,senario_B
2025-11-17 17:00:00,64496.464887152775,9669.901078559027,26639.533463541666,28187.03034505208,senario_B
2025-11-17 18:00:00,62787.6648828125,849.1508589174681,23522.74338704427,38415.770636850764,senario_B
2025-11-17 19:00:00,62161.54264756945,0.4821662647359901,24315.16643717448,37845.894044130226,senario_B
2025-11-17 20:00:00,60702.55961805556,0.5966739465461837,26283.8178515625,34418.14509254652,senario_B
2025-11-17 21:00:00,58996.47291232639,0.7238429608941078,28177.278108723964,30818.470960641534,senario_B
2025-11-17 22:00:00,57164.51083333333,0.6373409951395459,29804.267919921876,27359.60557241631,senario_B
2025-11-17 23:00:00,54549.70892795139,0.5446565658185217,29455.824459635412,25093.339811750157,senario_B
2025-11-18 00:00:00,51735.87404513889,0.5301420144902336,28086.57107747396,23648.772825650438,senario_B
2025-11-18 01:00:00,49889.47910590278,0.5594035788708263,26923.387747395835,22965.531954928076,senario_B
2025-11-18 02:00:00,48718.24094184028,0.5720520252320501,25904.73999674479,22812.928893070264,senario_B
2025-11-18 03:00:00,47540.70904947917,0.5777371045284801,22973.458491210935,24566.67282116371,senario_B
2025-11-18 04:00:00,46784.56078993056,0.5489843158506685,21919.275173339844,24864.736632274868,senario_B
2025-11-18 05:00:00,46568.07977864584,0.5666146352556016,19330.474697265625,27237.038466744965,senario_B
2025-11-18 06:00:00,47769.978125,0.6380335020025572,17007.097169596356,30762.242921901645,senario_B
2025-11-18 07:00:00,50310.46466579861,3.3520149055454467,14692.97544596354,35614.13720492952,senario_B
2025-11-18 08:00:00,51516.5359375,2042.4279139497544,13605.253258463545,35868.8547650867,senario_B
2025-11-18 09:00:00,56046.35481336805,12592.41520453559,10334.648070475261,33119.2915383572,senario_B
2025-11-18 10:00:00,58533.13482638889,17748.30377387153,9113.343521321614,31671.487531195744,senario_B
2025-11-18 11:00:00,59187.58023003472,18032.559051649307,7869.287180989584,33285.73399739583,senario_B
2025-11-18 12:00:00,60023.31213975694,17942.41144748264,5998.864543558757,36082.036148715546,senario_B
2025-11-18 13:00:00,61834.10536458333,18568.76474392361,5857.680963948566,37407.659656711156,senario_B
2025-11-18 14:00:00,63424.30805989583,19234.36102864583,6261.1087573242185,37928.83827392579,senario_B
2025-11-18 15:00:00,64522.13923177083,18077.2719140625,6687.880278320312,39756.98703938801,senario_B
2025-11-18 16:00:00,63925.58049587673,14798.09087999132,7617.084928588867,41510.40468729654,senario_B
2025-11-18 17:00:00,61459.438953993056,6413.681685384115,7998.740571289063,47047.01669731988,senario_B
2025-11-18 18:00:00,60139.271527777775,409.3248957108789,8805.634323730468,50924.312308336426,senario_B
2025-11-18 19:00:00,60103.964448784725,0.8311470009220971,9746.889356282552,50356.24394550125,senario_B
2025-11-18 20:00:00,58807.42452473958,0.3343297027713722,10926.653376464843,47880.436818571965,senario_B
2025-11-18 21:00:00,57517.84541666666,0.3530844494038158,12031.068721516927,45486.42361070034,senario_B
2025-11-18 22:00:00,57069.13699001736,0.4425122192170885,13894.467399088542,43174.2270787096,senario_B
2025-11-18 23:00:00,55168.283350694444,0.4494964072108269,15180.329208984374,39987.50464530286,senario_B
2025-11-19 00:00:00,52160.18006510416,0.4732364128364457,15075.438028971355,37084.26879971997,senario_B
2025-11-19 01:00:00,50290.26246202257,5.703426280924016,14532.419404296877,35752.13963144476,senario_B
2025-11-19 02:00:00,49494.0243077257,0.5098684260249138,14936.795179036457,34556.71926026321,senario_B
2025-11-19 03:00:00,48370.77,0.5076902656091584,14077.700556233725,34292.56175350066,senario_B
2025-11-19 04:00:00,47690.46057725694,0.5211641824245453,12946.292746175131,34743.64666689938,senario_B
2025-11-19 05:00:00,47284.71032986111,0.515763341486454,11600.565608723959,35683.62895779566,senario_B
2025-11-19 06:00:00,47993.992256944446,0.5184559345576498,10995.03760172526,36998.436199284624,senario_B
2025-11-19 07:00:00,50179.527692057294,1.192959331712789,10513.89599161784,39664.43874110775,senario_B
2025-11-19 08:00:00,51311.55329427083,856.1060846932729,10021.637838541666,40433.80937103589,senario_B
2025-11-19 09:00:00,52780.79295898438,4822.257042236328,8293.200989176432,39665.33492757162,senario_B
2025-11-19 10:00:00,55653.15039279514,9274.176359320749,7529.002070312501,38849.971963161894,senario_B
2025-11-19 11:00:00,58618.38716362848,12852.130595703124,8156.476708170573,37609.77985975479,senario_B
2025-11-19 12:00:00,61349.91743272569,14943.33373372396,9189.658583984376,37216.92511501735,senario_B
2025-11-19 13:00:00,62725.79451063368,15462.034965820312,9691.394398193359,37572.36514662001,senario_B
2025-11-19 14:00:00,63680.22320963542,15188.586961805557,10834.282778320312,37657.35346950955,senario_B
2025-11-19 15:00:00,63749.21528211806,12879.357171766493,11023.568522542317,39846.289587809246,senario_B
2025-11-19 16:00:00,62605.237613932295,8127.157226426866,12446.514696044922,42031.565691460506,senario_B
2025-11-19 17:00:00,61497.409463975695,3122.2421133083767,13336.375540364585,45038.79181030273,senario_B
2025-11-19 18:00:00,61317.43927951389,303.1491312837104,13017.804547119142,47996.48560111104,senario_B
2025-11-19 19:00:00,60887.29843641493,0.2583426607482963,13536.131573079427,47350.908520674755,senario_B
2025-11-19 20:00:00,59005.26009114584,0.3542498268518183,14347.0846875,44657.82115381899,senario_B
2025-11-19 21:00:00,58468.53897352431,0.5418938199182352,15269.520538736979,43198.47654096741,senario_B
2025-11-19 22:00:00,57395.62461805555,0.4275323568118943,16323.5242980957,41071.67278760304,senario_B
2025-11-19 23:00:00,55418.13069010417,0.4503226475583182,17507.29185221354,37910.388515243074,senario_B
2025-11-20 00:00:00,52726.43258355035,0.4122423016776641,17332.925630696616,35393.09471055206,senario_B
2025-11-20 01:00:00,50195.50951497396,0.3964608476559321,16721.41639526367,33473.69665886264,senario_B
2025-11-20 02:00:00,48659.52705403646,0.3947753368732002,16187.116872151693,32472.015406547893,senario_B
2025-11-20 03:00:00,47554.05749023437,0.3978265542454189,15547.616734212239,32006.042929467887,senario_B
2025-11-20 04:00:00,47017.46148871528,0.3781077825691964,16191.377906901042,30825.705474031667,senario_B
2025-11-20 05:00:00,47283.56534288194,0.3482665614949332,15571.916912434895,31711.300163885553,senario_B
2025-11-20 06:00:00,48865.425282118056,0.3148782568176587,17125.986193033852,31739.124210827387,senario_B
2025-11-20 07:00:00,50600.68503363715,2.1320834361927377,20142.336999511717,30456.215950689242,senario_B
2025-11-20 08:00:00,51682.58771701389,986.8414612812468,20935.693317057296,29760.052938675348,senario_B
2025-11-20 09:00:00,53798.72749348958,4419.226102701823,21446.27769856771,27933.22369222005,senario_B
2025-11-20 10:00:00,55597.21464192709,6220.537960205078,24324.44288004557,25052.233801676433,senario_B
2025-11-20 11:00:00,57090.34628038194,7763.876755099826,25568.840322265623,23757.629203016495,senario_B
2025-11-20 12:00:00,59180.64271484375,9473.49546766493,26093.192607421875,23613.954639756947,senario_B
2025-11-20 13:00:00,60743.00004557292,10900.988113064235,26299.119098307292,23542.892834201393,senario_B
2025-11-20 14:00:00,60146.65561740451,12103.731719021269,26801.721939290364,21241.201959092876,senario_B
2025-11-20 15:00:00,59584.29682508681,11481.958353949653,28566.85573404948,19535.482737087674,senario_B
2025-11-20 16:00:00,59386.30243272569,8573.514089898003,31524.425939127606,19288.362403700085,senario_B
2025-11-20 17:00:00,58811.43668294271,4469.462802530925,31800.145095214844,22541.828785196936,senario_B
2025-11-20 18:00:00,58145.44229600694,380.691258289665,24499.097244466146,33265.653793251135,senario_B
2025-11-20 19:00:00,57643.9963671875,0.3993904422885841,18333.65402018229,39309.942956562925,senario_B
2025-11-20 20:00:00,56444.85943359375,0.503224676085843,15291.335582682292,41153.020626235375,senario_B
2025-11-20 21:00:00,55206.49422743056,0.4530239739351802,15264.73677246094,39941.30443099569,senario_B
2025-11-20 22:00:00,53814.78388237847,0.4345569578806559,15956.809897460937,37857.53942795965,senario_B
2025-11-20 23:00:00,51808.11732638889,0.3937800209058655,18867.069145507812,32940.65440086018,senario_B
2025-11-21 00:00:00,50025.38387586806,0.4137200071414311,20305.17237141927,29719.797784441645,senario_B
2025-11-21 01:00:00,48306.03308159722,0.4079030143138435,21135.40236653646,27170.22281204645,senario_B
2025-11-21 02:00:00,47240.50505750868,0.3894005307637982,22001.76360107422,25238.35205590369,senario_B
2025-11-21 03:00:00,46814.39347981771,0.3971981615159247,24675.33764078776,22138.65864086843,senario_B
2025-11-21 04:00:00,46203.795911458335,0.4537305096536875,25276.017563476562,20927.32461747212,senario_B
2025-11-21 05:00:00,45931.42733506944,0.5812237668285767,23948.901228027345,21981.944883275268,senario_B
2025-11-21 06:00:00,46766.941323784726,0.6078450151946809,23186.173898111978,23580.15958065755,senario_B
2025-11-21 07:00:00,49092.5620811632,1.3165658681260215,21852.610013834634,27238.635501460445,senario_B
2025-11-21 08:00:00,50306.84740885417,1339.892586552302,21630.64911295573,27336.305709346136,senario_B
2025-11-21 09:00:00,52904.35815212673,10014.108736979166,18897.855247395833,23992.394167751736,senario_B
2025-11-21 10:00:00,55416.58442708333,15146.164558376737,15594.196357421875,24676.22351128472,senario_B
2025-11-21 11:00:00,57465.45161241319,16764.964501953124,14764.305924479166,25936.181185980902,senario_B
2025-11-21 12:00:00,57403.485500217015,18162.942544487847,13802.82566731771,25437.717288411455,senario_B
2025-11-21 13:00:00,57769.98601671007,19852.135323350696,13907.432711588543,24010.417981770832,senario_B
2025-11-21 14:00:00,58898.99468641493,21042.01365722656,13501.735653076172,24355.245376112205,senario_B
2025-11-21 15:00:00,59961.48947265625,21621.26431206597,13093.194855143229,25247.03030544705,senario_B
2025-11-21 16:00:00,60054.92578776042,20477.46611328125,12011.005350748697,27566.454323730468,senario_B
2025-11-21 17:00:00,59105.47504882813,10908.028399522567,10895.878125406902,37301.568523898655,senario_B
2025-11-21 18:00:00,57563.20358832465,970.2118836945956,9752.16660135905,46840.825103271,senario_B
2025-11-21 19:00:00,56514.68121527778,1.88979606292314,9836.89965616862,46675.89176304623,senario_B
2025-11-21 20:00:00,54882.44595486111,0.2298841756747828,10601.927691243489,44280.28837944195,senario_B
2025-11-21 21:00:00,53504.65999565972,0.3824806664966874,10923.696498819987,42580.58101617324,senario_B
2025-11-21 22:00:00,51755.472098524304,0.4026345182210207,10282.878012695313,41472.19145131077,senario_B
2025-11-21 23:00:00,50657.0214561632,0.4014672814144028,10790.178463541666,39866.441525340124,senario_B
2025-11-22 00:00:00,49131.90982421875,0.4076285896946987,10651.349259033203,38480.15293659585,senario_B
2025-11-22 01:00:00,46995.96453776042,0.3913413016994794,9515.265197753906,37480.30799870481,senario_B
2025-11-22 02:00:00,45552.95152560764,0.3836934477090835,8951.248645833333,36601.3191863266,senario_B
2025-11-22 03:00:00,44672.12267361111,0.3937895364148749,9152.019537760418,35519.70934631428,senario_B
2025-11-22 04:00:00,43885.57287326389,0.3979261085059907,8699.13584391276,35186.03910324263,senario_B
2025-11-22 05:00:00,43548.33914171007,0.3919056974599759,8003.926739298502,35544.0204967141,senario_B
2025-11-22 06:00:00,43939.55213541666,0.3788138351009951,7125.40510945638,36813.768212125186,senario_B
2025-11-22 07:00:00,44717.565890842016,4.779303451006611,6370.051098429361,38342.735488961654,senario_B
2025-11-22 08:00:00,45672.09283854167,2141.7997716501022,5745.141873067219,37785.15119382435,senario_B
2025-11-22 09:00:00,48741.28629340278,13203.71754720052,3999.0573473612467,31538.511398841016,senario_B
2025-11-22 10:00:00,52213.881175130206,20929.171017252604,2209.343988596598,29075.366169281006,senario_B
2025-11-22 11:00:00,52923.291803385415,21828.039929470488,2220.5608222961428,28874.691051618785,senario_B
2025-11-22 12:00:00,52916.72119140625,22215.750137803818,1955.3290527852375,28745.642000817195,senario_B
2025-11-22 13:00:00,53112.225478515626,22408.653362087676,1684.5366678873697,29019.03544854058,senario_B
2025-11-22 14:00:00,53838.816705729165,22276.478257378472,1984.0956785074864,29578.242769843207,senario_B
2025-11-22 15:00:00,55316.32318467882,22568.30191894531,2350.6841870625813,30397.337078670927,senario_B
2025-11-22 16:00:00,54959.57559461806,20829.686588541663,3621.0584354654948,30508.830570610902,senario_B
2025-11-22 17:00:00,52928.45612955729,9899.124301215275,4287.156592000327,38742.17523634169,senario_B
2025-11-22 18:00:00,51748.42241970486,614.4303302795274,5604.255858561198,45529.73623086413,senario_B
2025-11-22 19:00:00,51461.81463758681,0.1500963679618305,8484.335576985677,42977.328964233166,senario_B
2025-11-22 20:00:00,50058.79359266493,0.2555685417768028,10561.833177897137,39496.70484622601,senario_B
2025-11-22 21:00:00,49282.43059136285,0.2641447540869315,12225.722150878906,37056.44429572985,senario_B
2025-11-22 22:00:00,48448.90546440972,0.3668294568690989,13046.711588541668,35401.827046411185,senario_B
2025-11-22 23:00:00,47241.50352213542,0.4462053615103165,13627.120388590494,33613.93692818341,senario_B
2025-11-23 00:00:00,46106.40190972222,0.396567850973871,14304.782086588542,31801.223255282704,senario_B
2025-11-23 01:00:00,44939.63206163194,0.4318130496475432,15214.41861328125,29724.781635301046,senario_B
2025-11-23 02:00:00,43909.13845811632,0.4357954641514354,16002.850799560547,27905.851863091622,senario_B
2025-11-23 03:00:00,43063.3665093316,0.43588888588051,16242.663247884113,26820.26737256161,senario_B
2025-11-23 04:00:00,42197.828828125,0.4219225038422478,16049.069117838542,26148.337787782617,senario_B
2025-11-23 05:00:00,41876.00016493056,0.4304956761830383,16433.514556070964,25442.055113183415,senario_B
2025-11-23 06:00:00,42013.20259114583,0.4113443194826444,17875.222709960937,24137.568536865416,senario_B
2025-11-23 07:00:00,42517.042061631946,2.8135225680801605,18849.234921874995,23664.99361718887,senario_B
2025-11-23 08:00:00,43492.7185405816,1329.1134278700088,19809.817944335937,22353.78716837565,senario_B
2025-11-23 09:00:00,46761.778715277775,8991.807294921875,20363.731134440102,17406.240285915796,senario_B
2025-11-23 10:00:00,49110.768880208336,13579.631035970053,20458.653536376954,15072.48430786133,senario_B
2025-11-23 11:00:00,49519.00629123264,13875.77762424045,21094.551592203774,14548.677074788415,senario_B
2025-11-23 12:00:00,49107.02839409722,13441.323371310764,21233.454541015628,14432.250481770832,senario_B
2025-11-23 13:00:00,49332.56838107639,13151.440532769097,22037.44950846354,14143.678339843751,senario_B
2025-11-23 14:00:00,50036.671655815975,13592.981706000432,23319.484103597002,13124.205846218538,senario_B
2025-11-23 15:00:00,50083.62921440973,13498.6064453125,23505.04207356771,13079.98069552952,senario_B
2025-11-23 16:00:00,50197.3575531684,11176.053727484808,23072.628646240235,15948.675179443351,senario_B
2025-11-23 17:00:00,49944.43463541667,5156.433692355686,22641.60873372396,22146.392209337027,senario_B
2025-11-23 18:00:00,50906.39780598958,366.4177417410745,23005.308643391927,27534.67142085658,senario_B
2025-11-23 19:00:00,51056.3887109375,0.3357767236563894,22208.682338867187,28847.370595346652,senario_B
2025-11-23 20:00:00,50546.54709092882,0.525762080848217,20023.579591471356,30522.441737376615,senario_B
2025-11-23 21:00:00,49871.19236979167,0.6605088822046916,18048.670255533856,31821.861605375612,senario_B
2025-11-23 22:00:00,48983.7040625,0.711672317120764,17530.364122721352,31452.62826746153,senario_B
2025-11-23 23:00:00,47473.97377712674,0.6709482815696134,17310.87501912435,30162.42780972082,senario_B
2025-11-24 00:00:00,45749.10420355903,0.6389577108621597,17125.876693115235,28622.58855273293,senario_B
2025-11-24 01:00:00,44284.8543250868,0.6634449521534973,16677.70322591146,27606.48765422319,senario_B
2025-11-24 02:00:00,43064.366171875,0.6924757806460062,16563.428833007816,26500.244863086536,senario_B
2025-11-24 03:00:00,42630.3123687066,0.7135293631090058,17130.077321777346,25499.52151756615,senario_B
2025-11-24 04:00:00,42964.88317274306,0.6864192934168709,17671.56363606771,25292.633117381934,senario_B
2025-11-24 05:00:00,43671.04656901042,0.6456503266758389,18429.635319010416,25240.765599673327,senario_B
2025-11-24 06:00:00,44500.98270290799,0.6535545182393657,19321.100360107423,25179.228788282326,senario_B
2025-11-24 07:00:00,46136.23918511285,1.9670036362442704,19318.790229492188,26815.481951984417,senario_B
2025-11-24 08:00:00,47986.21914496528,821.955300210317,19596.771435546878,27567.492409208084,senario_B
2025-11-24 09:00:00,50228.84950520833,5953.703572048611,18482.255346679685,25792.890586480036,senario_B
2025-11-24 10:00:00,51922.26006293403,10786.875467393664,16681.695622965497,24453.68897257487,senario_B
2025-11-24 11:00:00,54730.56532443577,12765.87471110026,18043.747641194663,23920.942972140845,senario_B
2025-11-24 12:00:00,56136.616848958336,12736.334143880207,19115.71680826823,24284.565896809898,senario_B
2025-11-24 13:00:00,56744.82114800347,12451.645695529514,19325.986541341146,24967.188911132813,senario_B
2025-11-24 14:00:00,57498.57685221354,13174.308995225694,19559.879401041668,24764.38845594618,senario_B
2025-11-24 15:00:00,57719.33421766493,13499.754226345483,19375.81332804362,24843.76666327583,senario_B
2025-11-24 16:00:00,57114.3090125868,13766.193590494791,19049.404208984375,24298.711213107632,senario_B
2025-11-24 17:00:00,55092.4496983507,8600.17633368598,17513.701649983723,28978.571714680995,senario_B
2025-11-24 18:00:00,54562.11637044271,844.8857570637928,12632.430377400717,41084.8002359782,senario_B
2025-11-24 19:00:00,54480.10826063368,0.6530265392197503,11517.605095825196,42961.85013826926,senario_B
2025-11-24 20:00:00,53446.13482421875,1.3806463317076365,10970.620380452474,42474.133797434566,senario_B
2025-11-24 21:00:00,52298.4444672309,0.6799635134471788,9980.016270548504,42317.748233168946,senario_B
2025-11-24 22:00:00,50440.87214952257,0.8576015062961313,8918.237616577147,41521.776931439126,senario_B
2025-11-24 23:00:00,48757.21108723959,0.9185151977009244,7993.692506510417,40762.60006553148,senario_B
2025-11-25 00:00:00,47187.38209418403,0.9147923689915074,7253.118638712565,39933.34866310248,senario_B
2025-11-25 01:00:00,46008.72060980903,0.9043757768306468,6886.923292846679,39120.89294118552,senario_B
2025-11-25 02:00:00,45575.14798177083,0.9351814640065034,6216.931804199218,39357.28099610761,senario_B
2025-11-25 03:00:00,44595.14130750868,0.8833668824864759,5362.713337605794,39231.544603020404,senario_B
2025-11-25 04:00:00,43668.2606640625,0.8754972089661492,4799.012117513021,38868.37304934052,senario_B
2025-11-25 05:00:00,44155.40728732639,0.9034485299719704,4414.05116007487,39740.45267872154,senario_B
2025-11-25 06:00:00,44697.44393337674,0.9098661074539026,4100.501479797364,40596.03258747192,senario_B
2025-11-25 07:00:00,46373.060277777775,1.2063876399066713,3506.532659912109,42865.32123022576,senario_B
2025-11-25 08:00:00,47440.87964735243,1821.9855770100487,2966.968692779541,42651.92537756284,senario_B
2025-11-25 09:00:00,50643.83003472223,13131.336136067708,3145.388035583496,34367.105863071025,senario_B
2025-11-25 10:00:00,52637.2937391493,21312.24041449653,2846.2810114542644,28478.77231319851,senario_B
2025-11-25 11:00:00,52956.60405598959,22440.357682291666,3077.3195558675125,27438.926817830412,senario_B
2025-11-25 12:00:00,53623.35299262153,22112.712470703125,3000.2577625020344,28510.382759416367,senario_B
2025-11-25 13:00:00,54830.36717013889,22243.86848144531,4198.906495361329,28387.592193332246,senario_B
2025-11-25 14:00:00,57118.536162109376,23391.575016818577,5132.463448791504,28594.497696499297,senario_B
2025-11-25 15:00:00,58066.82155056424,23682.745930989586,6520.146870320637,27863.928749254013,senario_B
2025-11-25 16:00:00,58299.37576822917,21582.13688368056,8890.403541666667,27826.835342881946,senario_B
2025-11-25 17:00:00,56032.79132378472,10652.479080132378,13047.349975992838,32332.962267659503,senario_B
2025-11-25 18:00:00,53969.57877170139,868.0307161286887,17488.775644938152,35612.77241063454,senario_B
2025-11-25 19:00:00,53947.51507378472,0.5043202593591478,21917.38294596354,32029.62780756182,senario_B
2025-11-25 20:00:00,53338.61109157986,0.7620308435294363,27102.92773925781,26234.921321478523,senario_B
2025-11-25 21:00:00,52462.46996527778,1.0712940938605202,30529.957099609383,21931.441571574534,senario_B
2025-11-25 22:00:00,51257.483658854166,1.1935367702775532,31562.605712890618,19693.684409193273,senario_B
2025-11-25 23:00:00,49798.609105902775,1.1074811942047542,32482.19963704427,17315.301987664305,senario_B
2025-11-26 00:00:00,48047.08623263889,0.8289607538779576,31666.300719401042,16379.95655248397,senario_B
2025-11-26 01:00:00,46261.1695811632,0.847436805135674,31294.807718912758,14965.514425445304,senario_B
2025-11-26 02:00:00,44914.90288953993,0.8851624567806721,31044.418623046877,13869.599104036271,senario_B
2025-11-26 03:00:00,44090.97841796875,0.7490723634759585,31153.38845621745,12936.840889387822,senario_B
2025-11-26 04:00:00,43410.256664496526,0.7862649946908156,30540.82158528646,12868.648814215376,senario_B
2025-11-26 05:00:00,43579.41275824653,0.640877462261253,28234.127405598956,15344.644475185312,senario_B
2025-11-26 06:00:00,44725.49387478299,0.6483345821499824,26979.446904296874,17745.398635903966,senario_B
2025-11-26 07:00:00,46323.66937282986,0.7735800837890969,25315.29082682292,21007.604965923154,senario_B
2025-11-26 08:00:00,48144.01023654514,1897.4507051727508,22585.58077026367,23660.97876110872,senario_B
2025-11-26 09:00:00,50300.18705078125,14132.952606608073,17499.61464029948,18667.6198038737,senario_B
2025-11-26 10:00:00,51968.727240668406,20947.27097330729,15129.763360595703,15891.692906765411,senario_B
2025-11-26 11:00:00,51117.52856770833,20914.960703125,11598.288688761393,18604.279175821935,senario_B
2025-11-26 12:00:00,50943.30730577257,21090.69715494792,9477.934930419922,20374.67522040473,senario_B
2025-11-26 13:00:00,50636.12798177084,21643.002279730903,8660.717767333985,20332.407934705952,senario_B
2025-11-26 14:00:00,50903.88650282118,21870.566416015627,7847.345623575846,21185.974463229708,senario_B
2025-11-26 15:00:00,51772.66064670139,22773.65749565972,7623.8212080891935,21375.181942952477,senario_B
2025-11-26 16:00:00,51233.00325086805,21502.53754123264,7923.247363281249,21807.218346354166,senario_B
2025-11-26 17:00:00,50120.82443684896,10744.901228027344,8016.487744140625,31359.43546468099,senario_B
2025-11-26 18:00:00,50443.93117730035,764.1848137172725,8294.71818725586,41385.02817632722,senario_B
2025-11-26 19:00:00,51009.62584852431,0.5577971943385072,9877.539115600586,41131.52893572938,senario_B
2025-11-26 20:00:00,50453.859947916666,0.5376150718662474,12368.069108886719,38085.25322395808,senario_B
2025-11-26 21:00:00,50129.1206749132,0.595383386876848,15458.680565592447,34669.84472593388,senario_B
2025-11-26 22:00:00,49428.19815538194,0.5640015131235123,15934.764704996745,33492.86944887208,senario_B
2025-11-26 23:00:00,48436.14413411458,0.5609879693720076,15312.194596354166,33123.38854979104,senario_B
2025-11-27 00:00:00,47078.90674587674,0.5595023493799899,15329.942537434898,31748.40470609246,senario_B
2025-11-27 01:00:00,45426.55439019097,0.6225970133807924,13984.435301513671,31441.496491663915,senario_B
2025-11-27 02:00:00,44828.35058159722,0.5771421358982722,12937.614025065104,31890.159414396217,senario_B
2025-11-27 03:00:00,44369.61946180555,0.573559938751989,12903.184453938804,31465.861447927993,senario_B
2025-11-27 04:00:00,43398.04765190972,0.6285309793220626,12221.39092203776,31176.028198892636,senario_B
2025-11-27 05:00:00,43278.1211968316,0.710854862663481,11430.617578735351,31846.792763233585,senario_B
2025-11-27 06:00:00,43711.03799479167,0.7839285395046075,10668.0584370931,33042.195629159076,senario_B
2025-11-27 07:00:00,44793.43895182292,1.019176121883922,10329.824792073567,34462.594983627474,senario_B
2025-11-27 08:00:00,45980.96744574653,1053.3566799243292,10875.493235473634,34052.117530348565,senario_B
2025-11-27 09:00:00,48759.3816547309,10555.272480197482,9635.247985026042,28568.861189507377,senario_B
2025-11-27 10:00:00,49242.34804904514,18240.34924207899,5987.716458028159,25014.282348937988,senario_B
2025-11-27 11:00:00,49936.010698784725,20820.6983078342,5109.131144917806,24006.18124603272,senario_B
2025-11-27 12:00:00,50285.28837565104,21981.365865342883,4695.795113220216,23608.12739708794,senario_B
2025-11-27 13:00:00,49456.052202690975,22218.846456163195,4297.753931884766,22939.451814643013,senario_B
2025-11-27 14:00:00,49557.1993641493,22488.68335069445,4109.741597900391,22958.774415554464,senario_B
2025-11-27 15:00:00,50948.154444444444,23088.588504774307,5376.704327392578,22482.86161227756,senario_B
2025-11-27 16:00:00,49737.162608506944,21077.284504123265,7047.102896931967,21612.775207451712,senario_B
2025-11-27 17:00:00,46421.26558810764,9513.836347113716,8531.422841796875,28376.006399197046,senario_B
2025-11-27 18:00:00,46496.200656467016,514.9539559639825,10167.47367207845,35813.773028424584,senario_B
2025-11-27 19:00:00,46447.52028645833,17.413146438598634,15135.721810709634,31294.3853293101,senario_B
2025-11-27 20:00:00,46167.50569878472,17.47145362854004,20673.231054687498,25476.803190468683,senario_B
2025-11-27 21:00:00,46191.03127387153,17.11289468857977,24609.063504231774,21564.854874951176,senario_B
2025-11-27 22:00:00,45589.86526909722,0.9206624772648015,26269.13619954427,19319.80840707569,senario_B
2025-11-27 23:00:00,44894.43865017361,0.7287086039616002,25963.01250651042,18930.697435059225,senario_B
2025-11-28 00:00:00,43987.91726345486,0.6079726544353697,25472.934795735673,18514.374495064752,senario_B
2025-11-28 01:00:00,43142.47529622396,0.5944394613305728,24955.753037109374,18186.12781965325,senario_B
2025-11-28 02:00:00,42420.893654513886,0.5859440092576874,25206.319397786458,17213.988312718167,senario_B
2025-11-28 03:00:00,42307.62590169271,0.5866310545967685,26458.510548502607,15848.528722135503,senario_B
2025-11-28 04:00:00,42346.51171006945,0.6147113724384043,29474.325913085937,12871.571085611075,senario_B
2025-11-28 05:00:00,42549.16160807292,0.7009409934944577,30996.259147949222,11552.201519130202,senario_B
2025-11-28 06:00:00,43575.51513563368,0.9106295028328896,32790.19461344401,10784.40989268684,senario_B
2025-11-28 07:00:00,45052.23771267361,1.4692772883176803,34081.10420572916,10969.664229656126,senario_B
2025-11-28 08:00:00,46016.167265625,953.8410342025757,34981.19057617188,10081.135655250546,senario_B
2025-11-28 09:00:00,47860.65777777778,5893.861357150608,34465.61208007812,7501.184340549051,senario_B
2025-11-28 10:00:00,49911.14986762153,10963.791215277775,34428.21579671224,4519.142855631515,senario_B
2025-11-28 11:00:00,51191.90898546007,12969.541506618923,35690.417934570316,2531.9495442708285,senario_B
2025-11-28 12:00:00,50479.57485460069,12881.07250298394,35494.23310465495,2104.2692469617978,senario_B
2025-11-28 13:00:00,49529.80579101563,11271.764312879774,35745.09495768229,2512.9465204535663,senario_B
2025-11-28 14:00:00,48870.98822048611,10324.344673394096,35647.52290771484,2899.120639377179,senario_B
2025-11-28 15:00:00,48455.80202039931,8432.061441379123,37763.95348714193,2259.7870918782573,senario_B
2025-11-28 16:00:00,48245.04104275173,5091.8819780815975,39660.29222330729,3492.86684136284,senario_B
2025-11-28 17:00:00,48586.31161024306,2395.496060655382,39342.346578776036,6848.468970811642,senario_B
2025-11-28 18:00:00,49479.67709201389,247.647629127668,40186.09805664062,9045.931406245596,senario_B
2025-11-28 19:00:00,49869.93716579861,0.5619982121967607,40748.8848844401,9120.490283146319,senario_B
2025-11-28 20:00:00,49316.39375542535,0.625136236415969,41323.01956461588,7992.749054573054,senario_B
2025-11-28 21:00:00,48933.20293077257,0.5141306349055634,41324.712885742185,7607.97591439548,senario_B
2025-11-28 22:00:00,48189.97143446181,0.5811477261450556,40769.22770833333,7420.1625784023345,senario_B
2025-11-28 23:00:00,47259.739366319445,0.6627424701386028,40627.733180338546,6631.343443510763,senario_B
2025-11-29 00:00:00,46182.98675564236,0.703798201729854,40595.48776855469,5586.795188885946,senario_B
2025-11-29 01:00:00,44703.68452039931,0.6180180554588636,39290.775162760416,5412.291339583433,senario_B
2025-11-29 02:00:00,43718.447863498266,0.5774185554186503,38193.79677815756,5524.073666785291,senario_B
2025-11-29 03:00:00,42940.85614366319,0.4905518984794617,37632.078167317704,5308.287424447008,senario_B
2025-11-29 04:00:00,42265.6382421875,0.4463490767611398,35519.604063313796,6745.587829796947,senario_B
2025-11-29 05:00:00,42182.35634657118,0.547743571764893,34944.24465413412,7237.563948865296,senario_B
2025-11-29 06:00:00,42847.94517144097,0.6473136043217447,35033.2779272461,7814.019930590555,senario_B
2025-11-29 07:00:00,43601.86284071181,0.5629456051190694,34024.83792317708,9576.46197192961,senario_B
2025-11-29 08:00:00,44700.06938151042,256.5282354979383,33052.85650960286,11390.68463640962,senario_B
2025-11-29 09:00:00,46805.5225672743,4546.98489461263,31104.68375325521,11153.853919406465,senario_B
2025-11-29 10:00:00,49774.32673394097,10171.014921061198,28336.585432128904,11266.726380750868,senario_B
2025-11-29 11:00:00,49756.639555121525,12254.386388888888,26433.75437174479,11068.498794487845,senario_B
2025-11-29 12:00:00,50093.68371527778,12818.878553331164,25214.54100830078,12060.264153645832,senario_B
2025-11-29 13:00:00,50862.06844618056,12911.44162217882,25804.349371744793,12146.277452256945,senario_B
2025-11-29 14:00:00,50537.13185763889,13909.29186577691,24719.363741048175,11908.476250813801,senario_B
2025-11-29 15:00:00,50677.52861545139,14021.266843532989,23763.568391927085,12892.693379991313,senario_B
2025-11-29 16:00:00,50855.805653211806,12518.457032335067,25122.566381835935,13214.782239040807,senario_B
2025-11-29 17:00:00,50712.81764539931,7269.948174099392,29457.305211588544,13985.56425971137,senario_B
2025-11-29 18:00:00,51135.87042534722,599.5144662306541,32523.863437500004,18012.492521616557,senario_B
2025-11-29 19:00:00,51108.23213324653,0.5663294388188256,34937.78034830729,16169.885455500415,senario_B
2025-11-29 20:00:00,50666.18512152778,0.807399429248439,36330.16422200521,14335.21350009332,senario_B
2025-11-29 21:00:00,50743.7257562934,0.818093743738201,37511.925096028644,13230.982566521023,senario_B
2025-11-29 22:00:00,50212.91217013889,0.8148033772077825,38007.79040690104,12204.306959860638,senario_B
2025-11-29 23:00:00,49291.40301649306,0.775076084335645,38552.914417317705,10737.71352309102,senario_B
2025-11-30 00:00:00,48285.93105794271,0.8406624970833461,37694.265604654945,10590.824790790684,senario_B
2025-11-30 01:00:00,47270.7106640625,0.8412617333398925,36531.73123697916,10738.13816535,senario_B
2025-11-30 02:00:00,46286.79461588542,0.8482764415442944,35025.71494303386,11260.23139641001,senario_B
2025-11-30 03:00:00,45082.96677951389,0.7219615138570468,33236.10560546875,11846.139212531278,senario_B
2025-11-30 04:00:00,44733.90324869792,0.5531517930494414,31655.635035807296,13077.715061097573,senario_B
2025-11-30 05:00:00,45443.29076931423,0.4431071495595906,30953.133486328126,14489.71417583655,senario_B
2025-11-30 06:00:00,45684.77266493056,0.4398291802323527,29566.78177001953,16117.551065730797,senario_B
2025-11-30 07:00:00,46580.12877170139,0.4869075744681888,28128.20646158854,18451.435402538387,senario_B
2025-11-30 08:00:00,47756.16843207465,459.0055124413305,26352.371545410155,20944.79137422316,senario_B
2025-11-30 09:00:00,50116.26484049479,4557.5323993598095,25422.483301595053,20136.24913953993,senario_B
2025-11-30 10:00:00,51948.32671766493,8486.262814670139,23499.805580240885,19962.258322753907,senario_B
2025-11-30 11:00:00,52509.41609375,10527.059393988717,20303.811703287764,21678.544996473516,senario_B
2025-11-30 12:00:00,52416.73553602431,12216.474238552517,17304.4274210612,22895.833876410594,senario_B
2025-11-30 13:00:00,52069.540609809024,12565.987180175782,15842.768076578777,23660.785353054463,senario_B
2025-11-30 14:00:00,51494.32715820312,12706.065341796875,14694.141793212886,24094.120023193358,senario_B
2025-11-30 15:00:00,51179.44253038194,10149.209525282118,13872.084060872396,27158.148944227425,senario_B
2025-11-30 16:00:00,51491.99079861112,5753.756384548611,13147.879513346354,32590.354900716153,senario_B
2025-11-30 17:00:00,52436.51913411458,1907.8732829793291,12472.767392578124,38055.87845855713,senario_B
2025-11-30 18:00:00,54342.97180989583,90.44408307358624,11754.038469238281,42498.48925758397,senario_B
2025-11-30 19:00:00,55352.054756944446,0.2478562486254506,12002.053036295572,43349.75386440025,senario_B
2025-11-30 20:00:00,55285.10364583333,0.4280520624336269,11675.161198323567,43609.51439544733,senario_B
2025-11-30 21:00:00,54497.8534375,0.435749180689454,11391.564099121093,43105.85358919822,senario_B
2025-11-30 22:00:00,53400.926336805554,0.450762080417739,11250.945475260416,42149.530099464726,senario_B
2025-11-30 23:00:00,51588.546590711805,0.4518015773097674,10262.175965983075,41325.91882315143,senario_B
2025-12-01 00:00:00,50157.727439236114,0.4573912165231175,9067.079194335938,41090.190853683656,senario_B
2025-12-01 01:00:00,49583.333740234375,0.7554220718973212,8571.830635172526,41010.74768298995,senario_B
2025-12-01 02:00:00,48873.23396809896,0.531645752572351,7738.706510620117,41133.99581172627,senario_B
2025-12-01 03:00:00,48108.45422743056,0.6447021468811565,6652.139674072266,41455.669851211416,senario_B
2025-12-01 04:00:00,47540.56058810764,1.0253497333659063,5853.616416422526,41685.918821951745,senario_B
2025-12-01 05:00:00,47869.1677734375,0.8308696774476104,5556.633376159668,42311.70352760038,senario_B
2025-12-01 06:00:00,49546.76123263889,0.6364459604024887,5075.153318277996,44470.971468400494,senario_B
2025-12-01 07:00:00,52491.422662760415,0.4738435242325067,5002.378533732097,47488.57028550409,senario_B
2025-12-01 08:00:00,53805.95151367188,113.7432919192314,3957.9493805948896,49734.25884115776,senario_B
2025-12-01 09:00:00,54718.3807562934,2951.930810716417,3240.2784717814125,48526.17147379557,senario_B
2025-12-01 10:00:00,56198.45877387153,6537.12275282118,2846.492259724935,46814.84376132541,senario_B
2025-12-01 11:00:00,57224.27017144097,8065.265501980251,2528.1327159118655,46630.87195354885,senario_B
2025-12-01 12:00:00,58436.31105794271,9754.799077148438,2997.9877352396647,45683.5242455546,senario_B
2025-12-01 13:00:00,59118.41092773437,10475.47453423394,4431.077231953938,44211.85916154649,senario_B
2025-12-01 14:00:00,59490.00008680556,10426.246557074654,5879.754301350912,43183.999228379995,senario_B
2025-12-01 15:00:00,59431.94495442708,9990.8792835829,6632.390264078776,42808.675406765404,senario_B
2025-12-01 16:00:00,58238.89641059028,9303.861984592017,9050.54901631673,39884.485409681525,senario_B
2025-12-01 17:00:00,58452.69997178819,5623.902060818143,10336.85610087077,42491.94181009928,senario_B
2025-12-01 18:00:00,59091.72804578993,554.8924498447941,8876.393173014323,49660.44242293081,senario_B
2025-12-01 19:00:00,59128.99904622396,0.32016209922317,8985.716778564456,50142.96210556028,senario_B
2025-12-01 20:00:00,58296.70682942709,0.9840763557536736,8660.82980875651,49634.89294431482,senario_B
2025-12-01 21:00:00,57088.96184136285,0.5661670106152693,8169.264120483399,48919.131553868836,senario_B
2025-12-01 22:00:00,55736.64443250868,0.6425492205553585,7401.105680948894,48334.89620233923,senario_B
2025-12-01 23:00:00,54106.53228081597,0.5105138836635483,6650.273720703125,47455.74804622918,senario_B
2025-12-02 00:00:00,53391.62122395833,0.5201707038283349,6367.476962076824,47023.624091177684,senario_B
2025-12-02 01:00:00,52604.97636393229,0.5138906025141478,6378.994082641601,46225.46839068818,senario_B
2025-12-02 02:00:00,52603.104994574656,0.5326038351655007,6537.5187316894535,46065.05365905004,senario_B
2025-12-02 03:00:00,53089.21658637153,0.5011036863757504,7622.382749633789,45466.332733051364,senario_B
2025-12-02 04:00:00,53522.9144390191,0.5488164424068398,8750.477123209635,44771.88849936705,senario_B
2025-12-02 05:00:00,53338.69372178819,0.7849895023637348,8636.517627156576,44701.39110512925,senario_B
2025-12-02 06:00:00,55686.8204296875,0.5764161334766282,9374.617786051433,46311.626227502595,senario_B
2025-12-02 07:00:00,59251.02481987848,0.587422843211227,10137.568153279622,49112.86924375565,senario_B
2025-12-02 08:00:00,60798.42617404514,1439.2369218038189,10993.632254842123,48365.556997399195,senario_B
2025-12-02 09:00:00,62192.92449327257,14398.90720594618,11056.857666829426,36737.15962049697,senario_B
2025-12-02 10:00:00,60949.31289930556,23911.80751519097,9960.479689737957,27077.02569437663,senario_B
2025-12-02 11:00:00,58159.850703125,23751.297706163197,11673.609780273437,22734.943216688363,senario_B
2025-12-02 12:00:00,55906.172078993055,22567.52550726997,14533.776225992837,18804.870345730254,senario_B
2025-12-02 13:00:00,56283.40860134549,21973.155451931423,17392.14714396159,16918.106005452475,senario_B
2025-12-02 14:00:00,55177.24446614584,19940.759370117183,19785.332933349615,15451.152162679042,senario_B
2025-12-02 15:00:00,53376.69608072917,18456.269514431424,20158.06805786133,14762.358508436413,senario_B
2025-12-02 16:00:00,51786.5908452691,15931.591393229166,20935.40174926758,14919.597702772353,senario_B
2025-12-02 17:00:00,52274.33873046875,9315.576034342448,24119.926298828123,18838.83639729818,senario_B
2025-12-02 18:00:00,54733.32741644965,751.7500290638209,27655.088211263013,26326.489176122814,senario_B
2025-12-02 19:00:00,56938.58526475694,0.8112488438023461,31337.64762044271,25600.126395470426,senario_B
2025-12-02 20:00:00,57504.5010015191,1.1427588569455676,32713.235761718755,24790.122480943402,senario_B
2025-12-02 21:00:00,57461.852439236114,0.6578284147878488,33151.97206298828,24309.222547833044,senario_B
2025-12-02 22:00:00,56483.20524631076,0.684182006302807,32368.36173177084,24114.159332533614,senario_B
2025-12-02 23:00:00,54854.19335503472,0.6975818128883838,32801.972259114584,22051.523514107248,senario_B
2025-12-03 00:00:00,53085.78752929688,0.7048421525789632,33365.49211832682,19719.590568817483,senario_B
2025-12-03 01:00:00,52088.780735677086,0.6725010437435573,33061.20180664062,19026.90642799272,senario_B
2025-12-03 02:00:00,51799.673040364585,0.6544411771827274,32858.789091796876,18940.229507390526,senario_B
2025-12-03 03:00:00,51749.9373936632,0.6500110536151462,32698.134130859376,19051.153251750206,senario_B
2025-12-03 04:00:00,51526.35659939236,0.6443635577625698,32409.398024088543,19116.31421174606,senario_B
2025-12-03 05:00:00,51887.59922309028,0.6383742023176617,31130.905546875,20756.05530201296,senario_B
2025-12-03 06:00:00,53886.86707248264,0.6318784009748035,29478.193515624997,24408.041678456662,senario_B
2025-12-03 07:00:00,57101.9129796007,0.6611489318476783,28147.52114908854,28953.73068158031,senario_B
2025-12-03 08:00:00,58030.17486111111,379.2167730163866,25605.682190755208,32045.275897339518,senario_B
2025-12-03 09:00:00,57223.59278211805,4408.600602484809,19686.180994466144,33128.8111851671,senario_B
2025-12-03 10:00:00,56438.867144097225,10037.54384548611,14501.26863606771,31900.0546625434,senario_B
2025-12-03 11:00:00,55638.07106553819,12364.906358506943,11664.46087076823,31608.70383626302,senario_B
2025-12-03 12:00:00,54231.29619574653,12334.91250325521,8781.174072265625,33115.209620225694,senario_B
2025-12-03 13:00:00,53300.500859375,12365.86445095486,6091.064818115235,34843.571590304906,senario_B
2025-12-03 14:00:00,52921.480199652775,12067.332464192708,5175.085370686849,35679.06236477321,senario_B
2025-12-03 15:00:00,52815.17712890625,11061.315716145831,5428.704035644531,36325.157377115895,senario_B
2025-12-03 16:00:00,52827.7696983507,8870.92997938368,7218.551477050781,36738.28824191624,senario_B
2025-12-03 17:00:00,52473.38083767361,4302.622188042535,10855.535647786459,37315.22300184461,senario_B
2025-12-03 18:00:00,53486.48648654514,372.9527606284618,15630.781682942705,37482.752042973974,senario_B
2025-12-03 19:00:00,54496.42721354167,0.5653999370667669,20862.58579264323,33633.27602096137,senario_B
2025-12-03 20:00:00,54155.67372612847,0.5674988199273745,24398.864750976565,29756.241476331983,senario_B
2025-12-03 21:00:00,53798.8077842882,0.8267716274989976,26218.420699869792,27579.560312790905,senario_B
2025-12-03 22:00:00,52823.042292751736,0.5422527484430207,28028.833531901044,24793.66650810225,senario_B
2025-12-03 23:00:00,50981.80227430556,0.5437618857622146,28930.655677083334,22050.602835336467,senario_B
2025-12-04 00:00:00,49421.38093315972,0.5536944924791654,30502.307395833333,18918.519842833906,senario_B
2025-12-04 01:00:00,47848.42664496528,0.5436396644843949,31774.002747395833,16073.880257904959,senario_B
2025-12-04 02:00:00,47557.503470052085,0.547785167462296,32262.246796875,15294.70888800962,senario_B
2025-12-04 03:00:00,48356.1699891493,0.5262374515334766,33656.40563476562,14699.238116932138,senario_B
2025-12-04 04:00:00,47314.81194878472,0.5059624471598201,31991.946933593754,15322.359052743806,senario_B
2025-12-04 05:00:00,47335.5282139757,0.5044851941863696,28829.57308268229,18505.45064609922,senario_B
2025-12-04 06:00:00,49049.15935763889,0.5121790611743927,24897.046728515623,24151.600450062095,senario_B
2025-12-04 07:00:00,52323.14767144097,0.9484046006533836,21351.289557291668,30970.90970954865,senario_B
2025-12-04 08:00:00,53723.742680121526,47.13363074249691,16984.445524088544,36692.16352529049,senario_B
2025-12-04 09:00:00,54121.27059678819,793.5373169623481,12892.353290201823,40435.37998962402,senario_B
2025-12-04 10:00:00,55462.69869791667,2032.5270917426212,10357.790997721353,43072.38060845269,senario_B
2025-12-04 11:00:00,56515.41576822917,3465.3972561306423,10346.168037923177,42703.85047417535,senario_B
2025-12-04 12:00:00,57884.05393880208,4956.631093207466,11158.937274576823,41768.485571017794,senario_B
2025-12-04 13:00:00,57603.75200737847,6524.927231445313,12828.520462239583,38250.304313693574,senario_B
2025-12-04 14:00:00,57040.34071180556,6231.968907335069,13300.958359375,37507.413445095495,senario_B
2025-12-04 15:00:00,56417.377310112846,5601.277255316841,13636.07653605143,37180.02351874458,senario_B
2025-12-04 16:00:00,56094.0262217882,4379.178409559462,12475.654471842447,39239.193340386286,senario_B
2025-12-04 17:00:00,56934.5473936632,2028.0038812934029,10318.192196451822,44588.35131591797,senario_B
2025-12-04 18:00:00,58346.56669270834,198.70569005966183,8594.408752441406,49553.452250207265,senario_B
2025-12-04 19:00:00,58221.306677517365,9.755854602439536,7979.762307128907,50231.78851578602,senario_B
2025-12-04 20:00:00,58181.50011501736,0.3349556683666176,8523.345724283854,49657.81943506514,senario_B
2025-12-04 21:00:00,57709.67706380208,0.5509390066232946,9986.310996093749,47722.81512870171,senario_B
2025-12-04 22:00:00,56972.15509114583,0.4243851766155825,10454.77068359375,46516.96002237547,senario_B
2025-12-04 23:00:00,55608.85853515625,0.3047072576151954,10632.983486328127,44975.57034157051,senario_B
2025-12-05 00:00:00,54011.80255642361,0.2971621751123005,12251.451123046874,41760.05427120162,senario_B
2025-12-05 01:00:00,50860.95087456597,0.3395119239721033,14866.773548177083,35993.83781446492,senario_B
2025-12-05 02:00:00,49777.027867838544,0.2881863602085246,16342.637697753908,33434.101983724424,senario_B
2025-12-05 03:00:00,49451.04834635417,0.2774007839461168,16356.119431966146,33094.651513604076,senario_B
2025-12-05 04:00:00,49502.02133246528,0.2917215456234084,18367.347724609375,31134.38188631028,senario_B
2025-12-05 05:00:00,50760.315842013886,0.3122603757182757,19871.810626627605,30888.192955010567,senario_B
2025-12-05 06:00:00,53135.44204427084,0.2948209685583909,19926.40819986979,33208.7390234325,senario_B
2025-12-05 07:00:00,56701.58947482639,0.3022978265417946,18956.684884440103,37744.60229255974,senario_B
2025-12-05 08:00:00,58432.520104166666,439.7836428840624,17450.072604166664,40542.66385711594,senario_B
2025-12-05 09:00:00,58096.56593858507,5110.165786675348,16813.052120361328,36173.34803154839,senario_B
2025-12-05 10:00:00,57311.82496961806,10333.884704318576,12421.835310058592,34556.104955240895,senario_B
2025-12-05 11:00:00,56145.22147135417,12141.35650499132,9892.688230794272,34111.17673556857,senario_B
2025-12-05 12:00:00,54711.08515950521,13722.454836697048,7779.825397949218,33208.80492485894,senario_B
2025-12-05 13:00:00,53584.02179253472,13514.468166232638,6336.724213053385,33732.82941324869,senario_B
2025-12-05 14:00:00,52598.792235243054,12356.767016059028,6293.001073811849,33949.024145372176,senario_B
2025-12-05 15:00:00,51915.52365526575,10902.59919813368,6350.799117024739,34662.12534010733,senario_B
2025-12-05 16:00:00,51831.89989583333,8493.081876085069,6554.355958658854,36784.46206108941,senario_B
2025-12-05 17:00:00,52502.99016493056,4630.623398166233,6081.505262044271,41790.86150472006,senario_B
2025-12-05 18:00:00,54362.15940104167,372.9333118671758,6578.196383463543,47411.02970571094,senario_B
2025-12-05 19:00:00,55103.34666232639,0.1366320974379778,8876.742846679688,46226.46718354926,senario_B
2025-12-05 20:00:00,54709.5953515625,0.1409952964550919,12331.362844238283,42378.091512027764,senario_B
2025-12-05 21:00:00,54419.68475694444,0.160310626692242,14506.84799153646,39912.67645478129,senario_B
2025-12-05 22:00:00,53648.4294921875,0.2020655640214681,15554.985852864585,38093.24157375889,senario_B
2025-12-05 23:00:00,52175.32016059028,0.14773527847396,14531.713836263021,37643.45858904879,senario_B
2025-12-06 00:00:00,50448.556549479166,0.1612929615461164,11852.36791015625,38596.02734636137,senario_B
2025-12-06 01:00:00,49256.355078125,0.1717361159622669,10070.90611002604,39185.277231983,senario_B
2025-12-06 02:00:00,48277.64785807292,0.2154035961710744,8074.482645670573,40202.94980880618,senario_B
2025-12-06 03:00:00,47873.912825520834,0.2638671964738104,6066.255755615234,41807.39320270913,senario_B
2025-12-06 04:00:00,47738.45597873264,0.2698365794287787,5783.141387939453,41955.04475421376,senario_B
2025-12-06 05:00:00,48011.76336805556,0.2609142235169808,5996.049060465495,42015.45339336655,senario_B
2025-12-06 06:00:00,49000.85326388889,0.4024458193530639,6908.764221191406,42091.68659687813,senario_B
2025-12-06 07:00:00,50515.19941189236,0.548505229163501,7682.049591471355,42832.601315191845,senario_B
2025-12-06 08:00:00,51523.381256510416,594.3867187478808,7950.144471842448,42978.85006592009,senario_B
2025-12-06 09:00:00,52233.08792317708,8913.819583062066,7577.335908203125,35741.93243191189,senario_B
2025-12-06 10:00:00,52540.1844639757,18052.82439778646,5225.073916829427,29262.286149359814,senario_B
2025-12-06 11:00:00,51346.37829427084,19104.81847439236,4670.976879882813,27570.58293999567,senario_B
2025-12-06 12:00:00,50316.76765407986,18899.21506076389,7845.855721435548,23571.69687188042,senario_B
2025-12-06 13:00:00,49768.42945746528,18973.73060546875,14726.790930175783,16067.907921820748,senario_B
2025-12-06 14:00:00,49565.47792317708,19114.767569444444,19940.77567057292,10509.934683159718,senario_B
2025-12-06 15:00:00,49101.79354817709,19414.51697265625,20883.06492513021,8804.211650390633,senario_B
2025-12-06 16:00:00,48959.50415798611,17136.66687391493,22261.28952636719,9561.547757703993,senario_B
2025-12-06 17:00:00,48999.88251953125,9675.635285915798,22040.960455729168,17283.286777886286,senario_B
2025-12-06 18:00:00,49713.92068359375,707.3561232847306,20372.357976888023,28634.206583421,senario_B
2025-12-06 19:00:00,50360.96124348958,0.2887665231360329,23158.631420898437,27202.041056068007,senario_B
2025-12-06 20:00:00,49868.31437282986,0.4406151103973388,26992.97256835937,22874.90118936009,senario_B
2025-12-06 21:00:00,49658.26419487847,0.5954009130265978,27746.630624999998,21911.038168965446,senario_B
2025-12-06 22:00:00,49138.23877170139,0.5454875078135066,27197.886754557294,21939.806529636284,senario_B
2025-12-06 23:00:00,48048.84944878472,0.5120638656616211,27169.414947916666,20878.922437002395,senario_B
2025-12-07 00:00:00,46474.104735243054,0.3833255312509007,26326.172180989583,20147.549228722222,senario_B
2025-12-07 01:00:00,44954.56459201389,0.3386521207955148,24640.253190104166,20313.972749788933,senario_B
2025-12-07 02:00:00,43870.98690538194,0.3750468527939584,24818.840841471352,19051.771017057796,senario_B
2025-12-07 03:00:00,43236.35960720486,0.4573793806963496,25856.49916015625,17379.40306766791,senario_B
2025-12-07 04:00:00,43143.25669921875,0.5420943819814258,25979.656471354167,17163.0581334826,senario_B
2025-12-07 05:00:00,43363.81194661458,0.4072892361879349,24801.636780598958,18561.767876779435,senario_B
2025-12-07 06:00:00,43823.91706814237,0.3888378110859129,23107.078235677083,20716.449994654202,senario_B
2025-12-07 07:00:00,44743.80564236111,0.4864332466655307,22990.761876627603,21752.557332486842,senario_B
2025-12-07 08:00:00,45781.45270833333,379.530553714633,23443.728277994793,21958.193876623904,senario_B
2025-12-07 09:00:00,47119.00103081597,6016.463532172309,22969.22322591146,18133.314272732197,senario_B
2025-12-07 10:00:00,48728.87413411459,12387.136432291669,22423.57700032552,13918.160701497396,senario_B
2025-12-07 11:00:00,49496.363901909725,13498.478782552083,24326.02728515625,11671.85783420139,senario_B
2025-12-07 12:00:00,50101.7834765625,13480.943277994793,25386.124742838543,11234.715455729161,senario_B
2025-12-07 13:00:00,50649.46935329861,14340.78632595486,24440.121199544268,11868.561827799484,senario_B
2025-12-07 14:00:00,50878.00750651042,15435.960936414933,22378.791669921877,13063.254900173604,senario_B
2025-12-07 15:00:00,50727.25121310764,16822.26041341146,18916.021686197917,14988.96911349826,senario_B
2025-12-07 16:00:00,50447.98501519097,16289.8954296875,16484.16035807292,17673.929227430548,senario_B
2025-12-07 17:00:00,50604.92344618055,9084.764495713976,14343.355883789061,27176.803066677516,senario_B
2025-12-07 18:00:00,51861.48461371528,789.0370578717192,12349.741258951824,38722.70629689173,senario_B
2025-12-07 19:00:00,53144.86363932292,0.3044345896111594,13612.393634440105,39532.165570293204,senario_B
2025-12-07 20:00:00,53318.658127170136,0.3352597062455283,15764.857776692708,37553.46509077118,senario_B
2025-12-07 21:00:00,53114.74014539931,0.3794783548514048,17196.38513834635,35917.97552869811,senario_B
2025-12-07 22:00:00,52557.01573567709,0.4059663638803694,17887.62491536458,34668.98485394863,senario_B
2025-12-07 23:00:00,50998.3538671875,0.3481180205610063,17079.562459309895,33918.44328985704,senario_B
2025-12-08 00:00:00,49303.35062717014,0.3569134682085779,17291.65681966146,32011.33689404047,senario_B
2025-12-08 01:00:00,48151.18133680556,0.354012119339572,15880.51874674479,32270.308577941432,senario_B
2025-12-08 02:00:00,47548.8842719184,0.3789525199515952,15486.678097737631,32061.827221660817,senario_B
2025-12-08 03:00:00,47662.50450086805,0.3720312238401836,14517.546669921874,33144.585799722336,senario_B
2025-12-08 04:00:00,48370.56955295139,0.3873454248242908,14720.452081705727,33649.73012582084,senario_B
2025-12-08 05:00:00,49895.9855078125,0.3818340010444323,14975.549466145832,34920.05420766561,senario_B
2025-12-08 06:00:00,52939.52349609375,0.377500203748544,15009.851373697913,37929.29462219209,senario_B
2025-12-08 07:00:00,57234.55211371528,0.3983831218878428,15079.664830729163,42154.488899864235,senario_B
2025-12-08 08:00:00,58654.90629123264,1213.371332880391,14776.029305013024,42665.50565333922,senario_B
2025-12-08 09:00:00,58049.89164496528,12469.027975802952,12277.18784423828,33303.67582492405,senario_B
2025-12-08 10:00:00,56635.179322916665,23378.484756944443,8747.836964518228,24508.857601453998,senario_B
2025-12-08 11:00:00,54768.1538780382,24772.03359157986,7643.1496956380215,22352.97059082032,senario_B
2025-12-08 12:00:00,52796.13086588542,24017.196046006942,8276.316429036458,20502.618390842017,senario_B
2025-12-08 13:00:00,51469.03666015625,23536.864928385417,9604.299428710938,18327.872303059892,senario_B
2025-12-08 14:00:00,50540.90901041667,23914.095266927085,10742.967457682293,15883.84628580729,senario_B
2025-12-08 15:00:00,49933.89272135417,24493.10870876736,11160.721928710938,14280.062083875871,senario_B
2025-12-08 16:00:00,49840.47426215278,22485.723118489583,11684.665259602865,15670.085884060329,senario_B
2025-12-08 17:00:00,50298.80693142361,12138.327483181423,12595.085450032553,25565.393998209634,senario_B
2025-12-08 18:00:00,52225.80408854166,844.19912036154,12972.247412109376,38409.35755607075,senario_B
2025-12-08 19:00:00,54385.45211805555,4.411422931419478,19032.406803385416,35348.63389173872,senario_B
2025-12-08 20:00:00,55268.2475672743,0.4611936964591344,23813.778341471352,31454.008032106492,senario_B
2025-12-08 21:00:00,55528.29453776042,0.9801045166783864,27618.394199218754,27908.92023402499,senario_B
2025-12-08 22:00:00,55122.10255642361,0.9406425459517374,29695.709638671877,25425.452275205782,senario_B
2025-12-08 23:00:00,53508.38486328125,0.733646359509892,29977.515192057297,23530.13602486444,senario_B
2025-12-09 00:00:00,51924.153771701385,0.6402170688907305,30085.796881510418,21837.71667312208,senario_B
2025-12-09 01:00:00,50739.22356336805,0.6812347262104352,29732.25469401042,21006.28763463142,senario_B
2025-12-09 02:00:00,50283.72910373264,0.5094926695194509,30281.292917480467,20001.92669358266,senario_B
2025-12-09 03:00:00,50284.67911458333,0.5323403470052613,29945.7949251302,20338.351849106122,senario_B
2025-12-09 04:00:00,50633.901627604166,0.4254504678315586,29791.89778971354,20841.578387422793,senario_B
2025-12-09 05:00:00,52258.406775173615,0.615746288895607,29651.2948828125,22606.49614607222,senario_B
2025-12-09 06:00:00,55124.64779947917,0.7714033911625544,29970.23552408854,25153.64087199947,senario_B
2025-12-09 07:00:00,59228.87803385417,0.6049090264240901,29260.96154947916,29967.311575348587,senario_B
2025-12-09 08:00:00,60387.2947265625,1151.1288934788438,28394.081233723962,30842.08459935969,senario_B
2025-12-09 09:00:00,58661.838871527776,12737.693327907986,25211.42173339844,20712.723810221345,senario_B
2025-12-09 10:00:00,55883.068020833336,21803.036822916667,18639.77377278646,15440.257425130214,senario_B
2025-12-09 11:00:00,53683.47950086805,23275.895258246528,16973.12942545573,13434.454817165795,senario_B
2025-12-09 12:00:00,51721.68650390625,23280.59974663629,17102.699295654296,11338.38746161566,senario_B
2025-12-09 13:00:00,50356.32503038194,22332.57724392361,18013.22701171875,10010.520774739576,senario_B
2025-12-09 14:00:00,49549.276154513886,21278.302925347223,20108.26131184896,8162.711917317702,senario_B
2025-12-09 15:00:00,49056.88440972223,20059.633784722224,22642.351419270835,6354.8992057291725,senario_B
2025-12-09 16:00:00,49108.88123263889,18398.44204644097,24407.092509765625,6303.346676432291,senario_B
2025-12-09 17:00:00,49731.05989149305,10239.918610297307,26841.559713541665,12649.581567654077,senario_B
2025-12-09 18:00:00,51500.10876736111,814.0124531486299,28843.028554687502,21843.06775952498,senario_B
2025-12-09 19:00:00,53008.0260546875,1.4729513815045356,32798.50776367187,20208.045339634125,senario_B
2025-12-09 20:00:00,53308.17230034722,0.3746326675100459,36910.52883463542,16397.26883304429,senario_B
2025-12-09 21:00:00,53141.69632378472,0.3973491538729932,38997.84118164062,14143.45779299023,senario_B
2025-12-09 22:00:00,52400.73480034722,0.4657201237810983,39936.41106119791,12463.85801902553,senario_B
2025-12-09 23:00:00,50452.18172743056,0.3606517646006412,39967.05733723959,10484.763738426365,senario_B
2025-12-10 00:00:00,48331.8452452257,0.3560333846095535,39493.960357259115,8837.528854581971,senario_B
2025-12-10 01:00:00,47031.86822048611,0.3448457654068867,38766.84118815104,8264.682186569662,senario_B
2025-12-10 02:00:00,46127.73760850694,0.2561290637734864,36899.761970214844,9227.719509228322,senario_B
2025-12-10 03:00:00,45656.52524956597,0.1495500786105791,33588.09146809896,12068.284231388403,senario_B
2025-12-10 04:00:00,45935.376126302086,0.1546794659644365,31015.913945312495,14919.307501523625,senario_B
2025-12-10 05:00:00,46991.70019748264,0.2319877715408802,30815.278652343746,16176.189557367354,senario_B
2025-12-10 06:00:00,49650.19020833333,0.8110970585710473,34565.23893880208,15084.140172472682,senario_B
2025-12-10 07:00:00,53476.89637369791,0.3336317768858539,36620.89191406249,16855.670827858536,senario_B
2025-12-10 08:00:00,54517.00177734375,975.7779308048222,35861.718769531246,17679.505077007685,senario_B
2025-12-10 09:00:00,53330.72535590278,11009.207975802952,32754.109843750004,9567.407536349827,senario_B
2025-12-10 10:00:00,51793.67457465278,17983.701653645832,29596.840341796873,4213.132579210076,senario_B
2025-12-10 11:00:00,50631.775010850695,17505.23175998264,29732.004785156252,3394.538465711801,senario_B
2025-12-10 12:00:00,49854.92681423611,16311.43995985243,28897.49977539063,4645.98707899305,senario_B
2025-12-10 13:00:00,49440.0258875868,17549.97476128472,25452.943305664063,6437.107820638019,senario_B
2025-12-10 14:00:00,49441.238854166666,19219.53914279514,21739.978279622395,8481.72143174913,senario_B
2025-12-10 15:00:00,49474.94976779514,21850.432337239585,16275.43611979167,11349.081310763882,senario_B
2025-12-10 16:00:00,49423.12491536458,21337.82866970486,11087.624751790365,16997.67149386935,senario_B
2025-12-10 17:00:00,49808.607610677085,11274.797946506076,8045.832781575522,30487.976882595485,senario_B
2025-12-10 18:00:00,51188.67319444445,796.7090521338913,6967.622049153646,43424.34209315691,senario_B
2025-12-10 19:00:00,52288.79066189236,0.195126043094529,8283.359739583333,44005.23579626593,senario_B
2025-12-10 20:00:00,52205.03802083333,0.1985980151428116,9879.974213053385,42324.8652097648,senario_B
2025-12-10 21:00:00,51979.87635199653,0.2298210150831275,11369.058760579428,40610.58777040202,senario_B
2025-12-10 22:00:00,51248.965112847225,75.56895437028673,11755.775826009114,39417.62033246782,senario_B
2025-12-10 23:00:00,49717.49549913195,56.42749110210273,11612.766374511719,38048.301633518124,senario_B
2025-12-11 00:00:00,47847.618969184026,0.249493569980065,12425.75705810547,35421.61241750858,senario_B
2025-12-11 01:00:00,46495.29946831597,0.245614344742563,13879.61176106771,32615.44209290352,senario_B
2025-12-11 02:00:00,45873.91041449653,0.2411030640039179,15595.683045247395,30277.98626618513,senario_B
2025-12-11 03:00:00,45809.53666883681,0.3542558115886317,16974.436399739585,28834.746013285636,senario_B
2025-12-11 04:00:00,46537.59054036458,0.3829408774773279,21030.761998697915,25506.44560078919,senario_B
2025-12-11 05:00:00,48163.55544921875,0.4099907705850071,25435.25890950521,22727.88654894296,senario_B
2025-12-11 06:00:00,51364.89378689236,0.6641710742314657,28268.856800130212,23095.372815687915,senario_B
2025-12-11 07:00:00,55571.33415798611,0.8435066480769051,31302.399541015628,24268.091110322406,senario_B
2025-12-11 08:00:00,57321.896215277775,1166.6925541839337,32788.61949869792,23366.58416239592,senario_B
2025-12-11 09:00:00,56001.905828993054,12588.575666232638,29153.285432942706,14260.04472981771,senario_B
2025-12-11 10:00:00,54070.3501063368,21259.69068576389,22853.176811523437,9957.482609049475,senario_B
2025-12-11 11:00:00,52378.98171006944,22581.613684895838,21067.87114420573,8729.496880967876,senario_B
2025-12-11 12:00:00,50932.53957248264,22184.38121961805,20793.664593098958,7954.493759765628,senario_B
2025-12-11 13:00:00,49566.009377170136,21921.35687717014,19104.050654296876,8540.60184570312,senario_B
2025-12-11 14:00:00,49258.65692274306,22215.68824869792,18449.1048828125,8593.863791232641,senario_B
2025-12-11 15:00:00,49028.0245594618,23036.582554253477,17477.11019856771,8514.331806640617,senario_B
2025-12-11 16:00:00,48957.63794704861,21441.15005642361,16972.159044596352,10544.328846028653,senario_B
2025-12-11 17:00:00,49632.61463975695,11624.740927734376,18023.291515299483,19984.582196723088,senario_B
2025-12-11 18:00:00,50527.96346571181,841.2573339161277,20337.595087890622,29349.11104390506,senario_B
2025-12-11 19:00:00,52105.84211805555,0.6808170190122392,28500.768004557292,23604.393296479248,senario_B
2025-12-11 20:00:00,52285.20860026042,1.0580454627010558,33383.55345703125,18900.59709776647,senario_B
2025-12-11 21:00:00,52214.910776909725,0.8041374907559818,35288.91813151042,16925.188507908548,senario_B
2025-12-11 22:00:00,51452.9850390625,0.7368405655026435,35666.0534798177,15786.194718679297,senario_B
2025-12-11 23:00:00,49771.453344184025,0.6913701398173968,37100.48845052083,12670.273523523378,senario_B
2025-12-12 00:00:00,47939.14558376736,0.8806529598434766,38054.49916666666,9883.765764140851,senario_B
2025-12-12 01:00:00,46463.25000651042,0.643246578640408,37129.42402018229,9333.182739749485,senario_B
2025-12-12 02:00:00,45632.71603732639,0.4964649162358708,35544.78074544271,10087.438826967445,senario_B
2025-12-12 03:00:00,44827.33217447917,0.7652764702174398,32920.064104817706,11906.502793191248,senario_B
2025-12-12 04:00:00,44734.057916666665,3.4426150281561747,30328.707141927076,14401.908159711431,senario_B
2025-12-12 05:00:00,45580.56381076389,0.4653261387348175,26974.270387369794,18605.82809725536,senario_B
2025-12-12 06:00:00,47693.705698784725,0.4741853517625067,24967.206669921878,22726.024843511084,senario_B
2025-12-12 07:00:00,50869.27905815972,0.307437827711304,23085.494837239585,27783.47678309243,senario_B
2025-12-12 08:00:00,52042.930989583336,354.6624982299159,20515.829342447916,31172.4391489055,senario_B
2025-12-12 09:00:00,51330.62951388889,6173.732739800347,17589.98487955729,27566.91189453125,senario_B
2025-12-12 10:00:00,51004.15322482639,13694.170609809027,13149.104489746094,24160.878125271265,senario_B
2025-12-12 11:00:00,50443.07996527778,16769.337390407985,13001.04670735677,20672.695867513023,senario_B
2025-12-12 12:00:00,50507.99935329861,18334.447907986112,14976.8087125651,17196.7427327474,senario_B
2025-12-12 13:00:00,50301.70406684028,18603.908582899305,14563.9169921875,17133.878491753472,senario_B
2025-12-12 14:00:00,50227.546875,19177.145885416667,13282.12558268229,17768.27540690104,senario_B
2025-12-12 15:00:00,50321.08275173611,19717.822337239584,12678.954184570313,17924.306229926213,senario_B
2025-12-12 16:00:00,50576.07289496528,18669.636527777777,12282.444885253906,19623.991481933594,senario_B
2025-12-12 17:00:00,50966.4193359375,9855.538713378906,12089.671129557291,29021.209493001305,senario_B
2025-12-12 18:00:00,51602.502478298615,744.1279970202264,13848.547685546875,37009.82679573152,senario_B
2025-12-12 19:00:00,51726.8220703125,0.2414702511413229,17555.028732096354,34171.551867965005,senario_B
2025-12-12 20:00:00,50783.16149305556,0.2814083104994562,20004.506513671873,30778.37357107319,senario_B
2025-12-12 21:00:00,50171.18762152778,0.2704145016604,20168.877390950518,30002.0398160756,senario_B
2025-12-12 22:00:00,49545.56503472223,0.2843941284633345,18693.63857584636,30851.642064747408,senario_B
2025-12-12 23:00:00,48199.55769965277,0.3047581657932864,16670.550681966146,31528.702259520825,senario_B
2025-12-13 00:00:00,46705.80880208333,0.3081832263949844,14119.236756184895,32586.263862672044,senario_B
2025-12-13 01:00:00,45347.83052517361,0.3071753174066544,12181.62596842448,33165.89738143172,senario_B
2025-12-13 02:00:00,44083.025314670136,0.3199040771027406,9995.060026855468,34087.64538373757,senario_B
2025-12-13 03:00:00,43370.31620876736,0.3131039429207642,7983.789584147136,35386.21352067731,senario_B
2025-12-13 04:00:00,43135.85690104167,0.3133180280774831,6103.927875162761,37031.615707850826,senario_B
2025-12-13 05:00:00,43350.13403645833,0.3268335606488917,4920.917301432291,38428.88990146539,senario_B
2025-12-13 06:00:00,44200.18782118055,0.3325283015602164,4419.868804117838,39779.986488761155,senario_B
2025-12-13 07:00:00,45610.05777994792,0.3371937213672532,4807.488857828776,40802.231728397775,senario_B
2025-12-13 08:00:00,46938.58040798611,214.17090010662875,5102.244447835286,41622.1650600442,senario_B
2025-12-13 09:00:00,48110.372938368055,4740.27816040039,5194.117098795573,38175.977679172094,senario_B
2025-12-13 10:00:00,49566.41289930556,11276.28154079861,4651.596084391276,33638.53527411567,senario_B
2025-12-13 11:00:00,50377.47830078125,13381.751335720486,5191.9586287434895,31803.768336317273,senario_B
2025-12-13 12:00:00,50562.43024739583,14524.696531032989,6132.188467203776,29905.545249159062,senario_B
2025-12-13 13:00:00,50517.11762803819,15837.034599609377,7125.006913248698,27555.07611518012,senario_B
2025-12-13 14:00:00,50593.28001736111,15893.71456922743,8173.535569661459,26526.029878472225,senario_B
2025-12-13 15:00:00,50835.90895399306,16632.551675347222,8154.970354003906,26048.386924641934,senario_B
2025-12-13 16:00:00,51162.752717013886,16282.66131184896,6884.119961751301,27995.971443413622,senario_B
2025-12-13 17:00:00,51422.25234157986,8201.326304253473,8561.005148111979,34659.9208892144,senario_B
2025-12-13 18:00:00,51751.11395616319,567.9434321177337,12514.714026692709,38668.45649735275,senario_B
2025-12-13 19:00:00,51557.33182291667,0.6328276281555494,16839.15443033854,34717.544564949974,senario_B
2025-12-13 20:00:00,50267.59884982639,0.6955572478638755,20626.438950195312,29640.464342383217,senario_B
2025-12-13 21:00:00,49834.1231922743,0.9695063130723104,26196.976123046876,23636.177562914356,senario_B
2025-12-13 22:00:00,49763.82244357639,1.0789089316791958,29841.406243489582,19921.337291155127,senario_B
2025-12-13 23:00:00,48874.459066840274,1.131901634004381,31776.034466145833,17097.292699060436,senario_B
2025-12-14 00:00:00,47522.54411892361,0.9311858196391,33475.23454427083,14046.378388833138,senario_B
2025-12-14 01:00:00,46340.786595052086,0.8179743325710297,33486.8636328125,12853.104987907012,senario_B
2025-12-14 02:00:00,45577.656236979165,0.7731778400805261,33153.96473958333,12422.918319555756,senario_B
2025-12-14 03:00:00,45409.24592881944,0.8136273687415653,33342.9786328125,12065.453668638198,senario_B
2025-12-14 04:00:00,45535.09287543403,0.7853381544020441,33220.41923828125,12313.888298998376,senario_B
2025-12-14 05:00:00,46051.64555989584,0.7801687320073446,32653.857145182294,13397.008245981538,senario_B
2025-12-14 06:00:00,46806.15883680555,0.6724233777655495,30431.00681315104,16374.479600276747,senario_B
2025-12-14 07:00:00,48386.4934092882,0.6307711243629456,28513.73599283854,19872.126645325297,senario_B
2025-12-14 08:00:00,50505.84050564236,137.61490749077666,26695.0737890625,23673.151809089086,senario_B
2025-12-14 09:00:00,52501.9548046875,2125.959827067057,24960.85963867188,25415.135338948567,senario_B
2025-12-14 10:00:00,53766.20181206597,5392.285538194445,22869.138699544274,25504.77757432725,senario_B
2025-12-14 11:00:00,54761.44362847223,8675.690600043403,19234.403126627603,26851.349901801226,senario_B
2025-12-14 12:00:00,55097.74872829861,11217.601043836805,17623.188245442707,26256.9594390191,senario_B
2025-12-14 13:00:00,54481.54032769097,12376.109213324651,15725.973653971356,26379.457460394966,senario_B
2025-12-14 14:00:00,53507.683157552085,12552.576101345488,13965.18461425781,26989.922441948784,senario_B
2025-12-14 15:00:00,52723.403899739584,12123.333646918403,12660.656663411459,27939.413589409727,senario_B
2025-12-14 16:00:00,52623.775442708335,11368.007644314235,11184.828900553386,30070.938897840708,senario_B
2025-12-14 17:00:00,53295.35093315972,5641.307017686632,10588.491229654948,37065.55268581814,senario_B
2025-12-14 18:00:00,55582.38531684028,299.39057678485085,10384.772740071614,44898.22199998381,senario_B
2025-12-14 19:00:00,57274.21423394097,0.2462649129248327,10997.768815104166,46276.19915392388,senario_B
2025-12-14 20:00:00,57380.91970486111,0.2800364817761712,11355.98778483073,46024.651883548606,senario_B
2025-12-14 21:00:00,56785.71260199653,0.2950054917898443,11349.578961588542,45435.838634916196,senario_B
2025-12-14 22:00:00,56353.30074435764,0.2925833957476748,10911.849131673178,45441.15902928871,senario_B
2025-12-14 23:00:00,55143.42847439236,0.2471076211664411,10703.667231445314,44439.51413532588,senario_B
2025-12-15 00:00:00,54013.25943359375,0.265845605664783,10416.731123046875,43596.2624649412,senario_B
2025-12-15 01:00:00,53177.71288628472,0.3032318461024099,10140.967627766928,43036.442026671684,senario_B
2025-12-15 02:00:00,52758.43929904514,0.2488205066571633,9336.045930989583,43422.1445475489,senario_B
2025-12-15 03:00:00,52754.22704861111,0.2703684462358554,9669.330474446615,43084.626205718254,senario_B
2025-12-15 04:00:00,53079.32424045139,0.2543817161106401,10007.067814941407,43072.002043793866,senario_B
2025-12-15 05:00:00,54560.51852864584,0.2627187968045473,10850.152901204427,43710.102908644614,senario_B
2025-12-15 06:00:00,57601.76143880208,0.2865072910529044,11509.819020182293,46091.65591132874,senario_B
2025-12-15 07:00:00,61476.203016493055,0.3616456255068381,11913.640465494791,49562.20090537276,senario_B
2025-12-15 08:00:00,63113.90536024306,996.9993501750628,13249.502314453126,48867.40369561486,senario_B
2025-12-15 09:00:00,62924.71525824653,9458.570169813367,12321.920511067707,41144.22457736545,senario_B
2025-12-15 10:00:00,61494.919077690975,16894.046204427083,12797.944313151042,31802.92856011285,senario_B
2025-12-15 11:00:00,59360.400755208335,18687.09624782986,13526.981826171876,27146.3226812066,senario_B
2025-12-15 12:00:00,56854.717810329865,19649.359609375,14193.888349609373,23011.469851345497,senario_B
2025-12-15 13:00:00,54896.13546657986,19972.045,13544.102446289064,21379.988020290795,senario_B
2025-12-15 14:00:00,53367.508617621526,20287.362608506945,13399.185096028645,19680.96091308594,senario_B
2025-12-15 15:00:00,52195.90943142361,19773.940494791663,14296.931276041669,18125.037660590282,senario_B
2025-12-15 16:00:00,51785.75080295139,15995.03508029514,15397.805530598958,20392.910192057298,senario_B
2025-12-15 17:00:00,52563.14990234375,5884.921344401042,16208.621673177084,30469.606884765628,senario_B
2025-12-15 18:00:00,55409.25705295139,326.96251232160154,17670.249767252604,37412.04477337719,senario_B
2025-12-15 19:00:00,57518.79150390625,0.5543837761754791,21960.420861002603,35557.816259127474,senario_B
2025-12-15 20:00:00,57964.816328125,0.9065251805384954,26397.500323893226,31566.40947905124,senario_B
2025-12-15 21:00:00,57926.37419270833,0.8010907138056226,29428.429342447922,28497.1437595466,senario_B
2025-12-15 22:00:00,57003.24936197917,0.541583191872471,30516.509361979166,26486.198416808133,senario_B
2025-12-15 23:00:00,54779.29782118055,0.4123094788938761,31448.68216796875,23330.20334373291,senario_B
2025-12-16 00:00:00,52523.62293402778,0.4519296217378643,30864.323776041667,21658.84722836437,senario_B
2025-12-16 01:00:00,50767.29754774306,0.2636728222792347,30088.407558593753,20678.626316327027,senario_B
2025-12-16 02:00:00,49943.65887803819,0.3095344363856647,28826.80910644531,21116.5402371565,senario_B
2025-12-16 03:00:00,49645.43898654514,0.2206811640328831,27020.71951171875,22624.49879366235,senario_B
2025-12-16 04:00:00,49684.551625434025,0.2594581736293104,25445.324088541667,24238.96807871873,senario_B
2025-12-16 05:00:00,50754.47713975694,0.2717834250132243,24313.213330078128,26440.9920262538,senario_B
2025-12-16 06:00:00,53273.79428385416,0.3619391200898422,24394.44973958333,28878.982605150733,senario_B
2025-12-16 07:00:00,56637.14291666666,0.5036763426661491,24447.430908203125,32189.208332120863,senario_B
2025-12-16 08:00:00,57712.85328559028,266.1297099806865,24619.68953938802,32827.03403622158,senario_B
2025-12-16 09:00:00,57237.25914930556,4601.540399848091,25138.202102864583,27497.516646592885,senario_B
2025-12-16 10:00:00,56411.77671006945,11955.761343315971,22151.2103515625,22304.805015190977,senario_B
2025-12-16 11:00:00,55332.70317274306,14642.71216688368,20254.057887369792,20435.93311848959,senario_B
2025-12-16 12:00:00,54058.2417296007,15485.375870225696,19916.559384765624,18656.306474609377,senario_B
2025-12-16 13:00:00,52901.54989800348,15183.725747612849,20479.50955403646,17238.314596354172,senario_B
2025-12-16 14:00:00,52128.38025390625,14164.31294813368,21545.728693033852,16418.33861273872,senario_B
2025-12-16 15:00:00,51618.94287760417,12857.01910047743,21106.424939778648,17655.49883734809,senario_B
2025-12-16 16:00:00,51479.808253038194,11217.306614583333,21643.761868489582,18618.739769965283,senario_B
2025-12-16 17:00:00,51757.65351779514,6548.335751139323,22574.517382812497,22634.800383843314,senario_B
2025-12-16 18:00:00,53117.64018663194,704.8386319733494,23808.042091471354,28604.75946318724,senario_B
2025-12-16 19:00:00,53569.29583333333,0.5746218644082546,26379.983264973962,27188.737946494963,senario_B
2025-12-16 20:00:00,53239.39026475694,0.6859719726774428,26596.057548828125,26642.64674395614,senario_B
2025-12-16 21:00:00,52627.7430078125,0.5646150609519747,26746.821927083336,25880.356465668214,senario_B
2025-12-16 22:00:00,51300.69483072917,0.5228553709222211,26725.775377604165,24574.39659775408,senario_B
2025-12-16 23:00:00,48783.64849392361,0.5221682381464375,25366.741323242186,23416.38500244328,senario_B
2025-12-17 00:00:00,46392.70122721354,0.500544501932131,22986.836605224613,23405.364077486993,senario_B
2025-12-17 01:00:00,44550.30097222222,0.5193402442832787,21244.880037434894,23304.901594543044,senario_B
2025-12-17 02:00:00,43235.77650173611,0.5359935421910551,19039.52337036133,24195.71713783259,senario_B
2025-12-17 03:00:00,42291.37005208333,0.5340591948893335,16821.990519205727,25468.84547368271,senario_B
2025-12-17 04:00:00,42295.6447265625,0.4996902490986718,14964.227317708333,27330.917718605073,senario_B
2025-12-17 05:00:00,42720.73321614583,0.5037948937548531,12676.630547688801,30043.598873563278,senario_B
2025-12-17 06:00:00,43975.9090625,0.5022168057494694,10458.233527832032,33517.17331786222,senario_B
2025-12-17 07:00:00,47059.4481640625,0.5152220296197467,9237.526492513021,37821.406449519855,senario_B
2025-12-17 08:00:00,48980.12442708333,54.81789360963636,7284.157998046876,41641.148535426815,senario_B
2025-12-17 09:00:00,49702.43706163194,3167.170368008084,5819.281477457682,40715.98521616618,senario_B
2025-12-17 10:00:00,50633.64556423611,8671.304154730902,3852.7492622884115,38109.5921472168,senario_B
2025-12-17 11:00:00,50894.12664496528,10588.383649088542,2122.9474890136717,38182.79550686307,senario_B
2025-12-17 12:00:00,50782.75717447917,11417.136047092014,1847.4099009195966,37518.21122646756,senario_B
2025-12-17 13:00:00,50374.0259375,11986.421804470488,2570.983306681315,35816.6208263482,senario_B
2025-12-17 14:00:00,49898.097074652775,11984.195151909722,4672.58495686849,33241.31696587456,senario_B
2025-12-17 15:00:00,49594.50470920139,11165.687092013888,8068.4845678710935,30360.33304931641,senario_B
2025-12-17 16:00:00,49447.53076822917,10171.467944878472,9506.839977213542,29769.222846137152,senario_B
2025-12-17 17:00:00,49707.72769965278,6478.279169379341,11256.57532796224,31972.8732023112,senario_B
2025-12-17 18:00:00,50329.21492621528,757.0758436454336,14721.122428385415,34851.01665418443,senario_B
2025-12-17 19:00:00,50796.20129774306,0.4982410214179092,21895.033997395836,28900.669059325806,senario_B
2025-12-17 20:00:00,50878.37624131944,0.448765908860498,28238.956285807297,22638.971189603282,senario_B
2025-12-17 21:00:00,50598.91059027778,0.4331265530155764,30109.633987630208,20488.84347609456,senario_B
2025-12-17 22:00:00,49923.19684027778,0.5546285459233655,33213.19760091145,16709.444610820407,senario_B
2025-12-17 23:00:00,48134.766293402776,0.6209430806504356,33925.662783203115,14208.482567119012,senario_B
2025-12-18 00:00:00,46106.27650173611,0.515426769124137,34113.32263671876,11992.438438248224,senario_B
2025-12-18 01:00:00,44376.67180989583,0.5115427294373512,33907.71215494792,10468.448112218473,senario_B
2025-12-18 02:00:00,43285.94874565972,0.5749671849608421,32864.17870442708,10421.195074047675,senario_B
2025-12-18 03:00:00,42679.79454427084,0.7554079140557183,32446.41934570313,10232.619790653654,senario_B
2025-12-18 04:00:00,42653.10328125,0.6097489580677615,31606.010104166668,11046.483428125266,senario_B
2025-12-18 05:00:00,43166.64626736111,0.5151864098012447,31207.302750651044,11958.828330300264,senario_B
2025-12-18 06:00:00,45059.50541666667,0.4434815754327509,31763.90239908854,13295.159536002691,senario_B
2025-12-18 07:00:00,48030.00170138889,0.4410904910167058,30982.622376302083,17046.938234595786,senario_B
2025-12-18 08:00:00,49365.50507378472,301.4615478533341,31395.134007161458,17668.90951876993,senario_B
2025-12-18 09:00:00,49575.04920138889,6250.453537462023,29629.211158854167,13695.384505072696,senario_B
2025-12-18 10:00:00,49776.89271701389,12720.959921875,26059.638541666667,10996.294253472224,senario_B
2025-12-18 11:00:00,49687.46923177083,14956.514874131944,26418.331380208336,8312.622977430554,senario_B
2025-12-18 12:00:00,49847.37616319444,17168.38050998264,27625.82273763021,5053.172915581596,senario_B
2025-12-18 13:00:00,50080.63603298611,17496.131178385418,27676.824163411457,4907.680691189238,senario_B
2025-12-18 14:00:00,50587.824461805554,17863.773435329862,27446.198701171874,5277.852325303818,senario_B
2025-12-18 15:00:00,50999.575,17614.147291666668,25759.54580403646,7625.881904296868,senario_B
2025-12-18 16:00:00,51353.70622612848,16023.349507378472,24297.707522786455,11032.649195963553,senario_B
2025-12-18 17:00:00,51572.35350043403,10075.227829589843,24266.91561360677,17230.21005723742,senario_B
2025-12-18 18:00:00,52139.43246310764,894.9062417009142,19385.815159505208,31858.71106190152,senario_B
2025-12-18 19:00:00,52889.17752387153,0.2550493211133612,18926.99479329427,33961.927681256144,senario_B
2025-12-18 20:00:00,52435.33638671875,0.2550236015187369,20034.796053059894,32400.28531005734,senario_B
2025-12-18 21:00:00,51947.36843098958,0.2865439578808016,19508.80395019531,32438.27793683639,senario_B
2025-12-18 22:00:00,50905.8803125,0.2886543276740445,16987.336831054687,33918.254827117635,senario_B
2025-12-18 23:00:00,48988.141139322914,0.2881727781560685,16049.303673502603,32938.54929304215,senario_B
2025-12-19 00:00:00,47179.0366514757,0.3167838045623567,15910.504441731771,31268.215425939365,senario_B
2025-12-19 01:00:00,45725.86742838542,0.30272895740966,16556.75239746094,29168.81230196707,senario_B
2025-12-19 02:00:00,45160.13078125,0.3246919737756252,17655.80938313802,27503.99670613821,senario_B
2025-12-19 03:00:00,44964.80868489584,0.3222436478154526,20055.178339843747,24909.308101404276,senario_B
2025-12-19 04:00:00,45412.36340928819,0.296692353081372,22262.909339192705,23149.157377742402,senario_B
2025-12-19 05:00:00,46709.172400173615,0.2910482049981753,23443.386267903647,23265.49508406497,senario_B
2025-12-19 06:00:00,49406.48558376736,0.2818133208321201,26864.953971354167,22541.24979909236,senario_B
2025-12-19 07:00:00,53300.56146484375,0.2650462660565972,29390.73224609375,23909.564172483944,senario_B
2025-12-19 08:00:00,55590.49747829861,863.3437886809061,33174.99910481772,21552.154584799988,senario_B
2025-12-19 09:00:00,55288.19518446181,11061.166291775173,32205.656845703124,12021.37204698351,senario_B
2025-12-19 10:00:00,53984.443984375,19281.02243272569,27958.33134114583,6745.090210503484,senario_B
2025-12-19 11:00:00,52637.037667100696,19981.829644097223,28196.669876302083,4458.53814670139,senario_B
2025-12-19 12:00:00,51376.7547764757,19487.28798394097,28554.91202148438,3334.554771050349,senario_B
2025-12-19 13:00:00,50392.42462239583,18382.588485243057,27700.93131184896,4308.904825303816,senario_B
2025-12-19 14:00:00,49995.356536458334,18042.06123046875,26993.328603515627,4959.966702473957,senario_B
2025-12-19 15:00:00,49767.83091362847,17740.172918836804,26713.21712565104,5314.440869140628,senario_B
2025-12-19 16:00:00,49680.93233506945,17280.4372515191,26729.685065104164,5670.810018446184,senario_B
2025-12-19 17:00:00,49843.47646050347,10215.352526041666,28357.624886067708,11270.4990483941,senario_B
2025-12-19 18:00:00,51288.54755425347,1015.198867331677,32638.321858723957,17635.02682819784,senario_B
2025-12-19 19:00:00,52171.66543185764,0.7180294663707415,35610.771953125004,16560.175449266266,senario_B
2025-12-19 20:00:00,51807.77300564236,0.5057347180777126,37211.157431640626,14596.109839283657,senario_B
2025-12-19 21:00:00,51520.83605034722,0.4958860714568032,38061.64798177083,13458.692182504936,senario_B
2025-12-19 22:00:00,51060.39938151042,0.5203957157995965,39054.57239908854,12005.30658670608,senario_B
2025-12-19 23:00:00,49740.135553385415,0.5160524323251512,38959.16199869791,10780.45750225518,senario_B
2025-12-20 00:00:00,48356.80968315972,0.5082933429876964,38645.82415364583,9710.477236170904,senario_B
2025-12-20 01:00:00,47063.98609592014,0.5081579283210966,38710.18069661458,8353.297241377237,senario_B
2025-12-20 02:00:00,46028.01680989583,0.5512909999489785,38897.05779947917,7130.407719416711,senario_B
2025-12-20 03:00:00,45349.42154730903,0.5262393932541212,38303.41606119792,7045.479246717856,senario_B
2025-12-20 04:00:00,44928.55033203125,0.5133194047543738,37635.84895507812,7292.188057548374,senario_B
2025-12-20 05:00:00,45077.078081597225,0.5249285858538416,37238.660878906245,7837.892274105128,senario_B
2025-12-20 06:00:00,45746.645062934025,0.5267271308766471,37105.35046549479,8640.767870308358,senario_B
2025-12-20 07:00:00,47084.65830729167,0.5410254677799013,38243.39031575521,8840.72696606868,senario_B
2025-12-20 08:00:00,48177.04460720486,391.378183087541,37941.22728190104,9844.43914221628,senario_B
2025-12-20 09:00:00,49135.06771701389,6858.111404351129,34109.67555013021,8167.280762532551,senario_B
2025-12-20 10:00:00,49521.95262369792,14702.64541341146,27519.209518229167,7300.097692057294,senario_B
2025-12-20 11:00:00,49114.9616688368,17490.979186197917,24575.463642578125,7048.518840060755,senario_B
2025-12-20 12:00:00,48913.13246961805,17976.759973958335,24868.504025065107,6067.868470594611,senario_B
2025-12-20 13:00:00,48868.201985677086,17268.585815972223,26533.197311197917,5066.418858506946,senario_B
2025-12-20 14:00:00,48889.59148654514,17012.258654513887,25937.457102864588,5939.875729166666,senario_B
2025-12-20 15:00:00,49439.8028797743,16216.4428515625,24904.37530436198,8318.984723849819,senario_B
2025-12-20 16:00:00,50190.26385416667,15291.782000868056,24709.968391927083,10188.513461371527,senario_B
2025-12-20 17:00:00,50758.11945095486,9698.645205349392,24714.360468749997,16345.113776855469,senario_B
2025-12-20 18:00:00,50847.659249131946,971.4517304727268,25026.49130371094,24849.71621494828,senario_B
2025-12-20 19:00:00,50775.71320746528,0.3177237289481693,29300.393509114583,21475.00197462175,senario_B
2025-12-20 20:00:00,49731.12340711806,0.3291798184315364,30041.698912760417,19689.095314539212,senario_B
2025-12-20 21:00:00,49778.54568793403,0.3403710993131001,34106.548857421876,15671.656459412836,senario_B
2025-12-20 22:00:00,49136.08236111111,0.3447642215092977,35604.45264322916,13531.28495366044,senario_B
2025-12-20 23:00:00,48103.487925347225,0.3374445854624112,34944.167890625,13158.982590136759,senario_B
2025-12-21 00:00:00,46518.74372395833,0.3363434285091029,31864.488020833334,14653.91935969649,senario_B
2025-12-21 01:00:00,44859.12464626736,0.3460884946419133,27688.616897786458,17170.16165998626,senario_B
2025-12-21 02:00:00,43522.94356011285,0.3661836124087373,25902.225435384113,17620.35194111633,senario_B
2025-12-21 03:00:00,42739.35604817709,0.3291097565326425,24454.044388020833,18284.982550399727,senario_B
2025-12-21 04:00:00,42532.40244574653,0.4199051116738054,24887.41768717448,17644.564853460375,senario_B
2025-12-21 05:00:00,42421.78806206597,0.4391064217686653,24200.14155436198,18221.20740128222,senario_B
2025-12-21 06:00:00,42707.794845920136,0.4191734838485718,22146.064969075524,20561.310703360767,senario_B
2025-12-21 07:00:00,43481.8253016493,0.5251874234278997,17830.497915039057,25650.802199186815,senario_B
2025-12-21 08:00:00,44781.352013888885,180.3857109594842,14727.90785481771,29873.058448111693,senario_B
2025-12-21 09:00:00,46297.60071614583,5022.708484700521,12251.82984781901,29023.062383626297,senario_B
2025-12-21 10:00:00,47779.00849826389,12277.96705295139,7270.241542561849,28230.79990275065,senario_B
2025-12-21 11:00:00,48478.45405598958,14232.861796875,5138.450371907553,29107.141887207028,senario_B
2025-12-21 12:00:00,49133.50563802083,15125.02462782118,3669.6129585774734,30338.868051622183,senario_B
2025-12-21 13:00:00,49611.95366319444,15773.223444010417,2293.926611735026,31544.803607449,senario_B
2025-12-21 14:00:00,50124.94142144097,16766.234149305557,1933.1154425048826,31425.59182963053,senario_B
2025-12-21 15:00:00,50468.02720920139,16379.924700520833,1919.9105574544274,32168.191951226134,senario_B
2025-12-21 16:00:00,50872.59665364584,15342.40008029514,2357.451947428385,33172.744625922314,senario_B
2025-12-21 17:00:00,51140.21719184028,9105.670868055557,3840.6432712809246,38193.9030525038,senario_B
2025-12-21 18:00:00,51750.15238932292,957.2088746156296,6332.963150634765,44459.98036407252,senario_B
2025-12-21 19:00:00,52069.1577452257,0.3710653509861893,8745.54421468099,43323.242465193725,senario_B
2025-12-21 20:00:00,51555.84852864583,0.3748608997960885,10144.523020019531,41410.9506477265,senario_B
2025-12-21 21:00:00,50915.37743706597,0.4002212917142444,11429.34975016276,39485.6274656115,senario_B
2025-12-21 22:00:00,50016.14373263889,0.3639161434935198,13500.60349609375,36515.176320401646,senario_B
2025-12-21 23:00:00,48242.067845052086,0.3950489723020129,16646.415509440103,31595.257286639684,senario_B
2025-12-22 00:00:00,46261.45343532986,0.4900603588091002,20406.574973958333,25854.388401012715,senario_B
2025-12-22 01:00:00,44698.115316840274,0.8624615080820189,22874.235139973956,21823.017715358234,senario_B
2025-12-22 02:00:00,43626.511338975695,0.4976705614725749,23789.98811197917,19836.02555643505,senario_B
2025-12-22 03:00:00,42933.772000868055,0.4026360018385781,24495.287018229166,18438.08234663705,senario_B
2025-12-22 04:00:00,42820.20323567709,0.4198671682841248,25166.898841145834,17652.88452736297,senario_B
2025-12-22 05:00:00,43370.59834635416,0.4922070540322197,25284.900540364586,18085.205598935543,senario_B
2025-12-22 06:00:00,44687.72603732639,0.557686018149058,24296.454353841145,20390.7139974671,senario_B
2025-12-22 07:00:00,46672.716673177085,0.4588698221246401,24319.31076985677,22352.94703349819,senario_B
2025-12-22 08:00:00,48414.56080729167,123.53295510119862,24219.394008789062,24071.633843401414,senario_B
2025-12-22 09:00:00,49425.95024305556,4373.888853759766,23163.69780436198,21888.363584933813,senario_B
2025-12-22 10:00:00,50201.19400390625,11742.476713324651,18445.405483398437,20013.31180718316,senario_B
2025-12-22 11:00:00,50811.867799479165,15136.949263237848,17216.249562174482,18458.668974066837,senario_B
2025-12-22 12:00:00,51965.5863563368,17126.892543402777,20248.89974934896,14589.794063585061,senario_B
2025-12-22 13:00:00,52674.26420355903,18431.204123263888,21781.18208496094,12461.877995334205,senario_B
2025-12-22 14:00:00,53317.15051866319,18013.233604600693,23058.802861328124,12245.114052734378,senario_B
2025-12-22 15:00:00,53681.5492860243,17437.503997395834,23658.073037109374,12585.972251519095,senario_B
2025-12-22 16:00:00,54057.94362196181,16431.671552734377,24847.807259114583,12778.464810112848,senario_B
2025-12-22 17:00:00,54053.945388454864,10146.5190625,27031.0479654948,16876.37836046006,senario_B
2025-12-22 18:00:00,54411.9240234375,1027.3281115585896,30300.583828124996,23084.012083753914,senario_B
2025-12-22 19:00:00,55136.70550998264,0.4875461106499036,35231.98655924479,19904.2314046272,senario_B
2025-12-22 20:00:00,54506.88544921875,0.571490692794323,37733.29162434895,16773.022334177003,senario_B
2025-12-22 21:00:00,53589.26924479166,0.5094282765852081,37709.84557617187,15878.914240343205,senario_B
2025-12-22 22:00:00,52595.83025390625,0.4758505216903156,37566.135585937496,15029.218817447065,senario_B
2025-12-22 23:00:00,50813.0266015625,0.4898598236838976,37635.88855143229,13176.648190306529,senario_B
2025-12-23 00:00:00,48657.40698784722,0.235376033021344,36871.53487955729,11785.636732256906,senario_B
2025-12-23 01:00:00,46708.20732421875,0.2727714375158151,36590.04343424479,10117.891118536441,senario_B
2025-12-23 02:00:00,45341.74639539931,0.4234468096743027,36905.81232747396,8435.510621115667,senario_B
2025-12-23 03:00:00,44352.78398654514,0.3607294198870658,35972.42959309896,8379.99366402629,senario_B
2025-12-23 04:00:00,43846.318917100696,0.2773134765442874,34485.906487630215,9360.135115993937,senario_B
2025-12-23 05:00:00,44052.88542751736,0.3699078477422396,33545.27202148438,10507.243498185235,senario_B
2025-12-23 06:00:00,45137.49400390625,0.3660746860835287,32716.647294921877,12420.480634298288,senario_B
2025-12-23 07:00:00,46683.44253689236,0.329534605509705,31991.692389322918,14691.420612963935,senario_B
2025-12-23 08:00:00,48040.73975260417,152.2047712595264,30257.123717447917,17631.411263896727,senario_B
2025-12-23 09:00:00,49121.58030815972,4624.205513373481,28138.29324869792,16359.081546088317,senario_B
2025-12-23 10:00:00,50637.4969032118,13154.646729600694,22659.011256510417,14823.83891710069,senario_B
2025-12-23 11:00:00,52254.75122395833,16966.77980143229,21484.521188151044,13803.450234374995,senario_B
2025-12-23 12:00:00,53429.25028862847,17919.815516493054,22012.23795735677,13497.196814778643,senario_B
2025-12-23 13:00:00,54394.30503689236,18527.87008246528,21811.13089518229,14055.30405924479,senario_B
2025-12-23 14:00:00,55336.33541449653,18035.0689453125,20850.242438151043,16451.024031032983,senario_B
2025-12-23 15:00:00,56100.73797743056,18063.419155815973,19628.284754231772,18409.034067382814,senario_B
2025-12-23 16:00:00,56431.70517578125,17949.094971788196,19650.170323893228,18832.439880099828,senario_B
2025-12-23 17:00:00,56054.46303385417,11230.571774631077,20073.639856770835,24750.251402452257,senario_B
2025-12-23 18:00:00,54913.46136501736,1079.2394513954057,19519.824334309895,34314.39757931206,senario_B
2025-12-23 19:00:00,53786.26595486111,0.3593780517578125,24582.574622395834,29203.331954413523,senario_B
2025-12-23 20:00:00,53743.586197916666,0.3952767537037531,31448.811276041662,22294.3796451213,senario_B
2025-12-23 21:00:00,53187.0496875,0.4687344545125961,35665.68803710938,17520.892915936114,senario_B
2025-12-23 22:00:00,52243.68605251736,0.890297423336241,37273.34014973958,14969.455605354444,senario_B
2025-12-23 23:00:00,50608.42831814236,0.4737467194265789,37070.34309570312,13537.611475719808,senario_B
2025-12-24 00:00:00,48431.83778645833,0.5644766294956207,36265.23791992188,12166.03538990696,senario_B
2025-12-24 01:00:00,46334.41785807291,0.501151001950105,35434.33706054688,10899.579646524086,senario_B
2025-12-24 02:00:00,44557.07208333333,0.468078516556157,34306.43344726563,10250.170557551151,senario_B
2025-12-24 03:00:00,43234.32103081597,0.4957741215825081,32517.66228515625,10716.162971538135,senario_B
2025-12-24 04:00:00,42591.18789279514,0.4715515792038706,29618.301516927084,12972.414824288851,senario_B
2025-12-24 05:00:00,42502.951145833336,0.4847843633757697,26416.178059895836,16086.288301574124,senario_B
2025-12-24 06:00:00,42962.96337456597,0.4450352383322186,24893.8461328125,18068.67220651513,senario_B
2025-12-24 07:00:00,44207.46802951389,0.4718316622575124,25014.35782877604,19192.63836907559,senario_B
2025-12-24 08:00:00,45415.33465711806,107.04510171294211,25612.000045572917,19696.289509832197,senario_B
2025-12-24 09:00:00,46550.96683159722,2585.8345629204646,23802.13534179688,20162.99692687988,senario_B
2025-12-24 10:00:00,48283.72150173611,7971.272388780382,20349.429750976564,19963.019361979164,senario_B
2025-12-24 11:00:00,50117.42333767361,13514.20248155382,22775.712148437502,13827.50870768229,senario_B
2025-12-24 12:00:00,51785.41947265625,16777.002957899305,24170.171412760414,10838.24510199653,senario_B
2025-12-24 13:00:00,52953.78215494792,18732.78117621528,22771.655169270834,11449.345809461807,senario_B
2025-12-24 14:00:00,54227.44388237847,19219.63769748264,21471.163113606774,13536.643071289058,senario_B
2025-12-24 15:00:00,55225.19317708333,19712.13758029514,20760.133784179685,14752.92181260851,senario_B
2025-12-24 16:00:00,55639.61328125,17915.02933702257,20457.331310221358,17267.252634006072,senario_B
2025-12-24 17:00:00,55124.681328125,9332.494879014755,20031.43542643229,25760.751022677956,senario_B
2025-12-24 18:00:00,54444.23852213542,854.0370372533632,20609.21162597656,32980.989858905494,senario_B
2025-12-24 19:00:00,53690.86890407986,0.2266602235039075,26118.77948079427,27571.86276306209,senario_B
2025-12-24 20:00:00,51969.525219184026,0.2581251495083173,31900.91938151042,20068.3477125241,senario_B
2025-12-24 21:00:00,50656.06638454861,0.3146323530541526,35378.102630208334,15277.649121987226,senario_B
2025-12-24 22:00:00,49562.259609375,0.2477051556441519,35820.948222656254,13741.063681563108,senario_B
2025-12-24 23:00:00,48106.65398871528,0.2747489743431409,35529.33349283853,12577.045746902411,senario_B
2025-12-25 00:00:00,46491.49229166667,0.3090835537347529,35544.132421874994,10947.050786237938,senario_B
2025-12-25 01:00:00,44835.870023871525,0.3247350019547674,35237.7354329427,9597.80985592687,senario_B
2025-12-25 02:00:00,43438.583821614586,0.385994517389271,34197.43701171875,9240.760815378446,senario_B
2025-12-25 03:00:00,42389.15921875,0.3997136760916975,32584.24056315104,9804.51894192287,senario_B
2025-12-25 04:00:00,41668.05571180556,0.3308079443044133,31293.87627278646,10373.848631074798,senario_B
2025-12-25 05:00:00,41331.65669270833,0.3233678100506464,29933.386585286462,11397.94673961182,senario_B
2025-12-25 06:00:00,41386.200375434026,0.3838593501845995,28530.354368489578,12855.462147594262,senario_B
2025-12-25 07:00:00,42034.09167751736,0.4155999555521541,26770.38578125,15263.29029631181,senario_B
2025-12-25 08:00:00,42814.55744791667,124.70160935334032,25456.16956705729,17233.686271506038,senario_B
2025-12-25 09:00:00,44059.68524739584,3427.7119504123266,23661.055439453125,16970.917857530392,senario_B
2025-12-25 10:00:00,45788.09720269097,9826.041720377603,19150.732080078124,16811.323402235248,senario_B
2025-12-25 11:00:00,47449.15543402778,14329.864690755208,16382.283266601564,16737.007476671006,senario_B
2025-12-25 12:00:00,48817.45370876736,16304.068793402776,15701.739920247397,16811.64499511719,senario_B
2025-12-25 13:00:00,49986.41574001736,17226.577007378473,14450.843068033853,18308.99566460503,senario_B
2025-12-25 14:00:00,51004.28072916667,16732.774930555555,14579.699280598954,19691.80651801216,senario_B
2025-12-25 15:00:00,51814.10356336806,16736.566963975696,16115.418255208333,18962.11834418403,senario_B
2025-12-25 16:00:00,52346.65538628472,15727.494152560765,18036.149646809896,18583.01158691406,senario_B
2025-12-25 17:00:00,52185.05498263889,9778.653355034725,18897.555105794272,23508.846521809894,senario_B
2025-12-25 18:00:00,51686.47675998264,988.2060492364566,21127.417696940105,29570.853013806078,senario_B
2025-12-25 19:00:00,51431.31240451389,0.1522572901431057,27292.631943359374,24138.52820386437,senario_B
2025-12-25 20:00:00,50340.05401475694,0.142015943887333,32968.47325520834,17371.43874360472,senario_B
2025-12-25 21:00:00,49467.40016927083,0.1695219034246272,35739.45697591146,13727.77367145595,senario_B
2025-12-25 22:00:00,48679.71285373264,0.1764899241634541,35804.713766276036,12874.822597532446,senario_B
2025-12-25 23:00:00,47473.80814670139,0.2342601571190688,34933.968610026044,12539.605276518225,senario_B
2025-12-26 00:00:00,45855.20604600695,0.2599906744394037,34339.97271809896,11514.973337233554,senario_B
2025-12-26 01:00:00,44220.70615234375,0.2691102602415615,32600.183463541667,11620.253578541844,senario_B
2025-12-26 02:00:00,42954.60858072917,0.3254378177060021,30179.052220052083,12775.230922859377,senario_B
2025-12-26 03:00:00,42088.15844618056,0.3153437041656838,28319.648177083334,13768.194925393058,senario_B
2025-12-26 04:00:00,41702.40303168403,0.2961223720345232,26997.833574218752,14704.273335093243,senario_B
2025-12-26 05:00:00,41727.94773220486,0.2711512741032574,26359.829632161458,15367.846948769304,senario_B
2025-12-26 06:00:00,42426.161015625,0.2964863629308011,25377.45037109375,17048.41415816832,senario_B
2025-12-26 07:00:00,43607.90288628472,0.3155986504173941,24022.05642089844,19585.53086673586,senario_B
2025-12-26 08:00:00,44567.11804470486,271.4799209225177,22097.066923828126,22198.571199954218,senario_B
2025-12-26 09:00:00,45540.35824652778,5860.433356933594,18877.926326497396,20801.99856309679,senario_B
2025-12-26 10:00:00,47516.23461371528,14338.601280381945,11795.144822591144,21382.488510742187,senario_B
2025-12-26 11:00:00,49700.99570095486,18263.63943359375,8031.899777832031,23405.45648952908,senario_B
2025-12-26 12:00:00,51556.880455729166,20427.69659722222,8156.609693196614,22972.574165310332,senario_B
2025-12-26 13:00:00,53205.99458116319,20819.792213541667,8092.280192057291,24293.922175564236,senario_B
2025-12-26 14:00:00,54973.69953993055,20988.67746744792,8238.479698893228,25746.542373589407,senario_B
2025-12-26 15:00:00,56526.24999782986,21653.73562934028,9299.328836263021,25573.185532226555,senario_B
2025-12-26 16:00:00,57395.40640407986,20980.561846788198,10904.773282877602,25510.071274414066,senario_B
2025-12-26 17:00:00,57327.09511501736,11997.719254557293,11810.52189860026,33518.85396185981,senario_B
2025-12-26 18:00:00,56589.587734375,1209.7519066831635,11539.719942220052,43840.11588547179,senario_B
2025-12-26 19:00:00,55790.96372395833,0.2517193812628587,14409.932869466145,41380.779135110926,senario_B
2025-12-26 20:00:00,54048.02923177083,0.2638889468378491,19729.424794921877,34318.34054790212,senario_B
2025-12-26 21:00:00,52825.74281901042,0.2999429417815473,23739.58464029948,29085.858235769156,senario_B
2025-12-26 22:00:00,51792.45449001736,0.3146050491597917,26688.883079427083,25103.25680554111,senario_B
2025-12-26 23:00:00,50071.35079861112,0.3329897526072131,30052.3212858073,20018.696523051218,senario_B
2025-12-27 00:00:00,48084.51192057291,0.3673059692730506,32412.813033854167,15671.331580749473,senario_B
2025-12-27 01:00:00,46156.76853515625,0.2350958483335044,34183.93952799479,11972.593911313117,senario_B
2025-12-27 02:00:00,44695.95187717014,0.2924570519642697,35691.94581054688,9003.7136095713,senario_B
2025-12-27 03:00:00,43729.21312717014,0.2384414888173341,36002.337184244796,7726.637501436526,senario_B
2025-12-27 04:00:00,43123.1030186632,0.2634293941739533,35554.453649088544,7568.38594018048,senario_B
2025-12-27 05:00:00,42708.660390625,0.2823713032984071,34356.297942708334,8352.080076613369,senario_B
2025-12-27 06:00:00,42925.057044270834,0.280545542753405,33448.731311848955,9476.045186879128,senario_B
2025-12-27 07:00:00,43547.07262369792,0.317206044147412,32837.52006510417,10709.2353525496,senario_B
2025-12-27 08:00:00,44173.99874782986,176.43683033269312,31851.05283203125,12146.509085465914,senario_B
2025-12-27 09:00:00,45583.84080512153,4893.514423556858,29760.50611328125,10929.82026828342,senario_B
2025-12-27 10:00:00,47538.80089192709,12611.001929253473,24654.53540527344,10273.263557400176,senario_B
2025-12-27 11:00:00,49600.550711805554,15399.857728949652,25259.12571614583,8941.56726671007,senario_B
2025-12-27 12:00:00,51439.21498480903,17073.056264105904,26352.602037760415,8013.556682942712,senario_B
2025-12-27 13:00:00,52802.17919921875,17436.727526041668,27459.37768554688,7906.073987630207,senario_B
2025-12-27 14:00:00,54138.518704427086,17633.32517578125,29223.723313802082,7281.47021484375,senario_B
2025-12-27 15:00:00,55302.7598328993,17181.40105902778,31193.21490559896,6928.143868272553,senario_B
2025-12-27 16:00:00,55911.88442274305,15561.4585546875,32495.28384440104,7855.142023654509,senario_B
2025-12-27 17:00:00,55760.92830295139,8706.330827094183,35288.28658854167,11766.310887315536,senario_B
2025-12-27 18:00:00,55356.64778211805,940.1550925746892,35904.13852539063,18512.354164152734,senario_B
2025-12-27 19:00:00,55234.709212239584,0.3400977360539966,38672.41308593749,16561.95602856604,senario_B
2025-12-27 20:00:00,54090.77421223959,0.416849332054456,40728.49026041667,13361.867102490862,senario_B
2025-12-27 21:00:00,52847.61701171875,0.4946973324815432,40798.705065104165,12048.417249282102,senario_B
2025-12-27 22:00:00,51812.02921006944,0.4518160710069868,39753.063681640626,12058.51371235781,senario_B
2025-12-27 23:00:00,50321.669526909725,0.4113254592484898,39575.18006184895,10746.078139601523,senario_B
2025-12-28 00:00:00,48464.15220052083,0.3757760840654373,38948.12658854167,9515.649835895092,senario_B
2025-12-28 01:00:00,46689.53975477431,0.3927787448631392,37538.9737109375,9150.173265091951,senario_B
2025-12-28 02:00:00,45128.75685763889,0.422203605208132,36429.403837890626,8698.930816143053,senario_B
2025-12-28 03:00:00,44068.01724392361,0.4331092761291398,34770.282845052076,9297.301289595409,senario_B
2025-12-28 04:00:00,43355.581690538194,0.4576628985007604,31763.92534830729,11591.198679332403,senario_B
2025-12-28 05:00:00,42764.52221571181,0.4460264724493026,28737.136455078118,14026.939734161246,senario_B
2025-12-28 06:00:00,42754.29671006944,0.450388906399409,27318.978173828124,15434.868147334913,senario_B
2025-12-28 07:00:00,43461.76302517361,0.6031145244836807,25332.08740234375,18129.072508305377,senario_B
2025-12-28 08:00:00,44031.54438585069,239.1918178290791,22803.237958984373,20989.11460903724,senario_B
2025-12-28 09:00:00,45152.27873046875,5473.509192165799,21050.64426106771,18628.125277235238,senario_B
2025-12-28 10:00:00,47146.61271050348,13330.801498480903,19821.90825032552,13993.902961697058,senario_B
2025-12-28 11:00:00,49207.90540147569,15165.14920138889,23726.73840332031,10316.017796766497,senario_B
2025-12-28 12:00:00,50960.52887586805,16694.540846354168,25522.167994791664,8743.820034722215,senario_B
2025-12-28 13:00:00,52673.036312934026,18061.12846137153,24706.285721028646,9905.622130533855,senario_B
2025-12-28 14:00:00,53830.031171875,18622.688734809028,23882.829663085937,11324.512773980041,senario_B
2025-12-28 15:00:00,54572.3200390625,19040.968878038195,24443.331795247395,11088.019365776905,senario_B
2025-12-28 16:00:00,54721.74098741319,16379.281396484375,26219.65255859375,12122.80703233507,senario_B
2025-12-28 17:00:00,54139.34558159722,8623.733962131077,29234.361673177078,16281.249946289066,senario_B
2025-12-28 18:00:00,54019.1818467882,859.4305035883519,33989.15836914062,19170.592974059226,senario_B
2025-12-28 19:00:00,54236.749459635415,0.4586800349917677,35464.63791992187,18771.65285967855,senario_B
2025-12-28 20:00:00,53119.40503689236,0.37636393075188,35988.12487304688,17130.903799914733,senario_B
2025-12-28 21:00:00,52078.75848307292,0.4526616954803467,35342.74446940104,16735.561351976394,senario_B
2025-12-28 22:00:00,50836.041532118055,0.3363568833139208,33327.71080403646,17507.994371198278,senario_B
2025-12-28 23:00:00,49047.19278862848,0.3764139031039344,31216.80995768229,17830.00641704309,senario_B
2025-12-29 00:00:00,47192.7404405382,0.4496413739025592,29886.38664388021,17305.904155284083,senario_B
2025-12-29 01:00:00,45341.22495876736,0.397299536632167,29566.253613281253,15774.57404594947,senario_B
2025-12-29 02:00:00,44523.6717046441,0.423256331053045,28713.301948242188,15809.946500070859,senario_B
2025-12-29 03:00:00,44414.67345269097,0.2864041864871979,25319.325045572914,19095.06200293157,senario_B
2025-12-29 04:00:00,44624.83585286458,0.5355421801904837,22398.909739583334,22225.390571101056,senario_B
2025-12-29 05:00:00,45682.41236545139,0.3386864783863226,21430.274908854168,24251.798770118832,senario_B
2025-12-29 06:00:00,47705.84223741319,0.3607626361979378,21935.175983072917,25770.305491704075,senario_B
2025-12-29 07:00:00,50741.16739583333,0.3751005849573347,22215.901630859375,28524.890664388997,senario_B
2025-12-29 08:00:00,53508.63346788195,172.63923602653875,23147.052639973957,30188.941591881452,senario_B
2025-12-29 09:00:00,55213.66892361111,3138.954572753906,22419.602581380208,29655.111769476996,senario_B
2025-12-29 10:00:00,56534.67834418403,7861.433989257813,22063.15090983073,26610.09344509549,senario_B
2025-12-29 11:00:00,56952.60052083333,9710.658387586804,25152.003120117188,22089.93901312934,senario_B
2025-12-29 12:00:00,57037.58821614584,10485.481011284724,24351.43849283854,22200.668712022576,senario_B
2025-12-29 13:00:00,56965.35501519097,10256.66216796875,21407.77224609375,25300.92060112847,senario_B
2025-12-29 14:00:00,56773.45868923611,9247.121239149306,19966.309705403648,27560.02774468316,senario_B
2025-12-29 15:00:00,56485.01427300347,8038.704886610243,18010.72869140625,30435.58069498698,senario_B
2025-12-29 16:00:00,56724.01498046875,6516.876714409722,16439.75882161458,33767.37944444445,senario_B
2025-12-29 17:00:00,57311.52654296875,2933.1218718804253,14217.261573893225,40161.143097195105,senario_B
2025-12-29 18:00:00,58741.15455295139,232.8747478781475,11719.619445800781,46788.660359272464,senario_B
2025-12-29 19:00:00,59782.49499782986,0.3930573604007562,10694.383260904948,49087.71867956451,senario_B
2025-12-29 20:00:00,59306.12873263889,0.3059193962481287,10943.840676269532,48361.982136973114,senario_B
2025-12-29 21:00:00,58882.204906684026,0.3071775249143441,10668.788447265626,48213.109281893485,senario_B
2025-12-29 22:00:00,57707.61561631945,0.3114609441161156,10640.646896158854,47066.657259216474,senario_B
2025-12-29 23:00:00,55840.05857421875,0.3304503699143727,10941.414916992188,44898.31320685665,senario_B
2025-12-30 00:00:00,54079.66871744792,0.3267141046292252,12202.945223795572,41876.39677954772,senario_B
2025-12-30 01:00:00,52636.62442491319,0.3602777686549557,13275.314103190105,39360.950043954435,senario_B
2025-12-30 02:00:00,51814.66283854167,0.2954916524431771,13758.25610921224,38056.11123767698,senario_B
2025-12-30 03:00:00,51644.42692708333,0.2889794082774056,14001.216806640623,37642.92114103443,senario_B
2025-12-30 04:00:00,52049.01870659722,0.3129748052855333,14235.253442382817,37813.45228940911,senario_B
2025-12-30 05:00:00,53120.01773871528,0.5116134859952661,13116.468743489582,40003.037381739705,senario_B
2025-12-30 06:00:00,55055.92457899306,0.419964967717727,12224.671952311197,42830.83266171414,senario_B
2025-12-30 07:00:00,57525.04231987847,0.3152303980456458,10486.716726074219,47038.0103634062,senario_B
2025-12-30 08:00:00,59479.20098307292,476.4467665352424,8645.415752766927,50357.33846377075,senario_B
2025-12-30 09:00:00,59567.88900824653,10115.32697048611,8127.27498046875,41325.28705729167,senario_B
2025-12-30 10:00:00,58173.17040581597,22510.23461371528,6380.286295979817,29282.649496120874,senario_B
2025-12-30 11:00:00,56234.56071180556,24121.79340060764,4548.4426517740885,27564.324659423837,senario_B
2025-12-30 12:00:00,54047.62314236111,23821.538721788194,5079.35946899414,25146.724951578777,senario_B
2025-12-30 13:00:00,52285.801328125,23502.954262152776,5980.449275716146,22802.39779025608,senario_B
2025-12-30 14:00:00,51017.1525390625,23935.981393229165,6402.210681559244,20678.960464274092,senario_B
2025-12-30 15:00:00,50196.38611111111,24885.09289279514,5368.625091959635,19942.668126356337,senario_B
2025-12-30 16:00:00,49862.24674913195,24426.69420355903,4717.260471598308,20718.29207397461,senario_B
2025-12-30 17:00:00,50201.79072482639,14044.628843858509,5156.593605143229,31000.568275824648,senario_B
2025-12-30 18:00:00,52444.26116970486,1317.1087714533012,6319.911130371095,44807.24126788047,senario_B
2025-12-30 19:00:00,54665.71701388889,0.3446262128982279,9290.343855794272,45375.02853188172,senario_B
2025-12-30 20:00:00,55192.302339409725,0.3460293904278013,12946.123045247396,42245.8332647719,senario_B
2025-12-30 21:00:00,55663.84302517361,0.3615075116025077,14801.015903320313,40862.465614341694,senario_B
2025-12-30 22:00:00,55464.12688151042,0.345056604511208,15581.673738606773,39882.10808629914,senario_B
2025-12-30 23:00:00,54362.457057291664,0.3517404529286755,17144.373287760416,37217.732029078325,senario_B
2025-12-31 00:00:00,53189.19713107639,0.3333575405677159,18046.765670572913,35142.098102962904,senario_B
2025-12-31 01:00:00,52393.8700108507,0.3300080165432559,17351.74151529948,35041.798487534674,senario_B
2025-12-31 02:00:00,51857.199270833335,0.3394593707720438,16265.192696940105,35591.66711452246,senario_B
2025-12-31 03:00:00,51634.05146918403,0.3444727072947555,14188.946588541665,37444.76040793507,senario_B
2025-12-31 04:00:00,51900.253203125,0.337530992395348,12381.374277343748,39518.54139478886,senario_B
2025-12-31 05:00:00,52819.36925998264,0.4011415150761604,11144.331322428385,41674.63679603918,senario_B
2025-12-31 06:00:00,54754.88213324653,0.335348019765483,9931.666764322916,44822.88002090385,senario_B
2025-12-31 07:00:00,57145.928355034725,0.3448872878154119,8845.976745605469,48299.60672214144,senario_B
2025-12-31 08:00:00,58814.42225043403,572.2720659806662,8088.34862467448,50153.80155977888,senario_B
2025-12-31 09:00:00,58154.36908854167,10343.47008734809,6952.402787272136,40858.49621392145,senario_B
2025-12-31 10:00:00,55954.71672526042,24413.17117838541,4753.348334554037,26788.19721232097,senario_B
2025-12-31 11:00:00,53617.20782986111,25679.151312934027,2969.1320296223957,24968.924487304685,senario_B
2025-12-31 12:00:00,51385.15446614583,24743.0306640625,3251.147108154297,23390.976693929035,senario_B
2025-12-31 13:00:00,49656.44122612848,24037.73550130208,5059.268688557942,20559.43703626846,senario_B
2025-12-31 14:00:00,48726.82737630208,24087.646473524303,6612.229248860676,18026.951653917098,senario_B
2025-12-31 15:00:00,48058.85150607639,24943.13474609375,6944.235370279947,16171.48138970269,senario_B
2025-12-31 16:00:00,48036.83053168403,24432.38598307292,6526.754913736981,17077.68963487413,senario_B
2025-12-31 17:00:00,48402.35705512153,14627.15517686632,6589.516530761719,27185.68534749349,senario_B
2025-12-31 18:00:00,49624.52018663195,1717.374823022286,7349.1975,40557.94786360966,senario_B
2025-12-31 19:00:00,50885.12306640625,0.288741743101014,10992.221688639323,39892.612636023834,senario_B
2025-12-31 20:00:00,49773.488765190974,0.2529211883578036,14968.880992838542,34804.35485116407,senario_B
2025-12-31 21:00:00,49002.5126280382,0.261823697404729,19610.746555989583,29391.50424835122,senario_B
2025-12-31 22:00:00,48230.283255208335,0.2529435410930051,23396.5622265625,24833.468085104745,senario_B
2025-12-31 23:00:00,47374.19031467014,0.2747091737058427,26967.973704427084,20405.94190106935,senario_B
