datetime,ERCOT.LOAD,ERCOT.PVGR.GEN,ERCOT.WIND.GEN,NET_LOAD,scenario
2025-01-01 00:00:00,44715.45590277778,0.703510908484459,13285.939850260416,31428.81254160888,baseline
2025-01-01 01:00:00,44110.29101128472,0.7248388706975513,14369.247057291666,29740.31911512236,baseline
2025-01-01 02:00:00,43795.57606987847,0.7434245814217462,14888.718368055555,28906.114277241497,baseline
2025-01-01 03:00:00,43630.22015625,0.7424294437964757,15306.719254557293,28322.75847224891,baseline
2025-01-01 04:00:00,43519.32366753472,0.7528794136974547,15025.925239800346,28492.64554832068,baseline
2025-01-01 05:00:00,43405.02808159722,0.7610781568288804,14533.832936197916,28870.43406724248,baseline
2025-01-01 06:00:00,44283.52310763889,0.761337112320794,13816.766783854167,30465.9949866724,baseline
2025-01-01 07:00:00,45377.646536458335,0.7683999658293195,13888.115163845488,31488.76297264702,baseline
2025-01-01 08:00:00,46309.21947482639,425.60805295593207,12594.33648654514,33289.27493532532,baseline
2025-01-01 09:00:00,46825.202855902775,7622.051936306423,9984.72621202257,29218.42470757378,baseline
2025-01-01 10:00:00,47131.74827256944,16638.234344618057,7872.005112847222,22621.508815104164,baseline
2025-01-01 11:00:00,47276.67506944444,18604.12832248264,7717.370464952257,20955.176282009543,baseline
2025-01-01 12:00:00,46524.09295572917,18484.537159288197,6782.058583984375,21257.4972124566,baseline
2025-01-01 13:00:00,45351.827879774304,17900.52650607639,5886.002196180556,21565.29917751736,baseline
2025-01-01 14:00:00,44939.30490451389,18145.68776909722,5309.832826605903,21483.78430881077,baseline
2025-01-01 15:00:00,44680.55547309028,18328.865288628476,4986.361904839409,21365.3282796224,baseline
2025-01-01 16:00:00,44216.28831163194,17584.257862413193,5057.003190104167,21575.027259114584,baseline
2025-01-01 17:00:00,44620.3129969618,10475.097585177951,5274.000495334201,28871.21491644965,baseline
2025-01-01 18:00:00,46518.09880859375,1247.6768722180525,4729.073768988716,40541.34816738698,baseline
2025-01-01 19:00:00,47753.3267686632,0.7379143571522501,4772.094882269966,42980.49397203608,baseline
2025-01-01 20:00:00,47792.99050998264,0.7342609863148796,5709.3115028211805,42082.94474617514,baseline
2025-01-01 21:00:00,48766.12856119792,0.7332667383882735,7623.351590169271,41142.04370429026,baseline
2025-01-01 22:00:00,48667.33704210069,0.7024667440520392,9275.565049913195,39391.06952544344,baseline
2025-01-01 23:00:00,47113.08603298611,0.7268772606054942,11967.43841796875,35144.92073775675,baseline
2025-01-02 00:00:00,46362.64152560764,0.6917685751120249,15692.78075846354,30669.16899856898,baseline
2025-01-02 01:00:00,45550.05586588541,0.7189924614297019,17267.3892578125,28281.947615611483,baseline
2025-01-02 02:00:00,45394.30384114583,0.7414892520507177,18284.72212890625,27108.84022298753,baseline
2025-01-02 03:00:00,45395.90789279514,0.7666590926382276,18311.009993489584,27084.13124021292,baseline
2025-01-02 04:00:00,45376.76631076389,0.7889783044656118,18025.171707899302,27350.805624560115,baseline
2025-01-02 05:00:00,45860.45716145833,0.7899706318643358,18046.707955729165,27812.959235097303,baseline
2025-01-02 06:00:00,47439.95216579861,0.7855045102039973,18228.73523220486,29210.431429083543,baseline
2025-01-02 07:00:00,49699.50082465278,0.7874425033066008,17476.632897135416,32222.080485014056,baseline
2025-01-02 08:00:00,51557.37722873264,169.93538693798914,17131.33129123264,34256.11055056201,baseline
2025-01-02 09:00:00,52250.06522135417,4434.970021701389,15990.57199652778,31824.523203125,baseline
2025-01-02 10:00:00,51780.594418402776,10790.517584635416,12237.01605685764,28753.06077690972,baseline
2025-01-02 11:00:00,51181.53367404514,12373.5062890625,8750.644583875868,30057.38280110677,baseline
2025-01-02 12:00:00,49727.29762152778,12669.246532118055,6926.667039930556,30131.38404947917,baseline
2025-01-02 13:00:00,48729.688016493055,12334.350397135417,5714.101431749132,30681.236187608505,baseline
2025-01-02 14:00:00,48393.99588975695,12062.826637369792,4469.236771918403,31861.93248046875,baseline
2025-01-02 15:00:00,48379.72066297743,12452.875755750869,3344.037799004449,32582.807108222118,baseline
2025-01-02 16:00:00,48248.47112196181,11528.630523003472,2573.025066189236,34146.81553276909,baseline
2025-01-02 17:00:00,47809.08519097222,7634.173640679253,2465.894787055121,37709.01676323784,baseline
2025-01-02 18:00:00,48772.296942274304,1195.905148807764,2521.0441748046874,45055.34761866185,baseline
2025-01-02 19:00:00,49700.18971788194,0.5949291472302543,2970.28855061849,46729.30623811622,baseline
2025-01-02 20:00:00,49366.86644097222,0.6068374301327599,3935.933928493924,45430.32567504816,baseline
2025-01-02 21:00:00,49298.23922526042,0.6160729938083225,5438.336599934896,43859.28655233172,baseline
2025-01-02 22:00:00,48438.62151041667,0.7289415478044086,6867.53150390625,41570.36106496261,baseline
2025-01-02 23:00:00,47135.22495225695,0.7374182805087831,7289.968044704861,39844.51948927158,baseline
2025-01-03 00:00:00,45990.13499565972,0.7566426841417948,7745.123811848958,38244.25454112662,baseline
2025-01-03 01:00:00,44875.49760850694,0.7858470477660497,7432.95431749132,37441.75744396786,baseline
2025-01-03 02:00:00,44433.79814236111,0.7899101748731401,7683.517667643229,36749.49056454301,baseline
2025-01-03 03:00:00,44197.93671440972,0.8018160808748669,7914.694414605035,36282.44048372381,baseline
2025-01-03 04:00:00,43462.67898220486,0.8008203654819065,7260.699101019965,36201.17906081941,baseline
2025-01-03 05:00:00,43610.46458984375,0.8074042896429697,7256.85208984375,36352.80509571036,baseline
2025-01-03 06:00:00,44980.05056640625,0.821937524875005,7604.726429036458,37374.50219984492,baseline
2025-01-03 07:00:00,47089.93203559028,0.8229736812909444,7324.605509440104,39764.50355246888,baseline
2025-01-03 08:00:00,48711.235460069445,118.1623026104768,6663.368784722222,41929.70437273675,baseline
2025-01-03 09:00:00,49172.94039930555,3740.653308037652,5281.246398383247,40151.04069288465,baseline
2025-01-03 10:00:00,48993.65819878472,10432.470454644095,2643.064640570746,35918.12310356988,baseline
2025-01-03 11:00:00,48481.67735677084,12969.96571940104,1712.53730726454,33799.174330105256,baseline
2025-01-03 12:00:00,48173.20431640625,13424.025964626737,2191.593228624132,32557.585123155382,baseline
2025-01-03 13:00:00,47610.192786458334,13481.765386284722,3177.3939523654512,30951.03344780816,baseline
2025-01-03 14:00:00,47300.19924804688,14128.188192545573,4580.750128173828,28591.26092732748,baseline
2025-01-03 15:00:00,47800.2550889757,14607.227851833768,5597.55974351671,27595.46749362522,baseline
2025-01-03 16:00:00,47008.606545138886,14401.480335286458,6384.131649305556,26222.99456054687,baseline
2025-01-03 17:00:00,46633.58192057291,8636.028930121527,7128.320122612848,30869.23286783854,baseline
2025-01-03 18:00:00,47398.959375,1206.5956534817485,7593.082298177083,38599.28142334116,baseline
2025-01-03 19:00:00,48412.98005208333,0.6063100084000164,9684.767432725694,38727.60630934924,baseline
2025-01-03 20:00:00,48113.37448350695,0.5083423779739273,12723.41297309028,35389.45316803869,baseline
2025-01-03 21:00:00,47474.54240885417,0.5024756754438082,16111.765010850697,31362.27492232803,baseline
2025-01-03 22:00:00,46733.0188671875,0.5350773514641656,18657.93931640625,28074.544473429785,baseline
2025-01-03 23:00:00,45540.46825954861,0.6143543139100075,19481.3740234375,26058.4798817972,baseline
2025-01-04 00:00:00,43921.96764756944,0.6128327530622483,19664.720690104168,24256.63412471221,baseline
2025-01-04 01:00:00,42416.06562065972,0.6213787334495121,19492.481510416663,22922.962731509604,baseline
2025-01-04 02:00:00,41482.16644097222,0.6226734606424967,18953.571905381945,22527.971862129634,baseline
2025-01-04 03:00:00,40587.37734809028,0.636724729206827,18785.15016059028,21801.59046277079,baseline
2025-01-04 04:00:00,39950.46718315972,0.662497056192822,18154.74513671875,21795.05954938478,baseline
2025-01-04 05:00:00,39872.39961371528,0.6982595086759991,17642.68393880208,22229.01741540452,baseline
2025-01-04 06:00:00,40526.82232638889,0.7053736471467548,17467.347057291667,23058.769895450077,baseline
2025-01-04 07:00:00,41419.8406640625,0.6800606555408901,17846.251592881945,23572.909010525014,baseline
2025-01-04 08:00:00,42556.58256944444,80.9381783445014,18609.132371961805,23866.512019138136,baseline
2025-01-04 09:00:00,43872.11922743056,1663.2932112969293,19096.995959201387,23111.83005693224,baseline
2025-01-04 10:00:00,45653.42283420139,5399.062408311632,19349.12628472222,20905.234141167537,baseline
2025-01-04 11:00:00,47437.07758897569,7520.97157172309,20319.68616753472,19596.41984971788,baseline
2025-01-04 12:00:00,48216.54362413195,7018.351331922743,22396.874205729167,18801.31808648004,baseline
2025-01-04 13:00:00,47754.8225,5960.665824110243,22956.96865234375,18837.18802354601,baseline
2025-01-04 14:00:00,47804.523984375,5645.434891493055,23391.24990451389,18767.839188368056,baseline
2025-01-04 15:00:00,47292.59385416667,4730.78908311632,23919.704283854167,18642.10048719618,baseline
2025-01-04 16:00:00,46959.48465277778,3633.869279513889,24412.85824652778,18912.75712673611,baseline
2025-01-04 17:00:00,46813.97252604167,2832.523390299479,24697.937654079866,19283.511481662325,baseline
2025-01-04 18:00:00,47531.81731770833,814.2716391584609,26715.51715494792,20002.02852360195,baseline
2025-01-04 19:00:00,48503.72807725694,1.5200184164444606,27777.84080295139,20724.36725588911,baseline
2025-01-04 20:00:00,48127.58327256944,1.2530938228633668,28043.415355902776,20082.914822843803,baseline
2025-01-04 21:00:00,47444.41449652778,1.1144434199730555,27876.82366753472,19566.476385573085,baseline
2025-01-04 22:00:00,46659.250772569445,0.877050171163347,27126.033645833333,19532.34007656495,baseline
2025-01-04 23:00:00,45362.50529947917,0.6643427912394205,25854.801649305555,19507.039307382376,baseline
2025-01-05 00:00:00,43927.39953125,0.6483320571316613,24419.06939236111,19507.681806831755,baseline
2025-01-05 01:00:00,42120.36916666666,0.6737153442700704,23002.43828776042,19117.25716356197,baseline
2025-01-05 02:00:00,41119.64821397569,0.6235383531120089,22315.105926649307,18803.918748973272,baseline
2025-01-05 03:00:00,40264.82927517361,0.6074504275454415,21441.672647569445,18822.549177176617,baseline
2025-01-05 04:00:00,39739.02673611111,0.6811570349004533,20871.93226128472,18866.41331779149,baseline
2025-01-05 05:00:00,39210.3295703125,0.677200908528434,20281.72208767361,18927.93028173036,baseline
2025-01-05 06:00:00,39475.8401953125,0.6766407518254386,20409.283726128477,19065.8798284322,baseline
2025-01-05 07:00:00,40529.32897569444,0.6382720649904675,21375.44199435764,19153.24870927181,baseline
2025-01-05 08:00:00,41422.1105078125,74.19423437303966,21870.91082682292,19477.00544661654,baseline
2025-01-05 09:00:00,43161.06908420139,1865.700357666016,21643.1187890625,19652.24993747287,baseline
2025-01-05 10:00:00,44985.488038194446,3420.635422092014,22059.82070529514,19505.03191080729,baseline
2025-01-05 11:00:00,46170.24394965278,4795.991212565104,21898.25091796875,19476.001819118923,baseline
2025-01-05 12:00:00,46961.92867621528,5892.995902777778,21587.045577256944,19481.88719618056,baseline
2025-01-05 13:00:00,48036.31220486111,7031.862737630208,21376.26751736111,19628.181949869795,baseline
2025-01-05 14:00:00,48663.21449652778,7903.555065104167,20603.490006510416,20156.169424913194,baseline
2025-01-05 15:00:00,49092.414105902775,7999.697702365452,19984.98658203125,21107.729821506076,baseline
2025-01-05 16:00:00,49435.511273871525,7498.340008680556,20268.09591579861,21669.07534939236,baseline
2025-01-05 17:00:00,50143.737139756944,5548.328964572483,21856.422404513887,22738.985770670573,baseline
2025-01-05 18:00:00,52496.85119357639,1353.7955395115746,24371.08840060764,26771.967253457176,baseline
2025-01-05 19:00:00,55353.88163628472,1.0748750295241674,24226.52164496528,31126.28511628992,baseline
2025-01-05 20:00:00,56573.71661892361,0.9047960019111634,25367.98848524305,31204.82333767864,baseline
2025-01-05 21:00:00,57199.03017795139,0.929631793366538,26360.370164930555,30837.73038122747,baseline
2025-01-05 22:00:00,57428.73270833334,0.7345505227645238,26807.745028211804,30620.25312959877,baseline
2025-01-05 23:00:00,56624.42126302084,0.6807628660731846,24952.139659288197,31671.60084086657,baseline
2025-01-06 00:00:00,55994.71570746528,0.6240739030308193,22759.19915581597,33234.89247774628,baseline
2025-01-06 01:00:00,55583.99936631945,0.5940035290188259,21235.177371961807,34348.22799082862,baseline
2025-01-06 02:00:00,55613.284296875,0.5842293885350227,20008.69036675347,35604.00970073299,baseline
2025-01-06 03:00:00,55844.87998697917,0.58106422017018,18135.18548611111,37709.113436647895,baseline
2025-01-06 04:00:00,56736.15983506945,0.5894238017665016,17116.723739149307,39618.84667211837,baseline
2025-01-06 05:00:00,58571.31987196181,0.7122213625907898,16618.7724609375,41951.83518966172,baseline
2025-01-06 06:00:00,61357.59268446181,0.6976065034336514,15906.14375108507,45450.7513268733,baseline
2025-01-06 07:00:00,65329.80832899306,0.7113066818979051,15742.78607313368,49586.31094917748,baseline
2025-01-06 08:00:00,67859.38311631944,439.9889815819264,14410.432432725696,53008.96170201182,baseline
2025-01-06 09:00:00,68063.06128472222,8898.575964898004,11909.970789930556,47254.51452989366,baseline
2025-01-06 10:00:00,67162.37912326389,19374.58129774305,10239.926121961806,37547.87170355903,baseline
2025-01-06 11:00:00,65019.78586371528,20958.6444140625,7799.776944986979,36261.3645046658,baseline
2025-01-06 12:00:00,63076.47179470486,20056.153342013888,6152.437160915799,36867.88129177518,baseline
2025-01-06 13:00:00,60609.96362847222,19083.952643229168,5356.2169580078125,36169.79402723524,baseline
2025-01-06 14:00:00,59045.87691623264,18971.067669270837,4627.441374240451,35447.36787272136,baseline
2025-01-06 15:00:00,57368.63071614583,18894.091184895835,3985.580469292535,34488.95906195746,baseline
2025-01-06 16:00:00,56301.43033420139,18628.36109592014,3634.92719780816,34038.14204047309,baseline
2025-01-06 17:00:00,56770.73025607639,11542.816849500869,3611.8671476236977,41616.04625895182,baseline
2025-01-06 18:00:00,59283.30420138889,1401.3651099856695,3881.959647081163,53999.97944432206,baseline
2025-01-06 19:00:00,62673.111707899305,0.7002225703497728,5152.0245328776045,57520.38695245135,baseline
2025-01-06 20:00:00,63876.96954861111,0.4702839622894922,6688.380246853299,57188.11901779552,baseline
2025-01-06 21:00:00,64172.16722873264,0.4830805688434177,7680.710964084202,56490.9731840796,baseline
2025-01-06 22:00:00,63606.72426215278,0.4971236172649595,7816.252969835069,55789.97416870044,baseline
2025-01-06 23:00:00,61993.71366536459,0.5129707002970907,8519.605923394098,53473.59477127019,baseline
2025-01-07 00:00:00,61111.99861545139,0.5062238046195772,8814.730007595486,52296.76238405128,baseline
2025-01-07 01:00:00,59885.56013454861,0.5145740965339872,8577.01484266493,51308.03071778715,baseline
2025-01-07 02:00:00,59316.890844184025,0.5127804837624232,8196.659281141494,51119.71878255877,baseline
2025-01-07 03:00:00,59152.98112413195,0.5689038634631369,8066.232765842014,51086.17945442647,baseline
2025-01-07 04:00:00,59638.1194921875,0.5254101125068135,7581.303781467014,52056.29030060798,baseline
2025-01-07 05:00:00,61174.300505642364,0.5278023539317979,7407.911012369792,53765.86169091864,baseline
2025-01-07 06:00:00,63865.97073567708,0.5556348042024506,8210.765770399306,55654.64933047357,baseline
2025-01-07 07:00:00,67598.56618489583,0.5322141054934926,8521.553324110244,59076.48064668009,baseline
2025-01-07 08:00:00,68943.63319878472,398.97426861630544,8767.16982747396,59777.48910269445,baseline
2025-01-07 09:00:00,67944.51736328125,7237.057934299045,7461.646625434028,53245.81280354818,baseline
2025-01-07 10:00:00,66282.61555555556,16345.477163628471,6157.633456488716,43779.50493543837,baseline
2025-01-07 11:00:00,63598.31657552083,19212.679281684028,5411.712772894965,38973.92452094184,baseline
2025-01-07 12:00:00,60972.96939236111,18565.06521267361,5067.145763346354,37340.75841634115,baseline
2025-01-07 13:00:00,58921.77090060764,17906.117105034722,5340.433214518229,35675.22058105469,baseline
2025-01-07 14:00:00,58019.30119357639,17524.487133246526,6362.52996202257,34132.28409830729,baseline
2025-01-07 15:00:00,57270.99732204861,17136.298869357637,7795.747190212674,32338.951262478306,baseline
2025-01-07 16:00:00,56091.905125868056,15725.225349392362,9281.134847547744,31085.54492892795,baseline
2025-01-07 17:00:00,56532.93853298611,9014.881166992189,11900.336558159725,35617.7208078342,baseline
2025-01-07 18:00:00,59578.18392578125,1123.7271461868286,12753.49386935764,45700.96291023679,baseline
2025-01-07 19:00:00,62660.79697482639,1.1163537152608236,12948.5940625,49711.086558611125,baseline
2025-01-07 20:00:00,63467.61811631944,0.6280013814568519,14153.26939670139,49313.7207182366,baseline
2025-01-07 21:00:00,63453.469210069445,0.6002879028850131,14536.123444010416,48916.74547815614,baseline
2025-01-07 22:00:00,62584.35014322917,0.6089943564600415,14744.440902777778,47839.30024609493,baseline
2025-01-07 23:00:00,60547.22205729166,0.5930172479483816,14733.10646484375,45813.52257519997,baseline
2025-01-08 00:00:00,58959.85379448785,0.572856503609154,14721.434184027778,44237.84675395646,baseline
2025-01-08 01:00:00,58099.98388454861,0.5954474972354041,14266.653978949653,43832.73445810173,baseline
2025-01-08 02:00:00,57934.71243489583,0.6092940294742584,13972.540032552084,43961.56310831427,baseline
2025-01-08 03:00:00,57543.839600694446,0.5848286916149987,14116.932772352431,43426.3219996504,baseline
2025-01-08 04:00:00,58150.32687934028,0.6120808965961139,14462.801813151042,43686.91298529264,baseline
2025-01-08 05:00:00,59291.64083333333,0.6070702090528276,14414.761303168403,44876.27245995587,baseline
2025-01-08 06:00:00,61957.596338975694,0.5811047841442956,13432.980628255207,48524.03460593634,baseline
2025-01-08 07:00:00,65879.23846354167,0.5821277925040986,12306.53015407986,53572.1261816693,baseline
2025-01-08 08:00:00,67539.4243923611,155.83554853760535,10362.222982855905,57021.3658609676,baseline
2025-01-08 09:00:00,67376.17684027778,3449.044686279297,8991.917485894097,54935.21466810439,baseline
2025-01-08 10:00:00,66880.29097222222,8033.141625976563,7773.525622287327,51073.623723958335,baseline
2025-01-08 11:00:00,65568.0755295139,9834.227021484376,6034.1902273220485,49699.658280707474,baseline
2025-01-08 12:00:00,63967.41695746528,10771.62871527778,5379.549293077257,47816.23894911024,baseline
2025-01-08 13:00:00,62524.56344184028,11180.36347439236,4751.242137044271,46592.95783040364,baseline
2025-01-08 14:00:00,61780.58412760417,11241.19744032118,4298.503462727865,46240.88322455512,baseline
2025-01-08 15:00:00,60788.94780815972,10597.172038845489,3805.2476790364585,46386.528090277774,baseline
2025-01-08 16:00:00,61278.2286328125,8793.939310980903,3547.36586452908,48936.92345730252,baseline
2025-01-08 17:00:00,60324.19805555556,4789.296775173611,3521.559517415365,52013.34176296658,baseline
2025-01-08 18:00:00,62314.46517795139,531.2766996746593,3878.849165581597,57904.339312695134,baseline
2025-01-08 19:00:00,64726.484010416665,0.399422688153055,4474.785994194878,60251.29859353363,baseline
2025-01-08 20:00:00,64958.31248263889,0.5191121241119173,4937.969898546007,60019.82347196877,baseline
2025-01-08 21:00:00,64345.01673177083,0.5235555008384917,4844.087071397569,59500.406104872425,baseline
2025-01-08 22:00:00,63244.56568576389,0.5301233098573155,5938.270509982639,57305.7650524714,baseline
2025-01-08 23:00:00,61295.29695746528,0.5489940728412734,6682.015217556424,54612.73274583601,baseline
2025-01-09 00:00:00,59461.255078125,0.5963110884361796,7398.775462782118,52061.88330425445,baseline
2025-01-09 01:00:00,58362.86870659722,0.5952071266704135,7714.087029622396,50648.18646984815,baseline
2025-01-09 02:00:00,57308.71496961806,0.5798505738708708,7335.522316080729,49972.61280296346,baseline
2025-01-09 03:00:00,56862.234956597225,0.5943619679742389,6671.851874457465,50189.78872017178,baseline
2025-01-09 04:00:00,56686.56704861111,0.5905218456851111,6212.685361328125,50473.2911654373,baseline
2025-01-09 05:00:00,57186.02610243056,0.5925581379069222,5930.938906792535,51254.49463750012,baseline
2025-01-09 06:00:00,58440.32703559028,0.6030415181318919,4836.319438476563,53603.40455559558,baseline
2025-01-09 07:00:00,61104.98148871528,0.619919911093182,3618.776062825521,57485.58550597866,baseline
2025-01-09 08:00:00,62783.73100694444,33.2157221872939,3071.0930390082467,59679.4222457489,baseline
2025-01-09 09:00:00,63382.42641059028,712.4995536126031,3020.500040147569,59649.426816830106,baseline
2025-01-09 10:00:00,64844.992743055554,2499.7374985080296,3679.448356933594,58665.80688761393,baseline
2025-01-09 11:00:00,66288.9542578125,3882.948141547309,4562.299332682292,57843.70678358289,baseline
2025-01-09 12:00:00,66360.69588541667,4961.638342013889,4720.8772992621525,56678.18024414063,baseline
2025-01-09 13:00:00,65648.886640625,4886.37204047309,4356.355329589844,56406.15927056207,baseline
2025-01-09 14:00:00,65711.84499131945,3963.710664876302,4783.6143386501735,56964.51998779297,baseline
2025-01-09 15:00:00,65771.44638020833,3559.42361328125,5101.242143554688,57110.7806233724,baseline
2025-01-09 16:00:00,66224.47899305556,2680.001966417101,6154.277297092014,57390.19972954644,baseline
2025-01-09 17:00:00,66823.31810763889,1791.5973141818577,7205.374996744792,57826.34579671224,baseline
2025-01-09 18:00:00,67989.39013020834,425.0705850436953,8213.327222764758,59350.992322399885,baseline
2025-01-09 19:00:00,68382.74644097222,0.6463274572292964,8635.27695203993,59746.823161475055,baseline
2025-01-09 20:00:00,67940.00686631944,0.5664608358012305,10122.99974283854,57816.440662645095,baseline
2025-01-09 21:00:00,66903.38245659722,0.5479778552386496,10981.78607313368,55921.0484056083,baseline
2025-01-09 22:00:00,65398.21092881945,0.5741190096735954,9994.675222439237,55402.96158737053,baseline
2025-01-09 23:00:00,63284.79765190972,0.565552984740999,10322.944486762151,52961.28761216283,baseline
2025-01-10 00:00:00,61303.15923611111,0.5806997746891446,12166.602606336806,49135.975929999615,baseline
2025-01-10 01:00:00,60112.39165798611,0.5908773521582286,14380.135376519098,45731.66540411486,baseline
2025-01-10 02:00:00,59446.91034722222,0.5913650594154993,16129.253134765626,43317.06584739718,baseline
2025-01-10 03:00:00,58906.837230902776,0.5985255210267173,17566.401573350693,41339.837132031054,baseline
2025-01-10 04:00:00,58856.34398871528,0.5950220151080026,19331.84160373264,39523.90736296753,baseline
2025-01-10 05:00:00,59578.40265190973,0.608669574128257,20425.1396484375,39152.6543338981,baseline
2025-01-10 06:00:00,61706.91238715278,0.671191354393959,21504.721256510416,40201.519939287966,baseline
2025-01-10 07:00:00,64702.39491753472,0.6325077072117063,22735.457018229168,41966.30539159835,baseline
2025-01-10 08:00:00,66404.22956597223,64.10989642394914,23532.60571831597,42807.51395123231,baseline
2025-01-10 09:00:00,66684.63028645833,2412.5918888346355,23272.65699869792,40999.381398925776,baseline
2025-01-10 10:00:00,67010.27733506945,6919.117175021702,23110.62379123264,36980.53636881511,baseline
2025-01-10 11:00:00,67014.97051215278,9111.017532552083,22476.055865885417,35427.897113715284,baseline
2025-01-10 12:00:00,67179.39499131944,9985.352533637151,21882.2045030382,35311.837954644085,baseline
2025-01-10 13:00:00,66377.9330295139,9873.36521267361,22380.09445529514,34124.47336154514,baseline
2025-01-10 14:00:00,65873.4671310764,9201.86406358507,22784.856475694443,33886.74659179688,baseline
2025-01-10 15:00:00,65223.27375868055,9400.821867404517,22192.364735243056,33630.08715603298,baseline
2025-01-10 16:00:00,64254.106024305554,10547.674339192708,19401.12426649305,34305.30741861979,baseline
2025-01-10 17:00:00,63134.60673177084,8838.424457465278,16137.609077690971,38158.57319661458,baseline
2025-01-10 18:00:00,64306.12323350694,1999.69893219418,12293.290965711803,50013.13333560096,baseline
2025-01-10 19:00:00,65844.06369357639,2.452736611134476,10791.523312717014,55050.08764424824,baseline
2025-01-10 20:00:00,65313.65646701389,0.6159689355889956,11284.92535373264,54028.11514434566,baseline
2025-01-10 21:00:00,65059.84867621528,0.6105947751469082,11417.933119574653,53641.30496186548,baseline
2025-01-10 22:00:00,64472.163697916665,0.6183415187067456,11521.69963216146,52949.8457242365,baseline
2025-01-10 23:00:00,63151.343355034725,0.607701995505227,12006.682916666668,51144.05273637256,baseline
2025-01-11 00:00:00,61858.32529079861,0.6046933513879776,13837.5208984375,48020.199699009725,baseline
2025-01-11 01:00:00,61380.516284722224,0.6070915532112121,16361.099856770834,45018.809336398175,baseline
2025-01-11 02:00:00,61267.33697482639,0.6167485129833221,18819.801575520836,42446.91865079257,baseline
2025-01-11 03:00:00,61812.67664496528,0.617629237042533,19967.179809027777,41844.87920670045,baseline
2025-01-11 04:00:00,61820.96414496528,0.58876944065094,20779.715297309027,41040.6600782156,baseline
2025-01-11 05:00:00,62648.78993055556,0.7233185251553853,21586.258817274305,41061.807794756096,baseline
2025-01-11 06:00:00,63786.47396701389,0.9387769980563058,22286.86259982639,41498.67259018944,baseline
2025-01-11 07:00:00,65617.24474392361,0.9099810741345088,22231.960108506944,43384.37465434254,baseline
2025-01-11 08:00:00,67243.71340277778,467.7878892418411,21854.727159288195,44921.19835424774,baseline
2025-01-11 09:00:00,66657.71440972222,8829.632507595486,20960.050171440973,36868.03173068576,baseline
2025-01-11 10:00:00,64195.78663628472,18792.469466145834,17688.033973524307,27715.283196614582,baseline
2025-01-11 11:00:00,60924.50758680556,19730.14958767361,16531.95933919271,24662.39865993924,baseline
2025-01-11 12:00:00,57823.18951388889,18684.768509114583,17197.847391493055,21940.573613281253,baseline
2025-01-11 13:00:00,55362.76116753472,17594.51140407986,18035.068040364586,19733.181723090274,baseline
2025-01-11 14:00:00,54187.44166232639,15944.21431640625,19253.378448350693,18989.84889756944,baseline
2025-01-11 15:00:00,52908.12592013889,14870.251962890625,19320.087736545134,18717.78622070313,baseline
2025-01-11 16:00:00,50912.246705729165,13852.886498480902,18791.430013020832,18267.930194227432,baseline
2025-01-11 17:00:00,49879.12887586805,10519.542572699653,20158.520598958334,19201.065704210065,baseline
2025-01-11 18:00:00,51582.3049609375,2492.128446684944,21696.11791015625,27394.05860409631,baseline
2025-01-11 19:00:00,54323.54912326389,2.824609923892551,22700.229075520838,31620.49543781916,baseline
2025-01-11 20:00:00,55309.95330295139,0.6238890820079379,24509.623483072915,30799.705930796463,baseline
2025-01-11 21:00:00,55741.28298611111,0.5882780536346965,25009.94482204861,30730.749886008864,baseline
2025-01-11 22:00:00,55606.17026041666,0.5853230439623197,25305.02640407986,30300.55853329284,baseline
2025-01-11 23:00:00,54730.46671006944,0.558284088174502,24507.3525390625,30222.555886918766,baseline
2025-01-12 00:00:00,53827.94486545139,0.5880019585291545,23607.873309461807,30219.483554031056,baseline
2025-01-12 01:00:00,52712.92987413194,0.586389988594585,21571.76342881945,31140.580055323902,baseline
2025-01-12 02:00:00,52408.519127604166,0.5926182672050264,20847.417326388888,31560.509182948077,baseline
2025-01-12 03:00:00,52898.54086805556,0.6077073041598002,21284.817923177085,31613.11523757431,baseline
2025-01-12 04:00:00,52759.81136284722,0.6247229613198174,19173.05662109375,33586.13001879215,baseline
2025-01-12 05:00:00,53042.10883680556,0.6574103550778495,19119.88845920139,33921.56296724909,baseline
2025-01-12 06:00:00,53735.65332899305,0.6557106722063488,19093.59531467014,34641.402303650706,baseline
2025-01-12 07:00:00,55107.966553819446,0.6609933678309122,19408.35631293403,35698.94924751759,baseline
2025-01-12 08:00:00,56699.47111979167,254.71672023812928,19724.63142361111,36720.12297594243,baseline
2025-01-12 09:00:00,57163.40602430556,6611.403884412977,17957.139098307292,32594.86304158529,baseline
2025-01-12 10:00:00,55817.59111545139,15242.0871484375,13900.097105034722,26675.406861979165,baseline
2025-01-12 11:00:00,54943.78369357639,16451.380579427085,15285.602234157986,23206.80087999132,baseline
2025-01-12 12:00:00,54207.59706163195,16397.06607313368,15481.534126519096,22328.99686197917,baseline
2025-01-12 13:00:00,52116.86625,16256.232422960067,14274.784700520831,21585.849126519097,baseline
2025-01-12 14:00:00,50486.04013454861,16701.505162760415,12500.46543185764,21284.069539930555,baseline
2025-01-12 15:00:00,49338.40501736111,17251.458982204862,11218.587367621529,20868.35866753472,baseline
2025-01-12 16:00:00,48316.17429253472,16254.468140190971,10650.623819444443,21411.082332899303,baseline
2025-01-12 17:00:00,48434.39552951389,11469.523261176217,10132.21847873264,26832.65378960504,baseline
2025-01-12 18:00:00,50342.52521701389,1998.882630343967,8498.946708984375,39844.695877685546,baseline
2025-01-12 19:00:00,52609.81118055555,2.859338636596997,9226.759167751736,43380.19267416722,baseline
2025-01-12 20:00:00,53112.32677083334,0.7520029681258732,12018.82884657118,41092.74592129403,baseline
2025-01-12 21:00:00,53341.90256076389,0.7771981351243125,14593.536254340275,38747.58910828849,baseline
2025-01-12 22:00:00,52594.57733940972,0.7840574607584212,15427.195366753473,37166.59791519549,baseline
2025-01-12 23:00:00,51433.7062109375,0.8024775097767513,15463.539126519096,35969.364606908624,baseline
2025-01-13 00:00:00,49999.89662326389,0.8037385198142794,15663.193528645834,34335.89935609824,baseline
2025-01-13 01:00:00,50201.42016059028,0.8305562508768506,16013.218401692708,34187.3712026467,baseline
2025-01-13 02:00:00,50365.07558159722,0.862089777522617,15742.11927517361,34622.09421664609,baseline
2025-01-13 03:00:00,49919.41006944444,0.8266337368885676,15012.960938585067,34905.62249712249,baseline
2025-01-13 04:00:00,50606.3502734375,0.821208724975586,13662.47994032118,36943.04912439134,baseline
2025-01-13 05:00:00,52378.891236979165,0.8252853325340483,11779.14592013889,40598.92003150774,baseline
2025-01-13 06:00:00,55429.97674479167,0.8416003672944175,9995.86087890625,45433.27426551812,baseline
2025-01-13 07:00:00,59937.952703993054,0.8348500023285548,9100.329949001736,50836.78790498899,baseline
2025-01-13 08:00:00,61037.59330295139,461.8129734279712,8304.276993815105,52271.50333570832,baseline
2025-01-13 09:00:00,60903.09083767361,7951.623064778646,7387.795668402778,45563.67210449219,baseline
2025-01-13 10:00:00,59472.50301649306,17930.342587890624,6431.246934678819,35110.91349392361,baseline
2025-01-13 11:00:00,56869.28377170139,19521.73691623264,5594.801115451389,31752.745740017363,baseline
2025-01-13 12:00:00,54823.56259114584,19242.87589626736,5742.15421875,29838.532476128472,baseline
2025-01-13 13:00:00,52912.323797743054,19162.05896701389,5885.744150390625,27864.520680338537,baseline
2025-01-13 14:00:00,51655.573029513886,19534.5641015625,5623.995676540799,26497.013251410583,baseline
2025-01-13 15:00:00,51258.51143663195,20185.52083333333,5287.056813693576,25785.93378960504,baseline
2025-01-13 16:00:00,51321.26336697049,19721.747293836805,5168.934181722006,26430.58189141168,baseline
2025-01-13 17:00:00,50223.03515625,13630.62275390625,5079.385485568577,31513.026916775176,baseline
2025-01-13 18:00:00,51619.05450086806,2534.5966567696464,4379.681197102865,44704.776646995546,baseline
2025-01-13 19:00:00,54350.23979383681,4.107851915723748,4622.116748046875,49724.01519387421,baseline
2025-01-13 20:00:00,55185.03944878472,0.6968675416707992,6233.499992947049,48950.842588296,baseline
2025-01-13 21:00:00,55858.425770399306,0.6306606660948859,8206.455608181424,47651.33950155179,baseline
2025-01-13 22:00:00,55750.18927083333,0.6432749983668328,10276.131915147567,45473.4140806874,baseline
2025-01-13 23:00:00,54381.26780815972,0.6417026352882386,12477.293464626737,41903.33264089769,baseline
2025-01-14 00:00:00,53800.33629123264,0.619270597398281,14171.772737630208,39627.94428300503,baseline
2025-01-14 01:00:00,53046.99718315972,0.5571812312139405,14404.530309244792,38641.90969268372,baseline
2025-01-14 02:00:00,53693.88312065973,0.5657386631766955,14890.076400824652,38803.2409811719,baseline
2025-01-14 03:00:00,53955.722235243054,0.5587539527813593,14435.781538628473,39519.3819426618,baseline
2025-01-14 04:00:00,54139.38518012153,0.5755974235799578,13243.558025173612,40895.25155752434,baseline
2025-01-14 05:00:00,55117.06651692709,0.5693211063411501,13342.78488172743,41773.71231409332,baseline
2025-01-14 06:00:00,57891.12155598959,0.5930770159098837,12617.044449869793,45273.484029103885,baseline
2025-01-14 07:00:00,61867.34498480903,0.5904057689176665,11813.415066189236,50053.33951285088,baseline
2025-01-14 08:00:00,63285.26833333333,164.02959192666742,10369.431420355902,52751.807321050765,baseline
2025-01-14 09:00:00,62075.34808159722,4110.9643205430775,9197.731299913194,48766.65246114096,baseline
2025-01-14 10:00:00,60070.86490234375,11313.232073567708,6450.712960069444,42306.9198687066,baseline
2025-01-14 11:00:00,57707.95023220487,13884.838565538195,4973.018453233507,38850.09321343317,baseline
2025-01-14 12:00:00,55670.934446614585,14329.571843532984,5355.660554470486,35985.702048611114,baseline
2025-01-14 13:00:00,54360.95647786458,13811.068764105905,4563.5145464409725,35986.3731673177,baseline
2025-01-14 14:00:00,53688.17948350695,13388.873001302083,3500.069652235243,36799.23682996962,baseline
2025-01-14 15:00:00,53635.31443576389,13081.149995659722,3055.4586716037325,37498.70576850043,baseline
2025-01-14 16:00:00,53279.38861111111,12013.592306586372,2783.971170179579,38481.82513434516,baseline
2025-01-14 17:00:00,52837.35114583333,8606.56222764757,2620.6874403211805,41610.10147786458,baseline
2025-01-14 18:00:00,53645.78373914931,1929.3499456702336,2572.290935872396,49144.14285760668,baseline
2025-01-14 19:00:00,55207.90789930556,5.245708791050646,3578.538678656684,51624.12351185783,baseline
2025-01-14 20:00:00,55634.19076388889,0.5885724878642294,5555.81497124566,50077.78722015536,baseline
2025-01-14 21:00:00,55283.92154079861,0.6102439370751381,6760.623911675347,48522.68738518619,baseline
2025-01-14 22:00:00,54591.76202690973,0.6256639312704404,7570.804173719618,47020.33218925884,baseline
2025-01-14 23:00:00,52799.025852864586,0.4050462559858958,8515.073076171875,44283.54773043672,baseline
2025-01-15 00:00:00,51257.55499131944,0.4092469756222433,7890.676171061198,43366.46957328262,baseline
2025-01-15 01:00:00,49638.775907118055,0.4233417045738962,6473.517147352431,43164.83541806105,baseline
2025-01-15 02:00:00,48975.62856336805,0.409746019674672,5816.750124782986,43158.4686925654,baseline
2025-01-15 03:00:00,48883.86522569445,0.4452700800034735,5250.2707904730905,43633.14916514135,baseline
2025-01-15 04:00:00,49516.82162109375,0.4395632999307579,5174.2288850911455,44342.153172702674,baseline
2025-01-15 05:00:00,50617.39122395834,0.4320984301964441,5106.2974652777775,45510.66166025037,baseline
2025-01-15 06:00:00,53082.67020399305,0.4384140856067339,5385.026198459202,47697.20559144825,baseline
2025-01-15 07:00:00,56472.14246744791,0.524122936228911,5902.38156358507,50569.23678092661,baseline
2025-01-15 08:00:00,57133.45190755208,108.45409376555018,5247.873104383681,51777.12470940285,baseline
2025-01-15 09:00:00,57496.44964192708,3850.570695732965,5271.166719292535,48374.71222690158,baseline
2025-01-15 10:00:00,57286.11610243056,11820.756609157988,5046.81370062934,40418.54579264323,baseline
2025-01-15 11:00:00,55932.972899305554,13972.609203559028,4395.281509874132,37565.0821858724,baseline
2025-01-15 12:00:00,54537.10057942708,14448.47943576389,3927.561630045573,36161.05951361762,baseline
2025-01-15 13:00:00,52867.76712890625,14578.953431532118,3673.0323175727,34615.78137980143,baseline
2025-01-15 14:00:00,52302.92993706597,14741.078957248264,4013.158337673611,33548.692642144095,baseline
2025-01-15 15:00:00,50749.31488498264,14768.067975260416,4560.248218315972,31420.99869140625,baseline
2025-01-15 16:00:00,49947.69536241319,13771.61298936632,4389.525152452257,31786.557220594616,baseline
2025-01-15 17:00:00,50134.538218315975,9456.157765299478,3938.654721950955,36739.72573106554,baseline
2025-01-15 18:00:00,51112.654772135415,1833.00295662774,3853.037881944445,45426.61393356323,baseline
2025-01-15 19:00:00,52725.57523871528,2.438830370737447,4243.551169433594,48479.58523891094,baseline
2025-01-15 20:00:00,53101.16864149306,0.400843986256255,4706.7765625,48393.9912350068,baseline
2025-01-15 21:00:00,53224.45105685764,0.5059095988836554,4713.932412109375,48510.01273514938,baseline
2025-01-15 22:00:00,52377.71384548611,0.5402359887295299,4786.729420572917,47590.44418892446,baseline
2025-01-15 23:00:00,51140.19647569444,0.538631918463442,4401.68267686632,46737.97516690966,baseline
2025-01-16 00:00:00,50456.69872829861,0.5701782743467225,4379.475776909722,46076.65277311454,baseline
2025-01-16 01:00:00,49238.43060980903,0.5479292751683129,4520.320106336805,44717.56257419706,baseline
2025-01-16 02:00:00,49265.38397352431,0.550834598408805,4672.29482313368,44592.53831579222,baseline
2025-01-16 03:00:00,50098.78185980903,0.5206157946255472,5495.956917860243,44602.30432615416,baseline
2025-01-16 04:00:00,50518.57815755208,0.5394061850839191,5842.112523871528,44675.92622749547,baseline
2025-01-16 05:00:00,51797.83557942708,0.5669250356157621,5539.393197699653,46257.87545669181,baseline
2025-01-16 06:00:00,54698.10670789931,0.5905546621481578,5296.520919596354,49400.9952336408,baseline
2025-01-16 07:00:00,58965.084173177085,0.5866616596778234,5615.652659505208,53348.8448520122,baseline
2025-01-16 08:00:00,60616.57933159722,459.9249629688594,6010.563084309896,54146.09128431846,baseline
2025-01-16 09:00:00,59750.354479166665,7062.493375922309,5622.0189800347225,47065.84212320963,baseline
2025-01-16 10:00:00,57739.96135850695,16064.338283420138,4033.6691284179688,37641.95394666884,baseline
2025-01-16 11:00:00,54209.11351779514,17777.391690538196,2434.1487543402777,33997.57307291667,baseline
2025-01-16 12:00:00,51911.32328776042,18198.365043402777,2798.0960885959203,30914.86215576172,baseline
2025-01-16 13:00:00,50825.53132378472,17477.93181640625,3625.084051649306,29722.515455729168,baseline
2025-01-16 14:00:00,49516.556953125,17121.10438096788,4062.632388644748,28332.82018351237,baseline
2025-01-16 15:00:00,48383.58460720486,17338.37880642361,4373.705565863716,26671.500234917534,baseline
2025-01-16 16:00:00,47333.37950520834,16665.95884440104,4481.782894965278,26185.637765842017,baseline
2025-01-16 17:00:00,47054.34641276042,12936.097069227431,4661.360292426215,29456.88905110677,baseline
2025-01-16 18:00:00,48256.48689019097,2598.388316925897,5468.234739040799,40189.86383422428,baseline
2025-01-16 19:00:00,50229.795703125,2.4568474876984125,8456.718535698785,41770.62031993851,baseline
2025-01-16 20:00:00,51579.67030381945,0.3550340320004357,13715.898442925349,37863.4168268621,baseline
2025-01-16 21:00:00,52186.58810763889,0.4243083290921317,16725.908089192708,35460.25571011709,baseline
2025-01-16 22:00:00,51902.46203993056,0.7130624842974874,20870.232356770837,31031.516620675426,baseline
2025-01-16 23:00:00,50726.84855251736,1.0379830367366474,22935.55460069445,27790.255968786176,baseline
2025-01-17 00:00:00,49427.8097157118,0.6642009604142772,23581.449503038195,25845.696011713197,baseline
2025-01-17 01:00:00,48568.99410807292,0.6265646131833394,23942.033053385418,24626.33449007432,baseline
2025-01-17 02:00:00,48420.75524305556,0.5953731067313088,23981.493504774306,24438.66636517452,baseline
2025-01-17 03:00:00,48410.71986328125,0.550858918428421,23471.571722005207,24938.597282357616,baseline
2025-01-17 04:00:00,48659.42188585069,0.5702709925174713,23386.926744791668,25271.92487006651,baseline
2025-01-17 05:00:00,48892.47708550347,0.6963322565456231,22831.333745117183,26060.44700812974,baseline
2025-01-17 06:00:00,51020.54135199653,0.710979676246643,22939.435596788197,28080.39477553209,baseline
2025-01-17 07:00:00,54493.14226345486,0.864469255109628,23214.822909613715,31277.454884586037,baseline
2025-01-17 08:00:00,55737.4945985243,192.7594127879209,23798.01045030382,31746.724735432563,baseline
2025-01-17 09:00:00,55330.42388237847,2673.9518517727324,23341.240014105904,29315.23201649983,baseline
2025-01-17 10:00:00,55096.86788194445,6239.34240234375,22672.10703125,26185.41844835069,baseline
2025-01-17 11:00:00,55122.844361979165,6775.896123318143,22034.9094406467,26312.03879801432,baseline
2025-01-17 12:00:00,54071.29808159722,7187.02580959744,22515.207717013887,24369.064554985893,baseline
2025-01-17 13:00:00,53333.52675998264,8085.455140516493,23213.814487847223,22034.257131618924,baseline
2025-01-17 14:00:00,53113.83249565972,8171.718447265625,23495.14540798611,21446.968640407984,baseline
2025-01-17 15:00:00,51962.422671440974,7007.195842013889,23555.380379774306,21399.84644965278,baseline
2025-01-17 16:00:00,50669.97745442709,5951.6758029513885,23804.52707465278,20913.77457682292,baseline
2025-01-17 17:00:00,49700.37387152778,4368.829216037327,23988.26738932292,21343.277266167534,baseline
2025-01-17 18:00:00,49897.07585720486,995.5715653525458,24879.44944769965,24022.054844152663,baseline
2025-01-17 19:00:00,51241.45542534722,4.180018536936906,25896.29606391059,25340.979342899696,baseline
2025-01-17 20:00:00,50891.43301866319,0.5724543500940005,26611.260807291663,24279.59975702143,baseline
2025-01-17 21:00:00,50213.91733072917,0.5466467734509044,26581.95207899305,23631.41860496266,baseline
2025-01-17 22:00:00,49234.72749782986,0.5405414702826076,26082.53042317708,23151.656533182493,baseline
2025-01-17 23:00:00,47772.5519032118,0.5221681976980633,25251.31740234375,22520.712332670355,baseline
2025-01-18 00:00:00,46495.3286046007,0.5907346277187268,25955.02047092014,20539.71739905284,baseline
2025-01-18 01:00:00,45423.38350694445,0.6132257453269429,25745.34972439236,19677.42055680676,baseline
2025-01-18 02:00:00,44326.92135416667,0.5653669450845983,24381.2045046658,19945.151482555782,baseline
2025-01-18 03:00:00,44043.59524305556,0.5694993491636382,23196.51957465278,20846.506169053613,baseline
2025-01-18 04:00:00,44208.69114149306,0.575770917336146,22528.68571180556,21679.429658770165,baseline
2025-01-18 05:00:00,44970.34282877604,0.6131672860847579,21070.718595920134,23899.01106556981,baseline
2025-01-18 06:00:00,46337.31154730903,0.624748075902462,20031.660894097226,26305.025905135903,baseline
2025-01-18 07:00:00,48643.19951171875,0.6075844189524651,18735.40406684028,29907.18786045952,baseline
2025-01-18 08:00:00,50235.3530360243,261.6990336737037,18035.154911024307,31938.49909132629,baseline
2025-01-18 09:00:00,51882.79254340278,7781.295447455512,17048.80201171875,27052.695084228515,baseline
2025-01-18 10:00:00,53550.368064236114,14936.425942925349,16252.386314019095,22361.55580729167,baseline
2025-01-18 11:00:00,51839.36305121528,15084.437444661458,15324.760367838542,21430.16523871528,baseline
2025-01-18 12:00:00,50299.00504340278,14846.146451822917,14048.514972873263,21404.3436187066,baseline
2025-01-18 13:00:00,48903.53679470486,14120.26304904514,13310.702495659722,21472.57125,baseline
2025-01-18 14:00:00,48079.26984157986,13045.392233072916,13353.501598307292,21680.37601019965,baseline
2025-01-18 15:00:00,47654.53331597222,12593.389775390626,12987.300152994792,22073.843387586803,baseline
2025-01-18 16:00:00,47476.5584266493,11781.762587890626,12852.279581163197,22842.51625759548,baseline
2025-01-18 17:00:00,47972.58457899305,9455.52429578993,13917.532486979168,24599.52779622396,baseline
2025-01-18 18:00:00,49615.12811414931,2903.6252735731337,17513.109073350694,29198.393767225483,baseline
2025-01-18 19:00:00,52365.3468858507,8.64508750203583,22080.1908311632,30276.510967185463,baseline
2025-01-18 20:00:00,53710.93550130208,0.8010752090977298,26157.80715711805,27552.32726897493,baseline
2025-01-18 21:00:00,54819.51132161458,0.8770003877745735,27465.20599392361,27353.4283273032,baseline
2025-01-18 22:00:00,55889.123075086805,0.8618122943904665,27579.571087239583,28308.69017555283,baseline
2025-01-18 23:00:00,55809.9686328125,0.7980348361035188,27307.295155707467,28501.87544226893,baseline
2025-01-19 00:00:00,56012.00883463542,0.8844760300715765,27091.34905815972,28919.775300445624,baseline
2025-01-19 01:00:00,56208.308350694446,0.837042471104198,27152.213287760416,29055.258020462927,baseline
2025-01-19 02:00:00,56775.06290147569,0.6148433332310782,27203.09654079861,29571.35151734385,baseline
2025-01-19 03:00:00,57420.07590494792,0.5506406074762344,26776.706106770835,30642.819157569607,baseline
2025-01-19 04:00:00,58641.30715277778,0.5314740125007099,25727.06906684028,32913.706611925,baseline
2025-01-19 05:00:00,60036.57805989583,0.5757117765148481,23861.28687065972,36174.7154774596,baseline
2025-01-19 06:00:00,61819.01215060764,0.5936323080791367,22091.256794704863,39727.1617235947,baseline
2025-01-19 07:00:00,64141.73860243055,0.5748821271128125,20443.556432291665,43697.60728801177,baseline
2025-01-19 08:00:00,66383.33622612848,512.8380184732212,17607.456163194445,48263.04204446082,baseline
2025-01-19 09:00:00,67669.11713975694,9044.656110568576,14176.409375,44448.05165418837,baseline
2025-01-19 10:00:00,67920.78112413194,18733.868033854167,13813.325460069444,35373.587630208334,baseline
2025-01-19 11:00:00,65795.16468532986,20675.87805772569,11837.276351996528,33282.01027560764,baseline
2025-01-19 12:00:00,63130.88297309028,20771.11638020833,9173.125318467884,33186.64127441407,baseline
2025-01-19 13:00:00,61113.265,20701.00577690972,7103.597789171007,33308.661433919275,baseline
2025-01-19 14:00:00,59273.154637586806,21170.94914496528,5840.821508246528,32261.383984375,baseline
2025-01-19 15:00:00,57977.7093359375,20975.877330729167,5529.191936848958,31472.64006835937,baseline
2025-01-19 16:00:00,56806.70109809028,20810.6859765625,5146.288102213542,30849.72701931424,baseline
2025-01-19 17:00:00,57343.59605034722,16682.94088107639,5291.03205078125,35369.62311848959,baseline
2025-01-19 18:00:00,60173.05559895833,3700.149670037164,5240.622055121527,51232.28387379964,baseline
2025-01-19 19:00:00,63972.88863715278,13.671672170141504,5914.053037380642,58045.16392760199,baseline
2025-01-19 20:00:00,65516.75251519097,0.35554828721616,8370.625717230903,57145.77124967285,baseline
2025-01-19 21:00:00,66504.52053385417,0.3602482845551438,11235.68961046007,55268.47067510955,baseline
2025-01-19 22:00:00,66754.88577690972,0.4316992326246368,12885.415542534722,53869.038535142376,baseline
2025-01-19 23:00:00,65947.15371527777,0.3832384603553348,13827.816810980905,52118.95366583652,baseline
2025-01-20 00:00:00,66566.71767795138,0.4833702265636788,14803.80763481988,51762.42667290494,baseline
2025-01-20 01:00:00,65350.67310763889,0.5437459113862779,15391.701060112848,49958.42830161466,baseline
2025-01-20 02:00:00,65896.79440755208,0.5758273537953694,15254.605492621527,50641.61308757676,baseline
2025-01-20 03:00:00,66442.78769314237,0.5736111235949728,15766.800203993056,50675.41387802572,baseline
2025-01-20 04:00:00,67056.38570746528,0.5661363925205337,15904.178352864585,51151.64121820817,baseline
2025-01-20 05:00:00,67444.76130859375,0.6123472929663129,15858.880455729166,51585.268505571614,baseline
2025-01-20 06:00:00,69106.69586805555,0.6045174294379022,15667.207900390626,53438.88345023549,baseline
2025-01-20 07:00:00,71618.88666232639,0.6060967764589522,15350.325774197048,56267.95479135288,baseline
2025-01-20 08:00:00,73251.05819444444,220.27671461784175,15179.188267144098,57851.59321268251,baseline
2025-01-20 09:00:00,73603.58346788194,4589.032659098308,14268.588385416666,54745.96242336696,baseline
2025-01-20 10:00:00,74873.42797309028,10290.533245442708,15609.832996690538,48973.06173095703,baseline
2025-01-20 11:00:00,73864.85180989583,11988.756883680557,15088.839768880209,46787.255157335065,baseline
2025-01-20 12:00:00,72671.01150173611,12542.297571614585,12342.558655598958,47786.15527452257,baseline
2025-01-20 13:00:00,71189.09521267361,12357.404138454862,10231.510890842012,48600.18018337673,baseline
2025-01-20 14:00:00,69907.69912760417,11569.634759114584,8674.789345703124,49663.27502278646,baseline
2025-01-20 15:00:00,69463.76572916667,10260.59396484375,8463.037830946181,50740.13393337674,baseline
2025-01-20 16:00:00,70438.55121961805,8157.150074327257,9425.372944878472,52856.02820041232,baseline
2025-01-20 17:00:00,70963.03849609375,6052.734168294271,11883.112327473958,53027.19200032552,baseline
2025-01-20 18:00:00,71633.62575520833,1877.8899586317275,13840.448565538194,55915.287231038405,baseline
2025-01-20 19:00:00,73026.1829513889,185.19610366620952,15450.298599175348,57390.68824854734,baseline
2025-01-20 20:00:00,72740.00901692708,0.4402877746356858,17592.70269965278,55146.86602949967,baseline
2025-01-20 21:00:00,72584.06184027778,0.6264878918396102,19113.554359809023,53469.88099257691,baseline
2025-01-20 22:00:00,71679.26688368055,0.5209763150744968,19614.543641493052,52064.20226587242,baseline
2025-01-20 23:00:00,69834.41591145833,0.3537291937735345,20461.310930989584,49372.751251274974,baseline
2025-01-21 00:00:00,68428.01520182291,0.3568267801403999,20916.05209418403,47511.606280858745,baseline
2025-01-21 01:00:00,67835.76671875,0.3533743972248501,20242.7295811632,47592.68376318958,baseline
2025-01-21 02:00:00,67517.96786892362,0.3493179497785038,19162.222651909724,48355.39589906411,baseline
2025-01-21 03:00:00,67820.68549913194,0.3411278025640382,17936.953096788195,49883.39127454118,baseline
2025-01-21 04:00:00,67880.59277126736,0.3299378633168008,16242.789141710067,51637.47369169397,baseline
2025-01-21 05:00:00,68553.75655381945,0.3473960921168327,14392.27587782118,54161.13327990615,baseline
2025-01-21 06:00:00,69941.14357638889,0.5072848891218503,12863.667212456598,57076.96907904317,baseline
2025-01-21 07:00:00,72387.30340711806,0.5976151435905033,12111.161814236111,60275.54397773836,baseline
2025-01-21 08:00:00,74111.31827256945,110.9083292418056,10006.677707248264,63993.73223607938,baseline
2025-01-21 09:00:00,74073.61827907986,4283.864447021484,7956.001803249783,61833.752028808594,baseline
2025-01-21 10:00:00,74053.61403211806,12386.969944661458,5989.232831624349,55677.41125583225,baseline
2025-01-21 11:00:00,72537.46315538195,15338.711828342011,5928.7975678168405,51269.95375922309,baseline
2025-01-21 12:00:00,71226.15597222222,16285.425751953126,6652.965726996527,48287.76449327257,baseline
2025-01-21 13:00:00,69483.98390190973,17138.711529947916,7863.140863172743,44482.13150878907,baseline
2025-01-21 14:00:00,66891.00825303819,18273.44850260417,9133.092883029514,39484.46686740451,baseline
2025-01-21 15:00:00,64482.01486328125,19643.3465625,9492.103528645834,35346.56477213542,baseline
2025-01-21 16:00:00,62336.49725694444,18425.69072482639,9810.557183159724,34100.24934895833,baseline
2025-01-21 17:00:00,61648.48237847223,15412.31498046875,10694.45271375868,35541.7146842448,baseline
2025-01-21 18:00:00,64565.47958984375,4011.511939324273,12035.59306749132,48518.37458302816,baseline
2025-01-21 19:00:00,68838.63787326388,34.19863934122026,12965.832564019098,55838.606669903565,baseline
2025-01-21 20:00:00,70736.38245659722,0.3834085076219505,16038.797212456597,54697.201835633,baseline
2025-01-21 21:00:00,72104.71473958333,0.934947869181633,19554.607868923613,52549.17192279054,baseline
2025-01-21 22:00:00,72482.21650173611,0.8739722414149178,22391.363109809023,50089.97941968567,baseline
2025-01-21 23:00:00,70912.97845920139,0.6343125897480382,23180.420657552084,47731.923489059554,baseline
2025-01-22 00:00:00,69740.3519921875,0.4541573784417576,23267.237866753472,46472.65996805558,baseline
2025-01-22 01:00:00,69712.5322092014,0.4045096755524476,23650.657721354168,46061.46997817168,baseline
2025-01-22 02:00:00,69437.35091796875,0.4494330957863066,23738.26857421875,45698.63291065422,baseline
2025-01-22 03:00:00,69410.56098090278,0.4301486873626709,23663.30857421875,45746.82225799667,baseline
2025-01-22 04:00:00,69871.26265625,0.4776221795214547,23544.10477430556,46326.68025976492,baseline
2025-01-22 05:00:00,71209.89717447916,0.656355456577407,23496.1904296875,47713.05038933508,baseline
2025-01-22 06:00:00,73465.3941015625,0.7208209274212519,23107.6971484375,50356.97613219758,baseline
2025-01-22 07:00:00,76368.46869357639,0.4545596657527818,22143.52273871528,54224.49139519536,baseline
2025-01-22 08:00:00,77531.96049696181,616.3867413962549,21242.22175998264,55673.35199558291,baseline
2025-01-22 09:00:00,76080.133203125,9780.438386773005,20054.696796875,46244.998019477,baseline
2025-01-22 10:00:00,72093.3639453125,19861.58959201389,15419.675601128472,36812.09875217015,baseline
2025-01-22 11:00:00,67999.40344618056,21157.141627604167,12663.85296875,34178.40884982639,baseline
2025-01-22 12:00:00,64521.70269097222,20453.61804904514,11805.41628797743,32262.668353949648,baseline
2025-01-22 13:00:00,61047.262115885416,19252.080753038197,11012.757096354168,30782.424266493057,baseline
2025-01-22 14:00:00,57997.03655598958,16655.553184678818,11121.484605034722,30219.99876627604,baseline
2025-01-22 15:00:00,55111.36432725695,16051.08890733507,9977.119836154514,29083.15558376736,baseline
2025-01-22 16:00:00,53666.620440538194,15764.62349500868,9104.626066623265,28797.37087890625,baseline
2025-01-22 17:00:00,53827.00051215278,13695.299603949652,9326.923395182292,30804.77751302084,baseline
2025-01-22 18:00:00,56165.59288411459,3388.4982908630373,9030.946691623263,43746.14790162828,baseline
2025-01-22 19:00:00,59801.65271267361,8.10783318326705,9873.328348524306,49920.216530966034,baseline
2025-01-22 20:00:00,61083.86950954861,0.1821316576500733,12387.136125217014,48696.55125267395,baseline
2025-01-22 21:00:00,61896.014375,0.1899734966125753,14975.132846137152,46920.69155536623,baseline
2025-01-22 22:00:00,61777.74658203125,0.2761680864128801,16064.246124131943,45713.22428981289,baseline
2025-01-22 23:00:00,60674.43273220486,0.3167209848927127,16243.4645703125,44430.65144090747,baseline
2025-01-23 00:00:00,58959.75290798611,0.3159565508365631,14496.714729817708,44462.72222161757,baseline
2025-01-23 01:00:00,58255.39700737847,0.3148899105687936,12777.58412109375,45477.49799637415,baseline
2025-01-23 02:00:00,58383.234283854166,0.317436959495147,12166.71931966146,46216.19752723321,baseline
2025-01-23 03:00:00,59077.08970920139,0.3614436843991279,12314.940088975694,46761.7881765413,baseline
2025-01-23 04:00:00,59801.81600043402,0.353690976732307,12685.598627387151,47115.863682070136,baseline
2025-01-23 05:00:00,61341.180451388886,0.358193880882528,12927.371519097222,48413.45073841079,baseline
2025-01-23 06:00:00,64000.90034505208,0.3453567157189051,12969.335477430555,51031.21951090581,baseline
2025-01-23 07:00:00,67814.1287109375,0.3371456027030944,13615.047137586806,54198.74442774799,baseline
2025-01-23 08:00:00,69262.23174479167,424.469521604644,13713.85601779514,55123.90620539189,baseline
2025-01-23 09:00:00,67666.12885850694,8356.57323187934,12381.24806640625,46928.30756022135,baseline
2025-01-23 10:00:00,64085.0291297743,17688.949829644098,8084.175687391493,38311.90361273871,baseline
2025-01-23 11:00:00,60557.171413845484,19756.529557291666,8145.594786783854,32655.047069769964,baseline
2025-01-23 12:00:00,58715.04520833334,20024.422293836804,11004.77168077257,27685.851233723963,baseline
2025-01-23 13:00:00,56465.91348524306,19764.126438802083,11383.405909288194,25318.38113715278,baseline
2025-01-23 14:00:00,54496.49654947917,18674.75274305556,10766.877320963542,25054.866485460072,baseline
2025-01-23 15:00:00,52572.2818467882,16754.43972981771,10395.412938368056,25422.42917860243,baseline
2025-01-23 16:00:00,51339.40538519965,15183.511261935764,10480.272336968315,25675.62178629557,baseline
2025-01-23 17:00:00,51281.93641927083,13286.705325520834,10454.918309461806,27540.31278428819,baseline
2025-01-23 18:00:00,53817.64556857639,3832.330456102159,9238.63271375868,40746.68239871554,baseline
2025-01-23 19:00:00,57148.20418619792,25.421487411989105,7446.615137261285,49676.16756152464,baseline
2025-01-23 20:00:00,58604.86250217014,0.2383030750685268,7272.720721028646,51331.90347806642,baseline
2025-01-23 21:00:00,59181.21587673611,0.3267625190483199,6021.808361545139,53159.08075267192,baseline
2025-01-23 22:00:00,58543.84688802083,0.3582690851887067,4959.896819118923,53583.59179981672,baseline
2025-01-23 23:00:00,57543.3712391493,0.349966946111785,4542.093384331597,53000.92788787159,baseline
2025-01-24 00:00:00,56950.481449652776,0.350375433464845,5084.485894097223,51865.64518012209,baseline
2025-01-24 01:00:00,56846.819850260414,0.3919804267088572,6509.540074869792,50336.88779496391,baseline
2025-01-24 02:00:00,57590.11324435764,0.4162457794282171,8936.09662326389,48653.60037531432,baseline
2025-01-24 03:00:00,58495.55729817708,0.4138997673326068,11686.58234700521,46808.56105140454,baseline
2025-01-24 04:00:00,60002.92450954861,0.3820060606466399,14848.961902126735,45153.58060136123,baseline
2025-01-24 05:00:00,62253.6161046007,0.4040622567137082,17295.472374131943,44957.73966821204,baseline
2025-01-24 06:00:00,65032.81385416666,0.614865450527933,19377.049986979167,45655.149001736965,baseline
2025-01-24 07:00:00,68839.59391493055,0.7151401403049628,21049.524748263888,47789.35402652636,baseline
2025-01-24 08:00:00,70712.02493489583,696.832262409793,22088.55654296875,47926.63612951729,baseline
2025-01-24 09:00:00,68679.42693576388,10492.822702094183,21621.499945746527,36565.10428792317,baseline
2025-01-24 10:00:00,64088.11734592014,20792.729157986112,17157.34311848958,26138.045069444444,baseline
2025-01-24 11:00:00,59946.05357204861,20587.25876953125,17810.15363172743,21548.641170789924,baseline
2025-01-24 12:00:00,56765.90032986111,18810.11076388889,19113.501783854168,18842.28778211805,baseline
2025-01-24 13:00:00,54449.335692274304,18268.982962239585,18918.805828993056,17261.546901041664,baseline
2025-01-24 14:00:00,53042.32924262153,17611.855065104166,19026.420128038197,16404.05404947917,baseline
2025-01-24 15:00:00,52268.12654513889,16886.022977430555,19027.191668836807,16354.911898871527,baseline
2025-01-24 16:00:00,51003.60361762153,15532.312501085067,19189.23107421875,16282.06004231771,baseline
2025-01-24 17:00:00,49942.61572265625,12387.34535264757,20259.85255642361,17295.417813585067,baseline
2025-01-24 18:00:00,51129.826200086805,3596.2089471435547,22715.321751844614,24818.295501098637,baseline
2025-01-24 19:00:00,54055.07208116319,34.95846915577849,25007.65718315972,29012.45642884769,baseline
2025-01-24 20:00:00,55511.380423177085,0.4667002818319533,25851.64765407986,29659.266068815392,baseline
2025-01-24 21:00:00,56234.14499023437,0.650272688600752,26514.165026041668,29719.329691504103,baseline
2025-01-24 22:00:00,56388.820243055554,0.6703628201285998,26669.5469921875,29718.602888047924,baseline
2025-01-24 23:00:00,55692.11889105903,0.6332310496105088,26539.266043836804,29152.219616172613,baseline
2025-01-25 00:00:00,54815.91729492188,0.7000777769751019,26706.84509765625,28108.372119488653,baseline
2025-01-25 01:00:00,54292.91075520834,0.5100985507501496,26218.417682291667,28073.98297436592,baseline
2025-01-25 02:00:00,54286.58003689236,0.6816710229052437,26040.574129774304,28245.324236095148,baseline
2025-01-25 03:00:00,54418.72476345486,0.7065510015686353,26159.8457421875,28258.1724702658,baseline
2025-01-25 04:00:00,54690.09898220486,0.5546116192804442,26109.902645399303,28579.64172518627,baseline
2025-01-25 05:00:00,55832.81422092014,0.4161963389648331,26679.476126302085,29152.92189827909,baseline
2025-01-25 06:00:00,56639.88396267361,0.6417068428132269,26248.632899305558,30390.60935652524,baseline
2025-01-25 07:00:00,58230.957690972224,0.8365349748068386,26092.99496744792,32137.1261885495,baseline
2025-01-25 08:00:00,59529.63322916667,416.34680517094,25579.836378038195,33533.450045957536,baseline
2025-01-25 09:00:00,60041.435438368055,7350.271742621528,23335.898578559027,29355.2651171875,baseline
2025-01-25 10:00:00,59057.49333333333,14172.61156032986,19754.235086805555,25130.646686197917,baseline
2025-01-25 11:00:00,57325.425703125,12829.094432237413,20479.43423719618,24016.897033691406,baseline
2025-01-25 12:00:00,55260.3634906684,12035.652469618057,19842.04873480903,23382.66228624132,baseline
2025-01-25 13:00:00,53447.19635959202,11867.89953016493,17730.819822048612,23848.477007378475,baseline
2025-01-25 14:00:00,51164.95467013889,10471.781419542102,14975.774364149303,25717.39888644748,baseline
2025-01-25 15:00:00,50368.38771267361,9226.436611328125,13129.418859592011,28012.532241753477,baseline
2025-01-25 16:00:00,49468.145455729165,7363.043033854166,12173.515030381945,29931.587391493056,baseline
2025-01-25 17:00:00,49469.93847439236,3914.4467418077256,11994.036957465278,33561.45477511935,baseline
2025-01-25 18:00:00,49840.79885416666,1212.2739090304904,12691.388685980904,35937.136259155275,baseline
2025-01-25 19:00:00,51141.51431206597,23.13320670503709,14270.942009548611,36847.439095812326,baseline
2025-01-25 20:00:00,51462.99697265625,0.2362801414562596,17839.16420247396,33623.59649004083,baseline
2025-01-25 21:00:00,50875.23512152778,0.3936107737819354,19310.766436631944,31564.07507412205,baseline
2025-01-25 22:00:00,49638.805514322914,0.3961149196492301,18698.21392361111,30940.19547579216,baseline
2025-01-25 23:00:00,47988.4713921441,0.3942987088362376,18759.78607204861,29228.291021386653,baseline
2025-01-26 00:00:00,46616.1225499132,0.4283882751398616,18260.70087239583,28354.993289242226,baseline
2025-01-26 01:00:00,45593.48328993056,0.4318675925665431,18823.99740234375,26769.05401999424,baseline
2025-01-26 02:00:00,44493.17321180556,0.4170948207709524,18689.915757378472,25802.840359606314,baseline
2025-01-26 03:00:00,43585.47461805555,0.4316140241424243,17752.38043185764,25832.66257217377,baseline
2025-01-26 04:00:00,43317.0320203993,0.4488154642780622,15781.41537109375,27535.167833841275,baseline
2025-01-26 05:00:00,43202.16801866319,0.4266657838225364,13867.207606336806,29334.53374654256,baseline
2025-01-26 06:00:00,43764.41292534722,0.4052385301391283,12551.084046223958,31212.92364059312,baseline
2025-01-26 07:00:00,44900.62643988715,0.420920765267478,11694.002099609375,33206.20341951251,baseline
2025-01-26 08:00:00,45903.71899739583,51.71397558371226,10153.184057074654,35698.82096473746,baseline
2025-01-26 09:00:00,47461.38707899306,1686.6015233357748,7863.893579644097,37910.89197601318,baseline
2025-01-26 10:00:00,49515.1002734375,5209.210121799045,6374.110643039279,37931.779508599175,baseline
2025-01-26 11:00:00,50409.5996484375,7516.149290364583,6005.992247721354,36887.45811035157,baseline
2025-01-26 12:00:00,50618.74256510416,8956.15523546007,5335.679137912326,36326.90819173177,baseline
2025-01-26 13:00:00,50706.6157530382,9456.527223307292,5408.027347005208,35842.061182725694,baseline
2025-01-26 14:00:00,51009.32497178819,9382.400747612846,5639.272162000868,35987.65206217448,baseline
2025-01-26 15:00:00,50759.07901692709,8869.045655381944,5958.063038736979,35931.97032280816,baseline
2025-01-26 16:00:00,50760.38472005208,8359.100720214843,6232.125419786242,36169.158580051,baseline
2025-01-26 17:00:00,51252.60985677083,6619.708991427951,6594.886487630209,38038.01437771267,baseline
2025-01-26 18:00:00,52451.93730577257,1603.6072737121583,6730.694889865452,44117.63514219496,baseline
2025-01-26 19:00:00,53513.410006510414,25.11942491961022,7695.806698676215,45792.48388291459,baseline
2025-01-26 20:00:00,53787.91135850694,0.3028584722926219,8422.320609809029,45365.28789022562,baseline
2025-01-26 21:00:00,52752.9369813368,0.3665096628334787,8978.643161892362,43773.9273097816,baseline
2025-01-26 22:00:00,52086.256215277775,0.394894666870435,10259.546967230905,41826.31435338,baseline
2025-01-26 23:00:00,50480.161840277775,0.3690368800030814,11204.146182725695,39275.64662067208,baseline
2025-01-27 00:00:00,48789.91354600695,0.4154439797004064,11552.636732855904,37236.86136917134,baseline
2025-01-27 01:00:00,47661.66148220486,0.4640467183788617,11840.473685980904,35820.723749505574,baseline
2025-01-27 02:00:00,46824.98573242188,0.4699791805942853,11312.226117621529,35512.28963561975,baseline
2025-01-27 03:00:00,46241.889405381946,0.4655611075295342,10651.332992621528,35590.09085165289,baseline
2025-01-27 04:00:00,46646.58161458333,0.466232674949699,10352.59873263889,36293.51664926949,baseline
2025-01-27 05:00:00,48071.87141927084,0.4389671985308329,10046.113717447915,38025.31873462439,baseline
2025-01-27 06:00:00,51111.91798394097,0.4479048839542601,9122.38781358507,41989.082265471945,baseline
2025-01-27 07:00:00,55242.92904079861,0.444452449215783,8435.287297092014,46807.19729125738,baseline
2025-01-27 08:00:00,57440.08534179688,52.706721665395634,7945.028250732422,49442.35036939906,baseline
2025-01-27 09:00:00,57578.3655186632,1855.5488164605035,6788.174124891493,48934.6425773112,baseline
2025-01-27 10:00:00,57361.355657552085,5596.883406032986,4761.378091362847,47003.09416015625,baseline
2025-01-27 11:00:00,56858.66816623264,7859.051528862848,3632.052449001736,45367.56418836805,baseline
2025-01-27 12:00:00,56259.21083550347,9748.268273383246,3018.786351114909,43492.15621100532,baseline
2025-01-27 13:00:00,55252.68186414931,11225.966470269095,2842.939105360243,41183.77628851997,baseline
2025-01-27 14:00:00,54855.46147569444,11323.38255533854,2502.094625922309,41029.98429443359,baseline
2025-01-27 15:00:00,54219.44639105903,10711.338000217014,2750.0241349283856,40758.08425591363,baseline
2025-01-27 16:00:00,52723.68887803819,9120.902860514325,2846.913977796766,40755.8720397271,baseline
2025-01-27 17:00:00,52142.56975260417,6251.27194281684,2547.392564832899,43343.90524495443,baseline
2025-01-27 18:00:00,53354.3222265625,1858.821059536404,2304.1146568467884,49191.386510179305,baseline
2025-01-27 19:00:00,54882.11767578125,34.92714202781519,2621.488103841146,52225.702429912286,baseline
2025-01-27 20:00:00,54833.09777777778,0.4341954595843951,3211.9839290364584,51620.67965328174,baseline
2025-01-27 21:00:00,54251.78407552083,0.4864596556292639,4016.7839992947047,50234.5136165705,baseline
2025-01-27 22:00:00,52894.675737847225,0.5310054109162754,4145.754358181423,48748.39037425489,baseline
2025-01-27 23:00:00,51004.833618706594,0.5029604969090885,3865.845497775608,47138.48516043408,baseline
2025-01-28 00:00:00,49531.30830295139,0.515289776192771,3843.707983669705,45687.08502950549,baseline
2025-01-28 01:00:00,47457.934759114585,0.5176738112502628,3291.096510687934,44166.3205746154,baseline
2025-01-28 02:00:00,46875.05352430556,0.5319087755680084,2795.610603841146,44078.91101168884,baseline
2025-01-28 03:00:00,46710.0915625,0.5293902327285872,2326.1426567925346,44383.419515474736,baseline
2025-01-28 04:00:00,46292.78301649306,0.5164212798741129,1514.0635171169704,44778.20307809621,baseline
2025-01-28 05:00:00,46966.30254991319,0.5070458734366629,1050.463153483073,45915.33235055668,baseline
2025-01-28 06:00:00,48736.38446831597,0.501860811346107,891.749124891493,47844.13348261313,baseline
2025-01-28 07:00:00,51968.90549696181,0.5181414381000731,1079.7178564453125,50888.6694990784,baseline
2025-01-28 08:00:00,53090.79821397569,50.12592143277328,1374.9211987304689,51665.75109381245,baseline
2025-01-28 09:00:00,52961.94480685764,1155.1298738945854,1432.5107998318142,50374.30413313124,baseline
2025-01-28 10:00:00,53171.45340494792,3429.8296750217014,1032.7098563639322,48708.91387356229,baseline
2025-01-28 11:00:00,53373.71220703125,5591.831468098958,595.9066787041559,47185.97406022813,baseline
2025-01-28 12:00:00,52768.5052593316,6710.105338541666,374.6562587822808,45683.743662007655,baseline
2025-01-28 13:00:00,52787.09313151042,7661.952974717882,200.30813018798827,44924.83202660455,baseline
2025-01-28 14:00:00,51977.27872178819,7157.699747178819,301.7796103583442,44517.79936425103,baseline
2025-01-28 15:00:00,51659.138155381945,5796.355075412326,408.9806196085612,45453.802460361054,baseline
2025-01-28 16:00:00,50233.71633680556,3663.722442220052,509.4770956081814,46060.51679897732,baseline
2025-01-28 17:00:00,50573.38148220486,1934.473452012804,767.4014739990234,47871.50655619303,baseline
2025-01-28 18:00:00,51402.14295572916,480.940599738227,1398.3138232421877,49522.88853274875,baseline
2025-01-28 19:00:00,52457.21451388889,4.349865669790241,2206.5067389594183,50246.35790925968,baseline
2025-01-28 20:00:00,52417.10042751736,0.3344234594371584,3179.3908072916665,49237.37519676626,baseline
2025-01-28 21:00:00,51798.64095486111,0.4702040275600221,3946.9588953993057,47851.211855434245,baseline
2025-01-28 22:00:00,50891.374754774304,0.5270132432050175,4472.05179578993,46418.79594574117,baseline
2025-01-28 23:00:00,48810.78832248264,0.5180815669314729,4351.5881902398005,44458.6820506759,baseline
2025-01-29 00:00:00,46392.01769748264,0.564417752954695,4495.113330620659,41896.339949109024,baseline
2025-01-29 01:00:00,44385.51028862847,0.5295786683095826,3924.154701199002,40460.82600876116,baseline
2025-01-29 02:00:00,43694.91743489583,0.5464189988043573,3218.36961968316,40476.00139621387,baseline
2025-01-29 03:00:00,43237.35205837674,0.5412199706170294,3018.6647725423177,40218.1460658638,baseline
2025-01-29 04:00:00,43343.66162109375,0.5504606252908707,3475.6312871636283,39867.47987330483,baseline
2025-01-29 05:00:00,44218.031519097225,0.5387109058267541,3891.809426405165,40325.68338178624,baseline
2025-01-29 06:00:00,45870.45066189236,0.5638174041277833,4470.908296440973,41398.978548047264,baseline
2025-01-29 07:00:00,48454.49017469618,0.5592251278956731,4596.99826280382,43856.93268676447,baseline
2025-01-29 08:00:00,49870.34039496528,30.420897799399164,5086.063987630208,44753.85550953567,baseline
2025-01-29 09:00:00,49807.138012152776,624.942049407959,5257.909850802951,43924.28611194187,baseline
2025-01-29 10:00:00,49780.10337239583,1867.547199367947,5566.950242377387,42345.6059306505,baseline
2025-01-29 11:00:00,49949.97879882813,3077.208236694336,6014.093984781901,40858.676577351885,baseline
2025-01-29 12:00:00,50212.28120551216,4273.344475097656,6099.879077826606,39839.05765258789,baseline
2025-01-29 13:00:00,50138.85960069444,5036.952253146701,6008.0655729166665,39093.84177463107,baseline
2025-01-29 14:00:00,50462.58854600695,5266.3587159559465,5883.194087999132,39313.03574205187,baseline
2025-01-29 15:00:00,50371.15653537327,5479.170708550348,6165.3857248263885,38726.60010199653,baseline
2025-01-29 16:00:00,49835.96201280382,4884.371231011285,6777.594249131945,38173.99653266059,baseline
2025-01-29 17:00:00,49498.52230685764,4140.515462239583,7129.998843858507,38228.008000759546,baseline
2025-01-29 18:00:00,50133.98905598959,1802.2085371907551,6992.933465169271,41338.847053629564,baseline
2025-01-29 19:00:00,51110.35387369792,42.321986474096775,6496.867629665799,44571.16425755802,baseline
2025-01-29 20:00:00,50856.98809678819,0.4332905731598536,6347.006367730035,44509.548438485,baseline
2025-01-29 21:00:00,49808.470859375,0.4583976302544276,6755.411042751736,43052.60141899301,baseline
2025-01-29 22:00:00,48655.93787543403,0.4627350203692913,7299.447546386718,41356.02759402694,baseline
2025-01-29 23:00:00,46646.21957790799,0.465325279533863,8008.117768012153,38637.6364846163,baseline
2025-01-30 00:00:00,44398.03771918403,0.4657893392774794,9502.441282552085,34895.130647292666,baseline
2025-01-30 01:00:00,43044.28696614583,0.5196120942632357,11807.547317708331,31236.220036343235,baseline
2025-01-30 02:00:00,42381.26710720486,0.5261387420362896,13235.654205729166,29145.08676273366,baseline
2025-01-30 03:00:00,41186.91092122396,0.5481152562300364,12592.613312717014,28593.74949325071,baseline
2025-01-30 04:00:00,41227.6036187066,0.5447176813085874,12251.449761284724,28975.60913974057,baseline
2025-01-30 05:00:00,41809.59648003472,0.5051867268482844,11884.237662760415,29924.85363054745,baseline
2025-01-30 06:00:00,42932.51162977431,0.5189348478780852,11993.015738932292,30938.976955994134,baseline
2025-01-30 07:00:00,45911.91777560764,0.5530634982138872,12275.496015896268,33635.86869621316,baseline
2025-01-30 08:00:00,47609.98580729167,48.19171373418636,12798.343152669271,34763.450940888215,baseline
2025-01-30 09:00:00,48210.6220811632,3096.449081522624,14052.937919921877,31061.235079718692,baseline
2025-01-30 10:00:00,48382.60114474827,8515.595512695312,12862.418108452692,27004.58752360026,baseline
2025-01-30 11:00:00,48472.54332139757,10412.369127604166,13391.162164713542,24669.012029079862,baseline
2025-01-30 12:00:00,48426.36955837673,11545.703080512152,16403.689383680554,20476.977094184025,baseline
2025-01-30 13:00:00,48715.11700086806,11271.680105523004,19316.62262152778,18126.81427381728,baseline
2025-01-30 14:00:00,49252.80920355903,10792.85462782118,21030.887797309028,17429.066778428823,baseline
2025-01-30 15:00:00,49118.57597113715,10084.32199327257,21569.026484375,17465.22749348958,baseline
2025-01-30 16:00:00,48487.14746744792,8341.758146430122,21330.40982042101,18814.97950059679,baseline
2025-01-30 17:00:00,48043.59514865452,5720.047600368924,21176.407972547742,21147.13957573785,baseline
2025-01-30 18:00:00,48097.59557725694,2189.9476130506728,21583.704058702257,24323.943905504013,baseline
2025-01-30 19:00:00,49171.73965820312,40.8990406620668,21646.31954047309,27484.52107706797,baseline
2025-01-30 20:00:00,49230.37321180556,0.4137698911792702,21305.664405381944,27924.295036532432,baseline
2025-01-30 21:00:00,48816.500340711806,0.6414350644747416,22162.31866753472,26653.54023811261,baseline
2025-01-30 22:00:00,48120.549682074656,0.6969217875930998,22365.81494140625,25754.037818880814,baseline
2025-01-30 23:00:00,46411.14770073785,0.5182506970233387,22205.70091145833,24204.92853858249,baseline
2025-01-31 00:00:00,44121.93018229167,0.5157968731224537,21885.64442545573,22235.769959962818,baseline
2025-01-31 01:00:00,43485.546486545136,0.5227931308746337,21803.54025824653,21681.48343516773,baseline
2025-01-31 02:00:00,43133.66612630209,0.5548067451434003,21403.59822428385,21729.51309527309,baseline
2025-01-31 03:00:00,42705.33057617187,0.4780807787676652,21447.13444607205,21257.71804932105,baseline
2025-01-31 04:00:00,42756.43687934028,0.512312130075362,21668.755583224825,21087.16898398537,baseline
2025-01-31 05:00:00,43731.24397460937,0.5386257734563615,21797.963149414063,21932.742199421853,baseline
2025-01-31 06:00:00,45997.4789453125,0.7111918309993214,21945.9008203125,24050.866933169,baseline
2025-01-31 07:00:00,49887.38547309028,0.6526739654276106,22398.21381076389,27488.51898836096,baseline
2025-01-31 08:00:00,51840.86078342014,567.8379797406991,22968.695291341144,28304.327512338292,baseline
2025-01-31 09:00:00,52573.98541015625,9296.843086751302,22104.107332899304,21173.034990505646,baseline
2025-01-31 10:00:00,53307.82805447048,18273.35317843967,18470.1309358724,16564.34394015842,baseline
2025-01-31 11:00:00,50814.52051757812,17700.987306857638,17319.14719184028,15794.386018880206,baseline
2025-01-31 12:00:00,48899.01978732639,15266.598227539063,17775.94516547309,15856.47639431424,baseline
2025-01-31 13:00:00,47809.226903211806,14418.77477267795,17216.467503797743,16173.984626736114,baseline
2025-01-31 14:00:00,46845.514131944445,14336.885815972222,16042.151356336806,16466.476959635416,baseline
2025-01-31 15:00:00,46183.96037760417,14783.513028971354,14181.764009060327,17218.683339572486,baseline
2025-01-31 16:00:00,46106.683662109375,15143.797360568577,11638.16668701172,19324.71961452908,baseline
2025-01-31 17:00:00,46233.11895833333,13160.571641981336,8288.494345703126,24784.05297064887,baseline
2025-01-31 18:00:00,46695.382400173614,5556.36860168457,4568.009240451389,36571.00455803765,baseline
2025-01-31 19:00:00,47871.37981336805,79.34826014565097,2070.50824991862,45721.52330330378,baseline
2025-01-31 20:00:00,47809.077041015626,0.3049796872999933,1444.5696441311306,46364.20241719719,baseline
2025-01-31 21:00:00,47488.98342230903,0.3694307589199808,1505.8836870659725,45982.73030448414,baseline
2025-01-31 22:00:00,47061.21308702257,0.4580702486303117,1654.8898885091146,45405.86512826482,baseline
2025-01-31 23:00:00,46287.7406108941,0.4859415872891744,2190.2971893988715,44096.95747990794,baseline
2025-02-01 00:00:00,45456.20244574653,0.4698926320423682,3458.420855034722,41997.31169807976,baseline
2025-02-01 01:00:00,44662.96997938368,0.4759253333674537,4706.093046875,39956.40100717531,baseline
2025-02-01 02:00:00,44586.70826388889,0.4792153659794065,5980.801774088542,38605.42727443437,baseline
2025-02-01 03:00:00,44222.07370659722,0.5070679679844114,7455.653062065972,36765.91357656327,baseline
2025-02-01 04:00:00,44686.50680230035,0.5082505058662758,9353.766270887589,35332.232280906894,baseline
2025-02-01 05:00:00,45643.36863823784,0.5072447443339559,10528.359890407986,35114.50150308552,baseline
2025-02-01 06:00:00,47028.27893446181,0.5197874064246814,11102.052820095489,35925.706326959895,baseline
2025-02-01 07:00:00,49029.63706380208,0.5202722826268937,11428.585887586803,37600.53090393265,baseline
2025-02-01 08:00:00,50972.00244791667,933.633840928177,12435.822586805556,37602.54602018293,baseline
2025-02-01 09:00:00,51653.46124131944,11700.4972531467,13916.545697157118,26036.418291015623,baseline
2025-02-01 10:00:00,50179.92786458333,21180.931499565973,12381.197731662329,16617.79863335503,baseline
2025-02-01 11:00:00,48851.804947916666,21897.559941948784,11891.912334255643,15062.33267171224,baseline
2025-02-01 12:00:00,47742.58417534722,19305.40154242621,14122.091853569878,14315.090779351129,baseline
2025-02-01 13:00:00,46536.426041666666,16493.22203559028,15798.268024088542,14244.935981987845,baseline
2025-02-01 14:00:00,46440.76235026042,15527.48419623481,16564.08043701172,14349.197717013893,baseline
2025-02-01 15:00:00,46038.79032009549,14107.604652777778,17411.575693359377,14519.609973958335,baseline
2025-02-01 16:00:00,45823.57814453125,13054.792071668837,18050.57922309028,14718.20684977214,baseline
2025-02-01 17:00:00,45517.69701171875,10764.915553385415,18765.1745703125,15987.606888020831,baseline
2025-02-01 18:00:00,45438.74246853299,4242.250910101997,19423.3341796875,21773.157378743494,baseline
2025-02-01 19:00:00,46327.32643229167,79.27288748410012,21874.21434244792,24373.83920235965,baseline
2025-02-01 20:00:00,46488.51320746528,0.3100238267580668,24506.251783854168,21981.951399784357,baseline
2025-02-01 21:00:00,45804.05188585069,0.4966043217811319,25234.58605685764,20568.96922467127,baseline
2025-02-01 22:00:00,45286.43515516493,0.615801830622885,25465.44760199653,19820.371751337774,baseline
2025-02-01 23:00:00,44471.66924153646,0.5891776576472654,25879.40041612413,18591.67964775468,baseline
2025-02-02 00:00:00,43617.11466905382,0.5876913259095616,26086.65830295139,17529.868674776524,baseline
2025-02-02 01:00:00,42934.36931315104,0.5820168683595127,26198.331796875,16735.455499407683,baseline
2025-02-02 02:00:00,42553.20039713541,0.5719513466291958,25927.18660861545,16625.441837173334,baseline
2025-02-02 03:00:00,42140.950575086805,0.7045947245094512,25930.56003092448,16209.685949437817,baseline
2025-02-02 04:00:00,41788.432102864586,0.685638544427024,25154.187337239586,16633.559127080578,baseline
2025-02-02 05:00:00,41805.67228515625,0.6481501670844025,24481.505745442708,17323.518389546458,baseline
2025-02-02 06:00:00,42842.83580186632,0.591542590757211,23919.52599175347,18922.71826752209,baseline
2025-02-02 07:00:00,43962.08205078125,0.5735952245195707,22345.982059461807,21615.526396094927,baseline
2025-02-02 08:00:00,45333.51245659722,813.7293899534477,20125.20529296875,24394.577773675024,baseline
2025-02-02 09:00:00,47234.81022786458,11088.84551595052,17251.397703993054,18894.567007921007,baseline
2025-02-02 10:00:00,47546.31722873264,21028.54620930989,11247.337392306858,15270.433627115886,baseline
2025-02-02 11:00:00,46111.889645182295,22004.992150065103,9368.182998860677,14738.714496256514,baseline
2025-02-02 12:00:00,44992.58459743924,20982.8671484375,9284.95300672743,14724.764442274303,baseline
2025-02-02 13:00:00,44194.19993489584,20320.1945296224,9032.900309787326,14841.105095486111,baseline
2025-02-02 14:00:00,44730.25810546875,20466.420979817707,9523.274236382378,14740.562889268662,baseline
2025-02-02 15:00:00,45668.8680078125,19456.38883897569,11246.462160915798,14966.017007921011,baseline
2025-02-02 16:00:00,46483.96394965277,17749.750542534723,13400.767803819444,15333.445603298604,baseline
2025-02-02 17:00:00,46879.32111111111,15354.981469184027,15215.34550564236,16308.99413628472,baseline
2025-02-02 18:00:00,46964.38831814236,5437.762198689778,16639.52453233507,24887.10158711751,baseline
2025-02-02 19:00:00,48368.84320746528,95.20057178695996,19150.766423611112,29122.876212067207,baseline
2025-02-02 20:00:00,48610.878567708336,0.4610537867744764,23889.361119791665,24721.056394129897,baseline
2025-02-02 21:00:00,48198.519111328125,0.6042924145029651,26164.072298177085,22033.842520736536,baseline
2025-02-02 22:00:00,46750.63548394097,0.6444724759459496,26251.845475260416,20498.145536204607,baseline
2025-02-02 23:00:00,44711.61131618924,0.6125535283817185,26107.47798394097,18603.52077871988,baseline
2025-02-03 00:00:00,42701.33507486979,0.672603190905518,26284.457999131944,16416.204472546942,baseline
2025-02-03 01:00:00,41646.86656901042,0.658228261437681,26103.91652994792,15542.291810801064,baseline
2025-02-03 02:00:00,40892.59358506944,0.5214830080171426,25402.570998263887,15489.501103797538,baseline
2025-02-03 03:00:00,40081.50717881945,0.563056392206086,24379.86429470486,15701.07982772238,baseline
2025-02-03 04:00:00,39655.01449544271,0.5770531596822871,23799.52886013455,15854.908582148477,baseline
2025-02-03 05:00:00,39836.159937065975,0.5716169376836883,23831.35449869792,16004.233821430376,baseline
2025-02-03 06:00:00,41879.30600260416,0.8179099844561682,24809.88005642361,17068.608036196096,baseline
2025-02-03 07:00:00,44921.39939453125,0.9177995508743656,24953.00316297743,19967.478432002943,baseline
2025-02-03 08:00:00,46381.07391927084,451.9957842309608,23396.844838867182,22532.23329617269,baseline
2025-02-03 09:00:00,47007.53356336806,7520.907713216146,20301.83625868056,19184.78959147136,baseline
2025-02-03 10:00:00,47854.50425564236,15258.257624782986,15400.26693359375,17195.979697265622,baseline
2025-02-03 11:00:00,47777.13076280382,17220.21842936198,11786.524381239147,18770.38795220269,baseline
2025-02-03 12:00:00,48461.78382052951,18288.852908528646,10011.481057400171,20161.44985460069,baseline
2025-02-03 13:00:00,48306.98402777778,18594.751769748265,9303.659657118056,20408.57260091145,baseline
2025-02-03 14:00:00,49368.46221788194,18872.43414496528,8745.864016927084,21750.16405598958,baseline
2025-02-03 15:00:00,50581.43828450521,19337.35805338542,9265.376978081596,21978.703253038195,baseline
2025-02-03 16:00:00,51701.95038845486,19160.933155381943,9176.932960069444,23364.084273003475,baseline
2025-02-03 17:00:00,52154.85676757812,15493.53773328993,9090.29361219618,27571.02542209201,baseline
2025-02-03 18:00:00,52405.950071614585,5034.049257134332,9640.66804470486,37731.23276977539,baseline
2025-02-03 19:00:00,52547.40503146702,80.8619786230723,12055.655707465276,40410.887345378665,baseline
2025-02-03 20:00:00,52303.90775065104,0.3920065690080325,15118.708076171875,37184.807667910165,baseline
2025-02-03 21:00:00,51215.40792534722,0.4292076070110003,17636.47255642361,33578.5061613166,baseline
2025-02-03 22:00:00,49535.56729817709,0.4454281400061316,20383.663720703124,29151.458149333957,baseline
2025-02-03 23:00:00,47239.09261610243,0.5274270168277952,22075.78486111111,25162.78032797449,baseline
2025-02-04 00:00:00,44640.82629340278,0.5845284018913904,22678.877914496527,21961.363850504364,baseline
2025-02-04 01:00:00,43009.107345920136,0.4728960293862554,22877.180021701388,20131.45442818936,baseline
2025-02-04 02:00:00,42304.19127061632,0.4773456346988678,22558.64233452691,19745.07159045471,baseline
2025-02-04 03:00:00,40837.29724934896,0.4877149016658465,21109.08970703125,19727.719827416044,baseline
2025-02-04 04:00:00,40374.01740017361,0.4863320729136467,18705.585481770835,21667.94558632986,baseline
2025-02-04 05:00:00,40485.69052408854,0.4914430696765581,17624.34689670139,22860.85218431747,baseline
2025-02-04 06:00:00,41990.26445203993,0.5072525242302153,16627.466587456598,25362.290612059107,baseline
2025-02-04 07:00:00,44793.12489800347,0.5247248996380303,15769.65797688802,29022.942196215816,baseline
2025-02-04 08:00:00,46349.32266818576,170.90105198654862,14797.898483072917,31380.5231331263,baseline
2025-02-04 09:00:00,46957.34755967882,3973.750914442274,13213.78904405382,29769.807601182725,baseline
2025-02-04 10:00:00,48015.70733832465,8615.280715060764,10974.15377061632,28426.27285264757,baseline
2025-02-04 11:00:00,48568.12256944445,11002.330962999133,9356.05527967665,28209.73632676866,baseline
2025-02-04 12:00:00,49274.029390190975,13177.93688612196,8465.522960883247,27630.569543185768,baseline
2025-02-04 13:00:00,49863.77566948785,14332.03184109158,8021.935491672092,27509.80833672417,baseline
2025-02-04 14:00:00,50658.19370225695,14750.549145236546,7845.848524983724,28061.79603203668,baseline
2025-02-04 15:00:00,52223.70751953125,14554.628894314235,8507.86153998481,29161.217085232205,baseline
2025-02-04 16:00:00,52970.64360677084,13988.310934787329,8759.646064995659,30222.68660698785,baseline
2025-02-04 17:00:00,52717.88264105903,12867.783678656684,9163.896458333333,30686.20250406901,baseline
2025-02-04 18:00:00,51886.98614149306,4732.5159299045135,10357.158951822918,36797.31125976563,baseline
2025-02-04 19:00:00,52001.90842881944,106.23440875144468,11414.364609917537,40481.30941015046,baseline
2025-02-04 20:00:00,51600.53253255208,0.3737325433310535,12488.419266764324,39111.73953324443,baseline
2025-02-04 21:00:00,50101.18517686632,0.4659045993950632,12390.17339952257,37710.54587274436,baseline
2025-02-04 22:00:00,48831.18681206597,0.4403098745147387,11771.117738715278,37059.628763476176,baseline
2025-02-04 23:00:00,46434.55544813368,0.4622384345531463,10896.310073784722,35537.783135914404,baseline
2025-02-05 00:00:00,43881.17044270833,0.4745603840880923,9957.209797092011,33923.48608523223,baseline
2025-02-05 01:00:00,43327.79830512153,0.4863774420155419,10436.182437065972,32891.12949061354,baseline
2025-02-05 02:00:00,41888.07116753472,0.4935303140679995,10790.25244466146,31097.32519255919,baseline
2025-02-05 03:00:00,40861.92026909722,0.4920225783520274,10540.036847873263,30321.39139864561,baseline
2025-02-05 04:00:00,41041.00737196181,0.5044018499718772,10440.74304796007,30599.759922151767,baseline
2025-02-05 05:00:00,42430.914763454864,0.5138209867146281,11453.340338541666,30977.06060392648,baseline
2025-02-05 06:00:00,43171.68672743056,0.5774263920386632,11831.505938585067,31339.603362453447,baseline
2025-02-05 07:00:00,45125.4162890625,0.5766287145349714,11161.929263237847,33962.91039711012,baseline
2025-02-05 08:00:00,46493.08950737847,114.5018418143524,11916.520024956597,34462.06764060752,baseline
2025-02-05 09:00:00,47169.30354166667,2110.043992919922,12754.877086588542,32304.382462158203,baseline
2025-02-05 10:00:00,48709.70190972222,5903.2759914822045,13554.679620225694,29251.746298014325,baseline
2025-02-05 11:00:00,50268.531861979165,9606.644505208333,15494.389946831598,25167.497409939235,baseline
2025-02-05 12:00:00,51303.41741753472,11701.828245442708,17899.22482638889,21702.36434570312,baseline
2025-02-05 13:00:00,52033.37490451389,12344.238629557292,19044.58881076389,20644.547464192707,baseline
2025-02-05 14:00:00,52206.74298177083,12884.33499782986,19039.310093315973,20283.097890625,baseline
2025-02-05 15:00:00,52255.38127821181,12104.56034939236,18903.666726345487,21247.154202473957,baseline
2025-02-05 16:00:00,52692.19837890625,12007.530400390626,18858.065414496527,21826.6025640191,baseline
2025-02-05 17:00:00,52484.13450737847,10445.83214626736,18886.52562282986,23151.776738281245,baseline
2025-02-05 18:00:00,52255.977078993055,4388.173653428819,19347.638203125,28520.16522243924,baseline
2025-02-05 19:00:00,52427.68125108507,109.57439138808184,20383.41732910156,31934.689530595428,baseline
2025-02-05 20:00:00,52344.94814019097,0.4413349506590101,23552.438793402776,28792.06801183754,baseline
2025-02-05 21:00:00,51382.80291883681,0.8071958116359181,25222.161575520837,26159.83414750434,baseline
2025-02-05 22:00:00,50034.32331597222,0.69804410080115,25291.761827256945,24741.863444614475,baseline
2025-02-05 23:00:00,47659.36309027778,0.8261857306294971,24936.763072916667,22721.77383163049,baseline
2025-02-06 00:00:00,45617.10969184028,0.6539103133810891,24273.048018663198,21343.407762863702,baseline
2025-02-06 01:00:00,44066.69749782986,0.5459617840912607,23458.78143880208,20607.37009724369,baseline
2025-02-06 02:00:00,42464.35996744792,0.5167159797416793,22564.497641059028,19899.34561040915,baseline
2025-02-06 03:00:00,41491.136015625,0.5316969015863207,22021.69504557292,19468.909273150497,baseline
2025-02-06 04:00:00,40828.16891493055,0.5424194023675388,21383.32801649305,19444.29847903513,baseline
2025-02-06 05:00:00,40749.66020616319,0.5501016467147404,21014.05451388889,19735.05559062759,baseline
2025-02-06 06:00:00,42113.77307508681,0.5595155956347784,20621.290516493056,21491.923042998114,baseline
2025-02-06 07:00:00,43731.11069878472,0.5592051464650366,18497.170043402777,25233.38145023548,baseline
2025-02-06 08:00:00,44698.583268229166,322.7052728690704,17532.664735243055,26843.21326011704,baseline
2025-02-06 09:00:00,45993.15412109375,5918.330142415364,15611.581412760415,24463.242565917968,baseline
2025-02-06 10:00:00,49355.45412760416,13925.569541015626,12503.629332682292,22926.255253906245,baseline
2025-02-06 11:00:00,49292.87418619792,17102.36533094618,9198.090130750868,22992.418724500865,baseline
2025-02-06 12:00:00,49969.29274305556,17982.112562934028,7489.969245334201,24497.210934787327,baseline
2025-02-06 13:00:00,50794.91026692709,18543.062790798613,6709.5364979383685,25542.310978190108,baseline
2025-02-06 14:00:00,52380.84022135416,18581.134194878472,6174.232058376736,27625.473968098955,baseline
2025-02-06 15:00:00,53658.22905598959,18588.87546875,6219.088690863715,28850.26489637587,baseline
2025-02-06 16:00:00,54614.19606336806,18636.49483344184,6780.0668359375,29197.63439398872,baseline
2025-02-06 17:00:00,54977.42732638889,15693.301559244792,8217.347707248264,31066.778059895834,baseline
2025-02-06 18:00:00,54671.887074652775,5629.257607828776,9983.24673611111,39059.38273071289,baseline
2025-02-06 19:00:00,53663.55140625,139.65713448926806,12678.907178819443,40844.98709294129,baseline
2025-02-06 20:00:00,53266.45348524306,3.049936758048005,15793.982197265625,37469.42135121938,baseline
2025-02-06 21:00:00,52370.260418836806,1.8331734501653247,17403.134659288193,34965.29258609845,baseline
2025-02-06 22:00:00,50831.99051215278,0.4028679052657551,17094.18171657986,33737.405927667656,baseline
2025-02-06 23:00:00,48215.34448784722,0.3987118152777354,15017.956354166668,33196.98942186528,baseline
2025-02-07 00:00:00,45125.63954861112,0.4257003495759434,12258.496117621527,32866.71773064001,baseline
2025-02-07 01:00:00,43332.712102864585,0.4790530610746807,10265.165029296875,33067.06802050663,baseline
2025-02-07 02:00:00,42211.12865451389,0.483912373052703,9698.53964735243,32512.105094788403,baseline
2025-02-07 03:00:00,41598.9040516493,0.4988514764772521,8851.572608506944,32746.832591665883,baseline
2025-02-07 04:00:00,41725.02532986111,0.5091273429989814,8925.382058376736,32799.13414414138,baseline
2025-02-07 05:00:00,41479.90698350695,0.5211355810695224,7824.293972981771,33655.091874944104,baseline
2025-02-07 06:00:00,42885.912194010416,0.5288885158217616,7630.073288438585,35255.31001705601,baseline
2025-02-07 07:00:00,45630.73976128472,0.5139898835619291,7826.217509765625,37804.008261635536,baseline
2025-02-07 08:00:00,46813.48764322917,177.10816744022898,8054.877228190104,38581.50224759883,baseline
2025-02-07 09:00:00,47356.9085546875,3549.223250325521,7673.661387261284,36134.0239171007,baseline
2025-02-07 10:00:00,48558.21808810764,8316.837660047742,7086.031389431424,33155.34903862848,baseline
2025-02-07 11:00:00,49832.9713671875,10513.729019097222,6764.278011610243,32554.96433648004,baseline
2025-02-07 12:00:00,50882.53483181424,12684.193224555122,7261.38318508572,30936.958422173397,baseline
2025-02-07 13:00:00,51615.441907552085,14352.76745279948,8541.314149305555,28721.36030544705,baseline
2025-02-07 14:00:00,52973.24573133681,16042.700652126736,10221.828411458331,26708.716667751734,baseline
2025-02-07 15:00:00,54555.54131835938,16629.45628200955,11984.561026475694,25941.52400987413,baseline
2025-02-07 16:00:00,54358.03906684028,16549.75843967014,14791.354969618056,23016.92565755208,baseline
2025-02-07 17:00:00,54389.71643012153,14419.484973144532,17346.475183376737,22623.756273600266,baseline
2025-02-07 18:00:00,53401.691922743055,5472.141972181532,18139.651929253472,29789.89802130805,baseline
2025-02-07 19:00:00,53087.9305078125,155.38724779400562,19526.50558810764,33406.03767191086,baseline
2025-02-07 20:00:00,52431.511569010414,0.4082744705677033,23630.09245876736,28801.01083577249,baseline
2025-02-07 21:00:00,51271.074205729165,0.5509836280677054,25836.763511284724,25433.75971081637,baseline
2025-02-07 22:00:00,50464.57607638889,0.7389301530188984,26425.97036675347,24037.8667794824,baseline
2025-02-07 23:00:00,49096.183836805554,0.6442449293865098,26549.857350260416,22545.682241615752,baseline
2025-02-08 00:00:00,46970.92619791667,0.8739426413509581,26847.51103732639,20122.54121794893,baseline
2025-02-08 01:00:00,45278.35394965278,0.6560698476102617,26671.074127604166,18606.623752201005,baseline
2025-02-08 02:00:00,44143.78753580729,0.6387646922800276,26520.98961046007,17622.15916065494,baseline
2025-02-08 03:00:00,43166.14822048611,0.5493419020705753,26163.26762586805,17002.331252715983,baseline
2025-02-08 04:00:00,42465.92526801215,0.6362419886721505,25784.69876736111,16680.590258662367,baseline
2025-02-08 05:00:00,41928.026640625,0.5130141866869397,25085.561592881942,16841.95203355637,baseline
2025-02-08 06:00:00,41872.70540364584,0.5171645169787936,24378.257779947915,17493.93045918094,baseline
2025-02-08 07:00:00,42680.1355859375,0.5073772997657457,24126.72912109375,18552.899087543985,baseline
2025-02-08 08:00:00,43424.08011067708,504.14840201659337,23437.88851996528,19482.04318869521,baseline
2025-02-08 09:00:00,45409.65269748264,6366.521558973524,21192.35942274305,17850.771715766063,baseline
2025-02-08 10:00:00,48698.32783854166,13697.531961805556,18435.46910590278,16565.32677083333,baseline
2025-02-08 11:00:00,50646.38158854167,18043.52904622396,17038.652743055554,15564.199799262162,baseline
2025-02-08 12:00:00,51141.03051215278,19468.546829427083,16071.080665147569,15601.403017578124,baseline
2025-02-08 13:00:00,52651.40796440972,19828.13562282986,16278.11820529514,16545.15413628472,baseline
2025-02-08 14:00:00,54381.15578559028,18655.65555772569,17753.85781467014,17971.642413194444,baseline
2025-02-08 15:00:00,55507.5673828125,18478.47768880208,18737.15668185764,18291.93301215277,baseline
2025-02-08 16:00:00,56134.02481336806,18285.657710503478,18674.91265625,19173.45444661459,baseline
2025-02-08 17:00:00,55675.650703125,14745.001842447917,19765.38380208333,21165.26505859375,baseline
2025-02-08 18:00:00,54019.25009114584,5378.089891425238,21711.58248263889,26929.577717081705,baseline
2025-02-08 19:00:00,52560.203016493055,132.33432461546735,21860.218995225696,30567.64969665189,baseline
2025-02-08 20:00:00,51746.75237196181,0.1471685750368568,23037.70797960069,28708.897223786076,baseline
2025-02-08 21:00:00,50482.61150607639,0.3208328007823891,22867.37152560764,27614.91914766797,baseline
2025-02-08 22:00:00,49444.6788921441,0.3776541628357437,20933.856873372395,28510.444364608866,baseline
2025-02-08 23:00:00,47764.79541015625,0.3654971730377939,18558.38382595486,29206.04608702835,baseline
2025-02-09 00:00:00,45419.52211371528,0.3878972549570931,15962.065461154514,29457.068755305805,baseline
2025-02-09 01:00:00,43895.12549913194,0.3999922420912318,14607.508202039931,29287.21730484992,baseline
2025-02-09 02:00:00,42809.51029513889,0.4102359178331163,14880.053779296875,27929.046279924183,baseline
2025-02-09 03:00:00,43076.21090060764,0.4086936774187618,15476.664633246528,27599.13757368369,baseline
2025-02-09 04:00:00,41757.72660373264,0.4171813646952311,15875.788932562937,25881.52048980501,baseline
2025-02-09 05:00:00,41272.87974826389,0.4683511920770009,15763.856870117188,25508.554526954627,baseline
2025-02-09 06:00:00,41256.22511393229,0.4637238190488683,15383.015691460503,25872.74569865274,baseline
2025-02-09 07:00:00,41691.62654513889,0.4680554750644498,14726.817970377604,26964.34051928622,baseline
2025-02-09 08:00:00,42634.60679036458,168.8807369999091,13878.708947753908,28587.017105610765,baseline
2025-02-09 09:00:00,44842.196139322914,3280.812368231879,11832.069519042969,29729.314252048065,baseline
2025-02-09 10:00:00,47403.4133203125,7504.921546495226,11117.492586805556,28780.99918701172,baseline
2025-02-09 11:00:00,48453.58134874132,10251.50269422743,9352.09270968967,28849.985944824217,baseline
2025-02-09 12:00:00,49423.45304036458,11808.628008897567,7472.288035481771,30142.536995985243,baseline
2025-02-09 13:00:00,50392.67252170139,12768.996707899303,6857.533227403429,30766.14258639865,baseline
2025-02-09 14:00:00,51222.58218315972,12863.775495876736,6905.152594943576,31453.65409233941,baseline
2025-02-09 15:00:00,51970.028595920136,12868.385357259114,7373.050846354166,31728.59239230685,baseline
2025-02-09 16:00:00,52353.077105034725,11219.61760986328,7849.682985975477,33283.776509195966,baseline
2025-02-09 17:00:00,52840.991688368056,8828.588547634548,8407.063638780382,35605.33950195312,baseline
2025-02-09 18:00:00,52491.89366970486,3554.001655409071,9181.433073730468,39756.45894056533,baseline
2025-02-09 19:00:00,52076.12449435764,154.46126230981614,9516.616850585937,42405.046381461885,baseline
2025-02-09 20:00:00,51262.28942925347,0.2910408525086111,10002.059901801214,41259.93848659974,baseline
2025-02-09 21:00:00,50780.97943142361,0.3640099246717161,9659.749157443575,41120.86626405537,baseline
2025-02-09 22:00:00,49884.4416015625,0.411227764652835,8709.9346999783,41174.09567381955,baseline
2025-02-09 23:00:00,48495.87723198785,0.4147376525567637,8535.092965494792,39960.3695288405,baseline
2025-02-10 00:00:00,46331.27319661458,0.4319195190734333,8387.776067708333,37943.065209387176,baseline
2025-02-10 01:00:00,44905.98134874132,0.442359178132481,7364.297473958333,37541.24151560485,baseline
2025-02-10 02:00:00,44008.24734700521,0.4357954527934392,7092.960221082899,36914.85133046952,baseline
2025-02-10 03:00:00,43125.205443793406,0.4633378954728444,5976.981005859375,37147.76110003856,baseline
2025-02-10 04:00:00,42854.17458333333,0.452190894914998,5408.899147406684,37444.82324503174,baseline
2025-02-10 05:00:00,43248.79513020833,0.4547992824763059,5033.301621500651,38215.03870942521,baseline
2025-02-10 06:00:00,45100.89566840278,0.4402640241881211,4994.950116238064,40105.50528814053,baseline
2025-02-10 07:00:00,48375.26875434028,0.4527873486859931,5394.160790608724,42980.65517638287,baseline
2025-02-10 08:00:00,50382.42118055555,70.44160239928298,5273.029484049479,45038.95009410679,baseline
2025-02-10 09:00:00,50882.969296875,871.219166531033,4195.639158799913,45816.11097154405,baseline
2025-02-10 10:00:00,51328.36763563368,2330.5664493136937,2874.552340698242,46123.24884562175,baseline
2025-02-10 11:00:00,52142.99585177952,3679.745691257053,2220.3591556803385,46242.89100484213,baseline
2025-02-10 12:00:00,52727.78006510417,4636.234116550022,2170.0896610514324,45921.45628750272,baseline
2025-02-10 13:00:00,53344.58473524306,5808.406877170139,2832.9592252604166,44703.2186328125,baseline
2025-02-10 14:00:00,53224.749765625,5550.968987087674,3779.0096565755207,43894.77112196181,baseline
2025-02-10 15:00:00,53030.80594618055,4264.730949164496,4486.826710611979,44279.24828640408,baseline
2025-02-10 16:00:00,53559.27000434028,2996.067495659722,5418.989697265625,45144.21281141493,baseline
2025-02-10 17:00:00,53567.143654513886,1935.5561097547743,5762.755209418403,45868.83233534071,baseline
2025-02-10 18:00:00,53838.503203125,424.4536834038629,5848.12774359809,47565.92177612305,baseline
2025-02-10 19:00:00,54730.01782552083,8.535035568310155,6092.896997612847,48628.58579233967,baseline
2025-02-10 20:00:00,54646.589262152775,0.4055276972717709,6781.988223741319,47864.19551071418,baseline
2025-02-10 21:00:00,53996.84667100695,0.3907964329918225,7032.828980034722,46963.62689453924,baseline
2025-02-10 22:00:00,52994.60973524306,0.3906750474704636,7847.778949652778,45146.44011054281,baseline
2025-02-10 23:00:00,50530.16282118056,0.4318682454360856,8612.51337890625,41917.21757402887,baseline
2025-02-11 00:00:00,48372.0675390625,0.4263973099324438,7941.673286132813,40429.96785561976,baseline
2025-02-11 01:00:00,46846.046141493054,0.4286049624615245,7859.395065104167,38986.22247142642,baseline
2025-02-11 02:00:00,45795.04802083333,0.4404681229260233,8357.26304578993,37437.34450692048,baseline
2025-02-11 03:00:00,45430.80101996528,0.4440619798170195,7696.430027126736,37733.926930858725,baseline
2025-02-11 04:00:00,45324.34598090278,0.4633252244525485,7934.463303493923,37389.4193521844,baseline
2025-02-11 05:00:00,45650.56745225695,0.4612039488222864,7698.789645724826,37951.3166025833,baseline
2025-02-11 06:00:00,47665.62887586805,0.4654619482490751,7625.447764756945,40039.715649162856,baseline
2025-02-11 07:00:00,50769.020546875,0.4547781781024403,7701.383473849826,43067.18229484707,baseline
2025-02-11 08:00:00,52332.64498697917,80.92782500396173,8316.299896918403,43935.41726505681,baseline
2025-02-11 09:00:00,52999.32338107639,1610.804642232259,8335.661342230902,43052.85739661323,baseline
2025-02-11 10:00:00,53594.42931857639,3820.360744628906,9770.31007703993,40003.758496907554,baseline
2025-02-11 11:00:00,53589.17625434028,5097.11740234375,9048.363861762153,39443.69499023438,baseline
2025-02-11 12:00:00,53575.79986979167,6156.127333984375,8338.46133843316,39081.21119737413,baseline
2025-02-11 13:00:00,54048.69621961805,6808.530817599826,8001.194609917535,39238.97079210069,baseline
2025-02-11 14:00:00,53800.32100477431,6716.122358534071,8154.32572672526,38929.87291951497,baseline
2025-02-11 15:00:00,54128.21323784722,6301.663275824652,8639.222985026041,39187.326976996526,baseline
2025-02-11 16:00:00,53908.83426649305,5087.900724283854,9678.066654730905,39142.866887478296,baseline
2025-02-11 17:00:00,53771.142999131946,3249.7465283203123,10832.810926649305,39688.58554416233,baseline
2025-02-11 18:00:00,54317.68684461805,808.5844739786784,11766.90873046875,41742.19364017063,baseline
2025-02-11 19:00:00,55332.36611002604,31.79510316100385,12426.423449164497,42874.14755770054,baseline
2025-02-11 20:00:00,55344.24532118056,0.5028698863916927,12694.367022569444,42649.37542872472,baseline
2025-02-11 21:00:00,54653.793125,0.565867944392893,13525.308878038197,41127.91837901741,baseline
2025-02-11 22:00:00,53362.48134114583,0.5957110933462779,12817.732905815972,40544.15272423651,baseline
2025-02-11 23:00:00,51169.26365017361,0.5799603971838951,11111.794222005208,40056.88946777122,baseline
2025-02-12 00:00:00,49042.43370876736,0.5290472875038783,8705.028251953125,40336.87640952673,baseline
2025-02-12 01:00:00,47604.77930230035,1.31721226412389,6693.16956366645,40910.292526369776,baseline
2025-02-12 02:00:00,46361.597734375,0.4655499066909154,5559.851107855903,40801.2810766124,baseline
2025-02-12 03:00:00,45863.03108832465,0.4767540270669593,5389.242013346354,40473.31232095123,baseline
2025-02-12 04:00:00,45774.89356987847,0.5024163633750545,4801.474767523871,40972.91638599122,baseline
2025-02-12 05:00:00,46249.73065538194,0.5028038580218951,4491.64654405382,41757.5813074701,baseline
2025-02-12 06:00:00,47727.954585503474,0.493148051334752,4177.984616699218,43549.47682075292,baseline
2025-02-12 07:00:00,50884.09223849826,0.5230740346842342,4460.799279106988,46422.76988535659,baseline
2025-02-12 08:00:00,52280.96960611979,198.252558545404,5142.871935221354,46939.84511235303,baseline
2025-02-12 09:00:00,52822.14607638889,1430.0906773546008,5718.978368055556,45673.07703097873,baseline
2025-02-12 10:00:00,54071.13134548611,3543.7743245442707,6903.800024414062,43623.556996527775,baseline
2025-02-12 11:00:00,54881.85309461805,6008.165112304688,6850.976304796007,42022.71167751736,baseline
2025-02-12 12:00:00,54969.22433051215,8027.976585828993,6880.262971462674,40060.98477322049,baseline
2025-02-12 13:00:00,54747.33015190972,9668.98400499132,7918.176930881076,37160.16921603733,baseline
2025-02-12 14:00:00,54351.46999348958,10650.54079969618,8777.28906656901,34923.6401272244,baseline
2025-02-12 15:00:00,54019.81853298611,9039.823631727431,9514.778782552085,35465.216118706594,baseline
2025-02-12 16:00:00,54627.76672309028,6998.401116672092,11782.864892849391,35846.50071356879,baseline
2025-02-12 17:00:00,56063.79269639757,5144.520898573133,15421.651675347222,35497.620122477216,baseline
2025-02-12 18:00:00,55976.099365234375,1919.7718726264104,16685.074222547744,37371.25327006022,baseline
2025-02-12 19:00:00,57535.46723415799,70.83822507927815,17049.070447591144,40415.55856148756,baseline
2025-02-12 20:00:00,58176.31606987847,0.4222858995033635,16857.41331488715,41318.48046909182,baseline
2025-02-12 21:00:00,58262.231255425344,48.06185045611527,16506.163853081598,41708.00555188763,baseline
2025-02-12 22:00:00,57342.33441297744,63.96614783281253,14714.568661295572,42563.79960384905,baseline
2025-02-12 23:00:00,55837.63582465277,0.4305423903134134,13744.999262152778,42092.20602010968,baseline
2025-02-13 00:00:00,54474.24982747396,0.4387720941917764,14402.919478624131,40070.89157675563,baseline
2025-02-13 01:00:00,53529.86010959202,7.1920564807785885,14843.036881510418,38679.63117160082,baseline
2025-02-13 02:00:00,53475.76832465278,0.419665704311596,16464.815005696615,37010.533653251856,baseline
2025-02-13 03:00:00,53297.33176649306,0.4023841599457793,18578.39945095486,34718.52993137825,baseline
2025-02-13 04:00:00,53750.63236002605,0.3598880798369646,19195.60276312934,34554.669708816866,baseline
2025-02-13 05:00:00,54940.50518229167,0.4012363276547855,18378.890338541667,36561.21360742234,baseline
2025-02-13 06:00:00,57928.51632378472,0.4009669472691086,17058.273004557293,40869.84235228016,baseline
2025-02-13 07:00:00,62399.08334309896,0.4107121166007386,14715.465178222656,47683.2074527597,baseline
2025-02-13 08:00:00,64513.58771809896,531.6210493223534,13955.734378255209,50026.2322905214,baseline
2025-02-13 09:00:00,64766.63477430555,5232.7261477322045,13459.223509114585,46074.685117458765,baseline
2025-02-13 10:00:00,64317.38745659722,10707.774894748263,12016.151713324653,41593.46084852431,baseline
2025-02-13 11:00:00,63737.47249565972,14257.63182047526,9624.339329427085,39855.50134575738,baseline
2025-02-13 12:00:00,61698.819444444445,16444.16906467014,7850.147552625868,37404.50282714843,baseline
2025-02-13 13:00:00,59648.40917100695,17681.770403645834,6785.12038031684,35181.51838704427,baseline
2025-02-13 14:00:00,58036.22578559028,18806.284539930555,6427.237970377604,32802.70327528212,baseline
2025-02-13 15:00:00,56286.62809570313,17032.48005343967,6128.689708658854,33125.458333604605,baseline
2025-02-13 16:00:00,55702.17194552952,12999.98924641927,5585.664973958334,37116.51772515191,baseline
2025-02-13 17:00:00,56480.40909939236,9367.041296929254,5022.17789320204,42091.18990926107,baseline
2025-02-13 18:00:00,57939.383697916666,3321.1915666368272,5094.73594265408,49523.45618862576,baseline
2025-02-13 19:00:00,60139.983980034725,190.39331176056217,5590.154891628689,54359.43577664548,baseline
2025-02-13 20:00:00,60795.46059353299,0.3007777406358056,6473.945454779731,54321.21436101262,baseline
2025-02-13 21:00:00,60524.9780327691,5.208010310878357,7270.47314046224,53249.29688199598,baseline
2025-02-13 22:00:00,59546.05686631944,3.0247228374828894,8712.99408610026,50830.0380573817,baseline
2025-02-13 23:00:00,57602.93869791667,0.3164317725433244,10318.27125,47284.35101614412,baseline
2025-02-14 00:00:00,56117.30641927083,0.3233690241310331,11734.719168836806,44382.2638814099,baseline
2025-02-14 01:00:00,54719.7498296441,0.3246285257157352,13274.86051296658,41444.56468815181,baseline
2025-02-14 02:00:00,53696.21806857639,0.3931498345732689,14189.964388020831,39505.86053072098,baseline
2025-02-14 03:00:00,53269.27608940972,0.4489375188036097,14145.548710123698,39123.27844176722,baseline
2025-02-14 04:00:00,52772.46524739584,0.5024838410814603,14314.302220052085,38457.66054350267,baseline
2025-02-14 05:00:00,53594.51547743056,0.517522239320808,14339.945802951388,39254.05215223985,baseline
2025-02-14 06:00:00,55805.93434027778,0.5151224908894962,14960.037923177084,40845.38129460981,baseline
2025-02-14 07:00:00,59025.67241319444,0.5117723254031605,17195.300324435764,41829.86031643328,baseline
2025-02-14 08:00:00,60315.944036458335,347.3131281122234,18078.77380967882,41889.85709866729,baseline
2025-02-14 09:00:00,59721.167404513886,4851.312608506944,16143.10443250868,38726.75036349826,baseline
2025-02-14 10:00:00,58900.49983506944,10226.89298502604,15600.800067274306,33072.8067827691,baseline
2025-02-14 11:00:00,57968.14494357639,12247.252153862848,16546.498797743057,29174.39399197048,baseline
2025-02-14 12:00:00,56572.81620876736,12262.251412760415,16441.61227186415,27868.9525241428,baseline
2025-02-14 13:00:00,55668.32085503472,12272.664261610244,17390.287177734375,26005.3694156901,baseline
2025-02-14 14:00:00,54799.3376171875,10151.390083550346,18521.438467881944,26126.509065755206,baseline
2025-02-14 15:00:00,54241.05543402778,8044.406047634548,18826.540516493056,27370.108869900178,baseline
2025-02-14 16:00:00,53696.676484375,5672.048187391493,18912.283812934027,29112.34448404948,baseline
2025-02-14 17:00:00,53891.34176540799,4217.623406846788,19313.78833387587,30359.93002468533,baseline
2025-02-14 18:00:00,54319.68767686632,1850.9425489637588,20800.07045138889,31668.674676513678,baseline
2025-02-14 19:00:00,55084.40464192708,97.0414118833012,21984.268976779516,33003.094253264266,baseline
2025-02-14 20:00:00,54908.70177517361,0.898014206306802,22372.098509114585,32535.70525185272,baseline
2025-02-14 21:00:00,54208.34776041667,0.9281793323655924,22616.45808485243,31590.961496231877,baseline
2025-02-14 22:00:00,52977.784142795135,0.8780319891870022,22351.173154296877,30625.732956509077,baseline
2025-02-14 23:00:00,51169.36615342882,0.7109281965924634,22309.041212565106,28859.61401266712,baseline
2025-02-15 00:00:00,49357.27347222222,0.7092565001381768,22204.541822916668,27152.02239280542,baseline
2025-02-15 01:00:00,47930.710438368056,0.6862733687294854,22119.83017578125,25810.193989218074,baseline
2025-02-15 02:00:00,46681.826575520834,0.6742317887809541,22123.5059765625,24557.646367169556,baseline
2025-02-15 03:00:00,46315.79694010417,0.8201651227474213,19949.52527560764,26365.451499373783,baseline
2025-02-15 04:00:00,45847.06689236111,0.7782793784803814,17706.144153645833,28140.1444593368,baseline
2025-02-15 05:00:00,45269.070525173614,0.789334255721834,16627.221647135415,28641.05954378248,baseline
2025-02-15 06:00:00,45787.95232530382,0.8015541029638714,15618.355529513889,30168.795241686967,baseline
2025-02-15 07:00:00,46949.011154513886,0.7524808283646901,15165.870628255208,31782.388045430314,baseline
2025-02-15 08:00:00,47909.813576388886,214.69284004196524,16089.97064046224,31605.15009588468,baseline
2025-02-15 09:00:00,49152.62885850694,4115.375969645183,17199.769971788195,27837.482917073565,baseline
2025-02-15 10:00:00,50079.70961805555,9001.180987413194,16381.198368055557,24697.3302625868,baseline
2025-02-15 11:00:00,50637.03799479167,10507.807464192709,17321.077336154514,22808.153194444443,baseline
2025-02-15 12:00:00,50410.51894097222,9689.656688368055,18686.102699652776,22034.759552951396,baseline
2025-02-15 13:00:00,50121.95630642361,9950.327939453126,20392.715848524305,19778.91251844618,baseline
2025-02-15 14:00:00,50130.570043402775,10126.4396875,22196.05407986111,17808.076276041662,baseline
2025-02-15 15:00:00,49437.906549479165,8897.60499077691,23157.515299479168,17382.78625922309,baseline
2025-02-15 16:00:00,47981.50068684896,8566.949752061631,22057.624757486978,17356.92617730035,baseline
2025-02-15 17:00:00,47318.66986979167,7646.547576497396,21891.44866970486,17780.67362358941,baseline
2025-02-15 18:00:00,47283.95079644097,4348.882690836588,21270.29728732639,21664.770818277997,baseline
2025-02-15 19:00:00,48384.651787109375,302.3783814557393,20508.36056640625,27573.912839247387,baseline
2025-02-15 20:00:00,48972.990927734376,0.5804380905793772,18127.88243652344,30844.52805312036,baseline
2025-02-15 21:00:00,48988.19569986979,0.7338248701559172,18995.70206325955,29991.75981174009,baseline
2025-02-15 22:00:00,48964.3747265625,0.6520642724964354,19004.759578993056,29958.963083296945,baseline
2025-02-15 23:00:00,48362.605711805554,0.66129670533869,18029.15571831597,30332.78869678425,baseline
2025-02-16 00:00:00,47813.39532118056,0.6220552183522119,18915.314715711807,28897.4585502504,baseline
2025-02-16 01:00:00,47525.83674913194,0.6964571360747019,20362.84114583333,27162.29914616254,baseline
2025-02-16 02:00:00,47652.322764756944,0.7426583564943737,23081.3052734375,24570.274832962947,baseline
2025-02-16 03:00:00,47983.752452256944,0.7329629440440072,24124.58600043403,23858.433488878876,baseline
2025-02-16 04:00:00,49026.78136284722,0.7408758296569189,23468.36431640625,25557.67617061132,baseline
2025-02-16 05:00:00,49387.67052517361,0.7426542092031903,23056.093059895837,26330.834811068577,baseline
2025-02-16 06:00:00,51100.66944878472,0.7503720534510082,21685.83486328125,29414.08421345002,baseline
2025-02-16 07:00:00,53410.15362738715,0.9259495998256736,20785.89193847656,32623.335739310765,baseline
2025-02-16 08:00:00,55643.49508246528,1693.114319687949,17644.994914822048,36305.38584795528,baseline
2025-02-16 09:00:00,57152.63111111111,12960.214057617188,15159.594028049043,29032.82302544488,baseline
2025-02-16 10:00:00,57379.12697482639,20450.887710503477,14614.674729817709,22313.564534505203,baseline
2025-02-16 11:00:00,55781.38978298611,22487.03103732639,11750.89230902778,21543.46643663194,baseline
2025-02-16 12:00:00,54076.65702582465,23728.04303982205,8880.758900824652,21467.85508517795,baseline
2025-02-16 13:00:00,52183.68466579861,23832.052994791666,7226.557357855902,21125.074313151043,baseline
2025-02-16 14:00:00,50710.61345052083,23737.530323350693,6243.553807508681,20729.52931966146,baseline
2025-02-16 15:00:00,50051.92791992187,24127.899168836804,5914.213734266493,20009.81501681857,baseline
2025-02-16 16:00:00,49352.943547092014,23212.42163357205,5839.637168646918,20300.88474487305,baseline
2025-02-16 17:00:00,49000.86460394965,20095.655194769966,5607.4893226454,23297.72008653429,baseline
2025-02-16 18:00:00,49865.25852213542,8534.60949693468,5899.9913152398,35430.657709960935,baseline
2025-02-16 19:00:00,52811.17377278646,341.43287556041446,7292.4201696777345,45177.32072754832,baseline
2025-02-16 20:00:00,54337.54880533854,0.1854548307466838,10653.382205403646,43683.98114510415,baseline
2025-02-16 21:00:00,55012.89405924479,0.3020397120134698,13765.811544867622,41246.78047466515,baseline
2025-02-16 22:00:00,54930.4454296875,0.3216374740335676,15077.381293402776,39852.74249881069,baseline
2025-02-16 23:00:00,54161.5775390625,0.3398041495018535,16147.636616753472,38013.60111815952,baseline
2025-02-17 00:00:00,53010.05655164931,0.3428685352040662,17238.551481662325,35771.16220145178,baseline
2025-02-17 01:00:00,52760.093049045136,0.4249854775021474,19249.98044108073,33509.687622486905,baseline
2025-02-17 02:00:00,53354.82958767361,0.4680540941821204,21105.44103515625,32248.920498423176,baseline
2025-02-17 03:00:00,53537.29127712674,0.4529359876281685,22310.879853515624,31225.958487623484,baseline
2025-02-17 04:00:00,53891.66784939236,0.4895750713596741,22597.78419867621,31293.39407564479,baseline
2025-02-17 05:00:00,55132.139645182295,0.4814701549708843,22625.55515299479,32506.103022032534,baseline
2025-02-17 06:00:00,57689.46871961805,0.5494953772756789,22895.321124131944,34793.59810010884,baseline
2025-02-17 07:00:00,61273.23578559028,0.7484928622179561,22826.001575520837,38446.48571720723,baseline
2025-02-17 08:00:00,62929.816171875,1993.642605949508,22557.22871961805,38378.94484630744,baseline
2025-02-17 09:00:00,61699.62798285591,13771.216738823785,19529.641851671007,28398.769392361115,baseline
2025-02-17 10:00:00,59853.6555078125,19872.459442274307,18311.254602864585,21669.94146267361,baseline
2025-02-17 11:00:00,57561.77454427083,19841.45671657986,18093.78744574653,19626.530381944445,baseline
2025-02-17 12:00:00,55319.01201388889,19515.11200954861,17520.00822048611,18283.891783854167,baseline
2025-02-17 13:00:00,53653.838671875,17938.585377604166,17903.279796006944,17811.97349826389,baseline
2025-02-17 14:00:00,52540.332604166666,15744.933604600694,18929.331746961805,17866.067252604167,baseline
2025-02-17 15:00:00,51424.3905859375,14427.741920572917,18944.54274522569,18052.105920138893,baseline
2025-02-17 16:00:00,49271.48198242187,11508.918266059029,19466.17501736111,18296.38869900173,baseline
2025-02-17 17:00:00,49270.15699652778,9890.800859375,20477.473804253477,18901.88233289931,baseline
2025-02-17 18:00:00,50135.14761284722,4912.772273932563,23191.912078993057,22030.4632599216,baseline
2025-02-17 19:00:00,52218.53460720486,252.87692825358772,24293.987800564235,27671.66987838704,baseline
2025-02-17 20:00:00,53518.618040364585,0.5355296295881271,26271.085294596352,27246.997216138643,baseline
2025-02-17 21:00:00,53020.322374131945,0.4068522105117639,26565.83143934462,26454.084082576814,baseline
2025-02-17 22:00:00,51943.480824652775,0.3689712920991911,26356.468536783854,25586.64331657682,baseline
2025-02-17 23:00:00,49747.36864583333,0.2918633712662591,25976.33661838108,23770.74016408099,baseline
2025-02-18 00:00:00,48152.48547200521,0.3124999203408757,25795.59678873698,22356.57618334789,baseline
2025-02-18 01:00:00,46510.45078559028,0.4462921110126707,25314.87820529514,21195.126288184125,baseline
2025-02-18 02:00:00,45648.393501519095,0.4304003086437781,24780.221566297743,20867.741534912708,baseline
2025-02-18 03:00:00,44759.33638454861,0.469267022146119,24597.655601128477,20161.21151639799,baseline
2025-02-18 04:00:00,44180.14707248264,0.5244372009982665,22777.86528483073,21401.75735045091,baseline
2025-02-18 05:00:00,44962.41126302083,0.5114834077490701,21249.23593967014,23712.663839942943,baseline
2025-02-18 06:00:00,47271.31742296007,0.5992853823718097,20966.38998155382,26304.32815602388,baseline
2025-02-18 07:00:00,50644.603585069446,0.4693794689906968,19373.724750434027,31270.409455166428,baseline
2025-02-18 08:00:00,51916.7811328125,239.3501546349128,19631.508287760415,32045.92269041717,baseline
2025-02-18 09:00:00,52335.635771484376,3231.919806382921,19847.197196180558,29256.5187689209,baseline
2025-02-18 10:00:00,52210.035040147566,6753.647998453776,18244.49699435764,27211.89004733615,baseline
2025-02-18 11:00:00,52133.2830219184,7430.928666856554,17205.379410264755,27496.974944797093,baseline
2025-02-18 12:00:00,52243.07260850695,8400.037114257813,17099.558828125,26743.476666124137,baseline
2025-02-18 13:00:00,52814.802354600695,8647.265756022136,17882.159318033853,26285.377280544708,baseline
2025-02-18 14:00:00,54088.14653211806,8346.604761827257,18901.33805121528,26840.203719075525,baseline
2025-02-18 15:00:00,54732.35775607639,7664.942728407118,18790.47515842014,28276.93986924913,baseline
2025-02-18 16:00:00,54571.63547200521,7242.557178955078,19339.185717230903,27989.89257581923,baseline
2025-02-18 17:00:00,56749.284192708335,6351.64361178928,20176.522318250867,30221.118262668188,baseline
2025-02-18 18:00:00,58875.58402235243,3271.5261581759983,20452.33480360243,35151.723060574004,baseline
2025-02-18 19:00:00,61371.7168999566,269.1075371126665,19167.952104492186,41934.65725835174,baseline
2025-02-18 20:00:00,62739.20595486112,0.3082956082125505,18904.001642795138,43834.896016457766,baseline
2025-02-18 21:00:00,63495.61127929688,0.2792002183447281,19328.298089192707,44167.03398988582,baseline
2025-02-18 22:00:00,63383.60710503472,0.4143364366226726,19559.53856770833,43823.65420088977,baseline
2025-02-18 23:00:00,62575.3637890625,0.3939639950460857,18785.196924913194,43789.77290015426,baseline
2025-02-19 00:00:00,62129.42312282986,0.4339639062765572,18352.02920464409,43776.95995427949,baseline
2025-02-19 01:00:00,61996.526779513886,0.413252613445123,19381.294856770837,42614.81867012961,baseline
2025-02-19 02:00:00,62634.08379014757,0.3946180375417074,21257.60848524305,41376.080686866975,baseline
2025-02-19 03:00:00,63567.54199978299,0.3935321688817607,22438.32087293837,41128.827594675735,baseline
2025-02-19 04:00:00,63797.25436197917,0.3630031414826711,21976.84450954861,41820.04684928908,baseline
2025-02-19 05:00:00,65274.14320529514,0.370408849881755,21613.00375434028,43660.76904210498,baseline
2025-02-19 06:00:00,67772.85337456597,0.3902656498551369,21124.11817437066,46648.34493454546,baseline
2025-02-19 07:00:00,71913.53064236112,0.4213554414775636,20299.53925564236,51613.57003127728,baseline
2025-02-19 08:00:00,74309.18779730903,214.31318772521283,19021.70738715278,55073.16722243104,baseline
2025-02-19 09:00:00,75413.3954405382,2391.207732679579,18385.680513780386,54636.50719407824,baseline
2025-02-19 10:00:00,76589.70869791666,5619.099758707683,18265.21169325087,52705.39724595811,baseline
2025-02-19 11:00:00,78140.46212239584,8250.961704915364,17511.77824815538,52377.72216932509,baseline
2025-02-19 12:00:00,78717.45966579861,10286.28330295139,17805.713873697918,50625.4624891493,baseline
2025-02-19 13:00:00,77835.78326822916,11852.881896701389,17851.62077907986,48131.28059244791,baseline
2025-02-19 14:00:00,76806.5798654514,12824.167014973958,17281.39734592014,46701.01550455729,baseline
2025-02-19 15:00:00,76033.44884331597,13250.072740342885,16381.170816514756,46402.20528645833,baseline
2025-02-19 16:00:00,74617.32752170139,12893.189053819444,15023.811643880208,46700.326824001735,baseline
2025-02-19 17:00:00,74022.09784288195,11131.047731119792,13756.021475694444,49135.02863606771,baseline
2025-02-19 18:00:00,74576.17391927083,5592.337834879558,13016.69212673611,55967.14395765517,baseline
2025-02-19 19:00:00,75532.85124565972,366.70272982277805,12247.484738226996,62918.66377760995,baseline
2025-02-19 20:00:00,76575.51276909723,0.362349855668015,11644.782164442277,64930.36825479929,baseline
2025-02-19 21:00:00,76411.66756944444,0.2499698739912774,10897.502377387153,65513.9152221833,baseline
2025-02-19 22:00:00,75533.7919314236,0.2749858188339406,9855.067733018665,65678.44921258611,baseline
2025-02-19 23:00:00,74761.98671875,0.2752152523067262,9850.82078125,64910.8907222477,baseline
2025-02-20 00:00:00,73514.11830295139,0.2363160708712207,10104.01921875,63409.86276813052,baseline
2025-02-20 01:00:00,72949.25143663194,0.2954691397647063,9887.989416232638,63060.96655125954,baseline
2025-02-20 02:00:00,72406.85895399305,0.3673650017463498,9639.287690429688,62767.20389856162,baseline
2025-02-20 03:00:00,72302.78296875,0.4421502498454517,10068.102434895833,62234.23838360433,baseline
2025-02-20 04:00:00,72728.40760850694,0.51004766828484,10605.469440104169,62122.42812073449,baseline
2025-02-20 05:00:00,74056.88350260416,0.5787287624677022,10999.850784505208,63056.453989336485,baseline
2025-02-20 06:00:00,75708.88405381945,0.5532184247838127,10819.886157769097,64888.444677625565,baseline
2025-02-20 07:00:00,78921.933359375,1.1749486964941025,9991.35095811632,68929.40745256218,baseline
2025-02-20 08:00:00,80376.47003038194,1577.72239771737,9396.84162434896,69401.90600831561,baseline
2025-02-20 09:00:00,79388.78842447916,10149.213559570311,9131.949914279514,60107.62495062934,baseline
2025-02-20 10:00:00,77427.50961371527,16548.556863064237,8045.884454752604,52833.06829589843,baseline
2025-02-20 11:00:00,75650.86638020833,19889.99734592014,6916.167105577257,48844.701928710936,baseline
2025-02-20 12:00:00,73775.53024305556,21826.332625868057,5520.329596354167,46428.86802083334,baseline
2025-02-20 13:00:00,71398.98135199652,22654.456890190973,4831.160551757813,43913.36391004774,baseline
2025-02-20 14:00:00,68497.33086154514,22675.84831542969,4699.083284776476,41122.39926133897,baseline
2025-02-20 15:00:00,65720.57244140626,21825.62978298611,4637.911746961806,39257.030911458336,baseline
2025-02-20 16:00:00,64255.04980577257,20903.011043836806,4501.089296332465,38850.9494656033,baseline
2025-02-20 17:00:00,64261.74283637153,17526.196507161458,4649.669695095487,42085.87663411458,baseline
2025-02-20 18:00:00,66075.793359375,7287.325155978732,5447.0877094184025,53341.38049397787,baseline
2025-02-20 19:00:00,69242.67,424.32719089554416,6381.6938259548615,62436.64898314959,baseline
2025-02-20 20:00:00,70695.38535807292,0.3092112860911422,6640.109850802952,64054.96629598388,baseline
2025-02-20 21:00:00,70799.25743706597,0.2531365723080105,7137.4689935980905,63661.53530689557,baseline
2025-02-20 22:00:00,69866.07079861111,0.2443929193086094,7598.808392469618,62267.01801322218,baseline
2025-02-20 23:00:00,68423.04392361111,0.2723983544939094,7778.740464952257,60644.03106030436,baseline
2025-02-21 00:00:00,66935.29183159722,0.3065836610893408,7341.011215277777,59593.97403265836,baseline
2025-02-21 01:00:00,66291.79692274306,0.4330948256121741,6677.499042426215,59613.864785491234,baseline
2025-02-21 02:00:00,65606.10192165799,0.4512225174572732,7216.88010687934,58388.77059226119,baseline
2025-02-21 03:00:00,65323.731282552086,0.4647443593210644,7469.737208116319,57853.529330076446,baseline
2025-02-21 04:00:00,65396.07525607639,0.4603020327289899,7649.763836805556,57745.8511172381,baseline
2025-02-21 05:00:00,66171.99093098959,0.4718028238746855,8208.788171657987,57962.73095650773,baseline
2025-02-21 06:00:00,68086.31006510416,0.5168163182669215,8240.165745307075,59845.62750347882,baseline
2025-02-21 07:00:00,71422.13679253473,0.905090401603116,8005.654192437066,63415.57750969606,baseline
2025-02-21 08:00:00,72663.62282118056,517.0641620206833,7400.891032986111,64745.66762617376,baseline
2025-02-21 09:00:00,72213.76427517361,4084.461019829644,6767.677939453125,61361.62531589085,baseline
2025-02-21 10:00:00,72260.939921875,8030.915789388021,6227.843201497396,58002.18093098959,baseline
2025-02-21 11:00:00,71919.98295572917,10535.680314127603,5686.821822374132,55697.48081922743,baseline
2025-02-21 12:00:00,71060.08394965278,13022.259092881945,5162.325490180122,52875.49936659071,baseline
2025-02-21 13:00:00,70040.37339626736,13782.859310980904,4826.119976128472,51431.39410915798,baseline
2025-02-21 14:00:00,69183.69262152778,14139.473345269098,4695.999446072048,50348.21983018663,baseline
2025-02-21 15:00:00,68302.2719921875,12706.05574001736,4559.203967556424,51037.01228461371,baseline
2025-02-21 16:00:00,67329.76572916667,11062.497866753472,4496.020470377604,51771.24739203559,baseline
2025-02-21 17:00:00,66824.12292100694,8556.47375705295,4514.001610243055,53753.647553710936,baseline
2025-02-21 18:00:00,67481.80631293403,4051.523792385525,4721.052032741971,58709.23048780653,baseline
2025-02-21 19:00:00,68109.81921006944,266.6453469973637,5718.991455349393,62124.182407722685,baseline
2025-02-21 20:00:00,68680.61065972222,0.4305238664895296,7615.453851047092,61064.72628480864,baseline
2025-02-21 21:00:00,68394.90087673611,0.404480373263359,8823.805711805555,59570.69068455729,baseline
2025-02-21 22:00:00,67318.65329427083,0.4309584827224413,9449.186744791668,57869.03559099644,baseline
2025-02-21 23:00:00,65619.36701497396,0.4399838845597373,9579.52951171875,56039.39751937065,baseline
2025-02-22 00:00:00,64249.3850499132,0.4336864009168413,9698.288046875,54550.66331663728,baseline
2025-02-22 01:00:00,63030.90290364583,0.4312269437975353,10068.472575954862,52961.99910074717,baseline
2025-02-22 02:00:00,62568.21805121528,0.4503040822678142,10594.729075520834,51973.03867161217,baseline
2025-02-22 03:00:00,61860.56793619792,0.448747234708733,10748.312522786458,51111.80666617675,baseline
2025-02-22 04:00:00,61173.96311414931,0.5005326512124804,10170.726334635418,51002.73624686268,baseline
2025-02-22 05:00:00,61544.55156684028,0.5660336438152526,9310.480909016927,52233.504624179535,baseline
2025-02-22 06:00:00,62623.74873263889,0.5904651925298903,8692.486920572917,53930.67134687344,baseline
2025-02-22 07:00:00,64570.47857204861,1.5163857443465127,7858.862190212673,56710.0999960916,baseline
2025-02-22 08:00:00,66179.09191623263,886.7491508271959,7195.404253472222,58096.938511933215,baseline
2025-02-22 09:00:00,66832.55140625,8305.824019639756,6517.934465060764,52008.79292154948,baseline
2025-02-22 10:00:00,66137.85871961806,14711.792147352431,5127.840905490451,46298.22566677518,baseline
2025-02-22 11:00:00,64784.25112304687,16427.1270703125,4663.95863389757,43693.165418836805,baseline
2025-02-22 12:00:00,63186.14463541667,16849.42461317274,4180.548027615017,42156.17199462891,baseline
2025-02-22 13:00:00,61403.16860351562,16260.183611111112,3859.74583577474,41283.239156629774,baseline
2025-02-22 14:00:00,59256.59538845486,15677.339010416666,3646.6034765625,39932.652901475696,baseline
2025-02-22 15:00:00,58487.718736979165,15260.093830295138,3275.514073621962,39952.11083306206,baseline
2025-02-22 16:00:00,56967.87722873264,14355.176441786023,2867.7997732883027,39744.90101365831,baseline
2025-02-22 17:00:00,56206.658990885415,12050.309330512153,2878.5932514105903,41277.75640896267,baseline
2025-02-22 18:00:00,56781.3866015625,5446.761050075955,3089.845355360243,48244.7801961263,baseline
2025-02-22 19:00:00,57919.53695095486,306.489050312125,3914.806713867188,53698.24118677555,baseline
2025-02-22 20:00:00,58592.42028428819,0.2860736368265417,5719.904591471354,52872.22961918001,baseline
2025-02-22 21:00:00,58341.71546223958,0.2928597715993722,7040.063712022569,51301.358890445415,baseline
2025-02-22 22:00:00,57592.59016059028,0.2759743661185105,7497.076844075521,50095.23734214864,baseline
2025-02-22 23:00:00,56141.27002604167,0.2603596697085433,7928.061678059896,48212.94798831207,baseline
2025-02-23 00:00:00,54977.01349826389,0.3421454435918066,8698.971000434029,46277.70035238627,baseline
2025-02-23 01:00:00,53846.38118489584,0.3859497761064105,10182.477043185763,43663.51819193397,baseline
2025-02-23 02:00:00,53799.10080078125,0.426963049074014,11098.429742838542,42700.24409489364,baseline
2025-02-23 03:00:00,53046.89865885417,0.4539073630505138,11219.041351996528,41827.403399494586,baseline
2025-02-23 04:00:00,52635.61001953125,0.4556191106968456,11179.072470703126,41456.081929717424,baseline
2025-02-23 05:00:00,51582.11059027778,0.447308829360538,9885.64064344618,41696.02263800224,baseline
2025-02-23 06:00:00,52148.97195095486,0.4498246838317977,9267.913037109374,42880.609089161655,baseline
2025-02-23 07:00:00,53171.90060655382,0.4711693869696723,7925.692936740452,45245.7365004264,baseline
2025-02-23 08:00:00,54333.617960069445,764.3307844405373,7010.329304741754,46558.95787088716,baseline
2025-02-23 09:00:00,55243.14314670139,7103.640642089844,5928.910764431424,42210.59174018013,baseline
2025-02-23 10:00:00,54952.41652994792,12110.54621419271,3216.438509657118,39625.43180609809,baseline
2025-02-23 11:00:00,53778.2554014757,16307.45626953125,2486.994107530382,34983.80502441406,baseline
2025-02-23 12:00:00,52368.46635633681,20378.868743489584,2615.795120171441,29373.802492675783,baseline
2025-02-23 13:00:00,50839.61759440104,21544.833671875,2572.858150024414,26721.925772501625,baseline
2025-02-23 14:00:00,49280.05345703125,21124.64216579861,2187.970766330295,25967.440524902348,baseline
2025-02-23 15:00:00,49233.09303602431,20523.321987847223,2126.460844590929,26583.31020358616,baseline
2025-02-23 16:00:00,48544.63741102431,20065.548812934027,2112.788203396268,26366.30039469401,baseline
2025-02-23 17:00:00,47186.05570203993,18598.452918836807,2350.601589898004,26237.00119330512,baseline
2025-02-23 18:00:00,47888.646648220485,9324.711518012153,2388.520386827257,36175.41474338107,baseline
2025-02-23 19:00:00,49597.47197265625,607.756890960435,2048.490673421224,46941.22440827459,baseline
2025-02-23 20:00:00,50456.20299696181,0.3619803734123706,2671.9649755859373,47783.87604100246,baseline
2025-02-23 21:00:00,50673.76569878472,0.4272753155562612,3223.26602593316,47450.07239753601,baseline
2025-02-23 22:00:00,50230.07706597223,0.4055633777379989,3930.124796481663,46299.54670611282,baseline
2025-02-23 23:00:00,48657.31490017361,0.4080583502186669,4883.293819444444,43773.613022378944,baseline
2025-02-24 00:00:00,46918.80229166667,0.4268415109316508,5569.376140407986,41348.99930974775,baseline
2025-02-24 01:00:00,46090.18865885417,0.4627330884585778,6278.89975897895,39810.82616678676,baseline
2025-02-24 02:00:00,46115.142942708335,0.5137641982568635,7658.656344401042,38455.97283410904,baseline
2025-02-24 03:00:00,46984.76054470486,0.5555931081705623,8787.124089626735,38197.08086196995,baseline
2025-02-24 04:00:00,47363.72334852431,0.5924539387226104,9468.43636935764,37894.69452522794,baseline
2025-02-24 05:00:00,48595.80952148438,0.6530899504158232,10050.861695963542,38544.29473557042,baseline
2025-02-24 06:00:00,51068.38177734375,0.6147977197170258,9684.11751953125,41383.64946009278,baseline
2025-02-24 07:00:00,54611.586869574654,0.7531878558463521,8274.402924804688,46336.43075691413,baseline
2025-02-24 08:00:00,55763.74794270833,1296.2687524755795,7587.924558919271,46879.55463131349,baseline
2025-02-24 09:00:00,55555.080842013886,10094.447485894098,6313.562598334418,39147.07075778537,baseline
2025-02-24 10:00:00,53103.61055447048,16013.296223687066,3919.8945001220704,33170.41983066135,baseline
2025-02-24 11:00:00,51330.589895833335,18704.881694878477,3116.433735894097,29509.274465060764,baseline
2025-02-24 12:00:00,49922.53488498264,22413.360060763887,4619.893256022136,22889.281568196617,baseline
2025-02-24 13:00:00,49324.23485243056,24181.02231119792,6254.240424262152,18888.972116970486,baseline
2025-02-24 14:00:00,48499.44259982639,23890.247065972224,6365.949312065973,18243.246221788195,baseline
2025-02-24 15:00:00,47471.64822916667,22709.97658637153,6825.566822374132,17936.10482042101,baseline
2025-02-24 16:00:00,46731.44907877605,21581.88488064236,6833.51408311632,18316.05011501737,baseline
2025-02-24 17:00:00,46846.14200737848,20258.905454644097,6607.030703531901,19980.20584920248,baseline
2025-02-24 18:00:00,47351.59141276042,10919.290305447048,6212.029245334202,30220.27186197917,baseline
2025-02-24 19:00:00,48612.65960286458,683.4763964920573,6130.941084526909,41798.242121845615,baseline
2025-02-24 20:00:00,49510.96176215278,0.2811563088827663,9345.377386067708,40165.303219776186,baseline
2025-02-24 21:00:00,49424.15196180555,0.2691226853926976,13512.915422092014,35910.96741702815,baseline
2025-02-24 22:00:00,47896.42576605903,0.2750823898282316,16168.261263020831,31727.889420648367,baseline
2025-02-24 23:00:00,46197.99303819444,0.2849778215587139,16923.300047743054,29274.40801262983,baseline
2025-02-25 00:00:00,44409.24460720486,0.4026435432831446,16701.842940538194,27706.999023123382,baseline
2025-02-25 01:00:00,43268.19176540799,0.5256349534127447,15277.056360677085,27990.609769777493,baseline
2025-02-25 02:00:00,41731.95506944445,0.5531378991074032,13417.073609754774,28314.328321790566,baseline
2025-02-25 03:00:00,40941.19758680555,0.5705065711339314,12215.012957899306,28725.614122335115,baseline
2025-02-25 04:00:00,41210.42142361112,0.5857073206206163,11185.577171495226,30024.258544795262,baseline
2025-02-25 05:00:00,42293.98859917535,0.563621789879269,9565.44273220486,32727.982245180607,baseline
2025-02-25 06:00:00,44945.28958984375,0.6085689964228206,8086.884348958333,36857.796671889,baseline
2025-02-25 07:00:00,48849.30762261285,2.202846273026533,7557.771003146701,41289.33377319312,baseline
2025-02-25 08:00:00,49844.89790798611,2134.0210784488254,7074.546956922743,40636.329872614544,baseline
2025-02-25 09:00:00,49566.55446506076,13117.024462890626,5613.579184027778,30835.95081814236,baseline
2025-02-25 10:00:00,48591.87384114583,20371.32559895833,3478.703468967014,24741.844773220484,baseline
2025-02-25 11:00:00,47882.69502387153,22815.12498046875,4371.900008138021,20695.67003526476,baseline
2025-02-25 12:00:00,47060.05097113716,22928.692125651043,5316.895799560547,18814.463045925564,baseline
2025-02-25 13:00:00,46644.82562825521,22884.153328993056,5289.165023328993,18471.50727593316,baseline
2025-02-25 14:00:00,47171.39663628472,22799.119403211807,6042.257052951389,18330.020180121523,baseline
2025-02-25 15:00:00,47854.9653125,22691.32067274305,7130.279134657118,18033.365505099824,baseline
2025-02-25 16:00:00,48785.52945095486,22114.77289713541,8640.87789984809,18029.878653971355,baseline
2025-02-25 17:00:00,48534.99101128472,19492.92841579861,10012.994079861111,19029.068515625,baseline
2025-02-25 18:00:00,48708.53593098959,10201.47673828125,11876.421572265624,26630.637620442714,baseline
2025-02-25 19:00:00,49538.48993923611,691.1482432982325,12709.0016929796,36138.34000295828,baseline
2025-02-25 20:00:00,49723.90430121528,0.1797093717091613,15866.711061197915,33857.01353064565,baseline
2025-02-25 21:00:00,48785.18294704861,0.3568103585971726,18967.952259114583,29816.873877575432,baseline
2025-02-25 22:00:00,47640.92938368056,0.5614349627825949,21567.81396592882,26072.553982788955,baseline
2025-02-25 23:00:00,45482.54810221354,0.5832243156101968,23395.74536838108,22086.219509516854,baseline
2025-02-26 00:00:00,43086.3370171441,0.74577873463432,23961.15205674913,19124.43918166033,baseline
2025-02-26 01:00:00,41900.852456597226,0.7600592354602284,23922.29550347222,17977.796893889543,baseline
2025-02-26 02:00:00,41443.10352864584,0.6807356900639004,24219.57890842014,17222.843884535632,baseline
2025-02-26 03:00:00,40658.94559244792,0.7544278558260865,24057.9417719184,16600.24939267369,baseline
2025-02-26 04:00:00,40195.19321180556,0.8260690750016106,24120.51177951389,16073.855363216662,baseline
2025-02-26 05:00:00,40217.25944769965,0.864069284449021,23597.39163248698,16619.003745928225,baseline
2025-02-26 06:00:00,42117.55891493055,0.835962833960851,23303.01266710069,18813.710284995897,baseline
2025-02-26 07:00:00,45333.00253580729,4.543993408564064,22407.90441786024,22920.554124538485,baseline
2025-02-26 08:00:00,46267.9353125,2012.9951024670072,20797.697643229167,23457.242566803823,baseline
2025-02-26 09:00:00,47199.3874609375,11636.962400444878,17661.872797851564,17900.552262641057,baseline
2025-02-26 10:00:00,48210.49216579861,16353.8287109375,15966.211784667968,15890.451670193142,baseline
2025-02-26 11:00:00,47726.9565733507,15564.98826985677,16420.38274875217,15741.585554741756,baseline
2025-02-26 12:00:00,47351.886067708336,15079.41078016493,16554.404945746526,15718.07034179688,baseline
2025-02-26 13:00:00,47254.804378255205,14725.910627983942,16764.57166937934,15764.32208089192,baseline
2025-02-26 14:00:00,48783.5725390625,15997.870269097222,16903.72001464844,15881.98225531684,baseline
2025-02-26 15:00:00,49384.87710394965,16358.198627387152,17170.516843532987,15856.161633029507,baseline
2025-02-26 16:00:00,50046.8923969184,16241.053902452257,17880.005259331596,15925.833235134553,baseline
2025-02-26 17:00:00,50882.16313042535,14279.51960313585,19761.252355685763,16841.391171603733,baseline
2025-02-26 18:00:00,51034.52850477431,6363.380706651476,22532.117237413197,22139.03056070964,baseline
2025-02-26 19:00:00,50778.32476453993,326.72061463541456,24617.536759440103,25834.067390464414,baseline
2025-02-26 20:00:00,50751.9884765625,1.537726418044832,25253.823410373265,25496.627339771192,baseline
2025-02-26 21:00:00,49876.10325954861,1.6878410556581285,25593.654635416668,24280.760783076286,baseline
2025-02-26 22:00:00,48586.72865125868,1.700236121945911,25546.65794921875,23038.370465917986,baseline
2025-02-26 23:00:00,46018.13011610243,1.0738952960239516,24272.396622178818,21744.65959862759,baseline
2025-02-27 00:00:00,43684.64962999132,0.8109806876712375,24163.63556640625,19520.2030828974,baseline
2025-02-27 01:00:00,42419.0776171875,0.7249077887005276,23694.940772569444,18723.411936829358,baseline
2025-02-27 02:00:00,40970.46652994792,0.6922470698919562,23147.67287272136,17822.10141015667,baseline
2025-02-27 03:00:00,39685.73588867187,0.5173347811318106,21886.16977864583,17799.048775244908,baseline
2025-02-27 04:00:00,39481.02826280382,0.5793378966384464,19839.66588378906,19640.78304111812,baseline
2025-02-27 05:00:00,39879.16880967882,0.5522892765535249,18674.227093641493,21204.38942676077,baseline
2025-02-27 06:00:00,41469.113805338544,0.5746876925561163,17980.71776421441,23487.82135343158,baseline
2025-02-27 07:00:00,44771.37477756076,1.5356071990066105,17629.32131293403,27140.517857427727,baseline
2025-02-27 08:00:00,46320.20806966146,1202.8620247130923,17389.79711642795,27727.548928520413,baseline
2025-02-27 09:00:00,46990.829233940975,7458.397811143664,13421.663585069444,26110.767837727868,baseline
2025-02-27 10:00:00,47443.57245117187,12969.53233940972,11043.20953233507,23430.83057942708,baseline
2025-02-27 11:00:00,48312.972003038194,15604.21551079644,13511.087646755645,19197.66884548611,baseline
2025-02-27 12:00:00,48979.32499240452,16882.51138590495,15126.112914496529,16970.70069200304,baseline
2025-02-27 13:00:00,48057.88940429688,18813.02602701823,12535.553381076388,16709.309996202257,baseline
2025-02-27 14:00:00,46849.7412109375,19636.184127604167,9625.611154513888,17587.945928819445,baseline
2025-02-27 15:00:00,46931.02311740451,20114.25138888889,7116.847729492188,19699.923999023435,baseline
2025-02-27 16:00:00,46941.99996853299,20736.771399739584,5908.267508680556,20296.96106011285,baseline
2025-02-27 17:00:00,47434.76990234375,18249.34854654948,5184.136924641927,24001.284431152348,baseline
2025-02-27 18:00:00,47545.186310763886,9061.03126763238,3952.170022515191,34531.98502061632,baseline
2025-02-27 19:00:00,48030.035834418406,689.8084996831583,2942.9538431125216,44397.27349162273,baseline
2025-02-27 20:00:00,48019.26442274306,0.3154480895565615,2785.4894249131944,45233.45954974031,baseline
2025-02-27 21:00:00,47639.06068576389,0.3953047503034274,2952.3524012586804,44686.31297975491,baseline
2025-02-27 22:00:00,46744.87211805556,0.5082406448986795,3320.8226402452256,43423.54123716543,baseline
2025-02-27 23:00:00,45186.60154405382,0.5731988268925085,3872.8179754638672,41313.21036976306,baseline
2025-02-28 00:00:00,43159.17837673611,0.6107797744207912,4547.506838650173,38611.06075831152,baseline
2025-02-28 01:00:00,42454.21189236111,0.6460068240596188,5543.834199083116,36909.73168645394,baseline
2025-02-28 02:00:00,41687.46558810764,0.6365844268931283,6453.133575846354,35233.69542783439,baseline
2025-02-28 03:00:00,41633.46465277778,0.6597628266943826,7648.290993652344,33984.51389629874,baseline
2025-02-28 04:00:00,41904.25386501736,0.6494662139481968,8417.174608018664,33486.42979078475,baseline
2025-02-28 05:00:00,42382.77124891493,0.671702724976672,8751.848418240017,33630.25112794993,baseline
2025-02-28 06:00:00,44909.358810763886,0.6836324558655421,8585.217722439236,36323.45745586878,baseline
2025-02-28 07:00:00,48488.81811740452,6.722500356766913,8697.303921169705,39784.79169587804,baseline
2025-02-28 08:00:00,49787.57976128472,3444.458527815077,9141.633955349393,37201.48727812026,baseline
2025-02-28 09:00:00,49216.63769422743,16286.855554470489,8392.915264756944,24536.866875,baseline
2025-02-28 10:00:00,48016.2241655816,22796.774279513887,5893.87532430013,19325.57456176758,baseline
2025-02-28 11:00:00,48190.64741970486,23018.22074435764,7566.157520073784,17606.26915527344,baseline
2025-02-28 12:00:00,49059.69197482639,23614.515234375,8137.33984375,17307.83689670139,baseline
2025-02-28 13:00:00,48343.205458984376,23758.64200954861,7703.132385525174,16881.43106391059,baseline
2025-02-28 14:00:00,47732.53393012153,23469.06194498698,7435.046189643012,16828.425795491534,baseline
2025-02-28 15:00:00,47442.94407877604,24107.582157118057,6409.513776719835,16925.848144938147,baseline
2025-02-28 16:00:00,47702.895639105904,23670.732931315106,5070.613898247613,18961.548809543187,baseline
2025-02-28 17:00:00,48411.36465169271,21078.93005208333,4000.0069060601127,23332.427693549263,baseline
2025-02-28 18:00:00,47919.41060546875,10249.824431152343,3710.8024544270834,33958.783719889325,baseline
2025-02-28 19:00:00,47604.36473090278,719.6453652932743,3504.529391479492,43380.189974130015,baseline
2025-02-28 20:00:00,47515.31813259549,0.2300255441914002,4354.263727484809,43160.82437956649,baseline
2025-02-28 21:00:00,47001.7867578125,0.3686995747354295,6562.367866753472,40439.05019148429,baseline
2025-02-28 22:00:00,46540.24923068576,0.4554470459123452,9607.237652452255,36932.55613118759,baseline
2025-02-28 23:00:00,45151.72380642361,0.5130874199502998,10140.685752224392,35010.52496677927,baseline
2025-03-01 00:00:00,43459.77612304688,0.5759204259514809,9897.03871310764,33562.16148951328,baseline
2025-03-01 01:00:00,41449.75821180556,0.6473060472971863,8968.470112304687,32480.64079345357,baseline
2025-03-01 02:00:00,40462.29946072049,0.6514990576108297,8258.76465983073,32202.88330183215,baseline
2025-03-01 03:00:00,40198.32948676215,0.668876995311843,7931.448569878472,32266.212039888367,baseline
2025-03-01 04:00:00,39580.49931423611,0.6538241030110253,6925.271484646268,32654.574005486837,baseline
2025-03-01 05:00:00,39370.12277994792,0.6338621773984697,5922.155535888672,33447.33338188185,baseline
2025-03-01 06:00:00,40151.577801649306,0.6378740485509237,4959.721470811632,35191.21845678912,baseline
2025-03-01 07:00:00,41367.58013997396,7.408266650239627,4703.212722439236,36656.95915088448,baseline
2025-03-01 08:00:00,42533.44421549479,3376.42696369595,5344.56125108507,33812.45600071377,baseline
2025-03-01 09:00:00,45573.38474392361,16262.467646484374,4824.427974446615,24486.48912299262,baseline
2025-03-01 10:00:00,46163.540170355904,23184.82649359809,3391.3266524929472,19587.387024264863,baseline
2025-03-01 11:00:00,45829.60542860243,24730.314467230903,3101.371707221137,17997.91925415039,baseline
2025-03-01 12:00:00,46624.07001953125,24386.247584635417,2789.493148803711,19448.329286092125,baseline
2025-03-01 13:00:00,46571.22602430556,24014.955614149305,2212.799655761719,20343.470754394533,baseline
2025-03-01 14:00:00,47273.30488498264,23763.9285405816,2061.9839521280924,21447.39239227295,baseline
2025-03-01 15:00:00,48298.22167100695,23597.882314453123,2425.211337619357,22275.12801893447,baseline
2025-03-01 16:00:00,48868.8329296875,23398.24433810764,3096.7143535698783,22373.874238009987,baseline
2025-03-01 17:00:00,49554.368424479166,19921.23699869792,3358.2012008327906,26274.930224948457,baseline
2025-03-01 18:00:00,49274.85899739584,9227.517859971787,4242.715530056424,35804.62560736763,baseline
2025-03-01 19:00:00,47696.27519965278,511.80064153459335,6748.113927951389,40436.3606301668,baseline
2025-03-01 20:00:00,47620.90839735243,3.569886348909802,11520.952137586806,36096.38637341672,baseline
2025-03-01 21:00:00,47219.940529513886,0.3988379493604104,17149.719309082033,30069.822382482493,baseline
2025-03-01 22:00:00,46243.998682725694,1.0143811162312826,21104.59228515625,25138.392016453214,baseline
2025-03-01 23:00:00,45437.623459201386,0.7883933097455237,23673.73151421441,21763.103551677228,baseline
2025-03-02 00:00:00,43138.24610243055,0.8050137822826703,24313.12026692708,18824.320821721187,baseline
2025-03-02 01:00:00,41555.23756076389,0.8582440365685357,24631.99245659722,16922.3868601301,baseline
2025-03-02 02:00:00,40340.30231987847,0.8841399034526614,24937.233317599825,15402.184862375194,baseline
2025-03-02 03:00:00,39523.933189019095,0.8850695115327835,24193.91701497396,15329.131104533604,baseline
2025-03-02 04:00:00,39298.4899609375,0.8436973137987984,23671.075774739584,15626.570488884116,baseline
2025-03-02 05:00:00,39041.26124131944,0.8863181304600504,23332.52405924479,15707.850863944192,baseline
2025-03-02 06:00:00,39384.75891493056,1.015624495115545,24019.318482530383,15364.42480790506,baseline
2025-03-02 07:00:00,40171.469090711806,8.526497484776709,24496.489205186637,15666.453388040394,baseline
2025-03-02 08:00:00,41162.0175249566,2160.776176172892,24068.67324327257,14932.568105511134,baseline
2025-03-02 09:00:00,43906.50375434028,9521.589088541668,22072.88661892361,12312.028046875002,baseline
2025-03-02 10:00:00,45088.97140733507,11938.089297417537,21658.503450520835,11492.378659396702,baseline
2025-03-02 11:00:00,45816.503797743055,11965.855328233509,22322.39487955729,11528.253589952255,baseline
2025-03-02 12:00:00,45758.26185980903,11354.42808403863,22836.896966688368,11566.936809082028,baseline
2025-03-02 13:00:00,46089.88343098958,11365.080857476129,23189.91620768229,11534.886365831167,baseline
2025-03-02 14:00:00,47007.31484483507,12497.5884898546,22929.476982421875,11580.249372558595,baseline
2025-03-02 15:00:00,47829.79538519965,13383.510401204428,22771.373344184027,11674.911639811196,baseline
2025-03-02 16:00:00,48294.05478841146,13287.64183295356,22929.049310438368,12077.363645019526,baseline
2025-03-02 17:00:00,48473.55719184028,11400.690106336806,22937.08406955295,14135.783015950516,baseline
2025-03-02 18:00:00,48776.52645507813,5819.96521118164,21623.033882378477,21333.527361518016,baseline
2025-03-02 19:00:00,48808.972235243054,567.7257577081522,16883.489420030382,31357.75705750452,baseline
2025-03-02 20:00:00,48794.94474175348,0.3986777790387471,15262.570725640193,33531.97533833425,baseline
2025-03-02 21:00:00,47812.16087782118,0.4268890142854717,15770.65408311632,32041.07990569057,baseline
2025-03-02 22:00:00,46777.02770724826,0.4235794569303592,16545.917366265192,30230.686761526144,baseline
2025-03-02 23:00:00,45087.56990342882,0.5175826400435634,16985.143524305557,28101.908796483214,baseline
2025-03-03 00:00:00,43002.31439236111,0.6154155692458153,16974.879817708334,26026.81915908353,baseline
2025-03-03 01:00:00,42206.07694769965,0.5750015994906426,17116.134474826387,25089.36747127377,baseline
2025-03-03 02:00:00,40538.044991319446,0.5730579139788946,16081.877599826388,24455.59433357908,baseline
2025-03-03 03:00:00,39736.923246527775,0.6205825010273192,15513.46136501736,24222.841299009386,baseline
2025-03-03 04:00:00,39781.30814344618,0.6406494569281737,16619.15328938802,23161.51420460123,baseline
2025-03-03 05:00:00,40101.85621961806,0.6424604036576218,17354.523117404515,22746.690641809884,baseline
2025-03-03 06:00:00,41858.72751736111,0.6586315848429998,16960.398741319445,24897.670144456824,baseline
2025-03-03 07:00:00,44874.28963975694,1.775218983143568,18118.48659559462,26754.02782517918,baseline
2025-03-03 08:00:00,46293.80323676216,917.3343597560458,20283.38569390191,25093.0831831042,baseline
2025-03-03 09:00:00,47796.31554361979,5576.059311116536,20853.91399902344,21366.34223347982,baseline
2025-03-03 10:00:00,49192.24722873264,9536.621572536891,20766.62520128038,18889.000454915364,baseline
2025-03-03 11:00:00,49970.96758246528,10856.924286024305,21621.900342881945,17492.14295355903,baseline
2025-03-03 12:00:00,50842.77889756944,11130.349966362846,22619.30412109375,17093.124810112844,baseline
2025-03-03 13:00:00,51171.22550347223,10833.277435980905,23527.450774739584,16810.497292751737,baseline
2025-03-03 14:00:00,51628.0921875,9865.575027126735,24756.71866319445,17005.798497178817,baseline
2025-03-03 15:00:00,51636.391508246525,8282.375810411242,25485.60554470486,17868.41015313042,baseline
2025-03-03 16:00:00,51484.18253255208,6072.6651917860245,25518.404713541662,19893.112627224396,baseline
2025-03-03 17:00:00,52682.26534830729,4421.820084364149,26050.64032280816,22209.804941134986,baseline
2025-03-03 18:00:00,52957.149185112845,2045.1321819390191,26883.373502061637,24028.643501112198,baseline
2025-03-03 19:00:00,52999.1007421875,154.52599219106966,27429.103174913194,25415.471575083237,baseline
2025-03-03 20:00:00,53161.70076063368,0.6860720742079947,28073.503075086806,25087.511613472663,baseline
2025-03-03 21:00:00,52526.08141927084,0.6616998637715975,28264.502330729167,24260.91738867789,baseline
2025-03-03 22:00:00,51216.51419921875,0.735274907681677,28131.34110026041,23084.43782405065,baseline
2025-03-03 23:00:00,48471.952417534725,0.8119758469197486,27910.48893880208,20560.651502885725,baseline
2025-03-04 00:00:00,46092.526315104165,0.8611489440004031,26826.605647243923,19265.05951891624,baseline
2025-03-04 01:00:00,44212.2370171441,0.9016040953828228,25859.09872450087,18352.236688547848,baseline
2025-03-04 02:00:00,43132.74740017361,0.8409076947636075,26089.934268663197,17041.972223815654,baseline
2025-03-04 03:00:00,42277.448203125,0.8680899574359258,26165.693361545134,16110.886751622427,baseline
2025-03-04 04:00:00,42123.76509982639,0.8766122826602724,25856.920045572915,16265.96844197081,baseline
2025-03-04 05:00:00,42687.71588650173,0.7014889622065756,24098.826907552084,18588.18748998744,baseline
2025-03-04 06:00:00,43829.29289496528,1.1472396818796793,24831.18398220486,18996.96167307854,baseline
2025-03-04 07:00:00,45563.57641276042,1.060777237613996,26315.5271999783,19246.988435544507,baseline
2025-03-04 08:00:00,46506.98064670139,585.4610496891869,25209.73875705295,20711.78083995925,baseline
2025-03-04 09:00:00,47131.19764756945,4336.165983886719,24307.296720920134,18487.73494276259,baseline
2025-03-04 10:00:00,47740.21665581597,8225.456230604384,23854.38029893663,15660.380126274958,baseline
2025-03-04 11:00:00,47798.28857204861,11387.04390733507,23116.88095920139,13294.36370551215,baseline
2025-03-04 12:00:00,47293.00253038194,13005.045102267795,21941.156342230905,12346.801085883242,baseline
2025-03-04 13:00:00,46754.13888888889,13131.982195909288,21579.35796929253,12042.798723687069,baseline
2025-03-04 14:00:00,46621.09182725695,13003.839539930555,21360.745939670134,12256.506347656255,baseline
2025-03-04 15:00:00,47316.22953993056,13681.936497124569,21321.359337022568,12312.93370578342,baseline
2025-03-04 16:00:00,47293.65234157986,12135.085495876736,21599.86554199219,13558.701303710935,baseline
2025-03-04 17:00:00,48129.513819444444,11118.920126953126,21951.03330078125,15059.560391710069,baseline
2025-03-04 18:00:00,48226.52095486111,5404.883783501519,23581.83337673611,19239.80379462348,baseline
2025-03-04 19:00:00,49006.46272135417,394.3113997518354,24818.51023871528,23793.641082887058,baseline
2025-03-04 20:00:00,49601.26404079861,0.6954281169507238,23188.582189670135,26411.986423011524,baseline
2025-03-04 21:00:00,48669.72741753472,0.682183127005895,21747.381673719618,26921.663560688092,baseline
2025-03-04 22:00:00,47246.95165798611,0.5637581067283949,20309.28734375,26937.100556129382,baseline
2025-03-04 23:00:00,45630.92698133681,0.5256612360311879,19347.401729600693,26282.999590500083,baseline
2025-03-05 00:00:00,43696.36850911458,0.6542028745843305,18858.833637695312,24836.880668544687,baseline
2025-03-05 01:00:00,42574.88254123264,0.6913738560676574,18646.050776909724,23928.140390466848,baseline
2025-03-05 02:00:00,42126.56123046875,0.630249371793535,18761.67902126736,23364.2519598296,baseline
2025-03-05 03:00:00,41626.85197699653,0.6245772974358664,19144.101846788195,22482.125552910897,baseline
2025-03-05 04:00:00,40799.43435980903,0.6631233172946506,18458.658849826388,22340.112386665343,baseline
2025-03-05 05:00:00,41510.29492621528,0.6587025788757536,17676.567313368054,23833.068910268343,baseline
2025-03-05 06:00:00,43693.189073350695,0.6801827194293341,16663.99201497396,27028.516875657308,baseline
2025-03-05 07:00:00,47120.31764105903,17.43835877339045,14404.751456163194,32698.127826122447,baseline
2025-03-05 08:00:00,48183.12744357639,4519.94773159451,13705.962348090276,29957.217363891607,baseline
2025-03-05 09:00:00,49830.29920572916,18511.78713867188,10750.22142903646,20568.29063802083,baseline
2025-03-05 10:00:00,49836.6381640625,21073.8608984375,11591.22697157118,17171.550294053817,baseline
2025-03-05 11:00:00,48130.83414496528,21415.25872612847,9931.24480685764,16784.330611979167,baseline
2025-03-05 12:00:00,46919.86086371528,22905.002567274307,7491.7597037760415,16523.09859266493,baseline
2025-03-05 13:00:00,46204.68723741319,23913.81150607639,5577.093589409722,16713.782141927084,baseline
2025-03-05 14:00:00,46229.31641710069,24131.41310329861,4716.827785915799,17381.075527886285,baseline
2025-03-05 15:00:00,45912.93680555555,24152.10001519097,4076.352327473958,17684.48446289062,baseline
2025-03-05 16:00:00,46148.47399088542,23989.918567708333,3769.475214572483,18389.0802086046,baseline
2025-03-05 17:00:00,47052.7980186632,22331.04449869792,3581.0161474609376,21140.737372504344,baseline
2025-03-05 18:00:00,47421.31271050347,11314.753961317274,4198.443164333768,31908.115584852432,baseline
2025-03-05 19:00:00,47643.6987890625,819.5157078391976,4879.1289870876735,41945.05409413563,baseline
2025-03-05 20:00:00,48136.06882378472,0.3958301315042707,7731.630012478298,40404.04298117492,baseline
2025-03-05 21:00:00,48325.95411675347,0.4007972375220722,11972.272902560764,36353.28041695518,baseline
2025-03-05 22:00:00,47875.685,0.3893827701939477,15877.902686631944,31997.39293059786,baseline
2025-03-05 23:00:00,46035.00365885417,0.48268069734176,18272.24297743056,27762.27800072627,baseline
2025-03-06 00:00:00,44564.944652777776,0.8248895533879598,20383.249789496527,24180.869973727866,baseline
2025-03-06 01:00:00,43750.11561848958,1.0359183186292649,22746.643621961804,21002.436078209143,baseline
2025-03-06 02:00:00,43971.563888888886,0.9595585760805342,23925.41213324653,20045.19219706628,baseline
2025-03-06 03:00:00,44113.513235677085,0.89806570953793,24222.00773871528,19890.60743125227,baseline
2025-03-06 04:00:00,43740.285112847225,0.9356836564011044,23836.480032552085,19902.86939663874,baseline
2025-03-06 05:00:00,44084.45189236111,1.004244579076767,24079.14056640625,20004.307081375784,baseline
2025-03-06 06:00:00,46489.80768012153,1.0233717333608203,24449.69086805556,22039.09344033261,baseline
2025-03-06 07:00:00,50169.86427734375,32.979830202592744,24229.70640625,25907.17804089116,baseline
2025-03-06 08:00:00,51538.68809244792,3566.191298353407,24830.787881944445,23141.70891215007,baseline
2025-03-06 09:00:00,51442.60265407986,9903.673874240452,25181.20476345486,16357.724016384547,baseline
2025-03-06 10:00:00,50326.636963975696,11756.713662109374,25399.340028211805,13170.58327365452,baseline
2025-03-06 11:00:00,49342.98869574653,12455.445001085069,24497.066121961805,12390.477572699652,baseline
2025-03-06 12:00:00,48491.80716145833,11931.81105360243,24620.570258246527,11939.425849609375,baseline
2025-03-06 13:00:00,47806.020184461806,11432.11633029514,24673.31320095486,11700.590653211802,baseline
2025-03-06 14:00:00,47103.14789930556,10627.692751736113,24820.97820095486,11654.476946614588,baseline
2025-03-06 15:00:00,47016.745681423614,10319.124682074653,24958.841968315974,11738.779031032987,baseline
2025-03-06 16:00:00,46862.81264865452,9971.070320095489,25329.827358940973,11561.914969618054,baseline
2025-03-06 17:00:00,47582.66043402778,9238.565038519966,26200.05782986111,12144.0375656467,baseline
2025-03-06 18:00:00,48184.90972222222,4959.35731906467,26949.591942274303,16275.96046088324,baseline
2025-03-06 19:00:00,49036.361397569446,357.6359743048085,27538.30455512153,21140.42086814311,baseline
2025-03-06 20:00:00,49844.33396701389,0.6145335866676437,27804.28603081597,22039.43340261125,baseline
2025-03-06 21:00:00,49414.79032118055,0.7352154877781868,27833.922059461805,21580.13304623097,baseline
2025-03-06 22:00:00,48302.25706163194,0.7074587355388535,27838.171888020832,20463.377714875573,baseline
2025-03-06 23:00:00,46320.66831163195,0.4441109836101532,27903.169418402777,18417.05478224556,baseline
2025-03-07 00:00:00,44160.67623697917,0.4929682350158691,27746.77319444445,16413.410074299707,baseline
2025-03-07 01:00:00,43171.99013020833,0.5589337609873878,27353.82515190972,15817.60604453762,baseline
2025-03-07 02:00:00,42887.01009982639,0.5853755364484258,26867.53775390625,16018.88697038369,baseline
2025-03-07 03:00:00,41706.59665798611,0.6381679800483916,25088.75595920139,16617.202530804676,baseline
2025-03-07 04:00:00,41021.13008246528,0.625354355706109,22934.4029296875,18086.10179842207,baseline
2025-03-07 05:00:00,40867.35919704861,0.6342246841722065,20790.66286892361,20076.06210344083,baseline
2025-03-07 06:00:00,42124.78178819444,0.6605751674705082,18715.364561631945,23408.75665139503,baseline
2025-03-07 07:00:00,44284.16245225695,9.345262056589126,17332.194325086806,26942.622865113557,baseline
2025-03-07 08:00:00,45400.96802083333,1711.8814206780328,16626.338881293403,27062.74771886189,baseline
2025-03-07 09:00:00,47067.425282118056,8160.94635687934,14240.820889756944,24665.65803548177,baseline
2025-03-07 10:00:00,48323.495130208335,13521.57824327257,12258.070007595486,22543.84687934028,baseline
2025-03-07 11:00:00,49744.735078125,16209.78818033854,13021.78824001736,20513.158657769098,baseline
2025-03-07 12:00:00,49834.97234375,17700.048561197917,11436.019176432292,20698.90460611979,baseline
2025-03-07 13:00:00,50130.60776909722,19172.96205078125,9005.09938530816,21952.546333007813,baseline
2025-03-07 14:00:00,49912.04339409722,19840.999366319444,7544.069844835069,22526.974182942708,baseline
2025-03-07 15:00:00,50596.75440104167,20400.157745225693,6359.720947265625,23836.87570855035,baseline
2025-03-07 16:00:00,51642.6074609375,20369.56890407986,4957.411443684896,26315.62711317274,baseline
2025-03-07 17:00:00,52339.82444878472,17689.619011501734,4612.746402452257,30037.45903483073,baseline
2025-03-07 18:00:00,52313.065755208336,9059.831809082032,6066.186322157118,37187.04762396919,baseline
2025-03-07 19:00:00,51083.80829427084,763.2256505574534,7367.813109266493,42952.76953444689,baseline
2025-03-07 20:00:00,50121.97139322916,0.160235236717595,9030.889648980035,41090.92150901241,baseline
2025-03-07 21:00:00,49676.22156684028,0.1458770916900701,13292.8303515625,36383.24533818609,baseline
2025-03-07 22:00:00,48475.04033420139,0.157845413138469,16432.76868706597,32042.11380172228,baseline
2025-03-07 23:00:00,46856.37471354166,0.1226935105439689,18239.87870659722,28616.373313433895,baseline
2025-03-08 00:00:00,45229.28736979167,0.1576698736929231,20884.1393359375,24344.990363980472,baseline
2025-03-08 01:00:00,43594.47124565972,0.159182429595126,22647.614216579863,20946.697846650262,baseline
2025-03-08 02:00:00,42725.21961371528,0.2994350601732731,22676.4863671875,20048.433811467607,baseline
2025-03-08 03:00:00,41645.86108072917,0.5886300646596485,22412.793817274305,19232.478633390205,baseline
2025-03-08 04:00:00,40761.15989583333,0.899889037542873,21725.581163194445,19034.678843601345,baseline
2025-03-08 05:00:00,40517.21117621528,0.6479438910219404,21037.835907118057,19478.7273252062,baseline
2025-03-08 06:00:00,41085.57370225695,0.7030114997757806,21134.486360677085,19950.384330080084,baseline
2025-03-08 07:00:00,42120.89637152778,2.654810693860054,21162.006037326388,20956.23552350753,baseline
2025-03-08 08:00:00,43160.920373263885,909.7293442747329,20502.71591796875,21748.4751110204,baseline
2025-03-08 09:00:00,45830.29787760416,5130.89044813368,19838.639976128477,20860.76745334201,baseline
2025-03-08 10:00:00,47432.06762586805,8823.407203233506,17947.21232638889,20661.44809624566,baseline
2025-03-08 11:00:00,48893.2488671875,11512.34679904514,16380.699483506944,21000.202584635423,baseline
2025-03-08 12:00:00,50114.21924045139,12848.194303385417,15369.878467881945,21896.14646918403,baseline
2025-03-08 13:00:00,51597.77202256944,12726.671105685764,14628.24914279514,24242.85177408854,baseline
2025-03-08 14:00:00,51964.076328125,12408.457778862848,14747.111536458331,24808.507012803817,baseline
2025-03-08 15:00:00,52518.64224826389,11712.894619140625,13926.087802734375,26879.659826388888,baseline
2025-03-08 16:00:00,53197.14017795139,10832.866478949652,14523.238871527778,27841.03482747396,baseline
2025-03-08 17:00:00,53057.11068142361,9190.250670030382,16404.710015190973,27462.149996202257,baseline
2025-03-08 18:00:00,52393.86188368056,4885.025502929688,19082.54222439236,28426.294156358505,baseline
2025-03-08 19:00:00,51870.08001302083,567.6774104006423,19619.958825954865,31682.443776665325,baseline
2025-03-08 20:00:00,51927.58675347222,0.1766875594523217,20026.387918836805,31901.022147075964,baseline
2025-03-08 21:00:00,50208.16023003472,0.2809832251899772,19621.156089409724,30586.723157399807,baseline
2025-03-08 22:00:00,48926.18041232639,0.3373169189360406,19011.82112196181,29914.021973445644,baseline
2025-03-08 23:00:00,47234.74293402778,0.3982598509060012,18741.620032552084,28492.72464162479,baseline
2025-03-09 00:00:00,45509.328424479165,0.4246277630660269,17875.562296006945,27633.341500709157,baseline
2025-03-09 01:00:00,43489.614296875,0.5218579443295797,16794.973667534723,26694.118771395948,baseline
2025-03-09 03:00:00,42634.60448350695,0.5416544922524028,15673.925111762152,26960.137717252543,baseline
2025-03-09 04:00:00,42789.7558203125,0.4861462105313937,16100.882978515623,26688.386695586345,baseline
2025-03-09 05:00:00,42908.77017361111,0.4922173881530762,16530.00401909722,26378.273937125738,baseline
2025-03-09 06:00:00,42685.95779947917,0.495816553665532,16004.566946614585,26680.89503631092,baseline
2025-03-09 07:00:00,43435.404405381945,0.489234321879016,14762.47449435764,28672.440676702427,baseline
2025-03-09 08:00:00,44848.47492621528,4.762016334798601,13482.20818576389,31361.50472411659,baseline
2025-03-09 09:00:00,45834.82389322917,1670.3791217803955,13474.966845703126,30689.477925745643,baseline
2025-03-09 10:00:00,47645.51936197917,8884.05035264757,12841.568114149306,25919.90089518229,baseline
2025-03-09 11:00:00,48627.9548828125,12598.86853515625,12247.427631293403,23781.658716362843,baseline
2025-03-09 12:00:00,49135.907495659725,14845.330035807292,12429.206358506945,21861.37110134549,baseline
2025-03-09 13:00:00,49127.81547743056,16659.394383680556,12457.40921983507,20011.011873914933,baseline
2025-03-09 14:00:00,49489.28934895834,18393.983626302084,12304.457445746528,18790.848276909725,baseline
2025-03-09 15:00:00,48672.566866319445,17912.027881944443,12358.62630750868,18401.91267686632,baseline
2025-03-09 16:00:00,47464.9921484375,17037.66249457465,12256.164367404514,18171.165286458338,baseline
2025-03-09 17:00:00,46432.51072048611,15686.775328776042,11679.787132161458,19065.94825954861,baseline
2025-03-09 18:00:00,46471.380902777775,14196.826483289931,10591.280029296877,21683.27439019097,baseline
2025-03-09 19:00:00,46846.024835069446,10458.558903537329,9324.554146050346,27062.91178548177,baseline
2025-03-09 20:00:00,47863.797847222224,1331.2274371380277,7159.403311631944,39373.16709845225,baseline
2025-03-09 21:00:00,48576.613893229165,8.506321506583028,4820.212107204861,43747.89546451772,baseline
2025-03-09 22:00:00,48257.27030815972,0.3359142975012461,4272.428565538195,43984.50582832402,baseline
2025-03-09 23:00:00,46964.459283854165,0.3482345045275158,4247.592550455729,42716.51849889391,baseline
2025-03-10 00:00:00,45009.65107638889,0.3543267481525739,4609.950529513889,40399.34622012685,baseline
2025-03-10 01:00:00,43737.97513237847,0.4195387173361248,4906.5676486545135,38830.98794500662,baseline
2025-03-10 02:00:00,43477.99714409722,0.4990860619478755,4814.108180338541,38663.38987769673,baseline
2025-03-10 03:00:00,43612.96919270833,0.5171106797787878,5382.938621961805,38229.51346006675,baseline
2025-03-10 04:00:00,44703.03482204861,0.4968006941676139,6597.968140190972,38104.56988116347,baseline
2025-03-10 05:00:00,45265.94832465277,0.4540092566940519,7727.242453884549,37538.25186151153,baseline
2025-03-10 06:00:00,47283.60161024306,0.4278809615969658,7972.933691948785,39310.24003733268,baseline
2025-03-10 07:00:00,50014.73915364583,0.3732819347249137,7845.4455984157985,42168.920273295305,baseline
2025-03-10 08:00:00,52382.03883246528,73.50938324613703,8045.407665473091,44263.12178374606,baseline
2025-03-10 09:00:00,52152.38310763889,6452.030632459852,7973.643815104167,37726.70866007487,baseline
2025-03-10 10:00:00,52112.8337890625,21031.695202907988,6689.779298502604,24391.359287651903,baseline
2025-03-10 11:00:00,49939.509427083336,24741.518270399305,4191.794747721354,21006.19640896268,baseline
2025-03-10 12:00:00,48333.796796875,24944.830807291662,4543.0486965603295,18845.917293023005,baseline
2025-03-10 13:00:00,47548.69903211806,24689.229401041663,5569.22138671875,17290.24824435764,baseline
2025-03-10 14:00:00,47912.75944444445,24456.33750217014,6685.376646592882,16771.045295681426,baseline
2025-03-10 15:00:00,48288.99157986111,24143.22146050347,7884.576176215278,16261.19394314236,baseline
2025-03-10 16:00:00,48251.332291666666,23322.925859375,9014.48846028646,15913.917972005209,baseline
2025-03-10 17:00:00,48337.65083767361,22577.26800998264,10001.434739583334,15758.948088107638,baseline
2025-03-10 18:00:00,48553.53200954861,21937.401868489585,10650.858958333334,15965.271182725694,baseline
2025-03-10 19:00:00,48849.73046006945,13349.291999240451,11359.332351345483,24141.10610948351,baseline
2025-03-10 20:00:00,48009.36946614584,1579.37195412808,11932.377034505207,34497.620477512544,baseline
2025-03-10 21:00:00,48231.09402777778,0.2508950094713105,16346.869086371527,31883.97404639678,baseline
2025-03-10 22:00:00,47426.89080729167,0.2693352670388089,20514.41301432292,26912.208457701712,baseline
2025-03-10 23:00:00,45823.38127604167,7.419610029707353,23672.465279947915,22143.49638606405,baseline
2025-03-11 00:00:00,44441.58555555555,0.6226751712626881,25356.729602864583,19084.233277519703,baseline
2025-03-11 01:00:00,42843.57081163194,0.3931293226281802,25872.66451388889,16970.513168420428,baseline
2025-03-11 02:00:00,41990.03841579861,0.3389172839124997,25951.498385416668,16038.201113098032,baseline
2025-03-11 03:00:00,42056.96180989583,0.3725778138968679,25808.28448784722,16248.304744234712,baseline
2025-03-11 04:00:00,42229.06904513889,0.3586981136931313,25893.74993706597,16334.960409959222,baseline
2025-03-11 05:00:00,41993.798910590274,0.6065308597021632,25621.30186197917,16371.890517751406,baseline
2025-03-11 06:00:00,43906.9906640625,0.7871603313088417,25643.27609809028,18262.92740564091,baseline
2025-03-11 07:00:00,46720.936375868056,0.8626461818152004,25575.52858940972,21144.54514027652,baseline
2025-03-11 08:00:00,48875.39430555556,85.05396710882584,25310.027725694443,23480.31261275229,baseline
2025-03-11 09:00:00,49457.83259114583,6226.273802422417,23547.946985677085,19683.61180304633,baseline
2025-03-11 10:00:00,49607.98102864583,17142.65306857639,18155.34398654514,14309.9839735243,baseline
2025-03-11 11:00:00,49176.54289496528,19982.665655381945,16530.70544813368,12663.171791449648,baseline
2025-03-11 12:00:00,47559.38293836806,19254.543834635417,15921.207511935763,12383.631591796877,baseline
2025-03-11 13:00:00,46786.00823784722,18969.155763888888,15520.71578342014,12296.136690538196,baseline
2025-03-11 14:00:00,47141.005464409725,19441.00513020833,15527.04074435764,12172.959589843756,baseline
2025-03-11 15:00:00,47577.51963107639,19698.05275824653,15553.49327690972,12325.973595920135,baseline
2025-03-11 16:00:00,48252.128541666665,19821.01125,15682.119282769096,12748.998008897572,baseline
2025-03-11 17:00:00,49488.239453125,20024.328302951388,16156.133470052084,13307.77768012153,baseline
2025-03-11 18:00:00,50388.91086805556,18111.196612413198,16811.204585503474,15466.50967013889,baseline
2025-03-11 19:00:00,50845.86103298611,11997.604751519097,18558.889427083333,20289.366854383683,baseline
2025-03-11 20:00:00,49981.92442708334,1412.422915206204,18148.357061631945,30421.14445024519,baseline
2025-03-11 21:00:00,49778.942235243056,0.1975435095197624,19716.317252604167,30062.42743912937,baseline
2025-03-11 22:00:00,49070.65528211805,0.2682088086174594,23233.861707899305,25836.52536541013,baseline
2025-03-11 23:00:00,47450.65312065972,0.5407527038786146,25978.395987413194,21471.71638054265,baseline
2025-03-12 00:00:00,45273.07283203125,0.4343211259775691,26691.46162543403,18581.176885471243,baseline
2025-03-12 01:00:00,42526.05762369792,0.5026483631630738,26173.598904622395,16351.95607071236,baseline
2025-03-12 02:00:00,42157.62133789063,0.9383931163946788,26819.119010959203,15337.563933815029,baseline
2025-03-12 03:00:00,41593.091536458334,0.8746226400136947,26453.08430772569,15139.132606092626,baseline
2025-03-12 04:00:00,40818.63381944445,0.6914847722980711,25825.90396484375,14992.0383698284,baseline
2025-03-12 05:00:00,40590.9427734375,0.7260195718208948,25318.29564236111,15271.921111504564,baseline
2025-03-12 06:00:00,41362.82006076389,0.5734520153866873,24696.07937934028,16666.167229408224,baseline
2025-03-12 07:00:00,43650.59842447917,0.5751098973883523,23898.825073784723,19751.198240797057,baseline
2025-03-12 08:00:00,45231.81963758681,48.72470918185181,22697.940258246526,22485.154670158427,baseline
2025-03-12 09:00:00,45518.82227430555,4175.840126953125,21046.57018012153,20296.4119672309,baseline
2025-03-12 10:00:00,47524.55124565972,14538.40298936632,17522.962196180557,15463.186060112845,baseline
2025-03-12 11:00:00,47747.507256944446,18306.004051649303,14973.282748480902,14468.220456814232,baseline
2025-03-12 12:00:00,49496.92004340278,20632.54482204861,15051.231068793402,13813.144152560766,baseline
2025-03-12 13:00:00,50020.50686197917,19597.42191189236,17279.696028645834,13143.388921440965,baseline
2025-03-12 14:00:00,51342.80943142361,17743.08259765625,19712.901002604165,13886.825831163194,baseline
2025-03-12 15:00:00,52383.15758680556,16180.879208984376,20847.351712239582,15354.926665581605,baseline
2025-03-12 16:00:00,53261.347565104166,15859.627981770833,21371.88259765625,16029.83698567708,baseline
2025-03-12 17:00:00,54116.4800108507,14763.163319227431,21389.9822905816,17963.33440104167,baseline
2025-03-12 18:00:00,55014.57552951389,12013.843352864584,21259.17517361111,21741.557003038197,baseline
2025-03-12 19:00:00,54398.22329861111,7655.790035807292,21864.174403211804,24878.258859592017,baseline
2025-03-12 20:00:00,53626.52180121528,1271.778319776588,22076.52194878472,30278.221532653966,baseline
2025-03-12 21:00:00,52888.72345920139,0.0214581224095794,21063.450523003477,31825.25147807551,baseline
2025-03-12 22:00:00,51284.15500868056,0.0620626205011184,22501.90465494792,28782.18829111214,baseline
2025-03-12 23:00:00,48905.55827256945,0.203241840104262,23344.957957899307,25560.39707283004,baseline
2025-03-13 00:00:00,46122.15435329861,0.1689088830931319,22825.125546875,23296.85989754052,baseline
2025-03-13 01:00:00,44179.30110243055,0.1465308367709318,21759.058984375,22420.095587218784,baseline
2025-03-13 02:00:00,42430.67637586805,0.1441444565190209,20041.34330512153,22389.188926290004,baseline
2025-03-13 03:00:00,42079.50922743056,0.1548284882803758,19193.939830729167,22885.41456821311,baseline
2025-03-13 04:00:00,41135.63881510417,0.1866223666982518,18953.335753038195,22182.116439699275,baseline
2025-03-13 05:00:00,40616.53313368056,0.3493616302476989,16993.815379774307,23622.368392276,baseline
2025-03-13 06:00:00,41617.50428168403,0.4748753261400593,14502.764647081163,27114.264759276724,baseline
2025-03-13 07:00:00,43844.35036892361,0.4666859536369641,13415.079904513888,30428.803778456084,baseline
2025-03-13 08:00:00,45342.27965711806,83.08392418460714,12713.79841796875,32545.3973149647,baseline
2025-03-13 09:00:00,45731.24273003472,5037.683469238281,11200.998696831595,29492.56056396484,baseline
2025-03-13 10:00:00,47761.89571180556,15452.111985677084,6397.110983344184,25912.672742784285,baseline
2025-03-13 11:00:00,49158.25759548611,21284.979138454863,2832.439332953559,25040.839124077687,baseline
2025-03-13 12:00:00,50156.38476779514,22233.32861762153,2699.856080525716,25223.2000696479,baseline
2025-03-13 13:00:00,50948.604327256944,21774.118624131945,4188.32796061198,24986.15774251302,baseline
2025-03-13 14:00:00,52832.94546875,21085.878140190973,7608.409488389757,24138.657840169268,baseline
2025-03-13 15:00:00,54702.0730360243,19830.58011501736,12020.155240885417,22851.337680121527,baseline
2025-03-13 16:00:00,56240.466271701385,17132.272636176214,16036.76208794488,23071.43154758029,baseline
2025-03-13 17:00:00,57839.07282118056,15020.970542534722,17947.034657118056,24871.067621527774,baseline
2025-03-13 18:00:00,57478.613637152775,11874.836557074654,17511.045789930555,28092.731290147567,baseline
2025-03-13 19:00:00,55537.54069769965,6128.142934570313,16588.86280924479,32820.53495388455,baseline
2025-03-13 20:00:00,54477.7000390625,620.9356852401628,17082.074270833335,36774.69008298901,baseline
2025-03-13 21:00:00,53577.30659722223,0.3400072656666937,18151.21779079861,35425.74879915795,baseline
2025-03-13 22:00:00,51973.33037326389,0.1659727003425359,19468.82962890625,32504.334771657297,baseline
2025-03-13 23:00:00,49491.23495442709,0.2705765757958094,20598.475064561637,28892.48931328965,baseline
2025-03-14 00:00:00,47135.48131510417,0.3956975106729401,23579.88873046875,23555.196887124745,baseline
2025-03-14 01:00:00,45751.68439670139,0.4147641021178828,26638.63363064236,19112.63600195691,baseline
2025-03-14 02:00:00,44680.49620659722,0.5045417693257331,27125.08677517361,17554.904889654284,baseline
2025-03-14 03:00:00,43992.55006076389,0.5942726425992118,27206.658057725694,16785.297730395596,baseline
2025-03-14 04:00:00,43317.70651041667,0.703440612885687,27120.347337239586,16196.655732564202,baseline
2025-03-14 05:00:00,42685.14101128472,0.7901704596479734,27151.966506076387,15532.384334748687,baseline
2025-03-14 06:00:00,43351.081971571184,1.0042831218242645,27392.955784505208,15957.121903944151,baseline
2025-03-14 07:00:00,45300.50891493056,1.0124915766384863,27265.726397569444,18033.770025784477,baseline
2025-03-14 08:00:00,46897.89890190972,18.423367007043627,26658.35226236979,20221.12327253289,baseline
2025-03-14 09:00:00,47269.67891493056,2379.6471126302085,25493.8628624132,19396.16893988715,baseline
2025-03-14 10:00:00,48814.06526041667,7658.442316080729,23233.704774305555,17921.91817003038,baseline
2025-03-14 11:00:00,50070.48377170139,12048.342201605905,20885.10621744792,17137.035352647566,baseline
2025-03-14 12:00:00,50947.88986545139,15541.54216796875,18491.32684244792,16915.020855034723,baseline
2025-03-14 13:00:00,51843.85242621528,17204.53361328125,16484.63120876736,18154.68760416667,baseline
2025-03-14 14:00:00,53567.8638671875,18790.873576388887,14809.105973307293,19967.88431749132,baseline
2025-03-14 15:00:00,54925.567194010415,18531.67378960504,15564.7621226671,20829.13128173828,baseline
2025-03-14 16:00:00,56409.24131510417,17996.294225260415,16351.345695529511,22061.60139431424,baseline
2025-03-14 17:00:00,57398.88177951389,16478.083312717015,18398.124633246527,22522.673833550347,baseline
2025-03-14 18:00:00,57358.11943576389,12822.855959201388,20857.9334765625,23677.33,baseline
2025-03-14 19:00:00,56182.02442274305,5871.738396809896,22363.859915364585,27946.426110568573,baseline
2025-03-14 20:00:00,54325.40662326389,497.5476836227129,23134.84031467014,30693.018624971035,baseline
2025-03-14 21:00:00,53304.31081705729,0.1713889036130988,24005.42903157552,29298.710396578157,baseline
2025-03-14 22:00:00,51739.92122829861,0.29322789311409,23515.80455512153,28223.823445283968,baseline
2025-03-14 23:00:00,49938.38482204861,0.3958714291453361,22674.014565972226,27263.974384647245,baseline
2025-03-15 00:00:00,47568.86222222223,0.4286759380830658,22125.273135850694,25443.160410433447,baseline
2025-03-15 01:00:00,45154.19814670139,0.4675590774085786,21069.22019748264,24084.510390141342,baseline
2025-03-15 02:00:00,43170.89063802084,0.4578705162803332,19494.154381510416,23676.278385994137,baseline
2025-03-15 03:00:00,40929.14746961805,0.458317572540707,16766.571059027778,24162.11809301773,baseline
2025-03-15 04:00:00,40023.75103732639,0.4624139349328147,16019.07281467014,24004.21580872132,baseline
2025-03-15 05:00:00,40153.51006076389,0.4447812475098504,17046.719715711806,23106.34556380457,baseline
2025-03-15 06:00:00,40533.71123263889,0.4198873286777072,18044.46133246528,22488.830012844934,baseline
2025-03-15 07:00:00,40789.37702690972,0.4230938163730833,17604.61857421875,23184.3353588746,baseline
2025-03-15 08:00:00,42075.56369357639,21.352151006691987,17954.9494140625,24099.2621285072,baseline
2025-03-15 09:00:00,42989.92260416667,3226.2345298428004,17506.06718315972,22257.620891164148,baseline
2025-03-15 10:00:00,45361.73438151042,12507.901857638888,16395.70611436632,16458.12640950521,baseline
2025-03-15 11:00:00,48086.02539930555,14370.14568467882,19279.355397135416,14436.52431749132,baseline
2025-03-15 12:00:00,48304.75222222223,14383.298901909722,19711.13451822917,14210.31880208334,baseline
2025-03-15 13:00:00,47187.69961805556,13209.77462782118,19772.281820746528,14205.643169487848,baseline
2025-03-15 14:00:00,47139.19514756944,12974.042795138888,20024.340245225696,14140.81210720486,baseline
2025-03-15 15:00:00,47657.60803819444,13615.176654730903,19949.305729166663,14093.12565429687,baseline
2025-03-15 16:00:00,47916.141692708334,13425.597664930556,19851.625403645838,14638.91862413194,baseline
2025-03-15 17:00:00,48321.73307291666,13207.101702473958,19202.7888671875,15911.842503255204,baseline
2025-03-15 18:00:00,48210.3213671875,10667.670405815972,18726.79984375,18815.851117621525,baseline
2025-03-15 19:00:00,47644.84336371528,7331.338486328125,17926.502921006944,22387.00195638021,baseline
2025-03-15 20:00:00,46976.50832465278,1127.3683211227258,13473.826430121528,32375.313573408526,baseline
2025-03-15 21:00:00,46963.04753038195,0.3204990203347471,10081.149250217011,36881.5777811446,baseline
2025-03-15 22:00:00,45733.73759548611,0.2682770968476931,7771.013350694445,37962.45596769482,baseline
2025-03-15 23:00:00,44051.68687065972,0.2953247246642907,5960.342521158854,38091.049024776206,baseline
2025-03-16 00:00:00,42288.96665798611,0.3165165142549409,5412.248745659722,36876.40139581213,baseline
2025-03-16 01:00:00,41147.77572482639,0.4148737459712558,5201.8585172526045,35945.50233382781,baseline
2025-03-16 02:00:00,40212.21887586806,0.428353099293179,5502.927473415799,34708.86304935296,baseline
2025-03-16 03:00:00,39915.38263888889,0.443056968583001,6613.875379774306,33301.064202146,baseline
2025-03-16 04:00:00,39556.60078559028,0.449061712788211,8095.64595703125,31460.50576684624,baseline
2025-03-16 05:00:00,39321.843090277776,0.4441762154301008,10224.614851345486,29096.784062716863,baseline
2025-03-16 06:00:00,39379.16161892361,0.4454970157808727,11579.016690538194,27799.699431369638,baseline
2025-03-16 07:00:00,40074.96452690973,0.4579071126050419,12166.222724609375,27908.283895187746,baseline
2025-03-16 08:00:00,41301.42755642361,188.6015305789312,11577.664883897569,29535.16114194711,baseline
2025-03-16 09:00:00,43369.49713975695,8134.1557221137155,10093.92588107639,25141.41553656684,baseline
2025-03-16 10:00:00,45907.555043402775,22195.316358506945,7236.885963541667,16475.352721354164,baseline
2025-03-16 11:00:00,45316.85876736111,22954.07115668403,7539.964530707465,14822.823079969618,baseline
2025-03-16 12:00:00,44355.10112738716,22249.53136555989,7259.258168538411,14846.31159328885,baseline
2025-03-16 13:00:00,43851.503854166665,22548.97089626736,6435.289686957465,14867.24327094184,baseline
2025-03-16 14:00:00,43626.71247829861,21682.8832421875,6849.057931315104,15094.77130479601,baseline
2025-03-16 15:00:00,44421.52202256944,21510.755963541666,7571.061508246527,15339.70455078125,baseline
2025-03-16 16:00:00,45023.56735351562,21112.550074869792,8035.785387505425,15875.231891140407,baseline
2025-03-16 17:00:00,46052.51608940972,21578.5012890625,7436.788446723091,17037.22635362413,baseline
2025-03-16 18:00:00,47237.34196614583,21228.30758029514,6523.619293619791,19485.4150922309,baseline
2025-03-16 19:00:00,47481.53137586806,14056.655138346354,5168.123313259549,28256.752924262157,baseline
2025-03-16 20:00:00,46906.03603732639,1822.7016824997795,3964.1509060329854,41119.18344879363,baseline
2025-03-16 21:00:00,46890.76162326389,0.5995374756223626,4796.027570800781,42094.13451498748,baseline
2025-03-16 22:00:00,46213.17545572917,0.227011822130945,7332.728444552951,38880.219999354085,baseline
2025-03-16 23:00:00,44505.18654079861,0.1924348955849806,9738.843781467014,34766.150324436014,baseline
2025-03-17 00:00:00,42314.23785590278,0.3040924469133218,12401.69505859375,29912.23870486212,baseline
2025-03-17 01:00:00,40993.14848524306,0.3036225179831187,16037.79017361111,24955.054689113964,baseline
2025-03-17 02:00:00,40312.158502604165,0.4158281008733643,18601.90646267361,21709.83621182968,baseline
2025-03-17 03:00:00,40150.88050347223,0.619586242934068,19489.855010850693,20660.4059063786,baseline
2025-03-17 04:00:00,40553.43625868056,0.6314641192886564,20651.32552083333,19901.47927372794,baseline
2025-03-17 05:00:00,41200.94023003472,0.7244403142068121,22186.196961805555,19014.01882791496,baseline
2025-03-17 06:00:00,42557.585379774304,0.7168973881668514,22870.59104763455,19686.277434751588,baseline
2025-03-17 07:00:00,45324.92555121528,0.8096706926491526,23164.88273003472,22159.23315048791,baseline
2025-03-17 08:00:00,47330.72962673611,218.222389450868,23077.725075954862,24034.78216133038,baseline
2025-03-17 09:00:00,48418.159166666665,7049.163396131728,22271.70831597222,19097.28745456272,baseline
2025-03-17 10:00:00,49627.61516493056,16464.736150173612,19560.65016059028,13602.228854166664,baseline
2025-03-17 11:00:00,49124.14344184028,16885.17833875868,19937.506475694445,12301.458627387154,baseline
2025-03-17 12:00:00,48807.19722764757,15045.847058919271,21714.66116373698,12046.68900499132,baseline
2025-03-17 13:00:00,48426.28676215278,14241.970657552083,21987.559605034723,12196.75649956597,baseline
2025-03-17 14:00:00,48363.08664496528,14298.08537434896,21812.61413845486,12252.387132161455,baseline
2025-03-17 15:00:00,49376.127005208335,14999.301411675347,22128.631449652778,12248.19414388021,baseline
2025-03-17 16:00:00,50367.51902235243,15613.74587890625,22191.4627218967,12562.310421549482,baseline
2025-03-17 17:00:00,51737.18170138889,14859.267784288197,23047.014453125,13830.899463975691,baseline
2025-03-17 18:00:00,52383.13969184028,12201.4203125,23282.801202256946,16898.91817708333,baseline
2025-03-17 19:00:00,51988.52917534722,6461.708888617622,23840.55163845486,21686.268648274738,baseline
2025-03-17 20:00:00,51704.94605902778,779.6281143451916,24171.27499131945,26754.042953363143,baseline
2025-03-17 21:00:00,51625.238172743055,0.0196186610125005,24611.18045138889,27014.038102693157,baseline
2025-03-17 22:00:00,50077.061484375,0.0535306991895453,24778.31749565972,25298.69045801609,baseline
2025-03-17 23:00:00,47499.36651801215,0.1484827018363608,24861.24437934028,22637.97365597004,baseline
2025-03-18 00:00:00,44706.10529079861,0.1538157773017883,24674.284680989585,20031.666794031724,baseline
2025-03-18 01:00:00,42630.275889756944,0.2676583805845843,24633.62779296875,17996.38043840761,baseline
2025-03-18 02:00:00,41350.00752604166,0.331473350889153,24514.481473524305,16835.19457916647,baseline
2025-03-18 03:00:00,40725.56238715278,0.3594679437743293,24544.767454427085,16180.43546478192,baseline
2025-03-18 04:00:00,40803.11841579861,0.4462439718842506,24458.976078559022,16343.696093267705,baseline
2025-03-18 05:00:00,40512.11551649305,0.435300672782792,24392.995965711805,16118.684250108465,baseline
2025-03-18 06:00:00,41488.41684027778,0.4671436299549208,24528.94799045139,16959.001706196435,baseline
2025-03-18 07:00:00,44007.53241753472,0.483766116698583,24905.382369791667,19101.666281626352,baseline
2025-03-18 08:00:00,45367.84667100695,173.35795924153592,24723.24123480903,20471.24747695638,baseline
2025-03-18 09:00:00,46169.68908854167,5378.412828369141,24023.017450086805,16768.258810085717,baseline
2025-03-18 10:00:00,48295.37120659722,11427.172335069445,23142.296156684028,13725.902714843744,baseline
2025-03-18 11:00:00,48363.44685329861,13539.454047309027,22006.831822916665,12817.16098307292,baseline
2025-03-18 12:00:00,48973.28768663194,14433.665600043403,22249.944641927083,12289.677444661458,baseline
2025-03-18 13:00:00,50100.30125,15404.733599175348,22345.38105251736,12350.186598307286,baseline
2025-03-18 14:00:00,50835.56916666667,15431.077430555555,22584.200199652776,12820.29153645834,baseline
2025-03-18 15:00:00,52079.26191840278,15705.522764756945,22852.66187717014,13521.077276475691,baseline
2025-03-18 16:00:00,53491.87190429687,15660.36654188368,23488.55137641059,14342.953986002603,baseline
2025-03-18 17:00:00,54908.2062890625,15661.483305121528,23396.61640407986,15850.106579861116,baseline
2025-03-18 18:00:00,55437.15210503472,14168.078174913197,23530.016009114584,17739.05792100694,baseline
2025-03-18 19:00:00,54749.18222547743,7397.731953667535,23751.373283962672,23600.076987847224,baseline
2025-03-18 20:00:00,53975.09597222223,731.0221491257763,24388.703995225693,28855.36982787076,baseline
2025-03-18 21:00:00,53727.88552083333,0.112637931498078,24393.67332248264,29334.0995604192,baseline
2025-03-18 22:00:00,52126.67986979167,0.1986363869160413,24117.617938368057,28008.863295036692,baseline
2025-03-18 23:00:00,49342.26368923611,0.3437959849337736,23580.221629774307,25761.698263476872,baseline
2025-03-19 00:00:00,46273.07543077257,0.3795562088820669,23635.898696289063,22636.797178274628,baseline
2025-03-19 01:00:00,43833.26571180556,0.4340011076463593,23609.624105902774,20223.20760479513,baseline
2025-03-19 02:00:00,42577.23079427084,0.4080547045005692,23733.00316189236,18843.81957767397,baseline
2025-03-19 03:00:00,42150.69456163194,0.4437213848034541,23679.30320529514,18470.947634952,baseline
2025-03-19 04:00:00,42354.683515625,0.4608423156870736,23779.29361328125,18574.929060028066,baseline
2025-03-19 05:00:00,42458.87751302083,0.4633709629045592,23468.98781684028,18989.42632521765,baseline
2025-03-19 06:00:00,42396.44790364584,0.4604346626665857,21718.744138454866,20677.24333052831,baseline
2025-03-19 07:00:00,44332.24085069444,0.5013971332377858,20917.188196614585,23414.55125694662,baseline
2025-03-19 08:00:00,45406.17078125,81.62373488737477,19972.46039713541,25352.08664922721,baseline
2025-03-19 09:00:00,46500.0084375,4402.911186862521,19481.780735677083,22615.3165149604,baseline
2025-03-19 10:00:00,47851.044396701385,11479.28677734375,18731.766456163197,17639.99116319444,baseline
2025-03-19 11:00:00,48858.64546006944,13637.79941297743,19766.01310329861,15454.8329437934,baseline
2025-03-19 12:00:00,49716.65208767361,14892.186597222222,21575.808860677083,13248.656629774305,baseline
2025-03-19 13:00:00,50531.75856336806,15546.587255859376,22552.681851128476,12432.489456380208,baseline
2025-03-19 14:00:00,50517.49638454861,15582.867578125,22271.43394314236,12663.19486328125,baseline
2025-03-19 15:00:00,50217.88393663194,15225.912019314235,21947.102554253477,13044.869363064236,baseline
2025-03-19 16:00:00,50145.27885850694,14526.09911783854,22028.7315234375,13590.4482172309,baseline
2025-03-19 17:00:00,50749.54546006944,13818.428412543402,22388.31747612847,14542.799571397569,baseline
2025-03-19 18:00:00,51462.98625868056,12269.117611762153,22245.418511284723,16948.450135633677,baseline
2025-03-19 19:00:00,50164.82580295139,7167.1519596354165,22080.15886067708,20917.51498263889,baseline
2025-03-19 20:00:00,49755.396875,1027.6078553899129,21494.41340494792,27233.375614662167,baseline
2025-03-19 21:00:00,49803.45818142361,0.6770420279105505,20545.328663194443,29257.45247620125,baseline
2025-03-19 22:00:00,47998.36079861111,0.2200755424300829,18606.855501302085,29391.285221766597,baseline
2025-03-19 23:00:00,46036.79327256944,0.2323908160130182,17013.353717447917,29023.20716430551,baseline
2025-03-20 00:00:00,43963.00965277778,0.2459757587644788,16176.411889105902,27786.35178791311,baseline
2025-03-20 01:00:00,42535.0169140625,0.2865960127446386,14771.21169813368,27763.518619916074,baseline
2025-03-20 02:00:00,41284.85318142361,0.340106312069628,12841.96265842014,28442.550416691403,baseline
2025-03-20 03:00:00,40236.0464453125,0.342895356979635,11600.64443467882,28635.0591152767,baseline
2025-03-20 04:00:00,39790.425737847225,0.3462469132079018,10026.180922309028,29763.898568624987,baseline
2025-03-20 05:00:00,40487.32111545139,0.3464167642262247,8785.087940538195,31701.88675814897,baseline
2025-03-20 06:00:00,42302.075902777775,0.3445262049304114,8381.250283203124,33920.48109336972,baseline
2025-03-20 07:00:00,45653.7375,0.3557262994183434,7985.159251844618,37668.22252185597,baseline
2025-03-20 08:00:00,47695.34544704861,330.38028972844285,7318.715810004341,40046.24934731583,baseline
2025-03-20 09:00:00,48343.99206597222,9701.69472357856,5597.662272135417,33044.63507025824,baseline
2025-03-20 10:00:00,48854.711141493055,23392.438213975693,4236.456151801215,21225.816775716143,baseline
2025-03-20 11:00:00,48269.63834635416,25793.26644748264,5337.654506293403,17138.717392578124,baseline
2025-03-20 12:00:00,47158.880208333336,26152.67197265625,5271.614507378472,15734.593728298612,baseline
2025-03-20 13:00:00,46519.53954427083,26156.72164279514,4949.087250976562,15413.730650499132,baseline
2025-03-20 14:00:00,46572.54690972222,25927.722940538195,5026.296546766493,15618.527422417535,baseline
2025-03-20 15:00:00,46363.59289930556,25685.81942925347,5275.69489312066,15402.078576931424,baseline
2025-03-20 16:00:00,45896.3732421875,24867.649837239584,5539.250602213541,15489.472802734375,baseline
2025-03-20 17:00:00,46083.43762152778,24755.392664930558,5644.798109809028,15683.2468467882,baseline
2025-03-20 18:00:00,46300.172534722224,22685.63074869792,5795.445308159722,17819.096477864587,baseline
2025-03-20 19:00:00,46417.356119791664,15171.836556532118,6910.61380750868,24334.905755750864,baseline
2025-03-20 20:00:00,46702.75532118056,2199.613023613824,9134.0385671658,35369.10373040094,baseline
2025-03-20 21:00:00,47146.49252170139,0.6343541474019487,13128.840513237848,34017.017654316136,baseline
2025-03-20 22:00:00,46761.83756076389,0.277949445578787,18206.25837782118,28555.301233497128,baseline
2025-03-20 23:00:00,45201.71384548611,0.3245076230996185,21783.13232204861,23418.2570158144,baseline
2025-03-21 00:00:00,43595.97149739583,0.3172371267610126,22504.37181857639,21091.28244169268,baseline
2025-03-21 01:00:00,43000.870047743054,0.384493881298436,23037.31976779514,19963.165786066616,baseline
2025-03-21 02:00:00,42489.23013888889,0.4148223096794552,23090.34231770833,19398.472998870875,baseline
2025-03-21 03:00:00,41835.60153211805,0.3502973314788606,22854.05683810764,18981.194396678937,baseline
2025-03-21 04:00:00,41402.73375434028,0.3505383909079763,22577.1265234375,18825.25669251187,baseline
2025-03-21 05:00:00,42133.43164930555,0.3742010497715738,22588.6610655382,19544.396382717587,baseline
2025-03-21 06:00:00,44137.2080078125,0.3125893549621105,22489.241976996527,21647.65344146101,baseline
2025-03-21 07:00:00,47124.738854166666,0.3525526626242531,22800.841449652777,24323.544851851264,baseline
2025-03-21 08:00:00,49005.36130642361,349.05904042916166,22881.03867621528,25775.263589779173,baseline
2025-03-21 09:00:00,49792.68427517361,7645.447298990885,22121.57240885417,20025.66456732856,baseline
2025-03-21 10:00:00,50321.00420138889,15883.072815755208,20070.40304904514,14367.52833658854,baseline
2025-03-21 11:00:00,49934.49470920139,14869.277102864584,21730.67138671875,13334.54621961806,baseline
2025-03-21 12:00:00,48337.1740625,14050.871832682293,21180.996510416662,13105.305719401047,baseline
2025-03-21 13:00:00,47162.77986979167,15678.979310980903,18324.779294704866,13159.021264105895,baseline
2025-03-21 14:00:00,46386.00028645834,18733.14958333333,14413.535754123264,13239.31494900174,baseline
2025-03-21 15:00:00,46336.95798177084,21256.67986762153,12031.633725043404,13048.644389105904,baseline
2025-03-21 16:00:00,46871.394921875,23405.889019097223,10149.694264322916,13315.811638454856,baseline
2025-03-21 17:00:00,47429.43775607639,23273.44102430556,9248.05144205729,14907.945289713542,baseline
2025-03-21 18:00:00,48023.71085069444,22257.23609375,8357.965362413195,17408.509394531247,baseline
2025-03-21 19:00:00,47967.74034722222,14053.513753797744,8249.67211751302,25664.554475911456,baseline
2025-03-21 20:00:00,47347.10200520833,2180.58032796224,8864.762201605903,36301.75947564019,baseline
2025-03-21 21:00:00,47509.07623697917,145.3286084153917,12231.70751953125,35132.04010903253,baseline
2025-03-21 22:00:00,46638.007078993054,144.75598487006295,15559.30466579861,30933.94642832438,baseline
2025-03-21 23:00:00,45363.02948784722,51.07288952795996,18449.890162760417,26862.06643555884,baseline
2025-03-22 00:00:00,43730.64481770834,0.1971986660609642,20466.290540364585,23264.157078677694,baseline
2025-03-22 01:00:00,42340.238671875,0.2510313797990481,20849.386388888888,21490.601251606317,baseline
2025-03-22 02:00:00,41189.41329861112,0.3349284837808874,20423.7945030382,20765.283867089136,baseline
2025-03-22 03:00:00,39801.77135850694,0.3542093858453962,19138.345325520837,20663.071823600265,baseline
2025-03-22 04:00:00,39411.18324652778,0.3625048396653599,18299.09692274305,21111.723818945055,baseline
2025-03-22 05:00:00,39194.548359375,0.5734623186455833,16911.52886176215,22282.446035294204,baseline
2025-03-22 06:00:00,39702.770546875,0.431215027835634,15518.48625,24183.853081847163,baseline
2025-03-22 07:00:00,40783.35690104167,0.4335302543640136,14997.770687934028,25785.15268285328,baseline
2025-03-22 08:00:00,42003.55145399306,293.3323968249891,15879.83868923611,25830.38036793196,baseline
2025-03-22 09:00:00,43570.60416232639,7997.75773546007,16432.81937934028,19140.02704752604,baseline
2025-03-22 10:00:00,46449.27832899305,18720.480480685765,13713.958152126736,14014.839696180552,baseline
2025-03-22 11:00:00,46857.30509548611,18065.39243923611,15145.831120876735,13646.08153537326,baseline
2025-03-22 12:00:00,46991.79700954861,18621.33366970486,14642.456188151042,13728.007151692706,baseline
2025-03-22 13:00:00,47625.776154513886,18367.70525824653,15437.933916015623,13820.13698025173,baseline
2025-03-22 14:00:00,48602.92837673611,17111.01781358507,17542.70747612847,13949.203087022572,baseline
2025-03-22 15:00:00,49523.179348958336,16580.09500108507,18882.173049045137,14060.911298828129,baseline
2025-03-22 16:00:00,50768.29979600695,16803.552087673612,19655.309092881944,14309.438615451392,baseline
2025-03-22 17:00:00,51642.94668836806,16619.281802300346,20152.623522135415,14871.041363932294,baseline
2025-03-22 18:00:00,52362.800390625,14678.834105902775,21042.14168619792,16641.824598524305,baseline
2025-03-22 19:00:00,51957.74723090278,8467.06868326823,21938.54071614583,21552.13783148872,baseline
2025-03-22 20:00:00,51036.62850694444,1414.9132194773356,22953.906597222223,26667.808690244885,baseline
2025-03-22 21:00:00,50829.93338541667,0.7131034119887691,23910.739774305555,26918.480507699125,baseline
2025-03-22 22:00:00,49738.39526475695,0.1736913412726587,24100.26992621528,25637.9516472004,baseline
2025-03-22 23:00:00,47967.245985243055,0.2236956727835867,24009.387934027774,23957.634355542494,baseline
2025-03-23 00:00:00,45909.94919704861,0.28093909987145,23768.695557725696,22140.972700223047,baseline
2025-03-23 01:00:00,43974.961588541664,0.3124152877595689,23550.070889756946,20424.57828349696,baseline
2025-03-23 02:00:00,42614.9343359375,0.3103215319911639,23307.64321397569,19306.98080042981,baseline
2025-03-23 03:00:00,41715.03062934028,0.3248887817396058,23055.024856770837,18659.680883787703,baseline
2025-03-23 04:00:00,41145.596228298615,0.3799824703070852,22754.670703125,18390.54554270331,baseline
2025-03-23 05:00:00,40166.14825086806,0.3801525453064177,22286.580384114583,17879.18771420817,baseline
2025-03-23 06:00:00,39985.09326388889,0.3777545806434419,21298.824251302085,18685.89125800616,baseline
2025-03-23 07:00:00,40410.91187934028,0.3883428731560707,20085.21827907986,20325.305257387263,baseline
2025-03-23 08:00:00,41224.44875868056,84.22467948185073,19437.29732638889,21702.926752809817,baseline
2025-03-23 09:00:00,42733.53215711805,2912.987620442708,17930.65297526042,21889.891561414926,baseline
2025-03-23 10:00:00,45840.391710069445,8862.878645833332,16967.433723958333,20010.079340277774,baseline
2025-03-23 11:00:00,48081.52313368056,12155.458676215278,18428.775355902777,17497.289101562506,baseline
2025-03-23 12:00:00,49920.39133680556,13421.77138997396,19096.34341362847,17402.276533203127,baseline
2025-03-23 13:00:00,51635.52851128472,13852.597579210067,19128.27406684028,18654.65686523437,baseline
2025-03-23 14:00:00,52413.03620225695,14422.802934027775,18608.569090711804,19381.664177517363,baseline
2025-03-23 15:00:00,53284.95860243055,15648.279949001737,17472.290221354167,20164.38843207465,baseline
2025-03-23 16:00:00,54562.61943576389,16417.44648220486,16464.236625434027,21680.936328125,baseline
2025-03-23 17:00:00,55703.22738715278,16288.817578125,15355.28714952257,24059.12265950521,baseline
2025-03-23 18:00:00,55995.575208333335,14047.52439344618,14940.51312282986,27007.537692057293,baseline
2025-03-23 19:00:00,55204.26161458333,8190.888421766493,14955.524994574653,32057.848198242187,baseline
2025-03-23 20:00:00,54253.8446484375,1410.902632191976,14973.932972005208,37869.00904424032,baseline
2025-03-23 21:00:00,53983.32045572917,0.7294196403440502,15089.203816189236,38893.38721989959,baseline
2025-03-23 22:00:00,52142.30381510417,0.2051818959414958,14692.26701063368,37449.83162257455,baseline
2025-03-23 23:00:00,49216.35773003472,0.4119387263059616,13554.598169487846,35661.347621820576,baseline
2025-03-24 00:00:00,46288.43065538195,0.4253098082542419,12551.71236219618,33736.29298337751,baseline
2025-03-24 01:00:00,44187.10734375,0.4256839865446091,11561.200835503472,32625.480824259983,baseline
2025-03-24 02:00:00,42931.4640234375,0.4296185192134645,10858.170665147569,32072.863739770717,baseline
2025-03-24 03:00:00,41755.9112109375,0.4271345890561739,10552.340374348958,31203.143701999485,baseline
2025-03-24 04:00:00,39944.234305555554,0.4315398590101136,9606.540343967014,30337.26242172953,baseline
2025-03-24 05:00:00,40051.423016493056,0.4495331377122137,8835.756019965278,31215.217463390065,baseline
2025-03-24 06:00:00,41124.636171875,0.3893642733163304,7772.142840711806,33352.103966889874,baseline
2025-03-24 07:00:00,43817.93872395833,0.397462689379851,6498.612009548611,37318.92925172034,baseline
2025-03-24 08:00:00,45521.27071180556,370.3516711074114,6088.743338216146,39062.175702482,baseline
2025-03-24 09:00:00,46608.42697916667,9295.519724121094,6117.451602647569,31195.455652398003,baseline
2025-03-24 10:00:00,49248.95715277778,21409.39441189236,4960.417540690104,22879.145200195315,baseline
2025-03-24 11:00:00,49516.70941840278,22742.265470920134,5247.779109700521,21526.66483778212,baseline
2025-03-24 12:00:00,48934.553828125,22103.468430989586,5771.65993218316,21059.42546495225,baseline
2025-03-24 13:00:00,49811.07979166666,23314.64034939236,5403.93995062934,21092.49949164496,baseline
2025-03-24 14:00:00,51220.01315972222,24012.526631944445,5006.243142361112,22201.243385416663,baseline
2025-03-24 15:00:00,53285.16397569444,24288.81509765625,5222.258942599827,23774.08993543837,baseline
2025-03-24 16:00:00,55232.76992947049,24600.99203016493,5585.379944254557,25046.397955051,baseline
2025-03-24 17:00:00,57213.539536675344,24257.6846484375,5857.002028944227,27098.85285929362,baseline
2025-03-24 18:00:00,58262.17967773438,22162.27924641927,5919.423304036458,30180.47712727865,baseline
2025-03-24 19:00:00,57444.64134548611,13622.599175347224,5515.224571940104,38306.81759819879,baseline
2025-03-24 20:00:00,54449.16994791666,2008.5270721732245,4835.612271592882,47605.03060415056,baseline
2025-03-24 21:00:00,53078.276380208335,1.21847077805135,5877.37069173177,47199.68721769851,baseline
2025-03-24 22:00:00,52315.87197482639,0.1565161971002817,8463.415683051215,43852.29977557808,baseline
2025-03-24 23:00:00,49586.9436328125,0.2329729540314939,10557.25810329861,39029.45255655986,baseline
2025-03-25 00:00:00,46388.27490017361,0.2669428732660082,12813.182738715275,33574.825218585065,baseline
2025-03-25 01:00:00,43625.84700954861,0.345527085993025,15567.29642578125,28058.20505668137,baseline
2025-03-25 02:00:00,42188.89680121528,0.3597913513249821,16394.73935546875,25793.7976543952,baseline
2025-03-25 03:00:00,40994.88756076389,0.3950552461544672,16699.55482638889,24294.93767912885,baseline
2025-03-25 04:00:00,39940.970625,0.3824983926945262,15887.43587999132,24053.152246615988,baseline
2025-03-25 05:00:00,39932.31271701389,0.3874839339322514,14896.967078993055,25034.958154086904,baseline
2025-03-25 06:00:00,41262.24799913194,0.3956653378076024,13874.793077256943,27387.059256537188,baseline
2025-03-25 07:00:00,44035.967560763886,0.4003833085960812,13183.736199001736,30851.830978453552,baseline
2025-03-25 08:00:00,45457.10026909722,353.0216931528515,12717.133333333331,32386.94524261104,baseline
2025-03-25 09:00:00,46183.64190104167,8317.230549180773,11180.112225477433,26686.299126383463,baseline
2025-03-25 10:00:00,49794.08656684028,20753.33651909722,8401.106695963541,20639.64335177952,baseline
2025-03-25 11:00:00,51900.25791666667,24017.358472222222,8797.273930121528,19085.62551432292,baseline
2025-03-25 12:00:00,52152.7124609375,23469.39439236111,9405.037349175347,19278.28071940105,baseline
2025-03-25 13:00:00,53338.60232204861,24102.92076605903,8198.165431315105,21037.51612467448,baseline
2025-03-25 14:00:00,55895.37533420139,24570.900030381945,7519.390573459202,23805.08473036024,baseline
2025-03-25 15:00:00,58385.60853298611,24509.597013888888,7203.923572048611,26672.08794704861,baseline
2025-03-25 16:00:00,60307.95506944445,23621.541473524307,7327.470168728299,29358.943427191844,baseline
2025-03-25 17:00:00,62364.71896701389,22343.901573350693,7482.538444010416,32538.27894965278,baseline
2025-03-25 18:00:00,63098.137699652776,18913.543253038195,8199.935176323785,35984.659270290795,baseline
2025-03-25 19:00:00,60618.41087239584,8776.098449164496,9890.091687282986,41952.22073594835,baseline
2025-03-25 20:00:00,58336.637339409725,1134.4377633274926,12063.293818359374,45138.90575772286,baseline
2025-03-25 21:00:00,57834.77595486112,0.4833095641615283,15980.319148220486,41853.97349707647,baseline
2025-03-25 22:00:00,56439.477543402776,0.1457849419116973,20122.776013454863,36316.555745006,baseline
2025-03-25 23:00:00,53608.2912890625,0.3074157147275076,22505.88149305556,31102.102380292217,baseline
2025-03-26 00:00:00,49832.1330967882,0.363388868437873,22922.600840386283,26909.168867533477,baseline
2025-03-26 01:00:00,46715.3517078993,0.4162892525725895,22857.90900390625,23857.02641474048,baseline
2025-03-26 02:00:00,44647.94062934028,0.4237464853790071,22076.9971875,22570.5196953549,baseline
2025-03-26 03:00:00,43519.42108506944,0.4067673296398587,20791.375963541668,22727.63835419813,baseline
2025-03-26 04:00:00,42848.17639756944,0.4052407734261619,19382.33613498264,23465.435021813377,baseline
2025-03-26 05:00:00,42289.18664496528,0.4201727892624007,17845.21906467014,24443.54740750588,baseline
2025-03-26 06:00:00,43363.84689236112,0.4405600477589501,16600.171429036458,26763.234903276894,baseline
2025-03-26 07:00:00,45927.38409288194,0.4327283137043317,15669.72425889757,30257.227105670667,baseline
2025-03-26 08:00:00,47306.7215125868,168.0176378646824,14573.409047309027,32565.29482741309,baseline
2025-03-26 09:00:00,47648.051746961806,3426.692527737088,13399.553659939236,30821.805559285483,baseline
2025-03-26 10:00:00,49400.00472439236,8764.510015190972,11976.519937065972,28658.974772135414,baseline
2025-03-26 11:00:00,51668.73912977431,11557.30939561632,13366.22840277778,26745.20133138021,baseline
2025-03-26 12:00:00,53535.33410590278,14389.76166232639,13910.040021701388,25235.532421875003,baseline
2025-03-26 13:00:00,53469.26962890625,16051.280184461806,13917.742957899303,23500.24648654514,baseline
2025-03-26 14:00:00,54222.60312934028,15601.549405381944,14886.293309461806,23734.76041449653,baseline
2025-03-26 15:00:00,54913.26602430556,14666.45443576389,15455.107116970486,24791.70447157118,baseline
2025-03-26 16:00:00,54993.73650607639,13779.98297092014,15282.093142361113,25931.660392795144,baseline
2025-03-26 17:00:00,55189.99497829861,12922.396610243057,15487.974854600694,26779.62351345486,baseline
2025-03-26 18:00:00,55070.14187934028,9972.627748480903,16857.47693793403,28240.037192925345,baseline
2025-03-26 19:00:00,54126.29879774305,5793.805666232639,19224.831746961805,29107.66138454861,baseline
2025-03-26 20:00:00,53321.98816189236,979.1071694056192,21871.613203125,30471.26778936174,baseline
2025-03-26 21:00:00,53514.367751736114,0.4670251490341292,23626.66668185764,29887.23404472944,baseline
2025-03-26 22:00:00,52272.69165364583,0.3442174680034319,25364.82422743056,26907.523208747272,baseline
2025-03-26 23:00:00,49463.38345486111,0.4396790425976117,24636.41886935764,24826.52490646088,baseline
2025-03-27 00:00:00,46649.769118923614,0.4170703721377585,24019.91416232639,22629.437886225085,baseline
2025-03-27 01:00:00,44481.18545789931,0.410740440984567,23170.34052517361,21310.434192284712,baseline
2025-03-27 02:00:00,42922.72926215278,0.4426755283938514,20609.87863715278,22312.40794947161,baseline
2025-03-27 03:00:00,41181.23740017361,0.4515742098953988,18667.262330729165,22513.52349523455,baseline
2025-03-27 04:00:00,40294.10618272569,0.4652781824602021,16882.79363064236,23410.847273900872,baseline
2025-03-27 05:00:00,40481.57977430556,0.4622021996974945,15719.089953342014,24762.027618763845,baseline
2025-03-27 06:00:00,41643.56195746528,0.465340904129876,14889.16642903646,26753.930187524693,baseline
2025-03-27 07:00:00,44246.09767144097,0.4615626767939991,14082.004308810763,30163.63179995341,baseline
2025-03-27 08:00:00,45880.21499565972,169.45106425997284,12810.119985894096,32900.64394550565,baseline
2025-03-27 09:00:00,46170.50755208333,4104.6808074273,11311.90466796875,30753.92207668728,baseline
2025-03-27 10:00:00,48110.57714409722,9974.966325954862,9372.52495985243,28763.08585828993,baseline
2025-03-27 11:00:00,48960.951265190975,11595.708451605902,11825.4561328125,25539.786680772573,baseline
2025-03-27 12:00:00,49530.08808159722,13443.072688802084,13051.817708333334,23035.197684461804,baseline
2025-03-27 13:00:00,50176.3487999132,14515.008366970484,12563.244049479166,23098.096383463548,baseline
2025-03-27 14:00:00,51076.11554470486,14633.303544921877,12396.599912109376,24046.212087673608,baseline
2025-03-27 15:00:00,51253.26398220486,13438.952859157986,12150.596335720486,25663.71478732639,baseline
2025-03-27 16:00:00,51414.81276150174,12622.878402235245,12970.959600694445,25820.974758572047,baseline
2025-03-27 17:00:00,50783.42347222223,10776.457350260416,14593.70910264757,25413.25701931424,baseline
2025-03-27 18:00:00,50637.4562109375,7745.912817925348,15664.990554470483,27226.552838541666,baseline
2025-03-27 19:00:00,49714.048168402776,3982.8427600097657,16833.295617404514,28897.90979098849,baseline
2025-03-27 20:00:00,49481.92269097222,626.8071919054455,17079.622102864585,31775.49339620219,baseline
2025-03-27 21:00:00,49452.77584635417,0.270844975511233,17573.524835069446,31878.98016630921,baseline
2025-03-27 22:00:00,49113.67402777778,0.3086175850364896,17081.648518880207,32031.71689131253,baseline
2025-03-27 23:00:00,46552.12135850694,0.4697503710124228,14878.76872721354,31672.88288092239,baseline
2025-03-28 00:00:00,44219.92599826389,0.4957719287938542,13392.629403211806,30826.80082312329,baseline
2025-03-28 01:00:00,42837.01795138889,0.4570094754960802,12323.847035590275,30512.713906323115,baseline
2025-03-28 02:00:00,41488.5625,0.4500767913791868,9978.167808159722,31509.9446150489,baseline
2025-03-28 03:00:00,40719.53836805555,0.4521420213911268,9396.805832248265,31322.2803937859,baseline
2025-03-28 04:00:00,40526.267934027775,0.4600322498546706,9911.736501736112,30614.07140004181,baseline
2025-03-28 05:00:00,40444.74748480903,0.4661154863900608,9992.329580078123,30451.951789244515,baseline
2025-03-28 06:00:00,41375.56954427083,0.4808340495493677,10115.86423719618,31259.2244730251,baseline
2025-03-28 07:00:00,43646.77133029514,0.4975830541054408,9299.802860243057,34346.47088699798,baseline
2025-03-28 08:00:00,45084.05420572917,40.163305822014806,8135.383601888021,36908.50729801913,baseline
2025-03-28 09:00:00,46070.12555121528,1992.8806187947591,7470.216604275173,36607.02832814535,baseline
2025-03-28 10:00:00,47051.24884548611,6645.587151150174,7600.493372395833,32805.1683219401,baseline
2025-03-28 11:00:00,47967.92675564236,10799.99033528646,7045.531307508681,30122.40511284722,baseline
2025-03-28 12:00:00,48966.14389756945,14621.979280598958,5465.360580512152,28878.804036458336,baseline
2025-03-28 13:00:00,49377.29688151042,15696.968217773438,4116.647860649957,29563.680803087023,baseline
2025-03-28 14:00:00,49800.507105034725,15423.092916666666,3447.3360511610244,30930.078137207038,baseline
2025-03-28 15:00:00,50590.975108506944,14764.051181640623,3972.4284331597214,31854.4954937066,baseline
2025-03-28 16:00:00,51514.61182291667,14231.516627604167,5071.189863823784,32211.90533148872,baseline
2025-03-28 17:00:00,52169.29322048611,14801.524174262153,5983.202874891493,31384.566171332463,baseline
2025-03-28 18:00:00,51461.39805989584,13471.165845269095,7135.817041015625,30854.41517361112,baseline
2025-03-28 19:00:00,50758.316380208336,10161.614094509549,9332.52715060764,31264.17513509115,baseline
2025-03-28 20:00:00,49927.07625,1999.6096939584943,12010.902981770834,35916.563574270665,baseline
2025-03-28 21:00:00,49967.59696614584,0.7160759171760744,16817.521023220484,33149.35986700818,baseline
2025-03-28 22:00:00,49501.30908420139,0.184265751623445,20894.43319444445,28606.69162400532,baseline
2025-03-28 23:00:00,48098.14916232639,0.2774112323588795,22317.451004774302,25780.42074631972,baseline
2025-03-29 00:00:00,46182.12221354167,0.3173003883494271,22768.96091796875,23412.84399518457,baseline
2025-03-29 01:00:00,44021.21848524306,0.3430399075481626,22809.266799045137,21211.608646290373,baseline
2025-03-29 02:00:00,42398.06101996528,0.3706445688671536,22707.339552951387,19690.350822445027,baseline
2025-03-29 03:00:00,41734.26924479166,0.3706018592582809,22558.434615885417,19175.46402704699,baseline
2025-03-29 04:00:00,41208.6604296875,0.4550241367353333,22082.593528645837,19125.61187690493,baseline
2025-03-29 05:00:00,40973.95118489584,0.4219523021578789,21653.78761067708,19319.7416219166,baseline
2025-03-29 06:00:00,40814.08246527778,0.4085331263807085,20846.60017361111,19967.07375854029,baseline
2025-03-29 07:00:00,41519.170078125,0.4234825008445316,20329.259292534723,21189.487303089427,baseline
2025-03-29 08:00:00,42741.923272569446,120.02259691572851,19601.94213107639,23019.958544577326,baseline
2025-03-29 09:00:00,44159.26266059028,4130.216252170139,16760.73220703125,23268.314201388886,baseline
2025-03-29 10:00:00,46671.02004340278,10712.611467013889,13664.19541232639,22294.2131640625,baseline
2025-03-29 11:00:00,48472.87893663195,14854.485784505208,12479.269153645831,21139.123998480907,baseline
2025-03-29 12:00:00,49481.21960503472,17535.573625217014,10378.887406684027,21566.75857313368,baseline
2025-03-29 13:00:00,50910.74338541667,21316.43504123264,8907.45341688368,20686.85492730035,baseline
2025-03-29 14:00:00,53156.10857204861,22396.1512109375,8913.700750868056,21846.25661024305,baseline
2025-03-29 15:00:00,56103.43476996528,22903.729813368056,11134.832513020834,22064.872443576387,baseline
2025-03-29 16:00:00,58582.843209635415,22377.988274739582,13710.349384765625,22494.505550130205,baseline
2025-03-29 17:00:00,60076.069956597225,21244.763990885414,16666.94681640625,22164.35914930556,baseline
2025-03-29 18:00:00,60213.6752734375,17236.767094184026,19259.882643229168,23717.025536024303,baseline
2025-03-29 19:00:00,58941.0494140625,8615.23574544271,20239.63559895833,30086.17806966146,baseline
2025-03-29 20:00:00,57141.33250434028,1456.8104182773166,21391.86916449653,34292.652921566434,baseline
2025-03-29 21:00:00,55748.89493489584,1.9974750470949545,20524.82687934028,35222.07058050846,baseline
2025-03-29 22:00:00,53157.07964409722,0.2336282731509871,18389.98197265625,34766.86404316782,baseline
2025-03-29 23:00:00,50475.21697482639,0.3658960634138849,15821.29193576389,34653.55914299909,baseline
2025-03-30 00:00:00,48242.55259548611,0.3740153324935171,14155.674521484376,34086.504058669234,baseline
2025-03-30 01:00:00,45697.26244357639,0.3922095537516806,12706.307019314236,32990.5632147084,baseline
2025-03-30 02:00:00,44089.96390625,0.3878432516919242,13009.966343315971,31079.60971968233,baseline
2025-03-30 03:00:00,42792.384505208334,0.3870744350883696,14613.233836805555,28178.76359396769,baseline
2025-03-30 04:00:00,42804.09398871528,0.3910731386807229,15695.1757421875,27108.5271733891,baseline
2025-03-30 05:00:00,42489.32558159722,0.3743090633882416,16283.620888671874,26205.33038386196,baseline
2025-03-30 06:00:00,42041.622601996525,0.3680028152796957,16430.728370225694,25610.52622895555,baseline
2025-03-30 07:00:00,42149.19728298611,0.3702765574057897,16629.297105034722,25519.529901393984,baseline
2025-03-30 08:00:00,42951.1434375,126.01905839032597,16724.653235677084,26100.47114343259,baseline
2025-03-30 09:00:00,45321.35980034722,4195.775759006076,16366.377993706596,24759.206047634547,baseline
2025-03-30 10:00:00,48840.86659722222,11184.60097439236,15098.08087890625,22558.18474392361,baseline
2025-03-30 11:00:00,50877.497643229166,14218.673078342012,15323.123540581597,21335.70102430556,baseline
2025-03-30 12:00:00,51545.20858506944,17462.460205078125,12865.52279296875,21217.225587022567,baseline
2025-03-30 13:00:00,52451.54017361111,19325.671963975696,10205.774943576387,22920.093266059022,baseline
2025-03-30 14:00:00,53905.98618706597,19967.93866970486,7862.23629014757,26075.81122721354,baseline
2025-03-30 15:00:00,56023.19651909722,20116.110340711806,6188.204950086805,29718.881228298607,baseline
2025-03-30 16:00:00,57313.92891927083,20253.90301432292,5091.892495659722,31968.13340928819,baseline
2025-03-30 17:00:00,57406.53601128472,19620.342178819443,4555.044954969618,33231.14887749566,baseline
2025-03-30 18:00:00,57716.00763237848,16776.28328667535,4255.966712510851,36683.75763319228,baseline
2025-03-30 19:00:00,56504.67350694445,10638.835895182292,4896.374934895834,40969.46267686632,baseline
2025-03-30 20:00:00,54097.2717578125,2006.0875321706137,6606.554206814236,45484.63001882765,baseline
2025-03-30 21:00:00,53678.3976171875,2.23598469190403,9259.581137695312,44416.58049480028,baseline
2025-03-30 22:00:00,53096.08567057292,0.2386164695355627,12233.418909505208,40862.428144598176,baseline
2025-03-30 23:00:00,50641.096844618056,0.3637084127465884,13730.06500217014,36910.66813403517,baseline
2025-03-31 00:00:00,47934.808046875,0.3324584498670366,13058.781768663195,34875.69381976193,baseline
2025-03-31 01:00:00,45228.47828993056,0.3476447628272904,11764.93337782118,33463.19726734655,baseline
2025-03-31 02:00:00,43592.6320703125,0.3576582686768638,9709.014933810764,33883.25947823306,baseline
2025-03-31 03:00:00,42033.52248697917,0.3643951688872443,7089.70820203993,34943.449889770345,baseline
2025-03-31 04:00:00,41416.4748828125,0.4290900120470259,5121.535843641493,36294.50994915896,baseline
2025-03-31 05:00:00,42152.83469618056,0.4064325671725803,5750.885034722222,36401.54322889116,baseline
2025-03-31 06:00:00,43906.75612847223,0.3713364286886321,7481.431008029514,36424.953784014026,baseline
2025-03-31 07:00:00,45787.837495659725,0.3718959190448125,7864.331140407986,37923.13445933269,baseline
2025-03-31 08:00:00,47171.52592447917,433.5027585730288,8240.612136501735,38497.4110294044,baseline
2025-03-31 09:00:00,48360.48315104167,6968.622933349609,7104.834663628472,34287.025554063584,baseline
2025-03-31 10:00:00,51094.010088975694,17182.35372721354,5173.40860514323,28738.247756618926,baseline
2025-03-31 11:00:00,52830.4238671875,21272.569574652774,4593.293874240451,26964.56041829427,baseline
2025-03-31 12:00:00,52426.75083767361,22515.045132378476,3715.5800889756943,26196.12561631944,baseline
2025-03-31 13:00:00,52403.223229166666,24298.460928819444,3462.445444607205,24642.316855740017,baseline
2025-03-31 14:00:00,53486.67680989584,24890.442374131944,2946.600096028646,25649.634339735243,baseline
2025-03-31 15:00:00,55115.00547743055,24873.419943576388,2808.7831065538194,27432.802427300347,baseline
2025-03-31 16:00:00,56376.671046006944,24939.653817274306,2758.1840874565974,28678.83314127604,baseline
2025-03-31 17:00:00,57498.55028645833,24245.464027777776,3180.711968315972,30072.374290364583,baseline
2025-03-31 18:00:00,57818.47629774306,21619.10333767361,4228.719079318576,31970.65388075087,baseline
2025-03-31 19:00:00,56676.597380642364,13096.144900716146,5435.8646875,38144.58779242622,baseline
2025-03-31 20:00:00,54551.35528211806,2277.245585089789,7110.680944010417,45163.42875301785,baseline
2025-03-31 21:00:00,53410.491534288194,3.092560524607284,10062.423171657983,43344.9758021056,baseline
2025-03-31 22:00:00,52780.956675347225,0.0985874510949684,13670.301281467016,39110.55680642912,baseline
2025-03-31 23:00:00,50116.9649609375,0.3467503990315729,16838.549879557293,33278.06833098117,baseline
2025-04-01 00:00:00,46973.584435763885,0.3884983358118269,19777.0345703125,27196.161367115576,baseline
2025-04-01 01:00:00,44347.33285590278,0.492082703527477,21239.620792100694,23107.21998109856,baseline
2025-04-01 02:00:00,43433.84516927083,0.4752226839297347,21297.058719618057,22136.311226968846,baseline
2025-04-01 03:00:00,42100.17939019097,0.4815196892619133,20466.9307530382,21632.76711746351,baseline
2025-04-01 04:00:00,41229.996178385416,0.666852332982752,19947.03302517361,21282.29630087882,baseline
2025-04-01 05:00:00,41721.92383463542,0.7488230211204953,20082.740026041665,21638.434985572632,baseline
2025-04-01 06:00:00,42695.75569878472,0.7711789981193012,20593.76732638889,22101.21719339771,baseline
2025-04-01 07:00:00,45269.35060763889,0.642328484819995,21039.558875868057,24229.14940328601,baseline
2025-04-01 08:00:00,46803.75691840277,290.8307222476933,21347.53703342014,25165.38916273494,baseline
2025-04-01 09:00:00,47991.93538628472,3780.447664659288,21157.38170355903,23054.106018066403,baseline
2025-04-01 10:00:00,49885.925047743054,7045.911709526909,20920.83029079861,21919.183047417533,baseline
2025-04-01 11:00:00,51500.45527126736,8229.869813368055,22372.066399739582,20898.519058159723,baseline
2025-04-01 12:00:00,52140.44743055556,8822.937180989584,23127.35655815972,20190.153691406253,baseline
2025-04-01 13:00:00,53338.242712673615,9750.66791232639,23426.73011935764,20160.844680989583,baseline
2025-04-01 14:00:00,53972.23374348958,10542.24683485243,23927.63101128472,19502.355897352427,baseline
2025-04-01 15:00:00,54787.13982855903,11183.200506727431,24119.280970052085,19484.658351779508,baseline
2025-04-01 16:00:00,55973.69079644097,12300.2380859375,24134.13315755208,19539.319552951383,baseline
2025-04-01 17:00:00,57294.64069661458,11899.031920572916,24277.723743489583,21117.885032552083,baseline
2025-04-01 18:00:00,58079.341137152776,10367.30527018229,24554.113838975696,23157.92202799479,baseline
2025-04-01 19:00:00,57915.86336805556,5413.190493977864,24781.450399305555,27721.222474772138,baseline
2025-04-01 20:00:00,57417.66350043403,1263.6499711736044,24616.75351345486,31537.260015805565,baseline
2025-04-01 21:00:00,57148.27864800347,2.2113260596990587,24241.393661024307,32904.67366091946,baseline
2025-04-01 22:00:00,56083.45366753472,0.2184804735415511,25598.960590277777,30484.2745967834,baseline
2025-04-01 23:00:00,54296.112725694446,0.3902170392208629,26568.909585503472,27726.812923151752,baseline
2025-04-02 00:00:00,51894.32591362847,0.3997210586071014,26669.16699869792,25224.759193871945,baseline
2025-04-02 01:00:00,49375.857112630205,0.3893784334841701,26332.5033468967,23042.96438730002,baseline
2025-04-02 02:00:00,47741.119480251735,0.3898970658911599,26179.44024305556,21561.289340130286,baseline
2025-04-02 03:00:00,46624.06917643229,0.4218192196885745,25887.951130642363,20735.69622657024,baseline
2025-04-02 04:00:00,45672.83139322917,0.4350756704145008,24868.37465060764,20804.02166695111,baseline
2025-04-02 05:00:00,45514.67336805556,0.3755391131838163,23472.314131944444,22041.98369699793,baseline
2025-04-02 06:00:00,46954.234453125,0.3724803810649448,23952.705075954866,23001.15689678907,baseline
2025-04-02 07:00:00,49653.16379557292,0.3831151243050893,24444.989620225693,25207.79106022292,baseline
2025-04-02 08:00:00,50653.19118923611,200.3962526734008,21988.088201497398,28464.70673506532,baseline
2025-04-02 09:00:00,51332.04474283855,4007.6619681125217,17826.65120768229,29497.73156704373,baseline
2025-04-02 10:00:00,53370.79470052083,9625.70197157118,16009.349867078992,27735.74286187066,baseline
2025-04-02 11:00:00,54862.73940972222,12630.60355360243,15312.076292317708,26920.05956380208,baseline
2025-04-02 12:00:00,54795.50551649305,13519.92224609375,11935.90411783854,29339.67915256076,baseline
2025-04-02 13:00:00,55288.088342013885,14354.304580891929,8637.813980848525,32295.969780273437,baseline
2025-04-02 14:00:00,56425.66606553819,15070.946064453125,6733.8416155327695,34620.8783855523,baseline
2025-04-02 15:00:00,57299.72902777778,15539.470167100695,5742.7532345920135,36017.50562608507,baseline
2025-04-02 16:00:00,58701.29186306424,16687.45574327257,5256.324415690105,36757.51170410156,baseline
2025-04-02 17:00:00,58992.154660373264,15030.923491753472,5752.7997238498265,38208.431444769965,baseline
2025-04-02 18:00:00,58285.7971842448,11689.268881293405,6476.355719943576,40120.17258300781,baseline
2025-04-02 19:00:00,56190.5131890191,6450.719647894965,7917.547370605469,41822.24617051866,baseline
2025-04-02 20:00:00,55498.29685763889,1106.3967767090269,9634.07912109375,44757.82095983611,baseline
2025-04-02 21:00:00,55796.67041666667,0.4804527905417813,12098.027338324651,43698.16262555147,baseline
2025-04-02 22:00:00,54966.59672960069,0.1528289238446288,14519.104227430556,40447.33967324629,baseline
2025-04-02 23:00:00,53826.93407552083,0.3255766091578536,15889.416297471787,37937.19220143989,baseline
2025-04-03 00:00:00,51276.34179253472,0.2427704946407013,16680.185194769965,34595.91382727012,baseline
2025-04-03 01:00:00,48816.64703125,0.3302597500094109,17544.18379720052,31272.132974299475,baseline
2025-04-03 02:00:00,47154.00598307292,0.393713563117716,18578.86309244792,28574.74917706188,baseline
2025-04-03 03:00:00,45902.6851953125,0.3919835078054004,18460.34888020833,27441.94433159636,baseline
2025-04-03 04:00:00,45215.76188693576,0.3913337947593795,18457.86074435764,26757.50980878336,baseline
2025-04-03 05:00:00,44992.308029513886,0.3937563240196969,18618.88169270833,26373.032580481537,baseline
2025-04-03 06:00:00,46088.97976453993,0.4064399533139334,19807.77000217014,26280.80332241648,baseline
2025-04-03 07:00:00,48539.24959852431,0.4083833710269795,21703.50720865885,26835.334006494424,baseline
2025-04-03 08:00:00,49546.473483072914,176.2601738852925,22779.07566189236,26591.137647295254,baseline
2025-04-03 09:00:00,50950.05232638889,2837.14716796875,23372.50347873264,24740.4016796875,baseline
2025-04-03 10:00:00,53403.63159830729,6954.81787990994,22272.90553873698,24175.90817966037,baseline
2025-04-03 11:00:00,54697.49390190972,8619.125629882812,21137.3551171875,24941.01315483941,baseline
2025-04-03 12:00:00,55259.86582139757,10897.760750868056,19819.76875,24542.33632052952,baseline
2025-04-03 13:00:00,56237.33004557292,14566.903599175348,18299.391647135417,23371.034799262157,baseline
2025-04-03 14:00:00,57621.96079861111,15752.61322157118,16944.711603190106,24924.63597384982,baseline
2025-04-03 15:00:00,58815.27477430556,15853.649444444443,15936.577297092012,27025.0480327691,baseline
2025-04-03 16:00:00,59388.76204210069,15133.41491482205,16251.612983940971,28003.73414333767,baseline
2025-04-03 17:00:00,60082.13370985243,13833.501200086806,17122.45500542535,29126.177504340278,baseline
2025-04-03 18:00:00,59886.98013780382,11430.664829644098,18571.208195529514,29885.107112630205,baseline
2025-04-03 19:00:00,58868.99541992188,5794.517949286567,21081.82272677952,31992.654743855797,baseline
2025-04-03 20:00:00,57803.48814019097,682.5236847951677,22822.33859049479,34298.62586490101,baseline
2025-04-03 21:00:00,57303.69114583333,1.7310620028442807,22707.421436631943,34594.53864719855,baseline
2025-04-03 22:00:00,55471.05056532118,1.1985227718949318,21538.9375124783,33930.914530070986,baseline
2025-04-03 23:00:00,52911.12328993056,1.2745048162672254,20870.07273003472,32039.776055079565,baseline
2025-04-04 00:00:00,49950.75154513889,1.2889518875545924,19815.268621961804,30134.19397128953,baseline
2025-04-04 01:00:00,47251.50298502604,1.3804777146379152,19432.156272243923,27817.96623506748,baseline
2025-04-04 02:00:00,45876.074149305554,1.3728746156891187,20092.15260362413,25782.54867106573,baseline
2025-04-04 03:00:00,45447.09514322917,1.3897821815808613,20146.672905815973,25299.032455231616,baseline
2025-04-04 04:00:00,44246.93510742187,1.3695391366548009,18309.94811143663,25935.617456848584,baseline
2025-04-04 05:00:00,44230.363198784726,1.3998670021692912,15553.15465060764,28675.80868117492,baseline
2025-04-04 06:00:00,45587.9158485243,1.388074702223142,14503.278315700954,31083.249458121125,baseline
2025-04-04 07:00:00,47709.54279513889,1.4203583712048,12940.209365234376,34767.91307153332,baseline
2025-04-04 08:00:00,49266.95651909722,143.89716235081357,13098.18662326389,36024.87273348252,baseline
2025-04-04 09:00:00,50336.37260850694,1858.9033655463325,14434.09620985243,34043.37303310818,baseline
2025-04-04 10:00:00,52582.53353298611,4942.700245225695,15813.130412326387,31826.702875434028,baseline
2025-04-04 11:00:00,54692.729136284725,6588.270086263021,16803.54351345486,31300.91553656684,baseline
2025-04-04 12:00:00,56180.39992621528,8369.304270833334,17698.07347873264,30113.022176649305,baseline
2025-04-04 13:00:00,57639.54024305556,10078.772734375,18293.818797743057,29266.948710937497,baseline
2025-04-04 14:00:00,58572.57270833333,10667.544410807292,18757.414446614584,29147.613850911457,baseline
2025-04-04 15:00:00,58433.90916232639,9601.97253689236,19099.916174045135,29732.02045138889,baseline
2025-04-04 16:00:00,58342.12254557292,8022.580369330512,19222.70751139323,31096.83466484917,baseline
2025-04-04 17:00:00,58075.46562934028,6272.787296549479,19027.76298394097,32774.91534884983,baseline
2025-04-04 18:00:00,57469.58231987847,5454.876580674913,19038.221349826388,32976.48438937717,baseline
2025-04-04 19:00:00,56377.00713107639,2609.185304361979,19567.64169704861,34200.1801296658,baseline
2025-04-04 20:00:00,55294.64085503472,452.7985503286786,19902.8534375,34938.98886720603,baseline
2025-04-04 21:00:00,54826.91453993056,0.948141377708978,20352.441059027777,34473.52533952507,baseline
2025-04-04 22:00:00,53719.38176215278,0.1677907916489574,22192.061840277776,31527.152131083352,baseline
2025-04-04 23:00:00,52124.93673611112,0.1977049504054917,23620.970494791665,28503.768536369043,baseline
2025-04-05 00:00:00,49820.42857638889,0.4206193790584802,23911.6381000434,25908.36985696643,baseline
2025-04-05 01:00:00,48093.12020833333,0.4911261666814486,25319.63685601129,22772.99222615537,baseline
2025-04-05 02:00:00,45868.8372016059,0.4948063056502077,24473.9784765625,21394.36391873775,baseline
2025-04-05 03:00:00,45111.13781575521,0.4765350556539164,24018.27765516493,21092.383625534625,baseline
2025-04-05 04:00:00,44525.88857530382,0.4784221205694808,23945.24778049045,20580.1623726928,baseline
2025-04-05 05:00:00,44090.28487847222,0.4764859694573614,23403.939262152777,20685.869130349987,baseline
2025-04-05 06:00:00,44527.159136284725,0.4996464032597012,23987.1521484375,20539.507341443965,baseline
2025-04-05 07:00:00,45189.12724392361,0.5075114822718833,23483.80985243056,21704.809880010784,baseline
2025-04-05 08:00:00,46345.73550998264,73.65128640360302,23730.420659722226,22541.66356385681,baseline
2025-04-05 09:00:00,47791.69643663194,1093.0277654181589,23694.620675455728,23004.047995758057,baseline
2025-04-05 10:00:00,49381.3393250868,2644.7224704996743,23784.01316080729,22952.60369377984,baseline
2025-04-05 11:00:00,50786.84806640625,3836.023846028646,24440.784001736112,22510.04021864149,baseline
2025-04-05 12:00:00,51179.905964626734,5392.099133707682,24453.50469780816,21334.30213311089,baseline
2025-04-05 13:00:00,51571.36821397569,7025.871231011285,24216.851981336804,20328.645001627603,baseline
2025-04-05 14:00:00,51167.30418402778,7818.493872612848,23297.236295572915,20051.574015842016,baseline
2025-04-05 15:00:00,50946.55366970486,7315.124217393663,23334.777281358507,20296.65217095269,baseline
2025-04-05 16:00:00,50515.302201605904,5776.592518310546,23702.17040581597,21036.539277479384,baseline
2025-04-05 17:00:00,50094.73223090278,4779.824860026041,23833.50605685764,21481.401314019105,baseline
2025-04-05 18:00:00,49829.60190972222,3637.366897243924,24542.27047309028,21649.964539388024,baseline
2025-04-05 19:00:00,49477.752573784725,2052.414634806315,25280.02649088541,22145.311448092994,baseline
2025-04-05 20:00:00,49472.41690104167,318.09995601548087,26358.25510199653,22796.061843029656,baseline
2025-04-05 21:00:00,49677.95193359375,0.6914970534708765,26963.640646701388,22713.619789838893,baseline
2025-04-05 22:00:00,48899.42301323785,0.4651388244827588,27391.816945529517,21507.14092888385,baseline
2025-04-05 23:00:00,47745.41396592882,0.531042342202531,27658.931106770837,20085.951816815785,baseline
2025-04-06 00:00:00,46205.57365017361,0.5068999723593394,27564.241840277777,18640.824909923474,baseline
2025-04-06 01:00:00,44384.04250434028,0.4996384707424375,26999.535807291668,17384.00705857787,baseline
2025-04-06 02:00:00,43349.53907335069,0.5031721029513412,25292.51913031684,18056.516770930903,baseline
2025-04-06 03:00:00,42280.32971788194,0.5122291412949562,21819.651469184028,20460.16601955662,baseline
2025-04-06 04:00:00,42108.419270833336,0.5162236624956131,19229.560104166667,22878.34294300417,baseline
2025-04-06 05:00:00,42178.167317708336,0.5215145754896933,17964.43958875868,24213.206214374168,baseline
2025-04-06 06:00:00,42500.20609700521,0.4627556973861323,17659.280749782985,24840.46259152484,baseline
2025-04-06 07:00:00,43289.65833767361,0.3962489657931857,17110.298780381945,26178.96330832587,baseline
2025-04-06 08:00:00,44703.86525607639,195.60082836932605,17189.34930121528,27318.915126491785,baseline
2025-04-06 09:00:00,46476.33054253472,3154.6910302734377,17846.297437065972,25475.34207519531,baseline
2025-04-06 10:00:00,48275.0363671875,9099.294532335069,19357.106651475693,19818.63518337674,baseline
2025-04-06 11:00:00,49262.30166883681,12193.903958333334,19918.71625,17149.681460503474,baseline
2025-04-06 12:00:00,49668.36185763889,14231.44568657769,20017.65388075087,15419.262290310333,baseline
2025-04-06 13:00:00,50586.67562608507,15996.06390109592,19742.22668348524,14848.385041503903,baseline
2025-04-06 14:00:00,50257.80580729167,17385.911475694444,17954.82058810764,14917.073743489584,baseline
2025-04-06 15:00:00,49301.73665364584,17465.99757595486,16486.083116319445,15349.655961371527,baseline
2025-04-06 16:00:00,48550.40163194444,16457.393505859374,15975.29277126736,16117.715354817708,baseline
2025-04-06 17:00:00,48052.72003797743,15679.92840657552,15791.381761067709,16581.409870334202,baseline
2025-04-06 18:00:00,48205.16775499132,14452.210654296876,15066.821391059028,18686.13570963542,baseline
2025-04-06 19:00:00,48526.932265625,11842.04072374132,13738.80540798611,22946.08613389757,baseline
2025-04-06 20:00:00,48721.82795138889,3121.6651777479383,10411.919775390625,35188.24299825033,baseline
2025-04-06 21:00:00,48566.62104817708,15.526492924475008,6429.9905192057295,42121.10403604688,baseline
2025-04-06 22:00:00,47147.59391493056,0.2276567829400301,4748.047250705296,42399.31900744232,baseline
2025-04-06 23:00:00,45426.06444661458,0.2614013396327694,4241.408799506294,41184.39424576866,baseline
2025-04-07 00:00:00,44208.39797092014,0.3595497086313036,3889.411483832466,40318.62693737904,baseline
2025-04-07 01:00:00,43409.18836588541,0.3726255840725369,3974.859957139757,39433.95578316158,baseline
2025-04-07 02:00:00,42606.21429253472,0.3641468996471829,3331.6473391384548,39274.20280649662,baseline
2025-04-07 03:00:00,42200.45828559028,0.4327338805463579,3081.928444281684,39118.097107428046,baseline
2025-04-07 04:00:00,43117.22230577257,0.432694141657816,3478.219889594184,39638.56972203673,baseline
2025-04-07 05:00:00,44197.02664930555,0.4322895488474104,4218.414528537326,39978.17983121938,baseline
2025-04-07 06:00:00,45694.80710503472,0.4915405585451258,4545.325570339627,41148.98999413655,baseline
2025-04-07 07:00:00,48109.17486111111,0.5385414282149739,4727.75293891059,43380.88338077231,baseline
2025-04-07 08:00:00,50770.58466362847,1837.6287654688624,4976.33740492079,43956.61849323882,baseline
2025-04-07 09:00:00,52485.48300889757,15327.886542154947,4145.269372626411,33012.32709411622,baseline
2025-04-07 10:00:00,51156.4315625,24704.084913194445,2164.1699731445315,24288.176676161027,baseline
2025-04-07 11:00:00,49964.68228515625,25372.79937282986,2539.0335457356773,22052.849366590708,baseline
2025-04-07 12:00:00,49305.158615451386,25501.7444140625,3484.137750108507,20319.276451280377,baseline
2025-04-07 13:00:00,48571.679578993055,25885.348075086804,4430.851451551649,18255.4800523546,baseline
2025-04-07 14:00:00,47936.28404079861,25887.26451171875,4556.857091471355,17492.162437608502,baseline
2025-04-07 15:00:00,47254.33714301216,25765.436421983508,4280.629869791666,17208.27085123698,baseline
2025-04-07 16:00:00,46856.77277994792,25314.69974392361,4168.571186387804,17373.5018496365,baseline
2025-04-07 17:00:00,46861.58282118056,24091.033483072915,3925.922785101997,18844.626553005644,baseline
2025-04-07 18:00:00,47249.77183810764,23687.38243109809,3482.713574354384,20079.675832655168,baseline
2025-04-07 19:00:00,47416.11388888889,17091.382607421874,2708.6466786024307,27616.084602864583,baseline
2025-04-07 20:00:00,46957.73118489584,3454.096270582411,1639.1932394748264,41864.4416748386,baseline
2025-04-07 21:00:00,47120.21359266493,17.38364641342726,1546.718383348253,45556.11156290325,baseline
2025-04-07 22:00:00,46136.816306423614,0.2291668445948097,2837.1936721462675,43299.393467432754,baseline
2025-04-07 23:00:00,44927.85559027778,0.2515149815215005,4312.53375515408,40615.07032014218,baseline
2025-04-08 00:00:00,43241.21108072917,0.2340450946821106,6355.587430555555,36885.38960507893,baseline
2025-04-08 01:00:00,41656.276875,0.296834492103921,8538.556706814235,33117.42333369366,baseline
2025-04-08 02:00:00,41765.20655598959,0.3415354070481327,10848.209506835938,30916.6555137466,baseline
2025-04-08 03:00:00,41808.79833767361,0.3712496551705731,11597.319879014756,30211.107209003683,baseline
2025-04-08 04:00:00,42003.83629991319,0.3634225881182485,12554.628141276042,29448.84473604903,baseline
2025-04-08 05:00:00,42736.15180989583,0.3624805242816607,12974.819034288195,29760.97029508336,baseline
2025-04-08 06:00:00,44459.92039930556,0.4296147107746866,12949.663295355902,31509.82748923888,baseline
2025-04-08 07:00:00,48109.44361002604,0.4804915118300252,12613.141925726995,35495.82119278722,baseline
2025-04-08 08:00:00,49412.67650173611,1731.7704087213676,12659.0459375,35021.86015551475,baseline
2025-04-08 09:00:00,49413.67650173611,14597.6034890408,11279.802009548612,23536.2710031467,baseline
2025-04-08 10:00:00,48759.47023220486,24881.834875217013,7228.078377007379,16649.55697998047,baseline
2025-04-08 11:00:00,47732.771953125,25692.82929470486,6413.612398003473,15626.330260416664,baseline
2025-04-08 12:00:00,47362.26936197917,25985.805453559027,6140.685272352431,15235.77863606771,baseline
2025-04-08 13:00:00,47346.06458767361,26287.960870225696,5905.602503797743,15152.501213650168,baseline
2025-04-08 14:00:00,47715.78154730903,26329.83890407986,6245.679169921875,15140.263473307295,baseline
2025-04-08 15:00:00,48498.88369357639,26282.33551215278,6637.550260959201,15578.997920464411,baseline
2025-04-08 16:00:00,49086.70253038195,26227.562497829866,7294.120319010417,15565.019713541667,baseline
2025-04-08 17:00:00,49773.929713541664,25638.937938368057,8328.76865234375,15806.223122829855,baseline
2025-04-08 18:00:00,50290.78364149306,23466.702213541663,9849.407562934028,16974.673865017365,baseline
2025-04-08 19:00:00,50502.898025173614,16398.9874077691,11555.995491536458,22547.915125868058,baseline
2025-04-08 20:00:00,49783.60290364584,3343.4290202162,12858.496436631944,33581.677446797694,baseline
2025-04-08 21:00:00,49905.42224175347,17.238875183926687,17371.982977430554,32516.200389138987,baseline
2025-04-08 22:00:00,48786.04605685764,1.2076616985268065,21923.017608506943,26861.82078665217,baseline
2025-04-08 23:00:00,46601.4401953125,24.32437234984504,24220.027940538195,22357.087882424457,baseline
2025-04-09 00:00:00,44291.58337022569,1.1817690054244463,24849.706116536458,19440.695484683813,baseline
2025-04-09 01:00:00,42437.877276475694,0.2100843659705586,25012.87335503472,17424.793837075,baseline
2025-04-09 02:00:00,41276.23699001736,0.2314416786034902,24840.83728298611,16435.168265352644,baseline
2025-04-09 03:00:00,40686.78234375,0.3004069368375672,24198.59220920139,16487.88972761177,baseline
2025-04-09 04:00:00,40353.73761935764,0.3575957705908351,23932.422560763887,16420.957462823164,baseline
2025-04-09 05:00:00,40478.14779947917,0.3024492656605111,23769.239759114585,16708.60559109892,baseline
2025-04-09 06:00:00,42085.46302408854,0.2434691369119617,24078.74836805556,18006.47118689607,baseline
2025-04-09 07:00:00,45430.11809027778,0.3456986209087901,24548.18523871528,20881.58715294159,baseline
2025-04-09 08:00:00,46795.68908637153,1668.642943137222,24689.885455729167,20437.16068750514,baseline
2025-04-09 09:00:00,48689.861067708334,10875.86555419922,22492.71225640191,15321.283257107209,baseline
2025-04-09 10:00:00,48990.66783528646,15806.055910373265,19966.68381076389,13217.928114149305,baseline
2025-04-09 11:00:00,48275.52026909722,16130.237975802953,19129.468776584203,13015.81351671007,baseline
2025-04-09 12:00:00,47662.34283637153,17185.966277126736,17383.582847222224,13092.793712022569,baseline
2025-04-09 13:00:00,48075.38848524306,20166.42444552952,14874.614020182293,13034.350019531252,baseline
2025-04-09 14:00:00,48813.559296875,22877.053793402774,12504.208033854167,13432.297469618054,baseline
2025-04-09 15:00:00,49961.38228190104,25119.38314887153,11022.99247829861,13819.006654730896,baseline
2025-04-09 16:00:00,51504.76157877605,25632.096866319444,10510.792597384983,15361.872115071616,baseline
2025-04-09 17:00:00,53278.15977430555,24873.600575086806,10514.384993489582,17890.174205729163,baseline
2025-04-09 18:00:00,54726.5297938368,23700.293055555558,10953.36837782118,20072.868360460063,baseline
2025-04-09 19:00:00,54705.76038845486,16998.012960069445,11052.720121527778,26655.027306857635,baseline
2025-04-09 20:00:00,53098.56346137153,3547.98177992079,11469.860031467017,38080.72164998372,baseline
2025-04-09 21:00:00,52170.278851996525,17.501387797713072,14420.413767361111,37732.3636968377,baseline
2025-04-09 22:00:00,51129.14199978299,0.5192860039654705,17154.803264973958,33973.819448805065,baseline
2025-04-09 23:00:00,48683.12179253472,0.2904999433788988,17553.258817274305,31129.57247531704,baseline
2025-04-10 00:00:00,45464.76039930555,0.1543815294735961,15662.322993706595,29802.28302406948,baseline
2025-04-10 01:00:00,42989.88665581597,0.1687903219378657,13221.039835069443,29768.67803042459,baseline
2025-04-10 02:00:00,41408.888780381945,0.167693329565227,11203.669335666233,30205.05175138615,baseline
2025-04-10 03:00:00,41037.03482638889,0.281191516386138,10786.94839952257,30249.805235349933,baseline
2025-04-10 04:00:00,39861.98762261285,0.285231697095765,10413.09314344618,29448.60924746957,baseline
2025-04-10 05:00:00,39680.2211610243,0.2896398259864913,10597.606261935764,29082.32525926255,baseline
2025-04-10 06:00:00,40805.1212999132,0.2811959906087981,10436.434363064236,30368.405740858358,baseline
2025-04-10 07:00:00,43410.81834418403,0.4404425448841519,9814.652993706595,33595.72490793255,baseline
2025-04-10 08:00:00,44829.68950303819,1884.034584119585,8906.321331922743,34039.33358699587,baseline
2025-04-10 09:00:00,46513.09818576389,14910.280383029514,6948.381881510417,24654.43592122396,baseline
2025-04-10 10:00:00,48763.22651475694,24176.048930121528,4673.141381835938,19914.03620279948,baseline
2025-04-10 11:00:00,49404.15091905382,25290.583982204866,4426.665769856771,19686.90116699219,baseline
2025-04-10 12:00:00,50030.6075531684,25674.56483181424,5131.788524305555,19224.254197048613,baseline
2025-04-10 13:00:00,51481.07549913194,26246.972451171878,6363.6092706977,18870.493777262367,baseline
2025-04-10 14:00:00,53500.00271484375,26407.768920355906,7236.006584743924,19856.227209743927,baseline
2025-04-10 15:00:00,55628.536050347226,26441.869299045135,7981.261063910591,21205.405687391496,baseline
2025-04-10 16:00:00,57876.114381510415,26475.3587109375,8341.394263780381,23059.361406792537,baseline
2025-04-10 17:00:00,60059.925209418405,25896.810583224826,8774.135034722221,25388.97959147136,baseline
2025-04-10 18:00:00,61300.97160590278,24291.78650390625,9350.564324001736,27658.620777994794,baseline
2025-04-10 19:00:00,60283.57130425347,16523.439745551215,10042.811094563802,33717.32046413845,baseline
2025-04-10 20:00:00,57033.28841362847,3465.7010101657443,10610.999026692709,42956.588376770014,baseline
2025-04-10 21:00:00,55824.8923328993,86.13009035746256,13950.16675672743,41788.59548581441,baseline
2025-04-10 22:00:00,55056.988213975696,50.44079319695632,17809.229929470486,37197.31749130825,baseline
2025-04-10 23:00:00,52416.446451822914,0.1767861736896965,18875.877760416668,33540.39190523256,baseline
2025-04-11 00:00:00,48194.74007378472,0.2700005887614356,17559.455393337674,30635.014679858286,baseline
2025-04-11 01:00:00,45324.45955295139,0.2574559243685669,15334.29248046875,29989.90961655827,baseline
2025-04-11 02:00:00,43445.74514973958,0.2300060584975613,13326.396320529511,30119.11882315157,baseline
2025-04-11 03:00:00,42194.76291883681,0.2656377122799555,11890.451789279514,30304.04549184501,baseline
2025-04-11 04:00:00,41189.90847439236,0.27190956502325,11426.28713921441,29763.349425612927,baseline
2025-04-11 05:00:00,40824.89022786458,0.2676640892194377,11187.721047092014,29636.90151668335,baseline
2025-04-11 06:00:00,41653.39862955729,0.2813008345580763,9750.721190863716,31902.396137859017,baseline
2025-04-11 07:00:00,44301.08673611111,0.7022021070122719,8606.428751898871,35693.95578210523,baseline
2025-04-11 08:00:00,45380.598203125,1798.5000299655069,7815.486922471789,35766.61125068771,baseline
2025-04-11 09:00:00,47142.4309375,14447.694420030382,6072.499562174479,26622.23695529514,baseline
2025-04-11 10:00:00,49148.21861979167,24458.646662326388,3843.097515733507,20846.47444173177,baseline
2025-04-11 11:00:00,51591.34668836805,26304.96132595486,5373.484568684896,19912.90079372829,baseline
2025-04-11 12:00:00,52659.25221679688,26601.807938368056,5462.01615085178,20595.42812757704,baseline
2025-04-11 13:00:00,53192.61302734375,26280.90326931424,5232.703970540365,21679.00578748915,baseline
2025-04-11 14:00:00,54694.80431640625,26109.37634548611,5407.476032986111,23177.951937934027,baseline
2025-04-11 15:00:00,56308.89726888021,26068.71349392361,5565.148586697049,24675.03518825955,baseline
2025-04-11 16:00:00,58093.8921234809,25908.105614149303,5263.644436306424,26922.14207302517,baseline
2025-04-11 17:00:00,59746.42869140625,25484.249262152774,5072.288123372396,29189.891305881072,baseline
2025-04-11 18:00:00,60522.16943359375,23861.254036458333,5606.54395453559,31054.371442599822,baseline
2025-04-11 19:00:00,58869.64310546875,16196.541806640626,7145.822314453125,35527.278984375,baseline
2025-04-11 20:00:00,56055.693226996525,3436.900617099338,9569.80376844618,43048.988841451006,baseline
2025-04-11 21:00:00,54545.53390190972,20.987518627022705,13684.395279405382,40840.15110387732,baseline
2025-04-11 22:00:00,53038.48671006945,0.2466580486132039,18930.400753038197,34107.83929898264,baseline
2025-04-11 23:00:00,50782.62184027778,0.6009681149820487,22205.080321180558,28576.940550982246,baseline
2025-04-12 00:00:00,47982.98874457465,0.6990140172839164,23509.938235677084,24472.35149488028,baseline
2025-04-12 01:00:00,45385.4620203993,0.6825771406955189,23855.355959201388,21529.42348405722,baseline
2025-04-12 02:00:00,43522.72384440104,0.4552812390526136,23937.548509114586,19584.720054047408,baseline
2025-04-12 03:00:00,41468.78654296875,0.4095375911146402,23338.012986653644,18130.364018723994,baseline
2025-04-12 04:00:00,40782.457466362845,0.4705880332489808,23151.38198079427,17630.604897535326,baseline
2025-04-12 05:00:00,40280.45397569444,0.4349938909709454,23138.53513454861,17141.483847254858,baseline
2025-04-12 06:00:00,40315.07780381945,0.4294517028662893,23048.27303385417,17266.375318262417,baseline
2025-04-12 07:00:00,41177.6170811632,0.8832659077064858,23105.62350368924,18071.11031156625,baseline
2025-04-12 08:00:00,42181.62300998264,1962.3174261993831,22712.21599392361,17507.08958985964,baseline
2025-04-12 09:00:00,45422.47044053819,12009.853880208331,19541.832256944443,13870.784303385415,baseline
2025-04-12 10:00:00,47140.88310112847,17424.911040581595,16677.714781901042,13038.257278645831,baseline
2025-04-12 11:00:00,48926.25318793403,17874.975731336806,18272.687538519964,12778.58991807726,baseline
2025-04-12 12:00:00,50050.74596788194,17226.355421006945,20060.09007378472,12764.300473090276,baseline
2025-04-12 13:00:00,51174.35484375,16788.730091145833,21575.93869357639,12809.68605902778,baseline
2025-04-12 14:00:00,52322.11202582465,16936.42797092014,21845.705319010416,13539.978735894096,baseline
2025-04-12 15:00:00,54423.12067925347,17448.046493055557,22043.823624131943,14931.250562065972,baseline
2025-04-12 16:00:00,56298.10560438368,17750.434969618054,22062.69812934028,16484.972505425343,baseline
2025-04-12 17:00:00,58137.18847764757,17502.289240451388,22813.091179470484,17821.8080577257,baseline
2025-04-12 18:00:00,58924.27943359375,16508.490889756944,23325.81136935764,19089.977174479165,baseline
2025-04-12 19:00:00,58523.382728949655,12564.085122070312,24353.918209635416,21605.37939724393,baseline
2025-04-12 20:00:00,56653.035859375,3305.26329755995,25228.89540581597,28118.87715599908,baseline
2025-04-12 21:00:00,55232.78444769965,24.53471462085843,26529.58826605903,28678.661467019767,baseline
2025-04-12 22:00:00,53272.04776584201,0.4107862080385288,26867.25040581597,26404.386573818003,baseline
2025-04-12 23:00:00,50831.08055989583,0.7052824323707156,27173.87345269097,23656.50182477249,baseline
2025-04-13 00:00:00,48825.51994357639,0.8950930175516341,27375.550523003472,21449.07432755536,baseline
2025-04-13 01:00:00,46116.31760633681,0.8866456128491296,27112.19973524305,19003.231225480904,baseline
2025-04-13 02:00:00,44242.98744357639,0.7364526385068894,26913.44973524305,17328.80125569483,baseline
2025-04-13 03:00:00,43057.981015625,1.1431227101220025,26945.27338107639,16111.564511838493,baseline
2025-04-13 04:00:00,42056.92071180556,0.8263286981648869,26808.64433648004,15247.450046627357,baseline
2025-04-13 05:00:00,41185.20852430556,0.9321181972821554,26560.503671875,14623.772734233273,baseline
2025-04-13 06:00:00,41037.08984809028,1.0223573517799378,26571.101516927083,14464.965973811411,baseline
2025-04-13 07:00:00,41573.68264756945,1.4395058159033458,26501.44329644097,15070.799845312573,baseline
2025-04-13 08:00:00,42026.60804470486,1786.1223693328434,25711.007606336807,14529.478069035207,baseline
2025-04-13 09:00:00,45820.89989583333,9089.440156521268,23638.88218044705,13092.577558865014,baseline
2025-04-13 10:00:00,48612.06890625,13042.10453125,22749.581729600694,12820.38264539931,baseline
2025-04-13 11:00:00,49391.784190538194,14337.568943142362,21775.052230902777,13279.163016493054,baseline
2025-04-13 12:00:00,51144.12146918403,16549.724922146266,20734.747840711807,13859.648706325956,baseline
2025-04-13 13:00:00,53196.57775499132,18211.904408637158,20203.03028266059,14781.64306369357,baseline
2025-04-13 14:00:00,55704.947740885415,20577.016304253477,19061.890846354167,16066.040590277771,baseline
2025-04-13 15:00:00,58438.83547309028,22525.373513454862,17772.55919487847,18140.902764756946,baseline
2025-04-13 16:00:00,60508.42997287327,23022.361575520838,17837.293671332467,19648.77472601996,baseline
2025-04-13 17:00:00,62473.64541883681,22625.369735243057,18605.36242838541,21242.91325520833,baseline
2025-04-13 18:00:00,63219.15205729166,21335.69399522569,19595.29937717014,22288.158684895825,baseline
2025-04-13 19:00:00,62554.33243923611,15678.8415234375,20768.75017361111,26106.740742187496,baseline
2025-04-13 20:00:00,60212.70659939236,3086.420665825738,22625.02873046875,34501.25720309787,baseline
2025-04-13 21:00:00,58858.41185112847,4.927977140713483,25065.358307291663,33788.12556669609,baseline
2025-04-13 22:00:00,57004.15567708333,0.4462207231753402,26986.188659939235,30017.52079642093,baseline
2025-04-13 23:00:00,53943.09271050347,0.4452280766434139,27305.39414659288,26637.25333583395,baseline
2025-04-14 00:00:00,50327.70973524306,0.4165181929369767,27334.61946180556,22992.673755244563,baseline
2025-04-14 01:00:00,47211.77505533854,0.7195078719158967,27172.139600694445,20038.91594677218,baseline
2025-04-14 02:00:00,45167.934678819445,0.5747870098551114,26976.34903645833,18191.01085535125,baseline
2025-04-14 03:00:00,43908.21916124132,0.4375363875594404,26347.41842176649,17560.363203087272,baseline
2025-04-14 04:00:00,43301.18798611111,0.4581213112009896,26050.62163248698,17250.10823231293,baseline
2025-04-14 05:00:00,43307.51853298611,0.3103542570935355,25701.45951171875,17605.74866701027,baseline
2025-04-14 06:00:00,44218.56075737847,0.3830951587690247,24930.126867404517,19288.05079481519,baseline
2025-04-14 07:00:00,46499.019937065976,1.229888756904337,24012.06675130208,22485.72329700699,baseline
2025-04-14 08:00:00,47670.36092773438,1420.7040835581886,23069.859442274304,23179.797401901884,baseline
2025-04-14 09:00:00,49504.138875868055,9954.247086859808,20669.66370605469,18880.22808295356,baseline
2025-04-14 10:00:00,53137.81169270833,17537.210847439237,19433.48525607639,16167.115589192705,baseline
2025-04-14 11:00:00,54189.091528862846,20563.595266927085,17481.505073784723,16143.991188151034,baseline
2025-04-14 12:00:00,55107.25386501736,21493.24460503472,16220.478298611111,17393.53096137153,baseline
2025-04-14 13:00:00,56176.9537890625,21819.892706163195,15662.568527560765,18694.49255533854,baseline
2025-04-14 14:00:00,58562.1016796875,22822.16068142361,15076.59872938368,20663.3422688802,baseline
2025-04-14 15:00:00,61139.70954644097,23197.54519748264,15444.709845648871,22497.454503309466,baseline
2025-04-14 16:00:00,63062.43652994792,22925.725282118052,14970.088415527343,25166.62283230252,baseline
2025-04-14 17:00:00,65043.60770833334,21573.034791666665,15850.536136067709,27620.036780598966,baseline
2025-04-14 18:00:00,65850.16355034722,17692.557451171873,17319.847723524304,30837.758375651043,baseline
2025-04-14 19:00:00,64238.86744249132,8985.075217149522,18276.543761935765,36977.24846340603,baseline
2025-04-14 20:00:00,60867.26456814236,1683.4900998094347,18148.471865776908,41035.30260255602,baseline
2025-04-14 21:00:00,59266.772721354166,24.73845360988544,18333.20999728733,40908.82427045696,baseline
2025-04-14 22:00:00,57188.705907118056,0.128691953147451,19604.20483940972,37584.37237575519,baseline
2025-04-14 23:00:00,54249.39854600695,0.1575235657228363,20583.121527777777,33666.11949466345,baseline
2025-04-15 00:00:00,50827.624036458335,0.24742574526204,20743.573820529517,30083.80279018356,baseline
2025-04-15 01:00:00,47314.64782443576,0.3375446956356366,21481.1759375,25833.13434224013,baseline
2025-04-15 02:00:00,45353.93745225694,0.3230660306413968,21321.38618272569,24032.228203500606,baseline
2025-04-15 03:00:00,43867.058982204864,0.2415484097765551,20826.642137586805,23040.175296208283,baseline
2025-04-15 04:00:00,42892.49271701389,0.2410157815946473,19544.16654296875,23348.085158263548,baseline
2025-04-15 05:00:00,42129.34797526042,0.2911443209151427,18357.370024956595,23771.686805982907,baseline
2025-04-15 06:00:00,43003.42143229167,0.3496196022381385,16736.44539605035,26266.62641663908,baseline
2025-04-15 07:00:00,45445.21090494792,1.2606320086701048,14348.78557454427,31095.164698394976,baseline
2025-04-15 08:00:00,46262.24134765625,1409.7635254478455,12749.880492892797,32102.59732931561,baseline
2025-04-15 09:00:00,47654.29084201389,10820.167993164065,11474.461382378471,25359.66146647136,baseline
2025-04-15 10:00:00,49981.16779513889,18207.029850260416,12377.66134765625,19396.476597222223,baseline
2025-04-15 11:00:00,51464.54078233507,20632.426419270832,13233.73419623481,17598.380166829425,baseline
2025-04-15 12:00:00,51926.66208550347,21564.588861219618,11833.828198784722,18528.245025499127,baseline
2025-04-15 13:00:00,52436.11992404514,21661.78894748264,10899.5124609375,19874.818515625,baseline
2025-04-15 14:00:00,53289.03307617187,22668.426812065973,9872.505422092014,20748.10084201389,baseline
2025-04-15 15:00:00,54153.478760850696,23120.62126953125,9216.260152994791,21816.597338324653,baseline
2025-04-15 16:00:00,54917.01149739583,22319.691825086804,8835.276393229167,23762.043279079862,baseline
2025-04-15 17:00:00,55789.432886284725,22077.3516796875,8513.188765190973,25198.89244140625,baseline
2025-04-15 18:00:00,56681.89235243056,20019.9408203125,9095.89666341146,27566.0548687066,baseline
2025-04-15 19:00:00,55836.04878472223,14007.944329969618,10166.795023328994,31661.30943142361,baseline
2025-04-15 20:00:00,54255.3155078125,3450.904030151368,10950.826199001736,39853.5852786594,baseline
2025-04-15 21:00:00,53548.44241753472,46.720175486038336,11661.081319444444,41840.640922604245,baseline
2025-04-15 22:00:00,52281.88978298611,0.1181531415051884,14805.640048828123,37476.13158101648,baseline
2025-04-15 23:00:00,49908.899377170135,0.3268181608368953,17555.42156032986,32353.15099867944,baseline
2025-04-16 00:00:00,47646.4195030382,0.3933120132320457,19252.44070638021,28393.585484644755,baseline
2025-04-16 01:00:00,45294.061072048615,0.4713165506389406,20090.109229600694,25203.48052589728,baseline
2025-04-16 02:00:00,43818.740598958335,0.4349718130959404,20527.448719618056,23290.856907527184,baseline
2025-04-16 03:00:00,42060.945572916666,0.4368431895309024,20072.909680989585,21987.599048737557,baseline
2025-04-16 04:00:00,41049.13885416667,0.3537099319365289,19594.70705078125,21454.07809345348,baseline
2025-04-16 05:00:00,41064.53430555556,0.3453694944580396,19445.88002170139,21618.30891435971,baseline
2025-04-16 06:00:00,42602.95300347222,0.4197967625326581,20022.26335720486,22580.269849504824,baseline
2025-04-16 07:00:00,45310.942473958334,1.812392820417881,20790.3899609375,24518.74012020041,baseline
2025-04-16 08:00:00,46488.564184027775,1456.9064159202576,20396.259116753477,24635.398651354044,baseline
2025-04-16 09:00:00,48137.31713975695,10400.60810546875,17895.978548177085,19840.73048611111,baseline
2025-04-16 10:00:00,50578.68400607639,15952.562939453124,17965.102118055554,16661.018948567704,baseline
2025-04-16 11:00:00,52008.63797309028,16446.483499348957,19746.522795138888,15815.631678602433,baseline
2025-04-16 12:00:00,53265.01528211805,17578.152934027778,19617.81766710069,16069.04468098958,baseline
2025-04-16 13:00:00,54070.02331163194,17841.409674479168,19498.09356119792,16730.52007595486,baseline
2025-04-16 14:00:00,55588.12476996528,18344.154459635414,19616.285397135416,17627.684913194447,baseline
2025-04-16 15:00:00,57165.888146701385,18798.1178515625,19784.102178819445,18583.668116319444,baseline
2025-04-16 16:00:00,59354.81527777778,18810.90427300347,21183.499201388888,19360.411803385425,baseline
2025-04-16 17:00:00,60371.88391493056,17578.359064670138,22102.428550347224,20691.096299913195,baseline
2025-04-16 18:00:00,60655.45973090278,15278.313348524303,23158.48003689236,22218.66634548612,baseline
2025-04-16 19:00:00,60253.59979166667,12299.371158311633,23698.32324435764,24255.905388997395,baseline
2025-04-16 20:00:00,58514.55127604167,3309.3808372328017,24680.90322482639,30524.267213982475,baseline
2025-04-16 21:00:00,57932.74026909722,31.74932641691632,25960.9917686632,31939.99917401711,baseline
2025-04-16 22:00:00,56385.31879340278,0.3797919884489642,26283.36226996528,30101.57673144905,baseline
2025-04-16 23:00:00,53880.808828125,0.4474210253192319,26565.99240668403,27314.369000415656,baseline
2025-04-17 00:00:00,50568.940824652775,0.6214986544350783,26676.42872829861,23891.890597699727,baseline
2025-04-17 01:00:00,47531.4402734375,0.6836441946029663,26442.35375434028,21088.402874902626,baseline
2025-04-17 02:00:00,45997.55236545139,0.6612573660744561,26286.54865451389,19710.342453571426,baseline
2025-04-17 03:00:00,44650.38992621528,0.5460992126994663,26097.82667317708,18552.01715382549,baseline
2025-04-17 04:00:00,43974.46016059028,0.4981613220440017,26065.8703624132,17908.09163685504,baseline
2025-04-17 05:00:00,43497.67333767361,0.4267398490839534,25353.907328559028,18143.339269265496,baseline
2025-04-17 06:00:00,44662.68747829861,0.9169464871618482,25154.25562934028,19507.51490247117,baseline
2025-04-17 07:00:00,47106.32015190972,1.837901216281785,24186.13211371528,22918.35013697816,baseline
2025-04-17 08:00:00,47860.60030815972,1663.6862479570177,22754.61679470486,23442.297265497844,baseline
2025-04-17 09:00:00,50369.24647135416,9954.835528971356,20757.78324001736,19656.627702365447,baseline
2025-04-17 10:00:00,53418.889140625,15810.486138237848,19671.116119791663,17937.286882595487,baseline
2025-04-17 11:00:00,54726.36453993055,19553.164505208333,18392.80896918403,16780.39106553819,baseline
2025-04-17 12:00:00,55459.7081640625,21817.69626953125,17091.69900607639,16550.312888454857,baseline
2025-04-17 13:00:00,56753.3121484375,22541.339635416665,16563.26215386285,17648.710359157987,baseline
2025-04-17 14:00:00,58866.30023871528,22594.87699435764,17241.753539496527,19029.66970486112,baseline
2025-04-17 15:00:00,61329.08632378472,22348.681796875,18963.36305772569,20017.041469184027,baseline
2025-04-17 16:00:00,62620.81188802084,20954.729129774307,19838.407276475693,21827.675481770835,baseline
2025-04-17 17:00:00,63199.74013020833,18453.50335503472,20545.232437065973,24201.00433810764,baseline
2025-04-17 18:00:00,62918.71637152778,15948.474557291667,21151.535972222224,25818.70584201389,baseline
2025-04-17 19:00:00,61018.595794270834,10144.67687391493,23018.04319878472,27855.87572157118,baseline
2025-04-17 20:00:00,59088.72711371528,2479.7300668843586,24874.84355685764,31734.15348997328,baseline
2025-04-17 21:00:00,58384.64337673611,26.751699161893796,26126.09856336805,32231.79311420616,baseline
2025-04-17 22:00:00,57088.52473524305,0.5971111684706476,26571.96598958333,30515.96163449125,baseline
2025-04-17 23:00:00,54610.83364149305,0.4885278318325678,26580.372688802083,28029.972424859137,baseline
2025-04-18 00:00:00,51865.86516927083,0.5422568084133996,26648.93610894097,25216.386803521444,baseline
2025-04-18 01:00:00,48962.13968315972,0.6386093958218892,26397.738658854167,22563.762414909736,baseline
2025-04-18 02:00:00,47464.97207899306,0.5213464679486222,26281.29611111111,21183.154621414,baseline
2025-04-18 03:00:00,46106.708203125,0.5704163998696539,26188.59795138889,19917.539835336243,baseline
2025-04-18 04:00:00,45129.032239583335,0.5716338233484162,25894.921414930555,19233.539190829437,baseline
2025-04-18 05:00:00,44931.37508680556,0.3819033180673917,25309.766875,19621.22630848749,baseline
2025-04-18 06:00:00,45352.717721354165,0.4568540144628948,24934.3764453125,20417.8844220272,baseline
2025-04-18 07:00:00,46228.5853125,4.204852660563257,24001.17064670139,22223.209813138044,baseline
2025-04-18 08:00:00,47034.40444010417,1141.8013082673815,23411.112595486116,22481.490536350677,baseline
2025-04-18 09:00:00,49215.38184461805,5904.6090690104165,22602.23016059028,20708.542615017355,baseline
2025-04-18 10:00:00,52646.34498263889,10970.223955078123,22623.63048611111,19052.490541449653,baseline
2025-04-18 11:00:00,54926.16745225695,14018.941769748264,22175.611161024302,18731.61452148438,baseline
2025-04-18 12:00:00,56982.11736979167,16342.421061197916,21148.46835720486,19491.227951388893,baseline
2025-04-18 13:00:00,59216.90953125,17406.62224609375,19879.38961154514,21930.897673611107,baseline
2025-04-18 14:00:00,60680.228663194444,17880.01189236111,18237.12909505208,24563.08767578125,baseline
2025-04-18 15:00:00,62032.1048828125,17327.369058159722,17002.369609375,27702.366215277776,baseline
2025-04-18 16:00:00,62692.93326388889,13821.446711154516,17099.118919270833,31772.36763346354,baseline
2025-04-18 17:00:00,63065.260859375,10685.699839409725,17786.129231770832,34593.431788194444,baseline
2025-04-18 18:00:00,61905.045750868056,6953.652184244792,18612.779989149305,36338.61357747396,baseline
2025-04-18 19:00:00,60093.44971788194,3037.365971950954,18288.511807725696,38767.57193820529,baseline
2025-04-18 20:00:00,58554.39259982639,563.5387191984389,18901.75646050347,39089.09742012448,baseline
2025-04-18 21:00:00,58315.86905381944,3.999556914476885,20289.290559895835,38022.57893700913,baseline
2025-04-18 22:00:00,57131.15287760417,0.1931563912000921,21386.512100694443,35744.44762051852,baseline
2025-04-18 23:00:00,55329.1622265625,0.1830761049522294,22444.87554470486,32884.10360575268,baseline
2025-04-19 00:00:00,52882.74657552083,0.2946270641684532,23075.43126953125,29807.02067892541,baseline
2025-04-19 01:00:00,50673.34844184028,0.3760865709516737,22465.56852430556,28207.403830963773,baseline
2025-04-19 02:00:00,49014.46569878472,0.315464375283983,22726.303157552084,26287.847076857357,baseline
2025-04-19 03:00:00,47549.43598958333,0.3451480409006278,20980.41952690972,26568.67131463271,baseline
2025-04-19 04:00:00,46308.52268663194,0.3231907523671786,20001.646931423613,26306.552564455964,baseline
2025-04-19 05:00:00,45658.164418402775,0.2770393604371283,20298.37505642361,25359.512322618728,baseline
2025-04-19 06:00:00,44911.030516493054,0.3816486724383301,19544.76258029514,25365.886287525474,baseline
2025-04-19 07:00:00,44113.04073350695,0.505899729480346,16843.724286024306,27268.81054775316,baseline
2025-04-19 08:00:00,44224.49903211805,489.8138421021568,16411.68615451389,27322.999035502005,baseline
2025-04-19 09:00:00,46690.67447482639,4312.436269938151,17361.209879557293,25017.028325330943,baseline
2025-04-19 10:00:00,50277.41588975694,9559.970733506943,18098.673081597222,22618.772074652778,baseline
2025-04-19 11:00:00,51217.91926649305,11717.314284939235,16487.836167534722,23012.76881401909,baseline
2025-04-19 12:00:00,52250.34323784722,12846.239761284722,14553.499332682291,24850.60414388021,baseline
2025-04-19 13:00:00,53753.61029079861,14477.14580186632,15093.937468532986,24182.527020399302,baseline
2025-04-19 14:00:00,54441.78237413194,13936.308726128473,16754.816220703124,23750.65742730035,baseline
2025-04-19 15:00:00,54934.95430555556,12604.671590711803,17657.61720703125,24672.6655078125,baseline
2025-04-19 16:00:00,55284.99374131944,11704.508483072916,18113.279303385418,25467.205954861107,baseline
2025-04-19 17:00:00,55638.76154513889,11096.058171657984,19216.384147135417,25326.31922634549,baseline
2025-04-19 18:00:00,55487.73763454861,7926.465740559895,20119.512584635417,27441.7593093533,baseline
2025-04-19 19:00:00,54656.77419270833,4074.6134955512152,20121.00593967014,30461.154757486976,baseline
2025-04-19 20:00:00,53754.77987413194,1070.3131518300374,19126.52636067708,33557.940361624824,baseline
2025-04-19 21:00:00,53814.37089409722,13.245440075572374,18063.50607421875,35737.6193798029,baseline
2025-04-19 22:00:00,53234.16212239584,0.1251617257297039,18528.475883246527,34705.56107742358,baseline
2025-04-19 23:00:00,51734.42741753472,0.1661755663487646,19238.41635633681,32495.84488563157,baseline
2025-04-20 00:00:00,50143.67844618056,0.3115246038635572,20360.76574001736,29782.601181559334,baseline
2025-04-20 01:00:00,48444.30737847222,0.4662181405888663,22254.661829427085,26189.17933090455,baseline
2025-04-20 02:00:00,46511.31852864583,0.2556957074668672,21034.84994140625,25476.212891532115,baseline
2025-04-20 03:00:00,44977.06668836805,0.3123278796672821,17411.059326171875,27565.69503431651,baseline
2025-04-20 04:00:00,44099.88784722222,0.3135101209084193,12640.858927951387,31458.715409149925,baseline
2025-04-20 05:00:00,43258.245824652775,0.3077297540505727,10489.927494574653,32768.01060032407,baseline
2025-04-20 06:00:00,42716.37629774305,0.3187190416124132,10014.210302734376,32701.847275967066,baseline
2025-04-20 07:00:00,42791.39709201389,1.153717630704244,11345.309697265626,31444.93367711756,baseline
2025-04-20 08:00:00,43340.96673611111,922.3718950038486,11969.18423611111,30449.41060499616,baseline
2025-04-20 09:00:00,46438.86896701389,7641.570327419705,13797.23078233507,25000.06785725912,baseline
2025-04-20 10:00:00,49564.53313368056,12782.486321614584,15519.380498046876,21262.66631401909,baseline
2025-04-20 11:00:00,51218.879678819445,15278.27849500868,16621.342468532985,19319.258715277778,baseline
2025-04-20 12:00:00,51440.66280815972,16593.90802408854,15922.77031141493,18923.98447265625,baseline
2025-04-20 13:00:00,52164.569900173614,17237.97535698785,15418.771298828126,19507.82324435764,baseline
2025-04-20 14:00:00,53240.8451171875,18738.880987413195,14207.02320529514,20294.940924479168,baseline
2025-04-20 15:00:00,53817.93582465278,20881.96983940972,11004.781818576388,21931.184166666662,baseline
2025-04-20 16:00:00,54293.36720052084,21644.06430555556,8018.024541558159,24631.27835340712,baseline
2025-04-20 17:00:00,54959.572413194444,20999.08219618056,5553.163338216146,28407.326878797743,baseline
2025-04-20 18:00:00,55095.06092881945,20026.514270833333,3783.938133409288,31284.608524576823,baseline
2025-04-20 19:00:00,54531.053546006944,15519.591907552083,2417.037567138672,36594.424071316185,baseline
2025-04-20 20:00:00,52225.69936197917,4775.671194186741,1275.1273117404514,46174.90085605197,baseline
2025-04-20 21:00:00,50514.28381076389,69.75452719845084,1255.937317437066,49188.59196612837,baseline
2025-04-20 22:00:00,49088.360390625,0.1091800079101489,1744.2414600965712,47344.00975052052,baseline
2025-04-20 23:00:00,47770.684765625,0.1822860866039991,3087.649384765625,44682.85309477277,baseline
2025-04-21 00:00:00,47189.285234375,0.1516629015571541,5926.704855143229,41262.42871633021,baseline
2025-04-21 01:00:00,45029.22703993056,0.1988113799360063,9166.61061360677,35862.41761494385,baseline
2025-04-21 02:00:00,43736.63044270833,0.2752138608694076,11199.21576388889,32537.13946495857,baseline
2025-04-21 03:00:00,42410.11738715278,0.2710908710625436,11753.29361002604,30656.552686255676,baseline
2025-04-21 04:00:00,41295.782183159725,0.2769049832555982,11328.145979817707,29967.35929835876,baseline
2025-04-21 05:00:00,40934.31319878472,0.2725728829370604,10794.682923177084,30139.3577027247,baseline
2025-04-21 06:00:00,42211.39217881944,0.2787720705072085,10484.86162000868,31726.251786740257,baseline
2025-04-21 07:00:00,44118.20600694444,4.386121659444438,10310.971002604168,33802.84888268083,baseline
2025-04-21 08:00:00,45325.89840711805,3140.6090894911026,9927.50215060764,32257.787167019316,baseline
2025-04-21 09:00:00,48114.426705729165,15768.754009331597,7902.814731987847,24442.857964409723,baseline
2025-04-21 10:00:00,49392.79240017361,22223.392098524306,4913.34754014757,22256.05276150173,baseline
2025-04-21 11:00:00,49858.06625434028,22703.412799479167,5973.817898763021,21180.835556098093,baseline
2025-04-21 12:00:00,50552.369752604165,22573.81781684028,7287.714458007813,20690.837477756075,baseline
2025-04-21 13:00:00,52124.57575520833,24058.837740885418,7197.916323242188,20867.821691080724,baseline
2025-04-21 14:00:00,54273.20450954861,24649.497408854168,6714.235218641493,22909.47188205295,baseline
2025-04-21 15:00:00,56331.938203125,24659.73087673611,7061.168585611979,24611.03874077691,baseline
2025-04-21 16:00:00,58592.09582465278,25371.489796006943,8114.982848849826,25105.623179796014,baseline
2025-04-21 17:00:00,60520.65412760417,25471.02335069445,10490.954634331598,24558.67614257812,baseline
2025-04-21 18:00:00,61626.0393359375,24209.618943142363,12219.82771158854,25196.592681206595,baseline
2025-04-21 19:00:00,60996.32858072917,18038.8021875,12847.56810329861,30109.95828993056,baseline
2025-04-21 20:00:00,58583.06920572917,4787.783291354709,12627.048659939235,41168.237254435226,baseline
2025-04-21 21:00:00,56863.36650173611,54.15933528995659,14351.665319010415,42457.54184743574,baseline
2025-04-21 22:00:00,55110.43834635417,0.6160106295016077,18528.15347439236,36581.66886133231,baseline
2025-04-21 23:00:00,52924.72101128472,0.207350873897473,21505.918541666662,31418.59511874416,baseline
2025-04-22 00:00:00,49365.806328125,0.179660595845845,22038.875366753477,27326.75130077568,baseline
2025-04-22 01:00:00,46690.56208333333,0.1495474839707215,22259.14011284722,24431.272423002138,baseline
2025-04-22 02:00:00,45096.247074652776,0.2369185539583365,21737.3343359375,23358.67582016132,baseline
2025-04-22 03:00:00,43995.52175347223,0.2560434360305468,21213.307493489585,22781.95821654661,baseline
2025-04-22 04:00:00,43271.503823784726,0.3240751603245735,20917.33582248264,22353.84392614176,baseline
2025-04-22 05:00:00,42711.71090277778,0.277364208019442,20574.838782552084,22136.594756017672,baseline
2025-04-22 06:00:00,43923.91600694445,0.3339415765470929,20215.13728298611,23708.44478238179,baseline
2025-04-22 07:00:00,46620.18486545139,12.161903705530696,19852.97945963541,26755.04350211044,baseline
2025-04-22 08:00:00,47723.01513888889,2364.6705427720813,19200.147332899305,26158.197263217506,baseline
2025-04-22 09:00:00,49402.34681423611,11162.24777452257,15840.961069878473,22399.137969835065,baseline
2025-04-22 10:00:00,51685.97491753472,17257.91601671007,14499.422737630208,19928.63616319445,baseline
2025-04-22 11:00:00,53866.76181857639,19094.40706814236,15713.163744574653,19059.19100585937,baseline
2025-04-22 12:00:00,55420.13931857639,20146.25225260417,15347.029214409722,19926.857851562498,baseline
2025-04-22 13:00:00,57455.57629340278,21376.50639105903,14830.470384114584,21248.599518229166,baseline
2025-04-22 14:00:00,60483.01524305555,21616.19154947917,15210.693980034725,23656.12971354166,baseline
2025-04-22 15:00:00,62783.18460503472,19954.47293185764,17332.97517469618,25495.736498480903,baseline
2025-04-22 16:00:00,64084.70937065972,17946.652039930555,19062.553467881942,27075.503862847225,baseline
2025-04-22 17:00:00,65219.67031684028,16662.180630425348,20193.631100260416,28363.858586154514,baseline
2025-04-22 18:00:00,65301.993828125,15211.37970594618,20646.25906901041,29444.3550531684,baseline
2025-04-22 19:00:00,63687.00677517361,10785.221223415798,20401.271940104165,32500.51361165365,baseline
2025-04-22 20:00:00,61337.84926649305,2528.0851782226564,19478.481493055555,39331.28259521484,baseline
2025-04-22 21:00:00,59951.00989583333,39.788504374027255,19150.454307725693,40760.76708373361,baseline
2025-04-22 22:00:00,58443.87865885417,1.6658362462123235,20095.697955729167,38346.51486687879,baseline
2025-04-22 23:00:00,55561.55302951389,0.1640202943897909,20579.737690972222,34981.65131824728,baseline
2025-04-23 00:00:00,52361.23202365451,0.2370761069489849,20179.024210069445,32181.97073747812,baseline
2025-04-23 01:00:00,49468.54317708333,0.3096824605762958,18540.22586588541,30928.00762873734,baseline
2025-04-23 02:00:00,47828.46496961806,0.3081524756881926,17757.043070746528,30071.11374639584,baseline
2025-04-23 03:00:00,45814.67628472222,0.2560993283821476,16002.811671006944,29811.60851438689,baseline
2025-04-23 04:00:00,45434.0671375868,0.2590261306862036,15302.834665798611,30130.973445657502,baseline
2025-04-23 05:00:00,45025.06353515625,0.2622655868033568,14721.700548773872,30303.100720795577,baseline
2025-04-23 06:00:00,45555.91407660591,0.260261422784792,14559.627646484376,30996.026168698743,baseline
2025-04-23 07:00:00,47285.82102864584,0.291977734333939,13221.958941514757,34063.570109396744,baseline
2025-04-23 08:00:00,48018.79340277778,544.7837904799646,13253.603197157116,34220.4064151407,baseline
2025-04-23 09:00:00,49415.21861545139,5533.085973714193,12169.272958170572,31712.859683566625,baseline
2025-04-23 10:00:00,51458.38000434028,12023.31455295139,11922.293070746528,27512.772380642364,baseline
2025-04-23 11:00:00,53379.27692708333,15561.677312282984,12840.099127604166,24977.50048719618,baseline
2025-04-23 12:00:00,54749.77884548612,18121.469536675348,13401.204866536458,23227.104442274307,baseline
2025-04-23 13:00:00,55988.43195095486,20254.44779730903,13141.737958984377,22592.246194661457,baseline
2025-04-23 14:00:00,57171.00843967014,20702.3009765625,12814.88595594618,23653.82150716146,baseline
2025-04-23 15:00:00,58106.80195529514,20140.709602864583,13228.248514539931,24737.84383789062,baseline
2025-04-23 16:00:00,59622.49760416667,19993.219898003477,13718.088220486112,25911.18948567708,baseline
2025-04-23 17:00:00,60147.8156640625,17737.07146267361,14250.07462890625,28160.66957248264,baseline
2025-04-23 18:00:00,60115.66213107639,14137.098564453125,15410.08880859375,30568.474758029515,baseline
2025-04-23 19:00:00,58889.92233398437,8276.772669949001,16809.197095269097,33803.952568766275,baseline
2025-04-23 20:00:00,57545.39195095486,1664.583135969374,17945.85929470486,37934.94952028063,baseline
2025-04-23 21:00:00,57582.48639322917,20.003762154637112,18971.95843532986,38590.52419574467,baseline
2025-04-23 22:00:00,56055.40083333333,0.1672658725579579,19923.528678385417,36131.70488907536,baseline
2025-04-23 23:00:00,53013.38756076389,0.1794836116623547,18912.068274739584,34101.13980241265,baseline
2025-04-24 00:00:00,49968.86127604167,0.2126284552986423,19346.34354709201,30622.305100494355,baseline
2025-04-24 01:00:00,48009.21422200521,0.1911828773261772,18585.434240993924,29423.58879813396,baseline
2025-04-24 02:00:00,46277.16458224826,0.2277258038438028,17476.654536132814,28800.2823203116,baseline
2025-04-24 03:00:00,45770.67006076389,0.3247956112523874,17272.855514322917,28497.48975082972,baseline
2025-04-24 04:00:00,44731.581244574656,0.2658259256515238,16267.512217068142,28463.803201580864,baseline
2025-04-24 05:00:00,44600.03389973958,0.2703062194999721,15429.678287760416,29170.085305759665,baseline
2025-04-24 06:00:00,45675.98420898437,0.2732667764276266,14536.379476453993,31139.331465753952,baseline
2025-04-24 07:00:00,48463.06556315104,1.962129982337356,13248.368324110244,35212.735109058456,baseline
2025-04-24 08:00:00,49517.45176649305,709.1100544887119,13103.8756898329,35704.466022171444,baseline
2025-04-24 09:00:00,49991.47432834201,3869.4860196940094,12776.244542914495,33345.7437657335,baseline
2025-04-24 10:00:00,52444.222427300345,8436.617582600911,12505.4100773112,31502.194767388235,baseline
2025-04-24 11:00:00,54671.72581597222,11864.548274739584,12780.07142469618,30027.10611653645,baseline
2025-04-24 12:00:00,56959.45190863715,14492.462700737848,14390.059194607204,28076.930013292094,baseline
2025-04-24 13:00:00,58214.34555989583,16253.876597222225,15842.29281141493,26118.17615125868,baseline
2025-04-24 14:00:00,59205.44645833333,15663.763236762154,15545.152740885416,27996.53048068576,baseline
2025-04-24 15:00:00,59376.28768663194,14772.98691297743,14188.32806749132,30414.972706163197,baseline
2025-04-24 16:00:00,59183.13035590278,13410.652896050347,12916.201282552083,32856.27617730035,baseline
2025-04-24 17:00:00,58657.97314670139,11885.969799262151,13186.545511067709,33585.457836371526,baseline
2025-04-24 18:00:00,58073.37647460937,11717.61100341797,14375.306663953994,31980.45880723741,baseline
2025-04-24 19:00:00,56943.150811631946,8279.995814887152,14779.45515625,33883.699840494795,baseline
2025-04-24 20:00:00,55527.64993706597,2531.6952744547525,15144.04523763021,37851.909424981015,baseline
2025-04-24 21:00:00,54492.785520833335,79.30517671990725,15399.390992296008,39014.08935181742,baseline
2025-04-24 22:00:00,53319.13771701389,0.3261553925358587,17533.54107313368,35785.27048848767,baseline
2025-04-24 23:00:00,50888.00462239584,0.3876076054738627,18594.70123046875,32292.915784321613,baseline
2025-04-25 00:00:00,48478.036840277775,0.1900485348494516,18990.34504557292,29487.501746170008,baseline
2025-04-25 01:00:00,46123.95035590278,0.2465129542102416,18908.18024468316,27215.52359826541,baseline
2025-04-25 02:00:00,44880.61337239584,0.5259652047687107,18130.20840277778,26749.879004413287,baseline
2025-04-25 03:00:00,43885.13188585069,0.3982575988521178,18094.733584526908,25790.000043724933,baseline
2025-04-25 04:00:00,43074.62785698785,0.4141356845448414,17513.148370225696,25561.065351077606,baseline
2025-04-25 05:00:00,42956.35661892361,0.281794580552313,15629.432299262153,27326.642525080904,baseline
2025-04-25 06:00:00,44147.33757052951,0.2944729684210486,13534.493279622397,30612.54981793869,baseline
2025-04-25 07:00:00,46719.69984375,1.2134647450182172,11671.616067708334,35046.87031129665,baseline
2025-04-25 08:00:00,48000.86196180555,779.5442424456279,9606.00212076823,37615.3155985917,baseline
2025-04-25 09:00:00,49210.79712456597,5207.732657877604,7315.406818576389,36687.65764811198,baseline
2025-04-25 10:00:00,51627.52230251736,10230.316883409288,7202.410657687717,34194.79476142036,baseline
2025-04-25 11:00:00,53970.14076280382,13726.106303710938,7523.135034179688,32720.899424913197,baseline
2025-04-25 12:00:00,55779.93791232639,16177.00190782335,7669.759133029514,31933.176871473523,baseline
2025-04-25 13:00:00,57239.35579861111,18177.689330512152,8252.373261990017,30809.293206108945,baseline
2025-04-25 14:00:00,58802.161553819446,18738.61894748264,9250.301349826388,30813.241256510417,baseline
2025-04-25 15:00:00,60121.89813368056,19561.078997395834,10777.95168701172,29782.86744927301,baseline
2025-04-25 16:00:00,61468.43249782986,17956.559724392362,13015.092035590278,30496.78073784722,baseline
2025-04-25 17:00:00,62675.42210069444,17094.80367404514,15767.845538194444,29812.772888454856,baseline
2025-04-25 18:00:00,62803.63255208333,15581.650262315536,17881.53246310764,29340.44982666016,baseline
2025-04-25 19:00:00,61184.714448784725,9402.34921875,18409.2965625,33373.068667534724,baseline
2025-04-25 20:00:00,58812.00038736979,1824.7455431450735,16692.616948784722,40294.63789544,baseline
2025-04-25 21:00:00,57526.03425998264,24.383303429517483,15461.771480848523,42039.8794757046,baseline
2025-04-25 22:00:00,55884.6094140625,0.2231976958571208,16066.733939615886,39817.65227675076,baseline
2025-04-25 23:00:00,53586.73318142361,0.2009955360326502,17256.479370659723,36330.05281522786,baseline
2025-04-26 00:00:00,51367.18657877604,0.1855126895507176,17526.521441514757,33840.47962457173,baseline
2025-04-26 01:00:00,49033.18534939236,0.3503214598115947,16592.358932291667,32440.476095640883,baseline
2025-04-26 02:00:00,47344.58921983507,0.3250873470803102,16606.115715603297,30738.14841688469,baseline
2025-04-26 03:00:00,46232.61023763021,0.4090622882876131,17118.00329264323,29114.19788269869,baseline
2025-04-26 04:00:00,44396.8237391493,0.4241843766305181,16393.14651312934,28003.25304164333,baseline
2025-04-26 05:00:00,43678.56240559896,0.7267942195220126,16329.876787380645,27347.9588239988,baseline
2025-04-26 06:00:00,43509.08470811632,0.8113593337933223,15978.406587999132,27529.8667607834,baseline
2025-04-26 07:00:00,43780.23179904514,11.840481170382764,14996.576161024306,28771.81515685045,baseline
2025-04-26 08:00:00,44408.26325737847,2049.8599341837566,14589.23334201389,27769.169981180825,baseline
2025-04-26 09:00:00,47041.41985677083,8491.526712239584,14471.878951822917,24078.01419270833,baseline
2025-04-26 10:00:00,50701.2203515625,13072.858961859807,17135.224092881945,20493.137296820747,baseline
2025-04-26 11:00:00,52770.01466579861,14589.056675347225,17490.39484375,20690.563146701388,baseline
2025-04-26 12:00:00,54695.869127604165,15545.62923936632,16844.07282986111,22306.167058376734,baseline
2025-04-26 13:00:00,56772.33427734375,16544.984388020832,16734.01656467014,23493.333324652776,baseline
2025-04-26 14:00:00,58457.30654730903,17404.362642144097,16418.854659559463,24634.089245605464,baseline
2025-04-26 15:00:00,59786.7361219618,18121.615133463543,16732.513881293402,24932.607107204854,baseline
2025-04-26 16:00:00,61204.96115451389,17782.080763888887,16792.613083767363,26630.26730685764,baseline
2025-04-26 17:00:00,61720.22087890625,16679.96796061198,17274.689494900173,27765.563423394105,baseline
2025-04-26 18:00:00,61402.71003472222,12825.153542751736,16600.141988932293,31977.41450303819,baseline
2025-04-26 19:00:00,59523.17019965278,6756.488347439236,15692.70638888889,37073.97546332465,baseline
2025-04-26 20:00:00,57249.29652669271,1864.5149670071075,14981.468479817708,40403.31307986789,baseline
2025-04-26 21:00:00,55866.0736968316,102.60133728275696,13959.158597276475,41804.313762272366,baseline
2025-04-26 22:00:00,53814.99519097222,0.1843374442888631,14775.530345052084,39039.28050847585,baseline
2025-04-26 23:00:00,53221.36217447917,0.2139911315507359,16224.548835720489,36996.59934762713,baseline
2025-04-27 00:00:00,50978.990078125,0.312761753482951,16804.162860243057,34174.51445612846,baseline
2025-04-27 01:00:00,48577.18466362848,0.2342781048350864,17269.779927842883,31307.17045768076,baseline
2025-04-27 02:00:00,46159.53299587674,0.3106398828576008,16658.764604492186,29500.457751501697,baseline
2025-04-27 03:00:00,45544.924944661456,0.6963765122244755,18068.04767686632,27476.18089128291,baseline
2025-04-27 04:00:00,44476.91847113716,0.5037671942926115,18475.070366210937,26001.344337731927,baseline
2025-04-27 05:00:00,43909.73752061632,0.3459125971711344,17579.254488389757,26330.13711962939,baseline
2025-04-27 06:00:00,43294.42824110243,0.3461989408400324,16127.850504014756,27166.23153814684,baseline
2025-04-27 07:00:00,43462.11344618056,10.44645448214478,15445.607112630209,28006.059879068205,baseline
2025-04-27 08:00:00,43752.34792643229,1905.3764500554405,14707.545640733508,27139.425835643346,baseline
2025-04-27 09:00:00,46350.81533311632,8985.030316297743,14522.193615722656,22843.59140109592,baseline
2025-04-27 10:00:00,50044.898961588544,13377.20195827908,16786.449481336807,19881.24752197265,baseline
2025-04-27 11:00:00,54086.201935763886,16089.52892578125,18778.904140625,19217.768869357635,baseline
2025-04-27 12:00:00,56078.77012586805,16675.02496310764,19457.979691297744,19945.76547146267,baseline
2025-04-27 13:00:00,58148.99468532986,16687.63089626736,20031.27957248264,21430.08421657986,baseline
2025-04-27 14:00:00,60285.45210286458,16489.475798882377,21066.490824652778,22729.48547932943,baseline
2025-04-27 15:00:00,61771.91254123264,16760.005796983507,21851.447271050347,23160.45947319879,baseline
2025-04-27 16:00:00,62667.46968858507,15492.249750705296,22434.745512695317,24740.47442518446,baseline
2025-04-27 17:00:00,63604.48388671875,14361.80109483507,23186.78046983507,26055.90232204861,baseline
2025-04-27 18:00:00,63706.12595052084,13072.685504557292,23738.059446614585,26895.380999348963,baseline
2025-04-27 19:00:00,62505.46793402778,8920.010883246528,23791.42399522569,29794.03305555556,baseline
2025-04-27 20:00:00,60955.80091254341,2451.827701941596,24639.187506510418,33864.785704091395,baseline
2025-04-27 21:00:00,60122.789835069445,49.04332888672749,24710.071642795137,35363.67486338758,baseline
2025-04-27 22:00:00,59053.42150390625,0.2654565819518433,25264.78429470486,33788.37175261944,baseline
2025-04-27 23:00:00,56246.65366102431,0.4435924207336373,25661.869971788197,30584.34009681538,baseline
2025-04-28 00:00:00,52705.32468532986,0.4912028100093206,25520.97191189236,27183.86157062749,baseline
2025-04-28 01:00:00,49841.64091905382,0.7800797863304615,25062.516927625868,24778.34391164162,baseline
2025-04-28 02:00:00,48059.22937717014,0.7194290416439374,24428.27587456597,23630.23407356252,baseline
2025-04-28 03:00:00,47430.73330729167,0.5424840914209684,23861.24115017361,23568.94967302664,baseline
2025-04-28 04:00:00,46914.168619791664,0.7149559773670302,24259.558203125,22653.89546068929,baseline
2025-04-28 05:00:00,46760.544293619794,0.9187518692678877,24265.057399088542,22494.568142661985,baseline
2025-04-28 06:00:00,47856.42646484375,0.9934560374087756,24244.85270996094,23610.580298845405,baseline
2025-04-28 07:00:00,50074.928827039934,25.28580410414272,23748.22476888021,26301.41825405558,baseline
2025-04-28 08:00:00,51132.85138888889,2008.036151835124,22856.645121527778,26268.17011552599,baseline
2025-04-28 09:00:00,52799.81564236112,7371.354535047743,21021.50894314236,24406.95216417101,baseline
2025-04-28 10:00:00,55580.185062934026,10732.989718967014,20523.644459635416,24323.5508843316,baseline
2025-04-28 11:00:00,57703.78535373264,13393.690134548611,20206.94886284722,24103.14635633681,baseline
2025-04-28 12:00:00,58772.33825737847,14926.490213487414,19025.454532877604,24820.39351101345,baseline
2025-04-28 13:00:00,60025.57615342882,16382.205777452256,18135.455390625,25507.914985351563,baseline
2025-04-28 14:00:00,61120.91504774305,16419.73888780382,18165.881345486112,26535.29481445313,baseline
2025-04-28 15:00:00,62083.928740234376,15433.886375054251,18915.366925998263,27734.67543918186,baseline
2025-04-28 16:00:00,62508.50106987848,14172.617073838976,19667.76965657552,28668.11433946398,baseline
2025-04-28 17:00:00,63610.90597330729,13248.169826931424,19649.96073730469,30712.775409071182,baseline
2025-04-28 18:00:00,63743.08940863716,10969.50026828342,19825.593778211805,32947.995362141926,baseline
2025-04-28 19:00:00,62181.41658854167,7782.710625813802,18516.30657714844,35882.399385579425,baseline
2025-04-28 20:00:00,60867.1062109375,2121.3820052083333,19250.00294921875,39495.72125651041,baseline
2025-04-28 21:00:00,60347.628517795136,44.01882084688378,20559.32515190972,39744.284545038536,baseline
2025-04-28 22:00:00,59141.24031467014,0.1855874567354719,21958.65180338541,37182.40292382799,baseline
2025-04-28 23:00:00,56672.43898328993,0.2309115430754092,23218.9679953342,33453.24007641265,baseline
2025-04-29 00:00:00,53421.88757595486,0.354426486964027,22646.999475368924,30774.533674098973,baseline
2025-04-29 01:00:00,50945.70018229167,0.3335859253671434,21743.776762695317,29201.589833670983,baseline
2025-04-29 02:00:00,48313.11877604167,0.4565626330094205,20976.273460828997,27336.388752579664,baseline
2025-04-29 03:00:00,46996.58738064236,0.2986004885700014,19647.12722873264,27349.16155142115,baseline
2025-04-29 04:00:00,46139.10972222222,0.3089142017563184,19065.92466796875,27072.87614005172,baseline
2025-04-29 05:00:00,45855.89124348958,0.3093818619847298,17171.411138237847,28684.17072338975,baseline
2025-04-29 06:00:00,46986.91431315104,0.4249597206711769,16407.88267252604,30578.60668090433,baseline
2025-04-29 07:00:00,49479.15689236111,5.940226380096542,16825.90573784722,32647.3109281338,baseline
2025-04-29 08:00:00,50164.58527560764,1190.4194660525852,15244.0657288954,33730.10008065966,baseline
2025-04-29 09:00:00,50971.0374359809,6252.00346218533,13879.557851833768,30839.4761219618,baseline
2025-04-29 10:00:00,53194.00611111111,10939.368080512151,13952.957936197916,28301.680094401047,baseline
2025-04-29 11:00:00,55825.54848090278,12806.021382378472,15210.666634114585,27808.86046440972,baseline
2025-04-29 12:00:00,58258.783294270834,14961.226175401476,17459.397412109374,25838.159706759983,baseline
2025-04-29 13:00:00,59647.5303515625,16431.33067925347,18972.38031141493,24243.819360894093,baseline
2025-04-29 14:00:00,60595.68021375868,16830.054189453123,18545.02819715712,25220.597827148435,baseline
2025-04-29 15:00:00,61602.52779188368,16588.060744900173,17900.26337510851,27114.203671875,baseline
2025-04-29 16:00:00,63015.47206054688,16166.35872016059,18376.18411458333,28472.929225802956,baseline
2025-04-29 17:00:00,63309.13728949653,15116.142095811632,19352.6442843967,28840.350909288198,baseline
2025-04-29 18:00:00,63587.6853125,13256.837591959636,19156.99321126302,31173.854509277346,baseline
2025-04-29 19:00:00,62650.88681857639,9211.905670030384,19184.012347547745,34254.96880099826,baseline
2025-04-29 20:00:00,60575.31965603299,1881.5052816094287,19297.719580078126,39396.09479434544,baseline
2025-04-29 21:00:00,59545.116953125,35.20592369571535,17542.316666666666,41967.59436276262,baseline
2025-04-29 22:00:00,57970.16627061632,0.1836753113650613,16550.020326605903,41419.96226869905,baseline
2025-04-29 23:00:00,55439.61376302083,0.1634491420040528,17195.962224392362,38243.48808948646,baseline
2025-04-30 00:00:00,52786.87115885417,0.298707921223508,17287.770948350695,35498.80150258225,baseline
2025-04-30 01:00:00,49880.41406684028,0.322667264557547,16826.1703125,33053.92108707572,baseline
2025-04-30 02:00:00,48503.98617838541,0.3274100164241261,16099.197009819878,32404.461758549118,baseline
2025-04-30 03:00:00,47827.869375,0.3390769204828474,16841.745919596353,30985.784378483168,baseline
2025-04-30 04:00:00,47243.54549804688,0.3435325950798061,17710.344748806423,29532.85721664537,baseline
2025-04-30 05:00:00,46375.97773871528,0.3480668701397048,16673.40413736979,29702.225534475347,baseline
2025-04-30 06:00:00,47481.83751302084,0.4359771505743265,15419.629775390626,32061.771760479634,baseline
2025-04-30 07:00:00,49534.24512586805,10.215288685427772,14873.726559244791,34650.30327793783,baseline
2025-04-30 08:00:00,50515.650401475694,1352.4607767571342,13383.938611924914,35779.25101279365,baseline
2025-04-30 09:00:00,51816.37351453993,6173.95633843316,13305.273864746094,32337.14331136068,baseline
2025-04-30 10:00:00,53555.73896375868,9812.819747450088,12526.575216742622,31216.34399956597,baseline
2025-04-30 11:00:00,54808.47664171007,11519.35946940104,10920.016210666232,32369.1009616428,baseline
2025-04-30 12:00:00,56270.05163628472,14402.563634982638,9266.616512586805,32600.871488715275,baseline
2025-04-30 13:00:00,56783.38209092882,15472.79577826606,8882.759701605903,32427.82661105686,baseline
2025-04-30 14:00:00,57832.31353298611,14924.939157986111,8741.64621202257,34165.72816297743,baseline
2025-04-30 15:00:00,58249.70614583333,15250.653323567709,8900.727067057293,34098.32575520833,baseline
2025-04-30 16:00:00,59038.45938585069,14497.07349609375,10131.964694010416,34409.42119574653,baseline
2025-04-30 17:00:00,59857.49081163194,14357.759086371529,11398.666584201388,34101.06514105902,baseline
2025-04-30 18:00:00,59904.46196614584,13398.042677137586,12073.386514485675,34433.03277452257,baseline
2025-04-30 19:00:00,58851.0084516059,10327.880419650608,12082.462069769965,36440.665962185325,baseline
2025-04-30 20:00:00,57345.895425347226,3743.3776976182726,12637.22290907118,40965.29481865777,baseline
2025-04-30 21:00:00,56184.22265190973,153.7104685948458,11020.661754557292,45009.85042875759,baseline
2025-04-30 22:00:00,54903.87767578125,0.2101355444515744,9956.519026963975,44947.14851327283,baseline
2025-04-30 23:00:00,51602.14953125,0.2017870949622657,8273.483064100477,43328.46468005456,baseline
2025-05-01 00:00:00,49795.130462239584,0.2047854063659906,8960.181713867187,40834.74396296603,baseline
2025-05-01 01:00:00,47228.09221571181,0.213263280507591,9242.802579210069,37985.07637322123,baseline
2025-05-01 02:00:00,46203.78889973959,0.2256625589397218,9926.949954427084,36276.61328275356,baseline
2025-05-01 03:00:00,45301.61643663194,0.2583411615093549,10563.670452473958,34737.68764299648,baseline
2025-05-01 04:00:00,44188.20260199653,0.2965157809687985,9494.179457465278,34693.72662875028,baseline
2025-05-01 05:00:00,43585.11840060764,0.2251243490560187,7945.616505533854,35639.276770724726,baseline
2025-05-01 06:00:00,44725.44257378472,0.2207341926627689,7668.238716362847,37056.98312322921,baseline
2025-05-01 07:00:00,46665.7074609375,10.504056545959578,7741.475583767361,38913.727820624175,baseline
2025-05-01 08:00:00,48014.14364800348,2554.986571061876,7876.547658962673,37582.60941797892,baseline
2025-05-01 09:00:00,51072.61151258681,10994.18280327691,7829.087043185764,32249.34166612413,baseline
2025-05-01 10:00:00,53173.172840711806,14882.260026041668,7335.464098849827,30955.448715820312,baseline
2025-05-01 11:00:00,55109.2530967882,16206.495798611111,6826.35286187066,32076.404436306428,baseline
2025-05-01 12:00:00,56827.40505533854,17714.705342881945,6659.90666124132,32452.793051215274,baseline
2025-05-01 13:00:00,58231.67747612847,19207.284995659724,6341.751841362847,32682.6406391059,baseline
2025-05-01 14:00:00,59518.27664496528,20327.821762152777,6047.213265516493,33143.24161729601,baseline
2025-05-01 15:00:00,61088.59388454861,20311.76594184028,6324.128770616319,34452.69917209201,baseline
2025-05-01 16:00:00,62075.01754340278,18685.68103515625,6747.601712646484,36641.734795600045,baseline
2025-05-01 17:00:00,62361.87327690972,16282.687041015624,6702.003201497396,39377.1830343967,baseline
2025-05-01 18:00:00,61853.401979166665,14602.19497639974,6997.545316704644,40253.66168606228,baseline
2025-05-01 19:00:00,61336.07767795139,11692.550395507811,7623.495989583333,42020.03129286024,baseline
2025-05-01 20:00:00,59503.28606119792,4260.063133612739,10704.34996310764,44538.872964477545,baseline
2025-05-01 21:00:00,58808.48825086805,139.60235658225292,13870.40558919271,44798.48030509309,baseline
2025-05-01 22:00:00,57730.82829861111,0.2762569434899423,17059.85846544054,40670.69357622708,baseline
2025-05-01 23:00:00,54718.95439670139,0.1586682719985644,19226.06550564236,35492.73022278703,baseline
2025-05-02 00:00:00,51713.29564887153,0.2877112237529622,18835.261104600693,32877.74683304708,baseline
2025-05-02 01:00:00,48533.515221354166,0.5162067189150387,18640.993037109376,29892.005977525874,baseline
2025-05-02 02:00:00,46791.81064236111,0.4061091447869936,18579.344092881944,28212.06044033438,baseline
2025-05-02 03:00:00,45345.73749782986,0.3632299477524227,17774.150928819443,27571.223339062664,baseline
2025-05-02 04:00:00,43368.66997070312,0.2759762421664264,16582.900628255207,26785.49336620575,baseline
2025-05-02 05:00:00,43026.73594075521,0.3054851009531154,16578.162924262153,26448.2675313921,baseline
2025-05-02 06:00:00,43969.55205729167,0.2828066961301698,14823.44990451389,29145.819346081647,baseline
2025-05-02 07:00:00,46385.44940538194,14.308508676422967,13985.46328233507,32385.67761437045,baseline
2025-05-02 08:00:00,47465.34012369792,2453.9277574327257,13147.903425564236,31863.50894070096,baseline
2025-05-02 09:00:00,49351.95589518229,7935.278563232422,14542.983352864583,26873.693979085285,baseline
2025-05-02 10:00:00,51608.20096028646,10796.450449490016,16906.534500868056,23905.216009928383,baseline
2025-05-02 11:00:00,53673.91202799479,11556.840776909725,17174.78721842448,24942.284032660587,baseline
2025-05-02 12:00:00,55475.69404079861,12582.176621907553,18010.65480957031,24882.86260932075,baseline
2025-05-02 13:00:00,56390.183621961805,12658.57837565104,18517.44317057292,25214.162075737848,baseline
2025-05-02 14:00:00,57207.22283311632,12781.34188422309,19326.647935112847,25099.233013780384,baseline
2025-05-02 15:00:00,56549.94859375,12800.06568684896,18901.484633246528,24848.398273654515,baseline
2025-05-02 16:00:00,55575.84194010417,11655.626185980902,17714.73826388889,26205.477490234374,baseline
2025-05-02 17:00:00,55145.55447916667,11012.94640516493,17559.863643663193,26572.744430338545,baseline
2025-05-02 18:00:00,54058.81695638021,10525.56027560764,17253.386895073785,26279.869785698786,baseline
2025-05-02 19:00:00,52947.330160590274,8081.143984375,16484.678911675346,28381.507264539927,baseline
2025-05-02 20:00:00,51548.267990451386,3107.8963773600262,15588.863895399303,32851.50771769205,baseline
2025-05-02 21:00:00,50829.74411024305,150.1361574665374,12509.399370659725,38170.20858211679,baseline
2025-05-02 22:00:00,49908.51601996528,0.1697107077307171,10837.138837890623,39071.20747136692,baseline
2025-05-02 23:00:00,48148.4305186632,0.1949298403494888,9971.830282389325,38176.40530643352,baseline
2025-05-03 00:00:00,46022.022856987845,0.1899019580375817,8667.32128282335,37354.511672206456,baseline
2025-05-03 01:00:00,44016.975546875,0.2486280310857627,8857.27762125651,35159.4492975874,baseline
2025-05-03 02:00:00,42759.79248046875,0.3070404239247242,8469.410898980035,34290.074541064794,baseline
2025-05-03 03:00:00,41287.24868923611,0.30296229104201,7552.52996242947,33734.4157645156,baseline
2025-05-03 04:00:00,40471.71364583333,0.3015062508318159,6384.603466932509,34086.80867264999,baseline
2025-05-03 05:00:00,39816.310615234375,0.2968395522402392,5396.287250027127,34419.72652565501,baseline
2025-05-03 06:00:00,40426.2930078125,0.2985860795444912,5246.9088123914935,35179.08560934146,baseline
2025-05-03 07:00:00,41109.63721788194,63.71199829220772,5869.348715277778,35176.57650431196,baseline
2025-05-03 08:00:00,42690.32742947049,4976.2181663343645,6300.546031494141,31413.563231641983,baseline
2025-05-03 09:00:00,45688.80155815972,17864.71252278646,6011.781143663195,21812.307891710065,baseline
2025-05-03 10:00:00,46665.21882161458,23127.75827311198,5642.263438720704,17895.197109781897,baseline
2025-05-03 11:00:00,47140.86095920139,24047.63980685764,5843.826742078993,17249.39441026476,baseline
2025-05-03 12:00:00,47748.41958007812,24662.466112738715,5647.739340684679,17438.21412665473,baseline
2025-05-03 13:00:00,48552.5693109809,25517.42731825087,5315.469227294921,17719.67276543511,baseline
2025-05-03 14:00:00,49594.53258463542,25921.490134006075,5197.533305664063,18475.50914496528,baseline
2025-05-03 15:00:00,50469.84533420139,26038.527421875,5292.654398600261,19138.66351372613,baseline
2025-05-03 16:00:00,51633.53948784722,25795.909069010417,5278.336864149305,20559.2935546875,baseline
2025-05-03 17:00:00,52710.18750434028,25796.84999782986,5266.533300238715,21646.8042062717,baseline
2025-05-03 18:00:00,53278.74001736111,24286.0394656033,5604.143443196615,23388.557108561195,baseline
2025-05-03 19:00:00,52885.85726996528,18669.769251302085,6099.860601671007,28116.227416992188,baseline
2025-05-03 20:00:00,51122.35601453993,6210.030322943793,6282.07539727105,38630.25029432509,baseline
2025-05-03 21:00:00,49600.20532552083,152.57206014790313,7334.20662475586,42113.426640617065,baseline
2025-05-03 22:00:00,48454.036905381945,0.0298594810379048,9417.300281032984,39036.70676486792,baseline
2025-05-03 23:00:00,46915.62342556424,0.0294336779953704,11142.608811577693,35772.98518030855,baseline
2025-05-04 00:00:00,44755.67486111111,0.1059452762454748,12132.642348632811,32622.92656720205,baseline
2025-05-04 01:00:00,42570.67592773437,0.1432808940981825,13239.458086208768,29331.074560631507,baseline
2025-05-04 02:00:00,41003.80494466146,0.3110414721402857,14475.548191189237,26527.945712000084,baseline
2025-05-04 03:00:00,39989.28445746528,0.2432317150466972,15157.976199273004,24831.065026477227,baseline
2025-05-04 04:00:00,38937.35475477431,0.2563584374719196,15547.367242296006,23389.73115404083,baseline
2025-05-04 05:00:00,38617.90112521702,0.2527291296256913,15770.329261338977,22847.319134748417,baseline
2025-05-04 06:00:00,38888.72663736979,0.2486414412202106,16862.80336968316,22025.67462624541,baseline
2025-05-04 07:00:00,38975.33497070312,92.8905936033941,17304.168547092013,21578.275830007715,baseline
2025-05-04 08:00:00,39974.74315538195,5297.687477077908,16410.35847439236,18266.69720391168,baseline
2025-05-04 09:00:00,43071.759369574655,17103.997174479166,12244.353256564673,13723.408938530818,baseline
2025-05-04 10:00:00,45131.09489583333,20753.06598198785,11346.30798719618,13031.720926649308,baseline
2025-05-04 11:00:00,45802.83001302083,21018.792981770832,11872.347629123264,12911.689402126736,baseline
2025-05-04 12:00:00,46814.37409613715,21492.316423068576,12088.644649251302,13233.413023817271,baseline
2025-05-04 13:00:00,47988.00736219618,21566.83962293837,12647.549457465278,13773.61828179253,baseline
2025-05-04 14:00:00,49527.56801215278,21503.74326171875,13573.922476128471,14449.902274305554,baseline
2025-05-04 15:00:00,51378.35962239583,21381.600056423613,14760.64396375868,15236.11560221354,baseline
2025-05-04 16:00:00,53145.42582682292,20860.91225965712,16351.499685329862,15933.01388183594,baseline
2025-05-04 17:00:00,54765.663498263886,19489.867786458333,18058.82664279514,17216.96906901041,baseline
2025-05-04 18:00:00,56042.74023871528,17550.827373046875,19478.617350260414,19013.295515407983,baseline
2025-05-04 19:00:00,55689.90625651042,12661.719007703992,21158.885594618056,21869.30165418837,baseline
2025-05-04 20:00:00,54397.88763454861,3407.8405614556204,21657.993393554687,29332.053679538305,baseline
2025-05-04 21:00:00,53789.54992621528,53.03014457286232,21564.246773003477,32172.273008638946,baseline
2025-05-04 22:00:00,52516.29587673611,0.4344572930203543,22772.16200954861,29743.69940989448,baseline
2025-05-04 23:00:00,49914.86712673611,0.2487945562352737,22330.886569010418,27583.73176316946,baseline
2025-05-05 00:00:00,46728.7261328125,0.1955723203346133,21906.95227918837,24821.5782813038,baseline
2025-05-05 01:00:00,43969.99110677083,0.2610021001390284,20977.541194118923,22992.18891055177,baseline
2025-05-05 02:00:00,42092.83573784722,0.3170051152010759,20306.343710394965,21786.17502233705,baseline
2025-05-05 03:00:00,41178.37422743056,0.3024425973494847,20272.296877170134,20905.774907663068,baseline
2025-05-05 04:00:00,40995.777100694446,0.2972275091211001,20322.91200954861,20672.56786363672,baseline
2025-05-05 05:00:00,40883.09631076389,0.2364723322623305,19952.27501953125,20930.584818900377,baseline
2025-05-05 06:00:00,42531.375093315975,0.5253359379950497,20470.889294162327,22059.96046321565,baseline
2025-05-05 07:00:00,45102.90468098958,73.37768281373712,21799.331662868924,23230.19533530692,baseline
2025-05-05 08:00:00,46269.3445811632,3092.2335613335504,21818.739751519097,21358.37126831055,baseline
2025-05-05 09:00:00,48096.92454644097,10069.314874131944,20315.42412597656,17712.18554633246,baseline
2025-05-05 10:00:00,49535.17154188368,13532.708110080295,19259.737065972226,16742.726365831164,baseline
2025-05-05 11:00:00,50300.38708007812,13656.995205349393,18310.42546061198,18332.966414116752,baseline
2025-05-05 12:00:00,51998.53483723958,13170.602692871094,18091.678115234376,20736.254029134117,baseline
2025-05-05 13:00:00,52686.76710611979,12557.584440917968,19086.59667154948,21042.58599365234,baseline
2025-05-05 14:00:00,53144.26863389757,10606.947228461371,19659.0490234375,22878.2723819987,baseline
2025-05-05 15:00:00,53395.11951388889,8834.344303927952,21589.07597873264,22971.699231228296,baseline
2025-05-05 16:00:00,52866.92329861111,6991.207020399305,22539.229212239585,23336.48706597222,baseline
2025-05-05 17:00:00,52882.72849175347,6667.104420030382,23369.358637152774,22846.265434570312,baseline
2025-05-05 18:00:00,52779.589192708336,5918.109602322049,24301.48715766059,22559.992432725696,baseline
2025-05-05 19:00:00,52422.38050998264,4180.076182454427,24380.166227756075,23862.13809977214,baseline
2025-05-05 20:00:00,52005.46867513021,1495.3772205522323,24820.7746077474,25689.316846830578,baseline
2025-05-05 21:00:00,52044.35021267361,16.464506076065202,24172.34232421875,27855.5433823788,baseline
2025-05-05 22:00:00,50822.80663194445,0.3360332156221072,23389.18336805556,27433.287230673268,baseline
2025-05-05 23:00:00,48300.7337109375,0.3034870936142074,22785.04696831597,25515.383255527915,baseline
2025-05-06 00:00:00,45554.05799913195,0.2820122269127104,22483.82115668403,23069.95483022101,baseline
2025-05-06 01:00:00,43485.11127170139,0.4811936274833149,22466.671547309023,21017.95853076488,baseline
2025-05-06 02:00:00,42375.464832899306,0.4296063287059466,21906.704507378472,20468.330719192127,baseline
2025-05-06 03:00:00,41605.91256293403,0.4253597228394614,21081.14156955295,20524.34563365824,baseline
2025-05-06 04:00:00,41249.35490017361,0.6657780970798598,20736.82384982639,20511.865272250143,baseline
2025-05-06 05:00:00,42033.143246527776,0.5752282724115584,19638.618498263888,22393.949519991475,baseline
2025-05-06 06:00:00,43705.13177517361,0.6345878618955613,18665.85100694445,25038.646180367272,baseline
2025-05-06 07:00:00,46448.09950520833,4.077112508200937,16045.051619466143,30398.970773233985,baseline
2025-05-06 08:00:00,47749.84652560764,539.2837671322293,13454.412486979169,33756.15027149624,baseline
2025-05-06 09:00:00,48792.093359375,3602.064699707031,13819.229879557291,31370.79878011068,baseline
2025-05-06 10:00:00,50363.95642795139,7114.609167751736,12816.376025390626,30432.971234809025,baseline
2025-05-06 11:00:00,51332.57336805556,9532.98138888889,12032.205908203125,29767.38607096354,baseline
2025-05-06 12:00:00,52416.1804969618,10936.904134114584,11817.55158311632,29661.7247797309,baseline
2025-05-06 13:00:00,53365.94602647569,11862.632280815971,11914.169544270831,29589.144201388888,baseline
2025-05-06 14:00:00,54346.483505859374,13507.672181803386,11234.970893554688,29603.840430501303,baseline
2025-05-06 15:00:00,54439.6456108941,16094.600323350694,10607.710338541669,27737.33494900173,baseline
2025-05-06 16:00:00,54627.398041449655,16746.11701280382,9125.200647650823,28756.08038099501,baseline
2025-05-06 17:00:00,55850.83318142361,17773.371210394966,7249.1312858072915,30828.33068522135,baseline
2025-05-06 18:00:00,56667.46655924479,17090.901916775172,6025.262428927951,33551.30221354167,baseline
2025-05-06 19:00:00,56553.11253146701,12765.016595865884,5128.721310492621,38659.37462510851,baseline
2025-05-06 20:00:00,54585.70155490452,3890.650196194119,4280.465210232205,46414.58614847819,baseline
2025-05-06 21:00:00,52759.04486002604,106.00667966160508,4364.2278091091575,48288.81037125528,baseline
2025-05-06 22:00:00,51988.76070095486,0.1460784692689776,4092.355535413954,47896.25908707164,baseline
2025-05-06 23:00:00,50201.39796115452,0.243354305629101,4713.378235677084,45487.7763711718,baseline
2025-05-07 00:00:00,48130.26848198785,0.1587742645127905,5273.398570692274,42856.71113703106,baseline
2025-05-07 01:00:00,45475.398192274304,0.1424413963903983,4155.038332519532,41320.21741835839,baseline
2025-05-07 02:00:00,44477.991918402775,0.1611444002969397,4034.086556667752,40443.74421733472,baseline
2025-05-07 03:00:00,43457.92787434896,0.1701320660114288,4196.357816433377,39261.39992584957,baseline
2025-05-07 04:00:00,43170.04367404514,0.2652104186101092,4376.8150085449215,38792.96345508161,baseline
2025-05-07 05:00:00,42888.26751302083,0.3036102296080854,5080.423393012153,37807.54050977907,baseline
2025-05-07 06:00:00,43603.295069444444,0.2911323329806328,5379.84349500868,38223.16044210278,baseline
2025-05-07 07:00:00,45716.2410687934,10.447965184847511,5671.006394314236,40034.78670929432,baseline
2025-05-07 08:00:00,46782.62198025174,1985.3942547861732,6021.050378553602,38776.177346911965,baseline
2025-05-07 09:00:00,47805.16594618056,9254.666477864585,5311.225876193576,33239.273592122394,baseline
2025-05-07 10:00:00,49470.16779405382,15849.386330837671,4874.026686604818,28746.75477661133,baseline
2025-05-07 11:00:00,50560.488854166666,18262.423848198785,4506.036470269098,27792.028535698784,baseline
2025-05-07 12:00:00,51666.46163194445,20608.400655381945,4221.166698404948,26836.894278157557,baseline
2025-05-07 13:00:00,53120.10088975694,22441.198263888888,4707.184602322049,25971.718023546004,baseline
2025-05-07 14:00:00,55051.664172092016,24086.31628092448,5624.123015407986,25341.22487575955,baseline
2025-05-07 15:00:00,57222.55496527778,24850.85298231337,5859.827793918186,26511.874189046222,baseline
2025-05-07 16:00:00,59130.73240668403,24925.417164171005,6221.916955159505,27983.39828735352,baseline
2025-05-07 17:00:00,60888.82190104167,24719.607350260416,6364.368330078125,29804.84622070313,baseline
2025-05-07 18:00:00,61900.9787999132,23346.391866319445,6336.40749077691,32218.17944281684,baseline
2025-05-07 19:00:00,61386.15445746528,18731.276850043403,6590.065265842014,36064.81234157986,baseline
2025-05-07 20:00:00,58962.71897569444,6615.916361219618,6426.460503472223,45920.3421110026,baseline
2025-05-07 21:00:00,56995.36381835937,222.98811698434253,6502.89772881402,50269.47797256101,baseline
2025-05-07 22:00:00,55139.58838541667,0.1753135841877924,7291.686680365668,47847.726391466815,baseline
2025-05-07 23:00:00,52248.81675347222,0.1745712764892313,8517.397584092882,43731.24459810285,baseline
2025-05-08 00:00:00,49700.744552951386,0.1770338965165946,9280.040790473093,40420.52672858178,baseline
2025-05-08 01:00:00,46818.26068684896,0.2617677463839451,9405.61576578776,37412.38315331482,baseline
2025-05-08 02:00:00,44419.34236002604,0.2693617872397105,8447.404272460937,35971.66872577787,baseline
2025-05-08 03:00:00,43549.118177083335,0.2588404721352789,7061.618540581597,36487.2407960296,baseline
2025-05-08 04:00:00,42596.47116970486,0.2597219077580505,6234.689036051433,36361.52241174568,baseline
2025-05-08 05:00:00,42471.55769422743,0.2615157542460494,5437.201384277344,37034.09479419584,baseline
2025-05-08 06:00:00,43666.90914713542,0.3038692629668447,5542.4850032552085,38124.12027461724,baseline
2025-05-08 07:00:00,45781.801553819445,115.80201797975434,5969.085952555339,39696.91358328435,baseline
2025-05-08 08:00:00,47410.94410047743,4969.42005065918,6544.231160888672,35897.29288892957,baseline
2025-05-08 09:00:00,49506.12234809028,14276.597204861111,5733.194211697049,29496.33093153212,baseline
2025-05-08 10:00:00,51427.26686523438,19450.373263346355,4791.673130425347,27185.220471462675,baseline
2025-05-08 11:00:00,53209.77216796875,20812.52658203125,5058.042004665798,27339.203581271708,baseline
2025-05-08 12:00:00,54936.62288194445,20425.680128038195,5398.755434570313,29112.18731933593,baseline
2025-05-08 13:00:00,56968.22546223959,19979.11988064236,4687.622597113716,32301.48298448351,baseline
2025-05-08 14:00:00,58344.04368489584,19433.72863064236,4113.797723524305,34796.51733072917,baseline
2025-05-08 15:00:00,59491.991358506944,17829.566550564236,4767.66308078342,36894.76172715929,baseline
2025-05-08 16:00:00,60436.946692708334,14766.050380859377,6019.681623806424,39651.214688042535,baseline
2025-05-08 17:00:00,60462.38894965278,13502.19896158854,6153.48817437066,40806.70181369358,baseline
2025-05-08 18:00:00,58962.65620225694,9987.40789279514,5564.538900282118,43410.70940917968,baseline
2025-05-08 19:00:00,57099.66835069445,7401.880051812066,5165.869260525174,44531.919038357206,baseline
2025-05-08 20:00:00,54322.35152777778,2988.849608696832,4189.16452094184,47144.33739813911,baseline
2025-05-08 21:00:00,53500.48413519965,159.11907543086343,3454.693069118924,49886.67199064986,baseline
2025-05-08 22:00:00,51516.60321614584,0.3901616301470332,3483.8950868733723,48032.31796764232,baseline
2025-05-08 23:00:00,49579.37589518229,0.5842597395181656,3446.4737059868708,46132.3179294559,baseline
2025-05-09 00:00:00,47058.63375868055,0.4944567168090079,3722.903787434896,43335.235514528846,baseline
2025-05-09 01:00:00,44705.129565972224,0.3894264795713954,3704.627352701823,41000.11278679083,baseline
2025-05-09 02:00:00,43022.39722222222,0.4088212787442737,3197.314631890191,39824.67376905329,baseline
2025-05-09 03:00:00,42397.84929253472,0.4171981013814608,3497.990112847222,38899.44198158612,baseline
2025-05-09 04:00:00,42022.00323676215,0.3526940570771694,4942.716576334636,37078.93396637044,baseline
2025-05-09 05:00:00,42152.78911132812,0.2939289006508059,6979.130413140191,35173.36476928728,baseline
2025-05-09 06:00:00,43557.87837239583,0.2786027164260546,8733.793593207465,34823.806176471946,baseline
2025-05-09 07:00:00,45365.37525390625,57.09768308518662,9120.446278211806,36187.831292609255,baseline
2025-05-09 08:00:00,46540.02093315972,4586.910980224609,8920.630970052083,33032.478982883025,baseline
2025-05-09 09:00:00,47983.623292100696,16306.160969509549,7015.122455647786,24662.33986694336,baseline
2025-05-09 10:00:00,49710.69801215278,23162.861473524303,6252.003522677951,20295.833015950524,baseline
2025-05-09 11:00:00,51969.78245442709,24480.75021592882,9297.865905490453,18191.16633300781,baseline
2025-05-09 12:00:00,52881.1879188368,22788.38312934028,12540.874542100695,17551.93024739583,baseline
2025-05-09 13:00:00,54123.85063585069,21465.180674913197,14330.951593967016,18327.718366970483,baseline
2025-05-09 14:00:00,55314.99345486111,20781.7400390625,15279.853700086804,19253.399715711806,baseline
2025-05-09 15:00:00,56652.46408854167,20077.396158854168,15536.97749186198,21038.09043782552,baseline
2025-05-09 16:00:00,57255.860364583335,19404.579921875,15394.249716796876,22457.030725911463,baseline
2025-05-09 17:00:00,57779.07967013889,18018.109233940973,15068.6544140625,24692.31602213542,baseline
2025-05-09 18:00:00,57869.1380859375,15572.909886067708,14781.045398220484,27515.182801649305,baseline
2025-05-09 19:00:00,56824.48942599826,13604.388059082032,13410.974779459635,29809.126587456594,baseline
2025-05-09 20:00:00,54886.45311957465,5383.186008809407,9763.410061035156,39739.85704973009,baseline
2025-05-09 21:00:00,53449.11700195313,346.017881143358,7551.48125922309,45551.61786158668,baseline
2025-05-09 22:00:00,52025.49359375,105.06069282324778,6516.630709635417,45403.80219129133,baseline
2025-05-09 23:00:00,49449.477456597226,0.1904810515377256,5787.993255750868,43661.29371979482,baseline
2025-05-10 00:00:00,47470.25969184028,0.2027715217901601,5728.668483072916,41741.38843724557,baseline
2025-05-10 01:00:00,45282.06390407986,0.1962132831497325,5788.451747911241,39493.41594288548,baseline
2025-05-10 02:00:00,43179.96144965278,0.2659405676689413,5872.625191514757,37307.07031757035,baseline
2025-05-10 03:00:00,41431.698511284725,0.3500798950095971,6039.138364257812,35392.210067131906,baseline
2025-05-10 04:00:00,40751.41995225695,0.3868977489322424,6680.297552761502,34070.73550174652,baseline
2025-05-10 05:00:00,40602.40597005208,0.3741362590508328,7576.407995605468,33025.62383818756,baseline
2025-05-10 06:00:00,40731.07000434028,0.3484620047609011,8374.577276475695,32356.14426585982,baseline
2025-05-10 07:00:00,41266.02309353299,92.99317115924424,8973.84580485026,32199.184117523488,baseline
2025-05-10 08:00:00,42264.753542751736,5589.030406358507,9015.46077609592,27660.262360297307,baseline
2025-05-10 09:00:00,45219.66571180556,18201.36419704861,6259.447114800348,20758.854399956603,baseline
2025-05-10 10:00:00,47097.2125499132,23311.402923177084,3972.1412632921006,19813.66836344401,baseline
2025-05-10 11:00:00,49302.10297309028,24899.525006510416,5609.5742985026045,18793.00366807726,baseline
2025-05-10 12:00:00,51526.60701497396,24170.355995551214,10210.473648003472,17145.777371419274,baseline
2025-05-10 13:00:00,53999.198046875,23766.11546440972,13331.836384548613,16901.246197916662,baseline
2025-05-10 14:00:00,54390.01340711806,23601.66036024305,12861.47128580729,17926.881761067714,baseline
2025-05-10 15:00:00,55072.57218641493,23635.003568793403,12279.269861924911,19158.298755696615,baseline
2025-05-10 16:00:00,55319.44877604167,22643.458391927084,11805.21185655382,20870.77852756076,baseline
2025-05-10 17:00:00,55786.54454427084,20559.25701280382,12107.989698350695,23119.29783311632,baseline
2025-05-10 18:00:00,55514.20576822916,17647.058920355903,12615.150690104168,25251.99615776909,baseline
2025-05-10 19:00:00,54325.67255425347,14616.444876302085,12812.75681640625,26896.470861545135,baseline
2025-05-10 20:00:00,52446.23854275174,5732.998815002441,10612.058723687063,36101.18100406223,baseline
2025-05-10 21:00:00,51498.94189344618,266.70420822006133,8573.012549099392,42659.225136126726,baseline
2025-05-10 22:00:00,50465.0845703125,0.1724377203484376,8707.890845269098,41757.021287323056,baseline
2025-05-10 23:00:00,48580.001292317706,0.2146301195977462,8507.59203233507,40072.19462986304,baseline
2025-05-11 00:00:00,46376.35839409722,0.2271434159245756,7322.056296657986,39054.07495402332,baseline
2025-05-11 01:00:00,44066.407799479166,0.352358785221974,5854.766753472222,38211.28868722172,baseline
2025-05-11 02:00:00,42135.52143012153,0.3615128295289145,4441.895607638889,37693.26430965311,baseline
2025-05-11 03:00:00,40801.21284071181,0.3554287417067421,3198.5503054470487,37602.307106523054,baseline
2025-05-11 04:00:00,40063.41910915799,0.3468968966686063,2597.72340766059,37465.348804600726,baseline
2025-05-11 05:00:00,39372.6755078125,0.3791734448737568,2119.106182047526,37253.1901523201,baseline
2025-05-11 06:00:00,39279.66357530382,0.3604211353179481,1983.6775001017247,37295.625654066775,baseline
2025-05-11 07:00:00,39424.525299479166,74.12250672535764,2361.8577425130206,36988.54505024079,baseline
2025-05-11 08:00:00,40831.63322482639,4755.553735114204,2625.301780327691,33450.77770938449,baseline
2025-05-11 09:00:00,43871.35825954861,17947.34142578125,1783.115771620009,24140.90106214735,baseline
2025-05-11 10:00:00,45682.54298828125,24602.316066623265,1238.5566293334962,19841.67029232449,baseline
2025-05-11 11:00:00,46885.6804546441,24511.81361653646,3646.995960218642,18726.870877889,baseline
2025-05-11 12:00:00,47827.83759548611,24369.13586263021,5054.937255723741,18403.76447713216,baseline
2025-05-11 13:00:00,49282.16528862847,25256.46718315972,5656.499969618056,18369.198135850693,baseline
2025-05-11 14:00:00,50697.90954101562,25577.90414659288,6511.816434326172,18608.18896009657,baseline
2025-05-11 15:00:00,51506.70798936632,25099.691539171006,6655.2301437717015,19751.786306423608,baseline
2025-05-11 16:00:00,52034.42935655382,24462.767594943576,6165.959829237197,21405.70193237305,baseline
2025-05-11 17:00:00,53406.74967447917,22931.4003515625,5645.32402452257,24830.02529839409,baseline
2025-05-11 18:00:00,54511.1652734375,21658.82070529514,5417.731953667535,27434.612614474827,baseline
2025-05-11 19:00:00,54519.50048611111,17355.969212239583,4968.117583007813,32195.413690863712,baseline
2025-05-11 20:00:00,53365.726918402775,6697.482163357205,3756.58971218533,42911.65504286024,baseline
2025-05-11 21:00:00,51477.03943576389,279.9640697392573,3710.245179985894,47486.83018603874,baseline
2025-05-11 22:00:00,50855.71967881944,0.2002965984245141,4195.240366210937,46660.27901601008,baseline
2025-05-11 23:00:00,48431.73797851562,0.2227504028214348,4825.447034098307,43606.06819401449,baseline
2025-05-12 00:00:00,46399.6505360243,0.279840268616875,5636.8806570095485,40762.49003874614,baseline
2025-05-12 01:00:00,43858.21994791667,0.3515394756860203,6695.335324435764,37162.53308400522,baseline
2025-05-12 02:00:00,42216.75075520833,0.3194477682643467,7090.513063151042,35125.91824428903,baseline
2025-05-12 03:00:00,40806.27495225694,0.3853777990407414,7348.101293945312,33457.78828051259,baseline
2025-05-12 04:00:00,39934.29844726562,0.3967241166697608,6904.5738165961375,33029.32790655282,baseline
2025-05-12 05:00:00,40256.182374131946,0.3704033359885216,6499.524215494792,33756.287755301164,baseline
2025-05-12 06:00:00,41419.4902094184,0.3661790503064791,5992.614749620226,35426.509280747865,baseline
2025-05-12 07:00:00,43618.17167100695,140.8276285996702,6206.141161024306,37271.20288138297,baseline
2025-05-12 08:00:00,45409.64771267361,7027.2591015625,6749.009797092014,31633.3788140191,baseline
2025-05-12 09:00:00,48520.06951280382,20975.731623263888,5466.064784613715,22078.27310492622,baseline
2025-05-12 10:00:00,50417.36574652778,26073.857272135418,4142.685518188477,20200.822956203883,baseline
2025-05-12 11:00:00,51293.39718967014,26798.023452690973,4932.215660807292,19563.15807617188,baseline
2025-05-12 12:00:00,52588.78879991319,26526.948734809022,5021.228497043186,21040.61156806098,baseline
2025-05-12 13:00:00,54816.69249023437,26108.61145562066,4889.291910671658,23818.789123942057,baseline
2025-05-12 14:00:00,57182.33936523437,25857.674919162328,4855.1524975585935,26469.511948513453,baseline
2025-05-12 15:00:00,59579.20634440104,25419.065441623265,4969.6680295138885,29190.47287326389,baseline
2025-05-12 16:00:00,62204.22834309896,24686.536948784724,5173.314926893446,32344.376467420785,baseline
2025-05-12 17:00:00,64574.25790364584,24146.99019748264,6009.993121202257,34417.274584960935,baseline
2025-05-12 18:00:00,65464.29264973958,23228.669860568574,6376.041660020616,35859.58112915039,baseline
2025-05-12 19:00:00,65229.92860894097,17187.515207248263,7095.600232204861,40946.81316948785,baseline
2025-05-12 20:00:00,62835.21942057292,5968.018034261067,8999.802565239801,47867.39882107205,baseline
2025-05-12 21:00:00,60771.58177951389,228.4270216428033,13367.388801269532,47175.76595660155,baseline
2025-05-12 22:00:00,59281.92147243924,0.1131893763691186,19424.890572916665,39856.9177101462,baseline
2025-05-12 23:00:00,55743.35170355903,0.4732350157366858,23740.894791666666,32001.983676876625,baseline
2025-05-13 00:00:00,51742.82247395833,0.6189616097013155,25270.630505642363,26471.57300670627,baseline
2025-05-13 01:00:00,48554.50609809028,0.9681224355101584,25667.74149522569,22885.79648042907,baseline
2025-05-13 02:00:00,46910.43831163194,1.1419544572962654,25832.47560546875,21076.820751705895,baseline
2025-05-13 03:00:00,45461.65649197048,1.1250897633201546,25359.65413953993,20100.877262667236,baseline
2025-05-13 04:00:00,44760.75688368056,0.8861546098523669,24872.370807291667,19887.49992177904,baseline
2025-05-13 05:00:00,44117.42072048611,0.773950145608849,24277.0811328125,19839.565637528,baseline
2025-05-13 06:00:00,45606.88579861111,0.9793172381321588,24870.48707248264,20735.41940889034,baseline
2025-05-13 07:00:00,47741.14016493056,150.35956065389846,24635.11605685764,22955.66454741902,baseline
2025-05-13 08:00:00,49392.98778862848,5510.532290988498,22787.89441840278,21094.561079237195,baseline
2025-05-13 09:00:00,51669.84381076389,14733.385442708332,18557.558270399302,18378.90009765625,baseline
2025-05-13 10:00:00,53876.72571397569,19330.06489312066,16003.779495985244,18542.88132486979,baseline
2025-05-13 11:00:00,56388.01959635417,21441.380481770837,14973.079838324653,19973.55927625868,baseline
2025-05-13 12:00:00,59188.18823350695,21782.969993489583,15404.81810655382,22000.400133463547,baseline
2025-05-13 13:00:00,62459.9865874566,21223.59550401476,16821.39617296007,24414.99491048177,baseline
2025-05-13 14:00:00,65846.70019097222,22136.7972905816,16366.339187282983,27343.56371310764,baseline
2025-05-13 15:00:00,69072.8479296875,22820.760201280384,15972.982643500434,30279.10508490668,baseline
2025-05-13 16:00:00,71836.13901475695,22525.526749131943,16206.817004123264,33103.79526150174,baseline
2025-05-13 17:00:00,74117.78245225694,20745.479770507813,17473.46772623698,35898.83495551215,baseline
2025-05-13 18:00:00,74775.19508246527,19119.04044704861,18328.472674696182,37327.68196072048,baseline
2025-05-13 19:00:00,73478.6189171007,15181.866953667535,18101.480028211805,40195.27193522136,baseline
2025-05-13 20:00:00,70764.1619921875,4608.508375583225,17829.93167154948,48325.72194505479,baseline
2025-05-13 21:00:00,68221.27182725695,140.38005043228466,17855.270851779514,50225.62092504515,baseline
2025-05-13 22:00:00,65840.94475694445,0.1369330377297269,18565.761781141493,47275.04604276522,baseline
2025-05-13 23:00:00,61876.66856662327,0.1387499006878998,19936.447027994796,41940.082788727785,baseline
2025-05-14 00:00:00,57527.549817708335,0.2195264247308175,21255.356292860244,36271.97399842336,baseline
2025-05-14 01:00:00,54064.12609809028,0.3582534768515163,21607.2240234375,32456.54382117593,baseline
2025-05-14 02:00:00,51423.68555338542,0.633750255290005,21938.33877387153,29484.7130292586,baseline
2025-05-14 03:00:00,49758.89943142361,0.5088511977427536,21479.473678927952,28278.91690129792,baseline
2025-05-14 04:00:00,48827.83357638889,0.3171725924478636,21661.30943359375,27166.206970202693,baseline
2025-05-14 05:00:00,48421.4434657118,0.4937454702291223,21660.972339409724,26759.97738083185,baseline
2025-05-14 06:00:00,49705.59542100695,0.557501617802514,21848.21351128472,27856.824408104425,baseline
2025-05-14 07:00:00,51718.21867296007,80.87207279056311,21746.375911458334,29890.97068871117,baseline
2025-05-14 08:00:00,52747.47942925347,3088.6100549994576,20276.029105902777,29382.84026835124,baseline
2025-05-14 09:00:00,55245.387265625,11174.48557779948,17544.235696343316,26526.66599148221,baseline
2025-05-14 10:00:00,58179.51046875,18109.39281684028,14068.677123480902,26001.44052842882,baseline
2025-05-14 11:00:00,60709.981610243056,20476.407554253477,12244.561577419703,27989.01247856988,baseline
2025-05-14 12:00:00,64211.20052300347,20903.936263020834,12798.92706814236,30508.33719184028,baseline
2025-05-14 13:00:00,67914.49689670138,22365.177052408853,13464.641535915798,32084.678308376737,baseline
2025-05-14 14:00:00,71189.01669704862,22237.42817545573,13648.916076660156,35302.67244493273,baseline
2025-05-14 15:00:00,74382.38416015625,21388.782923177085,15107.233529730904,37886.36770724825,baseline
2025-05-14 16:00:00,76124.38447916666,20467.91215711805,15943.305412326388,39713.16690972222,baseline
2025-05-14 17:00:00,77797.194375,19653.07858778212,17158.422799479165,40985.69298773872,baseline
2025-05-14 18:00:00,77620.32126302083,17387.37685329861,18065.84319444445,42167.10121527777,baseline
2025-05-14 19:00:00,75548.06259114583,12030.167098253038,17704.722304144965,45813.17318874783,baseline
2025-05-14 20:00:00,72162.23588107638,3310.601238793267,17390.44284233941,51461.19179994371,baseline
2025-05-14 21:00:00,69336.21586588542,149.50182100401983,17863.215145399306,51323.49889948209,baseline
2025-05-14 22:00:00,66870.71159722222,0.5714227568937672,17336.791841905382,49533.34833255995,baseline
2025-05-14 23:00:00,62975.37368706597,0.6447482803132799,16723.715811631944,46251.01312715371,baseline
2025-05-15 00:00:00,59077.49358940972,0.5727205160425769,17020.821704101563,42056.09916479212,baseline
2025-05-15 01:00:00,55173.16297309028,0.7134650086694293,17479.096218532984,37693.35328954863,baseline
2025-05-15 02:00:00,52736.075390625,0.5191266483234035,18353.107513020837,34382.448750955846,baseline
2025-05-15 03:00:00,51607.46146484375,0.4364104407032331,19389.503433159723,32217.52162124332,baseline
2025-05-15 04:00:00,50163.08538628472,0.5619021328952577,18533.472986111112,31629.050498040717,baseline
2025-05-15 05:00:00,49870.93630533854,0.5490342545509338,18149.53482421875,31720.85244686524,baseline
2025-05-15 06:00:00,50979.89026258681,0.4958475969235102,20740.847278645837,30238.54713634405,baseline
2025-05-15 07:00:00,53113.20161675348,59.63172236942582,21323.45362630208,31730.11626808197,baseline
2025-05-15 08:00:00,54186.27532769097,3028.8125079684787,19217.19958767361,31940.26323204888,baseline
2025-05-15 09:00:00,56021.186063368055,10012.177046983506,15505.400180121527,30503.60883626302,baseline
2025-05-15 10:00:00,58335.9773828125,15792.819086371528,12248.8122265625,30294.34606987848,baseline
2025-05-15 11:00:00,61171.33233723958,19272.812506510418,10505.770009765623,31392.749820963538,baseline
2025-05-15 12:00:00,64177.41094835069,21316.51821397569,8263.024650607638,34597.86808376736,baseline
2025-05-15 13:00:00,66955.96258246528,21695.86356987847,7118.573189561632,38141.52582302517,baseline
2025-05-15 14:00:00,70083.69308376736,21581.676106770832,6493.288677300347,42008.72829969617,baseline
2025-05-15 15:00:00,72313.2838454861,22274.053409288197,6288.838720703125,43750.39171549479,baseline
2025-05-15 16:00:00,73595.29918402778,20875.826766493057,6906.613581271701,45812.85883626303,baseline
2025-05-15 17:00:00,74179.97961371527,17098.1336859809,7505.118806966146,49576.72712076823,baseline
2025-05-15 18:00:00,73377.7256032986,14858.281187065972,7966.822165256076,50552.62225097656,baseline
2025-05-15 19:00:00,71297.13342447917,10020.628472900393,9091.525656738282,52184.979294840494,baseline
2025-05-15 20:00:00,68716.23344618056,3893.84610405816,9723.138959418402,55099.248382704,baseline
2025-05-15 21:00:00,66897.19428385417,252.7954183079799,10132.909697536892,56511.4891680093,baseline
2025-05-15 22:00:00,65114.86107638889,0.3960524412658479,11759.07572374132,53355.3893002063,baseline
2025-05-15 23:00:00,62008.18245551215,0.4466740633878443,14732.859437934028,47274.876343514734,baseline
2025-05-16 00:00:00,58339.26514648437,0.4655328379405869,17104.713473307293,41234.08614033914,baseline
2025-05-16 01:00:00,54789.62550564236,0.4504820135070218,19355.028185763887,35434.146837864966,baseline
2025-05-16 02:00:00,52677.61486111111,0.6416818710830476,20349.468510742183,32327.504668497844,baseline
2025-05-16 03:00:00,51412.2329296875,0.816414916018645,20681.400230034724,30730.01628473676,baseline
2025-05-16 04:00:00,50671.23626953125,0.4640486021836599,19589.52523871528,31081.246982213783,baseline
2025-05-16 05:00:00,50868.17182725694,0.4476705925994449,18396.955045572915,32470.769111091427,baseline
2025-05-16 06:00:00,51372.20536892361,0.4792030303345786,16663.66087890625,34708.065286987025,baseline
2025-05-16 07:00:00,53267.017934027775,63.10317565815316,14667.49005750868,38536.42470086094,baseline
2025-05-16 08:00:00,54103.88715928819,2366.3659600491,12932.764251302084,38804.75694793701,baseline
2025-05-16 09:00:00,56618.00560546875,8660.955604926216,12014.83080186632,35942.21919867622,baseline
2025-05-16 10:00:00,60015.26425998264,14699.81349717882,9932.278331163194,35383.172431640625,baseline
2025-05-16 11:00:00,63586.70991536458,17950.247734375,9681.700948350694,35954.76123263889,baseline
2025-05-16 12:00:00,65903.12781901042,20481.77109592014,8907.12401312934,36514.23270996094,baseline
2025-05-16 13:00:00,67946.73421440972,21681.611453993057,7526.306566840278,38738.81619357639,baseline
2025-05-16 14:00:00,70431.77676649306,22417.617953559027,6443.851353081597,41570.30745985243,baseline
2025-05-16 15:00:00,72635.69794704861,22605.132102864583,4728.92080078125,45301.64504340278,baseline
2025-05-16 16:00:00,74342.1803732639,22378.611790364583,4353.680124782986,47609.88845811633,baseline
2025-05-16 17:00:00,75092.53490017362,20383.92259982639,4249.117398546007,50459.49490180122,baseline
2025-05-16 18:00:00,74286.97204644098,17161.22945529514,4699.995577799479,52425.74701334636,baseline
2025-05-16 19:00:00,70849.29880642361,10247.332877061632,5103.86643500434,55498.09949435764,baseline
2025-05-16 20:00:00,66872.708359375,3083.6769808620875,4823.161438259549,58965.86994025336,baseline
2025-05-16 21:00:00,64785.38725694444,175.47908168037733,5546.899383680556,59063.00879158351,baseline
2025-05-16 22:00:00,63733.18086154514,0.454296714497937,8190.853223741319,55541.87334108932,baseline
2025-05-16 23:00:00,61873.31361979167,0.5006187068091499,10216.101851128473,51656.71114995639,baseline
2025-05-17 00:00:00,59331.90019748264,0.4950270908408695,12134.388269314237,47197.01690107756,baseline
2025-05-17 01:00:00,56235.77805555556,0.5341875859101614,14292.329518229166,41942.91434974048,baseline
2025-05-17 02:00:00,54064.89019856771,0.6231678354409006,17002.129499782986,37062.13753094928,baseline
2025-05-17 03:00:00,52202.81195095486,0.9736103649602996,18018.024192708333,34183.81414788157,baseline
2025-05-17 04:00:00,51046.557901475695,1.216176086796655,17842.17898220486,33203.16274318404,baseline
2025-05-17 05:00:00,50319.15071180555,0.696059663593769,16602.648512369793,33715.80613977216,baseline
2025-05-17 06:00:00,49791.113307291664,0.6567487378252878,14868.665162760415,34921.79139579342,baseline
2025-05-17 07:00:00,49625.83543294271,73.97147824380133,13877.982466362848,35673.88148833606,baseline
2025-05-17 08:00:00,50626.97633680556,2298.394954867893,13602.168921440973,34726.41246049669,baseline
2025-05-17 09:00:00,54018.0092578125,7008.180191514757,12653.606651475697,34356.22241482204,baseline
2025-05-17 10:00:00,57924.39536458333,11612.032700737847,11936.54742296007,34375.815240885415,baseline
2025-05-17 11:00:00,61873.754607204864,14923.32306532118,10748.02519314236,36202.40634874132,baseline
2025-05-17 12:00:00,64347.50100911458,17307.825349392362,10312.725885416668,36726.949774305554,baseline
2025-05-17 13:00:00,66853.1664279514,20713.40401584201,10221.348766004774,35918.41364610461,baseline
2025-05-17 14:00:00,69583.70110677084,22403.5574609375,11277.267747395834,35902.8758984375,baseline
2025-05-17 15:00:00,72138.71159288194,22553.504190538195,13258.41276421441,36326.79463812934,baseline
2025-05-17 16:00:00,73829.64344618056,21432.407684461807,14272.228493381075,38125.00726833768,baseline
2025-05-17 17:00:00,74978.45885416666,18111.590067274305,16523.00484592014,40343.86394097222,baseline
2025-05-17 18:00:00,73788.004375,13766.699947645398,18289.31494574653,41731.98948160808,baseline
2025-05-17 19:00:00,71069.56097222223,9213.717466905382,17483.529129774306,44372.31437554254,baseline
2025-05-17 20:00:00,67155.99090711806,3856.3322619628902,15271.899656032989,48027.75898912218,baseline
2025-05-17 21:00:00,64363.34990017361,262.75419412222175,15786.067431640626,48314.52827441077,baseline
2025-05-17 22:00:00,62951.390221354166,0.4834141858418782,17967.65126736111,44983.255539807215,baseline
2025-05-17 23:00:00,60880.376725260416,0.7715130484104157,19497.18320529514,41382.42200691687,baseline
2025-05-18 00:00:00,58142.2872265625,0.7675220791829956,20826.23969184028,37315.28001264304,baseline
2025-05-18 01:00:00,55150.89814887153,0.9459139478206634,20405.765421006945,34744.186813916764,baseline
2025-05-18 02:00:00,53526.480505642365,0.8772635310557153,20208.9053125,33316.69792961131,baseline
2025-05-18 03:00:00,51863.322725694445,0.7683620306518343,20008.51027126736,31854.04409239643,baseline
2025-05-18 04:00:00,50633.18900390625,1.0508242261740897,19504.87357204861,31127.264607631463,baseline
2025-05-18 05:00:00,49879.41351996528,0.779709148340755,19862.092265625,30016.54154519194,baseline
2025-05-18 06:00:00,49801.52911241319,0.8909734574953715,20654.628851996527,29146.009286959168,baseline
2025-05-18 07:00:00,49959.93960720486,60.33598573078712,20947.150093315973,28952.4535281581,baseline
2025-05-18 08:00:00,50552.85697048612,1878.5741770426432,20281.229058159723,28393.05373528375,baseline
2025-05-18 09:00:00,53426.98712456597,6916.744544270833,19397.582649739583,27112.65993055556,baseline
2025-05-18 10:00:00,56859.43665798611,11892.290462239584,19987.42731770833,24979.71887803819,baseline
2025-05-18 11:00:00,61020.643438585066,16137.594644097222,20904.59970486111,23978.44908962673,baseline
2025-05-18 12:00:00,64186.47938042535,18738.54943359375,20145.45031467014,25302.479632161463,baseline
2025-05-18 13:00:00,65809.49219401041,17573.340978732638,20594.88990451389,27641.261310763883,baseline
2025-05-18 14:00:00,67332.69899305556,17774.595670572915,21018.89170572917,28539.21161675348,baseline
2025-05-18 15:00:00,67856.01342881944,16628.631724175346,21601.306605902777,29626.07509874132,baseline
2025-05-18 16:00:00,68791.4635655382,16702.93883138021,21823.462645399304,30265.062088758685,baseline
2025-05-18 17:00:00,68950.594140625,15199.57777126736,22143.48140190972,31607.53496744792,baseline
2025-05-18 18:00:00,68656.43870442708,13050.070084635418,22830.52301215278,32775.84560763889,baseline
2025-05-18 19:00:00,67505.85595052084,8998.098569878472,22824.86831597222,35682.88906467015,baseline
2025-05-18 20:00:00,65762.07394314236,4534.322020670573,23600.248671875,37627.50325059678,baseline
2025-05-18 21:00:00,64741.99799479167,334.90101309776304,24417.980991753477,39989.11598994043,baseline
2025-05-18 22:00:00,63312.164722222224,0.8106361939840847,25339.308407118056,37972.04567891019,baseline
2025-05-18 23:00:00,60762.74126085069,1.1091562741994858,26080.17994249132,34681.452162085174,baseline
2025-05-19 00:00:00,57684.48828776042,1.1153291829427083,26460.955750868052,31222.41720770942,baseline
2025-05-19 01:00:00,55074.706434461805,1.1039278053575092,26379.28452473958,28694.317981916865,baseline
2025-05-19 02:00:00,53442.05176432292,0.998714164826605,25675.942452256942,27765.110597901145,baseline
2025-05-19 03:00:00,51865.50062717014,0.7534267166919179,23990.19652560764,27874.55067484581,baseline
2025-05-19 04:00:00,51125.38447482639,0.6380765066213078,21222.028335503477,29902.718062816293,baseline
2025-05-19 05:00:00,51251.74621527778,0.5933676951130231,18908.55262152778,32342.60022605489,baseline
2025-05-19 06:00:00,52692.03552517361,0.6274870336055756,18089.689854600696,34601.71818353931,baseline
2025-05-19 07:00:00,54592.06320529514,132.16023346480395,17493.728350694444,36966.17462113589,baseline
2025-05-19 08:00:00,55755.22838758681,3492.0636955430773,17708.70368923611,34554.46100280762,baseline
2025-05-19 09:00:00,57677.80029296875,10848.760970594618,16750.712740885418,30078.326581488716,baseline
2025-05-19 10:00:00,60426.642350260416,14514.434305555556,16522.73148220486,29389.4765625,baseline
2025-05-19 11:00:00,62583.965703125,15587.955668402778,16755.569519314235,30240.44051540799,baseline
2025-05-19 12:00:00,64465.26591796875,16562.529972873264,15750.299112413197,32152.436832682288,baseline
2025-05-19 13:00:00,66311.308046875,17930.94845920139,16070.970441623263,32309.389146050344,baseline
2025-05-19 14:00:00,68326.73465494791,17819.626085069445,17541.189995659723,32965.91857421874,baseline
2025-05-19 15:00:00,69629.8886328125,17029.90089518229,18768.340815972224,33831.64692165798,baseline
2025-05-19 16:00:00,70840.0677842882,15149.62833875868,20359.206643880207,35331.23280164931,baseline
2025-05-19 17:00:00,71394.1711111111,13169.240157335067,21792.781245659724,36432.14970811631,baseline
2025-05-19 18:00:00,71003.5302734375,11724.695190700955,22326.10793782552,36952.72714491103,baseline
2025-05-19 19:00:00,70234.82240885416,8895.29008734809,22936.17684244792,38403.35547905816,baseline
2025-05-19 20:00:00,68642.01792534722,4172.589363606771,24508.22660807292,39961.20195366753,baseline
2025-05-19 21:00:00,67574.76766059028,281.33601179805066,24296.98576280382,42996.44588598841,baseline
2025-05-19 22:00:00,65473.183637152775,0.4174306225776672,20502.8989453125,44969.8672612177,baseline
2025-05-19 23:00:00,61894.44373046875,0.4279006850388315,18017.14504340278,43876.87078638094,baseline
2025-05-20 00:00:00,58166.25855577257,0.4173508768611484,17309.34818793403,40856.49301696168,baseline
2025-05-20 01:00:00,55358.273161892364,0.5438630004392729,18605.892287326387,36751.83701156554,baseline
2025-05-20 02:00:00,53692.63317274306,0.5093378599815899,19421.48236111111,34270.64147377197,baseline
2025-05-20 03:00:00,53640.76712456597,0.5284856278697649,20475.02716362847,33165.21147530963,baseline
2025-05-20 04:00:00,52194.98671440972,0.8174369195434782,20628.176393229165,31565.992884261013,baseline
2025-05-20 05:00:00,51604.21008246528,0.9420702224638728,20128.54893717448,31474.719075068337,baseline
2025-05-20 06:00:00,52367.58375,1.0713842136992349,18313.67016059028,34052.84220519602,baseline
2025-05-20 07:00:00,53877.3238671875,112.99127298408084,15621.33708984375,38142.99550435967,baseline
2025-05-20 08:00:00,54345.53314236111,4080.442572631836,12111.67937174479,38153.41119798449,baseline
2025-05-20 09:00:00,56328.47583333333,14113.838822699652,8916.5410546875,33298.09595594618,baseline
2025-05-20 10:00:00,58489.44063368056,19688.69799045139,8338.255647243923,30462.486995985244,baseline
2025-05-20 11:00:00,60046.44999782986,22408.537259114582,6197.782573784722,31440.13016493056,baseline
2025-05-20 12:00:00,62066.30348741319,24291.158483072915,4354.838548990885,33420.30645534939,baseline
2025-05-20 13:00:00,64080.26002387153,25148.87948784722,3058.598273925781,35872.782262098524,baseline
2025-05-20 14:00:00,66321.83836588541,25599.67715060764,2527.895570746528,38194.265644531246,baseline
2025-05-20 15:00:00,68264.94662760416,26532.769207899302,2344.5411987304688,39387.63622097439,baseline
2025-05-20 16:00:00,70027.37847222222,26674.3912890625,2493.73971625434,40859.24746690538,baseline
2025-05-20 17:00:00,71487.023515625,25589.821423068577,2497.3624981011285,43399.83959445529,baseline
2025-05-20 18:00:00,72277.39549479166,23804.66984157986,2064.1953096516927,46408.53034356011,baseline
2025-05-20 19:00:00,70706.97021701389,19544.30817057292,1907.9583095974392,49254.70373684354,baseline
2025-05-20 20:00:00,66768.53745442709,8065.932594672309,1946.575927734375,56756.0289320204,baseline
2025-05-20 21:00:00,63157.35837673611,488.8088844894039,3031.18628390842,59637.36320833829,baseline
2025-05-20 22:00:00,62195.15876953125,0.4603320568799972,6819.706797417534,55374.99164005683,baseline
2025-05-20 23:00:00,59194.85284288194,0.4910459027191003,10196.713988715275,48997.64780826394,baseline
2025-05-21 00:00:00,55232.4905859375,0.5750396978192859,13247.606826171876,41984.308720067806,baseline
2025-05-21 01:00:00,51611.55268663194,0.8866499888565805,16430.8376953125,35179.82834133058,baseline
2025-05-21 02:00:00,49235.78220486111,0.8362789961695671,17633.230397135416,31601.715528729528,baseline
2025-05-21 03:00:00,47587.088246527775,0.8408907315300571,17953.39193250868,29632.855423287565,baseline
2025-05-21 04:00:00,46839.83299262153,0.953563211494022,18438.722706163197,28400.156723246844,baseline
2025-05-21 05:00:00,46957.94857204861,0.8768907292021646,18373.73074544271,28583.3409358767,baseline
2025-05-21 06:00:00,47134.15145833333,0.7033326461580065,17938.033118489584,29195.415007197596,baseline
2025-05-21 07:00:00,48841.430251736114,258.7368965894646,18990.5655859375,29592.12776920915,baseline
2025-05-21 08:00:00,50433.23040256077,5521.067760281033,18669.287958984376,26242.87468329536,baseline
2025-05-21 09:00:00,52781.16245659722,13737.615075954862,15192.598784722222,23850.94859592014,baseline
2025-05-21 10:00:00,55205.54014322917,18762.468719618057,13888.701159396702,22554.370264214413,baseline
2025-05-21 11:00:00,56445.05362630208,19441.38977213541,13668.574855685763,23335.088998480904,baseline
2025-05-21 12:00:00,58970.49091362847,21024.81591145833,13209.49765516493,24736.177347005207,baseline
2025-05-21 13:00:00,61658.797495659725,22475.51482421875,12946.605443793404,26236.67722764757,baseline
2025-05-21 14:00:00,64587.11086154514,23300.7592578125,11874.47062717014,29411.880976562497,baseline
2025-05-21 15:00:00,67302.6036610243,24902.85857855903,10342.439157986111,32057.30592447917,baseline
2025-05-21 16:00:00,69076.2225390625,25124.584683159723,8540.800362413194,35410.83749348958,baseline
2025-05-21 17:00:00,70801.76887586806,24217.284709201387,7423.735199110243,39160.74896755643,baseline
2025-05-21 18:00:00,71029.42222222222,21691.090121527777,6850.098758680556,42488.23334201388,baseline
2025-05-21 19:00:00,70048.8219921875,16671.066080729168,6912.497703993055,46465.25820746528,baseline
2025-05-21 20:00:00,67515.99720052084,7083.541507703993,7412.403130018446,53020.0525627984,baseline
2025-05-21 21:00:00,65280.30302517361,473.89076677974725,10264.986491970489,54541.42576642338,baseline
2025-05-21 22:00:00,63792.961742621526,0.4528061335947778,14511.438103298611,49281.07083318932,baseline
2025-05-21 23:00:00,60021.89067274306,0.6101655121975474,17102.33388888889,42918.94661834197,baseline
2025-05-22 00:00:00,56642.76110568576,0.7601183770100276,19958.760833333334,36683.24015397542,baseline
2025-05-22 01:00:00,53490.09939887153,1.0879678520229128,21524.22807074653,31964.783360272977,baseline
2025-05-22 02:00:00,51709.00804253472,1.1809011089967356,22809.429992947047,28898.397148478674,baseline
2025-05-22 03:00:00,50177.41749782986,1.0416879482236174,21873.0083843316,28303.36742555004,baseline
2025-05-22 04:00:00,49330.11399631076,1.139143072432942,20823.191438802085,28505.78341443625,baseline
2025-05-22 05:00:00,48830.12557508681,0.9336857622861864,19152.24991753472,29676.9419717898,baseline
2025-05-22 06:00:00,49570.092176649305,0.7091965616080496,17464.813151041668,32104.569829046028,baseline
2025-05-22 07:00:00,51339.49978298611,150.06498741865158,16286.320813802084,34903.113981765375,baseline
2025-05-22 08:00:00,52715.602063802085,4170.75012620714,13627.581374782983,34917.27056281196,baseline
2025-05-22 09:00:00,55795.770032552085,14120.013444010418,10574.398696831597,31101.35789171007,baseline
2025-05-22 10:00:00,60759.36103624132,21115.012960069445,10582.951241319444,29061.39683485243,baseline
2025-05-22 11:00:00,62616.80726996528,24152.442859157985,10783.851932237414,27680.51247856988,baseline
2025-05-22 12:00:00,64818.134856770834,24577.257390407987,9110.898354492188,31129.979111870663,baseline
2025-05-22 13:00:00,68525.25265625,23759.001796875,7771.67731391059,36994.57354546441,baseline
2025-05-22 14:00:00,72256.17320746528,23455.474262152777,7401.238111436632,41399.46083387587,baseline
2025-05-22 15:00:00,74659.22792751736,23040.62703342014,7781.706967230903,43836.89392686632,baseline
2025-05-22 16:00:00,76323.58539496528,22201.16157172309,9659.07354654948,44463.35027669271,baseline
2025-05-22 17:00:00,76594.3639735243,19812.14576171875,12091.997350260415,44690.22086154514,baseline
2025-05-22 18:00:00,75725.06874565972,18040.39144314236,14366.414074435765,43318.2632280816,baseline
2025-05-22 19:00:00,73253.09882378472,13983.340649956595,16666.051616753473,42603.70655707465,baseline
2025-05-22 20:00:00,70423.10125434028,5355.992119954427,18107.688854166667,46959.42028021919,baseline
2025-05-22 21:00:00,68634.82389756944,333.2256850819455,19705.37085828993,48596.22735419756,baseline
2025-05-22 22:00:00,66403.81773654514,0.2884694942418072,19617.850723198782,46785.67854385212,baseline
2025-05-22 23:00:00,63016.44401041666,0.2504803031351831,18818.618819444444,44197.57471066908,baseline
2025-05-23 00:00:00,59486.61037326389,0.6159070316536559,20430.376158854167,39055.61830737807,baseline
2025-05-23 01:00:00,56251.46621961806,0.3027070466760132,19851.35110514323,36399.81240742815,baseline
2025-05-23 02:00:00,53750.63378689236,0.2893120960394541,19860.156529947915,33890.1879448484,baseline
2025-05-23 03:00:00,51637.35047200521,0.277567207912604,19061.51641493056,32575.55648986674,baseline
2025-05-23 04:00:00,49908.2658203125,0.26530296732982,18033.942018229165,31874.058499116007,baseline
2025-05-23 05:00:00,49299.97084418403,0.2552523928177025,16030.708487413194,33269.00710437802,baseline
2025-05-23 06:00:00,49863.506766493054,0.2785109300745858,16165.646162109377,33697.5820934536,baseline
2025-05-23 07:00:00,51158.48475477431,142.3379249076214,15004.850906032983,36011.2959238337,baseline
2025-05-23 08:00:00,52285.1823046875,4619.238891669379,13501.085283203123,34164.858129814995,baseline
2025-05-23 09:00:00,56219.42949435764,15290.498384331597,11465.288235677084,29463.64287434896,baseline
2025-05-23 10:00:00,59227.46435763889,19783.522981770835,11180.486982421877,28263.454393446184,baseline
2025-05-23 11:00:00,62508.48231119791,20187.66956922743,12748.8617453342,29571.95099663628,baseline
2025-05-23 12:00:00,65808.38306423611,21746.00193033854,13205.623432617189,30856.75770128038,baseline
2025-05-23 13:00:00,68928.08918836806,23162.61041015625,12408.475715060764,33357.003063151045,baseline
2025-05-23 14:00:00,72345.44148003473,24291.8002061632,11402.088716362849,36651.55255750869,baseline
2025-05-23 15:00:00,75641.50097222222,25726.363098958333,11142.380748697917,38772.75712456597,baseline
2025-05-23 16:00:00,77887.21780164931,24466.85152560764,12823.88468967014,40596.481586371534,baseline
2025-05-23 17:00:00,79060.89068142361,21579.964322916665,15822.715300564236,41658.21105794271,baseline
2025-05-23 18:00:00,78676.73724175348,18591.35527994792,19228.053732638888,40857.32822916667,baseline
2025-05-23 19:00:00,76409.59966796875,13283.83074842665,21934.461680230037,41191.30723931207,baseline
2025-05-23 20:00:00,73189.23258680555,3928.817918497721,22969.946937934023,46290.4677303738,baseline
2025-05-23 21:00:00,70749.92620225695,120.55820185263951,24080.93756890191,46548.43043150239,baseline
2025-05-23 22:00:00,68839.19461154514,0.4650079945723215,25601.83672526042,43236.89287829015,baseline
2025-05-23 23:00:00,65786.26632595486,0.4810582017484638,26442.572337239584,39343.21293051352,baseline
2025-05-24 00:00:00,62638.000525173615,0.5251475491788652,26367.76796875,36269.70740887444,baseline
2025-05-24 01:00:00,59405.38944878472,0.650582420097457,26293.148973524305,33111.58989284032,baseline
2025-05-24 02:00:00,56759.38308919271,0.5869146229161156,26260.94080240885,30497.85537216093,baseline
2025-05-24 03:00:00,55107.20652994792,0.4255573672552903,25951.527872721355,29155.253099859303,baseline
2025-05-24 04:00:00,53543.263539496525,0.5173656315935983,25416.13447699653,28126.611696868404,baseline
2025-05-24 05:00:00,52647.25667751736,0.5333158607946502,25022.641197916662,27624.082163739906,baseline
2025-05-24 06:00:00,52391.81811197917,0.6144831313358413,24647.686009114583,27743.51761973325,baseline
2025-05-24 07:00:00,52131.47032986111,113.85236602369282,24274.35434244792,27743.263621389506,baseline
2025-05-24 08:00:00,53339.71590060764,4305.527932874891,23068.39179416233,25965.796173570423,baseline
2025-05-24 09:00:00,57134.11662109375,10983.132566189235,22422.714503038194,23728.269551866324,baseline
2025-05-24 10:00:00,61088.37332356771,15278.088238661025,23154.129912651908,22656.155172254774,baseline
2025-05-24 11:00:00,63911.30972873264,17698.89845811632,22402.074492730037,23810.33677788629,baseline
2025-05-24 12:00:00,66132.82195963542,19438.184996202257,20750.549094509548,25944.08786892361,baseline
2025-05-24 13:00:00,68874.43968315973,22499.559704861116,18985.256401909723,27389.62357638889,baseline
2025-05-24 14:00:00,70782.332421875,24299.743125,16922.172041015627,29560.41725585938,baseline
2025-05-24 15:00:00,73347.32905381944,24436.094913194444,15387.266684027778,33523.967456597224,baseline
2025-05-24 16:00:00,75366.07005859374,24020.102647569445,15591.719135199652,35754.24827582465,baseline
2025-05-24 17:00:00,76543.58692925348,22810.510444335938,17132.11674262153,36600.95974229601,baseline
2025-05-24 18:00:00,76483.07661458333,20118.80634765625,19217.55075954861,37146.71950737847,baseline
2025-05-24 19:00:00,75127.74651909723,15269.169469401042,21721.19572265625,38137.38132703993,baseline
2025-05-24 20:00:00,72398.12676649305,5180.501446126302,23732.57513454861,43485.05018581814,baseline
2025-05-24 21:00:00,69842.17200086806,174.57030640125274,24779.947937282985,44887.65375718382,baseline
2025-05-24 22:00:00,67549.087109375,0.7304639604025417,25308.21734375,42240.1393016646,baseline
2025-05-24 23:00:00,64463.075640190975,0.3261960133910179,25028.564787326388,39434.1846568512,baseline
2025-05-25 00:00:00,61290.20709743923,0.2416341973344485,22901.72520182292,38388.240261418985,baseline
2025-05-25 01:00:00,58611.90082465278,0.171879085716274,20330.704772135417,38281.02417343165,baseline
2025-05-25 02:00:00,55546.55615342882,0.2698058477044106,18180.94601345486,37365.34033412626,baseline
2025-05-25 03:00:00,53785.53009765625,0.2865304362608327,17238.30736111111,36546.93620610888,baseline
2025-05-25 04:00:00,52633.41231987847,0.2656441382732656,17397.35697265625,35235.78970308395,baseline
2025-05-25 05:00:00,51555.244231770834,0.2698995049008065,17311.000255533854,34243.97407673208,baseline
2025-05-25 06:00:00,51427.5037000868,0.3296663899057441,17815.676868489583,33611.497165207315,baseline
2025-05-25 07:00:00,51124.14671006944,82.44738793104887,19883.55779296875,31158.141529169643,baseline
2025-05-25 08:00:00,52304.03440212674,4491.291171332466,21070.555969509547,26742.18726128473,baseline
2025-05-25 09:00:00,57344.61842664931,13253.525576171874,21988.208654513888,22102.884195963547,baseline
2025-05-25 10:00:00,60183.94583984375,15049.36625922309,23181.674106445316,21952.905474175343,baseline
2025-05-25 11:00:00,63264.67926215278,17408.28287109375,22766.119427083333,23090.27696397569,baseline
2025-05-25 12:00:00,65653.7683420139,19152.11108940972,21490.643739149305,25011.013513454865,baseline
2025-05-25 13:00:00,68490.58737413194,21287.800540364584,19908.02065972222,27294.76617404513,baseline
2025-05-25 14:00:00,71109.30770833333,22561.20949435764,18380.282855902777,30167.81535807292,baseline
2025-05-25 15:00:00,73402.93463975695,22982.93181423611,16475.790209418403,33944.212616102435,baseline
2025-05-25 16:00:00,75053.20430989584,22352.40941623264,16398.061553548177,36302.733340115024,baseline
2025-05-25 17:00:00,76070.50378038194,21722.123365885414,17802.529346788193,36545.85106770833,baseline
2025-05-25 18:00:00,76157.45855685764,18899.65675564236,19628.054409722223,37629.74739149306,baseline
2025-05-25 19:00:00,74829.47505642362,13973.690299479167,20579.20521484375,40276.5795421007,baseline
2025-05-25 20:00:00,72137.40105902778,4915.089465467665,20763.31421440972,46458.99737915039,baseline
2025-05-25 21:00:00,69972.72383680556,294.77742492477097,22311.02852050781,47366.91789137297,baseline
2025-05-25 22:00:00,68381.41243489583,0.4801885705855158,23987.01766981337,44393.914576511874,baseline
2025-05-25 23:00:00,65516.08628689236,0.3997406379547384,22631.51125,42884.175296254405,baseline
2025-05-26 00:00:00,62451.2388812934,0.3368434613694747,21488.65949924045,40962.24253859159,baseline
2025-05-26 01:00:00,59543.95662217882,0.3499828816784753,19753.808372395837,39789.79826690131,baseline
2025-05-26 02:00:00,56937.12532118055,0.3234825499686929,19709.37139322917,37227.43044540142,baseline
2025-05-26 03:00:00,54110.66119357639,0.3316570368616117,17919.67014485677,36190.65939168276,baseline
2025-05-26 04:00:00,52025.47238498264,0.3254731449153688,14394.71456922743,37630.43234261029,baseline
2025-05-26 05:00:00,51607.21356553819,0.3335663190484046,13210.538678385416,38396.34132083373,baseline
2025-05-26 06:00:00,51218.1131141493,0.3158066523075103,13285.023430989584,37932.77387650741,baseline
2025-05-26 07:00:00,50871.53664171007,56.06912458823787,13086.858453776042,37728.609063345786,baseline
2025-05-26 08:00:00,50683.37784288194,2371.811432495117,12037.65648546007,36273.90992492676,baseline
2025-05-26 09:00:00,53201.26061631944,7246.550219184028,10779.43888671875,35175.271510416664,baseline
2025-05-26 10:00:00,56017.72010850695,10161.590748697916,10140.821085069443,35715.30827473958,baseline
2025-05-26 11:00:00,57860.80685438368,12304.89650390625,9155.88587782118,36400.02447265625,baseline
2025-05-26 12:00:00,59211.18509331597,13265.438648003472,8858.637061631944,37087.10938368056,baseline
2025-05-26 13:00:00,59777.38475043403,16197.387151692708,8620.47958984375,34959.518008897576,baseline
2025-05-26 14:00:00,58806.61380859375,16910.74288845486,8066.83405219184,33829.03686794705,baseline
2025-05-26 15:00:00,59776.32737196181,16290.003920355904,7411.628128255208,36074.69532335069,baseline
2025-05-26 16:00:00,60259.825360243056,17036.724088541665,7813.196470811632,35409.90480088976,baseline
2025-05-26 17:00:00,61085.475414496526,16024.244388020834,9702.525066189237,35358.705960286454,baseline
2025-05-26 18:00:00,61981.2842860243,13708.55994249132,11665.951531032986,36606.7728125,baseline
2025-05-26 19:00:00,61739.08913411458,9391.583929036458,12583.031356336804,39764.47384874132,baseline
2025-05-26 20:00:00,60111.95486328125,3974.0084924316407,12846.458485243056,43291.48788560656,baseline
2025-05-26 21:00:00,59185.741181640624,320.5612643968314,11299.19008029514,47565.989836948655,baseline
2025-05-26 22:00:00,56711.91134765625,0.1455824600160122,9902.785207248264,46808.98055794797,baseline
2025-05-26 23:00:00,54530.51652235243,0.1460477304541402,10872.233874240452,43658.13660038153,baseline
2025-05-27 00:00:00,51999.08457139757,0.1633304532368978,11958.180215657552,40040.74102528679,baseline
2025-05-27 01:00:00,49372.72848524305,0.1620340099020136,11758.984463975694,37613.58198725746,baseline
2025-05-27 02:00:00,47265.18912217882,0.1606060754921701,10991.676513671877,36273.35200243145,baseline
2025-05-27 03:00:00,45358.93827690972,0.1703051609794298,9395.75019097222,35963.01778077652,baseline
2025-05-27 04:00:00,44285.0555967882,0.269812365439203,8437.157464192709,35847.62832023005,baseline
2025-05-27 05:00:00,44026.92483832465,0.2801563111941019,7131.242205946181,36895.40247606728,baseline
2025-05-27 06:00:00,45116.044422743056,0.2964989467461904,6412.5764333767365,38703.171490419576,baseline
2025-05-27 07:00:00,46640.64995659722,60.433813054098025,6249.990986735026,40330.2251568081,baseline
2025-05-27 08:00:00,47937.23692708334,2534.7914701334635,5877.182353786892,39525.26310316298,baseline
2025-05-27 09:00:00,50602.990574001735,10177.32023654514,4751.447064887153,35674.22327256944,baseline
2025-05-27 10:00:00,53200.73340060764,15850.77794921875,4375.496586371528,32974.45886501737,baseline
2025-05-27 11:00:00,56247.38704427084,19827.10612630208,4813.1070345052085,31607.173883463547,baseline
2025-05-27 12:00:00,58682.02092556423,21906.48343532986,4599.656791449653,32175.88069878472,baseline
2025-05-27 13:00:00,61505.97892903646,23482.792374131943,4430.291049804688,33592.89550509983,baseline
2025-05-27 14:00:00,63986.13091471354,24066.220430230034,4203.243147922092,35716.66733656141,baseline
2025-05-27 15:00:00,66989.85378689236,23006.035503472223,3835.009507378472,40148.80877604167,baseline
2025-05-27 16:00:00,69397.17245225694,22033.479090711804,3463.317599555121,43900.37576199001,baseline
2025-05-27 17:00:00,70682.06809027778,21163.755,4140.021560872396,45378.29152940538,baseline
2025-05-27 18:00:00,70429.93677083333,17579.866657443577,5599.413587375217,47250.656526014536,baseline
2025-05-27 19:00:00,68747.09698784722,13048.244210340712,7119.209586995443,48579.643190511066,baseline
2025-05-27 20:00:00,65624.11628038195,4089.710310533312,8322.854906141492,53211.55106370714,baseline
2025-05-27 21:00:00,62723.49003472222,195.41583853354055,8282.920725368924,54245.15347081976,baseline
2025-05-27 22:00:00,60423.26007052951,0.2857797829972373,8686.197409939236,51736.77688080728,baseline
2025-05-27 23:00:00,59155.75655381945,0.2848118735104799,10870.328079427083,48285.14366251885,baseline
2025-05-28 00:00:00,56403.02954644097,0.293278119067351,11865.750501302084,44536.98576701983,baseline
2025-05-28 01:00:00,52796.63849826389,0.3020272643698586,11772.257160373263,41024.07931062626,baseline
2025-05-28 02:00:00,51008.04815104167,0.3320580110285017,10564.926107855905,40442.789985174735,baseline
2025-05-28 03:00:00,49338.55312174479,0.4086108773863978,9116.11995686849,40222.02455399892,baseline
2025-05-28 04:00:00,48254.24670789931,0.4083381823698679,7685.601784939236,40568.2365847777,baseline
2025-05-28 05:00:00,47420.29156467014,0.4104770149787267,6522.113231336805,40897.76785631835,baseline
2025-05-28 06:00:00,47891.57573784722,0.4574047529697418,5291.090174696181,42600.02815839807,baseline
2025-05-28 07:00:00,49299.73833984375,56.15342003083892,5699.6633127170135,43543.9216070959,baseline
2025-05-28 08:00:00,50707.773489583335,1714.1925909423828,7668.573696153428,41325.007202487526,baseline
2025-05-28 09:00:00,51916.4565375434,6142.096489800348,7619.280643988715,38155.07940375434,baseline
2025-05-28 10:00:00,53305.3644032118,10183.278202582464,6855.699285481771,36266.38691514757,baseline
2025-05-28 11:00:00,54067.39239149306,13271.151271701388,6486.287398546007,34309.95372124566,baseline
2025-05-28 12:00:00,56066.60947374132,15769.841809895834,6706.463000217014,33590.30466362847,baseline
2025-05-28 13:00:00,57028.48372612847,18140.19070746528,6299.611072591146,32588.681946072047,baseline
2025-05-28 14:00:00,57757.97491319444,18740.215141059027,5420.1013601345485,33597.65841200086,baseline
2025-05-28 15:00:00,59630.714016927086,20212.762643229165,5537.9963785807295,33879.954995117194,baseline
2025-05-28 16:00:00,61908.86326605903,20665.32404296875,6085.200067274305,35158.33915581598,baseline
2025-05-28 17:00:00,63920.97438802083,21079.41734809028,6868.168306206598,35973.38873372396,baseline
2025-05-28 18:00:00,64608.53736328125,17744.360630425348,7743.8703016493055,39120.3064312066,baseline
2025-05-28 19:00:00,63907.9285546875,15159.225225694445,9109.720494791669,39638.98283420139,baseline
2025-05-28 20:00:00,61735.16104817709,6532.246370713976,11144.621740451388,44058.29293701172,baseline
2025-05-28 21:00:00,59594.63544487847,517.6444190529817,12197.232547743057,46879.75847808243,baseline
2025-05-28 22:00:00,58364.354817708336,0.3097216933303409,13798.640141059028,44565.40495495598,baseline
2025-05-28 23:00:00,55495.44018229167,0.3911371598723862,14300.588734809027,41194.46031032277,baseline
2025-05-29 00:00:00,52312.52464301216,0.3820929091340965,14611.689767795138,37700.45278230788,baseline
2025-05-29 01:00:00,50164.47790690104,0.3131590427623855,14874.750679253471,35289.414068604805,baseline
2025-05-29 02:00:00,48776.92503255208,0.3730821034974522,14537.85474500868,34238.69720543991,baseline
2025-05-29 03:00:00,47460.10539496528,0.3989795929359065,14903.799357638887,32555.907057733453,baseline
2025-05-29 04:00:00,45678.386812065975,0.5437899797326988,12299.936069878471,33377.90695220777,baseline
2025-05-29 05:00:00,45305.490167100696,0.6723680090241962,10340.0075132921,34964.81028579957,baseline
2025-05-29 06:00:00,46106.0070562066,0.649139154056708,8653.493429904514,37451.86448714802,baseline
2025-05-29 07:00:00,47834.93366753472,110.11569931785266,6867.837120225695,40856.98084799117,baseline
2025-05-29 08:00:00,49330.58998480903,3420.6165848117403,5588.925573459202,40321.04782653808,baseline
2025-05-29 09:00:00,52045.06464952257,10824.432876790364,4166.486250067816,37054.14552266439,baseline
2025-05-29 10:00:00,54337.04513346354,15846.721726345486,4557.538245985243,33932.785161132815,baseline
2025-05-29 11:00:00,56874.79293185764,18746.40482855903,5002.779114040799,33125.60898925781,baseline
2025-05-29 12:00:00,60728.96991102431,20320.082730034723,4917.961575520833,35490.92560546876,baseline
2025-05-29 13:00:00,62716.240598958335,21900.62680989583,5257.444366319444,35558.169422743056,baseline
2025-05-29 14:00:00,65511.556068793405,22714.44567274305,6023.0698459201385,36774.040550130216,baseline
2025-05-29 15:00:00,68373.91701822917,23294.715865885417,7068.731685112847,38010.469467230905,baseline
2025-05-29 16:00:00,70605.23723307291,22052.43187934028,9074.347797851562,39478.45755588108,baseline
2025-05-29 17:00:00,72730.59664930556,19817.23700954861,11237.11054470486,41676.24909505209,baseline
2025-05-29 18:00:00,72680.20533420138,16272.606397569443,14472.825716145831,41934.7732204861,baseline
2025-05-29 19:00:00,70990.12295138888,10569.15568250868,16277.090185546876,44143.877083333326,baseline
2025-05-29 20:00:00,68251.14539496528,2969.113946533203,15689.98468858507,49592.046759847006,baseline
2025-05-29 21:00:00,65741.78559678819,90.2837864173452,15541.683760850694,50109.81804952015,baseline
2025-05-29 22:00:00,63514.29695529514,0.2002620874014165,15545.152235243057,47968.94445796468,baseline
2025-05-29 23:00:00,60300.86395182292,0.3082278834945626,13881.315297309027,46419.24042663039,baseline
2025-05-30 00:00:00,56837.18328559028,0.3295463215145799,13663.205671657986,43173.648067610775,baseline
2025-05-30 01:00:00,53117.55017144097,0.4958250873618656,11322.176653645833,41794.87769270777,baseline
2025-05-30 02:00:00,50861.50624565972,0.5617665843168894,8658.065887586805,42202.8785914886,baseline
2025-05-30 03:00:00,49747.26627170139,0.5350115596254666,7513.828362630208,42232.90289751155,baseline
2025-05-30 04:00:00,49298.014123263885,0.5262301474809646,7550.486991644965,41747.00090147144,baseline
2025-05-30 05:00:00,48584.420685763886,0.6006225832634502,7556.086577690972,41027.73348548965,baseline
2025-05-30 06:00:00,48439.419036458334,0.6724238939086596,7179.29751030816,41259.449102256265,baseline
2025-05-30 07:00:00,48647.75475477431,48.93972127781974,6707.489835611979,41891.32519788451,baseline
2025-05-30 08:00:00,49914.07902560764,1376.6525100708009,6362.493678385416,42174.93283715142,baseline
2025-05-30 09:00:00,51481.159014756944,4357.288767768012,5379.449787190755,41744.42045979817,baseline
2025-05-30 10:00:00,54455.70754340278,8282.453949652778,5319.472523328993,40853.78107042101,baseline
2025-05-30 11:00:00,55981.58578125,11542.141484375,3923.6993277994793,40515.74496907552,baseline
2025-05-30 12:00:00,56256.45729817708,14071.43812608507,2967.9493277994798,39217.069844292535,baseline
2025-05-30 13:00:00,57404.140581597225,17548.944049479167,2824.6085655381944,37030.58796657986,baseline
2025-05-30 14:00:00,59122.13781467014,20094.142337239584,2864.8626123046874,36163.13286512587,baseline
2025-05-30 15:00:00,61845.61327256945,20284.88688585069,2345.244926350912,39215.48146036784,baseline
2025-05-30 16:00:00,63481.57233940972,20624.53617621528,1685.868424750434,41171.16773844401,baseline
2025-05-30 17:00:00,65057.92048177083,20284.026569010417,1261.002736138238,43512.89117662217,baseline
2025-05-30 18:00:00,65487.844739583335,17147.890831163193,952.1571983506944,47387.79671006945,baseline
2025-05-30 19:00:00,64043.91375217014,13027.375145399306,822.959462890625,50193.57914388021,baseline
2025-05-30 20:00:00,61252.67878472222,5834.398188883463,1017.9742006429036,54400.306395195854,baseline
2025-05-30 21:00:00,58397.87942708333,434.9087232909103,1432.1034436035156,56530.867260188905,baseline
2025-05-30 22:00:00,55936.75274739583,0.3147623277538353,2151.449925401476,53784.988059666604,baseline
2025-05-30 23:00:00,54685.655598958336,0.524290198220147,2547.1711835394967,52137.96012522062,baseline
2025-05-31 00:00:00,52450.17430989583,0.4604611868494087,2543.2337472873264,49906.48010142166,baseline
2025-05-31 01:00:00,50035.3342686632,0.4524936677349938,2795.3958355034724,47239.48593949199,baseline
2025-05-31 02:00:00,47883.05934787326,0.572144102834993,2862.547125108507,45019.94007866192,baseline
2025-05-31 03:00:00,46551.53247612847,0.6395842114753193,2752.4142038302957,43798.4786880867,baseline
2025-05-31 04:00:00,45402.18084635417,0.6817961319949892,2621.817050238715,42779.681999983455,baseline
2025-05-31 05:00:00,44931.3896484375,0.7573441107405556,2711.6334556749134,42218.99884865185,baseline
2025-05-31 06:00:00,44738.35646918403,0.7570206545790037,2645.6391528320314,42091.96029569742,baseline
2025-05-31 07:00:00,44975.477855902776,294.15241906113096,3063.539849717882,41617.78558712376,baseline
2025-05-31 08:00:00,46719.51964192709,5167.813800048828,3733.084245605469,37818.62159627279,baseline
2025-05-31 09:00:00,50922.78098307292,15553.826335720489,2793.254059516059,32575.70058783637,baseline
2025-05-31 10:00:00,54497.4943359375,21636.838133680558,2242.321184082032,30618.33501817492,baseline
2025-05-31 11:00:00,56920.68100694445,24481.312157118056,2663.1397211371527,29776.22912868924,baseline
2025-05-31 12:00:00,58817.52948784722,25458.82556423611,2318.271339653863,31040.432583957245,baseline
2025-05-31 13:00:00,61222.18527560764,25730.05069444445,1743.1255818684897,33749.0089992947,baseline
2025-05-31 14:00:00,63707.79306857639,25537.37988498264,1559.8538069661458,36610.5593766276,baseline
2025-05-31 15:00:00,65816.87389756944,25350.62577690972,1606.4269755045573,38859.82114515516,baseline
2025-05-31 16:00:00,67785.74474826388,25029.974717881945,1536.4132147894966,41219.35681559245,baseline
2025-05-31 17:00:00,68711.27871961806,24549.83702690972,1613.841417643229,42547.60027506511,baseline
2025-05-31 18:00:00,69042.215859375,21728.84177517361,1631.2880418565535,45682.08604234484,baseline
2025-05-31 19:00:00,67721.61254774306,15887.404686414931,2208.96777750651,49625.24008382162,baseline
2025-05-31 20:00:00,64037.308190104166,6222.8736296929255,3443.551689453125,54370.882870958114,baseline
2025-05-31 21:00:00,61601.642265625,472.1085235997372,5279.810985785591,55849.72275623967,baseline
2025-05-31 22:00:00,60751.37083333333,0.2550991454223791,8454.92462890625,52296.19110528166,baseline
2025-05-31 23:00:00,58123.98238715278,0.2524796489377816,10524.205553385416,47599.524354118425,baseline
2025-06-01 00:00:00,55821.740950520834,0.3689680645200941,11800.777620442708,44020.59436201361,baseline
2025-06-01 01:00:00,52972.169253472224,0.3541673048668438,12051.27467013889,40920.54041602847,baseline
2025-06-01 02:00:00,50234.08565538195,0.4454236676461167,11195.706730685764,39037.933501028536,baseline
2025-06-01 03:00:00,47856.47697482639,0.5887735404570897,11059.091596137152,36796.796605148775,baseline
2025-06-01 04:00:00,46542.2815234375,0.6619841476612621,10984.41841905382,35557.20112023602,baseline
2025-06-01 05:00:00,45814.68352864583,0.5971944147182835,12017.856551649304,33796.22978258181,baseline
2025-06-01 06:00:00,45203.359292534726,0.6198921465873718,11590.339379340276,33612.40002104786,baseline
2025-06-01 07:00:00,44728.608385416665,254.52408423301247,9988.338753255208,34485.74554792844,baseline
2025-06-01 08:00:00,46593.70896701389,5853.30771077474,8872.892974717883,31867.508281521263,baseline
2025-06-01 09:00:00,51106.23665581597,16308.29644422743,5837.00908203125,28960.93112955729,baseline
2025-06-01 10:00:00,54599.71077690972,20978.479798177083,4282.3278814019095,29338.903097330727,baseline
2025-06-01 11:00:00,56658.60504340278,23402.874871961805,3605.4729793294273,29650.257192111545,baseline
2025-06-01 12:00:00,59783.64799045139,24599.290980902777,3295.1517252604167,31889.2052842882,baseline
2025-06-01 13:00:00,63061.98345920139,24784.892549913195,3339.379877929688,34937.7110313585,baseline
2025-06-01 14:00:00,66084.59499131945,25608.383793402776,3916.133817274305,36560.07738064237,baseline
2025-06-01 15:00:00,68695.89250434027,25506.595544704865,4327.6600553385415,38861.63690429687,baseline
2025-06-01 16:00:00,70859.02701388889,24834.70956814236,4967.354630533854,41056.96281521268,baseline
2025-06-01 17:00:00,72633.25029947917,23770.95273003472,5714.5826627604165,43147.71490668404,baseline
2025-06-01 18:00:00,72541.49325086805,21463.744815538197,7425.997564019097,43651.75087131076,baseline
2025-06-01 19:00:00,71902.74411024306,15725.133288845484,9052.4605859375,47125.15023546008,baseline
2025-06-01 20:00:00,69782.40904079861,6969.971077745226,10619.94566623264,52192.49229682074,baseline
2025-06-01 21:00:00,67098.63223958333,524.5324986490566,12065.287642144098,54508.81209879017,baseline
2025-06-01 22:00:00,65702.99773871528,0.3862079940570725,15723.43008138021,49979.181449341006,baseline
2025-06-01 23:00:00,62452.19375434028,0.393942909638087,18854.19246961805,43597.60734181258,baseline
2025-06-02 00:00:00,58305.30833550347,0.5441596487661203,18524.773967013887,39779.99020884081,baseline
2025-06-02 01:00:00,54723.57584201389,0.4895337464080916,17666.419516059028,37056.66679220845,baseline
2025-06-02 02:00:00,52114.49684895833,0.306722984396749,16669.95777886285,35444.23234711109,baseline
2025-06-02 03:00:00,50118.41452690972,0.3746694138646125,15933.297250434029,34184.742607061824,baseline
2025-06-02 04:00:00,48931.89405381944,0.5624833172559738,15849.27963107639,33082.0519394258,baseline
2025-06-02 05:00:00,49002.34659939236,0.5715088355541229,14995.5045578342,34006.27053272261,baseline
2025-06-02 06:00:00,49733.98290364583,0.5993668210175302,14565.995133463544,35167.38840336127,baseline
2025-06-02 07:00:00,50981.82499782986,190.1023211294744,13847.882584635418,36943.84009206497,baseline
2025-06-02 08:00:00,52769.13984157986,5393.476600341797,12357.639849175348,35018.023392062714,baseline
2025-06-02 09:00:00,56312.063641493056,15108.631225043402,9916.67220811632,31286.760208333333,baseline
2025-06-02 10:00:00,60869.627725694445,20026.74818359375,11473.59673719618,29369.282804904517,baseline
2025-06-02 11:00:00,64668.32995659722,22646.02837673611,13380.444118923611,28641.8574609375,baseline
2025-06-02 12:00:00,68356.47727213542,23212.175128038198,15508.57837890625,29635.72376519098,baseline
2025-06-02 13:00:00,71981.85657118056,23274.03400390625,18042.474014756943,30665.34855251736,baseline
2025-06-02 14:00:00,74354.29131076389,23167.243543836805,19248.253880208333,31938.793886718748,baseline
2025-06-02 15:00:00,75800.70982638889,21547.6855078125,20515.254680989583,33737.76963758681,baseline
2025-06-02 16:00:00,76610.42756076388,20499.51949435764,21660.657065972224,34450.25100043402,baseline
2025-06-02 17:00:00,76831.66671440972,18494.52986111111,22246.90162760417,36090.23522569444,baseline
2025-06-02 18:00:00,76345.18447916667,16740.54877170139,21509.59836154514,38095.03734592014,baseline
2025-06-02 19:00:00,75147.16313368056,11740.713332248264,21371.114305555555,42035.33549587674,baseline
2025-06-02 20:00:00,72901.97354166667,4754.334429117838,22226.40685546875,45921.23225708008,baseline
2025-06-02 21:00:00,70903.14908420139,379.4383029047648,20573.694934895837,49950.01584640079,baseline
2025-06-02 22:00:00,68821.84681857639,0.3417940259807639,20568.30610894097,48253.19891560944,baseline
2025-06-02 23:00:00,65247.02519097222,0.5677170808778869,21729.32336588541,43517.13410800593,baseline
2025-06-03 00:00:00,61221.176610243056,0.4198353580137093,21780.19448784722,39440.56228703782,baseline
2025-06-03 01:00:00,57842.96095920139,0.4312581969300906,22107.419754774302,35735.10994623015,baseline
2025-06-03 02:00:00,54981.83112847222,0.4146809316012594,21586.149856770837,33395.26659076979,baseline
2025-06-03 03:00:00,52993.42736979167,0.4583322049346235,20856.997680121527,32135.971357465205,baseline
2025-06-03 04:00:00,51868.495121527776,0.5981522678169939,18328.469190538195,33539.427778721765,baseline
2025-06-03 05:00:00,51848.73431857639,0.5487065335114797,17223.948576388888,34624.23703565399,baseline
2025-06-03 06:00:00,52298.834396701386,0.8144198630915748,17205.8226953125,35092.19728152579,baseline
2025-06-03 07:00:00,53316.08550455729,233.5746035768754,17748.09907389323,35334.411827087184,baseline
2025-06-03 08:00:00,55090.67641276042,5369.447299804688,17647.32773654514,32073.90137641059,baseline
2025-06-03 09:00:00,58702.93112847222,13664.978608940972,17787.84230251736,27250.110217013887,baseline
2025-06-03 10:00:00,62181.603070746525,16084.418096788197,19682.39486762153,26414.790106336804,baseline
2025-06-03 11:00:00,63634.68956380209,16500.023030598957,19806.352057291668,27328.31447591146,baseline
2025-06-03 12:00:00,65421.10306640625,18194.31824652778,18273.15960069445,28953.625219184025,baseline
2025-06-03 13:00:00,68306.46169270833,21394.044296875,16863.396144748265,30049.02125108506,baseline
2025-06-03 14:00:00,70863.10750868055,21534.838328993057,17113.48425998264,32214.78491970485,baseline
2025-06-03 15:00:00,72729.99230902777,22183.05004557292,17083.343904079862,33463.598359375,baseline
2025-06-03 16:00:00,73924.89048611111,22620.57337022569,17220.717337239585,34083.59977864583,baseline
2025-06-03 17:00:00,75097.85007161458,22245.66239203559,17583.952298177082,35268.23538140191,baseline
2025-06-03 18:00:00,75130.96859809027,20608.81754557292,18153.145169270832,36369.00588324652,baseline
2025-06-03 19:00:00,73467.82853298611,15097.492450086806,17445.100075954862,40925.23600694444,baseline
2025-06-03 20:00:00,70992.00668402777,6824.7064208984375,16859.207557508682,47308.09270562066,baseline
2025-06-03 21:00:00,68428.590703125,695.8491990388558,16954.318914930554,50778.42258915558,baseline
2025-06-03 22:00:00,67513.8987717014,0.1997300800970859,21759.792296006945,45753.90674561435,baseline
2025-06-03 23:00:00,64108.74486545139,0.1991796291184922,23514.063042534723,40594.48264328754,baseline
2025-06-04 00:00:00,60439.53077799479,0.0983906442299485,23540.78097764757,36898.65140970299,baseline
2025-06-04 01:00:00,57280.28884114583,0.1209976934393246,22498.34407335069,34781.8237701017,baseline
2025-06-04 02:00:00,54519.5087217882,0.385932540645202,20060.52331814236,34458.59947110519,baseline
2025-06-04 03:00:00,53192.09428602431,0.3604107811053594,17816.836152886284,35374.89772235692,baseline
2025-06-04 04:00:00,51662.19214626736,0.2724532973352406,17368.73506456163,34293.184628408395,baseline
2025-06-04 05:00:00,51203.47900173611,0.2710707102881537,15074.464547526042,36128.74338349978,baseline
2025-06-04 06:00:00,51712.1938671875,0.2866443824933635,12892.063790690105,38819.8434321149,baseline
2025-06-04 07:00:00,52692.70603624132,93.04087917755048,11534.227905815971,41065.43725124779,baseline
2025-06-04 08:00:00,53685.69621419271,2103.7234317355687,9714.484510362414,41867.48827209472,baseline
2025-06-04 09:00:00,55263.1788563368,6168.390052897135,9029.420629611544,40065.36817382812,baseline
2025-06-04 10:00:00,56657.071501736114,8832.166962890626,9784.85048502604,38040.05405381945,baseline
2025-06-04 11:00:00,59035.14124131944,12065.033120659722,7821.700115695529,39148.40800496419,baseline
2025-06-04 12:00:00,61500.05922309028,15148.000010850694,5935.557196180555,40416.50201605903,baseline
2025-06-04 13:00:00,63535.40098524305,18801.18753092448,4115.366946953667,40618.846507364906,baseline
2025-06-04 14:00:00,65899.00108072917,21279.99775824653,3496.723361002604,41122.27996148003,baseline
2025-06-04 15:00:00,67703.51087456597,21065.744096137158,3725.9115584309898,42911.85521999782,baseline
2025-06-04 16:00:00,68445.29802951388,21003.472298177083,4164.741879882812,43277.083851454,baseline
2025-06-04 17:00:00,69059.87453342014,21849.05122938368,4503.2466448296445,42707.57665920681,baseline
2025-06-04 18:00:00,69719.07514322917,21147.664246961805,5410.260596788195,43161.15029947917,baseline
2025-06-04 19:00:00,69264.473203125,17297.09521484375,7025.524855685764,44941.85313259549,baseline
2025-06-04 20:00:00,67427.59924045138,7309.502801784939,9591.55480767144,50526.541630995,baseline
2025-06-04 21:00:00,65367.92935438368,618.811933108502,11195.953339029948,53553.16408224523,baseline
2025-06-04 22:00:00,63910.252365451386,0.1994564519160323,12098.49841905382,51811.55448994565,baseline
2025-06-04 23:00:00,61143.54466037326,0.1825424218550324,13518.601196831598,47624.76092111981,baseline
2025-06-05 00:00:00,57426.64918402778,0.1961802579131391,13599.511282552085,43826.94172121779,baseline
2025-06-05 01:00:00,54335.66561523438,0.1946260765981343,13171.996982693145,41163.47400646464,baseline
2025-06-05 02:00:00,52212.60953993056,0.190620682583087,12594.042289767796,39618.376629480175,baseline
2025-06-05 03:00:00,50920.93003472222,0.2091538533237245,12470.487666015624,38450.23321485327,baseline
2025-06-05 04:00:00,50040.02115668403,0.2525355218557847,12126.844609375,37912.92401178717,baseline
2025-06-05 05:00:00,49573.70291666667,0.3049959984752867,11009.01226671007,38564.385653958125,baseline
2025-06-05 06:00:00,50709.16981662327,0.3252506442450815,10617.762802463109,40091.08176351591,baseline
2025-06-05 07:00:00,51987.734403211805,129.09423333782289,9970.828296169704,41887.81187370428,baseline
2025-06-05 08:00:00,53610.39308051216,3340.032932061089,9825.016081000434,40445.34406745064,baseline
2025-06-05 09:00:00,56519.38326171875,10059.82435329861,10251.090062934029,36208.46884548611,baseline
2025-06-05 10:00:00,59455.83236111111,14082.135908203123,10857.881185980905,34515.815266927086,baseline
2025-06-05 11:00:00,62010.31332465278,16720.370944010418,9932.755703125,35357.18667751736,baseline
2025-06-05 12:00:00,64571.83725911458,18320.698547634547,9870.225799424914,36380.91291205512,baseline
2025-06-05 13:00:00,67184.91188368056,19292.343077256945,11121.515,36771.05380642362,baseline
2025-06-05 14:00:00,70245.74457465278,21430.09171875,13329.217805989583,35486.4350499132,baseline
2025-06-05 15:00:00,72872.7565451389,21672.672847222224,15893.048376736111,35307.03532118056,baseline
2025-06-05 16:00:00,74848.3830078125,19668.86645345052,17302.432610134547,37877.08394422743,baseline
2025-06-05 17:00:00,76243.79191840277,18970.689733072915,17601.66960720486,39671.43257812499,baseline
2025-06-05 18:00:00,75827.96202473958,16614.505144856772,17966.521946072047,41246.93493381076,baseline
2025-06-05 19:00:00,75193.01561197916,12691.937682291667,17796.84408637153,44704.23384331597,baseline
2025-06-05 20:00:00,72134.20726128473,4121.597059461806,16985.912751736112,51026.69745008681,baseline
2025-06-05 21:00:00,69373.29884982639,295.9442011043761,17542.820245225696,51534.53440349632,baseline
2025-06-05 22:00:00,67587.38351996528,0.5894790426310565,17955.98261013455,49630.8114307881,baseline
2025-06-05 23:00:00,65081.73764105903,0.4683090182062652,16949.400865885418,48131.8684661554,baseline
2025-06-06 00:00:00,62039.394895833335,0.5968997936944167,17470.199459635416,44568.59853640423,baseline
2025-06-06 01:00:00,59744.7660405816,0.3232410201968418,18940.05307508681,40804.3897244746,baseline
2025-06-06 02:00:00,57204.81143229167,0.3482627519634035,20368.51654296875,36835.94662657095,baseline
2025-06-06 03:00:00,55294.54894965278,0.4806620715227392,19796.634913194444,35497.43337438681,baseline
2025-06-06 04:00:00,53566.01066731771,0.6045766404767832,17343.361025390626,36222.045065286606,baseline
2025-06-06 05:00:00,53258.43038194445,0.6525712742739254,14710.900823567708,38546.87698710246,baseline
2025-06-06 06:00:00,53833.81175998264,0.6583993040356371,13334.581531032984,40498.57182964562,baseline
2025-06-06 07:00:00,53917.22347873264,197.1360205150975,11762.035028483073,41958.05242973447,baseline
2025-06-06 08:00:00,55487.02236328125,4976.484111599392,10318.02079969618,40192.51745198568,baseline
2025-06-06 09:00:00,60439.07008029514,13317.499791666669,10042.248817274303,37079.32147135417,baseline
2025-06-06 10:00:00,64724.16797960069,18020.0191265191,12339.388014322916,34364.76083875868,baseline
2025-06-06 11:00:00,67504.0969921875,21742.005264756943,11159.398853081597,34602.692874348955,baseline
2025-06-06 12:00:00,68946.88591145833,24004.451158311636,8903.257511121961,36039.177242024736,baseline
2025-06-06 13:00:00,71905.28844184028,25376.03967990452,7304.381038411459,39224.86772352431,baseline
2025-06-06 14:00:00,74093.07859375,25710.88319878472,7128.028133138021,41254.16726182726,baseline
2025-06-06 15:00:00,76053.07046223959,25522.49904188368,8393.248335774739,42137.32308458116,baseline
2025-06-06 16:00:00,76055.85797092014,25338.538787434896,9989.41843451606,40727.90074896919,baseline
2025-06-06 17:00:00,76293.49151041667,24915.00987847222,12018.371180555556,39360.11045138889,baseline
2025-06-06 18:00:00,76233.119609375,22631.50461154514,14472.383172743055,39129.23182508681,baseline
2025-06-06 19:00:00,75958.16281032986,16048.83325846354,18065.87408365885,41843.45546820746,baseline
2025-06-06 20:00:00,74466.85016059027,5796.096048312717,20358.91504937066,48311.839062906896,baseline
2025-06-06 21:00:00,72211.37458333334,465.9777666346232,20356.59453884549,51388.80227785323,baseline
2025-06-06 22:00:00,70078.04857638889,3.249942628269394,19169.863151041667,50904.93548271895,baseline
2025-06-06 23:00:00,66929.26069444444,0.316946934391227,18964.891251627603,47964.052495882446,baseline
2025-06-07 00:00:00,63998.99067925348,0.3325098620189561,20984.24375868056,43014.4144107109,baseline
2025-06-07 01:00:00,60961.001877170136,0.4804190951089064,21833.32342230903,39127.198035766,baseline
2025-06-07 02:00:00,57666.10827690972,0.3911169342034393,20845.247122395835,36820.47003757968,baseline
2025-06-07 03:00:00,55687.088936631946,0.3785275222857793,20847.48855251736,34839.221856592296,baseline
2025-06-07 04:00:00,54219.29453993055,0.3905052069864339,20792.005993923613,33426.898040799955,baseline
2025-06-07 05:00:00,53055.05048828125,0.4796127485897806,18537.740007595487,34516.83086793718,baseline
2025-06-07 06:00:00,52631.79055013021,0.64369112768107,15452.985525716143,37178.16133328638,baseline
2025-06-07 07:00:00,52570.95597873264,115.57868461055888,13884.134461805555,38571.24283231652,baseline
2025-06-07 08:00:00,53748.60150173611,5602.684684583875,13403.671870659722,34742.24494649252,baseline
2025-06-07 09:00:00,58372.34865017361,15753.402279188367,13626.278888617622,28992.667482367626,baseline
2025-06-07 10:00:00,62706.16218098958,19433.506258680554,14165.62025499132,29107.03566731771,baseline
2025-06-07 11:00:00,65056.65255425347,21818.08777615017,12434.358780653212,30804.205997450088,baseline
2025-06-07 12:00:00,67650.44345269098,24462.769527452256,10465.660384928386,32722.01354031033,baseline
2025-06-07 13:00:00,70701.12983506944,25146.21019314236,9078.563768988715,36476.355872938366,baseline
2025-06-07 14:00:00,72557.6246875,24885.6022781033,8530.328351779513,39141.69405761719,baseline
2025-06-07 15:00:00,74179.24378472222,24932.75006076389,7987.329822591146,41259.16390136718,baseline
2025-06-07 16:00:00,75268.44540798612,24617.98687934028,7370.3793432617185,43280.07918538412,baseline
2025-06-07 17:00:00,76064.63991753472,23902.152311197915,7302.512543945312,44859.97506239149,baseline
2025-06-07 18:00:00,75545.8919140625,23213.95868923611,7603.263617078993,44728.66960774739,baseline
2025-06-07 19:00:00,75213.0685720486,19056.050434027777,8566.237712131076,47590.78042588975,baseline
2025-06-07 20:00:00,73201.46871961806,8733.242061631945,10094.971861979167,54373.25479600695,baseline
2025-06-07 21:00:00,70421.03659505208,765.1425089708301,11859.847747395834,57796.04633868542,baseline
2025-06-07 22:00:00,68709.77325303819,0.3600256871183713,13299.456042209202,55409.95718514187,baseline
2025-06-07 23:00:00,65998.19117621527,0.4380957864224911,14566.22617078993,51431.52690963893,baseline
2025-06-08 00:00:00,63030.51813151042,0.5523001837399271,15189.123158637152,47840.84267268953,baseline
2025-06-08 01:00:00,60156.60056857639,0.4510206359293726,13951.573405490451,46204.57614245001,baseline
2025-06-08 02:00:00,57536.70160373264,0.5309725508259402,13120.248033854166,44415.92259732765,baseline
2025-06-08 03:00:00,55494.45479166666,0.5189922291868263,12961.49941189236,42532.43638754512,baseline
2025-06-08 04:00:00,54134.95617730034,0.5572972589896785,13229.558545193142,40904.84033484821,baseline
2025-06-08 05:00:00,52603.68787109375,0.5827237748768594,12604.487677951389,39998.61746936749,baseline
2025-06-08 06:00:00,51805.79069444445,0.512610464890798,11635.909542100697,40169.36854187886,baseline
2025-06-08 07:00:00,51421.63143663194,205.16634648041597,11316.742328559028,39899.7227615925,baseline
2025-06-08 08:00:00,53061.894607204864,5937.172365146213,11735.901857367622,35388.82038469103,baseline
2025-06-08 09:00:00,57923.154475911455,17142.634968532988,10896.09167263455,29884.42783474392,baseline
2025-06-08 10:00:00,60646.7175390625,22436.446278211806,10224.671312934028,27985.599947916664,baseline
2025-06-08 11:00:00,62984.68001085069,24924.53572482639,9154.007808159722,28906.13647786458,baseline
2025-06-08 12:00:00,66279.76898871528,25963.1468891059,9679.740996907552,30636.881102701824,baseline
2025-06-08 13:00:00,69857.55268229167,26448.41428168403,11010.630834418404,32398.50756618924,baseline
2025-06-08 14:00:00,73259.06115234375,25628.15834472656,13380.38132405599,34250.5214835612,baseline
2025-06-08 15:00:00,75692.53622829862,24554.06494574653,14843.255282118056,36295.21600043403,baseline
2025-06-08 16:00:00,76336.43712239583,22373.02967230903,16233.562354600694,37729.8450954861,baseline
2025-06-08 17:00:00,76511.95311631945,21016.544676649304,16885.609557291667,38609.79888237848,baseline
2025-06-08 18:00:00,76542.70372829861,18467.09863498264,18406.231751844614,39669.37334147136,baseline
2025-06-08 19:00:00,75974.16797743055,12263.876851128472,21078.108878038194,42632.18224826388,baseline
2025-06-08 20:00:00,75573.12513888889,5375.416754557292,22783.07574652778,47414.63263780382,baseline
2025-06-08 21:00:00,73472.14213107638,605.2065684991744,22794.83783420139,50072.09772837582,baseline
2025-06-08 22:00:00,71455.23118489583,0.3242158001081811,23403.41384331597,48051.49312577976,baseline
2025-06-08 23:00:00,67148.30085069445,0.3774866456869575,22608.42130208333,44539.502061965424,baseline
2025-06-09 00:00:00,62118.00236328125,0.4927784103320705,22033.13908203125,40084.37050283967,baseline
2025-06-09 01:00:00,57864.17230685764,0.4974960412912899,23314.202026909723,34549.472783906625,baseline
2025-06-09 02:00:00,54848.93340169271,0.4365468095077409,22170.629885525173,32677.866969358027,baseline
2025-06-09 03:00:00,52973.86718098958,0.5429330452862713,17854.65572157118,35118.66852637312,baseline
2025-06-09 04:00:00,51426.211742621526,0.6507896848519643,14104.08439453125,37321.47655840543,baseline
2025-06-09 05:00:00,51317.98926649305,0.6977586507797241,13173.60196940104,38143.68953844124,baseline
2025-06-09 06:00:00,52281.14712890625,0.6506547810965114,12060.194386935764,40220.30208718938,baseline
2025-06-09 07:00:00,52805.8713422309,65.23631094962359,11639.68656765408,41100.9484636272,baseline
2025-06-09 08:00:00,53458.427473958334,3728.379845326741,10612.876904568142,39117.17072406345,baseline
2025-06-09 09:00:00,55604.33137586805,13025.898695746528,9474.846090494791,33103.586589626735,baseline
2025-06-09 10:00:00,57756.6658843316,19829.00065917969,7950.430456271702,29977.234768880207,baseline
2025-06-09 11:00:00,60860.51552083333,21888.68657280816,8630.281056315103,30341.547891710063,baseline
2025-06-09 12:00:00,64504.00927083333,22893.4451030816,7948.900759819879,33661.663407931854,baseline
2025-06-09 13:00:00,67902.83565104166,25240.28317925347,7410.452112630208,35252.10035915799,baseline
2025-06-09 14:00:00,71948.26557725694,26741.23410590278,6600.185206705729,38606.84626464843,baseline
2025-06-09 15:00:00,75476.393359375,26338.969240451388,6200.043325195313,42937.3807937283,baseline
2025-06-09 16:00:00,76098.28623480903,26468.2625764974,6164.748284505208,43465.27537380642,baseline
2025-06-09 17:00:00,76387.2101844618,25945.49434299045,6386.29238023546,44055.423461235885,baseline
2025-06-09 18:00:00,75834.60243272569,23672.656731228297,7079.826564398872,45082.11913709852,baseline
2025-06-09 19:00:00,75520.55328125,18491.665498046877,8619.274283854167,48409.61349934896,baseline
2025-06-09 20:00:00,73301.34417751736,7666.801366373698,10275.2982554796,55359.24455566406,baseline
2025-06-09 21:00:00,70505.13835069444,766.9557845391167,9938.757905815972,59799.42466033936,baseline
2025-06-09 22:00:00,67923.55256510417,231.5695458355877,9714.430073784722,57977.552945483854,baseline
2025-06-09 23:00:00,64931.45029296875,0.3708691610892614,10174.531015625,54756.54840818266,baseline
2025-06-10 00:00:00,62009.84916666667,0.2411915228184726,11259.658797743055,50749.94917740079,baseline
2025-06-10 01:00:00,57612.79017578125,0.4626235469679037,10871.952484809028,46740.37506742525,baseline
2025-06-10 02:00:00,54688.04994140625,0.5713356971409586,9314.544129774304,45372.9344759348,baseline
2025-06-10 03:00:00,52958.64172309028,0.6814379414584901,7930.852398546007,45027.10788660282,baseline
2025-06-10 04:00:00,52146.61287543402,0.6966050969064236,8724.115115559896,43421.80115477722,baseline
2025-06-10 05:00:00,51663.225885416665,0.4903988898048798,11313.553075086806,40349.18241144005,baseline
2025-06-10 06:00:00,51779.54288194444,0.5619857637749778,11619.322125651042,40159.658770529626,baseline
2025-06-10 07:00:00,52632.325234375,277.6959154535002,9187.912652994792,43166.71666592671,baseline
2025-06-10 08:00:00,54646.72026801216,4600.203407389323,8396.507065700955,41650.00979492188,baseline
2025-06-10 09:00:00,57326.58288953993,9632.275040418835,7273.014634467231,40421.293214653866,baseline
2025-06-10 10:00:00,60088.85638020833,11717.191002604166,6364.018486735026,42007.64689086914,baseline
2025-06-10 11:00:00,62131.46415907118,12931.792157931855,5581.247789849175,43618.42421129016,baseline
2025-06-10 12:00:00,63618.415442708334,14897.232582465278,5235.701236979166,43485.48162326389,baseline
2025-06-10 13:00:00,64362.27503472223,16731.824875217015,4502.887029079861,43127.56313042535,baseline
2025-06-10 14:00:00,65213.43264973958,17293.846195746526,4432.810283203125,43486.77617078993,baseline
2025-06-10 15:00:00,66637.29274305556,17137.026438802084,4518.317003580729,44981.94930067274,baseline
2025-06-10 16:00:00,68629.52652777778,16027.270712890626,4204.342197265625,48397.913617621525,baseline
2025-06-10 17:00:00,70634.73239583333,16219.518547092011,4397.485811903212,50017.7280368381,baseline
2025-06-10 18:00:00,70985.55140190972,16000.092839626735,5664.316462673611,49321.14209960937,baseline
2025-06-10 19:00:00,69858.21240451389,11317.7336195204,7792.144059516059,50748.33472547744,baseline
2025-06-10 20:00:00,67375.23329861111,3793.7605143229166,9496.383364800347,54085.08941948785,baseline
2025-06-10 21:00:00,65516.73265625,267.34071475134954,10136.170716145833,55113.22122535282,baseline
2025-06-10 22:00:00,63931.69027560764,37.35366894818014,9538.68041341146,54355.656193248,baseline
2025-06-10 23:00:00,61057.073687065975,2.3458432533840337,8582.995499131945,52471.73234468065,baseline
2025-06-11 00:00:00,57955.21466145833,0.3940580995380878,8938.006355251737,49016.81424810705,baseline
2025-06-11 01:00:00,55465.45012586805,0.4549704345729616,9405.685227864584,46059.309927568895,baseline
2025-06-11 02:00:00,52801.95603407118,0.4923791316151619,8845.466436360677,43955.997218578894,baseline
2025-06-11 03:00:00,50926.97974609375,0.512285982105467,7414.076452907986,43512.39100720365,baseline
2025-06-11 04:00:00,49982.330690104165,0.4486937940948539,6395.634098849827,43586.24789746024,baseline
2025-06-11 05:00:00,49521.27350911458,0.4515185801270935,5605.026882188585,43915.79510834587,baseline
2025-06-11 06:00:00,49868.33684353298,0.5632483725912041,4631.149037136502,45236.62455802389,baseline
2025-06-11 07:00:00,51096.689016927085,72.73476815950539,4522.058073730469,46501.89617503711,baseline
2025-06-11 08:00:00,52175.52587456597,1285.9925383843315,3838.233706054688,47051.29963012695,baseline
2025-06-11 09:00:00,53945.49115451389,4750.915780707465,4115.01726264106,45079.55811116537,baseline
2025-06-11 10:00:00,56176.352109375,8500.968741319444,3273.444995388455,44401.93837266711,baseline
2025-06-11 11:00:00,57313.60652560764,10790.21126953125,2279.880941297743,44243.51431477864,baseline
2025-06-11 12:00:00,58746.41185546875,13629.059665798612,2192.1509280056425,42925.20126166449,baseline
2025-06-11 13:00:00,58609.24445963542,14293.910793185763,1818.679258219401,42496.65440823026,baseline
2025-06-11 14:00:00,60542.75272135417,15879.473058810763,2652.2678949652777,42011.01176757813,baseline
2025-06-11 15:00:00,61292.092680121525,16475.37488389757,3315.465366753472,41501.25242947048,baseline
2025-06-11 16:00:00,62463.18116319445,16150.68425672743,3552.870120171441,42759.62678629557,baseline
2025-06-11 17:00:00,63336.30932942708,14369.41240234375,3311.5997702365453,45655.297156846784,baseline
2025-06-11 18:00:00,64526.94993923611,14576.1877734375,3482.388549262153,46468.37361653645,baseline
2025-06-11 19:00:00,63667.06747829861,13266.680777994792,4467.330469021267,45933.05623128255,baseline
2025-06-11 20:00:00,62233.666421440976,7047.569968532986,5294.051043294271,49892.04540961372,baseline
2025-06-11 21:00:00,60880.831651475695,751.8665633593002,5904.334168294271,54224.63091982213,baseline
2025-06-11 22:00:00,59776.612886284725,0.3993102069364653,7176.343189561632,52599.87038651616,baseline
2025-06-11 23:00:00,57628.61643446181,0.4490053775409857,8013.478205295139,49614.68922378913,baseline
2025-06-12 00:00:00,55266.50241753472,0.4190610388914744,8512.20615451389,46753.87720198194,baseline
2025-06-12 01:00:00,52770.074013671874,0.4182913077208731,8344.435926649305,44425.219795714846,baseline
2025-06-12 02:00:00,51832.89396918403,0.5423308113879628,8347.97355685764,43484.378081515,baseline
2025-06-12 03:00:00,50769.69213107639,0.4953767232762442,8249.887623155382,42519.309131197726,baseline
2025-06-12 04:00:00,49576.09508463542,0.4824142641656929,8134.636902669271,41440.97576770198,baseline
2025-06-12 05:00:00,48374.77378038195,0.5623305157158109,6924.107322048611,41450.10412781762,baseline
2025-06-12 06:00:00,48676.92548285591,0.7432460124459531,6210.751381022135,42465.43085582132,baseline
2025-06-12 07:00:00,50190.21888237848,27.429503319429028,5683.162418619791,44479.62696043925,baseline
2025-06-12 08:00:00,51384.68029079861,2308.7207732815214,5639.196081814236,43436.76343570286,baseline
2025-06-12 09:00:00,53105.67506076389,7465.499331597222,5742.98081000434,39897.19491916233,baseline
2025-06-12 10:00:00,54605.43523003472,10965.870784505209,5822.616138237847,37816.94830729167,baseline
2025-06-12 11:00:00,55692.871017795136,12651.521086154517,5607.522272677951,37433.82765896267,baseline
2025-06-12 12:00:00,56895.55853949653,13806.04769422743,5634.2911344401045,37455.219710829,baseline
2025-06-12 13:00:00,57990.86488715278,15294.72165907118,5682.619190538195,37013.5240375434,baseline
2025-06-12 14:00:00,59331.75501736111,16781.018452690972,5239.625904947917,37311.110659722224,baseline
2025-06-12 15:00:00,60556.11133463542,17458.222610677083,4933.12372016059,38164.765003797744,baseline
2025-06-12 16:00:00,61598.40875,17734.10558810764,4475.974873860677,39388.32828803168,baseline
2025-06-12 17:00:00,62712.306412760416,18588.80390625,4374.646172417535,39748.85633409288,baseline
2025-06-12 18:00:00,63995.539418402775,16549.15545355903,5161.684971788194,42284.69899305555,baseline
2025-06-12 19:00:00,63823.55182725695,14951.26355902778,6324.949790581597,42547.33847764757,baseline
2025-06-12 20:00:00,62412.28920572917,7295.143030598958,8389.084034288195,46728.06214084201,baseline
2025-06-12 21:00:00,60655.815,628.7465002333787,9683.933365885418,50343.13513388121,baseline
2025-06-12 22:00:00,59389.799871961804,0.1078331360262301,12170.002582465278,47219.6894563605,baseline
2025-06-12 23:00:00,57056.12205295139,0.1101427997400363,14848.147545572916,42207.86436457873,baseline
2025-06-13 00:00:00,54055.62945095486,0.358037756971187,16766.98822265625,37288.28319054164,baseline
2025-06-13 01:00:00,51582.34561631944,0.5486092188623216,18450.90263237847,33130.894374722106,baseline
2025-06-13 02:00:00,50034.79023654514,0.5468865165942245,19450.31392578125,30583.929424247293,baseline
2025-06-13 03:00:00,48416.4131922743,0.5483456076681614,18777.95929796007,29637.905548706563,baseline
2025-06-13 04:00:00,47689.93256293403,0.3487492014964422,18320.55059244792,29369.03322128461,baseline
2025-06-13 05:00:00,47290.47634114583,0.335120212038358,18188.02044921875,29102.120771715043,baseline
2025-06-13 06:00:00,47899.49096137153,0.4153165764941109,17005.920966796875,30893.15467799816,baseline
2025-06-13 07:00:00,48894.79924696181,194.295315005415,15929.982135416669,32770.521796539724,baseline
2025-06-13 08:00:00,50552.12815321181,4107.187371487088,14813.677963324652,31631.262818400068,baseline
2025-06-13 09:00:00,55100.63092230903,14465.82964735243,12050.92070529514,28583.880569661455,baseline
2025-06-13 10:00:00,59150.43379340278,21609.57004123264,12698.630125868056,24842.233626302084,baseline
2025-06-13 11:00:00,61511.74767795139,23855.951458333333,12895.058139105902,24760.73808051216,baseline
2025-06-13 12:00:00,65119.27860243055,24833.442586805555,11960.346702473958,28325.48931315104,baseline
2025-06-13 13:00:00,68544.5784157986,25395.79023871528,12212.819167751735,30935.969009331588,baseline
2025-06-13 14:00:00,71005.19658420139,26134.904639756944,12716.652922092017,32153.63902235243,baseline
2025-06-13 15:00:00,73084.29710069444,25888.307530381942,13271.887060546876,33924.102509765624,baseline
2025-06-13 16:00:00,74787.58779947917,25557.21337022569,13015.463355034724,36214.91107421875,baseline
2025-06-13 17:00:00,75914.73073350695,24803.146299913195,12765.666634114585,38345.91779947917,baseline
2025-06-13 18:00:00,75782.37643663194,22992.12709635417,13100.020183376737,39690.22915690104,baseline
2025-06-13 19:00:00,74647.17546875,17845.08556423611,14977.334187282986,41824.75571723091,baseline
2025-06-13 20:00:00,72225.83449435764,7735.915439724392,18292.362716471354,46197.55633816189,baseline
2025-06-13 21:00:00,69219.74855034723,678.230718764197,19791.912547743057,48749.60528383998,baseline
2025-06-13 22:00:00,67305.91926215278,0.3688309540847937,20717.2453515625,46588.30507963619,baseline
2025-06-13 23:00:00,64537.72245442709,0.3420756840540303,21629.366393229167,42908.01398551387,baseline
2025-06-14 00:00:00,61269.35657552083,0.2655946742494901,21235.27844835069,40033.81253249589,baseline
2025-06-14 01:00:00,57894.60188802084,0.3637015830477079,19514.412571614583,38379.8256148232,baseline
2025-06-14 02:00:00,54732.08482855903,0.5010722548266252,17556.465672743056,37175.118083561145,baseline
2025-06-14 03:00:00,52790.98082682292,0.5403095493714015,16024.083009982638,36766.35750729091,baseline
2025-06-14 04:00:00,52233.11867838541,0.4694045060541895,17203.296202256945,35029.35307162242,baseline
2025-06-14 05:00:00,51680.76289496528,0.5869273572497897,18994.68649305556,32685.489474552476,baseline
2025-06-14 06:00:00,51150.48178385416,0.7684684841831525,18876.54236328125,32273.17095208873,baseline
2025-06-14 07:00:00,50833.7603515625,183.65762790981267,17648.397274305556,33001.70544934714,baseline
2025-06-14 08:00:00,52048.05460069444,4229.995424736871,16279.51728732639,31538.54188863118,baseline
2025-06-14 09:00:00,56118.44083767361,12263.25454752604,15436.31209309896,28418.874197048608,baseline
2025-06-14 10:00:00,60290.56192708333,16794.130246310764,17437.529073350695,26058.90260742188,baseline
2025-06-14 11:00:00,62421.47118489583,18698.91830512153,16449.79109483507,27272.761784939237,baseline
2025-06-14 12:00:00,65022.21307291667,20277.89365885417,13877.02326171875,30867.296152343755,baseline
2025-06-14 13:00:00,67610.05230034722,21680.0356640625,11700.316720920138,34229.69991536458,baseline
2025-06-14 14:00:00,70582.75805989583,21985.085347222222,10935.565793185764,37662.10691948784,baseline
2025-06-14 15:00:00,72860.12989149305,21443.173862847223,11663.136779513889,39753.81924913194,baseline
2025-06-14 16:00:00,74114.73027777778,21385.558502604166,13240.444906684028,39488.72686848958,baseline
2025-06-14 17:00:00,74767.06257378473,21519.798650716144,15081.44265407986,38165.82126898872,baseline
2025-06-14 18:00:00,74817.7363107639,20059.363404947915,16669.248840060765,38089.12406575521,baseline
2025-06-14 19:00:00,73916.72310763889,16602.99816189236,18536.208298611116,38777.51664713542,baseline
2025-06-14 20:00:00,71580.40984375,8062.832351888021,19959.16238498264,43558.41510687934,baseline
2025-06-14 21:00:00,69054.47473090277,725.8492411033312,19753.47495008681,48575.15053971264,baseline
2025-06-14 22:00:00,67487.10527777778,0.2680487887975242,19435.089559461805,48051.747669527176,baseline
2025-06-14 23:00:00,64634.8987890625,0.5354032949606577,20331.675132378477,44302.68825338906,baseline
2025-06-15 00:00:00,61593.36105034722,0.4515917477673954,20638.75829210069,40954.15116649876,baseline
2025-06-15 01:00:00,58964.41843315972,0.4631923552354177,21894.174071180558,37069.78116962393,baseline
2025-06-15 02:00:00,56669.925078125,0.4380352154870828,22418.72441623264,34250.76262667688,baseline
2025-06-15 03:00:00,54502.89033203125,0.4190542564292748,22253.60430338542,32248.86697438941,baseline
2025-06-15 04:00:00,53221.58331814236,0.3927964955733882,22158.39038845486,31062.80013319193,baseline
2025-06-15 05:00:00,52173.50864800347,0.4374393237299389,21424.075305989583,30748.99590269016,baseline
2025-06-15 06:00:00,51832.99824435764,0.4409558923873636,20576.162369791666,31256.394918673584,baseline
2025-06-15 07:00:00,51511.359225260414,139.08076975774435,19318.638682725694,32053.639772776976,baseline
2025-06-15 08:00:00,52734.640796440974,4313.853455810547,17342.48005859375,31078.30728203668,baseline
2025-06-15 09:00:00,57514.45176432292,12442.949174262152,18395.10915798611,26676.393432074656,baseline
2025-06-15 10:00:00,60332.79333116319,15513.010305989585,19749.86052517361,25069.9225,baseline
2025-06-15 11:00:00,61388.15354600694,18205.70807074653,16966.370221354166,26216.07525390625,baseline
2025-06-15 12:00:00,63747.79913628472,19931.833849826387,17056.228473307292,26759.736813151045,baseline
2025-06-15 13:00:00,65593.21229383681,20541.358463541663,18066.189168836805,26985.664661458344,baseline
2025-06-15 14:00:00,66761.55927517361,19542.7773046875,18330.469641927084,28888.312328559023,baseline
2025-06-15 15:00:00,67011.69574652778,18395.572985026043,16279.501583658854,32336.621177842884,baseline
2025-06-15 16:00:00,65443.83156032986,19238.072879774307,14622.407209201388,31583.351471354166,baseline
2025-06-15 17:00:00,65103.6580360243,16954.340869140626,13611.439765625,34537.87740125868,baseline
2025-06-15 18:00:00,64037.29940538194,14599.950590277778,12645.26884874132,36792.07996636284,baseline
2025-06-15 19:00:00,62561.76486436632,11179.759595269095,11012.94240125868,40369.06286783854,baseline
2025-06-15 20:00:00,60906.07670138889,4756.069994574653,9041.328068033854,47108.67863878039,baseline
2025-06-15 21:00:00,59765.39289496528,443.7563581265675,7871.698882921007,51449.9376539177,baseline
2025-06-15 22:00:00,59158.77859809028,0.1895410108566284,8355.408070746527,50803.180986332896,baseline
2025-06-15 23:00:00,56726.17130642361,0.3960119659536414,9838.717900390626,46887.05739406703,baseline
2025-06-16 00:00:00,54270.72065972223,0.4691792618731658,11585.722982855905,42684.52849760445,baseline
2025-06-16 01:00:00,51285.29970052083,0.4416489772995313,11466.889486762151,39817.968564781375,baseline
2025-06-16 02:00:00,49326.52310763889,0.5334160759382778,11581.373131510416,37744.616560052535,baseline
2025-06-16 03:00:00,47663.28665364583,0.7639139005872938,11190.368277994792,36472.154461750455,baseline
2025-06-16 04:00:00,47193.93031684028,0.7598861008220249,11169.025144314235,36024.14528642522,baseline
2025-06-16 05:00:00,47140.2251063368,0.7856037234266599,10009.571297743056,37129.86820487032,baseline
2025-06-16 06:00:00,48042.045855034725,0.7817090789145894,7963.612941623264,40077.65120433255,baseline
2025-06-16 07:00:00,49392.14509874132,200.4858232643538,6635.74399468316,42555.91528079381,baseline
2025-06-16 08:00:00,51207.95530815972,5122.280401068793,5776.364070638021,40309.3108364529,baseline
2025-06-16 09:00:00,55343.45180338542,15344.494840494792,5035.833221571181,34963.12374131945,baseline
2025-06-16 10:00:00,59799.77019314236,21746.940062934027,5278.349624023437,32774.48050618489,baseline
2025-06-16 11:00:00,63171.822317708335,24593.2666905382,5014.437140299479,33564.11848687066,baseline
2025-06-16 12:00:00,66501.35188368056,26000.98862630208,5173.294424913194,35327.06883246529,baseline
2025-06-16 13:00:00,69764.39894965278,26539.97500434028,5208.559120551216,38015.86482476129,baseline
2025-06-16 14:00:00,72819.65985677083,26223.209750434027,6319.646334092882,40276.80377224392,baseline
2025-06-16 15:00:00,74682.98857421875,25767.243346354167,7433.344016384549,41482.40121148003,baseline
2025-06-16 16:00:00,75492.32397569444,25314.74171875,8216.690265842013,41960.89199110243,baseline
2025-06-16 17:00:00,75796.05333767361,24568.81602159288,9092.110991482205,42135.12632459853,baseline
2025-06-16 18:00:00,75448.1422439236,23415.791794704863,9703.680930989583,42328.66951822916,baseline
2025-06-16 19:00:00,74797.88233506944,19594.888474392363,11387.585519748263,43815.408340928814,baseline
2025-06-16 20:00:00,73132.53857204861,9629.355163031683,13170.496375868055,50332.68703314887,baseline
2025-06-16 21:00:00,69648.59077256944,949.592568525407,15067.535150824651,53631.46305321938,baseline
2025-06-16 22:00:00,68696.4891015625,0.3268870233149371,19120.68836371528,49575.47385082391,baseline
2025-06-16 23:00:00,66063.81749782986,0.3013076615995831,22418.32037706163,43645.19581310664,baseline
2025-06-17 00:00:00,61858.30599826389,0.2803884545299742,23521.145512152776,38336.88009765658,baseline
2025-06-17 01:00:00,58116.941796875,0.2832705007493496,24366.72410807292,33749.93441830133,baseline
2025-06-17 02:00:00,55546.10911349826,0.293947558734152,24788.081981336807,30757.733184602723,baseline
2025-06-17 03:00:00,53724.20776475695,0.4232944874299897,25137.53447916667,28586.249991102846,baseline
2025-06-17 04:00:00,52321.93896701389,0.3688099380334218,24953.641276041668,27367.92888103419,baseline
2025-06-17 05:00:00,51565.23939670139,0.3709781965778934,24474.222534722223,27090.645883782592,baseline
2025-06-17 06:00:00,52086.92112196181,0.3979852570924494,24116.183587239582,27970.33954946513,baseline
2025-06-17 07:00:00,53111.23210286458,285.7421468882428,24501.23758246528,28324.252373511063,baseline
2025-06-17 08:00:00,55210.20175130208,6745.645987684462,23705.330672743057,24759.225090874563,baseline
2025-06-17 09:00:00,60051.00017361111,16886.885516493057,21778.79980685764,21385.31485026041,baseline
2025-06-17 10:00:00,63593.41688802083,21460.48243055556,21666.318815104165,20466.61564236111,baseline
2025-06-17 11:00:00,66109.5203125,22707.495347222222,21663.39442057292,21738.630544704854,baseline
2025-06-17 12:00:00,69629.95289496527,22713.12146484375,22107.525553385414,24809.305876736107,baseline
2025-06-17 13:00:00,72743.61244791666,22868.316753472223,22393.84488498264,27481.4508094618,baseline
2025-06-17 14:00:00,75956.65425998264,22866.17865234375,22858.24935438368,30232.226253255205,baseline
2025-06-17 15:00:00,76549.3178125,21138.479294704863,23207.24741536458,32203.591102430557,baseline
2025-06-17 16:00:00,76534.55284939236,18963.41646484375,23466.41009657118,34104.726287977435,baseline
2025-06-17 17:00:00,76607.3966015625,19280.124561631943,23091.097766927083,34236.174273003475,baseline
2025-06-17 18:00:00,76443.72103298611,18680.33769097222,22996.978502604168,34766.40483940972,baseline
2025-06-17 19:00:00,76459.55531901041,16123.72134874132,23020.65577907986,37315.17819118923,baseline
2025-06-17 20:00:00,75252.18898003473,7297.666236436632,23977.54974826389,43976.9729953342,baseline
2025-06-17 21:00:00,73604.81862847222,691.8228290964497,25821.01446180556,47091.98133757021,baseline
2025-06-17 22:00:00,71680.76575954861,0.2605987125552363,26571.995896267363,45108.5092645687,baseline
2025-06-17 23:00:00,68097.48290798611,0.2752111320363151,26014.04344184028,42083.16425501379,baseline
2025-06-18 00:00:00,64016.846844618056,0.4576948717402087,24266.553538953995,39749.83561079232,baseline
2025-06-18 01:00:00,60213.71798394097,0.4456139772633711,23438.2758984375,36774.99647152621,baseline
2025-06-18 02:00:00,57701.03097222222,0.4416576700243685,22584.91969618056,35115.66961837164,baseline
2025-06-18 03:00:00,55940.57109592014,0.5131477462251981,20887.53904513889,35052.51890303503,baseline
2025-06-18 04:00:00,54937.68106553819,0.5889722868800163,20732.926588541668,34204.16550470964,baseline
2025-06-18 05:00:00,54256.32548394097,0.5493436868985494,20268.964709201387,33986.81143105269,baseline
2025-06-18 06:00:00,54560.51900607639,0.7169211807515886,19715.47223524305,34844.32984965258,baseline
2025-06-18 07:00:00,55531.63165581597,141.65246557560232,17123.256257595487,38266.72293264489,baseline
2025-06-18 08:00:00,56974.54293185764,4887.638154025608,15220.581178385415,36866.32359944661,baseline
2025-06-18 09:00:00,60866.945859375,14716.901735026042,14428.324930555556,31721.719193793404,baseline
2025-06-18 10:00:00,64966.52512586806,18892.8213780382,15353.247118055557,30720.456629774308,baseline
2025-06-18 11:00:00,67330.2643142361,22308.15375868056,14594.442389865451,30427.6681656901,baseline
2025-06-18 12:00:00,69791.9507595486,23817.727554253477,13517.24425672743,32456.978948567703,baseline
2025-06-18 13:00:00,72884.2453125,24754.17144748264,12754.352622612849,35375.721242404514,baseline
2025-06-18 14:00:00,75230.29709635417,25056.618969184023,12590.444504123265,37583.23362304688,baseline
2025-06-18 15:00:00,76346.38718315972,25009.52728515625,12761.85447374132,38575.00542426215,baseline
2025-06-18 16:00:00,76668.94356336806,24722.911519097222,13137.09694878472,38808.93509548612,baseline
2025-06-18 17:00:00,76334.69325520833,24215.355277777777,13265.654518229168,38853.68345920139,baseline
2025-06-18 18:00:00,76319.78026041666,22655.99484157986,13882.043501519098,39781.7419173177,baseline
2025-06-18 19:00:00,76069.18689670139,18369.483981119796,15557.785670572915,42141.91724500868,baseline
2025-06-18 20:00:00,75026.34614583333,8544.733982204862,16234.634811197917,50246.97735243056,baseline
2025-06-18 21:00:00,72740.60099392361,802.7963443775972,16037.922839626735,55899.88180991927,baseline
2025-06-18 22:00:00,70908.72656684028,12.10803769864142,16660.094921875,54236.523607266645,baseline
2025-06-18 23:00:00,68011.94536675347,10.79686782633265,18472.27590060764,49528.8725983195,baseline
2025-06-19 00:00:00,64429.926187065976,0.5600342145562172,19077.59388237847,45351.77227047295,baseline
2025-06-19 01:00:00,60880.73714409722,0.4275589565104908,17901.931256510416,42978.37832863029,baseline
2025-06-19 02:00:00,58214.01591362847,0.4186797866887516,16839.862007378473,41373.73522646331,baseline
2025-06-19 03:00:00,56698.26047743056,0.5681820893949933,16452.296280381943,40245.39601495922,baseline
2025-06-19 04:00:00,55072.78552517361,0.6359754903780089,15752.766476779514,39319.383072903714,baseline
2025-06-19 05:00:00,54203.795542534725,0.6611763874358602,14933.101243489584,39270.0331226577,baseline
2025-06-19 06:00:00,54466.39922309028,0.80229906052351,14604.018444010417,39861.578480019336,baseline
2025-06-19 07:00:00,55098.01948133681,221.25640129695336,13969.618764105902,40907.144315933954,baseline
2025-06-19 08:00:00,57024.73036458333,5759.204100206163,12301.342940538194,38964.18332383897,baseline
2025-06-19 09:00:00,61427.15677734375,16001.46345703125,11600.371843532988,33825.321476779514,baseline
2025-06-19 10:00:00,64697.148736979165,20069.90550564236,13560.718525390625,31066.524705946176,baseline
2025-06-19 11:00:00,67543.33586805555,23368.314446614582,12080.324853515624,32094.696567925348,baseline
2025-06-19 12:00:00,70926.70647135416,24899.48243055556,10120.555383029514,35906.66865776909,baseline
2025-06-19 13:00:00,73884.42615017362,24721.803715277776,8589.758266059027,40572.864168836815,baseline
2025-06-19 14:00:00,76372.24660590278,24115.153430989583,8529.97380859375,43727.11936631944,baseline
2025-06-19 15:00:00,76698.47464192708,23787.90949001736,9515.581265190973,43394.98388671875,baseline
2025-06-19 16:00:00,77708.9546875,23965.675540364584,11407.387548828125,42335.89159830729,baseline
2025-06-19 17:00:00,77911.50541666667,22996.737977430555,12824.1573046875,42090.61013454861,baseline
2025-06-19 18:00:00,77849.75893663194,21871.866803385416,13869.224801432292,42108.66733181424,baseline
2025-06-19 19:00:00,77214.36478298611,18225.264762369792,14352.366628689237,44636.73339192709,baseline
2025-06-19 20:00:00,76249.48029079862,8534.38040907118,14859.225736762151,52855.87414496528,baseline
2025-06-19 21:00:00,74175.62526041667,796.4856374406153,15488.483583984374,57890.65603899168,baseline
2025-06-19 22:00:00,72120.4775564236,0.2802931438552009,17012.26882703993,55107.92843623982,baseline
2025-06-19 23:00:00,69102.24251302083,0.3269957429998451,18690.663704427083,50411.25181285075,baseline
2025-06-20 00:00:00,65989.42060980902,0.4407434495621257,20585.399136284723,45403.58073007474,baseline
2025-06-20 01:00:00,63097.72637803819,0.2883892900000016,22071.74779079861,41025.69019794958,baseline
2025-06-20 02:00:00,59712.93296657986,0.3489584715002113,23028.48939670139,36684.09461140697,baseline
2025-06-20 03:00:00,57940.75400173611,0.390488917628924,23028.307612847224,34912.05589997125,baseline
2025-06-20 04:00:00,56400.16462239583,0.3234190190500683,22432.33301432292,33967.508189053864,baseline
2025-06-20 05:00:00,55750.01364149305,0.3348586496710777,22319.407356770836,33430.27142607255,baseline
2025-06-20 06:00:00,55836.09868706597,0.4181432272659408,21208.677721354168,34627.00282248453,baseline
2025-06-20 07:00:00,56322.91230251736,219.84878257698483,19396.9586328125,36706.10488712788,baseline
2025-06-20 08:00:00,58028.39733940972,5888.728417154948,17470.18962890625,34669.47929334852,baseline
2025-06-20 09:00:00,62182.02397135417,15710.598671875,17842.42472439236,28629.000575086808,baseline
2025-06-20 10:00:00,66471.9024717882,19039.776527777776,19155.01207465278,28277.113869357643,baseline
2025-06-20 11:00:00,69897.87921875,21249.992747395838,19546.94446451823,29100.94200683593,baseline
2025-06-20 12:00:00,71935.95181857639,21820.432608506944,20276.277942708333,29839.24126736111,baseline
2025-06-20 13:00:00,75003.75953559027,21855.23615017361,21002.43562282986,32146.0877625868,baseline
2025-06-20 14:00:00,76955.10668402778,21380.11050998264,21661.21424262153,33913.78193142361,baseline
2025-06-20 15:00:00,77500.36779513888,21015.519092881943,21400.969446614585,35083.87925564236,baseline
2025-06-20 16:00:00,77861.54266059028,20846.16299045139,22358.62312934028,34656.75654079861,baseline
2025-06-20 17:00:00,78029.0259765625,20425.46252170139,23168.533157552083,34435.03029730902,baseline
2025-06-20 18:00:00,77348.25342447916,18720.66791015625,23452.445416666666,35175.14009765624,baseline
2025-06-20 19:00:00,77270.03991319444,15796.17322157118,23404.34931423611,38069.51737738715,baseline
2025-06-20 20:00:00,75960.84965277778,7859.231344943576,22947.472801649303,45154.1455061849,baseline
2025-06-20 21:00:00,73270.40500868055,1003.9349520485932,23614.612007378477,48651.85804925348,baseline
2025-06-20 22:00:00,71459.68700954861,0.169833220778447,24199.96666449653,47259.5505118313,baseline
2025-06-20 23:00:00,68444.29284288194,0.2250594655672709,25050.537452256944,43393.53033115943,baseline
2025-06-21 00:00:00,65237.341866319446,0.2568072447015179,24861.409262152774,40375.67579692196,baseline
2025-06-21 01:00:00,62506.95434027778,0.2697917945848571,24986.71048828125,37519.974060201945,baseline
2025-06-21 02:00:00,59998.411976996525,0.3146756418877178,24750.553821614583,35247.54347974005,baseline
2025-06-21 03:00:00,57338.93155164931,0.3493484591113196,24268.949934895834,33069.63226829436,baseline
2025-06-21 04:00:00,55498.52199001736,0.3540112032492955,23613.90994357639,31884.258035237723,baseline
2025-06-21 05:00:00,54287.69913194444,0.4130709702935484,23514.223077256946,30773.0629837172,baseline
2025-06-21 06:00:00,53401.52588541667,0.4275298746758037,23522.78381076389,29878.314544778103,baseline
2025-06-21 07:00:00,53194.37864149306,246.6457265225384,23445.97345269097,29501.759462279548,baseline
2025-06-21 08:00:00,54776.85250651042,6128.714207221137,22313.621200086807,26334.517099202472,baseline
2025-06-21 09:00:00,58920.32467230903,14603.16288845486,21779.93857204861,22537.223211805554,baseline
2025-06-21 10:00:00,63161.53602213541,18096.27820746528,23534.29939453125,21530.95842013889,baseline
2025-06-21 11:00:00,66460.94036458334,20042.50251736111,24737.927435438367,21680.510411783864,baseline
2025-06-21 12:00:00,68880.44236328125,21121.97808376736,24759.38368923611,22999.08059027778,baseline
2025-06-21 13:00:00,71568.5805859375,21311.734049479168,24802.920596788197,25453.925939670135,baseline
2025-06-21 14:00:00,73051.75891927084,21063.400670572915,24917.30886935764,27071.04937934029,baseline
2025-06-21 15:00:00,74054.53720920139,20526.119598524307,24641.758815104167,28886.658795572912,baseline
2025-06-21 16:00:00,75704.23114583333,21173.94957899305,23892.712493489584,30637.569073350693,baseline
2025-06-21 17:00:00,76461.5183984375,20341.090169270832,23165.20047743056,32955.227751736114,baseline
2025-06-21 18:00:00,76232.31819878472,19325.153442925348,22613.753159179687,34293.41159667968,baseline
2025-06-21 19:00:00,75121.49278211806,15683.902341579862,22297.339503038194,37140.25093750001,baseline
2025-06-21 20:00:00,72642.78135850694,7108.104659559462,23303.26474175347,42231.411957194,baseline
2025-06-21 21:00:00,69850.93476996527,647.3063163460625,25076.84653645833,44126.78191716088,baseline
2025-06-21 22:00:00,68305.36263454861,0.3064408435920874,25692.10609809028,42612.95009561474,baseline
2025-06-21 23:00:00,65641.68762369792,0.3604992084039582,26238.039997829863,39403.28712665965,baseline
2025-06-22 00:00:00,62539.7560546875,0.3893834746380647,26505.264696180555,36034.10197503231,baseline
2025-06-22 01:00:00,59680.45337456597,0.3210569949779245,26540.46399956597,33139.668318005024,baseline
2025-06-22 02:00:00,57298.93413302952,0.4317583723531829,26249.83194444445,31048.670430212715,baseline
2025-06-22 03:00:00,55717.89703776042,0.423453234732151,25997.19540798611,29720.278176539578,baseline
2025-06-22 04:00:00,53935.47613498264,0.4719302012523015,25275.021205512152,28659.982999269232,baseline
2025-06-22 05:00:00,52719.91226996528,0.4793698688679271,24932.913135850693,27786.51976424572,baseline
2025-06-22 06:00:00,52209.69909939236,0.4716187525788943,24790.242789713546,27418.98469092624,baseline
2025-06-22 07:00:00,51553.6001171875,233.5548227388329,24515.49533203125,26804.549962417423,baseline
2025-06-22 08:00:00,53164.687161458336,5354.235923529731,23629.556148003478,24180.89508992513,baseline
2025-06-22 09:00:00,58252.38003472222,13713.15006184896,22869.180123697915,21670.049849175342,baseline
2025-06-22 10:00:00,61233.79007161458,16230.733898654516,23785.009991319443,21218.046181640624,baseline
2025-06-22 11:00:00,64199.06753472222,18799.453819444443,23965.432469618056,21434.18124565972,baseline
2025-06-22 12:00:00,67250.56820746527,20545.1641796875,23544.982799479167,23160.421228298605,baseline
2025-06-22 13:00:00,69785.78590277777,20899.203736979165,23498.81301432292,25387.769151475688,baseline
2025-06-22 14:00:00,72195.87438368055,21371.96482421875,24063.50694010417,26760.40261935764,baseline
2025-06-22 15:00:00,74166.3636154514,20977.99643880208,24544.95118923611,28643.4159874132,baseline
2025-06-22 16:00:00,75363.68114583334,20269.394639756945,24746.100056423613,30348.186449652785,baseline
2025-06-22 17:00:00,76251.61824652778,20022.343582899302,24778.43700954861,31450.837654079864,baseline
2025-06-22 18:00:00,76605.21569878473,19115.375088975696,25233.028870985243,32256.811738823788,baseline
2025-06-22 19:00:00,76045.61014322916,15761.975556640626,25923.91347439236,34359.72111219617,baseline
2025-06-22 20:00:00,74372.81733506944,7461.44578125,26324.30393608941,40587.067617730034,baseline
2025-06-22 21:00:00,71525.84118055555,713.1390590019689,26110.16069173177,44702.54142982181,baseline
2025-06-22 22:00:00,69643.90143663195,0.2562183352580501,25671.846100260416,43971.79911803627,baseline
2025-06-22 23:00:00,66244.72318576388,0.2980445936653349,25432.259468315973,40812.16567285424,baseline
2025-06-23 00:00:00,62595.24086154514,0.3392636686563491,23951.06598958333,38643.83560829316,baseline
2025-06-23 01:00:00,59050.45796657986,0.4760913105805714,23197.243958333333,35852.73791693595,baseline
2025-06-23 02:00:00,56541.85649956597,0.4472147098845905,22835.874073350693,33705.53521150539,baseline
2025-06-23 03:00:00,55468.98319878472,0.3854067104392581,22140.74400390625,33327.85378816803,baseline
2025-06-23 04:00:00,54055.77721788194,0.3688253903720114,21420.57476779514,32634.83362469643,baseline
2025-06-23 05:00:00,53559.936792534725,0.3656996326976352,21251.95770182292,32307.61339107911,baseline
2025-06-23 06:00:00,54025.42754774306,0.359910168018606,20800.341519097223,33224.72611847782,baseline
2025-06-23 07:00:00,54988.83440321181,231.5236819815636,20161.18251953125,34596.12820169899,baseline
2025-06-23 08:00:00,57095.077712673614,5179.018224216037,19636.684932725693,32279.374555731883,baseline
2025-06-23 09:00:00,61745.82250434028,13122.310530598956,20171.0003125,28452.51166124132,baseline
2025-06-23 10:00:00,65201.952543402775,16704.908934461804,21416.572374131945,27080.471234809025,baseline
2025-06-23 11:00:00,68579.71739149306,20186.151781684028,21144.85183810764,27248.7137717014,baseline
2025-06-23 12:00:00,71951.134296875,21993.576276041666,20279.309027777777,29678.248993055557,baseline
2025-06-23 13:00:00,74657.69712239584,22606.488587239583,20019.466881510416,32031.74165364584,baseline
2025-06-23 14:00:00,76978.378515625,23089.25690266927,20189.75466905382,33699.36694390191,baseline
2025-06-23 15:00:00,77746.43808159723,22284.27068793403,20844.32493706597,34617.842456597224,baseline
2025-06-23 16:00:00,76760.45259114583,20661.010651041663,22124.458930121527,33974.98300998264,baseline
2025-06-23 17:00:00,77093.82501736112,19019.822816297743,22565.599935980903,35508.40226508247,baseline
2025-06-23 18:00:00,77167.28224826389,17227.585598415797,23140.202664930555,36799.493984917535,baseline
2025-06-23 19:00:00,76627.63450954862,14478.035109320746,23387.289008246527,38762.310391981344,baseline
2025-06-23 20:00:00,75364.43856987848,6367.433313123915,22489.091299913194,46507.91395684137,baseline
2025-06-23 21:00:00,72991.10563368055,434.0142974901116,21114.81885199653,51442.27248419391,baseline
2025-06-23 22:00:00,70849.43811848959,0.1877320395161708,20366.427428385417,50482.82295806466,baseline
2025-06-23 23:00:00,67499.68342013888,0.2271342817197243,20689.931163194444,46809.52512266272,baseline
2025-06-24 00:00:00,63429.585,0.2401802446610397,20903.80441677517,42525.540402980165,baseline
2025-06-24 01:00:00,59910.070036892364,0.225512932555543,20813.40256076389,39096.44196319592,baseline
2025-06-24 02:00:00,57234.08915798611,0.2515050620834033,20686.19899305556,36547.63865986848,baseline
2025-06-24 03:00:00,54942.95437282986,0.1968574873109658,19511.492254774304,35431.265260568245,baseline
2025-06-24 04:00:00,53314.07841796875,0.320261590845055,17598.418700086804,35715.3394562911,baseline
2025-06-24 05:00:00,52239.045071614586,0.4669585507942571,16521.35421657986,35717.223896483934,baseline
2025-06-24 06:00:00,52600.09231119792,0.4686466870374149,15501.840080295138,37097.78358421574,baseline
2025-06-24 07:00:00,53516.07689236111,255.5216431473361,14375.235847439237,38885.31940177454,baseline
2025-06-24 08:00:00,55404.85719618056,6902.372830403646,12159.117424045138,36343.36694173177,baseline
2025-06-24 09:00:00,60082.89802734375,18667.38060329861,12297.615126953126,29117.90229709201,baseline
2025-06-24 10:00:00,63391.71183376736,23047.93959635417,13309.3199609375,27034.45227647569,baseline
2025-06-24 11:00:00,66832.29265842013,24735.62929470486,12778.92146158854,29317.74190212673,baseline
2025-06-24 12:00:00,69686.72549913195,25044.51082248264,12293.86304578993,32348.351630859383,baseline
2025-06-24 13:00:00,73291.0729296875,24942.0516796875,13060.089267578123,35288.931982421884,baseline
2025-06-24 14:00:00,76100.5505577257,24928.69540798611,14045.85056532118,37126.004584418406,baseline
2025-06-24 15:00:00,77641.8860329861,24039.265346137152,15134.699126519095,38467.92156032986,baseline
2025-06-24 16:00:00,77360.110625,22186.498359375,16373.995491536458,38799.61677408854,baseline
2025-06-24 17:00:00,76876.97262586806,20438.893033854165,17578.627243923613,38859.452348090286,baseline
2025-06-24 18:00:00,76736.53326171875,19194.495392252604,18100.297252604167,39441.74061686198,baseline
2025-06-24 19:00:00,75779.09253472222,16364.57054796007,18111.13568359375,41303.3863031684,baseline
2025-06-24 20:00:00,73673.65487847223,7957.316114637587,18881.63698784722,46834.70177598741,baseline
2025-06-24 21:00:00,71050.80876736112,710.4000369420316,18615.822352430558,51724.586377988526,baseline
2025-06-24 22:00:00,69430.894296875,0.2074217857751581,18618.611356336805,50812.07551875243,baseline
2025-06-24 23:00:00,66120.75458550347,0.2961842525998751,19212.150833333333,46908.30756791754,baseline
2025-06-25 00:00:00,62233.51271484375,0.3134771479997369,19291.79228732639,42941.40695036936,baseline
2025-06-25 01:00:00,58957.49511827257,0.4581774673031436,19926.801534288195,39030.23540651707,baseline
2025-06-25 02:00:00,56103.59400824653,0.3437665035534236,19929.9288140191,36173.32142772388,baseline
2025-06-25 03:00:00,53835.468353949655,0.1843765247530407,18775.961901041668,35059.32207638324,baseline
2025-06-25 04:00:00,52260.307052951386,0.1850484658819106,17355.717229275175,34904.40477521033,baseline
2025-06-25 05:00:00,51443.32220486111,0.1966391986608505,15858.084287109376,35585.04127855308,baseline
2025-06-25 06:00:00,52094.22230685764,0.1907764124208026,14418.227276475694,37675.80425396953,baseline
2025-06-25 07:00:00,53009.30473849826,209.3020434368485,12921.44424153646,39878.55845352496,baseline
2025-06-25 08:00:00,54411.510882161456,5459.815486653646,10674.668115234375,38277.02728027343,baseline
2025-06-25 09:00:00,58169.84113172743,15518.744691840278,10565.409753689237,32085.686686197914,baseline
2025-06-25 10:00:00,61782.736204427085,19416.97369140625,12376.843236762154,29988.919276258683,baseline
2025-06-25 11:00:00,64436.48421006944,20586.613383246528,12350.557329644098,31499.313497178817,baseline
2025-06-25 12:00:00,66577.37942274306,22157.21426378038,12094.142333984377,32326.02282497831,baseline
2025-06-25 13:00:00,68957.56480034722,22971.68236111111,12527.728610568576,33458.15382866753,baseline
2025-06-25 14:00:00,71832.56069444444,21850.192890625,13115.969487847222,36866.39831597223,baseline
2025-06-25 15:00:00,73815.81495659723,20208.04234700521,13812.81724826389,39794.95536132813,baseline
2025-06-25 16:00:00,74678.97401258681,17798.139539930555,13863.531839192709,43017.30263346355,baseline
2025-06-25 17:00:00,74928.85223307292,16570.886064453123,14849.990249565972,43507.975919053824,baseline
2025-06-25 18:00:00,73872.43303819445,14513.975667317707,15507.424690212674,43851.03268066407,baseline
2025-06-25 19:00:00,71868.2243359375,10826.33289171007,15842.336069878473,45199.55537434896,baseline
2025-06-25 20:00:00,69630.05443576389,5501.216711154514,16783.974963107637,47344.86276150173,baseline
2025-06-25 21:00:00,67184.33636501736,562.8627126407623,17413.815539822048,49207.65811255455,baseline
2025-06-25 22:00:00,65694.54326388889,0.2634540666805373,18243.868560112845,47450.41124970936,baseline
2025-06-25 23:00:00,62785.96216145833,0.135476333151261,19430.69246744792,43355.13421767726,baseline
2025-06-26 00:00:00,59033.26024305556,0.1458237477060821,18893.69342230903,40139.42099699882,baseline
2025-06-26 01:00:00,55858.66134657118,0.1482446235252751,17536.118365885417,38322.39473606224,baseline
2025-06-26 02:00:00,53544.24579535591,0.149178575542238,16883.119342990452,36660.97727378991,baseline
2025-06-26 03:00:00,51872.58571180556,0.1514235842062367,16511.658503689236,35360.77578453212,baseline
2025-06-26 04:00:00,50738.23816189236,0.1517805112567213,15051.64613172743,35686.44024965368,baseline
2025-06-26 05:00:00,50384.94598632812,0.1622196043862236,14407.191936848958,35977.59182987478,baseline
2025-06-26 06:00:00,51401.67491861979,0.6547648293193844,13514.066426323783,37886.95372746669,baseline
2025-06-26 07:00:00,52710.43996636285,203.31178105759952,12641.45748155382,39865.67070375143,baseline
2025-06-26 08:00:00,54305.38267795139,5417.369282362196,10819.72158094618,38068.29181464302,baseline
2025-06-26 09:00:00,58003.018744574656,15319.40839735243,9186.719570855035,33496.89077636719,baseline
2025-06-26 10:00:00,62319.75663953993,20115.4934375,9296.18226671007,32908.08093532986,baseline
2025-06-26 11:00:00,65279.21503580729,21954.650262586805,8371.600474717881,34952.9642985026,baseline
2025-06-26 12:00:00,67859.44844618056,23747.913732638888,7117.475916883681,36994.058796657984,baseline
2025-06-26 13:00:00,70885.81263454861,23759.00336154514,6228.847978515625,40897.961294487846,baseline
2025-06-26 14:00:00,73853.58095703126,23168.89206814236,6047.622486979167,44637.06640190973,baseline
2025-06-26 15:00:00,76035.09064670138,22527.11715060764,7293.8606765407985,46214.11281955295,baseline
2025-06-26 16:00:00,76487.35951822916,21001.466565212675,9723.43947157118,45762.45348144531,baseline
2025-06-26 17:00:00,75797.93439887153,17939.523831380207,11553.636016167537,46304.77455132378,baseline
2025-06-26 18:00:00,75157.35248697917,15648.244242621528,12418.828705240883,47090.27953911676,baseline
2025-06-26 19:00:00,73466.876953125,13555.023473307292,13957.388208550346,45954.46527126736,baseline
2025-06-26 20:00:00,71293.49139756945,6927.075050455729,15238.564173177085,49127.85217393664,baseline
2025-06-26 21:00:00,68918.83900173611,590.8018783473968,15574.354230414496,52753.68289297422,baseline
2025-06-26 22:00:00,67278.07164279514,0.6910894640949037,15409.353611111112,51868.026942219934,baseline
2025-06-26 23:00:00,64224.48124782986,0.1241088893885413,15086.494094509548,49137.86304443093,baseline
2025-06-27 00:00:00,60512.38799696181,0.1503593436959717,15208.407957628038,45303.82967999007,baseline
2025-06-27 01:00:00,57421.80765625,0.1497609511762857,15028.001742621527,42393.65615267729,baseline
2025-06-27 02:00:00,54531.05437934028,0.1415393685052792,14663.064452039933,39867.84838793184,baseline
2025-06-27 03:00:00,52829.70110568577,0.1457703428218762,12388.560997450088,40440.99433789286,baseline
2025-06-27 04:00:00,51585.21004123264,0.1851995392474863,12634.787317708331,38950.23752398506,baseline
2025-06-27 05:00:00,50778.26593641493,0.2652267187254296,12533.506859266494,38244.49385042971,baseline
2025-06-27 06:00:00,51333.97494032118,0.2625571035842101,10534.670423177084,40799.04196004052,baseline
2025-06-27 07:00:00,52323.16773871528,190.53046250441008,8535.239430609809,43597.39784560107,baseline
2025-06-27 08:00:00,54192.83283420139,6201.774763590495,7894.587726915148,40096.47034369575,baseline
2025-06-27 09:00:00,58837.47715603298,17179.037807074652,7645.212511935764,34013.226837022565,baseline
2025-06-27 10:00:00,63460.77222222222,22020.669127604167,8747.10864203559,32692.994452582465,baseline
2025-06-27 11:00:00,66540.05573350695,24566.021555989584,8771.031413845487,33203.00276367187,baseline
2025-06-27 12:00:00,68987.05370876736,25766.162921006944,7903.386096462674,35317.50469129774,baseline
2025-06-27 13:00:00,72274.67501302084,25688.614676649304,7119.326512044271,39466.73382432726,baseline
2025-06-27 14:00:00,75043.69680555556,24855.36216145833,7294.742027994792,42893.59261610244,baseline
2025-06-27 15:00:00,76111.61413194444,24054.43294270833,8561.739631076389,43495.44155815972,baseline
2025-06-27 16:00:00,76871.5898936632,22988.94768934462,10118.81111735026,43763.83108696832,baseline
2025-06-27 17:00:00,76944.88371744791,21843.768093532984,11965.360648057724,43135.7549758572,baseline
2025-06-27 18:00:00,76841.10695529514,19450.64705023872,12188.34098280165,45202.11892225477,baseline
2025-06-27 19:00:00,75690.65851996528,15074.798887261284,12315.936875813804,48299.92275689019,baseline
2025-06-27 20:00:00,72844.61729817708,5879.67919921875,11303.640871310765,55661.29722764756,baseline
2025-06-27 21:00:00,69514.74251302083,477.6187583094173,11156.697313639324,57880.426441072086,baseline
2025-06-27 22:00:00,68094.09354600694,0.2357973016136222,12767.127329644098,55326.730419061234,baseline
2025-06-27 23:00:00,66029.17664713542,0.1476903201142947,14550.462686631943,51478.56627018336,baseline
2025-06-28 00:00:00,63259.69728841146,0.1594157391414046,15518.124359809028,47741.41351286329,baseline
2025-06-28 01:00:00,60112.550345052085,0.1590014895382854,16166.17645562066,43946.21488794188,baseline
2025-06-28 02:00:00,57319.09393229167,0.1649971452438169,16644.182578125,40674.746357021424,baseline
2025-06-28 03:00:00,54781.5244813368,0.179427028749552,17164.24700737847,37617.09804692958,baseline
2025-06-28 04:00:00,53332.821110026045,0.2326466967993312,17305.844704861112,36026.74375846813,baseline
2025-06-28 05:00:00,52362.41445529514,0.3290805899434619,16602.418525390625,35759.66684931457,baseline
2025-06-28 06:00:00,52103.6163172743,0.3359583497212993,15787.46740234375,36315.812956580834,baseline
2025-06-28 07:00:00,51628.85305338541,204.88970383091103,15147.65376763238,36276.30958192212,baseline
2025-06-28 08:00:00,53225.11031032986,6299.133099636501,13404.340887858072,33521.636322835286,baseline
2025-06-28 09:00:00,59658.59779296875,18302.59772840712,11810.19561387804,29545.804450683598,baseline
2025-06-28 10:00:00,64398.683582899306,23961.877508680554,12499.406357421874,27937.39971679688,baseline
2025-06-28 11:00:00,65578.12592013889,25526.453851996528,12533.490402560765,27518.181665581596,baseline
2025-06-28 12:00:00,68489.32989583333,26126.385876736116,10838.041976996528,31524.902042100694,baseline
2025-06-28 13:00:00,71496.6082530382,26627.789717881944,8547.362269422743,36321.45626573351,baseline
2025-06-28 14:00:00,74153.70142795138,26329.66054253472,8249.184672309028,39574.85621310763,baseline
2025-06-28 15:00:00,75802.85510416667,26067.754578993052,9131.082790527344,40604.017734646266,baseline
2025-06-28 16:00:00,76547.04239149306,25235.514707573784,10606.93458251953,40704.59310139975,baseline
2025-06-28 17:00:00,76988.51375434028,23667.343765190973,12127.08077907986,41194.08921006945,baseline
2025-06-28 18:00:00,77009.07066189236,22069.406940104167,14016.332646484376,40923.33107530382,baseline
2025-06-28 19:00:00,76686.08053385417,17230.481703016492,15717.03144314236,43738.56738769532,baseline
2025-06-28 20:00:00,74577.89830295139,7221.370842013889,16280.570922309029,51075.95653862848,baseline
2025-06-28 21:00:00,71494.24233940973,573.0743192900552,15475.057055392796,55446.11096472688,baseline
2025-06-28 22:00:00,69697.05130208333,0.3659561940468848,17014.210681152344,52682.47466473694,baseline
2025-06-28 23:00:00,66639.26089626735,0.1816687321000629,19146.14160373264,47492.937623802616,baseline
2025-06-29 00:00:00,63511.19956380208,0.1871820232023795,20334.04899251302,43176.96338926586,baseline
2025-06-29 01:00:00,60185.24157769097,0.2355289215718706,19136.940372721358,41048.06567604805,baseline
2025-06-29 02:00:00,57404.126558159725,0.2018178793125682,18209.269015842016,39194.6557244384,baseline
2025-06-29 03:00:00,55398.48251953125,0.1885704119213753,17899.303705512153,37498.99024360717,baseline
2025-06-29 04:00:00,53674.40404730903,0.1861690080786744,17754.596053602432,35919.621824698515,baseline
2025-06-29 05:00:00,52207.68531467014,0.4089682121078173,17995.61950249566,34211.656843962366,baseline
2025-06-29 06:00:00,51592.08616753472,0.3672988536291652,17498.756953667536,34092.961915013555,baseline
2025-06-29 07:00:00,50868.66918836805,239.75596314251425,16453.045616319443,34175.8676089061,baseline
2025-06-29 08:00:00,52473.53305989583,6634.448440348308,13684.42540907118,32154.659210476344,baseline
2025-06-29 09:00:00,57956.17081380208,17658.15660590278,11626.061645236545,28671.95256266276,baseline
2025-06-29 10:00:00,62328.48839518229,21647.89715169271,11197.369309624566,29483.221933865017,baseline
2025-06-29 11:00:00,64835.398411458336,23706.468512912328,10596.070519476996,30532.859379069014,baseline
2025-06-29 12:00:00,67110.18489149306,24259.383503146702,9696.717756618924,33154.08363172744,baseline
2025-06-29 13:00:00,69701.24172526042,24133.98335123698,8949.633508843315,36617.62486518013,baseline
2025-06-29 14:00:00,71217.29524739583,23110.36437717014,9240.814680989582,38866.116189236105,baseline
2025-06-29 15:00:00,72394.92750868056,22959.40005642361,9497.21478732639,39938.31266493056,baseline
2025-06-29 16:00:00,73290.45125868055,22094.88177951389,9210.235850694444,41985.33362847222,baseline
2025-06-29 17:00:00,74051.99563802083,19099.809820421007,8424.626502007379,46527.55931559244,baseline
2025-06-29 18:00:00,74412.1166232639,16994.99083767361,10380.964293619792,47036.16149197049,baseline
2025-06-29 19:00:00,73812.6231749132,13458.430604112413,14260.670818413628,46093.521752387154,baseline
2025-06-29 20:00:00,71890.9729578993,6540.011063639323,16800.27953667535,48550.68235758463,baseline
2025-06-29 21:00:00,69553.89967230902,543.0031904904131,16776.363098958333,52234.533382860274,baseline
2025-06-29 22:00:00,67770.13258246527,0.2040928665507171,16637.67886827257,51132.24962132615,baseline
2025-06-29 23:00:00,64752.86453667535,0.1903365192479557,15411.513826768663,49341.16037338744,baseline
2025-06-30 00:00:00,61163.60010416667,0.2044892682838771,16035.28228705512,45128.11332784326,baseline
2025-06-30 01:00:00,57875.96359049479,0.2108488764613866,16270.85603298611,41604.89670863222,baseline
2025-06-30 02:00:00,55256.22907118056,0.2074001823365688,14834.806467013888,40421.21520398433,baseline
2025-06-30 03:00:00,53386.62435546875,0.2042052012475,12883.765581597225,40502.65456867028,baseline
2025-06-30 04:00:00,52600.87292643229,0.2887108144826359,11961.333423394097,40639.25079222371,baseline
2025-06-30 05:00:00,51894.95457248264,0.3146938053352965,11634.248245713976,40260.39163296333,baseline
2025-06-30 06:00:00,52479.10235243056,0.3196480814864238,10864.71516140408,41614.06754294499,baseline
2025-06-30 07:00:00,53138.80765516493,216.5054753359159,10323.771340874566,42598.53083895445,baseline
2025-06-30 08:00:00,54853.27711154514,5740.179823676215,8903.625599772135,40209.47168809679,baseline
2025-06-30 09:00:00,60308.78475368924,15930.01056749132,7460.161930881077,36918.61225531684,baseline
2025-06-30 10:00:00,63529.63114800347,21003.74739908854,7170.837377115886,35355.04637179904,baseline
2025-06-30 11:00:00,66356.30075086806,21998.4815234375,5774.115913628472,38583.70331380209,baseline
2025-06-30 12:00:00,69770.73992838542,22927.40298828125,4661.370690239801,42181.96624986437,baseline
2025-06-30 13:00:00,73241.2068185764,23616.575562065973,3764.326622178819,45860.3046343316,baseline
2025-06-30 14:00:00,75487.13810329861,21490.59933810764,4482.898194173177,49513.64057101779,baseline
2025-06-30 15:00:00,76616.53825737847,19478.794512261284,4880.9023495822485,52256.84139553494,baseline
2025-06-30 16:00:00,76479.1653515625,17765.25351779514,6289.993699001736,52423.91813476562,baseline
2025-06-30 17:00:00,74659.70295572917,16336.839402126736,8918.458793674045,49404.40475992839,baseline
2025-06-30 18:00:00,74372.27481770833,13496.42689561632,9700.17787217882,51175.670049913184,baseline
2025-06-30 19:00:00,72640.80998697916,9332.123400336372,9365.954081488717,53942.73250515408,baseline
2025-06-30 20:00:00,70461.89649305555,3716.9039569769966,10314.264710286458,56430.7278257921,baseline
2025-06-30 21:00:00,67589.04900607638,256.535359134285,11718.247158474393,55614.26648846771,baseline
2025-06-30 22:00:00,65784.14112413194,0.1727096880185935,10276.97681233724,55506.99160210669,baseline
2025-06-30 23:00:00,62095.93683159722,0.1746886552290784,8104.268185085721,53991.49395785628,baseline
2025-07-01 00:00:00,58108.21197591146,0.1851955703273415,6850.738424072266,51257.28835626887,baseline
2025-07-01 01:00:00,54865.22572916667,0.2371904425157441,5224.70623155382,49640.28230717033,baseline
2025-07-01 02:00:00,52657.740655381946,0.3199549892710315,5199.17273546007,47458.247964932605,baseline
2025-07-01 03:00:00,51080.49683159722,0.3479629033058882,5968.932650824653,45111.21621786926,baseline
2025-07-01 04:00:00,49713.96628472222,0.3234287496407826,5873.655205078125,43839.98765089446,baseline
2025-07-01 05:00:00,49622.28701171875,0.3300849953956074,5980.365301649305,43641.59162507405,baseline
2025-07-01 06:00:00,50268.31877387153,0.308592214319441,5910.576004774305,44357.4341768829,baseline
2025-07-01 07:00:00,51231.755470920136,164.10655752099223,4457.020487128364,46610.62842627078,baseline
2025-07-01 08:00:00,52496.90855143229,3472.792818060981,3158.432978108724,45865.68275526259,baseline
2025-07-01 09:00:00,56107.95546657986,9733.810280490452,2273.026525472005,44101.11866061741,baseline
2025-07-01 10:00:00,60133.46306532118,14625.348985188804,2546.140240139432,42961.97383999295,baseline
2025-07-01 11:00:00,63934.09973958333,17669.00646050347,2734.914104071723,43530.17917500814,baseline
2025-07-01 12:00:00,66731.28454427083,19066.27756076389,3148.636474338108,44516.37050916883,baseline
2025-07-01 13:00:00,70156.95680338542,20519.28699001736,3473.64445827908,46164.025355088976,baseline
2025-07-01 14:00:00,72470.53106336805,20642.151512586806,3834.482321234809,47993.897229546434,baseline
2025-07-01 15:00:00,74353.72340277777,19322.11995388455,4145.877090521918,50885.72635837131,baseline
2025-07-01 16:00:00,75862.54057725695,18047.40459635417,4527.668792860243,53287.46718804254,baseline
2025-07-01 17:00:00,76069.30369140625,16703.74965169271,5293.7912391493055,54071.76280056424,baseline
2025-07-01 18:00:00,74760.48102430555,13577.61056532118,4782.191591796875,56400.6788671875,baseline
2025-07-01 19:00:00,73078.40807074653,9408.240954047307,4837.558821207683,58832.60829549154,baseline
2025-07-01 20:00:00,70445.21126302083,3483.661138780382,4355.919345024957,62605.63077921549,baseline
2025-07-01 21:00:00,67749.76315972222,257.76597105926936,3752.323602227105,63739.67358643585,baseline
2025-07-01 22:00:00,65606.04108723959,0.6153943430549569,3755.4070434570312,61850.0186494395,baseline
2025-07-01 23:00:00,62939.98497829861,0.1684310848058925,3406.463056776259,59533.35349043755,baseline
2025-07-02 00:00:00,60501.31094835069,0.1472795833481682,3162.551140001085,57338.61252876626,baseline
2025-07-02 01:00:00,58018.82955186632,0.1467558846705489,3149.4318560112847,54869.25093997036,baseline
2025-07-02 02:00:00,55742.20090060764,0.2263761126167244,3369.2928157552083,52372.681708739816,baseline
2025-07-02 03:00:00,53656.33405707465,0.2498407142195436,3657.6047854275175,49998.47943093292,baseline
2025-07-02 04:00:00,52735.17411458334,0.2497410396403736,4046.631253526476,48688.29312001722,baseline
2025-07-02 05:00:00,52406.92576605903,0.2493228754566775,4134.760747070312,48271.91569611326,baseline
2025-07-02 06:00:00,52858.215104166666,0.252485182914469,3838.968545735677,49018.99407324808,baseline
2025-07-02 07:00:00,53567.54461371528,110.3855961111188,3433.540171169705,50023.61884643445,baseline
2025-07-02 08:00:00,55451.86520073785,3149.152649875217,3131.6636097547744,49171.04894110786,baseline
2025-07-02 09:00:00,58883.139637586806,9925.218282877604,2852.485789116753,46105.435565592445,baseline
2025-07-02 10:00:00,62757.33439887153,14843.29656141493,3305.203180609809,44608.83465684679,baseline
2025-07-02 11:00:00,66256.40264756944,18131.41850043403,4375.488161892361,43749.49598524305,baseline
2025-07-02 12:00:00,69787.7575998264,19712.20402560764,5612.352879231771,44463.20069498698,baseline
2025-07-02 13:00:00,73185.10524305556,20386.620896267363,6706.495623372396,46091.988723415794,baseline
2025-07-02 14:00:00,75015.04575954861,21125.872748480902,7314.101781412761,46575.07122965495,baseline
2025-07-02 15:00:00,75422.79329427083,19885.46283203125,8927.483147243924,46609.847314995655,baseline
2025-07-02 16:00:00,74967.15716145834,18054.20171657986,10090.198875868056,46822.75656901042,baseline
2025-07-02 17:00:00,73978.32110243055,16358.427893880207,9935.34365125868,47684.549557291655,baseline
2025-07-02 18:00:00,72793.01418836806,12805.510581597222,10589.06982313368,49398.43378363716,baseline
2025-07-02 19:00:00,71150.15125868056,7786.095944010417,11806.070082465278,51557.98523220487,baseline
2025-07-02 20:00:00,68838.45580295139,2520.822856004503,10829.401381293404,55488.23156565348,baseline
2025-07-02 21:00:00,67093.839609375,206.2696183298673,11185.981943359377,55701.58804768576,baseline
2025-07-02 22:00:00,66081.8737391493,0.1490312065349684,11374.870537109377,54706.854170833394,baseline
2025-07-02 23:00:00,63207.31656467014,0.1553142544627189,10908.183697916667,52298.97755249901,baseline
2025-07-03 00:00:00,59930.18770182291,0.1853628762397501,9935.681825900609,49994.32051304607,baseline
2025-07-03 01:00:00,57115.03884548611,0.2614931352270974,9625.60834092882,47489.16901142206,baseline
2025-07-03 02:00:00,54903.54666232639,0.2553242850469218,9094.772068142362,45808.51926989898,baseline
2025-07-03 03:00:00,53410.45197048611,0.2486512112783061,8742.789182942708,44667.414136332125,baseline
2025-07-03 04:00:00,52737.850245225694,0.2472990207539664,7989.643352864583,44747.959593340354,baseline
2025-07-03 05:00:00,52487.32734157986,0.3091705091297626,7670.481742621528,44816.5364284492,baseline
2025-07-03 06:00:00,53274.23707899306,0.2954958891703023,8038.196953667535,45235.744629436354,baseline
2025-07-03 07:00:00,54403.95514973958,36.9404518997007,9022.996063368057,45344.018634471824,baseline
2025-07-03 08:00:00,55685.78238064236,1271.7410650465224,9518.817782118056,44895.22353347778,baseline
2025-07-03 09:00:00,58406.66347981771,4368.882559339735,10347.868490668405,43689.91242980957,baseline
2025-07-03 10:00:00,61233.16641493056,7637.706131184896,12102.510160590278,41492.95012315539,baseline
2025-07-03 11:00:00,63405.66696831597,9937.235621744792,12726.645064019098,40741.78628255208,baseline
2025-07-03 12:00:00,65427.10379557292,11418.115649956597,13446.341388888888,40562.64675672744,baseline
2025-07-03 13:00:00,67259.85373263889,11831.36544704861,13349.319341362849,42079.16894422744,baseline
2025-07-03 14:00:00,68408.90412760417,12756.688841145831,14183.510419921877,41468.70486653646,baseline
2025-07-03 15:00:00,67669.86912760416,11940.6769140625,13767.66966471354,41961.52254882812,baseline
2025-07-03 16:00:00,67710.80961805556,10510.481104600694,13019.708078342012,44180.62043511285,baseline
2025-07-03 17:00:00,67114.1720030382,9563.785830078124,11656.19122829861,45894.19494466146,baseline
2025-07-03 18:00:00,66265.59671657986,8176.396549479166,11512.308738064236,46576.89142903646,baseline
2025-07-03 19:00:00,64569.39203993056,4548.107015245226,12014.534189453125,48006.75083523221,baseline
2025-07-03 20:00:00,62797.65718098958,2157.471204020182,12751.388812934028,47888.79716403537,baseline
2025-07-03 21:00:00,61563.00736328125,325.73899031321207,13281.55835015191,47955.71002281613,baseline
2025-07-03 22:00:00,60903.47173177084,0.7893897660904461,12884.038582899306,48018.64375910544,baseline
2025-07-03 23:00:00,58989.79972005208,0.2479905407296286,12375.905334201389,46613.64639530997,baseline
2025-07-04 00:00:00,56772.45542751736,0.2684869543380207,12290.789656032986,44481.39728453003,baseline
2025-07-04 01:00:00,55054.27178819444,0.2942490694920222,12002.028504774304,43051.94903435065,baseline
2025-07-04 02:00:00,53440.43907877604,0.3724617582559585,11734.193036838107,41705.87358017968,baseline
2025-07-04 03:00:00,51915.32795138889,0.3866929859585232,11778.90906032986,40136.03219807307,baseline
2025-07-04 04:00:00,50965.99727864583,0.4096856171554989,11237.189536675349,39728.398056353326,baseline
2025-07-04 05:00:00,50401.87069227431,0.3899507479866346,10742.607550998264,39658.87319052806,baseline
2025-07-04 06:00:00,50297.64916015625,0.3915321585204866,10837.938177083332,39459.3194509144,baseline
2025-07-04 07:00:00,50220.43317708333,26.35393398165703,10095.77654622396,40098.30269687771,baseline
2025-07-04 08:00:00,50563.28234375,1285.1058142937554,8873.281216362848,40404.8953130934,baseline
2025-07-04 09:00:00,53283.31085720486,4449.687863498264,8308.23831000434,40525.38468370226,baseline
2025-07-04 10:00:00,56964.825112847226,9006.748389756944,8724.657759331598,39233.41896375868,baseline
2025-07-04 11:00:00,59853.10409722223,13407.772437065973,8967.658071831596,37477.67358832466,baseline
2025-07-04 12:00:00,62859.94889105903,15736.408953993056,9414.222057291669,37709.31787977431,baseline
2025-07-04 13:00:00,65025.6059375,18461.95384765625,9514.881788194443,37048.7703016493,baseline
2025-07-04 14:00:00,66698.22764973958,19041.96491590712,9496.480140245225,38159.78259358724,baseline
2025-07-04 15:00:00,67561.85711371528,18304.38478515625,9241.29529188368,40016.17703667535,baseline
2025-07-04 16:00:00,67998.23835069445,16479.748394097223,9014.748679470486,42503.74127712674,baseline
2025-07-04 17:00:00,67574.39279513889,14626.933009982638,8999.528224826388,43947.93156032986,baseline
2025-07-04 18:00:00,66028.60654947917,12247.321297743056,9530.863819444445,44250.42143229167,baseline
2025-07-04 19:00:00,63683.59009548611,10158.236929253471,10088.21343858507,43437.13972764758,baseline
2025-07-04 20:00:00,61769.9077061632,5932.462585720487,11314.849370659722,44522.59574978299,baseline
2025-07-04 21:00:00,60432.094578993056,1029.4338541783227,12642.68523111979,46759.97549369495,baseline
2025-07-04 22:00:00,59333.93811848958,1.1697339688531228,14807.309104003907,44525.45928051682,baseline
2025-07-04 23:00:00,57982.06983506944,0.1450255283920301,16281.213748372396,41700.71106116865,baseline
2025-07-05 00:00:00,56378.06821180556,0.2384872580733564,16853.29186143663,39524.53786311085,baseline
2025-07-05 01:00:00,54489.090401475696,0.290900162110726,16482.23853407118,38006.5609672424,baseline
2025-07-05 02:00:00,52791.33134331597,0.2745703998539183,14983.42033420139,37807.636438714726,baseline
2025-07-05 03:00:00,51052.34238172743,0.2805636188884576,13678.857306586371,37373.20451152217,baseline
2025-07-05 04:00:00,50145.74090711806,0.2886987910999192,11789.405733506945,38356.04647482002,baseline
2025-07-05 05:00:00,49801.01536024306,0.2860546186566353,9594.949954427084,40205.779351197314,baseline
2025-07-05 06:00:00,49918.7160655382,0.2884257002671559,7671.220209418403,42247.20743041953,baseline
2025-07-05 07:00:00,49945.37784505208,83.5641682404942,6456.094095052084,43405.71958175951,baseline
2025-07-05 08:00:00,50785.44346137153,2601.766138882107,5840.640620117188,42343.03670237224,baseline
2025-07-05 09:00:00,53388.21184461805,7683.195532226562,5708.853947482639,39996.16236490885,baseline
2025-07-05 10:00:00,56438.57598307292,10844.987469618056,5772.421519639757,39821.1669938151,baseline
2025-07-05 11:00:00,59165.564296875,13343.146372612848,5478.650978190104,40343.76694607205,baseline
2025-07-05 12:00:00,61408.33228298611,15525.542038845486,5294.122259114583,40588.66798502604,baseline
2025-07-05 13:00:00,63378.30712999132,17201.877870551216,6112.1851563856335,40064.24410305447,baseline
2025-07-05 14:00:00,64488.892741970485,17773.951538085938,6966.797308078342,39748.143895806206,baseline
2025-07-05 15:00:00,65505.78076388889,17634.089668511286,7775.690488959418,40096.00060641819,baseline
2025-07-05 16:00:00,65898.35201171874,17376.713324652777,8367.78658094618,40153.85210611978,baseline
2025-07-05 17:00:00,65636.80261935764,15927.896867404514,8806.917489149306,40901.98826280382,baseline
2025-07-05 18:00:00,64769.908624131946,14240.73390516493,9034.398976779514,41494.7757421875,baseline
2025-07-05 19:00:00,63805.17994574653,11010.886533203126,9864.38580186632,42929.90761067709,baseline
2025-07-05 20:00:00,62132.84300347222,5982.864153103299,10959.491293402778,45190.48755696614,baseline
2025-07-05 21:00:00,60968.38806423611,840.1075962874625,10231.214812554254,49897.0656553944,baseline
2025-07-05 22:00:00,60512.98040581597,0.2898418959478537,8935.638649088542,51577.05191483148,baseline
2025-07-05 23:00:00,58638.774097222224,0.269869390245941,8233.31090549045,50405.193322341525,baseline
2025-07-06 00:00:00,56360.6061328125,0.2486504950457149,7907.289698893229,48453.06778342422,baseline
2025-07-06 01:00:00,54395.88193359375,0.2506520450611909,8363.405758463541,46032.22552308515,baseline
2025-07-06 02:00:00,51894.70164930556,0.3381920136345757,7235.546301540799,44658.81715575112,baseline
2025-07-06 03:00:00,49954.26283637153,0.3539863789081574,5250.378173285591,44703.53067670703,baseline
2025-07-06 04:00:00,48951.66658203125,0.401678652299775,4246.631526421441,44704.63337695751,baseline
2025-07-06 05:00:00,48076.61587456597,0.3774853214952681,3766.164770236545,44310.07361900793,baseline
2025-07-06 06:00:00,47810.45998263889,0.4075059772862328,3790.008033311632,44020.04444334997,baseline
2025-07-06 07:00:00,47774.258912760415,118.34253301392,4206.362960069445,43449.55341967705,baseline
2025-07-06 08:00:00,49378.60259765625,3557.7319643825954,3940.4197154405374,41880.45091783312,baseline
2025-07-06 09:00:00,53467.77939453125,10946.828065863716,3341.483903808594,39179.46742485894,baseline
2025-07-06 10:00:00,57402.45019314236,14511.939425998264,3530.0620361328124,39360.44873101128,baseline
2025-07-06 11:00:00,60179.20519314236,17171.612475043403,4083.333879665799,38924.25883843316,baseline
2025-07-06 12:00:00,62750.57375868056,19552.58455078125,4821.369796549479,38376.61941134983,baseline
2025-07-06 13:00:00,64388.33396918403,21317.51288845486,5245.628751627604,37825.19232910156,baseline
2025-07-06 14:00:00,66175.95945746527,22009.28891059028,5760.195429144966,38406.47511773003,baseline
2025-07-06 15:00:00,67898.87575086806,22254.46270182292,6635.5170068359375,39008.896042209206,baseline
2025-07-06 16:00:00,69412.27585503472,21699.376547309028,7597.800612521702,40115.09869520399,baseline
2025-07-06 17:00:00,69794.65211805556,20645.33431803385,8370.445811903212,40778.871988118495,baseline
2025-07-06 18:00:00,70093.95011284722,18717.17282335069,9008.569296875,42368.20799262152,baseline
2025-07-06 19:00:00,68837.642578125,15286.638298611111,9025.016615668404,44525.98766384549,baseline
2025-07-06 20:00:00,66952.2203689236,7781.247854817709,8435.66876139323,50735.303752712665,baseline
2025-07-06 21:00:00,65196.34670355903,709.2491569773356,7615.776613498264,56871.32093308343,baseline
2025-07-06 22:00:00,63527.860251736114,8.47413626882765,7558.401071506077,55960.98504396121,baseline
2025-07-06 23:00:00,61257.79097873264,8.552114726172553,7474.12833170573,53775.110532300736,baseline
2025-07-07 00:00:00,58372.61115885417,8.59033850034078,8618.864124348958,49745.15669600487,baseline
2025-07-07 01:00:00,55715.616215277776,8.584839083353678,9076.995562065971,46630.03581412845,baseline
2025-07-07 02:00:00,53427.02972222222,8.583797337214152,8638.412134331596,44780.03379055341,baseline
2025-07-07 03:00:00,51898.63243923611,8.585723079045614,7489.7500797526045,44400.29663640446,baseline
2025-07-07 04:00:00,50947.70272677951,8.590276952584585,6268.626820746528,44670.4856290804,baseline
2025-07-07 05:00:00,50832.76372178819,7.411437531643443,5480.849630533854,45344.502653722695,baseline
2025-07-07 06:00:00,51773.11917100695,0.7008914937575658,5044.033978949653,46728.384300563535,baseline
2025-07-07 07:00:00,53172.43536024306,109.11319883167744,5178.993285590278,47884.3288758211,baseline
2025-07-07 08:00:00,55276.720772569446,4113.917470906576,5780.41150390625,45382.391797756616,baseline
2025-07-07 09:00:00,59400.99253472222,13513.124915364584,4240.971896158854,41646.89572319879,baseline
2025-07-07 10:00:00,62450.03328342014,17489.990024956598,4718.791051974827,40241.25220648872,baseline
2025-07-07 11:00:00,64410.59800130208,18890.135538194445,5086.295124782986,40434.16733832465,baseline
2025-07-07 12:00:00,66959.33194661458,19956.87225911458,5548.4982386610245,41453.96144883897,baseline
2025-07-07 13:00:00,68947.56733072917,20182.75380208333,6123.566934814453,42641.24659383138,baseline
2025-07-07 14:00:00,71205.67816840278,20239.129028320312,6765.011671413846,44201.53746866863,baseline
2025-07-07 15:00:00,73427.56524305555,21342.26341579861,6401.781176757812,45683.52065049912,baseline
2025-07-07 16:00:00,74343.14339409722,21870.36510199653,7536.863161349826,44935.91513075087,baseline
2025-07-07 17:00:00,75105.40363715278,19202.481922743056,7645.651699761284,48257.27001464844,baseline
2025-07-07 18:00:00,74889.0247265625,18006.927374131945,8112.311126302084,48769.78622612846,baseline
2025-07-07 19:00:00,73760.84802951389,15737.762955729168,7171.764826931423,50851.3202468533,baseline
2025-07-07 20:00:00,71316.01249131944,7824.218259819879,6586.466057400174,56905.32817409939,baseline
2025-07-07 21:00:00,68683.7580078125,946.244402757552,8037.906378580729,59699.60722647423,baseline
2025-07-07 22:00:00,67345.93491753472,0.1504555385559797,10469.567471788194,56876.21699020796,baseline
2025-07-07 23:00:00,64002.07788411458,0.2223071817557017,11944.744326171874,52057.11125076095,baseline
2025-07-08 00:00:00,60708.59322048611,0.2203342822359668,12665.555709635417,48042.81717656845,baseline
2025-07-08 01:00:00,57206.92552300347,0.2247779279616144,10965.300737847225,46241.40000722828,baseline
2025-07-08 02:00:00,54898.08838107639,0.2335492952167988,9808.739445529514,45089.11538625166,baseline
2025-07-08 03:00:00,52761.59656032986,0.2454603121843603,9438.022669270831,43323.32843074684,baseline
2025-07-08 04:00:00,51736.96326171875,0.340991734597418,9700.866226128472,42035.75604385568,baseline
2025-07-08 05:00:00,51542.18071180556,0.3399552729725837,9026.851765407986,42514.9889911246,baseline
2025-07-08 06:00:00,52398.19991102431,0.3527459255192015,9391.618442925348,43006.22872217344,baseline
2025-07-08 07:00:00,53543.500620659725,52.13216327253315,9385.718857421874,44105.64959996531,baseline
2025-07-08 08:00:00,54931.09674045139,2948.380364108616,8435.37962673611,43547.33674960666,baseline
2025-07-08 09:00:00,58751.30401692708,11403.612301432291,6386.926888563368,40960.76482693142,baseline
2025-07-08 10:00:00,64007.373156467016,18017.820279947915,7193.723287624783,38795.82958889432,baseline
2025-07-08 11:00:00,66843.29075086805,21385.43674262153,6888.659593641493,38569.19441460503,baseline
2025-07-08 12:00:00,69473.1299435764,22758.13187934028,5648.538377007379,41066.45968722874,baseline
2025-07-08 13:00:00,72216.9232421875,22858.149791666667,4732.411210394966,44626.36224012588,baseline
2025-07-08 14:00:00,72699.73331597222,21527.51984809028,4365.324774576823,46806.88869330512,baseline
2025-07-08 15:00:00,73370.82626085069,20482.488096788195,4197.637535264757,48690.70062879774,baseline
2025-07-08 16:00:00,73745.01151475694,18891.009578993056,3818.2884263780384,51035.71350938585,baseline
2025-07-08 17:00:00,73453.54146267362,15986.72880642361,3824.550329861111,53642.262326388896,baseline
2025-07-08 18:00:00,72689.43103949653,12894.897898220486,3761.119823404948,56033.41331787109,baseline
2025-07-08 19:00:00,70870.574453125,10019.43754123264,4157.715960828993,56693.42095106337,baseline
2025-07-08 20:00:00,68224.42084201389,5941.124353162977,5014.086832817925,57269.20965603299,baseline
2025-07-08 21:00:00,65270.98137586805,699.5671878197458,6412.006486002604,58159.4077020457,baseline
2025-07-08 22:00:00,63456.0165625,0.2865316173599826,8287.707796766494,55168.02223411615,baseline
2025-07-08 23:00:00,60369.66946940104,0.1763680180907249,10940.943505859375,49428.54959552358,baseline
2025-07-09 00:00:00,56775.87519314236,0.1743894357317023,12690.15988715278,44085.54091655385,baseline
2025-07-09 01:00:00,54472.52222873264,0.1818779373500082,12543.391697048612,41928.94865374668,baseline
2025-07-09 02:00:00,52520.88164279514,0.1758110922409428,13818.555895182291,38702.14993652061,baseline
2025-07-09 03:00:00,50841.49412651909,0.2351742953807115,15333.353517252604,35507.90543497111,baseline
2025-07-09 04:00:00,49705.52789713542,0.278139045867655,13703.575782335069,36001.673975754486,baseline
2025-07-09 05:00:00,48925.59049262153,0.3238949894573953,10869.010397135416,38056.25620049666,baseline
2025-07-09 06:00:00,50151.4556749132,0.3033666965365409,9723.121767578124,40428.03054063853,baseline
2025-07-09 07:00:00,51256.7145279948,84.42116563696828,10042.801013997396,41129.49234836043,baseline
2025-07-09 08:00:00,52837.83941840278,3140.136017320421,8294.463468967015,41403.23993211534,baseline
2025-07-09 09:00:00,56165.06722222222,11118.620718315971,5928.639031575521,39117.80747233073,baseline
2025-07-09 10:00:00,59985.717585720486,15363.807554796009,5565.379978027344,39056.530052897135,baseline
2025-07-09 11:00:00,63415.95366319444,17895.83664496528,5249.246858181424,40270.870160047736,baseline
2025-07-09 12:00:00,66362.13376736111,18553.45637369792,5007.76814453125,42800.909249131946,baseline
2025-07-09 13:00:00,69530.43605902778,20609.597170138888,4790.6130967881945,44130.2257921007,baseline
2025-07-09 14:00:00,70528.40357421876,20835.268792860243,4304.324998236762,45388.80978312175,baseline
2025-07-09 15:00:00,71805.50715494792,20958.63531684028,4231.207495388455,46615.66434271919,baseline
2025-07-09 16:00:00,72923.06517795139,19367.610030381944,4106.836735568577,49448.61841200087,baseline
2025-07-09 17:00:00,73969.62161892361,18696.08282769097,3893.3207101779512,51380.21808105469,baseline
2025-07-09 18:00:00,74105.5076844618,17815.961516927084,4673.306283094618,51616.2398844401,baseline
2025-07-09 19:00:00,73172.50951388889,14885.359408637152,5481.406961805556,52805.743143446176,baseline
2025-07-09 20:00:00,70884.69637586805,7925.830006510417,6269.584150933159,56689.28221842447,baseline
2025-07-09 21:00:00,67214.4524392361,1215.2165762648317,8022.688143988716,57976.54771898256,baseline
2025-07-09 22:00:00,64995.30953559028,0.2175498469008339,10772.063445095486,54223.02854064789,baseline
2025-07-09 23:00:00,61812.438465711806,0.3934967497156726,13086.383880208334,48725.66108875375,baseline
2025-07-10 00:00:00,58302.58171006945,0.3820737032757865,13696.448377278646,44605.75125908753,baseline
2025-07-10 01:00:00,55465.87048177084,0.3231926177607642,14577.404344618057,40888.14294453502,baseline
2025-07-10 02:00:00,52548.35023654514,0.4324394969311025,14700.372554253472,37847.54524279474,baseline
2025-07-10 03:00:00,50904.25659613715,0.5037661384211646,14877.723767089845,36026.029062908885,baseline
2025-07-10 04:00:00,49771.87119574653,0.5487090957164764,14756.649034288195,35014.673452362615,baseline
2025-07-10 05:00:00,49579.269296875,0.673782843036784,14369.749978027345,35208.84553600462,baseline
2025-07-10 06:00:00,50354.567211371526,0.7152268035544289,14498.748857421877,35855.103127146096,baseline
2025-07-10 07:00:00,51483.48254991319,100.81619267178908,15367.77578450521,36014.89057273619,baseline
2025-07-10 08:00:00,53230.31566189236,4820.164639417861,14489.701219618057,33920.44980285644,baseline
2025-07-10 09:00:00,58037.86332682292,17281.056171875,10855.78015407986,29901.027000868056,baseline
2025-07-10 10:00:00,61588.44208224826,24267.3534890408,10831.365923665364,26489.722669542105,baseline
2025-07-10 11:00:00,63812.48374240451,26644.198718532985,10971.074480251737,26197.21054361979,baseline
2025-07-10 12:00:00,67387.49164930555,27555.51667154948,11563.01330593533,28268.96167182074,baseline
2025-07-10 13:00:00,71143.69523220486,27789.50899468316,12212.790186089407,31141.39605143229,baseline
2025-07-10 14:00:00,74346.39403645834,27321.8925,13390.164694552952,33634.33684190539,baseline
2025-07-10 15:00:00,75692.8890907118,26426.604335394964,15057.11375108507,34209.17100423177,baseline
2025-07-10 16:00:00,76440.30200954861,24934.404450954866,15551.646474609375,35954.251083984374,baseline
2025-07-10 17:00:00,77233.61494791666,24124.286662326387,16047.633895399304,37061.69439019097,baseline
2025-07-10 18:00:00,77438.75646701388,23002.97722873264,16274.532712673612,38161.24652560763,baseline
2025-07-10 19:00:00,76587.19615885416,20076.92399305556,16714.808918185765,39795.46324761284,baseline
2025-07-10 20:00:00,74912.59969184028,9810.351987304688,17116.413784722223,47985.83391981337,baseline
2025-07-10 21:00:00,72310.46943142361,964.5012396986782,17462.72983723958,53883.23835448535,baseline
2025-07-10 22:00:00,70602.4657595486,1.736553729524215,21285.982552083333,49314.74665373576,baseline
2025-07-10 23:00:00,67579.24180555556,0.301904858748118,25088.32485460069,42490.61504609612,baseline
2025-07-11 00:00:00,63698.51226345486,0.2581967969404326,25582.067591145835,38116.18647551208,baseline
2025-07-11 01:00:00,60043.56467230903,0.2705647157380978,24675.51912326389,35367.7749843294,baseline
2025-07-11 02:00:00,57279.94632595487,0.375810511774487,24141.32599609375,33138.24451934934,baseline
2025-07-11 03:00:00,55221.603120659725,0.462666561189625,23262.48310329861,31958.657350799924,baseline
2025-07-11 04:00:00,53964.02134982639,0.4540431671672397,21718.717107204862,32244.85019945436,baseline
2025-07-11 05:00:00,53326.42332465278,0.4522436884376737,19859.423355034723,33466.54772592962,baseline
2025-07-11 06:00:00,53751.21898003472,0.4925603067212634,18557.99607638889,35192.730343339106,baseline
2025-07-11 07:00:00,54722.468776041664,103.74837565806178,18915.07677517361,35703.64362521,baseline
2025-07-11 08:00:00,55737.06554253472,4223.465547349718,18744.13547309028,32769.46452209473,baseline
2025-07-11 09:00:00,59824.44623914931,13116.197533637152,18323.46008680556,28384.7886187066,baseline
2025-07-11 10:00:00,64172.40772135417,18574.741220703127,20967.81643012153,24629.85007052951,baseline
2025-07-11 11:00:00,66882.46068576389,20793.88638237847,20281.3295030382,25807.244800347224,baseline
2025-07-11 12:00:00,69657.94276041667,23115.308971354167,18140.404147135418,28402.22964192709,baseline
2025-07-11 13:00:00,71693.44606119792,23321.28168782552,16612.75271484375,31759.41165852864,baseline
2025-07-11 14:00:00,73530.63709635417,23580.76883246528,15806.931200086805,34142.93706380209,baseline
2025-07-11 15:00:00,74288.362109375,23928.23771484375,16300.268567708334,34059.85582682291,baseline
2025-07-11 16:00:00,75398.82076388889,23789.47166232639,16128.886006944444,35480.463094618055,baseline
2025-07-11 17:00:00,75871.51138020834,22089.82473958333,15554.723681640626,38226.962958984375,baseline
2025-07-11 18:00:00,75693.68391059028,21940.949233940973,15293.618988715278,38459.11568793403,baseline
2025-07-11 19:00:00,74525.18659722223,18656.74083984375,15655.940206163194,40212.50555121528,baseline
2025-07-11 20:00:00,72335.0205251736,9014.8005726454,16207.93189127604,47112.28806125216,baseline
2025-07-11 21:00:00,69053.07202690972,910.830134338753,16251.90342013889,51890.33847243208,baseline
2025-07-11 22:00:00,66457.8426171875,0.1848554850286907,17698.302194010415,48759.35556769206,baseline
2025-07-11 23:00:00,65364.74360460069,0.3544708544843726,20123.81841579861,45240.5707179476,baseline
2025-07-12 00:00:00,62667.70372395834,0.3541056181987126,22208.74909939236,40458.60051894777,baseline
2025-07-12 01:00:00,59529.397109375,0.2946600862344106,21827.6062890625,37701.49616022626,baseline
2025-07-12 02:00:00,57290.6358984375,0.3927745443748103,20509.26965060764,36780.973473285485,baseline
2025-07-12 03:00:00,55009.47327473958,0.3961426986257235,19054.783565538197,35954.29356650276,baseline
2025-07-12 04:00:00,53628.47252604167,0.5661357381277614,17404.911586371527,36222.994803932015,baseline
2025-07-12 05:00:00,52740.60094618056,0.6394885996646351,14603.920660807293,38136.0407967736,baseline
2025-07-12 06:00:00,52600.71991102431,0.5840910458730326,11080.974449869793,41519.161370108646,baseline
2025-07-12 07:00:00,52625.155533854166,61.80869274155961,11756.50032877604,40806.84651233657,baseline
2025-07-12 08:00:00,53553.79644097222,3052.3899550035267,11565.473384331595,38935.9331016371,baseline
2025-07-12 09:00:00,57574.7857530382,8989.225504014757,9873.817827690971,38711.74242133246,baseline
2025-07-12 10:00:00,61799.89259114584,12725.411453993056,10334.613368055556,38739.867769097225,baseline
2025-07-12 11:00:00,64642.43628689236,16511.56564453125,9493.994835069445,38636.87580729167,baseline
2025-07-12 12:00:00,67694.1012717014,18813.36441189236,8784.204586588541,40096.532273220495,baseline
2025-07-12 13:00:00,70837.81160590278,20264.62172960069,8957.523175998263,41615.666700303824,baseline
2025-07-12 14:00:00,72641.4137109375,20822.17775390625,9198.973138020834,42620.262819010415,baseline
2025-07-12 15:00:00,72764.69293402777,19626.153828125,8199.414448242187,44939.12465766058,baseline
2025-07-12 16:00:00,73791.72196614584,18717.348315972224,7736.857208658854,47337.51644151476,baseline
2025-07-12 17:00:00,75549.1154578993,18021.985913085937,8193.254275173611,49333.87526963976,baseline
2025-07-12 18:00:00,74243.91048611111,16011.257470703124,7181.535533854167,51051.11748155382,baseline
2025-07-12 19:00:00,71681.52332682292,11879.255048828123,6727.323485785591,53074.94479220921,baseline
2025-07-12 20:00:00,68379.04223090278,5965.286308322483,6793.363853081597,55620.3920694987,baseline
2025-07-12 21:00:00,64750.61934027778,745.6909762632515,6145.095211588542,57859.83315242599,baseline
2025-07-12 22:00:00,63884.86626302084,0.2875243121385574,6699.687839626736,57184.89089908196,baseline
2025-07-12 23:00:00,61705.706636284725,0.4731995415356424,7299.458703342014,54405.77473340117,baseline
2025-07-13 00:00:00,59654.43980360243,0.5114298224780295,7462.728658311632,52191.19971546832,baseline
2025-07-13 01:00:00,57053.09717881944,0.3673348609109719,7497.408211805556,49555.321632152976,baseline
2025-07-13 02:00:00,54539.1205750868,0.5203009213176039,7440.731251627604,47097.86902253788,baseline
2025-07-13 03:00:00,53038.45065972222,0.5230974235468441,6693.678734266493,46344.248828032185,baseline
2025-07-13 04:00:00,52270.58336805556,0.5397201700343026,6625.571961805556,45644.47168607997,baseline
2025-07-13 05:00:00,51422.45347439236,0.5969710770580504,6779.711499023438,44642.14500429186,baseline
2025-07-13 06:00:00,50388.86841362847,0.58091626904077,6421.4710682508685,43966.81642910856,baseline
2025-07-13 07:00:00,50320.42350911458,57.73844282276101,6366.352018229167,43896.333048062654,baseline
2025-07-13 08:00:00,51731.35851345486,3107.186744215224,6164.702007378472,42459.46976186117,baseline
2025-07-13 09:00:00,56756.59775173611,10238.459310980905,6857.640783962674,39660.49765679253,baseline
2025-07-13 10:00:00,58454.3680186632,15462.812843967014,7508.359727647569,35483.19544704861,baseline
2025-07-13 11:00:00,60347.14395399306,19758.02040581597,7189.231030273438,33399.892517903645,baseline
2025-07-13 12:00:00,62966.03796657986,20758.118077256942,7077.842038845486,35130.07785047743,baseline
2025-07-13 13:00:00,64815.46564236111,21883.05869357639,6443.172329644097,36489.23461914063,baseline
2025-07-13 14:00:00,65898.38225260416,19440.672172309027,5789.95173719618,40667.75834309896,baseline
2025-07-13 15:00:00,66887.96932074653,16891.29193359375,5524.131674804688,44472.54571234809,baseline
2025-07-13 16:00:00,68105.42651909722,16289.472415364584,5368.90025390625,46447.05384982639,baseline
2025-07-13 17:00:00,68954.6271484375,14392.809443359374,5348.926644422743,49212.89106065538,baseline
2025-07-13 18:00:00,69709.47426215278,13071.49912326389,5295.172196180555,51342.80294270834,baseline
2025-07-13 19:00:00,68896.9128515625,11112.420146484375,5621.578316514757,52162.914388563375,baseline
2025-07-13 20:00:00,66811.45297309027,5588.123980034722,6720.930621202257,54502.3983718533,baseline
2025-07-13 21:00:00,64986.61618923611,676.8371775699613,8077.037672526042,56232.741339140106,baseline
2025-07-13 22:00:00,63932.8940516493,0.2995988303754064,9821.714244791669,54110.88020802726,baseline
2025-07-13 23:00:00,61202.95269314236,0.4611961479319466,10602.875482855903,50599.616014138526,baseline
2025-07-14 00:00:00,57973.08178168403,0.4853116794261667,11183.839748263888,46788.75672174071,baseline
2025-07-14 01:00:00,55769.17307725694,0.3643583055006133,11204.971998697916,44563.83672025353,baseline
2025-07-14 02:00:00,53324.60448567708,0.5879131129218472,10300.230179578994,43023.78639298517,baseline
2025-07-14 03:00:00,51528.17308159722,0.625355246729321,9407.43099500868,42120.11673134181,baseline
2025-07-14 04:00:00,50722.12447048611,0.7087110547555817,8278.778919270833,42442.63684016052,baseline
2025-07-14 05:00:00,50288.17780815972,0.7710189456741016,7022.686290690104,43264.72049852394,baseline
2025-07-14 06:00:00,51356.17029513889,0.7278155561288198,6029.875288628472,45325.56719095429,baseline
2025-07-14 07:00:00,52844.66379557292,65.39020202385055,5472.100436740451,47307.17315680862,baseline
2025-07-14 08:00:00,54386.58821614584,3106.142544793023,4809.342071940104,46471.10359941271,baseline
2025-07-14 09:00:00,59547.59015190973,11762.252482638887,4347.582453342014,43437.75521592882,baseline
2025-07-14 10:00:00,61911.82701605903,16297.779185112848,4444.789953342014,41169.25787760416,baseline
2025-07-14 11:00:00,63739.011161024304,19935.92892361111,4126.560725368923,39676.52151204427,baseline
2025-07-14 12:00:00,65633.12111328125,21790.538858506945,4262.036795518663,39580.545459255634,baseline
2025-07-14 13:00:00,68214.32872395833,22801.448865017363,5092.184518771702,40320.69534016927,baseline
2025-07-14 14:00:00,70821.66403645833,23383.63853949653,6671.691150173611,40766.33434678819,baseline
2025-07-14 15:00:00,72400.57326388889,22201.310824652777,8901.841128472222,41297.421310763886,baseline
2025-07-14 16:00:00,74004.93901909722,21811.244674479167,11406.274365234374,40787.41997938368,baseline
2025-07-14 17:00:00,75975.29713541667,19916.126629774302,12828.326067708333,43230.84443793403,baseline
2025-07-14 18:00:00,76007.25780381945,18406.54574001736,11448.164796006944,46152.54726779514,baseline
2025-07-14 19:00:00,74731.32218315972,14519.834683159725,10869.153973524306,49342.33352647569,baseline
2025-07-14 20:00:00,72177.06727864583,6006.969561496311,10790.42267578125,55379.67504136827,baseline
2025-07-14 21:00:00,70223.44328559027,470.0516244041692,10811.67816297743,58941.71349820867,baseline
2025-07-14 22:00:00,68358.69440538195,0.2386927370727062,11898.2090625,56460.24665014487,baseline
2025-07-14 23:00:00,64965.21759982639,0.4139329025977187,12726.21097764757,52238.59268927622,baseline
2025-07-15 00:00:00,61232.47904296875,0.4366078145139747,12736.085260416668,48495.95717473757,baseline
2025-07-15 01:00:00,58445.66089192708,0.425142427633206,12580.98251627604,45864.25323322341,baseline
2025-07-15 02:00:00,56037.9301453993,0.5602931933436128,13367.100067274305,42670.26978493165,baseline
2025-07-15 03:00:00,54213.7008984375,0.6261630833480093,13277.93804904514,40935.13668630901,baseline
2025-07-15 04:00:00,53181.89700737847,0.5764548110961915,12083.961435546877,41097.3591170205,baseline
2025-07-15 05:00:00,52722.28975260416,0.6631168450249566,12230.556533203126,40491.07010255601,baseline
2025-07-15 06:00:00,53678.88189019097,0.6515135912100474,12157.80878797743,41520.421588622325,baseline
2025-07-15 07:00:00,54825.17794270833,91.1773185431295,12621.519300130209,42112.48132403499,baseline
2025-07-15 08:00:00,55956.78470920139,4031.139591064453,11628.01618923611,40297.62892890083,baseline
2025-07-15 09:00:00,59924.70248263889,13069.778832465276,10499.091649305556,36355.83200086805,baseline
2025-07-15 10:00:00,65027.45208984375,19328.109817708333,12578.071748046876,33121.27052408854,baseline
2025-07-15 11:00:00,67667.87432725694,23062.21699001736,13383.000184461804,31222.65715277777,baseline
2025-07-15 12:00:00,71000.22472222222,24781.048934461807,13006.48085720486,33212.69493055555,baseline
2025-07-15 13:00:00,74217.19899305556,25183.99587890625,13658.843018663194,35374.36009548611,baseline
2025-07-15 14:00:00,76959.88063368056,25383.794544270837,15293.438094618055,36282.64799479167,baseline
2025-07-15 15:00:00,77216.19965711805,23772.6855859375,15595.280576171876,37848.23349500867,baseline
2025-07-15 16:00:00,77605.868515625,22610.538168402774,16118.1878515625,38877.14249565972,baseline
2025-07-15 17:00:00,78310.61765625,22347.40074435764,15846.109657118055,40117.10725477431,baseline
2025-07-15 18:00:00,77869.19805555555,20994.67240017361,15880.349637586804,40994.17601779514,baseline
2025-07-15 19:00:00,77426.779921875,17405.950906032987,17493.466226128472,42527.362789713545,baseline
2025-07-15 20:00:00,75797.59035590278,7835.214186197917,19350.13707465278,48612.23909505208,baseline
2025-07-15 21:00:00,73078.1669314236,757.3075436794592,18989.897977430555,53330.96141031359,baseline
2025-07-15 22:00:00,70359.2460329861,0.323828847259283,19555.89370442708,50803.02849971176,baseline
2025-07-15 23:00:00,67160.05831163195,0.2833695110099183,20647.409069010417,46512.36587311053,baseline
2025-07-16 00:00:00,63024.96478624132,0.3838775662249989,21449.899313151043,41574.681595524045,baseline
2025-07-16 01:00:00,59129.138234592014,0.3994072218073738,21141.594753689234,37987.144073680975,baseline
2025-07-16 02:00:00,56696.50689236111,0.4468094027704662,20096.881506076388,36599.17857688195,baseline
2025-07-16 03:00:00,54798.74436631944,0.6444287353257339,18673.3766796875,36124.72325789662,baseline
2025-07-16 04:00:00,53980.00905381944,0.526755446659194,17927.624273003472,36051.85802536931,baseline
2025-07-16 05:00:00,53657.570492621526,0.5076837514340877,17205.67703125,36451.38577762009,baseline
2025-07-16 06:00:00,54400.2065733507,0.6536574019326105,16867.956299913196,37531.59661603557,baseline
2025-07-16 07:00:00,55402.46601128472,62.20054349564844,16700.93083767361,38639.33463011546,baseline
2025-07-16 08:00:00,56469.5294422743,4276.9375245836045,15965.060863715278,36227.53105397542,baseline
2025-07-16 09:00:00,59923.51536675347,14397.541408420138,15691.372740885416,29834.60121744791,baseline
2025-07-16 10:00:00,64880.78261284722,19236.00302517361,17875.218739149306,27769.560848524303,baseline
2025-07-16 11:00:00,67867.79101345486,21732.713749457464,18147.73869737413,27987.338566623264,baseline
2025-07-16 12:00:00,70545.58965277778,23509.13240451389,16865.05529188368,30171.40195638021,baseline
2025-07-16 13:00:00,73729.55749565973,25722.74029296875,14600.461631944445,33406.355570746535,baseline
2025-07-16 14:00:00,76606.62488932292,26100.30590711805,13440.744664171008,37065.57431803386,baseline
2025-07-16 15:00:00,77853.76325520834,25830.57730251736,13237.572183159722,38785.61376953125,baseline
2025-07-16 16:00:00,78313.93411458333,25532.76584418403,13198.058020833334,39583.11024956597,baseline
2025-07-16 17:00:00,78849.15865885417,24583.360985243056,13630.547906901042,40635.24976671007,baseline
2025-07-16 18:00:00,78809.0903125,22409.957421875,15116.022564019097,41283.11032660591,baseline
2025-07-16 19:00:00,78362.70607638889,17419.934359809027,17150.994634331597,43791.77708224826,baseline
2025-07-16 20:00:00,77115.8814236111,7543.815096299913,19351.038752170138,50221.02757514105,baseline
2025-07-16 21:00:00,74792.67702256945,697.7766861449347,19486.23504123264,54608.66529519188,baseline
2025-07-16 22:00:00,72581.8729861111,4.979473194645511,20147.01723307292,52429.87627984354,baseline
2025-07-16 23:00:00,68644.35473958333,0.4064870410164197,20403.476085069444,48240.47216747287,baseline
2025-07-17 00:00:00,64616.82032335069,0.4119652416970994,19727.134318576387,44889.27403953261,baseline
2025-07-17 01:00:00,60740.68413845486,0.4892711396680937,19122.91339626736,41617.28147104783,baseline
2025-07-17 02:00:00,57877.66095486111,0.5507785315977203,18358.06013454861,39519.0500417809,baseline
2025-07-17 03:00:00,55759.42878689237,0.6633140785826577,18052.201362847223,37706.56410996656,baseline
2025-07-17 04:00:00,54237.67209635417,0.6070801876319779,17043.76338324653,37193.30163292,baseline
2025-07-17 05:00:00,53380.41355685764,0.559086884326405,15518.159720052085,37861.694749921226,baseline
2025-07-17 06:00:00,53547.49056857639,0.6286996671888563,14846.55318359375,38700.308685315445,baseline
2025-07-17 07:00:00,54274.987734375,83.22296185778247,14457.293518880208,39734.471253637006,baseline
2025-07-17 08:00:00,55526.22593967014,4160.318274061415,13311.184102647569,38054.72356296115,baseline
2025-07-17 09:00:00,59770.407144097226,14878.33595703125,9460.56540798611,35431.50577907987,baseline
2025-07-17 10:00:00,63740.66246202257,21672.501302625868,7892.564110514323,34175.59704888238,baseline
2025-07-17 11:00:00,65661.38707682291,23695.945609809027,5786.535779758029,36178.90568725586,baseline
2025-07-17 12:00:00,68582.206953125,25001.40854817708,4741.169805230034,38839.628599717886,baseline
2025-07-17 13:00:00,72175.92884982639,25915.547789713542,4847.740020073785,41412.64104003907,baseline
2025-07-17 14:00:00,75167.71637152777,26983.059581163197,5393.190117730035,42791.46667263455,baseline
2025-07-17 15:00:00,77153.30499131944,26607.116573350693,6687.678636610243,43858.5097813585,baseline
2025-07-17 16:00:00,78153.45219184028,25750.55368706597,9041.630231662326,43361.26827311198,baseline
2025-07-17 17:00:00,78711.72286458334,24498.0219921875,11710.440617404514,42503.26025499133,baseline
2025-07-17 18:00:00,78467.08107638889,22052.14115342882,13635.400733778211,42779.53918918186,baseline
2025-07-17 19:00:00,77405.48145399305,17589.16152235243,14838.477234157986,44977.84269748264,baseline
2025-07-17 20:00:00,75806.80723090278,7619.264146050347,15265.724444444444,52921.81864040799,baseline
2025-07-17 21:00:00,73329.24690538195,436.6342991233038,14452.68879014757,58439.92381611108,baseline
2025-07-17 22:00:00,71070.76719401042,0.1931977735873725,14982.60357014974,56087.97042608709,baseline
2025-07-17 23:00:00,67478.2056640625,0.154130816327201,15942.644479166667,51535.4070540795,baseline
2025-07-18 00:00:00,63552.390598958336,0.3567635199220644,17138.242270507813,46413.7915649306,baseline
2025-07-18 01:00:00,59556.344522569445,0.6544636077185472,17197.959505208335,42357.73055375339,baseline
2025-07-18 02:00:00,57034.42075520833,0.5582848834329182,17486.624479166665,39547.23799115823,baseline
2025-07-18 03:00:00,55208.63042100694,0.313012722366386,17924.38691840278,37283.93048988179,baseline
2025-07-18 04:00:00,53593.631575520834,0.5156348572836982,17045.314835069443,36547.8011055941,baseline
2025-07-18 05:00:00,52795.09539930556,0.2365618853436576,15040.80614908854,37754.05268833168,baseline
2025-07-18 06:00:00,53196.06798394097,0.2408842227525181,13303.253445095486,39892.573654622734,baseline
2025-07-18 07:00:00,53962.17346788194,67.70931878848208,11405.948397352431,42488.51575174103,baseline
2025-07-18 08:00:00,54833.23902126736,3777.0129099528,9861.397904730902,41194.82820658366,baseline
2025-07-18 09:00:00,58401.67654079861,13465.70248046875,7009.387865668403,37926.58619466146,baseline
2025-07-18 10:00:00,63448.43580729167,19717.126493055555,6468.538980034722,37262.770334201385,baseline
2025-07-18 11:00:00,65949.60198567709,22923.683608940973,6949.671931966146,36076.24644476997,baseline
2025-07-18 12:00:00,68729.6026953125,23359.97301215278,8591.320851236978,36778.30883192274,baseline
2025-07-18 13:00:00,72634.65889756945,24955.690434027776,10068.474548611111,37610.49391493056,baseline
2025-07-18 14:00:00,75817.31194444445,24627.15316623264,11388.184832085504,39801.9739461263,baseline
2025-07-18 15:00:00,78305.7501171875,24309.321796875,13405.12384657118,40591.30447374132,baseline
2025-07-18 16:00:00,79055.73829427084,22794.688146701388,14710.507848307292,41550.54229926215,baseline
2025-07-18 17:00:00,78500.70730034722,21895.011484375,15530.93439236111,41074.761423611104,baseline
2025-07-18 18:00:00,77965.46000868056,19690.822838541662,16227.43279622396,42047.20437391494,baseline
2025-07-18 19:00:00,77365.64370225694,16334.962174479168,17056.43992513021,43974.24160264757,baseline
2025-07-18 20:00:00,75423.0759765625,8856.414113769531,18864.424991319444,47702.23687147352,baseline
2025-07-18 21:00:00,72818.40784722222,971.0022343469412,19502.902354600694,52344.50325827458,baseline
2025-07-18 22:00:00,70688.766875,0.2255365333292219,21679.27241753472,49009.26892093195,baseline
2025-07-18 23:00:00,67445.89486979166,0.2891498422788249,23219.00307942708,44226.6026405223,baseline
2025-07-19 00:00:00,63875.13432291667,0.2663600546783871,23278.963272569443,40595.90469029255,baseline
2025-07-19 01:00:00,60613.95568359375,0.2714860792954763,23510.15062065972,37103.53357685473,baseline
2025-07-19 02:00:00,58035.21523003472,0.4076142769224113,23226.098174913197,34808.70944084461,baseline
2025-07-19 03:00:00,55907.87840060764,0.4121826830837461,22291.338044704866,33616.128173219695,baseline
2025-07-19 04:00:00,54445.40377604167,0.4935683929920196,21802.35173611111,32642.558471537566,baseline
2025-07-19 05:00:00,53785.467473958335,0.6286760057674514,21657.343619791667,32127.4951781609,baseline
2025-07-19 06:00:00,53199.4363172743,0.588392345474826,20557.74841145833,32641.099513470494,baseline
2025-07-19 07:00:00,53229.86661458333,57.27692286507951,20020.62488498264,33151.96480673562,baseline
2025-07-19 08:00:00,53996.86720486111,3796.5102591620553,19016.481786024306,31183.87515967475,baseline
2025-07-19 09:00:00,59353.77317491319,14942.993694661458,17297.890711805554,27112.88876844618,baseline
2025-07-19 10:00:00,64492.87140625,19936.202866210937,19746.02113172743,24810.647408311637,baseline
2025-07-19 11:00:00,67019.48716145834,22367.744539930554,20330.40389322917,24321.338728298622,baseline
2025-07-19 12:00:00,69644.26069444444,23730.22459201389,20398.371575520832,25515.66452690972,baseline
2025-07-19 13:00:00,72792.15665798611,24399.68527560764,19362.86786458333,29029.60351779514,baseline
2025-07-19 14:00:00,75414.83076822916,25566.46556423611,17443.352669270833,32405.01253472222,baseline
2025-07-19 15:00:00,77011.47213541667,25837.369450954862,16361.386373697916,34812.71631076389,baseline
2025-07-19 16:00:00,77867.82373263889,24698.073585069444,16683.35373155382,36486.39641601563,baseline
2025-07-19 17:00:00,78394.08508246527,23733.47462673611,17281.258307291668,37379.35214843749,baseline
2025-07-19 18:00:00,77876.11111979166,22020.309405381944,18933.415652126736,36922.38606228298,baseline
2025-07-19 19:00:00,77032.49855034723,17607.33250217014,20797.373350694445,38627.79269748264,baseline
2025-07-19 20:00:00,75368.0833203125,8678.341269259983,22159.22221137153,44530.51983968098,baseline
2025-07-19 21:00:00,72744.70060112847,808.3955054544575,22165.65663519965,49770.64846047436,baseline
2025-07-19 22:00:00,70897.42994357638,0.2149150511291292,23763.478656684027,47133.73637184122,baseline
2025-07-19 23:00:00,68011.74012152778,0.279102355506685,25602.99203559028,42408.46898358199,baseline
2025-07-20 00:00:00,64697.36847439236,0.2762106078697575,26585.461267361112,38111.63099642338,baseline
2025-07-20 01:00:00,62031.6561436632,0.2988751229974958,26358.22486328125,35673.13240525895,baseline
2025-07-20 02:00:00,59035.98078776042,0.2387508588863743,25879.83624565972,33155.90579124181,baseline
2025-07-20 03:00:00,56974.14955295139,0.233679702265395,25053.186004774307,31920.72986847482,baseline
2025-07-20 04:00:00,55542.26146918403,0.2263993240396181,24430.88968532986,31111.14538453013,baseline
2025-07-20 05:00:00,54800.476927083335,0.2565761312759584,23693.890416666665,31106.329934285397,baseline
2025-07-20 06:00:00,53891.00451931424,0.2599833691575461,23104.289140082463,30786.455395862613,baseline
2025-07-20 07:00:00,53569.41344184028,58.258794758750334,23003.485655381945,30507.668991699586,baseline
2025-07-20 08:00:00,53941.715729166666,3635.162283698188,22058.257918836807,28248.29552663167,baseline
2025-07-20 09:00:00,59120.7784906684,12894.125053710935,21090.35291937934,25136.30051757812,baseline
2025-07-20 10:00:00,64816.10977647569,19150.124876302085,21813.024279513887,23852.96062065972,baseline
2025-07-20 11:00:00,66617.2955642361,21730.146809895832,20473.927723524303,24413.22103081597,baseline
2025-07-20 12:00:00,68666.0390451389,23724.03680989583,18414.66074869792,26527.34148654515,baseline
2025-07-20 13:00:00,71474.5624826389,25352.52173611111,17349.35593967014,28772.68480685765,baseline
2025-07-20 14:00:00,74138.42576822916,25222.516605902776,17112.857408854168,31803.051753472217,baseline
2025-07-20 15:00:00,76079.56358072917,24864.840828993056,16935.05013671875,34279.67261501736,baseline
2025-07-20 16:00:00,77250.48467881944,23454.19816623264,16935.703643663193,36860.58286892361,baseline
2025-07-20 17:00:00,77789.06064236112,22350.34993272569,16898.43982421875,38540.27088541667,baseline
2025-07-20 18:00:00,77746.47952690972,19957.655342881942,17581.959466145832,40206.864717881945,baseline
2025-07-20 19:00:00,77228.2094140625,15391.317201605903,20049.530601128477,41787.36161132812,baseline
2025-07-20 20:00:00,75542.33542100694,6400.284012586805,23552.003708767363,45590.04769965277,baseline
2025-07-20 21:00:00,73116.76029947917,517.5619989336695,25422.492766927084,47176.70553361841,baseline
2025-07-20 22:00:00,71274.94990885416,0.1931385359499189,26215.710247395837,45059.04652292238,baseline
2025-07-20 23:00:00,68072.31534722222,0.2361922704511218,26181.06227647569,41891.01687847608,baseline
2025-07-21 00:00:00,64445.99759765625,0.3369963302049372,26123.33314670139,38322.327454624654,baseline
2025-07-21 01:00:00,61078.76169921875,0.313535211318069,25710.30062934028,35368.14753466715,baseline
2025-07-21 02:00:00,58153.03153862847,0.2655013166202439,24774.40239583333,33378.363641478514,baseline
2025-07-21 03:00:00,56302.71966796875,0.3017140311665005,23496.230423177083,32806.18753076049,baseline
2025-07-21 04:00:00,55163.50606770833,0.3467040150529809,22685.99945529514,32477.15990839814,baseline
2025-07-21 05:00:00,54725.90167100694,0.4028248649835586,21750.84581597222,32974.653030169735,baseline
2025-07-21 06:00:00,55379.62163085937,0.4514488720397154,20936.338651801216,34442.831530186115,baseline
2025-07-21 07:00:00,56253.1346484375,91.82104832347896,19719.939674479167,36441.373925634856,baseline
2025-07-21 08:00:00,57372.50099392361,3930.547321234809,18247.82578125,35194.1278914388,baseline
2025-07-21 09:00:00,62048.43763454861,13077.54444173177,17205.19984592014,31765.6933468967,baseline
2025-07-21 10:00:00,66984.05034722222,21447.02317057292,18376.74102647569,27160.286150173604,baseline
2025-07-21 11:00:00,70405.41892361111,25374.352000868057,18481.82863064236,26549.238292100694,baseline
2025-07-21 12:00:00,73262.47473090277,26844.028059895834,16561.988370225696,29856.458300781247,baseline
2025-07-21 13:00:00,76482.47370225695,27518.924952256944,15668.451220703126,33295.09752929688,baseline
2025-07-21 14:00:00,78882.09026909723,27655.6923046875,15235.186022135416,35991.21194227431,baseline
2025-07-21 15:00:00,79294.21893663195,27173.109971788195,15224.454111328125,36896.65485351563,baseline
2025-07-21 16:00:00,79236.6943532986,26048.001985677085,16038.858198784725,37149.8341688368,baseline
2025-07-21 17:00:00,79772.25280815973,24710.422272135416,17458.781432291667,37603.04910373264,baseline
2025-07-21 18:00:00,79611.82885416667,21671.92781467014,19854.611456163195,38085.28958333333,baseline
2025-07-21 19:00:00,79249.41128038194,15963.25617513021,22004.59980251736,41281.55530273437,baseline
2025-07-21 20:00:00,78320.94696180556,6791.964840766059,23774.744559461804,47754.2375615777,baseline
2025-07-21 21:00:00,76413.38210503472,664.9123622897598,24475.752608506944,51272.71713423802,baseline
2025-07-21 22:00:00,74027.63684895834,0.1932954829848475,24728.79607855903,49298.64747491632,baseline
2025-07-21 23:00:00,70298.1807248264,0.3337168111569352,24874.06703993056,45423.77996808468,baseline
2025-07-22 00:00:00,66304.50264105902,0.3399067311568393,24258.736221788196,42045.42651253967,baseline
2025-07-22 01:00:00,62422.373116319446,0.4178961031056112,23621.79619357639,38800.15902663995,baseline
2025-07-22 02:00:00,59433.17062717014,0.4119174923499425,23163.103489583333,36269.65522009446,baseline
2025-07-22 03:00:00,56993.52494357639,0.3821759776936637,22881.496217447915,34111.64655015078,baseline
2025-07-22 04:00:00,55697.10278645833,0.3931858134600851,22771.04302083333,32925.666579811535,baseline
2025-07-22 05:00:00,55363.54947591146,0.3763534967352946,21864.380910373264,33498.79221204146,baseline
2025-07-22 06:00:00,55848.79315104167,0.4843334970871607,21926.8538671875,33921.45495035708,baseline
2025-07-22 07:00:00,56543.36550998264,76.85087721758418,21664.86275607639,34801.65187668866,baseline
2025-07-22 08:00:00,57706.81361545139,4655.516621025933,20832.651512586806,32218.64548183865,baseline
2025-07-22 09:00:00,63568.88352213542,16223.302623697917,20239.71523871528,27105.86565972222,baseline
2025-07-22 10:00:00,67871.30744357638,22043.595399305555,20966.409921875,24861.302122395828,baseline
2025-07-22 11:00:00,69501.42324001736,24397.072641601564,20126.002819552952,24978.34777886285,baseline
2025-07-22 12:00:00,72269.59797309028,26063.06325737847,19084.96070529514,27121.57401041666,baseline
2025-07-22 13:00:00,75873.71064236111,27163.370303819444,18128.420948350693,30581.91939019097,baseline
2025-07-22 14:00:00,78716.32963975695,26897.509635416667,17384.32554470486,34434.49445963542,baseline
2025-07-22 15:00:00,79598.99791232639,26472.264444444445,17629.69858723958,35497.034880642364,baseline
2025-07-22 16:00:00,80036.67670572917,24822.81656684028,17482.84084418403,37731.01929470486,baseline
2025-07-22 17:00:00,80165.44500651042,23219.357631835937,18479.399616427952,38466.68775824653,baseline
2025-07-22 18:00:00,79986.95918402777,20229.23505859375,20614.88663194445,39142.83749348958,baseline
2025-07-22 19:00:00,79736.19868489583,15127.912151692708,22952.929396701387,41655.35713650174,baseline
2025-07-22 20:00:00,78537.57388020834,6610.387324896919,23256.846666666668,48670.339888644754,baseline
2025-07-22 21:00:00,76166.50211805555,374.77147090329066,21733.52041449653,54058.21023265573,baseline
2025-07-22 22:00:00,73739.41529513888,1.5593657985246845,21160.080805121528,52577.77512421882,baseline
2025-07-22 23:00:00,69113.59033854166,0.4622733362598551,19338.241653103298,49774.8864121021,baseline
2025-07-23 00:00:00,65527.06839518229,0.4170233808788988,18626.76606174045,46899.88531006096,baseline
2025-07-23 01:00:00,62386.85532986111,0.4245283704002698,20025.39699435764,42361.03380713307,baseline
2025-07-23 02:00:00,59147.98476128472,0.3774272125628259,19526.234702690974,39621.37263138119,baseline
2025-07-23 03:00:00,56975.74382378472,0.5157607639829318,18549.48227864583,38425.745784374914,baseline
2025-07-23 04:00:00,55448.01138780382,0.5994881927304798,17049.76436469184,38397.64753491925,baseline
2025-07-23 05:00:00,54771.59935763889,0.6359677504168616,15754.141741536458,39016.82164835201,baseline
2025-07-23 06:00:00,54963.22671766493,0.6758110897739729,14692.999812011718,40269.551094563445,baseline
2025-07-23 07:00:00,55717.54259114584,69.50759898444016,13375.613744574654,42272.42124758674,baseline
2025-07-23 08:00:00,56568.57334635417,4516.803529391818,13064.083196885853,38987.6866200765,baseline
2025-07-23 09:00:00,61762.70672743056,15268.10455078125,13307.874558376736,33186.72761827258,baseline
2025-07-23 10:00:00,66914.94713541666,20723.48651692708,16578.476480034722,29612.984138454856,baseline
2025-07-23 11:00:00,70321.85314236111,23341.0825390625,18600.122061631944,28380.64854166667,baseline
2025-07-23 12:00:00,72799.36830729166,25021.053305121528,17045.353433159722,30732.96156901041,baseline
2025-07-23 13:00:00,75761.31149305556,26496.931438802083,14656.393194444445,34607.98685980903,baseline
2025-07-23 14:00:00,78517.11475694444,27281.379216579862,13226.497781032986,38009.2377593316,baseline
2025-07-23 15:00:00,79755.916875,27152.394817708333,13167.472529296874,39436.04952799479,baseline
2025-07-23 16:00:00,80948.1384375,25607.89541015625,15395.162469618055,39945.0805577257,baseline
2025-07-23 17:00:00,81325.54899305555,24191.04934895833,17545.503444010417,39588.9962000868,baseline
2025-07-23 18:00:00,81565.19800347222,22274.65486545139,19314.13921875,39976.40391927083,baseline
2025-07-23 19:00:00,80733.83303819444,18345.45952311198,21042.661748046878,41345.71176703559,baseline
2025-07-23 20:00:00,80184.81418402778,7412.4241107855905,21983.12146484375,50789.268608398444,baseline
2025-07-23 21:00:00,78472.53283420138,406.5268136780709,21250.565087890624,56815.440932632686,baseline
2025-07-23 22:00:00,76040.58377604166,0.2583077067964607,22264.04505859375,53776.28040974111,baseline
2025-07-23 23:00:00,72178.59096354166,0.2833654540528854,23161.76341200087,49016.54418608674,baseline
2025-07-24 00:00:00,67749.466640625,0.2401322175893518,23038.022571614583,44711.20393679283,baseline
2025-07-24 01:00:00,63898.70381076389,0.2739914239611891,22299.815694444445,41598.61412489548,baseline
2025-07-24 02:00:00,60163.308229166665,0.3372994736830393,20100.462109375,40062.508820317984,baseline
2025-07-24 03:00:00,57814.37116753472,0.3646993116703298,18168.99641710069,39645.01005112236,baseline
2025-07-24 04:00:00,56496.35944010417,0.3258815907107459,18276.27004774305,38219.763510770405,baseline
2025-07-24 05:00:00,55719.23114257812,0.4353400830096668,17896.80049750434,37821.99530499077,baseline
2025-07-24 06:00:00,56070.73965494792,0.3755947338872485,17439.2304812283,38631.133578985726,baseline
2025-07-24 07:00:00,56637.43016493056,50.05585354814927,16857.228697916667,39730.145613465735,baseline
2025-07-24 08:00:00,57953.97325086805,4925.282619391547,15564.315677083334,37464.37495439318,baseline
2025-07-24 09:00:00,63658.5001953125,18233.76717013889,13499.949047309028,31924.783977864587,baseline
2025-07-24 10:00:00,67731.63209201388,24663.61982421875,14290.878911675349,28777.133356119783,baseline
2025-07-24 11:00:00,70155.75349826389,26967.421846788195,11784.68935655382,31403.64229492188,baseline
2025-07-24 12:00:00,73639.03861111111,28081.637569444443,8351.738695746528,37205.662345920144,baseline
2025-07-24 13:00:00,77064.21434027777,28177.271927083333,5997.110530598959,42889.83188259548,baseline
2025-07-24 14:00:00,80265.02921875,28086.544401041665,4502.744910481771,47675.73990722657,baseline
2025-07-24 15:00:00,80982.12582465277,27499.41964626736,4739.286063368056,48743.42011501736,baseline
2025-07-24 16:00:00,81871.07401041666,25958.02248480903,5763.011231418186,50150.04029418944,baseline
2025-07-24 17:00:00,81947.23901475694,24517.10129503038,7431.245486382379,49998.89223334418,baseline
2025-07-24 18:00:00,81862.57825520834,21660.38591308594,9788.380426974829,50413.81191514758,baseline
2025-07-24 19:00:00,81157.8005685764,17106.326746419272,11632.784082302518,52418.6897398546,baseline
2025-07-24 20:00:00,80619.75170138889,7865.487873535156,14299.27988498264,58454.98394287109,baseline
2025-07-24 21:00:00,78607.531015625,442.8142275025085,17251.8121484375,60912.904639685,baseline
2025-07-24 22:00:00,75830.43953993055,0.1475737424018896,19872.725531684027,55957.56643450412,baseline
2025-07-24 23:00:00,71724.06186631945,0.2714707917802864,19522.15333333333,52201.637062194335,baseline
2025-07-25 00:00:00,67624.75166666666,0.2061608988874488,18873.061545138888,48751.48396062889,baseline
2025-07-25 01:00:00,63376.29174045139,0.1513857202231884,15940.02240451389,47436.11795021728,baseline
2025-07-25 02:00:00,59471.637291666666,0.2892458448890183,12902.816335720488,46568.53171010129,baseline
2025-07-25 03:00:00,56740.8409765625,0.4316995572878255,9750.865930989585,46989.54334601563,baseline
2025-07-25 04:00:00,54938.505950520834,0.5305466142959064,6571.772760416667,48366.20264348987,baseline
2025-07-25 05:00:00,54069.70249565972,0.6344714031120141,5473.000569661458,48596.06745459516,baseline
2025-07-25 06:00:00,54261.08194444444,0.657803695069419,5253.349703776042,49007.07443697333,baseline
2025-07-25 07:00:00,54440.937544487846,25.114519317381912,4595.921687282986,49819.90133788748,baseline
2025-07-25 08:00:00,55684.86618923611,3349.502989383274,4124.283824327257,48211.07937552558,baseline
2025-07-25 09:00:00,61354.056749131945,13833.59922092014,2615.177287326389,44905.28024088542,baseline
2025-07-25 10:00:00,65060.40171006945,18304.512213541668,2175.489067111545,44580.40042941623,baseline
2025-07-25 11:00:00,67397.38127604166,21180.190164930555,1722.7781751844618,44494.41293592664,baseline
2025-07-25 12:00:00,70482.0722048611,22718.515883246528,1146.983421359592,46616.572900254985,baseline
2025-07-25 13:00:00,73715.97652777778,23404.63172092014,766.4919168429905,49544.85289001465,baseline
2025-07-25 14:00:00,76873.81438368055,22557.098628472224,1318.5859280056425,52998.12982720269,baseline
2025-07-25 15:00:00,78379.20300347223,21445.519140625,2109.6875489637587,54823.996313883465,baseline
2025-07-25 16:00:00,79388.648671875,19475.81043185764,2990.3302460394966,56922.50799397786,baseline
2025-07-25 17:00:00,79180.10019097223,18516.750972222224,3996.379970974393,56666.96924777561,baseline
2025-07-25 18:00:00,78235.79281901041,14811.800961914065,5204.850944010416,58219.14091308594,baseline
2025-07-25 19:00:00,76488.44433159722,11169.461861979167,6298.400796983507,59020.581672634544,baseline
2025-07-25 20:00:00,73917.23606770833,6021.780922309028,6791.280113932292,61104.17503146701,baseline
2025-07-25 21:00:00,71317.84983506944,595.2050883536704,8143.721603732639,62578.923142983134,baseline
2025-07-25 22:00:00,69245.24866319445,0.201687544931968,9608.087578125,59636.95939752452,baseline
2025-07-25 23:00:00,66527.22723090278,0.2314427192343605,11540.294350043405,54986.70143814014,baseline
2025-07-26 00:00:00,63429.858546006944,0.1661658960829178,12386.693353949651,51042.99902616121,baseline
2025-07-26 01:00:00,60141.54272135417,0.2798130184825924,12746.85500217014,47394.40790616555,baseline
2025-07-26 02:00:00,58012.14260416666,0.3590648572809166,12657.211651475694,45354.57188783369,baseline
2025-07-26 03:00:00,56054.92491753472,0.3411667030387454,12855.852469618056,43198.73128121362,baseline
2025-07-26 04:00:00,54482.45322482639,0.4094610193868478,13067.739544270831,41414.30421953616,baseline
2025-07-26 05:00:00,53270.68053819444,0.4041583969195684,12802.036010199652,40468.24036959787,baseline
2025-07-26 06:00:00,53233.59318142361,0.3899769855207867,12062.781554904514,41170.42164953357,baseline
2025-07-26 07:00:00,53280.67649739584,29.905603036830826,11754.00759765625,41496.76329670275,baseline
2025-07-26 08:00:00,54164.50725260417,3309.742635904948,11025.91679904514,39828.84781765408,baseline
2025-07-26 09:00:00,58196.30171875,13296.606802842882,8489.68466688368,36410.01024902344,baseline
2025-07-26 10:00:00,63892.29381076389,20965.08539279514,8880.813130425347,34046.395287543404,baseline
2025-07-26 11:00:00,66064.11113064236,24194.97160861545,9565.757586534288,32303.381935492616,baseline
2025-07-26 12:00:00,69116.44296006944,24142.683563368057,9004.462145182291,35969.29725151909,baseline
2025-07-26 13:00:00,71606.10504557291,23362.162798394096,7656.82475897895,40587.11748819987,baseline
2025-07-26 14:00:00,73823.84000868055,23079.971069878477,6159.959927842882,44583.90901095919,baseline
2025-07-26 15:00:00,75518.0331423611,22297.21408420139,5878.349835611979,47342.46922254773,baseline
2025-07-26 16:00:00,76654.90572916667,20673.279303385418,6992.965652126736,48988.66077365451,baseline
2025-07-26 17:00:00,76240.7434765625,17929.41130371094,8999.979960801866,49311.35221204969,baseline
2025-07-26 18:00:00,76405.87133463542,17539.567091471356,11253.30424750434,47612.99999565973,baseline
2025-07-26 19:00:00,75016.54206597223,14608.437827690972,14722.948578559028,45685.15565972223,baseline
2025-07-26 20:00:00,72563.65628472222,6487.404200575087,18169.022259114583,47907.22982503256,baseline
2025-07-26 21:00:00,70371.13307291667,546.5986642534725,18270.18384331597,51554.35056534722,baseline
2025-07-26 22:00:00,68578.36713541667,0.189476190439891,18722.168018663197,49856.00964056304,baseline
2025-07-26 23:00:00,66047.86497612848,0.2722828759501378,18962.81807562934,47084.77461762319,baseline
2025-07-27 00:00:00,63253.5973046875,0.2733797785060273,20382.88107855903,42870.442846349964,baseline
2025-07-27 01:00:00,60022.42661892361,0.3235743771327866,21496.439737413195,38525.66330713328,baseline
2025-07-27 02:00:00,57487.10979166667,0.3223575536906719,21802.72045572917,35684.06697838381,baseline
2025-07-27 03:00:00,56050.92229600695,0.2658408457868629,22036.003736979168,34014.65271818199,baseline
2025-07-27 04:00:00,54618.88471788194,0.2894753725992309,21041.65911892361,33576.936123585736,baseline
2025-07-27 05:00:00,53327.81720920139,0.4066895692712731,19588.44612196181,33738.96439767032,baseline
2025-07-27 06:00:00,52659.17981987848,0.456049591857526,16877.990025499133,35780.73374478749,baseline
2025-07-27 07:00:00,52158.21978298611,15.426099652780428,14867.974658203126,37274.8190251302,baseline
2025-07-27 08:00:00,53076.964296875,3240.361375596788,13613.40586154514,36223.197059733066,baseline
2025-07-27 09:00:00,58457.12388454861,14403.748149956597,12907.365594618055,31146.01013997396,baseline
2025-07-27 10:00:00,64159.86685329861,20346.77652560764,16409.942222222224,27403.148105468757,baseline
2025-07-27 11:00:00,65287.45924045139,22019.064893663195,16517.778970269097,26750.615376519097,baseline
2025-07-27 12:00:00,68360.665234375,23397.804466145837,15937.400425347225,29025.460342881943,baseline
2025-07-27 13:00:00,71139.26731119792,24120.819662543403,15972.628723687068,31045.81892496745,baseline
2025-07-27 14:00:00,73755.81036458333,23720.14703559028,16807.533042534724,33228.13028645833,baseline
2025-07-27 15:00:00,75523.77383463542,22666.474575195312,17397.709066840278,35459.590192599826,baseline
2025-07-27 16:00:00,76816.69822699652,21924.32725531684,17846.868140733506,37045.50283094618,baseline
2025-07-27 17:00:00,77856.90409288194,20717.781652560763,18053.516995442707,39085.60544487847,baseline
2025-07-27 18:00:00,78046.27579861111,18212.208385416667,19283.68305338541,40550.38435980903,baseline
2025-07-27 19:00:00,76771.64502604166,14799.973331163195,20699.299327256944,41272.37236762152,baseline
2025-07-27 20:00:00,74170.69106770834,7144.739464246962,21009.35328559028,46016.598317871096,baseline
2025-07-27 21:00:00,71543.1418142361,665.8122511530419,18906.292406684028,51971.03715639904,baseline
2025-07-27 22:00:00,69836.71475911458,0.2020604763593938,17685.084397243925,52151.42830139429,baseline
2025-07-27 23:00:00,67002.50500434027,0.3220544206764963,18224.68427734375,48777.49867257585,baseline
2025-07-28 00:00:00,63681.42,0.3559812838253047,17920.461812065972,45760.602206650205,baseline
2025-07-28 01:00:00,59788.75703667535,0.4045060457040866,17820.490833333333,41967.86169729632,baseline
2025-07-28 02:00:00,56997.27460828993,0.3413077236794763,17308.437694227432,39688.49560633882,baseline
2025-07-28 03:00:00,55838.076688368055,0.3309618877619505,16936.336223958333,38901.40950252196,baseline
2025-07-28 04:00:00,54734.58098958333,0.5625905586282413,16592.989251302082,38141.02914772262,baseline
2025-07-28 05:00:00,53902.81583875868,0.4118919864421089,15950.370518663194,37952.03342810905,baseline
2025-07-28 06:00:00,54616.27161458333,0.4589237480196688,14863.280831163194,39752.53185967212,baseline
2025-07-28 07:00:00,55720.84967447917,38.22173150314225,13756.029762369792,41926.59818060624,baseline
2025-07-28 08:00:00,57210.365703125,4411.76542110867,12261.868423394097,40536.73185862223,baseline
2025-07-28 09:00:00,62315.813111979165,17303.717136501735,10748.364057074652,34263.73191840278,baseline
2025-07-28 10:00:00,68184.35285590278,24335.5945703125,12948.659634331598,30900.09865125868,baseline
2025-07-28 11:00:00,71094.03348958334,26605.546985677083,12411.10038845486,32077.386115451394,baseline
2025-07-28 12:00:00,73474.90535590278,27368.904168836805,10956.359364149306,35149.641822916674,baseline
2025-07-28 13:00:00,76906.75171875,27322.642194010416,11015.308157552085,38568.80136718751,baseline
2025-07-28 14:00:00,80190.03440972223,27202.27699435764,11860.920231119791,41126.8371842448,baseline
2025-07-28 15:00:00,81415.66766493056,26398.661911892363,12631.3191015625,42385.6866514757,baseline
2025-07-28 16:00:00,82010.24918402778,24893.097916666666,13046.137019314236,44071.01424804688,baseline
2025-07-28 17:00:00,81708.16997829861,24357.72496202257,13100.744043511284,44249.70097276475,baseline
2025-07-28 18:00:00,81739.106796875,23755.93078342014,13688.789520399305,44294.38649305556,baseline
2025-07-28 19:00:00,81458.73971354167,20425.810534939235,14806.65738389757,46226.27179470487,baseline
2025-07-28 20:00:00,80242.69472873263,8921.440038791232,16003.486212565103,55317.768477376296,baseline
2025-07-28 21:00:00,77257.44308159722,557.1122007759577,15838.207825520833,60862.12305530043,baseline
2025-07-28 22:00:00,74474.92381944445,0.2822138437463177,16360.490751953124,58114.15085364757,baseline
2025-07-28 23:00:00,70855.32545138888,0.4031980599794122,17166.40187934028,53688.52037398862,baseline
2025-07-29 00:00:00,67005.78506076388,0.4427813120351897,17829.80974609375,49175.5325333581,baseline
2025-07-29 01:00:00,63678.56506076389,0.4057588840524355,18267.550234375,45410.60906750483,baseline
2025-07-29 02:00:00,60046.40095486112,0.4818836571110619,17614.371905381944,42431.54716582206,baseline
2025-07-29 03:00:00,56802.98804253472,0.5246016136639648,15594.16132703993,41208.30211388113,baseline
2025-07-29 04:00:00,55475.454674479166,0.5092812392281162,14026.09529188368,41448.850101356256,baseline
2025-07-29 05:00:00,54928.638515625,0.4298021719356378,12689.198025173611,42239.01068827946,baseline
2025-07-29 06:00:00,55056.89768229167,0.5677241289615631,12252.420615234376,42803.90934292833,baseline
2025-07-29 07:00:00,55695.12901909722,38.08403026329147,11988.665131293405,43668.37985754052,baseline
2025-07-29 08:00:00,56789.11726996528,4252.921572842068,11044.804986979168,41491.39071014404,baseline
2025-07-29 09:00:00,61532.40586805555,17177.0098828125,7835.34220811632,36520.05377712673,baseline
2025-07-29 10:00:00,66759.30495225695,24935.612990451387,7369.499949544271,34454.192012261294,baseline
2025-07-29 11:00:00,69835.39973090278,28269.72458550347,6248.562956271701,35317.112189127605,baseline
2025-07-29 12:00:00,72676.9518576389,29274.567491319445,5455.166375325521,37947.21799099393,baseline
2025-07-29 13:00:00,76774.41597873264,29044.6906515842,6000.246193847656,41729.47913330077,baseline
2025-07-29 14:00:00,80372.09208333334,28922.236794704862,6670.211622721355,44779.64366590712,baseline
2025-07-29 15:00:00,81701.77981119792,28575.85992296007,7245.981461995442,45879.93842624241,baseline
2025-07-29 16:00:00,81715.30768229166,28472.713138020838,7212.549347873264,46030.045196397565,baseline
2025-07-29 17:00:00,81879.471875,27777.285887586804,7389.081137152778,46713.10485026042,baseline
2025-07-29 18:00:00,81920.64829861111,26234.77485026041,7630.445406901042,48055.42804144965,baseline
2025-07-29 19:00:00,81674.66756076389,21703.26070529514,8021.973947482639,51949.43290798611,baseline
2025-07-29 20:00:00,80059.52003472223,9229.260543348524,9137.974290364584,61692.28520100912,baseline
2025-07-29 21:00:00,76690.26534722222,575.701648044404,10180.536180555557,65934.02751862226,baseline
2025-07-29 22:00:00,74312.73376736112,0.2678936930331919,12352.721708984374,61959.74416468371,baseline
2025-07-29 23:00:00,70548.10539930555,0.2126005744271808,14216.066187065971,56331.82661166516,baseline
2025-07-30 00:00:00,66078.11233940972,0.2192457214825683,15318.311010742187,50759.58208294606,baseline
2025-07-30 01:00:00,62384.50498480903,0.3777261166274547,15652.353600260416,46731.77365843199,baseline
2025-07-30 02:00:00,58913.45689019097,0.4513778149916066,15731.313777126736,43181.691735249246,baseline
2025-07-30 03:00:00,56430.35072482639,0.5435003475017017,15014.4372265625,41415.3699979164,baseline
2025-07-30 04:00:00,54331.6300499132,0.6186501275830799,13878.259971788197,40452.75142799742,baseline
2025-07-30 05:00:00,53489.189657118055,0.5461108289493455,13120.24544921875,40368.39809707036,baseline
2025-07-30 06:00:00,53372.92701388889,0.577512517273426,11824.02160373264,41548.32789763898,baseline
2025-07-30 07:00:00,53821.81550130208,27.310660066554945,11097.345921223958,42697.15892001157,baseline
2025-07-30 08:00:00,55303.34981770833,4097.329365878635,9287.934933810764,41918.08551801893,baseline
2025-07-30 09:00:00,60283.52100694445,16399.63494032118,5850.90831515842,38032.977751464845,baseline
2025-07-30 10:00:00,63849.88758463541,24329.199171006945,3121.4220269097223,36399.26638671874,baseline
2025-07-30 11:00:00,67459.60628038195,27920.047766927084,2806.3390988498263,36733.219414605046,baseline
2025-07-30 12:00:00,71052.48598958334,28257.536579861116,3004.427688530816,39790.521721191406,baseline
2025-07-30 13:00:00,75464.78717881945,28653.57919487847,2402.463178168403,44408.74480577257,baseline
2025-07-30 14:00:00,79403.64642795139,28148.679932725696,2375.157717285156,48879.80877794053,baseline
2025-07-30 15:00:00,81241.45619791666,27797.20635416667,2337.067601182726,51107.18224256727,baseline
2025-07-30 16:00:00,81781.14450086806,27671.042727864584,2902.506877170139,51207.59489583334,baseline
2025-07-30 17:00:00,81840.25351996528,26952.20081597222,3640.1398554144967,51247.91284857856,baseline
2025-07-30 18:00:00,81987.8186935764,24309.62336751302,4077.2357908799913,53600.959535183385,baseline
2025-07-30 19:00:00,81151.04174479167,18826.83498046875,4399.893761935764,57924.31300238716,baseline
2025-07-30 20:00:00,78972.92473958334,8274.966653645834,5880.099890407986,64817.85819552952,baseline
2025-07-30 21:00:00,75499.34703559028,467.5123727680081,7226.532082790799,67805.30258003148,baseline
2025-07-30 22:00:00,72995.77608506945,0.3492716169688437,8800.534054904514,64194.89275854796,baseline
2025-07-30 23:00:00,70202.0957421875,0.3774847428003947,10449.76944173177,59751.94881571294,baseline
2025-07-31 00:00:00,66861.79783637152,0.3849577766325738,11776.3461070421,55085.06677155279,baseline
2025-07-31 01:00:00,62990.30042100694,0.3728283756888575,13680.072858072916,49309.854734558336,baseline
2025-07-31 02:00:00,60543.26869791667,0.3579994360771444,14407.31626546224,46135.59443301836,baseline
2025-07-31 03:00:00,57314.10165798611,0.4867189683847957,13148.571136067709,44165.043802950015,baseline
2025-07-31 04:00:00,55656.736356336805,0.5947212288777034,11595.611685112846,44060.52994999508,baseline
2025-07-31 05:00:00,54796.9458984375,0.5623764729499817,9972.832190755207,44823.55133120934,baseline
2025-07-31 06:00:00,55032.22418619792,0.630963829871681,8413.307643229167,46618.28557913888,baseline
2025-07-31 07:00:00,55834.41868055556,17.329817309776942,7806.152560221354,48010.93630302443,baseline
2025-07-31 08:00:00,57006.79145182292,3385.09636964586,6801.110238715278,46820.58484346178,baseline
2025-07-31 09:00:00,62065.09218532986,14210.866590711805,4370.0062679036455,43484.21932671442,baseline
2025-07-31 10:00:00,66426.29239149306,20623.87336371528,3197.6435237630208,42604.77550401476,baseline
2025-07-31 11:00:00,69788.25772569445,23042.11476996528,2488.999695095486,44257.14326063369,baseline
2025-07-31 12:00:00,73591.748125,24101.05244140625,2058.327641465929,47432.36804212782,baseline
2025-07-31 13:00:00,77761.84598090278,25189.593765190973,1906.090467258029,50666.161748453786,baseline
2025-07-31 14:00:00,80576.59136284722,26155.128604600694,1937.823776719835,52483.63898152669,baseline
2025-07-31 15:00:00,81465.62956597222,25318.81669487847,2509.7102380371093,53637.10263305664,baseline
2025-07-31 16:00:00,81675.2798828125,24498.10296006945,3745.0234950086806,53432.15342773437,baseline
2025-07-31 17:00:00,81705.36914930555,23401.36486545139,5179.040730794271,53124.96355305989,baseline
2025-07-31 18:00:00,81791.74539930555,21055.929340277777,7404.940557725695,53330.875501302085,baseline
2025-07-31 19:00:00,81620.34561631945,16515.80232204861,8713.079475368924,56391.46381890192,baseline
2025-07-31 20:00:00,80088.93298611112,6626.152262369792,9552.884913194444,63909.89581054688,baseline
2025-07-31 21:00:00,78047.81212239583,566.747768597073,9897.79429578993,67583.27005800883,baseline
2025-07-31 22:00:00,74643.91600260416,22.590273278637063,10217.1825390625,64404.14319026303,baseline
2025-07-31 23:00:00,71397.2523546007,0.4058220228221681,10425.35453125,60971.49200132788,baseline
2025-08-01 00:00:00,67630.88682725694,0.3040258740054236,10629.540569661458,57001.04223172148,baseline
2025-08-01 01:00:00,63565.661720920136,0.4924885652793778,9838.067684461805,53727.10154789305,baseline
2025-08-01 02:00:00,60795.095891927085,0.5845538453923331,8901.793207465278,51892.71813061641,baseline
2025-08-01 03:00:00,58106.54310980903,0.586435710688432,7790.4273649088545,50315.529309189486,baseline
2025-08-01 04:00:00,56499.215407986114,0.4590134640700287,6773.270666232639,49725.48572828941,baseline
2025-08-01 05:00:00,56109.56447699653,0.5667773705720901,6212.771488715278,49896.22621091068,baseline
2025-08-01 06:00:00,56116.89091579861,0.5814352410038313,5699.0344411892365,50417.275039368375,baseline
2025-08-01 07:00:00,56844.6631922743,15.776590309457646,5846.757562934028,50982.12903903082,baseline
2025-08-01 08:00:00,57741.11255859375,2085.5815631781684,5380.784047851563,50274.74694756402,baseline
2025-08-01 09:00:00,62335.00947265625,9676.344911024304,3766.4057975260416,48892.25876410591,baseline
2025-08-01 10:00:00,67352.27041883681,16350.10175889757,3616.3532530381945,47385.81540690104,baseline
2025-08-01 11:00:00,70098.35073784723,20719.71058159722,3045.069923773872,46333.57023247614,baseline
2025-08-01 12:00:00,72236.19710069445,23177.752393663195,2459.55871609158,46598.88599093968,baseline
2025-08-01 13:00:00,75330.56312934028,25014.74450954861,2314.00401421441,48001.81460557727,baseline
2025-08-01 14:00:00,78350.03404947916,26224.113904079863,2082.7766832139755,50043.143462185326,baseline
2025-08-01 15:00:00,80045.27754774306,24937.38701388889,2591.0600859917536,52516.83044786241,baseline
2025-08-01 16:00:00,80829.07802951388,23290.56375217014,3565.7538644748265,53972.76041286891,baseline
2025-08-01 17:00:00,81664.59659722222,20543.643752170137,5364.329926757812,55756.62291829427,baseline
2025-08-01 18:00:00,81332.47148871528,17165.29969184028,6495.940276150173,57671.23152072483,baseline
2025-08-01 19:00:00,80083.24719618056,13704.391571180557,6993.129488389757,59385.72613661025,baseline
2025-08-01 20:00:00,76594.66429253473,4945.277975667318,7125.253081597222,64524.13323527019,baseline
2025-08-01 21:00:00,73768.6504513889,307.19779674437314,7934.933705512153,65526.51894913237,baseline
2025-08-01 22:00:00,71418.73053819445,0.2058529200404882,8620.04470594618,62798.47997932823,baseline
2025-08-01 23:00:00,68675.64152777777,0.1850944174163871,8597.48716688368,60077.96926647668,baseline
2025-08-02 00:00:00,65407.21506510417,0.2066216783391105,8053.54684624566,57353.46159718017,baseline
2025-08-02 01:00:00,61372.98224609375,0.3082104329599274,7954.292398003472,53418.38163765732,baseline
2025-08-02 02:00:00,58816.48472005208,0.318386001156436,7573.85490342882,51242.3114306221,baseline
2025-08-02 03:00:00,56379.78828125,0.3129740912384457,7221.649889865452,49157.82541729332,baseline
2025-08-02 04:00:00,54476.63282769097,0.3077043646242883,6097.451376953125,48378.87374637322,baseline
2025-08-02 05:00:00,53759.649562717015,0.3114648156033622,5419.404313693576,48339.93378420784,baseline
2025-08-02 06:00:00,52892.654765625,0.304177063802878,4801.588923611111,48090.761664950085,baseline
2025-08-02 07:00:00,52513.24410590278,7.145156615906291,3582.018116590712,48924.08083269616,baseline
2025-08-02 08:00:00,53625.92337456597,2664.057574513753,2578.6700957573785,48383.19570429484,baseline
2025-08-02 09:00:00,59648.626996527775,12369.030229492188,1624.1053397623698,45655.49142727322,baseline
2025-08-02 10:00:00,65598.17653862847,19560.989192708334,1189.4346043565538,44847.75274156359,baseline
2025-08-02 11:00:00,68050.32927517362,22840.231946614585,1027.5011855061848,44182.59614305285,baseline
2025-08-02 12:00:00,69747.2872265625,24046.8020030382,1121.945516764323,44578.539706759984,baseline
2025-08-02 13:00:00,71839.22752604166,24615.439194878472,1207.8652893066403,46015.92304185656,baseline
2025-08-02 14:00:00,73268.41078125,24953.84006293403,1082.2349340142143,47232.33578430176,baseline
2025-08-02 15:00:00,74044.76727864583,24117.169874131945,1527.647618408203,48399.94978610568,baseline
2025-08-02 16:00:00,74484.40158420139,21523.38360243056,3720.143063557943,49240.874918212896,baseline
2025-08-02 17:00:00,75403.94298611111,18385.324993489583,5350.98004937066,51667.63794325087,baseline
2025-08-02 18:00:00,74905.26063368056,14974.60508029514,6396.70570421007,53533.94984917536,baseline
2025-08-02 19:00:00,73448.19618055556,11510.029351128473,7011.838405490452,54926.32842393663,baseline
2025-08-02 20:00:00,71226.13272352431,5497.69486219618,8509.169976128473,57219.26788519965,baseline
2025-08-02 21:00:00,68812.58861545139,433.6217292729351,10204.851959635416,58174.11492654304,baseline
2025-08-02 22:00:00,67365.53522135416,0.2119468307412333,10600.866844618056,56764.45642990537,baseline
2025-08-02 23:00:00,64183.67667100694,0.2259232540387246,10413.52363986545,53769.92710788745,baseline
2025-08-03 00:00:00,61190.84897677951,0.2210123241982526,10662.26487765842,50528.36308679689,baseline
2025-08-03 01:00:00,58143.93002170139,0.3122228236662017,11419.464378255208,46724.15342062251,baseline
2025-08-03 02:00:00,55667.36837890625,0.3586093254884084,11558.726171875,44108.28359770576,baseline
2025-08-03 03:00:00,53626.2497265625,0.3176990900933742,11197.286851942274,42428.64517553013,baseline
2025-08-03 04:00:00,52598.980375434025,0.3076072943541739,10600.778374565973,41997.8943935737,baseline
2025-08-03 05:00:00,51656.22848307292,0.3150249241789182,10134.677607421874,41521.23585072687,baseline
2025-08-03 06:00:00,51219.44185546875,0.314376174973117,9614.796576605902,41604.33090268788,baseline
2025-08-03 07:00:00,50982.98044704861,13.501141078902616,9049.399031032986,41920.08027493672,baseline
2025-08-03 08:00:00,51798.48087022569,3253.710865902371,10629.114913194444,37915.65509112888,baseline
2025-08-03 09:00:00,57412.46359157986,14442.610495876736,9813.91857313368,33155.93452256945,baseline
2025-08-03 10:00:00,61285.97515407986,20841.74735894097,9208.772765842014,31235.45502929688,baseline
2025-08-03 11:00:00,64664.369440104165,22844.3413671875,9786.765697699651,32033.26237521701,baseline
2025-08-03 12:00:00,68262.90333333334,24163.095247395835,12022.655246310764,32077.15283962674,baseline
2025-08-03 13:00:00,71826.17052951388,24606.552387152777,13061.77011393229,34157.848028428816,baseline
2025-08-03 14:00:00,73805.1996310764,24693.571881510416,10998.12901909722,38113.49873046875,baseline
2025-08-03 15:00:00,74088.83119357639,22819.848342013887,8389.257004665798,42879.72584689671,baseline
2025-08-03 16:00:00,75353.94282552083,20396.16986111111,9349.876033528646,45607.89693088108,baseline
2025-08-03 17:00:00,76763.18061197917,20634.46145182292,9768.703894314236,46360.01526584202,baseline
2025-08-03 18:00:00,77763.06067708334,20440.17774305556,8641.77522623698,48681.107707790805,baseline
2025-08-03 19:00:00,77062.67578342014,15784.797859157989,7767.204767252604,53510.67315700955,baseline
2025-08-03 20:00:00,74735.68549045139,6601.142350260417,8281.110395507812,59853.43274468316,baseline
2025-08-03 21:00:00,71748.92284722222,375.3224687346319,10074.990689019098,61298.60968946849,baseline
2025-08-03 22:00:00,70410.79470486111,0.3370422143075201,13347.107741970483,57063.34992067632,baseline
2025-08-03 23:00:00,67575.88823350695,0.3232765020761225,15081.545045572915,52494.01991143196,baseline
2025-08-04 00:00:00,63567.15695746528,0.3019836484558053,15094.082376302084,48472.77259751473,baseline
2025-08-04 01:00:00,60138.91449869792,0.2464220903151565,15235.787877604169,44902.88019900343,baseline
2025-08-04 02:00:00,57397.010386284725,0.2852258225778739,15206.471118706597,42190.25404175555,baseline
2025-08-04 03:00:00,55226.14914930556,0.3705826261474026,13596.875853949652,41628.90271272976,baseline
2025-08-04 04:00:00,53855.40431423611,0.50796329928769,11290.152784288195,42564.74356664863,baseline
2025-08-04 05:00:00,53502.29350694444,0.5752155793706576,10637.827229817707,42863.891061547365,baseline
2025-08-04 06:00:00,53613.078697916666,0.575710338652134,10059.354756944444,43553.14823063357,baseline
2025-08-04 07:00:00,54466.75232204861,15.974798363215394,9077.229180772569,45373.54834291283,baseline
2025-08-04 08:00:00,55086.44632595487,2113.433492863973,8072.094083794488,44900.918749296405,baseline
2025-08-04 09:00:00,59098.54726996528,11239.871185980905,5565.967236328125,42292.70884765625,baseline
2025-08-04 10:00:00,62889.63334635417,17076.14345594618,5190.779325086805,40622.71056532118,baseline
2025-08-04 11:00:00,65484.72908637152,19322.215954861116,5076.448853624132,41086.06427788628,baseline
2025-08-04 12:00:00,65703.81199001736,20531.78578993056,4429.987747938368,40742.03845214844,baseline
2025-08-04 13:00:00,66891.88727430555,22808.91988498264,3979.3815866427954,40103.58580268012,baseline
2025-08-04 14:00:00,69213.61052517362,23792.506710069443,4277.354570855035,41143.749244249135,baseline
2025-08-04 15:00:00,71827.35705295138,24346.65673828125,5865.253228624132,41615.447086046,baseline
2025-08-04 16:00:00,73927.24900173611,23476.301551649307,6496.623019205729,43954.32443088108,baseline
2025-08-04 17:00:00,75791.43253472222,23842.32969835069,7604.259695638021,44344.8431407335,baseline
2025-08-04 18:00:00,76764.14400173612,21003.229409722226,9404.259236111113,46356.65535590278,baseline
2025-08-04 19:00:00,75540.51004340278,15153.734947916666,10826.442195095486,49560.33290039063,baseline
2025-08-04 20:00:00,73342.28061197916,6201.500942925347,12454.950614149306,54685.82905490451,baseline
2025-08-04 21:00:00,70889.12645399306,345.9428939232396,13763.73129123264,56779.45226883718,baseline
2025-08-04 22:00:00,68872.12779947916,0.357521227084928,16053.294610460069,52818.47566779201,baseline
2025-08-04 23:00:00,65328.31680989584,0.368239095972644,17836.93015625,47491.01841454986,baseline
2025-08-05 00:00:00,61199.56378689236,0.3571619032985634,17393.174351128473,43806.03227386059,baseline
2025-08-05 01:00:00,57601.35398003472,0.3385539915164312,16362.192734375,41238.8226916682,baseline
2025-08-05 02:00:00,54994.10661892361,0.4846497999462816,15633.351732855905,39360.27023626776,baseline
2025-08-05 03:00:00,53105.69034939236,0.3798814264105425,14932.45888563368,38172.85158233227,baseline
2025-08-05 04:00:00,51908.641773003474,0.3562079813579718,14117.820092230902,37790.46547279121,baseline
2025-08-05 05:00:00,51443.747387152776,0.3734096252255969,13593.485354817709,37849.88862270984,baseline
2025-08-05 06:00:00,52278.11134982639,0.552599554674493,13348.194691840275,38929.36405843144,baseline
2025-08-05 07:00:00,53371.91766276042,16.796111616061793,12754.692394748265,40600.42915639609,baseline
2025-08-05 08:00:00,54548.1782530382,3434.184991200765,11808.78187608507,39305.211385752365,baseline
2025-08-05 09:00:00,58945.40950086805,15732.448859592014,9303.280107421877,33909.68053385416,baseline
2025-08-05 10:00:00,65076.62279730903,22406.51596137153,9879.404185112848,32790.70265082465,baseline
2025-08-05 11:00:00,68098.90688802084,25813.24638671875,10056.35470594618,32229.305795355904,baseline
2025-08-05 12:00:00,70651.615078125,27193.191651475696,9008.591244574653,34449.83218207466,baseline
2025-08-05 13:00:00,74365.85795138888,26998.857437065973,8415.002152777777,38951.998361545135,baseline
2025-08-05 14:00:00,77564.14263454861,26654.245679253472,8092.101813151042,42817.795142144096,baseline
2025-08-05 15:00:00,79424.79057725695,26147.34054904514,8514.332545572917,44763.11748263889,baseline
2025-08-05 16:00:00,80971.28394097222,26102.0910655382,9521.378929036458,45347.81394639757,baseline
2025-08-05 17:00:00,81002.24423177083,25803.125571289063,10484.824972330727,44714.29368815104,baseline
2025-08-05 18:00:00,80959.71817708333,24636.704422743056,12041.251063368056,44281.76269097222,baseline
2025-08-05 19:00:00,79964.64365017362,19607.994718967013,13892.179832899306,46464.469098307294,baseline
2025-08-05 20:00:00,77549.79907552083,7719.793772243924,15113.751585286458,54716.25371799045,baseline
2025-08-05 21:00:00,75147.63475260416,618.136177046034,16830.062549913193,57699.436025644936,baseline
2025-08-05 22:00:00,72513.00474826389,7.252729479190376,19861.37824001736,52644.37377876734,baseline
2025-08-05 23:00:00,68463.0625390625,0.4109673400885529,21500.037680121528,46962.61389160089,baseline
2025-08-06 00:00:00,64309.3558984375,0.4422080406546593,21918.808163519967,42390.10552687688,baseline
2025-08-06 01:00:00,60696.3344921875,0.5082522795432144,22444.091433376736,38251.734806531225,baseline
2025-08-06 02:00:00,57952.29883572049,0.549168654895491,22216.51395670573,35735.23571035986,baseline
2025-08-06 03:00:00,56088.88127278646,0.5736154618031449,21748.04827690972,34340.25938041494,baseline
2025-08-06 04:00:00,54750.13166232639,0.6032109862897131,21335.80443142361,33413.724019916495,baseline
2025-08-06 05:00:00,54150.73633246528,96.3652832154433,20559.316172417533,33495.0548768323,baseline
2025-08-06 06:00:00,54633.42245225694,38.45554424756103,18705.59333767361,35889.37357033577,baseline
2025-08-06 07:00:00,55677.26542100695,11.802994616230327,17368.917921006945,38296.54450538377,baseline
2025-08-06 08:00:00,56525.43840711805,3511.109612206353,15612.95936550564,37401.369429406055,baseline
2025-08-06 09:00:00,60969.613493923614,16856.14927408854,11511.555180121528,32601.909039713544,baseline
2025-08-06 10:00:00,68069.51829427083,24619.039166666666,12817.069060601129,30633.41006700304,baseline
2025-08-06 11:00:00,70834.77393229166,25907.978041992188,13910.126285536024,31016.669604763447,baseline
2025-08-06 12:00:00,73196.37357204861,27170.84600260417,10634.447502170138,35391.080067274306,baseline
2025-08-06 13:00:00,76249.32111979167,27549.4776280382,8389.360603162977,40310.48288859049,baseline
2025-08-06 14:00:00,79466.56530381944,27965.60873046875,8123.700157063802,43377.256416286895,baseline
2025-08-06 15:00:00,81226.50839192708,27819.13936794705,8901.3404296875,44506.02859429253,baseline
2025-08-06 16:00:00,81738.53045138888,27112.35523654514,10203.940713975697,44422.23450086805,baseline
2025-08-06 17:00:00,81476.3017686632,26235.229536675342,11582.20625813802,43658.86597384983,baseline
2025-08-06 18:00:00,81064.08523003472,24363.133671875,13677.146087239584,43023.80547092014,baseline
2025-08-06 19:00:00,80422.17469618056,19446.03855061849,15574.290974934896,45401.84517062717,baseline
2025-08-06 20:00:00,78834.9427061632,7730.318487277561,17001.154883355033,54103.46933553061,baseline
2025-08-06 21:00:00,75929.17832899306,399.08027876728113,17642.797020399306,57887.30102982647,baseline
2025-08-06 22:00:00,73468.00704427084,1.022849796778626,19642.753253038198,53824.23094143586,baseline
2025-08-06 23:00:00,70426.38274956598,23.96461414383517,21465.13902994792,48937.27910547423,baseline
2025-08-07 00:00:00,65953.1286469184,0.7645337756143676,21689.278203125,44263.08591001778,baseline
2025-08-07 01:00:00,62776.08657552084,0.6812014460894796,21697.22348307292,41078.18189100184,baseline
2025-08-07 02:00:00,59782.56378038194,0.6954294862184259,20500.71226888021,39281.15608201552,baseline
2025-08-07 03:00:00,57631.71690104167,0.6542991222937902,18966.180123155384,38664.88247876399,baseline
2025-08-07 04:00:00,55767.155108506944,0.6911846607261234,18012.55611707899,37753.90780676722,baseline
2025-08-07 05:00:00,55399.20668619792,0.6924016617735227,16527.264749348957,38871.24953518719,baseline
2025-08-07 06:00:00,55550.93141493056,0.6887058433228069,14725.04837483724,40825.19433425,baseline
2025-08-07 07:00:00,56697.871651475696,7.942270534303454,13622.065090060763,43067.86429088063,baseline
2025-08-07 08:00:00,57826.44071831597,2948.0141202545165,12856.229208713108,42022.197389348345,baseline
2025-08-07 09:00:00,62237.68522569445,15715.250317925347,9887.114748263888,36635.32015950521,baseline
2025-08-07 10:00:00,67929.7544639757,23431.12976996528,9307.936949869792,35190.687744140625,baseline
2025-08-07 11:00:00,72299.88187282986,26665.32219346788,9793.17893907335,35841.38074028863,baseline
2025-08-07 12:00:00,75303.65084201389,27603.03283420139,9452.540125868056,38248.07788194444,baseline
2025-08-07 13:00:00,78737.14789496528,27945.20109157986,9560.046955295138,41231.89984809028,baseline
2025-08-07 14:00:00,81137.57078125,27876.31248535156,11156.16862141927,42105.08967447917,baseline
2025-08-07 15:00:00,81623.29113715277,26848.80421875,12560.01715983073,42214.46975857204,baseline
2025-08-07 16:00:00,81985.8155750868,25140.018446180555,13119.935745442708,43725.86138346354,baseline
2025-08-07 17:00:00,82284.32655598958,24657.05225857205,13274.148581000434,44353.1257164171,baseline
2025-08-07 18:00:00,82028.4640798611,23694.42586154514,13252.92502360026,45081.113194715705,baseline
2025-08-07 19:00:00,81788.11310112847,18934.10450900608,13700.275387098523,49153.73320502388,baseline
2025-08-07 20:00:00,80194.58505425348,7321.047921549479,14117.093303493924,58756.44382921007,baseline
2025-08-07 21:00:00,77186.22307074652,338.7346718315946,14692.582288140193,62154.90611077473,baseline
2025-08-07 22:00:00,75002.7476171875,0.5220687256422307,17454.227553168403,57547.99799529346,baseline
2025-08-07 23:00:00,71347.73021267362,0.537707101603349,19142.055965711806,52205.13653986021,baseline
2025-08-08 00:00:00,67393.0152126736,0.6619215089248286,20765.384619140623,46626.96867202406,baseline
2025-08-08 01:00:00,63980.47180772569,0.666338148696555,21790.981421983503,42188.82404759349,baseline
2025-08-08 02:00:00,60697.22106336806,0.6887804187337557,21728.12927517361,38968.40300777571,baseline
2025-08-08 03:00:00,58178.66660373264,0.6873032226496273,21360.153905707462,36817.82539480252,baseline
2025-08-08 04:00:00,56891.23352539063,0.6912796535094579,21327.24249186198,35563.29975387514,baseline
2025-08-08 05:00:00,56175.21456271701,53.74295260863172,20634.675132378477,35486.796477729906,baseline
2025-08-08 06:00:00,56357.82456271701,0.7636376012033886,19832.70911783854,36524.351807277264,baseline
2025-08-08 07:00:00,57430.1197797309,10.648734499083623,18587.97935329861,38831.4916919332,baseline
2025-08-08 08:00:00,58441.50602756076,3255.178674146864,17800.688059895834,37385.63929351806,baseline
2025-08-08 09:00:00,63044.52059678819,16330.74302625868,14490.987830674912,32222.7897398546,baseline
2025-08-08 10:00:00,68651.4103689236,24315.619756944445,13138.922523871528,31196.86808810764,baseline
2025-08-08 11:00:00,72952.33465711806,26917.17435546875,13288.037240668404,32747.123060980903,baseline
2025-08-08 12:00:00,75829.27901475695,27848.50619140625,13016.629793836806,34964.14302951389,baseline
2025-08-08 13:00:00,78622.3233875868,27750.294380967884,12281.747321234809,38590.28168538411,baseline
2025-08-08 14:00:00,81660.12793836805,27514.51375596788,13144.93418375651,41000.67999864366,baseline
2025-08-08 15:00:00,82584.92512586806,26475.81969672309,14109.648777940538,41999.45665120443,baseline
2025-08-08 16:00:00,82987.80289713542,25569.741021592883,14530.275659179688,42887.78621636285,baseline
2025-08-08 17:00:00,82806.62945095486,25504.681861979167,14545.557578125,42756.39001085069,baseline
2025-08-08 18:00:00,82584.66441840278,23513.97885959201,15501.080846354169,43569.6047124566,baseline
2025-08-08 19:00:00,82307.30461588541,18750.844149305554,16648.36625922309,46908.09420735677,baseline
2025-08-08 20:00:00,81041.68590711805,6942.457957255046,18109.12033799913,55990.107611863874,baseline
2025-08-08 21:00:00,78516.38129123264,295.2404286197159,18714.41830186632,59506.7225607466,baseline
2025-08-08 22:00:00,75928.04724392362,0.7814253084858258,20968.64921061198,54958.616608003154,baseline
2025-08-08 23:00:00,72424.43286892361,0.8057439741823408,23230.238624131944,49193.38850081749,baseline
2025-08-09 00:00:00,68877.37796440972,0.7908031670252482,24275.890501302085,44600.696659940615,baseline
2025-08-09 01:00:00,64830.64976996528,0.7465727691517936,24743.08067925347,40086.82251794265,baseline
2025-08-09 02:00:00,61787.45670030382,0.8115581098530028,24389.920264756944,37396.724877437024,baseline
2025-08-09 03:00:00,59195.74958984375,0.7860620605283314,23364.785828993052,35830.17769879017,baseline
2025-08-09 04:00:00,57265.07519748264,0.9122664798961744,22589.793400065104,34674.36953093764,baseline
2025-08-09 05:00:00,55964.70542317708,0.9443489580021964,22183.06613932292,33780.694934896164,baseline
2025-08-09 06:00:00,55468.06896918403,0.9662902435329226,21193.98271050347,34273.11996843702,baseline
2025-08-09 07:00:00,55324.58633029514,11.056796329749956,19436.83275607639,35876.696777889,baseline
2025-08-09 08:00:00,55766.03983723959,3132.5039233313664,17566.839565429687,35066.69634847854,baseline
2025-08-09 09:00:00,61206.9355078125,16044.406381293404,15102.385546875,30060.143579644096,baseline
2025-08-09 10:00:00,68074.58604817708,23316.87183810764,15747.190640190973,29010.523569878467,baseline
2025-08-09 11:00:00,71090.89325086806,25858.71351128472,14963.38745985243,30268.792279730907,baseline
2025-08-09 12:00:00,72849.0015234375,27490.791121961807,12881.20306749132,32477.007333984373,baseline
2025-08-09 13:00:00,76280.14470486112,27900.52420138889,10925.084151475694,37454.53635199653,baseline
2025-08-09 14:00:00,79338.84964409722,27806.002156032988,11440.16469346788,40092.68279459635,baseline
2025-08-09 15:00:00,81628.61723524306,27341.18280598958,13291.303210720484,40996.13121853299,baseline
2025-08-09 16:00:00,82177.45865451389,26058.497560763888,14852.709959852433,41266.25113389757,baseline
2025-08-09 17:00:00,82173.67452690972,24540.06928656684,15644.682928331164,41988.92231201171,baseline
2025-08-09 18:00:00,81722.62945746527,22329.97728732639,16691.654264322915,42700.997905815966,baseline
2025-08-09 19:00:00,80597.5178125,16236.48201171875,18063.791631944445,46297.2441688368,baseline
2025-08-09 20:00:00,78460.8721375868,5136.031755371094,18873.91869140625,54450.92169080946,baseline
2025-08-09 21:00:00,75877.79830946181,191.32343226008945,19795.22372612847,55891.25115107325,baseline
2025-08-09 22:00:00,73418.8021875,24.86360649459892,22304.499105902774,51089.43947510262,baseline
2025-08-09 23:00:00,70019.30171875,0.8569073909521103,23960.761720920134,46057.683090438906,baseline
2025-08-10 00:00:00,66698.92138020834,0.8296710578600566,24435.855598958333,42262.23611019214,baseline
2025-08-10 01:00:00,63338.656654730905,0.8866769115130106,24303.53236545139,39034.237612368,baseline
2025-08-10 02:00:00,60170.35193576389,0.9575259459018708,23763.84801649305,36405.54639332493,baseline
2025-08-10 03:00:00,58045.04422743055,0.9664349934127596,22855.27011284722,35188.80767958992,baseline
2025-08-10 04:00:00,56097.35569661458,0.9705280307266448,21529.476004774304,34566.90916380956,baseline
2025-08-10 05:00:00,54745.3934874132,1.0191232444180385,19874.5525390625,34869.82182510628,baseline
2025-08-10 06:00:00,53978.8486328125,1.07342504368888,18422.80193793403,35554.97326983478,baseline
2025-08-10 07:00:00,53733.63702907986,9.830931093759007,16445.532483723957,37278.27361426214,baseline
2025-08-10 08:00:00,53948.58538628472,3357.7924467722573,14352.392367621527,36238.40057189093,baseline
2025-08-10 09:00:00,59023.32169487848,16894.285948350695,11269.280794270831,30859.754952256942,baseline
2025-08-10 10:00:00,64752.78550564236,24562.563211805555,11310.186707899304,28880.035585937498,baseline
2025-08-10 11:00:00,67490.29936631945,25824.11599826389,9972.550237087671,31693.633130967886,baseline
2025-08-10 12:00:00,70515.00963541666,26658.22551432292,6522.990283745659,37333.79383734809,baseline
2025-08-10 13:00:00,74046.04978298611,25625.862471788198,5189.3589876302085,43230.82832356771,baseline
2025-08-10 14:00:00,76625.57851128472,25566.905234375,5592.458630642361,45466.21464626736,baseline
2025-08-10 15:00:00,78942.50322482639,24323.83403049045,6281.78421101888,48336.88498331705,baseline
2025-08-10 16:00:00,80988.94744791667,23646.73908203125,7327.76309733073,50014.445268554686,baseline
2025-08-10 17:00:00,82140.20721571181,22963.99512641059,8939.995128038194,50236.216961263024,baseline
2025-08-10 18:00:00,81989.8075998264,21524.09896267361,11905.141032986112,48560.567604166674,baseline
2025-08-10 19:00:00,81280.65365885416,16000.026440972222,15807.490675998264,49473.13654188368,baseline
2025-08-10 20:00:00,78688.44813802083,4547.991056789822,18613.744006076387,55526.71307515462,baseline
2025-08-10 21:00:00,76095.4324609375,72.29719821188185,18113.639594184027,57909.4956685416,baseline
2025-08-10 22:00:00,73664.29885633681,0.9628946128818724,19595.56765733507,54067.76830438886,baseline
2025-08-10 23:00:00,69376.04032118055,0.944463449186749,20182.64480034722,49192.45105738414,baseline
2025-08-11 00:00:00,65713.85442274305,0.8381188470125198,18134.90123046875,47578.115073427296,baseline
2025-08-11 01:00:00,61540.19600477431,1.0675946592622334,14454.51794514974,47084.610464965306,baseline
2025-08-11 02:00:00,58748.88361979167,1.1418313690688875,11168.125001085067,47579.61678733753,baseline
2025-08-11 03:00:00,56582.78707465278,1.1797359376483494,9308.92275499132,47272.68458372381,baseline
2025-08-11 04:00:00,55508.40607638889,1.1607155315743551,9833.041246744791,45674.20411411252,baseline
2025-08-11 05:00:00,55178.78333984375,1.1912928560707303,9151.00635904948,46026.585687938205,baseline
2025-08-11 06:00:00,55599.46642361111,1.2083912279870774,9163.231850043405,46435.02618233972,baseline
2025-08-11 07:00:00,56519.97805121528,5.648117020858659,8972.259789496527,47542.07014469789,baseline
2025-08-11 08:00:00,57415.41184461806,2791.8002150938246,7840.02869140625,46783.58293811798,baseline
2025-08-11 09:00:00,61823.43484375,14076.930180392796,5838.797316351996,41907.70734700521,baseline
2025-08-11 10:00:00,67403.11321614584,21095.46529513889,4928.523760850694,41379.12416015625,baseline
2025-08-11 11:00:00,71003.26162760417,23300.91319010417,4148.105077039931,43554.24336046007,baseline
2025-08-11 12:00:00,73754.4130078125,24896.963671875,2785.215563422309,46072.23377251519,baseline
2025-08-11 13:00:00,77095.94841579862,25146.073640950523,2728.436736585829,49221.43803826226,baseline
2025-08-11 14:00:00,79794.10365451389,25280.61794487847,4694.863789605035,49818.62192003039,baseline
2025-08-11 15:00:00,81640.16248914931,25525.98288248698,6600.437337375217,49513.74226928712,baseline
2025-08-11 16:00:00,82221.52502170138,24162.57611490885,7057.703257242839,51001.24564954969,baseline
2025-08-11 17:00:00,82356.6709765625,22484.182074652777,7310.594972873264,52561.89392903646,baseline
2025-08-11 18:00:00,82047.91708333333,21648.60404730903,8572.721701931423,51826.59133409288,baseline
2025-08-11 19:00:00,81514.62126085069,16719.66834906684,10131.57758517795,54663.3753266059,baseline
2025-08-11 20:00:00,79319.60305555556,4979.911064215766,10654.75099202474,63684.94099931506,baseline
2025-08-11 21:00:00,76683.97453993055,91.31784734908078,11092.33246609158,65500.32422648989,baseline
2025-08-11 22:00:00,74199.55038628473,0.9266049475802316,10007.04816189236,64191.57561944478,baseline
2025-08-11 23:00:00,70605.39301866319,0.9775600368777912,9859.15691921658,60745.25853940973,baseline
2025-08-12 00:00:00,66514.37295789931,1.0360239628950756,10269.544982638889,56243.79195129752,baseline
2025-08-12 01:00:00,63021.607386067706,1.0163213686148325,12424.33416341146,50596.256901287634,baseline
2025-08-12 02:00:00,61184.56837456597,0.9712468116813237,13813.230024956598,47370.36710279769,baseline
2025-08-12 03:00:00,59206.51678602431,1.0732097390956348,14069.898480631511,45135.5450956537,baseline
2025-08-12 04:00:00,57860.64999782986,1.127714078889953,12962.93394639757,44896.5883373534,baseline
2025-08-12 05:00:00,56475.65025607639,1.141841323673725,12333.321277126735,44141.18713762598,baseline
2025-08-12 06:00:00,56163.159398871525,1.0471700739198262,9186.325199652778,46975.78702914483,baseline
2025-08-12 07:00:00,57549.84976453993,10.334712755878767,7602.499211832683,49937.015839951375,baseline
2025-08-12 08:00:00,57919.31337456597,2623.2717373487685,5578.914888780382,49717.12674843682,baseline
2025-08-12 09:00:00,62554.07722005208,13736.28745171441,3857.95007554796,44959.83969278971,baseline
2025-08-12 10:00:00,65825.79999782986,20779.546996527777,2672.724879828559,42373.52812147353,baseline
2025-08-12 11:00:00,68257.74061197917,23277.915047743056,1636.331430799696,43343.49413343642,baseline
2025-08-12 12:00:00,71250.76550347223,25786.39931206597,947.551197781033,44516.814993625216,baseline
2025-08-12 13:00:00,74877.09684027778,26116.204010416663,743.0178052435981,48017.87502461752,baseline
2025-08-12 14:00:00,78252.37583767361,25974.82885796441,1104.123571624756,51173.42340808444,baseline
2025-08-12 15:00:00,80950.11160373264,25037.994631618923,2123.497076687283,53788.61989542644,baseline
2025-08-12 16:00:00,81871.3760373264,24556.857664930558,3270.82067437066,54043.69769802518,baseline
2025-08-12 17:00:00,81500.788046875,21371.90727593316,4777.052377115885,55351.82839382595,baseline
2025-08-12 18:00:00,79930.4710546875,18267.299275173613,5332.973417426215,56330.19836208767,baseline
2025-08-12 19:00:00,77056.20711805555,11299.967126193576,6146.207112630208,59610.03287923177,baseline
2025-08-12 20:00:00,74272.20511284722,3706.761207207574,6978.436110568577,63587.00779507107,baseline
2025-08-12 21:00:00,72436.80835503472,187.70251846080023,6940.084037679037,65309.021798894886,baseline
2025-08-12 22:00:00,70591.82577690973,0.7735081209076775,7998.477399088541,62592.57486970028,baseline
2025-08-12 23:00:00,66927.77091362847,0.7997696657975515,8575.040201822916,58351.93094213976,baseline
2025-08-13 00:00:00,62739.9988671875,0.8594880685210228,8139.029102376302,54600.11027674268,baseline
2025-08-13 01:00:00,59730.35074544271,0.8023304131295946,7807.708400065104,51921.84001496447,baseline
2025-08-13 02:00:00,56865.65336588542,0.8364503563774957,7035.778170572917,49829.03874495613,baseline
2025-08-13 03:00:00,55099.55156684028,0.8840664605299632,5944.5500873480905,49154.11741303166,baseline
2025-08-13 04:00:00,54092.87974175347,0.9162311916384432,5035.258990614149,49056.704519947685,baseline
2025-08-13 05:00:00,53805.415308159725,0.9555809630288018,3824.344624565972,49980.11510263073,baseline
2025-08-13 06:00:00,54581.2690483941,0.963636177248425,3105.7129804144965,51474.59243180235,baseline
2025-08-13 07:00:00,56420.60607855903,1.9357951827843984,2506.198056369358,53912.47222700689,baseline
2025-08-13 08:00:00,57198.7800390625,2099.8192371220057,2214.7045429823133,52884.25625895818,baseline
2025-08-13 09:00:00,62207.90514539931,12584.337489149306,1299.857478739421,48323.71017751058,baseline
2025-08-13 10:00:00,67070.49669270833,19402.768745659723,1090.731127115885,46576.99681993272,baseline
2025-08-13 11:00:00,69418.10164930555,21768.29742404514,1166.4689798990885,46483.33524536132,baseline
2025-08-13 12:00:00,70497.38196180556,22436.86727593316,808.4871324496798,47252.02755342272,baseline
2025-08-13 13:00:00,73921.17892795139,23482.60706000434,805.2073087056477,49633.3645592414,baseline
2025-08-13 14:00:00,77124.19787543402,24230.02924045139,1526.6026100667318,51367.5660249159,baseline
2025-08-13 15:00:00,79341.98095486111,23336.22524956597,2602.27680589464,53403.4788994005,baseline
2025-08-13 16:00:00,81062.31516059028,21994.21647840712,3871.973770887587,55196.12491129558,baseline
2025-08-13 17:00:00,81991.26248046875,21426.928177083333,4800.137725287544,55764.19657809788,baseline
2025-08-13 18:00:00,81871.97189453125,19707.664581163197,5703.438462999132,56460.86885036892,baseline
2025-08-13 19:00:00,80525.13194878472,15278.73855034722,6876.426417914497,58369.96698052301,baseline
2025-08-13 20:00:00,77316.77321180556,5119.858008219401,8987.02867078993,63209.88653279623,baseline
2025-08-13 21:00:00,74703.99076171876,183.00390176057812,11710.776268174914,62810.21059178327,baseline
2025-08-13 22:00:00,72350.78219835069,2.6800609870751697,14433.45120985243,57914.65092751118,baseline
2025-08-13 23:00:00,68233.49540581598,1.7584182133939532,15976.981227213542,52254.755760389045,baseline
2025-08-14 00:00:00,64383.53235351563,1.159512954354286,16374.324347873264,48008.04849268801,baseline
2025-08-14 01:00:00,61336.32777126736,0.8792429941395918,16120.643457573784,45214.80507069943,baseline
2025-08-14 02:00:00,58836.08962673611,0.9163243230515056,15603.963458387589,43231.20984402547,baseline
2025-08-14 03:00:00,56826.68468967014,0.9341657753123176,15293.823137207031,41531.92738668779,baseline
2025-08-14 04:00:00,55540.22300998264,0.9630909137593376,15050.064642198353,40489.19527687053,baseline
2025-08-14 05:00:00,55112.41142578125,1.011744343572193,14282.685503743489,40828.714177694186,baseline
2025-08-14 06:00:00,56065.805234375,1.0617176342672772,13873.666343044704,42191.07717369603,baseline
2025-08-14 07:00:00,57892.42372612847,4.609722112814586,13550.57175889757,44337.24224511809,baseline
2025-08-14 08:00:00,58632.93323350694,2632.8679858016967,12457.372082248265,43542.69316545698,baseline
2025-08-14 09:00:00,63181.57671440972,14960.557234971788,9222.172023247613,38998.84745619032,baseline
2025-08-14 10:00:00,67931.07981770833,23200.225572916668,8076.279794921875,36654.57444986979,baseline
2025-08-14 11:00:00,71129.22048177083,25791.11856770833,7290.72051812066,38047.38139594183,baseline
2025-08-14 12:00:00,74338.04713107638,26591.052842881945,5892.632777777778,41854.36151041666,baseline
2025-08-14 13:00:00,78344.03435112847,26180.65530978733,5218.286145019531,46945.092896321614,baseline
2025-08-14 14:00:00,81936.50020833334,25633.871788194443,5985.872485894097,50316.7559342448,baseline
2025-08-14 15:00:00,82929.00484375,25657.32518771701,6945.266812879774,50326.4128431532,baseline
2025-08-14 16:00:00,82774.40791015625,24084.94513237847,7479.771419813368,51209.69135796442,baseline
2025-08-14 17:00:00,83425.10181423611,23417.65728624132,8446.897750379774,51560.54677761502,baseline
2025-08-14 18:00:00,83528.20978081597,22148.472623697915,9429.30593532986,51950.4312217882,baseline
2025-08-14 19:00:00,82888.56861111111,16527.469156901043,11780.131202528211,54580.96825168186,baseline
2025-08-14 20:00:00,81254.278984375,5119.000594414605,14716.19650580512,61419.08188415528,baseline
2025-08-14 21:00:00,79182.2357421875,137.80437100133963,17566.72385199653,61477.70751918964,baseline
2025-08-14 22:00:00,77080.40588541667,0.927957357019186,21229.190437282985,55850.28749077666,baseline
2025-08-14 23:00:00,73233.11594184028,0.9423331201738782,22919.40734754774,50312.766261172364,baseline
2025-08-15 00:00:00,69448.30862630208,0.8840406446986728,23608.80873697917,45838.615848678215,baseline
2025-08-15 01:00:00,65656.59216796875,0.861926040119595,23294.30166232639,42361.42857960223,baseline
2025-08-15 02:00:00,62581.90849500868,0.9956135139862696,22251.345668402777,40329.56721309192,baseline
2025-08-15 03:00:00,60431.58098849827,1.0343361651897431,21675.00744140625,38755.53921092683,baseline
2025-08-15 04:00:00,59241.95532118056,1.088408010005951,20173.888598632813,39066.97831453773,baseline
2025-08-15 05:00:00,58030.24455512153,1.1392214380370247,18401.03936197917,39628.06597170432,baseline
2025-08-15 06:00:00,58005.52053602431,1.1095545076330502,16715.898464626734,41288.51251688994,baseline
2025-08-15 07:00:00,58983.97947482639,4.61547667755021,15216.249032660591,43763.11496548825,baseline
2025-08-15 08:00:00,59937.49920355903,2916.616088612874,14027.34966688368,42993.53344806247,baseline
2025-08-15 09:00:00,64761.9660546875,15636.71660454644,11632.826666937934,37492.42278320313,baseline
2025-08-15 10:00:00,70239.06849609375,23298.367829861112,12374.284406467012,34566.416259765625,baseline
2025-08-15 11:00:00,72669.7571701389,24856.307063802084,12523.38812391493,35290.06198242188,baseline
2025-08-15 12:00:00,74695.33989149306,24534.44958333333,12034.944518229167,38125.94578993056,baseline
2025-08-15 13:00:00,76819.4082421875,24133.620075412327,12518.027233615452,40167.76093315973,baseline
2025-08-15 14:00:00,79396.13124131944,25211.780559895837,13288.494370659722,40895.85631076389,baseline
2025-08-15 15:00:00,80475.4492578125,23966.65232910156,13269.26764594184,43239.5292827691,baseline
2025-08-15 16:00:00,80856.87046657986,22391.082296006945,13763.592365451388,44702.195805121526,baseline
2025-08-15 17:00:00,81655.9420920139,22574.74028211805,14467.089730088976,44614.11207980687,baseline
2025-08-15 18:00:00,81378.8744140625,20660.277723524305,15824.664423828124,44893.93226671008,baseline
2025-08-15 19:00:00,80056.11138020833,14319.277932942709,17329.13209201389,48407.70135525173,baseline
2025-08-15 20:00:00,76803.68509114583,3954.3239761013456,17559.354741753472,55290.00637329101,baseline
2025-08-15 21:00:00,74070.75078559028,56.54939329094357,17463.99745876736,56550.20393353197,baseline
2025-08-15 22:00:00,71982.09907552083,0.4447322215967708,18669.246779513887,53312.40756378535,baseline
2025-08-15 23:00:00,68966.18284288194,0.5135664734906621,20060.927580295134,48904.74169611331,baseline
2025-08-16 00:00:00,65925.60794921876,0.4907496071855227,21119.053528645836,44806.06367096574,baseline
2025-08-16 01:00:00,62879.50581922743,0.4314289954304695,22277.02675998264,40602.04763024936,baseline
2025-08-16 02:00:00,60315.15363172743,0.4956677191538943,22296.001890733507,38018.65607327477,baseline
2025-08-16 03:00:00,58494.25659939236,0.5153947144001723,21446.476648763022,37047.26455591494,baseline
2025-08-16 04:00:00,56877.67928602431,0.4983065812620851,19463.396822916668,37413.78415652638,baseline
2025-08-16 05:00:00,55563.87295138889,0.6706349475185076,17127.239371202257,38435.96294523912,baseline
2025-08-16 06:00:00,54855.820709635416,0.789595239278343,14586.025524088542,40269.0055903076,baseline
2025-08-16 07:00:00,55250.504437934025,3.912019730806351,12460.630102267794,42785.96231593542,baseline
2025-08-16 08:00:00,55655.02136935764,2664.7814398320515,10982.901725260415,42007.338204265165,baseline
2025-08-16 09:00:00,60977.99074435764,13849.750834960938,8551.795543619792,38576.44436577691,baseline
2025-08-16 10:00:00,67049.09718098959,21672.781540798613,8954.060486111111,36422.25515407986,baseline
2025-08-16 11:00:00,69375.92797743056,24834.259325086805,8342.40250108507,36199.266151258686,baseline
2025-08-16 12:00:00,72128.5454188368,25040.12317437066,7350.403339436849,39738.0189050293,baseline
2025-08-16 13:00:00,74223.50913628472,24581.08725911458,7381.024460177951,42261.397416992186,baseline
2025-08-16 14:00:00,75896.47333550347,23199.586490885416,7976.864655897352,44720.0221887207,baseline
2025-08-16 15:00:00,77329.50407552083,22795.65837673611,8587.214098307291,45946.63160047743,baseline
2025-08-16 16:00:00,78427.68221788194,21169.18525065104,9430.498076443142,47827.99889078776,baseline
2025-08-16 17:00:00,79621.59172743055,19621.016467013887,10955.756063096787,49044.81919731988,baseline
2025-08-16 18:00:00,80028.07601128472,17505.163307834202,12068.30253282335,50454.610170627166,baseline
2025-08-16 19:00:00,78642.51396918403,13045.83755967882,13008.05540907118,52588.62100043403,baseline
2025-08-16 20:00:00,76125.59260199653,3840.274811909993,14168.029233398438,58117.288556688094,baseline
2025-08-16 21:00:00,73877.93444444444,38.62042795552976,15111.90605685764,58727.40795963127,baseline
2025-08-16 22:00:00,71410.75383246527,0.4879312302006615,15885.606985677085,55524.65891555799,baseline
2025-08-16 23:00:00,68552.75475043403,0.5054169746902254,16438.1442711046,52114.10506235474,baseline
2025-08-17 00:00:00,65689.45131510416,0.4443127563595772,17055.004696180556,48634.00230616724,baseline
2025-08-17 01:00:00,62724.17712673611,0.3401681503653526,16901.61020833333,45822.22675025242,baseline
2025-08-17 02:00:00,59857.570804036455,0.4165457408295737,15979.034154730904,43878.120103564725,baseline
2025-08-17 03:00:00,57959.42066189236,0.5063384348733557,15802.750782063802,42156.16354139369,baseline
2025-08-17 04:00:00,56553.9364561632,0.4611315782037046,16497.846754286023,40055.62857029897,baseline
2025-08-17 05:00:00,55485.95252170139,0.4936551155977779,16406.72433376736,39078.73453281843,baseline
2025-08-17 06:00:00,55074.90098524305,0.5599006460110346,15613.903399522567,39460.43768507448,baseline
2025-08-17 07:00:00,54348.09933159722,3.468711727584402,14342.0619007704,40002.56871909924,baseline
2025-08-17 08:00:00,54530.06844618056,2446.440693528917,13010.616664496529,39073.01108815512,baseline
2025-08-17 09:00:00,60994.04639105903,14712.94076388889,12074.43834092882,34206.66728624132,baseline
2025-08-17 10:00:00,67554.10336371527,22670.9568359375,13721.191742621528,31161.95478515625,baseline
2025-08-17 11:00:00,69045.73026909723,25933.590067274305,12795.516435546877,30316.623766276047,baseline
2025-08-17 12:00:00,71243.67321614583,27283.564609917536,10760.939650065104,33199.168956163194,baseline
2025-08-17 13:00:00,74790.299921875,27374.13102430556,7941.116356336805,39475.052541232646,baseline
2025-08-17 14:00:00,78376.20375868055,27226.43391655816,6909.366467692057,44240.40337443034,baseline
2025-08-17 15:00:00,80715.36098524305,25651.457045355903,8260.839584689671,46803.06435519748,baseline
2025-08-17 16:00:00,81809.84275390625,23940.26250868056,9955.45008029514,47914.13016493056,baseline
2025-08-17 17:00:00,82019.03215060764,20999.304067925343,11527.467804090713,49492.26027859159,baseline
2025-08-17 18:00:00,82247.80913628472,17525.416238064237,13220.897820095486,51501.49507812499,baseline
2025-08-17 19:00:00,81154.55351779514,11343.643113335504,14099.07188123915,55711.83852322049,baseline
2025-08-17 20:00:00,79175.46610026041,2331.8348409356013,15162.450003526475,61681.181255798336,baseline
2025-08-17 21:00:00,77354.83571180556,34.361491375780766,14869.373133680556,62451.10108674922,baseline
2025-08-17 22:00:00,74462.55577473958,0.4509521207047833,14746.97636827257,59715.128454346304,baseline
2025-08-17 23:00:00,70483.82022135417,1.204592264716824,14560.643529459636,55921.97209962981,baseline
2025-08-18 00:00:00,66119.47629123264,0.3968332074334224,15057.721574435764,51061.35788358944,baseline
2025-08-18 01:00:00,62464.37720920139,0.3459338542322318,15117.581349826389,47346.44992552077,baseline
2025-08-18 02:00:00,59742.30548177083,0.3368721402188142,14479.023673773872,45262.94493585674,baseline
2025-08-18 03:00:00,58143.68337673611,0.3585193436592817,14130.432717285155,44012.892140107295,baseline
2025-08-18 04:00:00,56898.500933159725,0.4778503317137559,12908.801029730905,43989.22205309711,baseline
2025-08-18 05:00:00,56358.843072916665,0.6032510077291064,11661.18191189236,44697.05791001658,baseline
2025-08-18 06:00:00,57078.93127387153,0.5681314424177011,11022.336764322916,46056.0263781062,baseline
2025-08-18 07:00:00,58412.289403211806,3.66948743475808,9984.104840494792,48424.51507528225,baseline
2025-08-18 08:00:00,59513.12823567708,2683.3913150999283,8856.243296440973,47973.49362413618,baseline
2025-08-18 09:00:00,65900.7667296007,15435.495714518229,7795.875089246962,42669.39592583551,baseline
2025-08-18 10:00:00,70436.46254340278,24070.377296006944,7541.292933485243,38824.7923139106,baseline
2025-08-18 11:00:00,72620.39718532986,26766.648975694443,7347.487838541667,38506.26037109375,baseline
2025-08-18 12:00:00,76147.12973090277,27283.8488671875,6013.438990885416,42849.84187282986,baseline
2025-08-18 13:00:00,80959.64591579861,27201.775325520837,5654.371199001736,48103.49939127604,baseline
2025-08-18 14:00:00,83185.68811197917,26587.672669270836,6308.224422743056,50289.79101996528,baseline
2025-08-18 15:00:00,83193.73577690973,25698.57250705295,7901.936522081163,49593.22674777561,baseline
2025-08-18 16:00:00,83403.02543402778,23723.694763997395,9802.05408203125,49877.27658799913,baseline
2025-08-18 17:00:00,83876.460703125,20210.3326171875,12075.000264756944,51591.12782118056,baseline
2025-08-18 18:00:00,83837.71085720486,16942.19453559028,14461.607622612848,52433.90869900173,baseline
2025-08-18 19:00:00,82873.21564019097,11228.98762749566,12086.9435413954,59557.28447129992,baseline
2025-08-18 20:00:00,80679.88456163194,2867.96172261556,10769.659972873264,67042.26286614312,baseline
2025-08-18 21:00:00,78631.46753038194,55.37110071544432,9704.371944715713,68871.72448495078,baseline
2025-08-18 22:00:00,74653.87492621527,0.5141629905336433,8271.0980339898,66382.26272923494,baseline
2025-08-18 23:00:00,70369.40640190973,0.5479981543454859,7606.126708984375,62762.731694771006,baseline
2025-08-19 00:00:00,66952.92409505208,0.6207017994754844,7354.996735568577,59597.30665768402,baseline
2025-08-19 01:00:00,63299.0148687066,0.7631030819151137,7104.903277994792,56193.34848762989,baseline
2025-08-19 02:00:00,60815.15699001736,0.6932057203849157,6428.949576280382,54385.5142080166,baseline
2025-08-19 03:00:00,58299.77724175347,0.6277068103353183,5616.39878241645,52682.750752526685,baseline
2025-08-19 04:00:00,56932.08923611111,0.693499861806631,4983.349694824219,51948.046041425085,baseline
2025-08-19 05:00:00,56343.27874782986,0.6950118815567758,4407.626896701389,51934.95683924692,baseline
2025-08-19 06:00:00,56866.396351996525,0.7178456277648608,4122.739435763889,52742.93907060487,baseline
2025-08-19 07:00:00,58469.23787109375,2.1482913681036897,3446.7209932454425,55020.3685864802,baseline
2025-08-19 08:00:00,58776.4584874132,1642.9788995128208,2890.9087721761066,54242.57081572427,baseline
2025-08-19 09:00:00,62581.560462239584,10940.329006618924,2039.532172580295,49601.69928304036,baseline
2025-08-19 10:00:00,67849.61262369792,17832.77173719618,893.495375773112,49123.34551072863,baseline
2025-08-19 11:00:00,72111.3606922743,21137.78201063368,632.8733749898274,50340.7053066508,baseline
2025-08-19 12:00:00,76192.67719184028,24046.15349500868,365.4592842780219,51781.06441255358,baseline
2025-08-19 13:00:00,78331.86793402777,24747.89226996528,340.02221895005965,53243.95344511244,baseline
2025-08-19 14:00:00,81518.33064019098,23303.70287868924,1793.8866088867187,56420.741152615024,baseline
2025-08-19 15:00:00,82614.3887326389,21819.79602267795,3569.2252107069226,57225.36749925402,baseline
2025-08-19 16:00:00,82650.60413628472,18852.571182725693,4637.232933213976,59160.80002034505,baseline
2025-08-19 17:00:00,82038.36408420138,16449.47431749132,5968.957221137152,59619.93254557291,baseline
2025-08-19 18:00:00,81072.3368532986,14305.546095648871,5957.212811143663,60809.57794650607,baseline
2025-08-19 19:00:00,78678.64381727431,9646.372182074652,7076.553168945313,61955.71846625434,baseline
2025-08-19 20:00:00,75752.71059895834,3267.7355619981554,6233.762992214627,66251.21204474555,baseline
2025-08-19 21:00:00,73864.83749565973,60.82878986146715,5854.122947591146,67949.8857582071,baseline
2025-08-19 22:00:00,71730.760625,4.576867414580451,5791.182004665799,65935.00175291962,baseline
2025-08-19 23:00:00,67827.29586805556,0.7921829024619527,5562.799246419271,62263.70443873383,baseline
2025-08-20 00:00:00,64654.19762044271,0.7525240037838618,5166.7641099717885,59486.68098646714,baseline
2025-08-20 01:00:00,61388.85844401042,0.8286307537555695,4561.897324761285,56826.13248849538,baseline
2025-08-20 02:00:00,59200.92956488716,0.8823058891296387,3911.662451985677,55288.38480701235,baseline
2025-08-20 03:00:00,57103.32297526042,0.8957128399610519,3733.9336336263023,53368.49362879415,baseline
2025-08-20 04:00:00,55325.9662109375,0.8510472389724519,2634.0729193793404,52691.04224431919,baseline
2025-08-20 05:00:00,54572.03310546875,0.9191543667183982,2624.058709309896,51947.055241792135,baseline
2025-08-20 06:00:00,55208.53748046875,0.938222396241294,3409.6462277560763,51797.95303031644,baseline
2025-08-20 07:00:00,56680.9866796875,1.32413985311985,4492.650869954427,52187.011669879954,baseline
2025-08-20 08:00:00,57437.919270833336,1844.5006015703411,4940.387752821181,50653.03091644181,baseline
2025-08-20 09:00:00,62337.61706814236,12375.165488823784,5201.019772135417,44761.43180718316,baseline
2025-08-20 10:00:00,66090.45615451389,19778.870696614584,6266.044157986111,40045.5412999132,baseline
2025-08-20 11:00:00,67484.57657552083,23310.990852864583,6237.317280273437,37936.2684423828,baseline
2025-08-20 12:00:00,68835.83411024306,24802.49467230903,6214.10100531684,37819.23843261719,baseline
2025-08-20 13:00:00,71478.28888888888,24609.59024956597,5551.918789605034,41316.779849717874,baseline
2025-08-20 14:00:00,74351.44128038194,23529.131883680555,5132.644667426215,45689.66472927517,baseline
2025-08-20 15:00:00,76484.99418836806,21717.89622395833,4936.051321614584,49831.04664279514,baseline
2025-08-20 16:00:00,78329.09654079861,19610.05099826389,4331.160368923611,54387.88517361111,baseline
2025-08-20 17:00:00,79926.03898003472,18108.79246744792,4048.796053059896,57768.4504595269,baseline
2025-08-20 18:00:00,80035.61114583333,16688.122764756943,3682.888024088541,59664.60035698785,baseline
2025-08-20 19:00:00,78002.72663194445,12443.473248697916,3983.869453396268,61575.38392985026,baseline
2025-08-20 20:00:00,74907.72459635416,3984.909510498047,3920.137570529514,67002.6775153266,baseline
2025-08-20 21:00:00,72035.01564670139,69.28992301369706,3500.8503211805555,68464.87540250714,baseline
2025-08-20 22:00:00,68177.61763020833,0.5329622656272517,3402.153986545139,64774.93068139756,baseline
2025-08-20 23:00:00,65423.51935112848,0.6427311637832058,3077.1589425998263,62345.71767736487,baseline
2025-08-21 00:00:00,62635.64245768229,0.6770685569776429,2786.516560329861,59848.44882879545,baseline
2025-08-21 01:00:00,59237.73432074653,0.6742251019014253,2406.9128135850697,56830.14728205956,baseline
2025-08-21 02:00:00,56816.766733940975,0.7381826859381464,2026.32302327474,54789.705527980295,baseline
2025-08-21 03:00:00,54833.81904947916,0.7860347187850211,1321.3859946017794,53511.6470201586,baseline
2025-08-21 04:00:00,53874.84523220486,0.8050724130206638,1054.7799501546224,52819.26020963722,baseline
2025-08-21 05:00:00,53448.759848090274,0.8474195833007495,776.414690890842,52671.49773761613,baseline
2025-08-21 06:00:00,54398.58508897569,0.8686918239461051,792.9016628689236,53604.81473428282,baseline
2025-08-21 07:00:00,55861.602046440974,1.831948877506786,870.089275648329,54989.680821915135,baseline
2025-08-21 08:00:00,56939.63380642361,2291.5537669732835,920.5810761854384,53727.49896326489,baseline
2025-08-21 09:00:00,63116.15915364584,14349.956682400174,776.0086373901368,47990.19383385553,baseline
2025-08-21 10:00:00,67314.83619791667,23133.317161458333,345.7117214287652,43835.80731502957,baseline
2025-08-21 11:00:00,69158.76104600694,25454.05423611111,472.063239440918,43232.64357045491,baseline
2025-08-21 12:00:00,72108.84224826389,25561.630618489584,819.0890985785591,45728.12253119574,baseline
2025-08-21 13:00:00,75868.5013888889,23271.62551432292,1657.9958108181424,50938.88006374784,baseline
2025-08-21 14:00:00,78626.83626302083,22015.27681857639,2398.523739013672,54213.03570543077,baseline
2025-08-21 15:00:00,80246.20601128472,21606.241155056425,3654.283718939887,54985.68113728841,baseline
2025-08-21 16:00:00,80357.67802951389,20036.501518554687,4744.9961112467445,55576.18039971246,baseline
2025-08-21 17:00:00,79934.3889626736,17723.78861111111,5382.143344319661,56828.45700724283,baseline
2025-08-21 18:00:00,79465.55152777777,14746.736330295138,6781.010447048611,57937.80475043402,baseline
2025-08-21 19:00:00,76469.29552517361,9871.994667154948,6593.074606933594,60004.22625108507,baseline
2025-08-21 20:00:00,73032.86531684028,3325.336412760417,6529.818279622396,63177.71062445747,baseline
2025-08-21 21:00:00,70802.32555121528,69.68916562825441,6589.741739908855,64142.89464567817,baseline
2025-08-21 22:00:00,68155.98745659723,0.6977284488413069,6777.030850151909,61378.25887799648,baseline
2025-08-21 23:00:00,64786.476599392365,0.7814215900500615,7073.718509114583,57711.97666868773,baseline
2025-08-22 00:00:00,61246.75930989583,0.8025998661253188,6749.082144639757,54496.87456538995,baseline
2025-08-22 01:00:00,58112.89319444444,0.9070315633879767,5833.0812771267365,52278.90488575432,baseline
2025-08-22 02:00:00,55669.19523871528,0.9979641209046046,4442.359324544271,51225.8379500501,baseline
2025-08-22 03:00:00,54162.66690972223,0.9332234748370116,2985.361064520942,51176.37262172645,baseline
2025-08-22 04:00:00,53084.69062717014,1.05196904235416,1896.4887434895836,51187.1499146382,baseline
2025-08-22 05:00:00,52444.52853515625,1.001467996471458,1220.2267884657117,51223.30027869406,baseline
2025-08-22 06:00:00,53382.46625976563,0.8347897064685822,827.3986615668402,52554.23280849232,baseline
2025-08-22 07:00:00,55135.25035807292,2.3528486387928327,623.3920569017198,54509.5054525324,baseline
2025-08-22 08:00:00,56459.2393641493,1873.6732123756408,621.4031998019748,53964.16295197169,baseline
2025-08-22 09:00:00,61657.77473524305,13067.177080078123,435.223246222602,48155.37440894233,baseline
2025-08-22 10:00:00,65128.60620442708,21613.135933159723,168.65177734375,43346.81849392361,baseline
2025-08-22 11:00:00,66683.60174045138,24114.67733506945,432.63757503933374,42136.28683034261,baseline
2025-08-22 12:00:00,68541.07731336805,23215.67359157986,1173.7039668782552,44151.69975490993,baseline
2025-08-22 13:00:00,70772.26664930556,22637.30776041667,2335.95000257704,45799.00888631185,baseline
2025-08-22 14:00:00,73656.81689236111,22423.641605902776,3466.9412955729167,47766.23399088542,baseline
2025-08-22 15:00:00,75811.9349609375,22504.95564670139,3557.016281467014,49749.9630327691,baseline
2025-08-22 16:00:00,77153.73443142361,22794.86258897569,3930.468774142795,50428.40306830512,baseline
2025-08-22 17:00:00,77690.8048046875,20960.039008789063,3659.178705037435,53071.58709086101,baseline
2025-08-22 18:00:00,77805.69481336806,18477.9323046875,4140.594266493055,55187.1682421875,baseline
2025-08-22 19:00:00,75623.614296875,13975.49019422743,4234.476587999132,57413.647514648444,baseline
2025-08-22 20:00:00,72404.66237847222,4508.272751736111,4316.666247287327,63579.723379448784,baseline
2025-08-22 21:00:00,69783.19529296875,74.53731629596817,5878.7126300727,63829.945346600085,baseline
2025-08-22 22:00:00,67365.43016493056,0.9787191939353944,7717.446291232639,59647.00515450398,baseline
2025-08-22 23:00:00,64126.43993706597,1.0558218863275315,8201.216139322916,55924.16797585673,baseline
2025-08-23 00:00:00,60472.747962239584,1.0527381812201606,8070.970098198784,52400.72512585958,baseline
2025-08-23 01:00:00,56910.14975043403,1.102634748684035,7044.447436523437,49864.59967916191,baseline
2025-08-23 02:00:00,54343.28440212674,1.108952194650968,5937.183107096354,48404.99234283573,baseline
2025-08-23 03:00:00,52606.67415364584,1.1278512499729791,4797.383947211371,47808.16235518449,baseline
2025-08-23 04:00:00,51263.1447797309,1.1536399302217697,3452.4541140407987,47809.53702575989,baseline
2025-08-23 05:00:00,50692.21363064236,1.0366621733539634,2577.508220214844,48113.66874825417,baseline
2025-08-23 06:00:00,50300.53199435764,1.006938922405243,1900.0585830349391,48399.46647240029,baseline
2025-08-23 07:00:00,50467.515221354166,2.192816520002153,1237.3821194118923,49227.94028542227,baseline
2025-08-23 08:00:00,51040.908311631945,2197.5056040234035,810.4826094563803,48032.92009815216,baseline
2025-08-23 09:00:00,58198.66858723958,15201.088955078125,579.3826109992133,42418.19702116225,baseline
2025-08-23 10:00:00,64078.69214952257,25022.55983181424,290.4921736653646,38765.64014404297,baseline
2025-08-23 11:00:00,66278.8281640625,27505.354346788197,583.2321963161893,38190.24162095813,baseline
2025-08-23 12:00:00,69095.84142361111,27236.23020833333,1606.2453977457683,40253.36581753201,baseline
2025-08-23 13:00:00,72115.75922743055,26286.5490234375,3807.666300455729,42021.54390353732,baseline
2025-08-23 14:00:00,74134.94178385417,24932.043003472223,4965.899242078993,44236.99953830295,baseline
2025-08-23 15:00:00,75808.0133203125,25317.83552734375,5402.986328667535,45087.19146430121,baseline
2025-08-23 16:00:00,77254.40694010416,23148.04090711805,5845.014518229166,48261.35151475694,baseline
2025-08-23 17:00:00,77988.94563802083,22235.528674045137,6481.810479600695,49271.60648437499,baseline
2025-08-23 18:00:00,77312.68662326389,21388.15431640625,6990.018743489583,48934.513563368055,baseline
2025-08-23 19:00:00,75847.2118532986,14931.958151041666,6737.493014322917,54177.76068793402,baseline
2025-08-23 20:00:00,72741.21305989583,4074.813378194173,5541.111884629991,63125.28779707167,baseline
2025-08-23 21:00:00,69352.06766493055,52.72382707708412,4526.032681749132,64773.31115610433,baseline
2025-08-23 22:00:00,66806.7600564236,1.0484232576025856,4759.928873426649,62045.78275973936,baseline
2025-08-23 23:00:00,63891.75343098959,1.1206183190809356,4726.70036743164,59163.93244523887,baseline
2025-08-24 00:00:00,60595.12620008681,1.0773200594054329,5074.869927842882,55519.17895218452,baseline
2025-08-24 01:00:00,57364.93202582465,1.2524132357703317,5327.427453884548,52036.25215870433,baseline
2025-08-24 02:00:00,54865.75557942708,1.2856951917542352,5105.587021484375,49758.88286275095,baseline
2025-08-24 03:00:00,53042.018502604165,1.2583364557888772,4385.181089206271,48655.57907694211,baseline
2025-08-24 04:00:00,51570.85555555556,1.236399504211214,3433.9244319661457,48135.6947240852,baseline
2025-08-24 05:00:00,50725.80812282986,1.249385781619284,2796.607328559028,47927.951408489214,baseline
2025-08-24 06:00:00,50164.56440321181,1.264518677956528,2380.190226236979,47783.10965829688,baseline
2025-08-24 07:00:00,49875.25947699653,2.153282606833511,1957.80047003852,47915.30572435117,baseline
2025-08-24 08:00:00,50047.97277560764,2120.8786995972528,1976.1790119086368,45950.91506410175,baseline
2025-08-24 09:00:00,56353.16075737847,14806.783810221354,1491.202821858724,40055.17412529839,baseline
2025-08-24 10:00:00,63278.39784722222,25291.932788628477,1071.614014485677,36914.85104410807,baseline
2025-08-24 11:00:00,66921.62570746528,28350.45808810764,1325.6737648179796,37245.49385453966,baseline
2025-08-24 12:00:00,69055.82948784722,28820.267545572915,1564.4917967393662,38671.07014553494,baseline
2025-08-24 13:00:00,72543.83915364584,27056.26541015625,1712.9318986002604,43774.64184488933,baseline
2025-08-24 14:00:00,76147.87251302083,26220.01771484375,1929.887990044488,47997.966808132594,baseline
2025-08-24 15:00:00,78600.51653211805,25168.484291992187,2341.655350884332,51090.37688924154,baseline
2025-08-24 16:00:00,80663.72477430555,23437.00250434028,3682.911105414496,53543.81116455077,baseline
2025-08-24 17:00:00,81847.69503472222,22267.283650173613,4612.729758572049,54967.68162597656,baseline
2025-08-24 18:00:00,82331.59792751736,20163.37839409722,5061.801444227431,57106.41808919271,baseline
2025-08-24 19:00:00,80529.60564670138,13601.690501844618,6270.5233756510415,60657.39176920573,baseline
2025-08-24 20:00:00,76314.63301215277,3402.410969407824,7005.199680989584,65907.02236175537,baseline
2025-08-24 21:00:00,74167.43629774306,41.98998127604524,7763.574306369358,66361.87201009765,baseline
2025-08-24 22:00:00,70967.5249609375,0.9974595832824708,8877.875534939236,62088.65196641498,baseline
2025-08-24 23:00:00,67452.45529947917,1.0955350580480363,9812.456393229166,57638.90337119196,baseline
2025-08-25 00:00:00,63338.27811197917,1.1409730540381535,10591.757603081598,52745.37953584353,baseline
2025-08-25 01:00:00,59480.56319227431,1.0929052593972948,11151.437864583331,48328.03242243158,baseline
2025-08-25 02:00:00,56495.51743055556,1.1399278242058224,10991.528999565971,45502.848503165376,baseline
2025-08-25 03:00:00,54259.5652625868,1.1600678377019034,10396.48773328993,43861.91746145917,baseline
2025-08-25 04:00:00,53525.03871310764,1.2442695732911428,10391.015083550346,43132.77935998401,baseline
2025-08-25 05:00:00,53413.12054253472,1.2796753848261304,11081.588833550348,42330.25203359955,baseline
2025-08-25 06:00:00,54380.58343098958,1.1307751045955552,11027.290802408854,43352.16185347613,baseline
2025-08-25 07:00:00,55712.31543945312,1.724994584388203,11104.293308376737,44606.297136492,baseline
2025-08-25 08:00:00,56931.04886067708,1846.9160521761576,10551.616145833334,44532.51666266759,baseline
2025-08-25 09:00:00,60963.33160915798,13091.28491265191,7888.051653103299,39983.99504340277,baseline
2025-08-25 10:00:00,66510.56951605903,22321.122721354168,5461.653386501736,38727.79340820312,baseline
2025-08-25 11:00:00,69336.49694444444,25597.245789930555,5309.262533637153,38429.988620876735,baseline
2025-08-25 12:00:00,71403.66194661458,26639.383956163198,5246.314039849175,39517.96395060221,baseline
2025-08-25 13:00:00,74840.53600694444,27276.20946831597,4229.060798068576,43335.265740559895,baseline
2025-08-25 14:00:00,78337.98886284723,26950.99363932292,3241.255320366753,48145.73990315756,baseline
2025-08-25 15:00:00,81033.15888020833,26468.35500325521,3742.488514200847,50822.31536275227,baseline
2025-08-25 16:00:00,82683.13987413194,25957.53788628472,5896.601056315104,50829.00093153212,baseline
2025-08-25 17:00:00,82997.2938671875,24031.1316796875,7849.208560112847,51116.95362738716,baseline
2025-08-25 18:00:00,82733.28138888889,20271.51121419271,9717.502891438802,52744.26728325738,baseline
2025-08-25 19:00:00,81127.07117621528,13532.3539968533,11002.394656846787,56592.32252251519,baseline
2025-08-25 20:00:00,77970.98127170138,3307.362180820041,12466.075655381945,62197.5434354994,baseline
2025-08-25 21:00:00,75420.17736545138,37.7038351362033,13897.782815212671,61484.69071510251,baseline
2025-08-25 22:00:00,72754.44726128472,0.5378445572323269,16102.862368706596,56651.04704802089,baseline
2025-08-25 23:00:00,68388.46192708334,0.6074196970131662,16661.49137044271,51726.36313694361,baseline
2025-08-26 00:00:00,64043.150266927085,0.5117152723007732,16638.55205403646,47404.08649761832,baseline
2025-08-26 01:00:00,60437.18419270834,0.5111859783199099,15331.855519748264,45104.81748698175,baseline
2025-08-26 02:00:00,57831.984364149306,0.5952371396289932,13722.321875,44109.06725200968,baseline
2025-08-26 03:00:00,55787.169437934026,0.7074635042084588,12059.710785590278,43726.75118883954,baseline
2025-08-26 04:00:00,54428.69792100695,0.7293379536271095,10843.128845486111,43584.83973756721,baseline
2025-08-26 05:00:00,53538.02085720486,0.7299201693468623,9182.2530335829,44355.03790345261,baseline
2025-08-26 06:00:00,54172.268515625,0.6218792415658633,8171.8955579969615,45999.75107838647,baseline
2025-08-26 07:00:00,55903.86500434028,0.6390485785984331,6862.092478434245,49041.13347732744,baseline
2025-08-26 08:00:00,56309.76288628472,1201.2421749157377,5299.674662000868,49808.84604936811,baseline
2025-08-26 09:00:00,59680.285552300345,9836.73795952691,4160.137485080295,45683.41010769314,baseline
2025-08-26 10:00:00,64419.83134114584,17634.89482421875,3737.531590915256,43047.40492601183,baseline
2025-08-26 11:00:00,67229.12819444445,20821.264611002603,3621.9861694335937,42785.87741400825,baseline
2025-08-26 12:00:00,68411.23278645833,22398.316191948783,3041.238729654948,42971.6778648546,baseline
2025-08-26 13:00:00,70963.67328993055,22243.346011827256,2623.137125922309,46097.190152180985,baseline
2025-08-26 14:00:00,73854.89507161458,21599.3982546658,2835.9960477023656,49419.50076924641,baseline
2025-08-26 15:00:00,76345.29701388889,21475.82758626302,3221.954525146484,51647.51490247939,baseline
2025-08-26 16:00:00,77518.65875,20362.916028645832,4563.6959323459205,52592.04678900825,baseline
2025-08-26 17:00:00,78419.73147569444,19072.18422905816,6515.782218017578,52831.7650286187,baseline
2025-08-26 18:00:00,77991.66944878473,15219.72650607639,9238.22020670573,53533.72273600261,baseline
2025-08-26 19:00:00,76753.96146267361,10501.02930718316,11156.82515733507,55096.10699815539,baseline
2025-08-26 20:00:00,73729.07487847222,2768.586399400499,12721.370617133249,58239.11786193848,baseline
2025-08-26 21:00:00,71552.79953559028,41.45422583099869,12611.640647786458,58899.70466197282,baseline
2025-08-26 22:00:00,68731.3069314236,0.5746815773844719,12785.27361653646,55945.45863330976,baseline
2025-08-26 23:00:00,65258.38265625,0.6351408088538382,12867.747412109376,52390.000103331775,baseline
2025-08-27 00:00:00,61493.26428819444,0.5530964631504482,12531.454359809028,48961.25683192226,baseline
2025-08-27 01:00:00,58379.51117621528,0.722575555841128,11732.309484592011,46646.47911606743,baseline
2025-08-27 02:00:00,56089.244344618055,0.5348185815413793,10110.767348090278,45977.94217794624,baseline
2025-08-27 03:00:00,54062.430338541664,0.68053882078992,8349.053280707465,45712.69651901341,baseline
2025-08-27 04:00:00,53059.6424609375,0.8581576798359553,6916.068289388021,46142.71601386965,baseline
2025-08-27 05:00:00,52807.6769032118,0.950348001850976,5544.863338758681,47261.86321645127,baseline
2025-08-27 06:00:00,53504.19286892361,0.9644896386729348,5155.976224500868,48347.25215478407,baseline
2025-08-27 07:00:00,55629.88163845486,0.8854478124446339,4452.55058186849,51176.44560877393,baseline
2025-08-27 08:00:00,56146.206018880206,1215.3235587155818,3793.1699918619793,51137.71246830265,baseline
2025-08-27 09:00:00,60562.996145833335,10175.38825032552,2681.246975097656,47706.36092041016,baseline
2025-08-27 10:00:00,65247.82922092014,18232.459222547743,2671.2848711480037,44344.08512722439,baseline
2025-08-27 11:00:00,68322.69938368055,22300.08359917535,2985.69702351888,43036.91876098632,baseline
2025-08-27 12:00:00,70006.63424913194,23559.76048339844,2974.307025892469,43472.56673984103,baseline
2025-08-27 13:00:00,72184.85872829861,22837.432692599825,3811.505126139323,45535.92090955946,baseline
2025-08-27 14:00:00,74531.28644965278,22676.058439670134,4962.822556966145,46892.405453016494,baseline
2025-08-27 15:00:00,76783.70475694444,22100.6789453125,6246.2387868923615,48436.78702473958,baseline
2025-08-27 16:00:00,78602.90794270833,21227.404867621528,6139.890011935764,51235.613063151046,baseline
2025-08-27 17:00:00,80071.12636284722,19695.40105685764,8329.696355251735,52046.02895073785,baseline
2025-08-27 18:00:00,80622.6712326389,18535.125594618057,10506.725223524303,51580.820414496535,baseline
2025-08-27 19:00:00,78532.6284375,11941.860914171008,12594.32980902778,53996.43771430121,baseline
2025-08-27 20:00:00,75805.35010416666,2646.513487955729,14660.37624782986,58498.46036838107,baseline
2025-08-27 21:00:00,74149.45704427084,25.6081242125233,15488.2003515625,58635.64856849581,baseline
2025-08-27 22:00:00,71520.35258680556,0.558647666407956,16386.632451171874,55133.16148796728,baseline
2025-08-27 23:00:00,67943.73348524305,0.6343671488430765,17566.396417100696,50376.70270099351,baseline
2025-08-28 00:00:00,64281.03777560764,0.5653356848160426,18301.67228732639,45978.80015259644,baseline
2025-08-28 01:00:00,61010.767375217016,0.5020797471370962,18346.393121202254,42663.87217426762,baseline
2025-08-28 02:00:00,58464.40426215278,0.6247382157378727,18917.83226996528,39545.94725397176,baseline
2025-08-28 03:00:00,56875.3084375,0.7573675733142429,19508.544010416663,37366.007059510026,baseline
2025-08-28 04:00:00,55876.788072916665,0.696413348995977,19632.74311577691,36243.34854379076,baseline
2025-08-28 05:00:00,55533.88340494792,0.6982070625159476,19358.96158203125,36174.22361585415,baseline
2025-08-28 06:00:00,56211.38440104167,0.699131328827805,18814.390421006945,37396.29484870589,baseline
2025-08-28 07:00:00,57884.20541666666,0.9845355768832896,18892.570461154515,38990.650419935264,baseline
2025-08-28 08:00:00,58473.114420572914,1681.6030276086594,18280.656827256946,38510.85456570731,baseline
2025-08-28 09:00:00,62727.15996744792,13878.52498155382,15628.728812934029,33219.906172960065,baseline
2025-08-28 10:00:00,68751.1653732639,22707.462570529515,16315.033303493925,29728.66949924046,baseline
2025-08-28 11:00:00,70982.53638020833,24748.827679036454,16108.351366916231,30125.35733425564,baseline
2025-08-28 12:00:00,73367.7165234375,25884.207573784723,14158.643892144097,33324.86505750868,baseline
2025-08-28 13:00:00,76489.43587673611,28012.95239583333,10570.128270399306,37906.35521050348,baseline
2025-08-28 14:00:00,80227.45746961805,27258.74164767795,7344.864861924913,45623.85096001519,baseline
2025-08-28 15:00:00,82737.39538194444,24974.371271158856,5981.344229600694,51781.67988118489,baseline
2025-08-28 16:00:00,83592.17370659723,23655.23351779514,5754.225872938368,54182.71431586372,baseline
2025-08-28 17:00:00,83409.68052083334,22295.523424479168,6383.4752609592015,54730.68183539497,baseline
2025-08-28 18:00:00,82737.08001302084,19918.779627278647,8134.861235351563,54683.43915039062,baseline
2025-08-28 19:00:00,80464.61344184028,13810.980324435764,10754.721495225696,55898.91162217882,baseline
2025-08-28 20:00:00,77361.94966145833,3148.136736212836,12734.536899956598,61479.2760252889,baseline
2025-08-28 21:00:00,75378.92526909722,16.569780398441686,13488.774379340275,61873.5811093585,baseline
2025-08-28 22:00:00,73180.0149826389,0.3305920444428921,15719.381472439236,57460.30291815521,baseline
2025-08-28 23:00:00,69757.04340277778,0.2627892624338468,17307.747407769097,52449.03320574625,baseline
2025-08-29 00:00:00,65063.38516059028,0.3095317066212495,16329.759095052084,48733.31653383157,baseline
2025-08-29 01:00:00,61145.17468098959,0.4867243232164118,14755.51898546007,46389.16897120629,baseline
2025-08-29 02:00:00,58734.28267578125,0.4435902163055208,12908.753677300348,45825.0854082646,baseline
2025-08-29 03:00:00,57179.74329861111,0.5339824099342029,10916.039496527776,46263.1698196734,baseline
2025-08-29 04:00:00,56299.24521267361,0.6277103892962138,9874.388739149306,46424.228763135005,baseline
2025-08-29 05:00:00,55535.55571614584,0.7303580570220948,8582.575640190973,46952.24971789784,baseline
2025-08-29 06:00:00,56272.80969184028,0.7417086242636045,8041.729682074652,48230.33830114137,baseline
2025-08-29 07:00:00,57022.914522569445,0.8425377559661865,7941.575751953125,49080.49623286035,baseline
2025-08-29 08:00:00,57515.0947016059,1006.103565088643,6999.644332139757,49509.3468043775,baseline
2025-08-29 09:00:00,60845.29183376736,8663.438361816407,5866.227762044271,46315.625709906686,baseline
2025-08-29 10:00:00,65487.139123263885,15011.54558485243,6107.159225260417,44368.43431315104,baseline
2025-08-29 11:00:00,67838.46095269098,18300.038695746527,4896.722098253038,44641.70015869141,baseline
2025-08-29 12:00:00,69290.48302734375,20359.846981336806,3487.183289388021,45443.45275661893,baseline
2025-08-29 13:00:00,71790.24896701389,20782.816953125,2762.544238823785,48244.8877750651,baseline
2025-08-29 14:00:00,74102.60750868055,21017.22618055556,2696.6532333713108,50388.72809475368,baseline
2025-08-29 15:00:00,76166.04294270833,20871.207085503476,3066.3616531032985,52228.47420410156,baseline
2025-08-29 16:00:00,76826.12100043402,19503.28535807292,4235.872666286892,53086.96297607422,baseline
2025-08-29 17:00:00,76511.44319010417,17248.343816189237,6345.291226128472,52917.80814778646,baseline
2025-08-29 18:00:00,75395.62279079862,13822.931729600694,8290.395601671007,53282.29545952692,baseline
2025-08-29 19:00:00,73754.5983203125,8518.947481146919,8731.239132758246,56504.41170640734,baseline
2025-08-29 20:00:00,71302.49974392362,1846.038853946262,9414.240572916666,60042.22031706069,baseline
2025-08-29 21:00:00,69558.08996527777,8.777048763202297,10607.75478841146,58941.55812810311,baseline
2025-08-29 22:00:00,68015.9876388889,0.4482116297384103,10443.33160373264,57572.20782352652,baseline
2025-08-29 23:00:00,64683.259865451386,0.5880463259998295,9624.882901475694,55057.78891764969,baseline
2025-08-30 00:00:00,61654.06760633681,0.466760518045889,9858.881673990883,51794.71917182788,baseline
2025-08-30 01:00:00,58732.53225260416,0.5289283239841461,8879.971985677083,49852.0313386031,baseline
2025-08-30 02:00:00,56617.45156467014,0.5981614337199264,8683.220478786892,47933.63292444953,baseline
2025-08-30 03:00:00,55124.675874565975,0.6227642992801137,8915.58213297526,46208.47097729144,baseline
2025-08-30 04:00:00,53590.4827983941,0.676826273964511,8661.335334201389,44928.47063791875,baseline
2025-08-30 05:00:00,52154.57351996528,0.6503855582575003,7230.83054538303,44923.09258902399,baseline
2025-08-30 06:00:00,52242.440993923614,0.6814894358979331,7179.8280240885415,45061.93148039917,baseline
2025-08-30 07:00:00,52576.42159179688,0.7705321867929564,7408.285053710937,45167.366005899145,baseline
2025-08-30 08:00:00,52595.11930989583,844.0593911584218,6852.361273871527,44898.698644865886,baseline
2025-08-30 09:00:00,55738.18849826389,7080.174788411458,5989.162064887153,42668.85164496528,baseline
2025-08-30 10:00:00,60108.91493706597,13303.53736328125,5572.800817057292,41232.57675672743,baseline
2025-08-30 11:00:00,62460.052178819446,16481.33177517361,4135.092799750434,41843.6276038954,baseline
2025-08-30 12:00:00,65797.19974826388,18938.640885416666,2451.087251112196,44407.47161173502,baseline
2025-08-30 13:00:00,67743.22956163195,19511.18498806424,1912.342926093208,46319.7016474745,baseline
2025-08-30 14:00:00,69032.35091145833,19714.583538411454,2150.3933414035373,47167.37403164333,baseline
2025-08-30 15:00:00,70566.63537543402,19386.774891493056,2941.691097547743,48238.16938639322,baseline
2025-08-30 16:00:00,71546.73638020833,17775.857037760416,3996.797225206163,49774.08211724175,baseline
2025-08-30 17:00:00,71691.17799262152,15651.374506293403,5556.139877929688,50483.663608398434,baseline
2025-08-30 18:00:00,70756.42099392362,13105.971667751735,6786.275101453993,50864.17422471789,baseline
2025-08-30 19:00:00,69144.73999131944,7650.007252061632,7856.520889756945,53638.21184950086,baseline
2025-08-30 20:00:00,67348.30375868056,1618.876771350437,9485.627218967014,56243.79976836311,baseline
2025-08-30 21:00:00,66206.6130577257,17.01232475736282,10064.869407552083,56124.73132541625,baseline
2025-08-30 22:00:00,64233.44399739584,0.4801933963762389,9310.222202690971,54922.74160130849,baseline
2025-08-30 23:00:00,61529.23773003472,0.4310930269956589,8609.019202473959,52919.78743453377,baseline
2025-08-31 00:00:00,58945.98309678819,0.442606797615687,8463.745872531466,50481.79461745911,baseline
2025-08-31 01:00:00,56679.02568142361,0.4376934410631656,7788.234333767361,48890.35365421519,baseline
2025-08-31 02:00:00,54716.33292317709,0.456655267741945,6204.476333550348,48511.399934359,baseline
2025-08-31 03:00:00,52616.47975911458,0.5782238623334301,4561.4384063042535,48054.463128948,baseline
2025-08-31 04:00:00,51271.86075954861,0.5841467667950524,3652.933074815538,47618.34353796628,baseline
2025-08-31 05:00:00,50572.383480902776,0.7018174265490638,3104.331802300347,47467.34986117588,baseline
2025-08-31 06:00:00,50455.89702907986,0.728572725256284,2504.7962084960936,47950.37224785851,baseline
2025-08-31 07:00:00,50762.49580295139,0.747013034886784,2521.414020453559,48240.33476946294,baseline
2025-08-31 08:00:00,50631.770703125,517.4820724855529,2552.6612736002603,47561.62735703919,baseline
2025-08-31 09:00:00,53543.26421875,5600.539239908854,2048.5568383789064,45894.16814046224,baseline
2025-08-31 10:00:00,57915.33361979167,10900.865907118055,2726.0733626302085,44288.3943500434,baseline
2025-08-31 11:00:00,60886.61549696181,14912.641032986112,3362.3833417426217,42611.59112223308,baseline
2025-08-31 12:00:00,62529.995434027776,17465.858853081598,3310.203022460937,41753.93355848524,baseline
2025-08-31 13:00:00,64161.0273155382,18222.978513454866,3188.953468967014,42749.09533311632,baseline
2025-08-31 14:00:00,65201.02591362847,17853.61404296875,3516.5637540690104,43830.84811659072,baseline
2025-08-31 15:00:00,66051.41709201389,15867.656827256944,4998.014898003472,45185.74536675347,baseline
2025-08-31 16:00:00,66456.73268229167,14188.151420355904,7129.021595594618,45139.55966634114,baseline
2025-08-31 17:00:00,66711.96404079862,12688.59024983724,7338.863250732422,46684.51054022896,baseline
2025-08-31 18:00:00,66627.12888454861,9781.589641927085,8229.674165039063,48615.865077582464,baseline
2025-08-31 19:00:00,65370.79613064236,6490.394805230035,8426.63164171007,50453.76968370225,baseline
2025-08-31 20:00:00,63534.894126519095,1414.414560529921,8109.832312825521,54010.64725316365,baseline
2025-08-31 21:00:00,62646.89100477431,4.130296259654893,6917.865710720486,55724.89499779417,baseline
2025-08-31 22:00:00,61277.96548611111,0.5421231606271532,5650.933969184028,55626.48939376646,baseline
2025-08-31 23:00:00,59099.59594184028,0.7783118083410793,4332.088852403429,54766.72877762851,baseline
2025-09-01 00:00:00,56173.21382161458,0.7106581667727895,3265.8689409722224,52906.63422247559,baseline
2025-09-01 01:00:00,53576.29360243055,0.550698559416665,2395.5181697591147,51180.22473411202,baseline
2025-09-01 02:00:00,51830.99500217014,0.5506367680099276,1920.421633165148,49910.02273223698,baseline
2025-09-01 03:00:00,50551.24951171875,0.632864720241891,1605.9055452473958,48944.71110175111,baseline
2025-09-01 04:00:00,49626.63595920139,0.670980211397012,1080.0413857014971,48545.9235932885,baseline
2025-09-01 05:00:00,49378.45095486111,0.7093020866976844,941.7681988525392,48435.97345392187,baseline
2025-09-01 06:00:00,49510.15247829861,0.7298475681742033,1027.899542778863,48481.52308795157,baseline
2025-09-01 07:00:00,49773.23519422743,0.7784887836707963,1401.3735800509985,48371.08312539276,baseline
2025-09-01 08:00:00,50141.2072374132,944.63241352929,1921.697756890191,47274.87706699372,baseline
2025-09-01 09:00:00,54141.119320746526,9701.691896972656,1617.2879121907552,42822.13951158311,baseline
2025-09-01 10:00:00,58967.8897265625,18312.94753689236,756.2085294596354,39898.733660210506,baseline
2025-09-01 11:00:00,61769.25566623264,19775.27564236111,1372.393411593967,40621.58661227756,baseline
2025-09-01 12:00:00,65652.19957465278,21120.88915581597,2498.016292860243,42033.294125976565,baseline
2025-09-01 13:00:00,67484.5486328125,21435.38785807292,2878.6427167426214,43170.51805799696,baseline
2025-09-01 14:00:00,69487.71845269097,21615.279303385418,3392.329075792101,44480.11007351345,baseline
2025-09-01 15:00:00,71039.89085069444,22288.374500868056,3612.1454375542535,45139.37091227213,baseline
2025-09-01 16:00:00,71979.30446614583,21156.27363064236,4120.470689019097,46702.56014648437,baseline
2025-09-01 17:00:00,72301.18792534723,19449.339720052085,4524.970021158854,48326.87818413629,baseline
2025-09-01 18:00:00,71938.26321614583,17263.099677734375,5253.602760823568,49421.56077758789,baseline
2025-09-01 19:00:00,70883.65696614583,11161.851959364149,4677.590601942275,55044.21440483941,baseline
2025-09-01 20:00:00,68651.21733506945,2640.660640190972,3830.029441460504,62180.527253417975,baseline
2025-09-01 21:00:00,66907.95845486112,11.829108919534418,4247.331304796007,62648.79804114557,baseline
2025-09-01 22:00:00,64925.78694010417,0.4911121104492081,4744.405426432291,60180.890401561424,baseline
2025-09-01 23:00:00,61100.25052300347,0.5135955532557435,4279.317751464844,56820.41917598537,baseline
2025-09-02 00:00:00,57339.1909483507,0.4734648777047793,4010.438106825087,53328.27937664791,baseline
2025-09-02 01:00:00,54211.833715277775,0.4671309709880087,3482.904523247613,50728.46206105917,baseline
2025-09-02 02:00:00,52199.21574869792,0.5725215545462238,2954.6077380371094,49244.03548910627,baseline
2025-09-02 03:00:00,51136.49197916667,0.556616713354985,2472.2026812065974,48663.73268124672,baseline
2025-09-02 04:00:00,50522.41245659722,0.4892597709099451,2127.0576437717014,48394.86555305461,baseline
2025-09-02 05:00:00,50305.661215277774,0.5240894307692846,1988.5661020236544,48316.57102382335,baseline
2025-09-02 06:00:00,50915.390028211805,12.66877618816164,1703.0566142781574,49199.66463774549,baseline
2025-09-02 07:00:00,53208.43658203125,26.989941448635527,1469.6924769422742,51711.75416364034,baseline
2025-09-02 08:00:00,53894.15865234375,1588.6920078701444,1523.2272195095486,50782.23942496406,baseline
2025-09-02 09:00:00,59186.82777994792,14077.508666992188,1399.0065857611762,43710.31252719456,baseline
2025-09-02 10:00:00,64421.7502061632,24718.963111979167,846.7719203694661,38856.015173814565,baseline
2025-09-02 11:00:00,67601.46288194445,27145.08434461805,1284.050678100586,39172.32785922581,baseline
2025-09-02 12:00:00,69121.10963975695,27283.27083333333,2321.2095845540366,39516.62922186958,baseline
2025-09-02 13:00:00,71842.435546875,26152.485963541665,3617.657528483073,42072.29205485026,baseline
2025-09-02 14:00:00,73735.71821614583,25317.038096788197,4250.255791829427,44168.42432752821,baseline
2025-09-02 15:00:00,75744.7227734375,24547.48907769097,4763.282888997396,46433.95080674914,baseline
2025-09-02 16:00:00,76364.23755642361,24200.79793185764,5951.691335720486,46211.74828884548,baseline
2025-09-02 17:00:00,76373.3417361111,24182.022791341147,6408.058143581814,45783.26080118815,baseline
2025-09-02 18:00:00,76300.04404079862,21668.937916666662,6929.810038519965,47701.29608561199,baseline
2025-09-02 19:00:00,75263.10804253472,13859.239077690972,6650.090651041667,54753.77831380208,baseline
2025-09-02 20:00:00,73960.65282552084,2866.1225322638616,6555.112329915364,64539.41796334161,baseline
2025-09-02 21:00:00,71534.43194444444,6.815602089613676,6944.9221472167965,64582.69419513803,baseline
2025-09-02 22:00:00,68634.91022786459,0.3627518141849173,7622.091476779514,61012.45599927089,baseline
2025-09-02 23:00:00,65235.0406640625,0.240651546832588,8267.73434624566,56967.065666270006,baseline
2025-09-03 00:00:00,60912.91972873264,0.4282178398470084,7171.67267469618,53740.81883619661,baseline
2025-09-03 01:00:00,57412.44411241319,0.4846044271025392,5429.591290825738,51982.36821716035,baseline
2025-09-03 02:00:00,55012.04013237848,0.5583052799767918,4059.523232014974,50951.95859508352,baseline
2025-09-03 03:00:00,53406.85962890625,0.5821693606343534,3013.809575737848,50392.46788380777,baseline
2025-09-03 04:00:00,52420.56385199653,0.47511344820261,2528.885153266059,49891.20358528227,baseline
2025-09-03 05:00:00,51986.383168402775,0.5071581035686864,1936.641793619792,50049.23421667941,baseline
2025-09-03 06:00:00,52789.12723958334,0.5521933136052556,1689.9932890489367,51098.5817572208,baseline
2025-09-03 07:00:00,54636.73001953125,0.6529057019121117,1552.5886372884115,53083.48847654092,baseline
2025-09-03 08:00:00,54955.16587456597,1768.1769677291977,1483.9381701660157,51703.05073667076,baseline
2025-09-03 09:00:00,60076.16081814236,14903.809927300346,1180.085557929145,43992.26533291287,baseline
2025-09-03 10:00:00,65875.8280750868,24824.05275390625,689.5511996799045,40362.22412150065,baseline
2025-09-03 11:00:00,67955.48981770834,27333.48873046875,946.1939059787328,39675.80718126085,baseline
2025-09-03 12:00:00,68524.92614583333,27066.56582248264,1255.4929676649306,40202.86735568577,baseline
2025-09-03 13:00:00,71607.80915364584,26923.863565538195,1375.7002205403646,43308.24536756727,baseline
2025-09-03 14:00:00,74309.22030381944,27531.438159722224,1334.3773757595486,45443.40476833767,baseline
2025-09-03 15:00:00,76136.97059027778,27542.52975802952,1552.6452418348524,47041.79559041341,baseline
2025-09-03 16:00:00,75879.67726996528,27159.83698513455,1994.490608384874,46725.349676445854,baseline
2025-09-03 17:00:00,76626.99383246528,25657.52573133681,2192.699445665148,48776.768655463326,baseline
2025-09-03 18:00:00,76496.89124131945,23133.600946180555,2198.119693739149,51165.17060139975,baseline
2025-09-03 19:00:00,75565.70210069444,14129.828889431425,2515.5901467556423,58920.28306450738,baseline
2025-09-03 20:00:00,73236.25088541667,2240.4690273284914,3725.846158582899,67269.93569950528,baseline
2025-09-03 21:00:00,71470.38072048611,2.986854413880242,6136.481370442708,65330.91249562952,baseline
2025-09-03 22:00:00,68388.26852864583,0.3039317288829221,8088.262874891493,60299.70172202545,baseline
2025-09-03 23:00:00,63823.284216579865,0.2485861259864436,9752.404192708333,54070.63143774554,baseline
2025-09-04 00:00:00,59620.36742838542,0.2534212575314774,11625.50201687283,47994.611990255056,baseline
2025-09-04 01:00:00,55755.76290690104,0.3097253506051169,12729.878314344618,43025.57486720582,baseline
2025-09-04 02:00:00,53355.08594618055,0.3430665984749794,13785.156682942708,39569.58619663937,baseline
2025-09-04 03:00:00,52031.78127278646,0.3404098462727334,14203.282265896269,37828.15859704392,baseline
2025-09-04 04:00:00,50562.71794270833,0.3207822185423639,13547.699364149306,37014.69779634048,baseline
2025-09-04 05:00:00,50294.55683159722,0.3234624200397067,12748.57050889757,37545.66286027961,baseline
2025-09-04 06:00:00,51025.44632378472,0.3251675657431284,12114.74390842014,38910.37724779884,baseline
2025-09-04 07:00:00,52441.90953125,0.4081889556845029,12177.204437934028,40264.296904360286,baseline
2025-09-04 08:00:00,53404.86385091146,1790.542772759464,12031.30508002387,39583.015998128125,baseline
2025-09-04 09:00:00,58396.82426649306,14648.70060546875,10701.742938368056,33046.38072265625,baseline
2025-09-04 10:00:00,61947.01080078125,25137.27871961805,6792.3147580295135,30017.417323133683,baseline
2025-09-04 11:00:00,65162.051875,27774.929652777777,6011.475085720486,31375.64713650173,baseline
2025-09-04 12:00:00,67911.91520399305,28381.075874565973,5568.9438259548615,33961.89550347222,baseline
2025-09-04 13:00:00,72420.03588107639,28279.04508680556,4776.35998046875,39364.63081380208,baseline
2025-09-04 14:00:00,75956.8583810764,28614.788313802084,4484.581067165798,42857.48900010852,baseline
2025-09-04 15:00:00,77207.25583333333,28669.29338107639,4338.495815972222,44199.46663628472,baseline
2025-09-04 16:00:00,78510.42235243056,28148.17899305556,4788.015032552084,45574.22832682292,baseline
2025-09-04 17:00:00,79662.36220486111,27181.45281684028,5619.060110134548,46861.849277886286,baseline
2025-09-04 18:00:00,80143.05635416666,23803.516684027774,6313.88197374132,50025.65769639757,baseline
2025-09-04 19:00:00,79375.22944444444,13672.102378472222,7453.185940755208,58249.94112521701,baseline
2025-09-04 20:00:00,77190.3365798611,1765.268498694102,9142.613520507812,66282.45456065919,baseline
2025-09-04 21:00:00,75178.10828993056,0.9953477048542764,12995.865755208331,62181.247187017376,baseline
2025-09-04 22:00:00,72521.21020833333,0.2215695164435439,16468.882473958332,56052.10616485855,baseline
2025-09-04 23:00:00,68498.53272569444,0.200168759226799,18926.92833767361,49571.4042192616,baseline
2025-09-05 00:00:00,64790.09002170139,0.238986241635349,20042.154468315974,44747.69656714378,baseline
2025-09-05 01:00:00,60933.26919704861,0.3638123100002606,21402.84886501736,39530.056519721256,baseline
2025-09-05 02:00:00,58413.23069878472,0.493577990680933,21814.10769314236,36598.62942765168,baseline
2025-09-05 03:00:00,56718.37829861111,0.5244776709212198,21066.38740017361,35651.46642076658,baseline
2025-09-05 04:00:00,56110.90695746528,0.3778568241993586,20490.502977430555,35620.026123210526,baseline
2025-09-05 05:00:00,55636.78104600695,0.3233156001898977,19862.511328125,35773.94640228176,baseline
2025-09-05 06:00:00,55777.446549479166,0.3119451553622882,18698.73219618056,37078.40240814324,baseline
2025-09-05 07:00:00,56774.20261284722,0.3735485682553715,17259.776801215277,39514.05226306368,baseline
2025-09-05 08:00:00,56929.66063802083,1267.8745118755764,15561.388483072917,40100.39764307234,baseline
2025-09-05 09:00:00,59129.52683159722,8784.334496527777,11902.758333333331,38442.43400173611,baseline
2025-09-05 10:00:00,63504.86571180556,14578.519192708334,9936.774029947916,38989.5724891493,baseline
2025-09-05 11:00:00,67464.08624565972,16745.444849175346,9592.093951822915,41126.54744466146,baseline
2025-09-05 12:00:00,70040.84527777777,18606.639346788197,8812.874106987847,42621.33182400173,baseline
2025-09-05 13:00:00,74028.700390625,19766.47165147569,8339.697437065972,45922.531302083335,baseline
2025-09-05 14:00:00,77681.9661111111,21827.400397135418,8775.652463107639,47078.91325086805,baseline
2025-09-05 15:00:00,78794.42631944445,21628.181867404517,10504.268409288194,46661.97604275175,baseline
2025-09-05 16:00:00,79539.4172048611,20178.89458984375,13038.235679253472,46322.286935763885,baseline
2025-09-05 17:00:00,79227.66786458333,17619.462172309028,13931.15814670139,47677.04754557292,baseline
2025-09-05 18:00:00,78704.64197048612,12920.349465060764,12690.937175564237,53093.35532986112,baseline
2025-09-05 19:00:00,77168.14336805555,5533.828667127821,12513.992240668404,59120.322460259325,baseline
2025-09-05 20:00:00,74457.10884548612,503.0431160916223,12392.791688368055,61561.27404102644,baseline
2025-09-05 21:00:00,72762.84683159723,0.6654178941622376,13579.790873480904,59182.39054022216,baseline
2025-09-05 22:00:00,69885.05230034722,0.4032028571267922,14165.217156032986,55719.43194145711,baseline
2025-09-05 23:00:00,66279.751171875,0.4600234550403224,14422.661097005208,51856.63005141476,baseline
2025-09-06 00:00:00,62078.09269097223,0.53567607200808,13746.570617404514,48330.9863974957,baseline
2025-09-06 01:00:00,59272.04417534722,0.488527221514119,12099.323366970486,47172.232281155215,baseline
2025-09-06 02:00:00,56882.4582421875,0.6170434648791949,10953.322240668404,45928.51895805422,baseline
2025-09-06 03:00:00,54379.483046875,0.6652392848994997,9493.901304253472,44884.91650333663,baseline
2025-09-06 04:00:00,53193.22205729166,0.6578108463022444,8576.279420572917,44616.28482587244,baseline
2025-09-06 05:00:00,52195.08994791667,0.6270328683654467,8150.384263237847,44044.07865181046,baseline
2025-09-06 06:00:00,51770.95881510417,0.6813024127483368,7770.321442057291,43999.95607063413,baseline
2025-09-06 07:00:00,51632.774505208334,0.7336831550134553,7105.217931857639,44526.82289019568,baseline
2025-09-06 08:00:00,52407.38949652778,255.2880518284109,6931.334326171875,45220.767118527496,baseline
2025-09-06 09:00:00,53488.93359375,2147.5716705322266,6262.493182508681,45078.86874070909,baseline
2025-09-06 10:00:00,56564.15015625,5516.873052300347,5382.691585828993,45664.58551812066,baseline
2025-09-06 11:00:00,59862.13935329861,9701.543936631944,4288.562670355903,45872.03274631077,baseline
2025-09-06 12:00:00,62526.35672309028,12763.179382595486,3062.7947265625,46700.38261393229,baseline
2025-09-06 13:00:00,63606.70999131945,15401.517981770834,2464.449438205296,45740.74257134332,baseline
2025-09-06 14:00:00,64129.36793402778,17844.842421875,2773.3357701280383,43511.18974202474,baseline
2025-09-06 15:00:00,64840.75027777778,18724.64558810764,3057.0943212890625,43059.010368381074,baseline
2025-09-06 16:00:00,65430.24980034722,17183.69924153646,2735.856678059896,45510.69388075087,baseline
2025-09-06 17:00:00,65847.71371527777,13619.796019965275,3115.461120876736,49112.45657443576,baseline
2025-09-06 18:00:00,65839.99382378472,11004.62095811632,3801.725888671875,51033.646976996526,baseline
2025-09-06 19:00:00,64427.60714409722,6402.305074869792,4390.940885959201,53634.36118326823,baseline
2025-09-06 20:00:00,62513.22893229167,894.6359695572323,4720.724599066841,56897.8683636676,baseline
2025-09-06 21:00:00,61368.75116319444,0.7628645084301631,4844.699982096354,56523.28831658966,baseline
2025-09-06 22:00:00,59954.27944878472,0.3648776901927259,5005.420215386284,54948.49435570824,baseline
2025-09-06 23:00:00,57465.39903645834,0.482448052432802,5000.180635850695,52464.73595255521,baseline
2025-09-07 00:00:00,54990.64617621528,0.5277581424183315,4502.681180013021,50487.43723805984,baseline
2025-09-07 01:00:00,52856.08100694444,0.5296674178375138,4303.8197941080725,48551.73154541853,baseline
2025-09-07 02:00:00,51088.16634114584,0.5986235485639837,3945.010281846788,47142.55743575048,baseline
2025-09-07 03:00:00,50033.332803819445,0.6789636667569479,3694.3721039496527,46338.28173620303,baseline
2025-09-07 04:00:00,48655.28502170139,0.6747385278675291,3251.5594525824654,45403.050830591055,baseline
2025-09-07 05:00:00,47862.819405381946,0.6950743046734068,3006.050349392361,44856.07398168491,baseline
2025-09-07 06:00:00,47651.06550347222,0.7150526276230812,3001.423925509983,44648.92652533462,baseline
2025-09-07 07:00:00,48022.15121527778,0.755128146343761,2839.018355848524,45182.37773128291,baseline
2025-09-07 08:00:00,48230.72228732639,494.5627357305421,3201.1431106228297,44535.01644097302,baseline
2025-09-07 09:00:00,50185.96805989584,4369.312969292535,2593.618646918402,43223.0364436849,baseline
2025-09-07 10:00:00,55023.5589702691,9465.625700683591,2339.763310411241,43218.169959174265,baseline
2025-09-07 11:00:00,57699.13292534722,13200.0163671875,2473.979653862847,42025.13690429687,baseline
2025-09-07 12:00:00,60599.02664930555,17929.287915581597,2585.09271077474,40084.646022949215,baseline
2025-09-07 13:00:00,59489.32403211806,20597.04122829861,2685.0223689778645,36207.26043484158,baseline
2025-09-07 14:00:00,57902.38798611111,20520.53226996528,2992.0144316948786,34389.84128445096,baseline
2025-09-07 15:00:00,59122.32044270833,19125.367313368057,3436.9246375868056,36560.028491753474,baseline
2025-09-07 16:00:00,60810.712799479166,16570.471698133682,3674.0754353841135,40566.165665961365,baseline
2025-09-07 17:00:00,61863.89230034722,15598.287316623264,5259.054371202257,41006.5506125217,baseline
2025-09-07 18:00:00,62442.183524305554,14200.23462565104,5971.285107421875,42270.66379123264,baseline
2025-09-07 19:00:00,61834.53030381945,8901.006413845485,6732.380927734375,46201.14296223959,baseline
2025-09-07 20:00:00,61312.52161024306,1737.4040493096245,7733.420548502604,51841.69701243083,baseline
2025-09-07 21:00:00,60770.11016927083,27.92724376618862,9363.640590820312,51378.54233468433,baseline
2025-09-07 22:00:00,59081.35758246528,0.4354944211244583,11492.521423611111,47588.40066443304,baseline
2025-09-07 23:00:00,56156.07033420139,0.4934882443481021,13140.100600043404,43015.47624591364,baseline
2025-09-08 00:00:00,52968.062265625,0.6360606914427546,12807.005557725695,40160.42064720786,baseline
2025-09-08 01:00:00,50053.63430121528,0.6915052196714613,12073.794891493057,37979.14790450256,baseline
2025-09-08 02:00:00,48352.74029947917,0.8159594434499741,11129.637272135416,37222.2870679003,baseline
2025-09-08 03:00:00,47446.20881510417,0.8254006062613594,10647.557044270834,36797.82637022707,baseline
2025-09-08 04:00:00,46493.69516927083,0.7651921896802054,10063.857048611111,36429.07292847004,baseline
2025-09-08 05:00:00,46442.27412760416,0.6769987010293537,9685.66302734375,36755.93410155938,baseline
2025-09-08 06:00:00,47780.125703125,0.7115713560581207,8930.138110894097,38849.27602087485,baseline
2025-09-08 07:00:00,49796.40251302083,0.7794878548052576,8907.458797743055,40888.164227422974,baseline
2025-09-08 08:00:00,50049.25350694444,1192.2333418198427,8996.559382595486,39860.46078252912,baseline
2025-09-08 09:00:00,51921.27490451389,9880.457215711804,7910.746946072049,34130.07074273004,baseline
2025-09-08 10:00:00,56133.47738715278,18918.294467230902,7737.162544487847,29478.02037543403,baseline
2025-09-08 11:00:00,60245.49684461806,24570.00943359375,7820.445782335069,27855.04162868924,baseline
2025-09-08 12:00:00,60938.31788194445,26856.43062934028,6849.848858506944,27232.038394097224,baseline
2025-09-08 13:00:00,61715.64679253472,27792.71576171875,6712.82534233941,27210.105688476564,baseline
2025-09-08 14:00:00,64240.64256076389,27895.48105251736,7275.203923611111,29069.95758463542,baseline
2025-09-08 15:00:00,66138.72548611111,27884.217847222222,7518.998489040799,30735.50914984809,baseline
2025-09-08 16:00:00,68388.89690104166,27513.927506510416,7852.99537109375,33021.9740234375,baseline
2025-09-08 17:00:00,69947.63098090277,26912.207445746528,7936.500151909722,35098.923383246525,baseline
2025-09-08 18:00:00,70135.41564236111,24168.61593532986,8327.029276801215,37639.77043023004,baseline
2025-09-08 19:00:00,68554.91096354167,14048.303840060764,8817.877253689236,45688.72986979167,baseline
2025-09-08 20:00:00,65733.37802517362,2114.718460682763,9453.80653971354,54164.85302477732,baseline
2025-09-08 21:00:00,63820.03709201389,1.1875331620044178,11633.770004340278,52185.079554511605,baseline
2025-09-08 22:00:00,61122.232083333336,0.3573446806106302,14906.802043185764,46215.07269546696,baseline
2025-09-08 23:00:00,56844.934782986114,0.2924276982744535,17097.43927734375,39747.20307794409,baseline
2025-09-09 00:00:00,52895.0558984375,0.2881060967180464,17250.169856770834,35644.59793556995,baseline
2025-09-09 01:00:00,49984.11833333333,0.3567542971173922,16818.38054470486,33165.38103433135,baseline
2025-09-09 02:00:00,47840.78256510416,0.4731328959431913,16241.55027126736,31598.759160940863,baseline
2025-09-09 03:00:00,46603.50353298611,0.4030214406881067,15921.275228949651,30681.82528259577,baseline
2025-09-09 04:00:00,45556.23067708333,0.3654174690445264,15933.834176432292,29622.031083181995,baseline
2025-09-09 05:00:00,45230.799032118055,0.4229869589043988,14896.525353190103,30333.850691969048,baseline
2025-09-09 06:00:00,46314.28030381945,0.6165618033872711,14243.946769748263,32069.7169722678,baseline
2025-09-09 07:00:00,48638.21328559028,0.5884191737903489,14127.090697699652,34510.53416871683,baseline
2025-09-09 08:00:00,49567.37893663195,1619.6549694146051,12846.046226128472,35101.67774108887,baseline
2025-09-09 09:00:00,51821.49005208333,14575.452466227214,9699.62840915256,27546.40917670356,baseline
2025-09-09 10:00:00,57348.70358940972,26041.477484809027,7433.605449761285,23873.62065483941,baseline
2025-09-09 11:00:00,58852.37781684028,28399.564401041665,7486.806201714409,22966.0072140842,baseline
2025-09-09 12:00:00,59534.210525173614,29436.171571180555,6431.755966796875,23666.28298719618,baseline
2025-09-09 13:00:00,61840.403812934026,29503.08663357205,5647.094272325304,26690.222907036677,baseline
2025-09-09 14:00:00,64932.7754296875,29441.447805989585,5524.328973524305,29966.99865017361,baseline
2025-09-09 15:00:00,67878.48189236112,29295.916742621528,6606.984568684896,31975.58058105469,baseline
2025-09-09 16:00:00,70645.80690104167,29265.446293402776,8515.845287543403,32864.51532009549,baseline
2025-09-09 17:00:00,72524.62461805556,28189.45511501736,10648.716457248263,33686.45304578994,baseline
2025-09-09 18:00:00,72601.67197916667,24331.60535590278,13332.306770833333,34937.75985243056,baseline
2025-09-09 19:00:00,70762.0950607639,13333.68310655382,15513.905141059027,41914.50681315105,baseline
2025-09-09 20:00:00,67621.51094618056,1638.752675625086,16524.480930989583,49458.27733956589,baseline
2025-09-09 21:00:00,65341.06049479167,0.2596789911720488,16339.67380750868,49001.12700829181,baseline
2025-09-09 22:00:00,62479.29951388889,0.3928850041660998,17773.053780381946,44705.85284850278,baseline
2025-09-09 23:00:00,58356.53830295139,0.3846385188731882,19150.32367621528,39205.82998821724,baseline
2025-09-10 00:00:00,54216.7775,0.4133067275583744,19666.19231336805,34550.17187990439,baseline
2025-09-10 01:00:00,51349.04387586805,0.3647447495990329,20136.38576605903,31212.293365059424,baseline
2025-09-10 02:00:00,49310.07336805556,0.3852903982334666,20233.659207899305,29076.028869758014,baseline
2025-09-10 03:00:00,48259.55430989584,0.5165690576699045,20185.612526041667,28073.4252147965,baseline
2025-09-10 04:00:00,47208.37342881945,0.4846029528313212,19686.13681206597,27521.752013800644,baseline
2025-09-10 05:00:00,46489.67499131944,0.6428685970107715,18721.82095703125,27767.211165691184,baseline
2025-09-10 06:00:00,47155.76751736111,0.6262910275657971,16339.465035807292,30815.676190526254,baseline
2025-09-10 07:00:00,49331.06214735243,0.6643180126117335,13746.565642089843,35583.83218724997,baseline
2025-09-10 08:00:00,50097.354296875,1594.5148812525802,11617.730636935765,36885.108778686656,baseline
2025-09-10 09:00:00,52512.5220703125,14461.18935872396,8285.365232204862,29765.96747938368,baseline
2025-09-10 10:00:00,57576.63491753472,25303.32862196181,5948.535515950521,26324.770779622395,baseline
2025-09-10 11:00:00,61075.53056423611,27696.59077690972,7245.599163953993,26133.3406233724,baseline
2025-09-10 12:00:00,62824.63916666667,28359.891178385416,6788.1489263237845,27676.599061957462,baseline
2025-09-10 13:00:00,65338.99762152778,28521.584715711804,6686.076081271702,30131.33682454428,baseline
2025-09-10 14:00:00,68598.35889756944,28729.020419921875,7772.672391493055,32096.66608615451,baseline
2025-09-10 15:00:00,72256.061484375,28806.96588107639,9536.22038736979,33912.87521592881,baseline
2025-09-10 16:00:00,75147.44619791667,28461.34864583333,11263.059262152778,35423.038289930555,baseline
2025-09-10 17:00:00,77302.25739583334,27401.775501302083,13333.295944010417,36567.18595052084,baseline
2025-09-10 18:00:00,77248.20366319445,23941.494129774303,14848.40984375,38458.299689670144,baseline
2025-09-10 19:00:00,75089.54086805556,13731.104940863715,15534.05674045139,45824.37918674045,baseline
2025-09-10 20:00:00,70860.57275173611,1851.6580636180768,14770.793701171877,54238.12098694616,baseline
2025-09-10 21:00:00,67975.19691840278,0.2737132982247405,15541.350825737847,52433.57237936671,baseline
2025-09-10 22:00:00,65466.459084201386,0.3182059189180533,17575.143331163195,47890.99754711928,baseline
2025-09-10 23:00:00,61779.15282986111,0.2871618034276697,19003.81643012153,42775.04923793615,baseline
2025-09-11 00:00:00,57719.69445746528,0.2090909566978613,19190.242810329863,38529.24255617872,baseline
2025-09-11 01:00:00,54683.587239583336,0.2628949821657604,19086.586356336804,35596.737988264365,baseline
2025-09-11 02:00:00,53365.56189236111,0.3711491734948423,18426.58071397569,34938.61002921192,baseline
2025-09-11 03:00:00,51395.6919921875,0.3455874897705184,18773.22609375,32622.12031094773,baseline
2025-09-11 04:00:00,49966.63388997396,0.4309004980822404,18368.26464463976,31597.93834483612,baseline
2025-09-11 05:00:00,49121.39717881945,0.4985227736582359,17402.792126736113,31718.10652930968,baseline
2025-09-11 06:00:00,50026.59918511285,99.45484098215898,16056.076953396268,33871.067390734424,baseline
2025-09-11 07:00:00,52107.917404513886,158.30447526719834,14361.044033203125,37588.568896043565,baseline
2025-09-11 08:00:00,52828.49985677083,1410.7439175213708,12600.729700520831,38817.02623872863,baseline
2025-09-11 09:00:00,56085.26452256944,14034.396567382812,9813.933423665365,32236.934531521263,baseline
2025-09-11 10:00:00,61096.09676215277,24596.14634548611,6982.452788628472,29517.49762803819,baseline
2025-09-11 11:00:00,63495.40154079861,26813.59529513889,8012.352701822917,28669.453543836804,baseline
2025-09-11 12:00:00,66065.18073784723,27820.64557074653,7428.305518663195,30816.229648437504,baseline
2025-09-11 13:00:00,69755.58861979167,27466.147482638888,5496.819342447917,36792.621794704864,baseline
2025-09-11 14:00:00,73587.74253472222,27390.058828125,5576.307896050347,40621.37581054687,baseline
2025-09-11 15:00:00,75969.32930555556,27038.2572265625,7712.134443359375,41218.93763563368,baseline
2025-09-11 16:00:00,78351.61876736111,27204.799422743057,9533.983294270833,41612.83605034722,baseline
2025-09-11 17:00:00,79209.26075520834,26376.99937934028,11626.32376844618,41205.937607421874,baseline
2025-09-11 18:00:00,78766.80125868056,23902.45214626736,13049.580074869791,41814.7690375434,baseline
2025-09-11 19:00:00,76445.09303819445,13802.45217936198,14321.446355251735,48321.19450358074,baseline
2025-09-11 20:00:00,73419.020390625,1710.7143353214528,14465.159048394096,57243.14700690945,baseline
2025-09-11 21:00:00,71101.62802951389,0.6431483061114946,15710.508381076388,55390.476500131386,baseline
2025-09-11 22:00:00,68199.471171875,0.4092150264978408,18390.1121875,49808.9497693485,baseline
2025-09-11 23:00:00,64429.77859375,0.3795299648576312,19591.58322048611,44837.81584329903,baseline
2025-09-12 00:00:00,60431.52347005208,0.4627569873299864,19540.09299641927,40890.96771664548,baseline
2025-09-12 01:00:00,56917.53800347223,0.4267198339435789,18801.23232855903,38115.87895507926,baseline
2025-09-12 02:00:00,54553.623020833336,0.5862285067968899,18329.01948784722,36224.01730447932,baseline
2025-09-12 03:00:00,52666.139813368056,0.3150402685172028,17174.237762586807,35491.58701051273,baseline
2025-09-12 04:00:00,51922.85129774306,0.3446774470806122,16321.410847439236,35601.095772856745,baseline
2025-09-12 05:00:00,51290.2026421441,0.5138254797955354,16030.081647135416,35259.607169528885,baseline
2025-09-12 06:00:00,51398.10020399305,0.6141323615113894,15493.934798177082,35903.55127345446,baseline
2025-09-12 07:00:00,53169.258125,0.8397024078170459,14654.270808376736,38514.14761421545,baseline
2025-09-12 08:00:00,53928.44940538194,1384.8066033349437,13643.424077690972,38900.218724356026,baseline
2025-09-12 09:00:00,57186.373129340274,13958.027274305556,10841.906011284722,32386.43984375,baseline
2025-09-12 10:00:00,64011.046171875,25208.260792100693,9990.908719618055,28811.876660156253,baseline
2025-09-12 11:00:00,66936.99342881945,26844.778734809028,11264.86910264757,28827.34559136285,baseline
2025-09-12 12:00:00,69419.04900173612,26460.486727430554,12092.414956597222,30866.14731770834,baseline
2025-09-12 13:00:00,72257.63725694445,27081.01475640191,11493.464096137152,33683.15840440539,baseline
2025-09-12 14:00:00,75234.87255642361,27178.218512912328,11429.379931911892,36627.274111599385,baseline
2025-09-12 15:00:00,77549.90864149305,26340.71569607205,12395.098234592017,38814.09471082898,baseline
2025-09-12 16:00:00,78483.60671875,26154.87852647569,14072.310414496527,38256.41777777778,baseline
2025-09-12 17:00:00,79272.72000868055,24940.47279947917,15388.551300998264,38943.69590820312,baseline
2025-09-12 18:00:00,79112.57310763889,21787.344635416663,16943.256886935764,40381.97158528646,baseline
2025-09-12 19:00:00,76468.69297743056,12146.641259765624,17991.99875,46330.05296766494,baseline
2025-09-12 20:00:00,72830.02962673611,1447.1292000968174,17157.313816189235,54225.58661045006,baseline
2025-09-12 21:00:00,70168.52452256944,0.2739255375497871,17017.816022135416,53150.43457489647,baseline
2025-09-12 22:00:00,67412.62001736111,0.3827167718940311,19653.369129774303,47758.86817081491,baseline
2025-09-12 23:00:00,64438.65327256944,0.4072970657547315,22151.872332899307,42286.373642604376,baseline
2025-09-13 00:00:00,61000.228424479166,0.4308638520869944,23122.49519748264,37877.30236314444,baseline
2025-09-13 01:00:00,57440.20789930556,0.3764229381332795,22456.097215711805,34983.73426065562,baseline
2025-09-13 02:00:00,55093.57872395834,0.484587718281481,21328.21029079861,33764.88384544144,baseline
2025-09-13 03:00:00,52687.330842013886,0.512249385813872,20727.14418185764,31959.674410770436,baseline
2025-09-13 04:00:00,50853.363324652775,0.5243749031755659,19817.311966145837,31035.52698360377,baseline
2025-09-13 05:00:00,49508.002356770834,0.6343340897228983,18131.60009765625,31375.767925024866,baseline
2025-09-13 06:00:00,49590.627494574655,0.7190239872617854,16258.811281467011,33331.09718912038,baseline
2025-09-13 07:00:00,49873.50494791667,0.6881241748730341,14663.805418836806,35209.01140490499,baseline
2025-09-13 08:00:00,50219.33940104167,1341.201052814126,12926.022868923612,35952.11547930393,baseline
2025-09-13 09:00:00,54025.00200086806,13113.747020399303,10153.682701822916,30757.572278645835,baseline
2025-09-13 10:00:00,60774.05555121528,23555.734296875,9901.215525173611,27317.105729166666,baseline
2025-09-13 11:00:00,65332.9841015625,25656.565407986112,12786.579945746527,26889.83874782986,baseline
2025-09-13 12:00:00,67173.37505208333,26368.010225694445,13771.979490017362,27033.38533637152,baseline
2025-09-13 13:00:00,69853.70373263888,26369.28692057292,14107.75091905382,29376.66589301214,baseline
2025-09-13 14:00:00,72136.456796875,25480.808472222223,14266.891290147569,32388.75703450521,baseline
2025-09-13 15:00:00,74233.94227430556,24247.03301432292,14934.17724934896,35052.732010633685,baseline
2025-09-13 16:00:00,75879.13787326388,22277.554641927083,15639.440339626735,37962.142891710064,baseline
2025-09-13 17:00:00,76696.12581597222,21013.27154079861,16389.611185980903,39293.24308919271,baseline
2025-09-13 18:00:00,75773.22001519098,17772.140668945314,15050.956522894963,42950.1228233507,baseline
2025-09-13 19:00:00,72981.65524305556,8598.371378851996,14265.308138020831,50117.97572618273,baseline
2025-09-13 20:00:00,69177.84346354166,569.9896049836112,14192.371398654514,54415.482459903535,baseline
2025-09-13 21:00:00,67049.98139756944,0.2781760824802849,15633.824563802084,51415.87865768488,baseline
2025-09-13 22:00:00,64184.31620225695,0.3304759534200032,16171.367720269098,48012.61800603443,baseline
2025-09-13 23:00:00,61727.614839409725,0.4257780223257011,18265.79633246528,43461.39272892212,baseline
2025-09-14 00:00:00,58854.99878472222,0.4060978516936302,19522.06614583333,39332.5265410372,baseline
2025-09-14 01:00:00,55670.79000434028,0.469126851045423,19763.213878038197,35907.10699945103,baseline
2025-09-14 02:00:00,53409.256766493054,0.5077806029717128,18182.11063151041,35226.63835437967,baseline
2025-09-14 03:00:00,52377.86477539063,0.4098480125185516,16106.649703776042,36270.80522360207,baseline
2025-09-14 04:00:00,50674.20197482639,0.561477551360925,14321.874925130209,36351.765572144825,baseline
2025-09-14 05:00:00,48779.19944878472,0.6449505500661002,11976.174261067708,36802.380237166944,baseline
2025-09-14 06:00:00,48243.6282421875,0.6218311904205216,10851.839560546876,37391.1668504502,baseline
2025-09-14 07:00:00,48204.372834201386,0.616392950879203,9851.736327039933,38352.02011421058,baseline
2025-09-14 08:00:00,48686.27717881944,1071.9213065253364,8812.464801432292,38801.89107086181,baseline
2025-09-14 09:00:00,52973.77631076389,10559.269251302085,8607.325534939237,33807.18152452257,baseline
2025-09-14 10:00:00,59365.06462239583,19477.172180989583,9104.838139105905,30783.05430230035,baseline
2025-09-14 11:00:00,64064.881015625,23030.8592578125,11976.428472222222,29057.59328559028,baseline
2025-09-14 12:00:00,65366.05386284722,25788.586629774305,13353.05795030382,26224.4092827691,baseline
2025-09-14 13:00:00,68023.57383680556,25889.54894314236,13317.561362847222,28816.463530815978,baseline
2025-09-14 14:00:00,71139.57941840278,25551.89417534722,12538.29417751736,33049.39106553819,baseline
2025-09-14 15:00:00,73447.169453125,23610.463778211804,11596.206196831596,38240.49947808159,baseline
2025-09-14 16:00:00,74914.17365451388,22609.23064453125,11189.794186197916,41115.14882378472,baseline
2025-09-14 17:00:00,75518.66456597223,20993.65785373264,10513.293391927084,44011.713320312505,baseline
2025-09-14 18:00:00,75134.7072265625,16405.54759168837,11028.091662055122,47701.067972819015,baseline
2025-09-14 19:00:00,73581.72430555556,8394.459608018664,12348.543293185763,52838.721404351134,baseline
2025-09-14 20:00:00,71093.38103298612,964.1419695668088,13446.44170030382,56682.79736311549,baseline
2025-09-14 21:00:00,69045.83410590277,0.3723780610164006,14077.55470920139,54967.90701864037,baseline
2025-09-14 22:00:00,66074.10736328125,0.4304080077426301,15492.441952853733,50581.23500241977,baseline
2025-09-14 23:00:00,62342.321380208334,0.4557004887693458,14179.55575846354,48162.30992125602,baseline
2025-09-15 00:00:00,58957.52749131944,0.4237620857689115,13573.952590060764,45383.15113917292,baseline
2025-09-15 01:00:00,55436.28058159722,0.4037916801952653,12887.235086805556,42548.64170311147,baseline
2025-09-15 02:00:00,53781.49018229167,0.3214048740184969,12172.736481119791,41608.432296297855,baseline
2025-09-15 03:00:00,52652.63053819445,0.3923304809629917,11969.57011501736,40682.66809269613,baseline
2025-09-15 04:00:00,51457.866197916665,0.5285168803069327,11503.706077473958,39953.6316035624,baseline
2025-09-15 05:00:00,50807.55141493055,0.5820101208488146,11533.149052734376,39273.82035207533,baseline
2025-09-15 06:00:00,51390.93634982639,0.4967563474343883,11030.22833875868,40360.21125472028,baseline
2025-09-15 07:00:00,53271.43553819445,0.4816265980402628,9955.470028211805,43315.4838833846,baseline
2025-09-15 08:00:00,53745.35319010416,876.8197757348087,8914.620928819444,43953.91248554991,baseline
2025-09-15 09:00:00,56416.89865451389,11350.549745279948,7101.961877170139,37964.3870320638,baseline
2025-09-15 10:00:00,62303.04837673612,22448.538678385416,5123.58476671007,34730.92493164063,baseline
2025-09-15 11:00:00,65718.60384548611,26006.062923177084,5701.702359483507,34010.83856282552,baseline
2025-09-15 12:00:00,67560.33792534722,27219.87488064236,6122.859841037326,34217.60320366754,baseline
2025-09-15 13:00:00,70887.80456597223,27264.35598958333,6891.640915256076,36731.807661132814,baseline
2025-09-15 14:00:00,74191.46857638888,26321.75521918403,6517.706380208333,41352.00697699652,baseline
2025-09-15 15:00:00,76282.30125,24883.64980251736,6205.484099934896,45193.167347547744,baseline
2025-09-15 16:00:00,77773.033828125,23199.144171006945,6988.514339192709,47585.37531792535,baseline
2025-09-15 17:00:00,78707.44600694445,21536.16093315972,8184.155007052951,48987.13006673177,baseline
2025-09-15 18:00:00,78145.15008680556,18682.92573784722,9542.688587239583,49919.53576171876,baseline
2025-09-15 19:00:00,75765.93641493056,9640.609925130208,10556.92765842014,55568.39883138021,baseline
2025-09-15 20:00:00,72610.85564236112,850.3505731428994,10919.092925347222,60841.41214387099,baseline
2025-09-15 21:00:00,70359.14569444445,0.3526870672901471,12513.472564019095,57845.32044335806,baseline
2025-09-15 22:00:00,67052.55802517361,0.3927163180874453,15512.38165907118,51539.78364978434,baseline
2025-09-15 23:00:00,63059.62390625,0.4988175705737537,16987.36796875,46071.75711992943,baseline
2025-09-16 00:00:00,58926.947981770834,0.3793464830848905,16608.15382921007,42318.41480607768,baseline
2025-09-16 01:00:00,55551.424735243054,0.4325656801131036,15850.90970594618,39700.08246361676,baseline
2025-09-16 02:00:00,53404.741480034725,0.302138604025046,15222.671611328124,38181.767730102576,baseline
2025-09-16 03:00:00,52297.51662326389,0.3954501940806706,14365.475967881945,37931.64520518786,baseline
2025-09-16 04:00:00,50585.86381510417,0.4932284144229359,13519.590498046877,37065.78008864287,baseline
2025-09-16 05:00:00,49717.46264322917,0.5458435335093075,12265.205173611112,37451.71162608455,baseline
2025-09-16 06:00:00,50512.061167534725,0.5463657275338968,11214.62509440104,39296.88970740615,baseline
2025-09-16 07:00:00,52298.27977864583,0.5168735058440103,10022.465730251735,42275.297174888256,baseline
2025-09-16 08:00:00,52729.75683919271,1154.732295006348,9080.09678032769,42494.927763858665,baseline
2025-09-16 09:00:00,56304.47211805556,12758.304067925346,6919.7418424479165,36626.42620768229,baseline
2025-09-16 10:00:00,61155.36377170139,24230.979201388887,4491.975967881945,32432.40860243056,baseline
2025-09-16 11:00:00,63175.34047743055,27117.976102430555,4523.90237358941,31533.46200141059,baseline
2025-09-16 12:00:00,66022.37534722222,27367.09910807292,4791.373364800347,33863.90287434895,baseline
2025-09-16 13:00:00,69399.06108289931,26551.770503472224,4530.403759358724,38316.886820068365,baseline
2025-09-16 14:00:00,72876.16678385416,25063.12257107205,5448.907473551432,42364.13673923068,baseline
2025-09-16 15:00:00,75611.27195963541,24660.17190592448,6411.573165961371,44539.52688774957,baseline
2025-09-16 16:00:00,77465.54260416667,24008.62324001736,7112.608122287326,46344.31124186198,baseline
2025-09-16 17:00:00,78339.72078125,22681.915342881945,7803.22465657552,47854.58078179254,baseline
2025-09-16 18:00:00,77874.9212326389,20012.319819878478,8801.793229166668,49060.80818359376,baseline
2025-09-16 19:00:00,75379.42578993055,9789.947286783854,8600.691925998264,56988.78657714844,baseline
2025-09-16 20:00:00,72415.05719618055,828.7154534183153,8183.940656467013,63402.40108629523,baseline
2025-09-16 21:00:00,70069.15873263888,0.1660105505088965,9526.485748697916,60542.50697339046,baseline
2025-09-16 22:00:00,67046.03289496528,0.1748045650290118,11966.772408854167,55079.08568154608,baseline
2025-09-16 23:00:00,63049.34862413195,0.1725875805649492,13712.655279947916,49336.520756603466,baseline
2025-09-17 00:00:00,59698.49263129341,0.4694394663555754,15148.684323459202,44549.33886836785,baseline
2025-09-17 01:00:00,56036.086510416666,0.3710129424267345,15241.958080512151,40793.757416962086,baseline
2025-09-17 02:00:00,53308.95071180556,0.330427036434412,14336.722263454862,38971.89802131426,baseline
2025-09-17 03:00:00,52541.9459375,0.3424090477493074,13468.96142903646,39072.6420994158,baseline
2025-09-17 04:00:00,51052.80992621528,0.3299580597380797,13304.386460503472,37748.09350765207,baseline
2025-09-17 05:00:00,50631.29975694444,0.2774111119243834,12822.466824001736,37808.55552183078,baseline
2025-09-17 06:00:00,50815.93749565973,0.3088948149813546,12107.899822048612,38707.72877879613,baseline
2025-09-17 07:00:00,52714.16979166667,0.3472514358990722,11295.530750868056,41418.29178936272,baseline
2025-09-17 08:00:00,53274.51334635416,1106.2874014982913,10413.935504557292,41754.29044029858,baseline
2025-09-17 09:00:00,56510.321501736114,12614.113315429688,8273.167937825521,35623.0402484809,baseline
2025-09-17 10:00:00,62190.480047743054,23951.35446397569,4940.016362847222,33299.10922092014,baseline
2025-09-17 11:00:00,64871.925360243054,26197.79232855903,5886.586461046007,32787.54657063802,baseline
2025-09-17 12:00:00,66918.95695746527,26363.38990885417,6275.513991970486,34280.05305664062,baseline
2025-09-17 13:00:00,70631.20789279514,25769.66956705729,5561.697254367405,39299.84107137044,baseline
2025-09-17 14:00:00,74228.69899956597,23821.843369140624,5758.351944986979,44648.503685438365,baseline
2025-09-17 15:00:00,76701.13831597222,22808.22133897569,6614.928875868056,47277.98810112847,baseline
2025-09-17 16:00:00,78144.73957248263,21552.354934895837,7685.644523383246,48906.74011420355,baseline
2025-09-17 17:00:00,78649.06103298611,19753.224947916668,8649.593179253472,50246.24290581597,baseline
2025-09-17 18:00:00,77637.54722005209,15915.72967936198,9388.441414659288,52333.37612603082,baseline
2025-09-17 19:00:00,75026.28649305555,8422.67648030599,9094.174174262153,57509.43583848741,baseline
2025-09-17 20:00:00,71841.27526909723,818.2419863785844,8514.686979166667,62508.34630355197,baseline
2025-09-17 21:00:00,69688.87936631944,0.1160115456001626,9509.906170789933,60178.85718398391,baseline
2025-09-17 22:00:00,66941.04147569444,0.1913237147364351,10882.662291666667,56058.18786031303,baseline
2025-09-17 23:00:00,63216.33717013889,3.916993421051237,12451.96160373264,50760.4585729852,baseline
2025-09-18 00:00:00,59492.35911024306,0.2578302178614669,12748.044116753472,46744.057163271726,baseline
2025-09-18 01:00:00,56608.146584201386,0.2650504376159774,13279.387087673613,43328.49444609016,baseline
2025-09-18 02:00:00,54384.88963107639,0.2821042244301902,12811.26150282118,41573.346024030776,baseline
2025-09-18 03:00:00,52166.77145399305,0.2924122358030743,11475.939304470488,40690.53973728676,baseline
2025-09-18 04:00:00,50875.905855034725,0.2957542390293545,10718.347829861112,40157.26227093459,baseline
2025-09-18 05:00:00,50812.69550347222,0.3210862900978989,10363.112760416669,40449.261656765455,baseline
2025-09-18 06:00:00,51190.54326497396,0.3243638504958815,8582.716790500217,42607.502110623245,baseline
2025-09-18 07:00:00,52947.34746961806,0.2917772646579477,6925.597374131945,46021.458318221456,baseline
2025-09-18 08:00:00,53626.13776475695,947.734614149034,6608.159744466146,46070.243406141766,baseline
2025-09-18 09:00:00,56739.19142903646,11590.424082573783,5276.959627143012,39871.80771931967,baseline
2025-09-18 10:00:00,62484.11866319445,22754.556399739584,3136.4881846788194,36593.07407877605,baseline
2025-09-18 11:00:00,66165.76964409722,25083.41802517361,2756.0700575086807,38326.28156141493,baseline
2025-09-18 12:00:00,68190.32446180556,24646.342003038197,3208.315038791233,40335.66741997613,baseline
2025-09-18 13:00:00,71255.61683159722,24314.00770399305,3966.8883702256944,42974.72075737847,baseline
2025-09-18 14:00:00,74289.43869791667,23364.55945746528,4801.661790364583,46123.21745008681,baseline
2025-09-18 15:00:00,76261.5684375,22443.967918836806,5721.592657877604,48096.00786078558,baseline
2025-09-18 16:00:00,77226.49588975694,20967.436668836806,6691.2458984375,49567.81332248264,baseline
2025-09-18 17:00:00,77405.2732921007,18271.734993489583,6232.330251057942,52901.20804755317,baseline
2025-09-18 18:00:00,76589.24893663195,15220.213026801215,6506.272219509548,54862.76369032118,baseline
2025-09-18 19:00:00,73722.83618706597,7828.756164008247,6814.754245198567,59079.32577785916,baseline
2025-09-18 20:00:00,71329.93021267361,598.0734561636713,7145.091151801215,63586.76560470873,baseline
2025-09-18 21:00:00,69249.54388020834,0.2362675894962417,7668.026839735243,61581.2807728836,baseline
2025-09-18 22:00:00,66591.3359548611,0.1873376912871996,8655.811643337674,57935.33697383214,baseline
2025-09-18 23:00:00,63229.75998806424,0.1753412648331787,9181.062191840278,54048.52245495912,baseline
2025-09-19 00:00:00,59210.31841579861,0.2991896372040112,9461.042371961805,49748.9768541996,baseline
2025-09-19 01:00:00,56173.10392361111,0.3293682452374034,9672.365521918402,46500.40903344748,baseline
2025-09-19 02:00:00,54034.54570746528,0.337501093811459,9255.016097005207,44779.19210936626,baseline
2025-09-19 03:00:00,53193.37462673611,0.3421354929771688,8865.79081814236,44327.241673100776,baseline
2025-09-19 04:00:00,51781.65876736112,0.354676865786314,8663.631046006945,43117.67304448838,baseline
2025-09-19 05:00:00,51137.27281032986,0.3448153369873762,7481.741927625868,43655.186067367,baseline
2025-09-19 06:00:00,51593.6065234375,0.3511291239990128,6742.222143012153,44851.03325130135,baseline
2025-09-19 07:00:00,53332.30766493056,0.3698726161321004,6309.715725911458,47022.22206640297,baseline
2025-09-19 08:00:00,54040.17420572916,953.6041727431616,6377.413440755208,46709.15659223079,baseline
2025-09-19 09:00:00,57818.532960069446,11392.293024088542,5361.909622395833,41064.33031358507,baseline
2025-09-19 10:00:00,63777.475030381946,22052.144442274304,3341.081916503906,38384.24867160374,baseline
2025-09-19 11:00:00,66785.72605902777,25696.22436631945,3092.8130202907987,37996.68867241753,baseline
2025-09-19 12:00:00,67509.2312890625,26151.81297688802,3270.771628757053,38086.64668341743,baseline
2025-09-19 13:00:00,69888.20799479166,25421.430503472224,3368.6552077907986,41098.122283528646,baseline
2025-09-19 14:00:00,73331.8470138889,25424.690796440973,3597.3453016493054,44309.81091579862,baseline
2025-09-19 15:00:00,75531.7036892361,24453.4059375,4579.320075412326,46498.97767632378,baseline
2025-09-19 16:00:00,77318.48865451389,23688.301678059892,5890.194119059245,47739.99285739475,baseline
2025-09-19 17:00:00,78272.19813368056,23281.10139702691,7123.808776719835,47867.28795993382,baseline
2025-09-19 18:00:00,77456.67921875,20130.23176432292,8564.334147677951,48762.113306749125,baseline
2025-09-19 19:00:00,74677.86094618056,9339.90651204427,9075.454469401042,56262.49996473525,baseline
2025-09-19 20:00:00,71210.378515625,662.1621051234835,9415.51376139323,61132.70264910828,baseline
2025-09-19 21:00:00,68958.35753472222,0.2390471841808822,10716.424677734374,58241.69380980366,baseline
2025-09-19 22:00:00,66443.73569335937,0.3306182317849662,13320.529147135416,53122.875927992165,baseline
2025-09-19 23:00:00,62918.649058159725,0.3641895530290074,14562.432521701388,48355.8523469053,baseline
2025-09-20 00:00:00,59718.71182725694,0.3507479623291227,14064.543638237848,45653.817441056766,baseline
2025-09-20 01:00:00,56909.06036892361,0.358756667168604,13901.000499945749,43007.70111231069,baseline
2025-09-20 02:00:00,54363.3795703125,0.3698000166151258,14117.491813151042,40245.51795714484,baseline
2025-09-20 03:00:00,52756.28002170139,0.3684241967068778,14250.916613498264,38504.994984006415,baseline
2025-09-20 04:00:00,51269.520199652776,0.3738288247254159,14491.833363715275,36777.31300711277,baseline
2025-09-20 05:00:00,50237.16887152778,0.3671061294608645,13347.72880859375,36889.07295680456,baseline
2025-09-20 06:00:00,49400.43700520833,0.3380896256367365,12482.453019748264,36917.64589583443,baseline
2025-09-20 07:00:00,49776.082300347225,0.3511841291851467,11656.839067925348,38118.89204829269,baseline
2025-09-20 08:00:00,50055.56958333333,987.3182481436264,10698.539322916668,38369.71201227304,baseline
2025-09-20 09:00:00,54181.36501736111,10564.237486436632,8821.7778125,34795.34971842448,baseline
2025-09-20 10:00:00,60115.16310329861,20012.57603515625,6314.934635416666,33787.65243272569,baseline
2025-09-20 11:00:00,64260.4880078125,22868.854694010417,6690.454854600695,34701.17845920139,baseline
2025-09-20 12:00:00,67436.00243923611,23998.18603081597,7918.21145562066,35519.60495279948,baseline
2025-09-20 13:00:00,69273.01044270833,24694.466827256943,6832.00404405382,37746.53957139757,baseline
2025-09-20 14:00:00,71883.64322916667,24625.75230685764,6793.786274414062,40464.10464789497,baseline
2025-09-20 15:00:00,74126.28190104167,23497.54350043403,8214.089043511285,42414.64935709636,baseline
2025-09-20 16:00:00,75750.37654947917,21568.34642578125,10384.06136610243,43797.968757595496,baseline
2025-09-20 17:00:00,76159.4185546875,20362.274326171875,11946.986022135416,43850.158206380205,baseline
2025-09-20 18:00:00,75530.09109375,17233.725651041666,12895.630609809028,45400.73483289931,baseline
2025-09-20 19:00:00,73010.83425347222,8337.170845540364,14007.463484157986,50666.19992377386,baseline
2025-09-20 20:00:00,70181.10264756944,726.0932238706781,13794.840929904514,55660.16849379425,baseline
2025-09-20 21:00:00,68121.96836805556,0.2155952770345741,15600.200404730902,52521.552368047625,baseline
2025-09-20 22:00:00,65738.61419270834,0.3184786994755268,17091.687022569444,48646.60869143942,baseline
2025-09-20 23:00:00,62579.56980034722,0.3112660525739193,18246.71939561632,44332.53913867833,baseline
2025-09-21 00:00:00,59513.00775173611,0.340922313084205,18394.7059765625,41117.96085286053,baseline
2025-09-21 01:00:00,56774.18681423611,0.3972803367508782,19051.046276041667,37722.7432578577,baseline
2025-09-21 02:00:00,54494.666827256944,0.561554874446657,19152.671232638888,35341.43403974361,baseline
2025-09-21 03:00:00,52951.99967447917,0.5240651185976134,19514.93529079861,33436.54031856196,baseline
2025-09-21 04:00:00,51596.09412760416,0.5305608804689513,18544.57748046875,33050.98608625494,baseline
2025-09-21 05:00:00,50368.80950954861,0.5389344212743971,18113.66542751736,32254.60514760998,baseline
2025-09-21 06:00:00,49989.51084635417,0.3611841707097159,16867.853257378472,33121.29640480499,baseline
2025-09-21 07:00:00,50040.71455729166,0.3637729188468721,15471.54158094618,34568.80920342664,baseline
2025-09-21 08:00:00,50182.28888020833,958.2093780607316,13370.265531684028,35853.81397046357,baseline
2025-09-21 09:00:00,54286.195,12536.2957421875,10973.60978407118,30776.28947374132,baseline
2025-09-21 10:00:00,61332.32764756944,24314.00359375,9779.357808159722,27238.96624565972,baseline
2025-09-21 11:00:00,63312.67102864583,25490.68650390625,10051.556187065971,27770.42833767361,baseline
2025-09-21 12:00:00,66627.07350260417,25306.95090711805,9197.593980034722,32122.52861545139,baseline
2025-09-21 13:00:00,69994.19348090277,25043.05597222222,8327.686844618056,36623.4506640625,baseline
2025-09-21 14:00:00,72284.3911328125,24369.19067220052,7394.7645232476125,40520.43593736436,baseline
2025-09-21 15:00:00,74502.78115451388,22540.241317274307,7382.528735351562,44580.01110188801,baseline
2025-09-21 16:00:00,76113.31172743056,20834.33735460069,8105.690975477431,47173.283397352425,baseline
2025-09-21 17:00:00,76991.488359375,19807.219235568577,10125.855048828123,47058.4140749783,baseline
2025-09-21 18:00:00,76284.31426215278,18298.895609809028,10428.058331163194,47557.36032118056,baseline
2025-09-21 19:00:00,74221.77327690972,8854.800705837673,11814.26035888672,53552.71221218533,baseline
2025-09-21 20:00:00,71754.66953993056,710.2741247364879,12768.934250217017,58275.46116497706,baseline
2025-09-21 21:00:00,69477.25072048612,0.2409424803157647,14170.39583658854,55306.61394141727,baseline
2025-09-21 22:00:00,66741.6649609375,0.3413595663507779,14254.235161675348,52487.0884396958,baseline
2025-09-21 23:00:00,63060.21196614584,0.3542202275991439,14911.253518880209,48148.60422703803,baseline
2025-09-22 00:00:00,59572.39273003472,0.2573902486430274,15576.57329969618,43995.5620400899,baseline
2025-09-22 01:00:00,56664.87310763889,0.214443782120943,16022.43375108507,40642.22491277169,baseline
2025-09-22 02:00:00,54700.5790234375,0.217107418825229,15425.423544921876,39274.9383710968,baseline
2025-09-22 03:00:00,53416.31811197917,0.2333170821931627,14995.83087999132,38420.25391490565,baseline
2025-09-22 04:00:00,52734.5329296875,0.2474230079518424,15283.036070963542,37451.249435716,baseline
2025-09-22 05:00:00,52968.03256944445,0.3033498579263687,15004.841397569444,37962.88782201707,baseline
2025-09-22 06:00:00,54465.67794704861,0.3724395160211457,14315.79150716146,40149.514000371135,baseline
2025-09-22 07:00:00,55674.32798177083,0.4319194482432471,12867.17490451389,42806.7211578087,baseline
2025-09-22 08:00:00,56724.46052951389,793.4147161338395,12654.183897569445,43276.86191581061,baseline
2025-09-22 09:00:00,59157.78121527778,9876.944584418405,10950.539431423613,38330.297199435765,baseline
2025-09-22 10:00:00,65690.97212673612,20187.066444227432,9347.302750651044,36156.60293185764,baseline
2025-09-22 11:00:00,67721.4790625,22083.578435329862,8849.158134765625,36788.74249240452,baseline
2025-09-22 12:00:00,69612.40432291667,24780.160371636284,6984.717486165365,37847.52646511502,baseline
2025-09-22 13:00:00,72453.12287326388,23899.906434461805,6330.6162114800345,42222.60022732205,baseline
2025-09-22 14:00:00,75674.52816840277,24006.059459635417,6903.588925238715,44764.87978352864,baseline
2025-09-22 15:00:00,78076.71164930555,23153.180403645834,7071.96396592882,47851.567279730894,baseline
2025-09-22 16:00:00,78867.5188888889,21025.18290581597,7409.656943359375,50432.67903971355,baseline
2025-09-22 17:00:00,79546.0658485243,21338.567988823783,8184.235734320747,50023.26212537977,baseline
2025-09-22 18:00:00,79365.30558159722,18487.219028862848,10521.754009331597,50356.33254340277,baseline
2025-09-22 19:00:00,77835.67689236111,8727.197020128038,12307.521333550349,56800.95853868272,baseline
2025-09-22 20:00:00,76051.51677951388,612.3131673127743,14961.397991536458,60477.80562066465,baseline
2025-09-22 21:00:00,74302.30690972222,0.380916040158934,18374.317407769096,55927.60858591297,baseline
2025-09-22 22:00:00,71038.74745659722,0.4309976873132917,20623.565965711805,50414.75049319811,baseline
2025-09-22 23:00:00,67692.58235243056,0.4369980818778276,22320.75535481771,45371.38999953098,baseline
2025-09-23 00:00:00,63960.70022569445,0.7106342235787048,23025.381962890624,40934.60762858024,baseline
2025-09-23 01:00:00,60620.78677842882,0.3341122136265039,21668.947804904517,38951.50486131068,baseline
2025-09-23 02:00:00,58040.75159722223,0.4179191322790251,20666.990763888887,37373.34291420106,baseline
2025-09-23 03:00:00,56298.59227430556,0.5825454648998049,19656.831069878477,36641.17865896218,baseline
2025-09-23 04:00:00,55104.200967881945,0.7041944466034571,17558.187511935765,37545.30926149958,baseline
2025-09-23 05:00:00,55192.23844184028,0.7755158171719975,16910.62845377604,38280.834472247065,baseline
2025-09-23 06:00:00,55996.57624565972,0.7812997813357248,17587.47093532986,38408.32401054853,baseline
2025-09-23 07:00:00,57953.423255208334,0.5820859817332692,17970.353745659722,39982.48742356688,baseline
2025-09-23 08:00:00,58398.64104600695,579.8354465588264,17063.01154296875,40755.79405647937,baseline
2025-09-23 09:00:00,61006.62488715278,8945.315358886719,13869.177547743056,38192.131980523,baseline
2025-09-23 10:00:00,67459.26354166666,18648.359741753477,13207.679059244792,35603.2247406684,baseline
2025-09-23 11:00:00,70983.41076605902,22335.84995279948,14640.775386827258,34006.78542643229,baseline
2025-09-23 12:00:00,72403.2449045139,24191.685030381945,13945.795961371528,34265.76391276042,baseline
2025-09-23 13:00:00,75102.2238454861,24835.345544704865,11764.241610243056,38502.63669053819,baseline
2025-09-23 14:00:00,78477.80481770834,25128.551544596357,9740.958251139324,43608.29502197266,baseline
2025-09-23 15:00:00,79423.66753038195,25208.386597222223,8631.774383138021,45583.5065500217,baseline
2025-09-23 16:00:00,79599.26380208334,24959.8166015625,7868.128316107856,46771.31888441298,baseline
2025-09-23 17:00:00,79765.91297743056,23188.64607204861,7907.751353624132,48669.515551757824,baseline
2025-09-23 18:00:00,79378.22196180555,19890.4582562934,9415.903003472222,50071.86070203993,baseline
2025-09-23 19:00:00,78107.71696180555,8894.922577311198,11876.702659505208,57336.09172498914,baseline
2025-09-23 20:00:00,75708.10765625,510.74398850565154,12866.147120225694,62331.21654751865,baseline
2025-09-23 21:00:00,74106.49515625,0.2590536812941233,13123.025329861111,60983.2107727076,baseline
2025-09-23 22:00:00,71687.17629340278,0.4288149397406313,14182.220004340275,57504.52747412276,baseline
2025-09-23 23:00:00,68873.39348090277,0.4248317419820361,15361.022241753471,53511.94640740732,baseline
2025-09-24 00:00:00,64367.70492621528,0.4508334895885653,15403.137118326822,48964.11697439887,baseline
2025-09-24 01:00:00,61427.58682834201,0.4702629753947258,15373.969584960938,46053.14698040568,baseline
2025-09-24 02:00:00,58956.26278862848,0.5191549806296826,14761.622147352433,44194.121486295415,baseline
2025-09-24 03:00:00,57074.23655490451,0.5337628011984957,14393.526124945747,42680.17666715757,baseline
2025-09-24 04:00:00,56439.4327734375,0.879742991262012,14623.22382215712,41815.32920828911,baseline
2025-09-24 05:00:00,55291.9861219618,0.667491337151991,14254.653916015624,41036.66471460903,baseline
2025-09-24 06:00:00,55952.5008203125,0.6582642620139652,12405.73111002604,43546.11144602445,baseline
2025-09-24 07:00:00,57642.74029188368,0.5463799785408708,11424.224741482203,46217.96917042293,baseline
2025-09-24 08:00:00,58080.50947265625,514.9745921394228,10945.407146267362,46620.12773424947,baseline
2025-09-24 09:00:00,59900.47829427083,6365.772573920356,10052.83213921441,43481.87358113607,baseline
2025-09-24 10:00:00,64024.66578016493,10808.818209092882,11745.120974121091,41470.72659695095,baseline
2025-09-24 11:00:00,66152.49787543403,12157.824714898004,12558.984966905382,41435.688193630645,baseline
2025-09-24 12:00:00,66633.93699652777,13960.89967013889,10050.836499294704,42622.20082709418,baseline
2025-09-24 13:00:00,68270.81689887153,15914.63678575304,8792.892399902345,43563.28771321615,baseline
2025-09-24 14:00:00,69459.78564670139,16925.876170247397,7442.939105767144,45090.97037068685,baseline
2025-09-24 15:00:00,70527.37594618056,18156.29362521701,7039.5863037109375,45331.49601725261,baseline
2025-09-24 16:00:00,71358.57735894097,19130.79486436632,7581.871383734809,44645.91111083984,baseline
2025-09-24 17:00:00,72646.79656684028,16957.335349121095,8408.68947564019,47280.77174207899,baseline
2025-09-24 18:00:00,72819.30939236112,13900.73890407986,9435.263094618056,49483.3073936632,baseline
2025-09-24 19:00:00,70403.85708333334,6986.970438503689,9634.734863009982,53782.15178181967,baseline
2025-09-24 20:00:00,67975.64039713542,449.8434125655351,8850.338023546006,58675.45896102388,baseline
2025-09-24 21:00:00,66493.70730902778,0.4199284507830937,9790.728387586803,56702.5589929902,baseline
2025-09-24 22:00:00,64127.94012586806,0.5240760167770916,9354.43626627604,54772.97978357524,baseline
2025-09-24 23:00:00,60462.14640407986,0.5047681049423085,8888.86455078125,51572.77708519367,baseline
2025-09-25 00:00:00,57201.80853081597,0.5132513147592545,8648.861370442708,48552.433909058505,baseline
2025-09-25 01:00:00,53945.139756944445,0.5557227240006128,7551.293843315972,46393.29019090448,baseline
2025-09-25 02:00:00,51545.75465060764,0.7810663581556744,6590.496330837674,44954.47725341181,baseline
2025-09-25 03:00:00,49904.06983506944,0.8914331951406267,6365.792010091146,43537.38639178316,baseline
2025-09-25 04:00:00,48929.80728841146,0.845138129144907,5535.426292995877,43393.53585728644,baseline
2025-09-25 05:00:00,48826.45322916667,0.9026026443474824,4935.641926812066,43889.90869971026,baseline
2025-09-25 06:00:00,50049.51621419271,0.9212254009644192,4498.860073242187,45549.734915549554,baseline
2025-09-25 07:00:00,51936.66000217014,0.7021993813001447,4345.367466634115,47590.59033615472,baseline
2025-09-25 08:00:00,52701.68887369792,627.2563455320067,4160.575093858507,47913.8574343074,baseline
2025-09-25 09:00:00,55381.34905707465,10052.95882663303,3265.4455505371093,42062.94467990451,baseline
2025-09-25 10:00:00,60557.87926974826,22097.319362521703,1571.9350492011176,36888.62485802545,baseline
2025-09-25 11:00:00,62926.84375759549,25613.06560438368,1217.825603942871,36095.95254926894,baseline
2025-09-25 12:00:00,64501.27164713541,26565.81715874566,1339.0885507880316,36596.36593760173,baseline
2025-09-25 13:00:00,65954.54355902778,26098.442258029518,1404.87828640408,38451.22301459419,baseline
2025-09-25 14:00:00,68139.26447048612,26072.30244140625,1616.8360050455728,40450.126024034296,baseline
2025-09-25 15:00:00,70260.47652777778,25156.36796440972,1962.6016559516056,43141.50690741645,baseline
2025-09-25 16:00:00,71445.11942708334,24194.43555121528,2486.7907058376736,44763.89317003039,baseline
2025-09-25 17:00:00,72264.79656032987,22915.27034233941,2809.236777275933,46540.28944071452,baseline
2025-09-25 18:00:00,71746.54812717014,20242.72871690538,2189.8832206895618,49313.9361895752,baseline
2025-09-25 19:00:00,69254.62357204861,9391.423369140624,1533.2707101779513,58329.92949273004,baseline
2025-09-25 20:00:00,66111.93676432292,519.4751113916768,1136.8580906507705,64455.60356228047,baseline
2025-09-25 21:00:00,63513.50335286458,0.4008441373209158,1389.0150859239366,62124.08742280332,baseline
2025-09-25 22:00:00,61491.82455186632,0.3843506263444821,2341.345537753635,59150.094663486336,baseline
2025-09-25 23:00:00,58436.96524522569,0.4854296259416474,3663.850390353733,54772.62942524602,baseline
2025-09-26 00:00:00,54554.190169270834,0.5280919309457143,4650.098815646701,49903.56326169319,baseline
2025-09-26 01:00:00,51901.80129123264,0.5116090917670064,5584.166681586372,46317.1230005545,baseline
2025-09-26 02:00:00,49932.3694140625,0.4969595239228672,6271.014921875,43660.85753266358,baseline
2025-09-26 03:00:00,48341.04261067708,0.5099049252602789,6639.94851453993,41700.58419121189,baseline
2025-09-26 04:00:00,47266.39239583333,0.5158106455206871,6570.890356309679,40694.98622887813,baseline
2025-09-26 05:00:00,46974.76320203993,0.5228308257957299,6240.508431396484,40733.731939817655,baseline
2025-09-26 06:00:00,47807.737139756944,0.4736778167883555,6007.876383463542,41799.38707847661,baseline
2025-09-26 07:00:00,49856.46616536458,0.4613679406709141,5524.39946234809,44331.60533507582,baseline
2025-09-26 08:00:00,50752.11673936632,821.8355739673972,5310.471882324218,44619.80928307471,baseline
2025-09-26 09:00:00,53437.53575520834,12113.836748182508,5319.538228759766,36004.160778266065,baseline
2025-09-26 10:00:00,58855.44684244792,24930.23109809028,3478.553436957465,30446.662307400176,baseline
2025-09-26 11:00:00,61615.83511284722,28276.660540364584,3390.503299967448,29948.67127251519,baseline
2025-09-26 12:00:00,62438.120121527776,28175.565651041667,2931.4287714301217,31331.12569905599,baseline
2025-09-26 13:00:00,64806.00039496528,26558.01329481337,2099.8356247965494,36148.15147535536,baseline
2025-09-26 14:00:00,67575.97559895834,25772.80577528212,1723.5779991997613,40079.59182447645,baseline
2025-09-26 15:00:00,69853.25792751736,25838.37220106337,1852.6213379923504,42162.26438846164,baseline
2025-09-26 16:00:00,71405.79633029514,26027.52937717014,2201.205202840169,43177.06175028483,baseline
2025-09-26 17:00:00,72642.5071267361,25526.64739149305,2423.318675130208,44692.54106011284,baseline
2025-09-26 18:00:00,72137.8549891493,22216.277373589408,2592.212227376302,47329.36538818359,baseline
2025-09-26 19:00:00,68168.43888020833,9171.104514838324,3651.3471222602,55345.987243109805,baseline
2025-09-26 20:00:00,64446.82894314236,406.3227582354678,6466.470356580946,57574.03582832595,baseline
2025-09-26 21:00:00,62780.11935546875,0.1716962610971596,10198.103935546877,52581.84372366078,baseline
2025-09-26 22:00:00,59944.23268337674,0.1782534965086314,13130.778755696614,46813.27567418361,baseline
2025-09-26 23:00:00,56571.47692274306,0.3976851099398401,15147.641178385416,41423.4380592477,baseline
2025-09-27 00:00:00,53954.5846484375,0.2510214584403568,16431.942549913194,37522.39107706587,baseline
2025-09-27 01:00:00,50978.58929253472,0.3184917303919792,16818.818763020834,34159.4520377835,baseline
2025-09-27 02:00:00,48309.71135742188,0.4457246795545022,16474.24020046658,31835.025432275743,baseline
2025-09-27 03:00:00,47077.26212239584,0.3196419344428512,16167.912121310765,30909.030359150627,baseline
2025-09-27 04:00:00,45935.23154947917,0.3583197727468278,15846.418655598958,30088.45457410746,baseline
2025-09-27 05:00:00,45166.68306640625,0.3488848500202099,15104.792155219184,30061.542026337047,baseline
2025-09-27 06:00:00,44938.66828559028,0.3387992194129361,14104.121510416666,30834.2079759542,baseline
2025-09-27 07:00:00,45206.54539279514,0.3520095868243111,12560.332396918402,32645.86098628991,baseline
2025-09-27 08:00:00,45646.94816840278,804.5282323116064,11202.800611979166,33639.619324112005,baseline
2025-09-27 09:00:00,49976.38496527778,11334.147693684896,9306.330468207463,29335.90680338542,baseline
2025-09-27 10:00:00,55912.45693576389,23076.610842013888,5904.139173719618,26931.706920030385,baseline
2025-09-27 11:00:00,57961.25875,26633.745043402778,5668.552215576172,25658.96149102105,baseline
2025-09-27 12:00:00,59246.46667534722,26436.42148220486,5247.225781792535,27562.819411349825,baseline
2025-09-27 13:00:00,62233.514173177085,26481.066365017363,3573.522561577691,32178.925246582032,baseline
2025-09-27 14:00:00,65062.54033311632,26848.23991048177,2655.4920606825085,35558.80836195204,baseline
2025-09-27 15:00:00,67722.17166666666,26633.967667100693,2442.1023735894096,38646.10162597656,baseline
2025-09-27 16:00:00,69897.226484375,26229.81097873264,2656.4801822916666,41010.9353233507,baseline
2025-09-27 17:00:00,71274.56010199653,24989.29396864149,3260.450185139974,43024.81594821506,baseline
2025-09-27 18:00:00,70759.68781032987,20921.748480902777,4081.1702016872823,45756.769127739804,baseline
2025-09-27 19:00:00,68087.18351996527,7835.979634738498,5562.425881618924,54688.77800360785,baseline
2025-09-27 20:00:00,64637.77393663194,176.04027734359104,7871.997703450521,56589.73595583783,baseline
2025-09-27 21:00:00,62276.00346462674,0.1874256070247955,11170.471266004772,51105.34477301494,baseline
2025-09-27 22:00:00,59685.37070421007,0.1891506604188018,13015.457438422309,46669.72411512735,baseline
2025-09-27 23:00:00,56594.22275824653,0.272728341155582,13749.077509494358,42844.872520411016,baseline
2025-09-28 00:00:00,53554.84986979167,0.2873078474733564,14365.54323784722,39189.01932409697,baseline
2025-09-28 01:00:00,50742.72652018229,0.3202424120240741,14570.085513780385,36172.32076398988,baseline
2025-09-28 02:00:00,48228.67793402778,0.3995026014082962,13312.01843858507,34916.2599928413,baseline
2025-09-28 03:00:00,46469.19409939236,0.3206694534586535,12149.983017578124,34318.89041236078,baseline
2025-09-28 04:00:00,45199.26270182292,0.3348315844933192,10865.550269097224,34333.3776011412,baseline
2025-09-28 05:00:00,44521.61625434028,0.34875455495384,9997.71441623264,34523.55308355268,baseline
2025-09-28 06:00:00,43867.25007378472,0.3581689916716681,9443.193174913196,34423.698729879856,baseline
2025-09-28 07:00:00,44032.63805772569,0.3729706571499506,8788.757505425347,35243.50758164319,baseline
2025-09-28 08:00:00,44220.14284722223,838.3926831900411,8134.968650716146,35246.78151331604,baseline
2025-09-28 09:00:00,48376.63729600694,11433.558570692274,6496.51010538737,30446.568619927297,baseline
2025-09-28 10:00:00,54099.4506890191,23336.25990559896,3357.878466796875,27405.31231662326,baseline
2025-09-28 11:00:00,56137.606321614585,26287.9657156033,2716.1382118733723,27133.502394137915,baseline
2025-09-28 12:00:00,57799.81605360243,26716.69778157552,2864.47804300944,28218.64022901747,baseline
2025-09-28 13:00:00,60543.23117296007,26110.47304741753,2711.2897545030382,31721.468371039497,baseline
2025-09-28 14:00:00,63596.36975477431,26160.684767795137,2554.0102357313367,34881.67475124783,baseline
2025-09-28 15:00:00,66209.4216015625,25796.070802951388,2329.5109095594617,38083.83988905165,baseline
2025-09-28 16:00:00,68251.57410373264,25374.71583930121,2609.211836751302,40267.64642768012,baseline
2025-09-28 17:00:00,69409.23796006944,22989.618262261283,2738.074445529514,43681.54525227864,baseline
2025-09-28 18:00:00,69093.61034288195,18145.56608995225,3695.48284898546,47252.56140394423,baseline
2025-09-28 19:00:00,67112.16110243056,5849.736871405708,5003.377398003472,56259.04683302138,baseline
2025-09-28 20:00:00,64766.31225911458,104.56675419432008,6453.231062011719,58208.51444290854,baseline
2025-09-28 21:00:00,62804.10530381944,0.1504344260195891,8296.874858398438,54507.080010994985,baseline
2025-09-28 22:00:00,59933.01647243924,0.2121957428505023,9602.677678493925,50330.12659820246,baseline
2025-09-28 23:00:00,56288.34603298611,0.1743523172703054,10366.621643880208,45921.55003678864,baseline
2025-09-29 00:00:00,52891.90345703125,0.278428862972392,11550.1651171875,41341.459910980775,baseline
2025-09-29 01:00:00,50306.25722764757,0.2959795340316163,12316.380910373264,37989.58033774028,baseline
2025-09-29 02:00:00,48427.39187934028,0.3030849716729588,12017.604408637151,36409.484385731455,baseline
2025-09-29 03:00:00,47311.770887586805,0.2969247024837467,11384.056303982205,35927.417658902115,baseline
2025-09-29 04:00:00,45950.937080078125,0.3122111315280199,10287.211314290364,35663.41355465623,baseline
2025-09-29 05:00:00,45038.92489474826,0.3247680831121073,8542.226573621962,36496.37355304319,baseline
2025-09-29 06:00:00,45797.67505425347,0.3235299151887496,7132.840343560113,38664.51118077817,baseline
2025-09-29 07:00:00,47741.70766493055,0.3678152720547384,5844.430316162109,41896.90953349639,baseline
2025-09-29 08:00:00,48642.06306532118,826.8396971468793,4997.022591281467,42818.20077689283,baseline
2025-09-29 09:00:00,51324.50317708333,10726.405171440972,3774.141362575954,36823.956643066405,baseline
2025-09-29 10:00:00,54281.25441840278,19976.08274359809,2129.6887346733943,32175.482940131296,baseline
2025-09-29 11:00:00,57536.72408854167,22615.33379937066,1967.072026875814,32954.3182622952,baseline
2025-09-29 12:00:00,60394.63322916667,22771.96429470486,1827.644262017144,35795.02467244466,baseline
2025-09-29 13:00:00,63208.80049479166,22305.61930501302,1368.2276724921333,39534.953517286514,baseline
2025-09-29 14:00:00,66177.074765625,22233.865496961807,1268.0054094102647,42675.20385925293,baseline
2025-09-29 15:00:00,68970.89980034722,21805.70660590278,1304.172603624132,45861.02059082031,baseline
2025-09-29 16:00:00,70785.66462890625,20787.20029405382,1677.747653333876,48320.71668151856,baseline
2025-09-29 17:00:00,71720.34973090277,18718.24504123264,2010.875541042752,50991.22914862738,baseline
2025-09-29 18:00:00,70135.84747395833,13190.4110546875,2017.229361843533,54928.2070574273,baseline
2025-09-29 19:00:00,67643.71130208333,4224.419298638238,2535.448905029297,60883.84309841581,baseline
2025-09-29 20:00:00,66012.65348524305,229.7482042526371,3223.363229505751,62559.54205148466,baseline
2025-09-29 21:00:00,64224.2299858941,0.2782289333558745,4260.287267320421,59963.66448964032,baseline
2025-09-29 22:00:00,61440.18089192709,0.3663694626010126,4978.44093899197,56461.37358347252,baseline
2025-09-29 23:00:00,57728.86330295139,0.3598863527509901,5392.341491970487,52336.16192462815,baseline
2025-09-30 00:00:00,54235.502860243054,0.3788261566228337,5297.238897569445,48937.88513651698,baseline
2025-09-30 01:00:00,51472.89705837674,0.4622574252386888,5215.691302625868,46256.74349832563,baseline
2025-09-30 02:00:00,49718.974205729166,0.4808378218279944,5036.718511827257,44681.77485608008,baseline
2025-09-30 03:00:00,48250.05725802951,0.4923288067264689,4404.440274251302,43845.124654971485,baseline
2025-09-30 04:00:00,47706.73649739583,0.4871255328920152,3921.957909071181,43784.29146279176,baseline
2025-09-30 05:00:00,47123.90183810764,0.507074184053474,3314.8914274088543,43808.50333651473,baseline
2025-09-30 06:00:00,47986.34634548611,0.5551199161675241,2653.7720030381943,45332.01922253175,baseline
2025-09-30 07:00:00,50369.838175998266,0.5768853455285231,2250.088078274197,48119.17321237854,baseline
2025-09-30 08:00:00,51366.93361111111,309.2938206360572,2140.3109623887804,48917.32882808628,baseline
2025-09-30 09:00:00,53109.10084309896,8360.43237548828,1870.6853273857964,42877.98314022488,baseline
2025-09-30 10:00:00,57928.38615234375,19575.309007161457,962.0955818684896,37390.981563313806,baseline
2025-09-30 11:00:00,62300.82278862847,24502.35844238281,1058.4295874362522,36740.03475880941,baseline
2025-09-30 12:00:00,64327.55608181423,26171.486334635418,1455.0850241767037,36700.98472300211,baseline
2025-09-30 13:00:00,65891.181328125,26287.181207682293,1511.238279554579,38092.76184088814,baseline
2025-09-30 14:00:00,69032.51309895833,25597.739707573783,1579.2240354410808,41855.549355943454,baseline
2025-09-30 15:00:00,71177.27215711806,25630.387085503477,1739.252844238281,43807.63222737631,baseline
2025-09-30 16:00:00,73129.54556640625,25187.57309624566,2178.3557936604816,45763.61667650011,baseline
2025-09-30 17:00:00,74488.41348090277,24252.56849175347,2289.2448456488714,47946.60014350043,baseline
2025-09-30 18:00:00,74348.60910807292,21071.09325981988,2647.471035495334,50630.04481275771,baseline
2025-09-30 19:00:00,71726.21707465278,8060.660785183377,3236.2589314778647,60429.29735799154,baseline
2025-09-30 20:00:00,68490.74991970486,293.72034985224406,4708.72080186632,63488.308767986295,baseline
2025-09-30 21:00:00,66201.25148003473,1.5244900322291586,7581.152734375,58618.5742556275,baseline
2025-09-30 22:00:00,62701.41849175347,0.1666671344927615,9269.2738406033,53431.97798401568,baseline
2025-09-30 23:00:00,58731.39880859375,0.3587626910540792,10918.304212239584,47812.73583366312,baseline
2025-10-01 00:00:00,54722.08579318576,0.2815392195433378,12857.369463161893,41864.43479080433,baseline
2025-10-01 01:00:00,51704.58093532986,0.472599651714166,14237.735018717449,37466.3733169607,baseline
2025-10-01 02:00:00,49414.161536458334,0.374881764418549,13982.14781358507,35431.63884110884,baseline
2025-10-01 03:00:00,47709.86320746528,0.3410561233924495,13012.033994140626,34697.48815720126,baseline
2025-10-01 04:00:00,46913.49318142361,0.3698016573654281,12144.394651692708,34768.72872807354,baseline
2025-10-01 05:00:00,47262.416419270834,0.3599150157305929,11198.041314019098,36064.01519023601,baseline
2025-10-01 06:00:00,47546.24634765625,0.3357501707639959,10357.012108289931,37188.89848919556,baseline
2025-10-01 07:00:00,49499.319891493054,0.3769000526600414,9885.599459635416,39613.343531804974,baseline
2025-10-01 08:00:00,50112.21062717014,643.9747821532025,9275.876931694878,40192.35891332206,baseline
2025-10-01 09:00:00,52752.81345052084,11462.742943047417,7641.939270833333,33648.13123664008,baseline
2025-10-01 10:00:00,58293.94681857639,24324.20454210069,4330.874052463108,29638.86822401259,baseline
2025-10-01 11:00:00,60659.52905815972,26971.54954644097,3728.688855251736,29959.29065646701,baseline
2025-10-01 12:00:00,62773.20943359375,26908.94742621528,4196.590435384114,31667.67157199436,baseline
2025-10-01 13:00:00,65990.9971875,26287.98922960069,3070.010246310764,36632.99771158854,baseline
2025-10-01 14:00:00,70154.97833767362,25250.18061360677,2382.8918103027345,42521.90591376411,baseline
2025-10-01 15:00:00,72768.224765625,24885.25966200087,2294.847295735677,45588.11780788845,baseline
2025-10-01 16:00:00,74670.82010850694,24196.73947265625,2199.0549240451387,48275.02571180556,baseline
2025-10-01 17:00:00,76294.58103298611,24061.936729600693,2308.2514553493925,49924.39284803603,baseline
2025-10-01 18:00:00,75531.1527061632,20137.76074707031,3009.657457343208,52383.73450174967,baseline
2025-10-01 19:00:00,72835.62491319445,7360.069861653646,4532.784121636285,60942.77092990453,baseline
2025-10-01 20:00:00,69756.88056423611,248.0360812459555,7909.279738498264,61599.56474449189,baseline
2025-10-01 21:00:00,67590.50948784722,0.2065649726821316,12507.961534288195,55082.34138858634,baseline
2025-10-01 22:00:00,64010.05774739583,0.269140761875444,15319.879308810763,48689.90929782319,baseline
2025-10-01 23:00:00,60103.13266927083,0.21887872926063,17227.636712239582,42875.27707830199,baseline
2025-10-02 00:00:00,56191.18078993056,0.3034032479425271,18487.40654947917,37703.47083720345,baseline
2025-10-02 01:00:00,53028.10974826389,0.3725863013002607,19173.705724826388,33854.031437136204,baseline
2025-10-02 02:00:00,50750.785607638885,0.3977206494741969,19046.926985677084,31703.460901312326,baseline
2025-10-02 03:00:00,49311.79339409722,0.3224408173892233,18002.28315972222,31309.18779355761,baseline
2025-10-02 04:00:00,47904.84953993056,0.4660272586676809,16507.964263237845,31396.41924943404,baseline
2025-10-02 05:00:00,47304.09161458333,0.2952642162640889,14389.373346354168,32914.423004012904,baseline
2025-10-02 06:00:00,48256.03564344618,0.2942494571871227,12583.248657769098,35672.492736219894,baseline
2025-10-02 07:00:00,50348.456484375,0.303498050239351,10696.421105685764,39651.731880639,baseline
2025-10-02 08:00:00,51052.99648871528,507.584708746771,8590.678597005208,41954.7331829633,baseline
2025-10-02 09:00:00,53448.53310329861,10435.485636121964,6471.392953559028,36541.65451361763,baseline
2025-10-02 10:00:00,59011.50092881944,23320.533311631945,2980.1485639105904,32710.819053276908,baseline
2025-10-02 11:00:00,62555.87286458333,26614.31036295573,2101.3904060194227,33840.172095608184,baseline
2025-10-02 12:00:00,64175.70836805556,26451.0132687717,1873.3930282592771,35851.30207102458,baseline
2025-10-02 13:00:00,67465.85025824653,25621.11464626736,1223.565254787869,40621.1703571913,baseline
2025-10-02 14:00:00,70528.56040364584,24458.77565972222,1331.511061062283,44738.27368286133,baseline
2025-10-02 15:00:00,73605.81417100695,24223.80629557292,1902.760205756293,47479.24766967773,baseline
2025-10-02 16:00:00,75260.53431640625,24070.53197265625,2681.879144015842,48508.12319973416,baseline
2025-10-02 17:00:00,76459.04598741319,23103.46337022569,3496.9652316623265,49858.61738552517,baseline
2025-10-02 18:00:00,75518.15569878473,18937.63853515625,4942.915269639757,51637.60189398872,baseline
2025-10-02 19:00:00,72459.5597265625,6691.545885959202,7123.273604600695,58644.7402360026,baseline
2025-10-02 20:00:00,69141.64827907986,205.91630845278505,9966.61117811415,58969.12079251293,baseline
2025-10-02 21:00:00,66840.18749565972,0.219487041371564,13192.31535671658,53647.65265190176,baseline
2025-10-02 22:00:00,63979.95829101562,0.3892567295167181,16075.167868652345,47904.40116563376,baseline
2025-10-02 23:00:00,60025.08192925347,0.3037322325838936,17715.64601345486,42309.13218356603,baseline
2025-10-03 00:00:00,56348.81219184028,0.3012841711772813,18156.32563151041,38192.18527615868,baseline
2025-10-03 01:00:00,53492.592921006944,0.3093148762318823,17756.383352864585,35735.900253266125,baseline
2025-10-03 02:00:00,51116.83468315972,0.301238001551893,16606.47792751736,34510.05551764081,baseline
2025-10-03 03:00:00,49557.98825086805,0.4082223936253124,15178.092942708334,34379.48708576609,baseline
2025-10-03 04:00:00,48541.37821180555,0.3651194183031718,13917.16132703993,34623.85176534732,baseline
2025-10-03 05:00:00,47887.1274327257,0.3354219027029143,12272.356692708334,35614.43531811466,baseline
2025-10-03 06:00:00,48918.82230577257,0.3530683510502179,10457.237377387151,38461.23186003437,baseline
2025-10-03 07:00:00,50755.43727864583,0.3578573880592982,8442.430182291666,42312.64923896611,baseline
2025-10-03 08:00:00,51535.238036024304,511.5614014507333,6793.72983344184,44229.94680113173,baseline
2025-10-03 09:00:00,54354.10937391493,10526.44721218533,5369.509974500868,38458.15218722873,baseline
2025-10-03 10:00:00,59327.03504340278,23058.46224121094,2499.9779597303605,33768.59484246148,baseline
2025-10-03 11:00:00,63037.30747829861,25689.93890190972,1838.5121158854167,35508.85646050347,baseline
2025-10-03 12:00:00,65534.79369140625,25763.410010850694,1986.5715410698783,37784.81213948568,baseline
2025-10-03 13:00:00,68057.1677625868,25494.410831163197,2438.479453260634,40124.27747816298,baseline
2025-10-03 14:00:00,70921.4951345486,24500.012228190106,3445.7687726508248,42975.71413370768,baseline
2025-10-03 15:00:00,73574.15956597222,24956.156560329862,4885.146315104167,43732.85669053819,baseline
2025-10-03 16:00:00,74984.29652994791,24458.92406792535,6145.620995551215,44379.75146647135,baseline
2025-10-03 17:00:00,75519.25052083333,23084.149244791668,7771.889952799479,44663.21132324218,baseline
2025-10-03 18:00:00,74138.16694878472,19107.365968967013,9724.581136067707,45306.219843750005,baseline
2025-10-03 19:00:00,71024.39914496528,6506.430776231554,11472.613486328126,53045.354882405605,baseline
2025-10-03 20:00:00,67957.68388888889,163.6234658948746,12999.121781684027,54794.93864130999,baseline
2025-10-03 21:00:00,65565.9820203993,0.3791730158196555,16309.224483506943,49256.37836387654,baseline
2025-10-03 22:00:00,63237.066881510415,0.3243653070264392,18489.94311631945,44746.79939988394,baseline
2025-10-03 23:00:00,60042.7266015625,0.4900369754102495,19700.449359809027,40341.78720477806,baseline
2025-10-04 00:00:00,56612.84384548611,0.3733407666616969,20576.70485894097,36035.76564577848,baseline
2025-10-04 01:00:00,53656.34558159722,0.3039701051513354,20409.788426649306,33246.25318484276,baseline
2025-10-04 02:00:00,51305.67624348959,0.3015439085579581,19568.40164930556,31736.973050275472,baseline
2025-10-04 03:00:00,49212.3609092882,0.3453807557291454,18422.53792751736,30789.477601015104,baseline
2025-10-04 04:00:00,47935.00339409722,0.3470710597104496,17702.623453776043,30232.032869261468,baseline
2025-10-04 05:00:00,47042.98170789931,0.3338079404665364,17354.746977539064,29687.900922419776,baseline
2025-10-04 06:00:00,46776.47765625,0.4408132047454516,16427.044303385417,30348.992539659837,baseline
2025-10-04 07:00:00,46782.51384114583,0.4011768906315168,15540.273111979166,31241.839552276037,baseline
2025-10-04 08:00:00,47036.55428819444,586.6953044470813,14609.86228298611,31839.99670076125,baseline
2025-10-04 09:00:00,50387.34474609375,11121.108831787107,12932.702420518664,26333.53349378798,baseline
2025-10-04 10:00:00,56235.59784939236,23852.43695963541,10092.556805555556,22290.60408420139,baseline
2025-10-04 11:00:00,59464.41227756076,25390.04957248264,12228.44972547743,21845.91297960069,baseline
2025-10-04 12:00:00,60820.40005750868,24830.15468858507,13164.122061089409,22826.123307834205,baseline
2025-10-04 13:00:00,62444.94485894097,25080.28116753472,12369.778116319443,24994.88557508681,baseline
2025-10-04 14:00:00,65240.89107855903,25069.153841145835,12713.510015190972,27458.227222222224,baseline
2025-10-04 15:00:00,67237.63446614583,24159.895742730037,14047.860591362847,29029.878132052945,baseline
2025-10-04 16:00:00,69473.11371527778,23951.088802083334,15390.46245361328,30131.562459581168,baseline
2025-10-04 17:00:00,70956.88552300347,22536.7364453125,16550.945274522568,31869.2038031684,baseline
2025-10-04 18:00:00,69812.31665798611,18148.32018825955,18075.67273166233,33588.32373806424,baseline
2025-10-04 19:00:00,67469.46515190972,6608.379151475694,19520.79200520833,41340.2939952257,baseline
2025-10-04 20:00:00,64561.28945203993,149.24404300967024,19297.343504774304,45114.70190425596,baseline
2025-10-04 21:00:00,62515.66874782986,0.4465978270272414,20782.960093858503,41732.26205614433,baseline
2025-10-04 22:00:00,60203.816675347225,0.6570801142189238,22892.782838541665,37310.37675669135,baseline
2025-10-04 23:00:00,57872.89312282986,0.7463776126172808,23691.76399522569,34180.38274999155,baseline
2025-10-05 00:00:00,55288.32586588542,0.5920997476577758,23499.24535373264,31788.48841240512,baseline
2025-10-05 01:00:00,53088.48351345486,0.4965469786359204,23447.353485785592,29640.633480690634,baseline
2025-10-05 02:00:00,50523.41366970486,0.532965442472034,22836.207743055555,27686.672961206837,baseline
2025-10-05 03:00:00,49030.02506510416,0.6315220070547528,22621.605475260418,26407.788067836693,baseline
2025-10-05 04:00:00,47960.918671875,0.62473750213782,22428.126796875,25532.16713749786,baseline
2025-10-05 05:00:00,47023.89242404514,0.5488816871080133,22128.58340549045,24894.76013686758,baseline
2025-10-05 06:00:00,46396.61418402778,0.523659624490473,21639.32078559028,24756.76973881301,baseline
2025-10-05 07:00:00,46211.86054904514,0.4785779945303996,20863.15551052517,25348.226460525435,baseline
2025-10-05 08:00:00,46413.918671875,579.0929031094247,19938.92925564236,25895.89651312321,baseline
2025-10-05 09:00:00,50562.26053385417,10587.53162407769,17867.487803819444,22107.24110595704,baseline
2025-10-05 10:00:00,56269.004759114585,19755.599922417536,15886.743225368924,20626.661611328127,baseline
2025-10-05 11:00:00,57713.65919487847,20951.89656467014,16290.678056640623,20471.084573567707,baseline
2025-10-05 12:00:00,59654.94260633681,21945.47482855903,16040.013950737848,21669.453827039928,baseline
2025-10-05 13:00:00,62691.15189453125,23818.523277452256,14338.783268771702,24533.845348307288,baseline
2025-10-05 14:00:00,66119.04413845486,25101.517145724825,13013.07426812066,28004.45272460938,baseline
2025-10-05 15:00:00,68901.17741753472,25403.87477430556,12772.004873860677,30725.297769368488,baseline
2025-10-05 16:00:00,70996.53164496527,24866.09930121528,12536.23505967882,33594.197284071175,baseline
2025-10-05 17:00:00,72220.88821614583,24108.516536458334,12592.01476779514,35520.35691189236,baseline
2025-10-05 18:00:00,72138.59842447916,19017.3948687066,13712.287980685764,39408.9155750868,baseline
2025-10-05 19:00:00,69958.49308159722,6290.770302802192,15193.61720594618,48474.10557284884,baseline
2025-10-05 20:00:00,67556.26172092014,109.2647938929167,15924.775776909722,51522.221150117504,baseline
2025-10-05 21:00:00,65764.15254231771,0.4531520218319363,18692.742003038195,47070.95738725768,baseline
2025-10-05 22:00:00,63084.85572482639,0.708841375493341,20970.486987847224,42113.65989560368,baseline
2025-10-05 23:00:00,59541.16620985243,0.5683120831184917,21993.47519097222,37547.12270679709,baseline
2025-10-06 00:00:00,56092.56856987847,0.9533993076284728,22484.95719618056,33606.657974390284,baseline
2025-10-06 01:00:00,53905.48722005208,0.6321682427492407,22227.290690104168,31677.56436170517,baseline
2025-10-06 02:00:00,51541.59890625,0.3552779117474953,20706.31516981337,30834.92845852488,baseline
2025-10-06 03:00:00,50334.92416666666,0.3116817908320162,19497.712139756943,30836.90034511889,baseline
2025-10-06 04:00:00,49288.947174479166,0.281533282055623,18402.84408528646,30885.82155591065,baseline
2025-10-06 05:00:00,48770.16760091146,0.3119421322809325,17159.533319769966,31610.322339009213,baseline
2025-10-06 06:00:00,49311.38877604167,0.3206579216818014,14922.415563151042,34388.65255496895,baseline
2025-10-06 07:00:00,51272.65617078993,0.2981065812872516,12949.280949435764,38323.07711477288,baseline
2025-10-06 08:00:00,51941.6362608507,524.5315998019361,10900.153336588544,40516.95132446022,baseline
2025-10-06 09:00:00,53920.40513020833,10100.770876736113,8992.529744737412,34827.10450873481,baseline
2025-10-06 10:00:00,59103.2061328125,22030.29469184028,7660.748655598958,29412.162785373264,baseline
2025-10-06 11:00:00,62329.58556206597,23947.183059895837,9333.15761501736,29049.24488715277,baseline
2025-10-06 12:00:00,64506.88082899305,23017.47858506945,8486.28075141059,33003.12149251302,baseline
2025-10-06 13:00:00,67418.12450520834,22399.16141384549,6493.62658718533,38525.336504177525,baseline
2025-10-06 14:00:00,71097.92313368055,21773.00375434028,4510.270531141493,44814.648848198776,baseline
2025-10-06 15:00:00,73636.46587456597,21574.39078559028,4757.487988823785,47304.58710015191,baseline
2025-10-06 16:00:00,75627.54345486111,20859.874319118924,6175.1034876844615,48592.56564805772,baseline
2025-10-06 17:00:00,76190.28324652778,20317.467095811637,6968.489422064888,48904.32672865126,baseline
2025-10-06 18:00:00,74898.59573784722,16604.365458984375,7865.353488498264,50428.876790364586,baseline
2025-10-06 19:00:00,71988.17427083333,5041.863672281901,8597.105959201388,58349.20463935004,baseline
2025-10-06 20:00:00,69573.36896267362,83.8668839355972,9854.32060438368,59635.18147435434,baseline
2025-10-06 21:00:00,67535.57163628472,0.1669427677326732,12616.431617838542,54918.97307567844,baseline
2025-10-06 22:00:00,65243.12888454861,0.1697368834416071,15148.800322265624,50094.15882539954,baseline
2025-10-06 23:00:00,61655.75501736111,0.1588618910767965,16860.656936848958,44794.93921862108,baseline
2025-10-07 00:00:00,58616.72351345486,0.1668601086735725,17356.240110677085,41260.3165426691,baseline
2025-10-07 01:00:00,56334.500555555554,0.1913427518225378,17411.051039496528,38923.2581733072,baseline
2025-10-07 02:00:00,52792.067282986114,0.3344586407807138,15805.278893229166,36986.45393111616,baseline
2025-10-07 03:00:00,50985.20206814236,0.2955693770779504,13830.184015842016,37154.72248292327,baseline
2025-10-07 04:00:00,49794.48876736111,0.2922693971544504,12794.231296115451,36999.96520184851,baseline
2025-10-07 05:00:00,49537.91151909722,0.2989195475313398,11850.488376736112,37687.12422281358,baseline
2025-10-07 06:00:00,50496.06736762153,0.3083788034237093,9809.578830566406,40686.1801582517,baseline
2025-10-07 07:00:00,52809.27382161458,0.3348554896977213,8676.100853407119,44132.83811271776,baseline
2025-10-07 08:00:00,53627.273912760415,356.229597803851,6615.727385525173,46655.31692943139,baseline
2025-10-07 09:00:00,55961.99625434028,8750.736260850694,5102.077942165799,42109.18205132379,baseline
2025-10-07 10:00:00,61653.395232204864,19684.378578559023,4047.23600660536,37921.78064704048,baseline
2025-10-07 11:00:00,63886.369192708335,21689.173811306424,4502.668963758681,37694.52641764323,baseline
2025-10-07 12:00:00,65670.17186197916,21676.756459418404,4265.914543457031,39727.50085910373,baseline
2025-10-07 13:00:00,68779.42723524306,20459.934409722224,3777.9543158637152,44541.53850965712,baseline
2025-10-07 14:00:00,71289.56046006945,19130.92245713976,3788.2388957383896,48370.3991071913,baseline
2025-10-07 15:00:00,73166.88164279514,17758.173359375,4370.343424750434,51038.36485866971,baseline
2025-10-07 16:00:00,75076.64502604166,17979.21795355903,5840.086840277778,51257.34023220485,baseline
2025-10-07 17:00:00,75697.0462890625,16080.101087239584,7286.855186631945,52330.090015190974,baseline
2025-10-07 18:00:00,74633.4096875,12596.19570095486,9014.913853081598,53022.300133463534,baseline
2025-10-07 19:00:00,71706.93413194445,3763.113983832465,10523.39187608507,57420.42827202691,baseline
2025-10-07 20:00:00,69741.87355034723,38.67568378115693,10453.82933702257,59249.3685295435,baseline
2025-10-07 21:00:00,67554.55187065972,0.3053546000851525,10303.089130859376,57251.15738520026,baseline
2025-10-07 22:00:00,64992.61189887152,0.2976178779204686,10591.60769748264,54400.70658351097,baseline
2025-10-07 23:00:00,61539.64400607639,0.3529646184709337,10645.362183159725,50893.92885829819,baseline
2025-10-08 00:00:00,57625.98107096354,0.3388497948480977,10369.632611219618,47256.00960994908,baseline
2025-10-08 01:00:00,54496.644598524304,0.3947235601809289,8931.87245876736,45564.37741619676,baseline
2025-10-08 02:00:00,52169.25179470486,0.4423750237292713,7508.8849701605905,44659.92444952054,baseline
2025-10-08 03:00:00,50919.97103515625,0.4788107674982813,6935.621809353299,43983.87041503545,baseline
2025-10-08 04:00:00,50406.50546006944,0.5036787896354993,6946.28831922743,43459.71346205238,baseline
2025-10-08 05:00:00,49867.31679578993,0.5085587814450264,6216.942462022569,43649.86577498591,baseline
2025-10-08 06:00:00,50826.412217881945,0.5210149527258343,5385.983989257813,45439.90721367141,baseline
2025-10-08 07:00:00,52388.49552517361,0.5133986387981309,5042.327590603299,47345.65453593151,baseline
2025-10-08 08:00:00,53391.79839626736,420.4364934601055,4692.671154513889,48278.69074829337,baseline
2025-10-08 09:00:00,54981.364565972224,7612.052616373698,3766.112272406684,43603.19967719184,baseline
2025-10-08 10:00:00,61207.53637478298,18989.67320041233,2278.828731825087,39939.03444254557,baseline
2025-10-08 11:00:00,64433.56487196181,21954.281846788195,2218.481481391059,40260.80154378255,baseline
2025-10-08 12:00:00,66283.87480902778,22260.24991753472,2979.281874186198,41044.34301730686,baseline
2025-10-08 13:00:00,67450.80792100694,21716.22240234375,3796.357467719184,41938.22805094401,baseline
2025-10-08 14:00:00,70360.27013454861,20842.937189670138,4642.060062391493,44875.272882486985,baseline
2025-10-08 15:00:00,72087.70240451388,19477.868125,5275.922349717882,47333.911929796,baseline
2025-10-08 16:00:00,73726.87594401042,18307.90654351129,6009.971717936198,49408.997682562935,baseline
2025-10-08 17:00:00,74213.5306640625,17017.557310112847,6900.054273546007,50295.91908040365,baseline
2025-10-08 18:00:00,72916.89957682292,12621.302896321617,7378.798641493056,52916.79803900825,baseline
2025-10-08 19:00:00,70441.60894965277,3356.980425516764,7170.748670247396,59913.87985388861,baseline
2025-10-08 20:00:00,68277.30480902777,35.67468661101742,6570.523327229817,61671.10679518694,baseline
2025-10-08 21:00:00,66481.25707465278,0.1718158726394176,7444.458549940321,59036.626708839816,baseline
2025-10-08 22:00:00,64685.1544780816,0.1966389309739073,8364.478617892795,56320.47922125783,baseline
2025-10-08 23:00:00,61693.81481336806,0.1541221051994297,8888.66041232639,52805.00027893647,baseline
2025-10-09 00:00:00,58069.76360026042,0.1530935575067997,8747.502893880208,49322.10761282271,baseline
2025-10-09 01:00:00,54804.593697916665,0.2744901004268063,8580.616361762153,46223.70284605409,baseline
2025-10-09 02:00:00,52862.9801171875,0.3455007677442497,8623.36665907118,44239.26795734858,baseline
2025-10-09 03:00:00,51412.15093967014,0.3333675368295775,9017.997019314236,42393.820552819074,baseline
2025-10-09 04:00:00,50403.92547743056,0.3605652259786924,9610.89704969618,40792.6678625084,baseline
2025-10-09 05:00:00,50156.97412760417,0.3260515181885825,9752.351398654511,40404.29667743147,baseline
2025-10-09 06:00:00,50495.79544270833,0.3602506830626064,9519.688211805556,40975.74698021972,baseline
2025-10-09 07:00:00,52343.36870659722,0.3617764546804958,9170.802581380209,43172.20434876233,baseline
2025-10-09 08:00:00,52995.3038140191,392.52248410741487,8934.797843967013,43667.98348594467,baseline
2025-10-09 09:00:00,55286.30115885416,8948.022474772135,7994.605240342882,38343.67344373914,baseline
2025-10-09 10:00:00,60688.333116319445,21388.66773003472,5962.171904296875,33337.49348198785,baseline
2025-10-09 11:00:00,63873.92231445313,25607.9387109375,6277.587172309028,31988.3964312066,baseline
2025-10-09 12:00:00,64567.429596354166,26028.16217881945,7049.076141493056,31490.191276041667,baseline
2025-10-09 13:00:00,66508.01740451388,24872.90324001736,6325.580008273654,35309.53415622287,baseline
2025-10-09 14:00:00,68809.01195746528,23779.87460720486,5902.078851996528,39127.05849826389,baseline
2025-10-09 15:00:00,71464.54551649306,23536.664898003477,6210.045349934896,41717.83526855469,baseline
2025-10-09 16:00:00,73553.7386436632,23237.559253472224,6968.397903374566,43347.7814868164,baseline
2025-10-09 17:00:00,74935.16478732639,22750.9053515625,7596.849134114584,44587.4103016493,baseline
2025-10-09 18:00:00,73732.105234375,17517.800283203123,8518.865192599826,47695.43975857206,baseline
2025-10-09 19:00:00,70099.47211371528,5008.202442423502,8770.794388020833,56320.47528327095,baseline
2025-10-09 20:00:00,67654.90251519097,52.715488255164686,8902.162326660156,58700.02470027565,baseline
2025-10-09 21:00:00,65580.36896267362,0.2065958327717251,10517.997698567708,55062.16466827314,baseline
2025-10-09 22:00:00,63261.87939236111,0.1789233033524619,12267.763075086805,50993.93739397095,baseline
2025-10-09 23:00:00,59756.380054253474,0.1967974914775954,13435.278619791668,46320.90463697033,baseline
2025-10-10 00:00:00,56146.29405924479,0.1743137481394741,13962.901193576388,42183.21855192026,baseline
2025-10-10 01:00:00,53011.93863715278,0.2016538891196251,13929.526927083334,39082.21005618032,baseline
2025-10-10 02:00:00,50611.20465060764,0.2141673503319422,13575.857711588542,37035.13277166877,baseline
2025-10-10 03:00:00,49268.4101280382,0.2397572665744357,12764.396786024305,36503.77358474732,baseline
2025-10-10 04:00:00,47570.99352647569,0.2908884232242902,11604.928243272569,35965.7743947799,baseline
2025-10-10 05:00:00,47292.39820746528,0.3221049997210503,10299.865363498264,36992.2107389673,baseline
2025-10-10 06:00:00,47991.25225694444,0.3422988704840342,9425.98904513889,38564.92091293506,baseline
2025-10-10 07:00:00,49330.56258897569,0.3553305829895867,8820.349283854166,40509.857974538536,baseline
2025-10-10 08:00:00,50086.49496527778,396.97492441740303,8496.556187065973,41192.963853794405,baseline
2025-10-10 09:00:00,52748.64397243923,10184.215516493055,7533.690127766927,35030.73832817925,baseline
2025-10-10 10:00:00,57905.20223524306,23752.47707356771,5027.384335801867,29125.34082587348,baseline
2025-10-10 11:00:00,61046.78222005208,26740.0946592882,5957.140938042535,28349.54662272135,baseline
2025-10-10 12:00:00,60833.636154513886,26849.253960503476,6049.02005859375,27935.36213541666,baseline
2025-10-10 13:00:00,61829.657918836805,25779.37131076389,4244.723005913628,31805.563602159287,baseline
2025-10-10 14:00:00,65197.25468858507,25471.70520996094,3672.849551595052,36052.69992702908,baseline
2025-10-10 15:00:00,68052.45489149305,25546.860338541668,3638.936013183594,38866.658539767785,baseline
2025-10-10 16:00:00,70194.79319878473,25331.006085069443,3828.643888888889,41035.1432248264,baseline
2025-10-10 17:00:00,71319.35202256944,24277.32456814236,3742.958182237413,43299.06927218966,baseline
2025-10-10 18:00:00,70334.57711588542,18818.848134765623,3956.108982611762,47559.61999850803,baseline
2025-10-10 19:00:00,66152.59640842014,5260.339605238173,4201.945516221788,56690.311286960175,baseline
2025-10-10 20:00:00,62007.91606336806,48.09638605141598,5278.653925238716,56681.165752077926,baseline
2025-10-10 21:00:00,60430.66337456597,0.2075293857728441,7362.517184787326,53067.93866039287,baseline
2025-10-10 22:00:00,59136.703081597225,0.1404402108987172,9021.313620876736,50115.24902050959,baseline
2025-10-10 23:00:00,56472.78888888889,0.2267548261251714,10832.904436848958,45639.65769721381,baseline
2025-10-11 00:00:00,53384.55047092014,0.2546950303514798,12268.526159939236,41115.76961595056,baseline
2025-10-11 01:00:00,50276.55108723958,0.3229423407051298,12947.427687717014,37328.80045718186,baseline
2025-10-11 02:00:00,48509.16118706597,0.3000838850769732,13160.300759006075,35348.56034417482,baseline
2025-10-11 03:00:00,46176.11302734375,0.3296010939942466,12614.037156032986,33561.74627021677,baseline
2025-10-11 04:00:00,45114.46550564236,0.3641914456254906,11931.893696831596,33182.20761736514,baseline
2025-10-11 05:00:00,44154.85537977431,0.3720703698860274,11477.60873155382,32676.874577850605,baseline
2025-10-11 06:00:00,43982.213936631946,0.3879773122900062,11313.807464192709,32668.018495126948,baseline
2025-10-11 07:00:00,44263.86749131944,0.3508876647882991,10890.426714409725,33373.08988924493,baseline
2025-10-11 08:00:00,44627.84819227431,410.9287848908372,10886.561239149303,33330.35816823417,baseline
2025-10-11 09:00:00,47669.03887261285,9754.61950208876,10157.0613148329,27757.358055691184,baseline
2025-10-11 10:00:00,52800.9464453125,23395.382250434028,6256.088266601562,23149.47592827691,baseline
2025-10-11 11:00:00,55694.72830403646,26023.977029079862,7251.316056857639,22419.43521809895,baseline
2025-10-11 12:00:00,57751.13867404514,25455.88908420139,8840.760016276041,23454.489573567716,baseline
2025-10-11 13:00:00,60029.43274305556,25143.48644585504,9108.221927897135,25777.72436930338,baseline
2025-10-11 14:00:00,62533.07494791667,24768.322254774303,10452.69755642361,27312.05513671875,baseline
2025-10-11 15:00:00,65400.902740885416,24436.96680121528,11901.233780381945,29062.702159288197,baseline
2025-10-11 16:00:00,67544.98389322916,23761.407265625,13106.544660373263,30677.031967230894,baseline
2025-10-11 17:00:00,68829.39243055556,23022.20779296875,13426.968529730902,32380.2161078559,baseline
2025-10-11 18:00:00,68313.79276041666,18344.26313422309,13691.61104844835,36277.91857774522,baseline
2025-10-11 19:00:00,65222.88896701389,5221.698888549805,14306.106549479167,45695.08352898492,baseline
2025-10-11 20:00:00,61309.37092447917,42.78980617285809,14405.82861219618,46860.75250611013,baseline
2025-10-11 21:00:00,60095.49481987847,0.0795683602367838,18402.67026258681,41692.74498893143,baseline
2025-10-11 22:00:00,58343.28417317708,0.706150852025797,21906.11735243056,36436.4606698945,baseline
2025-10-11 23:00:00,55627.60332899306,0.9497694774137604,23489.897983940973,32136.75557557467,baseline
2025-10-12 00:00:00,52663.769615885416,0.800119433634811,23645.46786024305,29017.501636208726,baseline
2025-10-12 01:00:00,50453.36945095486,0.9818524776564704,23125.290523003478,27327.09707547373,baseline
2025-10-12 02:00:00,48642.838352864586,0.7852217023571332,23167.85580512153,25474.1973260407,baseline
2025-10-12 03:00:00,46761.85356119792,0.8520700204041269,23017.404114583333,23743.59737659418,baseline
2025-10-12 04:00:00,45254.82257378472,1.0197116840879124,22514.94029079861,22738.862571302023,baseline
2025-10-12 05:00:00,44447.33836263021,1.024077941113048,22256.36934299045,22189.944941698643,baseline
2025-10-12 06:00:00,44160.093674045136,1.1069072390927208,21862.06317057292,22296.92359623313,baseline
2025-10-12 07:00:00,44203.83030164931,1.4243416620956526,21407.28787326389,22795.118086723323,baseline
2025-10-12 08:00:00,44483.29646809896,371.0773162899415,20567.68371310764,23544.53543870138,baseline
2025-10-12 09:00:00,48216.3722374132,8768.128706258138,18851.288006184892,20596.95552497017,baseline
2025-10-12 10:00:00,53184.10831597223,18741.970189887157,16162.042272135415,18280.095853949657,baseline
2025-10-12 11:00:00,55258.79411458333,20097.923374565973,16866.807087673613,18294.063652343742,baseline
2025-10-12 12:00:00,57596.96162543403,21231.78926215278,17203.462838541665,19161.709524739585,baseline
2025-10-12 13:00:00,60336.38102864583,22282.75685980903,16108.767982855905,21944.856185980894,baseline
2025-10-12 14:00:00,62960.63384548611,22728.488721788195,13868.81720377604,26363.327919921878,baseline
2025-10-12 15:00:00,65485.153324652776,22658.648313802085,12605.580570746528,30220.924440104165,baseline
2025-10-12 16:00:00,67366.1508875868,20829.813621961806,12195.489885796442,34340.84737982856,baseline
2025-10-12 17:00:00,68643.29453125,19972.923756510416,11482.375681423611,37187.99509331597,baseline
2025-10-12 18:00:00,67584.1529296875,14248.35121609158,10663.543882107206,42672.25783148871,baseline
2025-10-12 19:00:00,64318.45948784722,3109.941243854099,10008.06490125868,51200.45334273444,baseline
2025-10-12 20:00:00,61503.89244249132,5.317914318411301,11227.450920952691,50271.123607220215,baseline
2025-10-12 21:00:00,59561.53826605903,0.1810281899074713,13473.96427408854,46087.39296378058,baseline
2025-10-12 22:00:00,58791.0952452257,0.1624795764850245,15276.08234483507,43514.85042081414,baseline
2025-10-12 23:00:00,56469.20630425347,0.2782827851010693,15915.57363064236,40553.35439082601,baseline
2025-10-13 00:00:00,53027.21121310764,0.3200153901014063,16144.81023328993,36882.0809644276,baseline
2025-10-13 01:00:00,50783.4429437934,0.3201503284772237,16499.806114366318,34283.31667909861,baseline
2025-10-13 02:00:00,49451.09906684028,0.3335385160313712,16608.20861653646,32842.55691178779,baseline
2025-10-13 03:00:00,49092.85326605903,0.3399935930636194,16781.57008029514,32310.943192170824,baseline
2025-10-13 04:00:00,48271.47520833334,0.329691090186437,16033.99644314236,32237.149074100787,baseline
2025-10-13 05:00:00,47098.39627387153,0.3399722914563285,15111.478317057292,31986.57798452278,baseline
2025-10-13 06:00:00,46833.43916232639,0.3652639059225718,12996.384811197917,33836.68908722255,baseline
2025-10-13 07:00:00,48065.16672960069,0.3869387178288566,11034.909487847222,37029.87030303564,baseline
2025-10-13 08:00:00,48991.09803602431,311.79313378473125,10191.329103732638,38487.97579850694,baseline
2025-10-13 09:00:00,51353.97168836805,7659.519036187066,8926.144507921006,34768.30814425998,baseline
2025-10-13 10:00:00,55703.18582465278,16937.76687825521,7712.676985677083,31052.741960720483,baseline
2025-10-13 11:00:00,57640.37514648437,19701.75750488281,6505.232198079427,31433.385443522136,baseline
2025-10-13 12:00:00,60383.75834852431,20434.90859375,4684.468568522136,35264.381186252176,baseline
2025-10-13 13:00:00,63424.57641059028,21422.38513346354,3653.4568619113497,38348.73441521539,baseline
2025-10-13 14:00:00,66182.48435329861,22694.478973524307,3982.167225206163,39505.83815456815,baseline
2025-10-13 15:00:00,68625.37430555555,23089.234561631944,4409.362094997829,41126.77764892578,baseline
2025-10-13 16:00:00,70400.32328993056,23253.40270182292,5541.20294813368,41605.71763997396,baseline
2025-10-13 17:00:00,71288.5932421875,21669.14955729167,6982.512173936632,42636.9315109592,baseline
2025-10-13 18:00:00,70183.09230034723,15781.426185980905,9057.79563422309,45343.87048014323,baseline
2025-10-13 19:00:00,67260.67918836806,3826.3541981167264,10714.63419596354,52719.69079428779,baseline
2025-10-13 20:00:00,65366.05177517361,20.68822762463759,11417.825949435764,53927.53759811321,baseline
2025-10-13 21:00:00,63261.13017795139,0.28158113055759,13274.58177517361,49986.26682164722,baseline
2025-10-13 22:00:00,60783.054947916666,0.2865624139706293,14743.794375,46038.97401050269,baseline
2025-10-13 23:00:00,57164.14996310764,0.2863073426485061,15221.209504123264,41942.65415164172,baseline
2025-10-14 00:00:00,53650.4459375,0.2762679480678505,16054.868062065972,37595.30160748596,baseline
2025-10-14 01:00:00,51084.81195529514,0.2893248834709326,17322.927984483507,33761.59464592816,baseline
2025-10-14 02:00:00,48925.809526909725,0.3249945920705795,17126.94748480903,31798.537047508627,baseline
2025-10-14 03:00:00,47308.98399956597,0.3547429962621795,16284.108587239583,31024.52066933013,baseline
2025-10-14 04:00:00,45886.51745225694,0.3244712868995136,15166.12390733507,30720.06907363497,baseline
2025-10-14 05:00:00,45438.73098958333,0.3294619860251744,13029.441828342016,32408.95969925529,baseline
2025-10-14 06:00:00,46490.47157769097,0.3581334661940734,11557.38890625,34932.72453797478,baseline
2025-10-14 07:00:00,48243.62751302083,0.3789898808631632,10455.781458333331,37787.46706480664,baseline
2025-10-14 08:00:00,49236.35039388021,292.7424852971236,9616.776241319443,39326.83166726364,baseline
2025-10-14 09:00:00,52025.31535915798,8909.408388671874,8932.454835069444,34183.452135416665,baseline
2025-10-14 10:00:00,56338.8324858941,21826.439074978294,7431.155046386719,27081.238364529083,baseline
2025-10-14 11:00:00,57925.76974175347,24764.700807291665,8392.934953342014,24768.13398111979,baseline
2025-10-14 12:00:00,59238.27392361111,24407.381335720485,9449.952690972224,25380.9398969184,baseline
2025-10-14 13:00:00,61826.173802083336,24941.77696180556,8396.757469075521,28487.639371202265,baseline
2025-10-14 14:00:00,64827.81333767361,24954.81337673611,7428.06596625434,32444.93399468316,baseline
2025-10-14 15:00:00,67165.51654513889,25529.39724175347,6809.77630859375,34826.34299479167,baseline
2025-10-14 16:00:00,69225.11005208333,25587.57478732639,6131.565108235677,37505.97015652126,baseline
2025-10-14 17:00:00,70602.81565104167,24580.654019097223,6217.781380208334,39804.38025173612,baseline
2025-10-14 18:00:00,69799.44524739584,17939.746489800345,6982.63803656684,44877.060721028654,baseline
2025-10-14 19:00:00,66618.49255642362,4313.157808397081,8184.442565782335,54120.892182244206,baseline
2025-10-14 20:00:00,64143.03550998264,29.85547521397057,9672.67058810764,54440.50944666103,baseline
2025-10-14 21:00:00,61979.19631293403,0.2133616544140709,12482.178790147567,49496.80416113205,baseline
2025-10-14 22:00:00,59801.77062174479,0.3059212387187613,14706.08509467231,45095.37960583376,baseline
2025-10-14 23:00:00,56399.04956380208,0.3264187523060374,15678.631314019098,40720.09183103067,baseline
2025-10-15 00:00:00,53152.04953342014,0.3414553089357084,15853.04728407118,37298.66079404003,baseline
2025-10-15 01:00:00,50950.14462890625,0.3321999919745657,15786.44441189236,35163.36801702192,baseline
2025-10-15 02:00:00,48592.76980685764,0.3391966013775931,15598.026737467448,32994.40387278881,baseline
2025-10-15 03:00:00,47433.51734592014,0.3540237985716926,15463.608713107638,31969.55460901393,baseline
2025-10-15 04:00:00,46278.14900607639,0.3674062309496932,14904.76593532986,31373.01566451558,baseline
2025-10-15 05:00:00,45413.54966362847,0.3755005934254991,13490.409813096789,31922.76434993826,baseline
2025-10-15 06:00:00,46178.02447699653,0.3689715542727046,11800.157333984374,34377.49817145788,baseline
2025-10-15 07:00:00,48228.07463541667,0.3682524252931277,10057.164063042535,38170.54231994884,baseline
2025-10-15 08:00:00,49010.22425347223,259.15176583111287,8345.90457736545,40405.16791027566,baseline
2025-10-15 09:00:00,50777.76284722222,8322.013441026476,6527.081667344835,35928.66773885091,baseline
2025-10-15 10:00:00,55199.20982204861,21698.25941623264,3425.900455186632,30075.049950629334,baseline
2025-10-15 11:00:00,57517.125075954864,24658.48710503472,3796.4436143663193,29062.194356553824,baseline
2025-10-15 12:00:00,57945.47038628472,25317.301612413197,4477.658563368055,28150.510210503475,baseline
2025-10-15 13:00:00,60865.2253125,25633.75751302083,4053.845550401476,31177.622249077693,baseline
2025-10-15 14:00:00,63588.18933919271,25518.58855251736,3957.239504123264,34112.36128255208,baseline
2025-10-15 15:00:00,66498.4166905382,25854.59619628906,4519.140280626085,36124.680213623054,baseline
2025-10-15 16:00:00,68354.32032118055,26149.88517144097,5492.92641655816,36711.50873318142,baseline
2025-10-15 17:00:00,69526.59315755208,25824.86698296441,6579.020541042752,37122.70563354492,baseline
2025-10-15 18:00:00,68948.28821614584,18955.294735243056,7718.815806206597,42274.17767469618,baseline
2025-10-15 19:00:00,65852.5735828993,4406.190125427246,9129.441577690972,52316.94187978109,baseline
2025-10-15 20:00:00,63721.850622829865,25.11455390325023,11380.66089436849,52316.07517455812,baseline
2025-10-15 21:00:00,61623.48255642361,0.2292846720086203,14940.294636501736,46682.958635249866,baseline
2025-10-15 22:00:00,58804.003038194445,0.243667907445795,17504.34508843316,41299.41428185384,baseline
2025-10-15 23:00:00,55345.708515625,0.2424876209596793,19133.28542914497,36212.18059885908,baseline
2025-10-16 00:00:00,51798.33756293403,0.3431373463281327,19610.051161024305,32187.9432645634,baseline
2025-10-16 01:00:00,48614.47181640625,0.3727551689661211,19538.296467556425,29075.80259368086,baseline
2025-10-16 02:00:00,46693.796495225695,0.4267538117948505,18981.5718500434,27711.797891370497,baseline
2025-10-16 03:00:00,45439.21204210069,0.4242111568401257,18061.10280707465,27377.685023869195,baseline
2025-10-16 04:00:00,44544.88528862847,0.3669914749264717,16851.788592664932,27692.72970448861,baseline
2025-10-16 05:00:00,44104.359939236114,0.4098477196610636,15645.22504638672,28458.725045129737,baseline
2025-10-16 06:00:00,45172.98711046007,0.411931290825208,15122.782260199652,30049.79291896959,baseline
2025-10-16 07:00:00,47318.16631944444,0.3748847046825621,14910.774259168837,32407.017175570923,baseline
2025-10-16 08:00:00,48315.00759114583,262.79089874645075,14517.514532063802,33534.70216033558,baseline
2025-10-16 09:00:00,50322.54369357639,7441.556797688802,13695.58896484375,29185.397931043837,baseline
2025-10-16 10:00:00,55019.398776041664,18943.89995876736,10634.730555555556,25440.768261718746,baseline
2025-10-16 11:00:00,57252.979561631946,21722.712960611974,11958.361075575089,23571.905525444883,baseline
2025-10-16 12:00:00,58701.92477864584,20969.38503472222,13762.905412326389,23969.634331597223,baseline
2025-10-16 13:00:00,59878.024233940974,20345.896056315105,14773.935242241754,24758.19293538411,baseline
2025-10-16 14:00:00,62209.16630750868,19439.965598958333,14479.507606336803,28289.693102213547,baseline
2025-10-16 15:00:00,64160.45426215278,17777.124913194446,14513.157149522567,31870.172199435765,baseline
2025-10-16 16:00:00,65497.55919270834,17033.46026204427,14764.206044108072,33699.892886555994,baseline
2025-10-16 17:00:00,65824.73304036459,15791.14701063368,15528.214404296876,34505.37162543403,baseline
2025-10-16 18:00:00,64793.792413194446,12019.187068684896,17232.31902235243,35542.28632215712,baseline
2025-10-16 19:00:00,63210.03638020833,3232.962477044,18879.727824978298,41097.346078186034,baseline
2025-10-16 20:00:00,62336.25384548611,90.79251808653277,19223.718396267363,43021.74293113222,baseline
2025-10-16 21:00:00,60951.65291883681,0.3486990275482337,21479.80700086805,39471.49721894121,baseline
2025-10-16 22:00:00,59314.48720052083,0.347866760633058,22950.714918619797,36363.424415140405,baseline
2025-10-16 23:00:00,56812.20990668403,0.3562633924682935,23689.408062065973,33122.44558122559,baseline
2025-10-17 00:00:00,53370.03269314236,0.5263711791237196,22870.71801432292,30498.788307640323,baseline
2025-10-17 01:00:00,51000.82734592014,0.5964420430031088,22788.984670681424,28211.24623319571,baseline
2025-10-17 02:00:00,49316.594250217015,0.3693468532131778,22702.97414496528,26613.25075839852,baseline
2025-10-17 03:00:00,48130.067842881945,0.4190064254403114,22456.99539279514,25672.65344366137,baseline
2025-10-17 04:00:00,46823.94659288194,0.5200052982568741,21541.163678385416,25282.262909198267,baseline
2025-10-17 05:00:00,46667.33044704861,0.3620140968594286,20525.99164930556,26140.976783646194,baseline
2025-10-17 06:00:00,47690.08942057292,0.3482370134856966,19754.61857313368,27935.122610425755,baseline
2025-10-17 07:00:00,49626.017454427085,0.370124006950193,18817.42930230035,30808.218028119787,baseline
2025-10-17 08:00:00,50708.10179253472,174.06125510881344,17210.077690972223,33323.96284645368,baseline
2025-10-17 09:00:00,52298.43827473959,7174.895121866862,15295.340061577692,29828.203091295032,baseline
2025-10-17 10:00:00,56338.20172092014,19217.84283148872,12398.639061686195,24721.719827745223,baseline
2025-10-17 11:00:00,59027.570419921874,23051.018328993057,12584.762317708331,23391.789773220487,baseline
2025-10-17 12:00:00,61238.72084418403,22431.373081597223,10572.158051215278,28235.189711371524,baseline
2025-10-17 13:00:00,63789.29859592014,23020.898192274304,7702.719823676215,33065.680579969616,baseline
2025-10-17 14:00:00,66552.72958984374,22577.121247829866,5841.235753038194,38134.37258897569,baseline
2025-10-17 15:00:00,68571.40542317709,22939.515596788195,5392.108721788194,40239.7811046007,baseline
2025-10-17 16:00:00,70174.40394965278,22665.970217013888,6015.798172743055,41492.63555989584,baseline
2025-10-17 17:00:00,71033.37728298611,21483.605557725696,7640.966360677084,41908.80536458333,baseline
2025-10-17 18:00:00,70083.36284288195,15839.938581814236,8727.901487087674,45515.52277398004,baseline
2025-10-17 19:00:00,67034.56604166667,3748.569689670139,8970.22451361762,54315.7718383789,baseline
2025-10-17 20:00:00,64768.34635850695,23.69190574269742,10367.56263671875,54377.091816045504,baseline
2025-10-17 21:00:00,63051.9866015625,0.2674773419068919,14692.58921766493,48359.12990655567,baseline
2025-10-17 22:00:00,61172.93687717014,0.3285124131374889,18004.905911458332,43167.70245329867,baseline
2025-10-17 23:00:00,59301.8989344618,0.3910392093492879,19021.341484375,40280.16641087746,baseline
2025-10-18 00:00:00,57209.936783854166,0.3879391326010227,19455.135132378477,37754.41371234309,baseline
2025-10-18 01:00:00,54126.23603407118,0.4593138554029994,19751.52398654514,34374.25273367064,baseline
2025-10-18 02:00:00,52643.20234157986,0.6109319339858161,20063.98539496528,32578.6060146806,baseline
2025-10-18 03:00:00,51541.57040364584,0.386195341249307,19533.947530381945,32007.23667792264,baseline
2025-10-18 04:00:00,50384.97281467014,0.3776543391082022,18612.420635850693,31772.17452448034,baseline
2025-10-18 05:00:00,49967.54457248264,0.4278828726874457,17236.297299804686,32730.819389805267,baseline
2025-10-18 06:00:00,49561.35944986979,0.3411259403493669,16198.192258029514,33362.82606589993,baseline
2025-10-18 07:00:00,50074.785864800346,0.3459441734684838,16351.744738498264,33722.69518212861,baseline
2025-10-18 08:00:00,50479.21935329861,130.61763561415177,14718.206264105902,35630.39545357856,baseline
2025-10-18 09:00:00,51907.96131727431,4877.8500691053605,12360.693742947047,34669.41750522189,baseline
2025-10-18 10:00:00,56872.91358940972,13766.879428168402,9675.6918359375,33430.34232530382,baseline
2025-10-18 11:00:00,59766.37853732639,18713.733268229167,9520.766927083334,31531.87834201389,baseline
2025-10-18 12:00:00,61751.79689561632,19635.552100694444,11907.92425672743,30208.320538194443,baseline
2025-10-18 13:00:00,63405.028604600695,20100.860655381945,14495.250023871527,28808.917925347225,baseline
2025-10-18 14:00:00,64538.19490668402,18529.95034939236,16263.43203233507,29744.812524956596,baseline
2025-10-18 15:00:00,65489.21228298611,17582.476182725695,17465.358333333334,30441.37776692709,baseline
2025-10-18 16:00:00,66309.97778862847,16846.71505533854,17829.24870876736,31634.01402452257,baseline
2025-10-18 17:00:00,67196.1512999132,16883.560196668837,17547.5586984592,32765.03240478516,baseline
2025-10-18 18:00:00,67195.70400607638,13679.014258897569,17388.69143012153,36127.99831705728,baseline
2025-10-18 19:00:00,64829.39385742188,3812.0519085523815,13908.31076063368,47109.031188235815,baseline
2025-10-18 20:00:00,62821.28164930556,17.221809396810002,12457.282679036458,50346.77716087229,baseline
2025-10-18 21:00:00,60727.77681423611,0.2961232138673464,13689.32496310764,47038.1557279146,baseline
2025-10-18 22:00:00,58305.45707248264,0.3819120539973179,15700.611280110676,42604.46388031797,baseline
2025-10-18 23:00:00,55829.41566948785,0.3733509053703811,16895.301679958768,38933.74063862371,baseline
2025-10-19 00:00:00,53283.04068576389,0.3693097896377245,18032.69180284288,35249.979573131364,baseline
2025-10-19 01:00:00,50577.18371419271,0.4297583189606666,19403.696592881945,31173.057362991804,baseline
2025-10-19 02:00:00,49320.189465060765,0.4167021382682853,20788.671757269964,28531.101005652534,baseline
2025-10-19 03:00:00,48238.49280056424,0.4566055923865901,21444.20046440972,26793.83573056213,baseline
2025-10-19 04:00:00,47178.67333984375,0.5358924451304806,20565.47885796441,26612.65858943421,baseline
2025-10-19 05:00:00,45427.16779730903,0.4058487371189727,18851.6571218533,26575.10482671861,baseline
2025-10-19 06:00:00,44246.23061523437,0.440392470492257,16616.99008246528,27628.8001402986,baseline
2025-10-19 07:00:00,44276.33899631076,0.435029257469707,14646.122572699653,29629.78139435364,baseline
2025-10-19 08:00:00,44425.8274858941,204.25922638042107,12669.84845486111,31551.719804652566,baseline
2025-10-19 09:00:00,46614.193459201386,9142.139223429362,9791.767512749566,27680.28672302246,baseline
2025-10-19 10:00:00,51928.75833984375,24621.293585069445,6725.271848415799,20582.192906358505,baseline
2025-10-19 11:00:00,53853.034057074656,27978.479470486112,5190.954104817708,20683.60048177084,baseline
2025-10-19 12:00:00,54627.13239583333,28160.610670030383,4079.265320163303,22387.256405639644,baseline
2025-10-19 13:00:00,55178.90721137153,27564.98552083333,4471.724426540799,23142.1972639974,baseline
2025-10-19 14:00:00,56751.71643771701,27205.76719618056,4945.455045572917,24600.49419596354,baseline
2025-10-19 15:00:00,58729.63192057292,27126.02478732639,5472.722647569444,26130.88448567708,baseline
2025-10-19 16:00:00,60472.07887695313,27180.396187065973,6172.863827582465,27118.818862304688,baseline
2025-10-19 17:00:00,61754.121545138885,26460.10988064236,7037.155432400174,28256.856232096357,baseline
2025-10-19 18:00:00,61463.41005750868,18814.26829155816,8201.972855631511,34447.16891031901,baseline
2025-10-19 19:00:00,59058.35722222222,3978.186112535265,9494.620087890626,45585.55102179633,baseline
2025-10-19 20:00:00,57565.30991753472,12.982735334146351,11716.788680555555,45835.538501645024,baseline
2025-10-19 21:00:00,55722.40050347222,0.2203549445213543,15115.816306694878,40606.36384183282,baseline
2025-10-19 22:00:00,53471.94825737847,0.1923247938023673,18242.06372938368,35229.69220320099,baseline
2025-10-19 23:00:00,51163.94455186632,0.2284991157551606,21207.61493489583,29956.10111785473,baseline
2025-10-20 00:00:00,48021.63111111111,0.3384391426543395,21681.486138780383,26339.806533188075,baseline
2025-10-20 01:00:00,45358.8220203993,0.492454118910763,21844.51214463976,23513.81742164064,baseline
2025-10-20 02:00:00,44055.27169704861,0.5713108304142952,22357.38496527778,21697.31542094042,baseline
2025-10-20 03:00:00,43440.42307942709,0.3798113911102215,22422.61229709201,21017.43097094396,baseline
2025-10-20 04:00:00,42878.17082465278,0.3803050691882769,22277.37329481337,20600.41722477022,baseline
2025-10-20 05:00:00,42911.24817057292,0.3878431768963734,21914.497528754346,20996.36279864168,baseline
2025-10-20 06:00:00,44264.127621527776,0.396983476181825,21867.285141059027,22396.44549699257,baseline
2025-10-20 07:00:00,46523.30764105903,0.3917467112176948,22192.945772569445,24329.97012177837,baseline
2025-10-20 08:00:00,47775.47416124132,202.5288107839227,22145.346985677083,25427.598364780315,baseline
2025-10-20 09:00:00,49751.92310763889,7653.449759521484,20783.170677083333,21315.30267103407,baseline
2025-10-20 10:00:00,54533.87088107639,17547.12281358507,18543.169079861116,18443.578987630208,baseline
2025-10-20 11:00:00,56047.22434244792,19729.229871961805,18472.272239583333,17845.72223090278,baseline
2025-10-20 12:00:00,57497.496787109376,19787.16897732205,18614.94044108073,19095.3873687066,baseline
2025-10-20 13:00:00,60039.97116753472,20345.522128363715,17980.757142469618,21713.69189670139,baseline
2025-10-20 14:00:00,63309.16987196181,21446.294682617183,17397.240906032985,24465.63428331164,baseline
2025-10-20 15:00:00,65708.00169704862,22098.137475043404,16773.19669921875,26836.66752278646,baseline
2025-10-20 16:00:00,67978.89329861112,23120.52964084201,16170.694582248265,28687.66907552084,baseline
2025-10-20 17:00:00,70151.57111111112,22728.85557996962,16389.051094292536,31033.664436848965,baseline
2025-10-20 18:00:00,70303.81776909722,16652.001423611113,16469.52346625434,37182.29287923177,baseline
2025-10-20 19:00:00,67783.71547309028,3435.524592658149,15387.394051649306,48960.796828782826,baseline
2025-10-20 20:00:00,65838.31683810764,9.428104126105708,15266.531536458331,50562.3571975232,baseline
2025-10-20 21:00:00,63800.430531684025,0.3766413073407279,17153.008725585936,46647.04516479075,baseline
2025-10-20 22:00:00,61362.039114583335,0.8217099966605504,19921.57608452691,41439.64132005976,baseline
2025-10-20 23:00:00,58640.07390407986,0.6353416690230369,21391.06025824653,37248.378304164304,baseline
2025-10-21 00:00:00,55617.54610243056,0.4754760759406619,21933.388370225694,33683.682256128915,baseline
2025-10-21 01:00:00,53278.35658854167,0.4865814897086885,23003.46996744792,30274.400039604043,baseline
2025-10-21 02:00:00,51118.94929796007,0.490548967404498,22935.703594292536,28182.755154700128,baseline
2025-10-21 03:00:00,49683.30041015625,0.5340616040097342,22346.98840060764,27335.7779479446,baseline
2025-10-21 04:00:00,49136.42698567709,0.5714928752349483,22606.492791341145,26529.362701460705,baseline
2025-10-21 05:00:00,48693.90340060764,0.5139042907953262,21451.766399739583,27241.623096577263,baseline
2025-10-21 06:00:00,49389.70837456597,0.5794530065192116,20130.10881944445,29259.02010211501,baseline
2025-10-21 07:00:00,51019.6805577257,0.5536489489674569,18476.9212890625,32542.20561971423,baseline
2025-10-21 08:00:00,51617.83676540799,97.5454182842705,17361.989986979166,34158.30136014455,baseline
2025-10-21 09:00:00,52529.85650173611,6006.340576510959,15292.949619140623,31230.566306084525,baseline
2025-10-21 10:00:00,57190.16839409722,18972.41589952257,11198.706899956596,27019.045594618052,baseline
2025-10-21 11:00:00,58878.75822482639,22732.26728515625,11630.784555121529,24515.706384548605,baseline
2025-10-21 12:00:00,59275.006766493054,22935.066527777777,11082.282767469618,25257.657471245657,baseline
2025-10-21 13:00:00,60689.10308810764,23902.842121310765,9280.57052924262,27505.69043755425,baseline
2025-10-21 14:00:00,62831.35153103299,24235.333459743924,6450.247575819228,32145.77049546984,baseline
2025-10-21 15:00:00,65006.00291232639,24589.93057074653,4579.625979003907,35836.44636257595,baseline
2025-10-21 16:00:00,66725.61778862847,24557.81407443576,3701.8134296332464,38465.99028455946,baseline
2025-10-21 17:00:00,67509.70826171876,24080.784085828996,3289.92192437066,40139.0022515191,baseline
2025-10-21 18:00:00,66285.85884982639,16916.51167371962,2981.21636461046,46388.1308114963,baseline
2025-10-21 19:00:00,61913.84992838542,3398.1082241482204,2875.9985918511284,55639.74311238607,baseline
2025-10-21 20:00:00,59435.74067057292,8.098257108198272,4032.437950100369,55395.204463364345,baseline
2025-10-21 21:00:00,58315.00000217014,0.3166380021472772,6212.148843044705,52102.53452112329,baseline
2025-10-21 22:00:00,56834.467161458335,0.3002638723659847,7744.799436848958,49089.36746073701,baseline
2025-10-21 23:00:00,54173.840336371526,0.3608286740216944,8831.862413194445,45341.61709450306,baseline
2025-10-22 00:00:00,50732.41078016493,0.3849348858743906,9873.733129882812,40858.292715396245,baseline
2025-10-22 01:00:00,47918.098532986114,0.3881675879822837,10486.804232855902,37430.90613254223,baseline
2025-10-22 02:00:00,46099.20587456597,0.4386539605922169,11113.554380425348,34985.21284018004,baseline
2025-10-22 03:00:00,44395.04044704861,0.4615003633168008,11454.883778211806,32939.69516847349,baseline
2025-10-22 04:00:00,43262.32539713541,0.4562535240252812,12013.409476996529,31248.459666614857,baseline
2025-10-22 05:00:00,43374.1756749132,0.43851788090335,12761.610483940973,30612.12667309132,baseline
2025-10-22 06:00:00,44456.29137803819,0.443326285150316,13674.227936197916,30781.620115555124,baseline
2025-10-22 07:00:00,46783.31604817708,0.4723368855979707,14185.284738498263,32597.558972793224,baseline
2025-10-22 08:00:00,47940.21684244792,130.24443848636415,15011.70269748264,32798.26970647891,baseline
2025-10-22 09:00:00,48827.61951388889,6512.793249986436,14740.562819010416,27574.26344489204,baseline
2025-10-22 10:00:00,52368.28831380208,19486.442211371526,11126.40423719618,21755.441865234377,baseline
2025-10-22 11:00:00,54393.88415581597,23621.21986545139,10598.4801171875,20174.18417317708,baseline
2025-10-22 12:00:00,54558.28176215278,23707.36754123264,10900.171824001736,19950.7423969184,baseline
2025-10-22 13:00:00,55035.68480685764,23871.913133680555,9703.060088975695,21460.711584201388,baseline
2025-10-22 14:00:00,56746.60195746528,24127.502259114583,9095.53707248264,23523.562625868057,baseline
2025-10-22 15:00:00,58314.27393229167,25051.177118055555,8116.499847005209,25146.596967230907,baseline
2025-10-22 16:00:00,60282.65069444444,25152.696553819445,7107.189593641493,28022.764546983504,baseline
2025-10-22 17:00:00,61903.34081163195,24569.65384548611,6823.718939344618,30509.96802680122,baseline
2025-10-22 18:00:00,61644.74615234375,16624.118681640626,6681.256597222222,38339.3708734809,baseline
2025-10-22 19:00:00,59317.05137369792,3037.1714521450467,6962.122231987847,49317.75768956503,baseline
2025-10-22 20:00:00,57887.48446397569,4.5109340377979805,9121.265259874132,48761.70827006376,baseline
2025-10-22 21:00:00,57205.20319878472,0.3083966299063629,12278.625055338542,44926.26974681627,baseline
2025-10-22 22:00:00,55188.78361111111,0.4054530897074275,14528.653917100695,40659.72424092071,baseline
2025-10-22 23:00:00,52617.29104600695,0.4424933013319969,17045.87388454861,35570.974668157,baseline
2025-10-23 00:00:00,50052.88911675348,0.426700211001767,18875.714602864584,31176.74781367789,baseline
2025-10-23 01:00:00,47341.19905815972,0.4312661016318533,19095.29275173611,28245.47504032198,baseline
2025-10-23 02:00:00,46337.41142144097,0.5045087105366919,19024.236783854165,27312.67012887627,baseline
2025-10-23 03:00:00,45581.29456163194,0.4836587022079361,18354.55845703125,27226.252445898484,baseline
2025-10-23 04:00:00,44573.24896918403,0.4702531951997015,17889.369715711804,26683.409000277028,baseline
2025-10-23 05:00:00,43989.847845052085,0.4805651373333401,17390.943721788193,26598.42355812656,baseline
2025-10-23 06:00:00,44980.94274522569,0.5099004557397631,16102.43831922743,28877.994525542523,baseline
2025-10-23 07:00:00,47305.0174110243,0.5094454021586312,15305.64900282118,31998.858962800965,baseline
2025-10-23 08:00:00,48438.26340928819,114.78234901501072,14655.370009765626,33668.11105050756,baseline
2025-10-23 09:00:00,49373.88495659722,4722.6240376790365,14049.675103081598,30601.585815836585,baseline
2025-10-23 10:00:00,51890.848483072914,13308.81113172743,12052.341708984375,26529.69564236111,baseline
2025-10-23 11:00:00,54885.08210286458,16690.1500390625,12749.56454752604,25445.36751627604,baseline
2025-10-23 12:00:00,57580.03831163194,19769.17783420139,11642.673781467014,26168.186695963537,baseline
2025-10-23 13:00:00,58639.83164713542,18830.911111111112,9000.02239095052,30808.898145073785,baseline
2025-10-23 14:00:00,61167.68404296875,18351.957341579862,7698.381928710937,35117.34477267796,baseline
2025-10-23 15:00:00,63287.72074435764,17855.1374609375,7106.217004123264,38326.36627929688,baseline
2025-10-23 16:00:00,65164.86590928819,17524.344635416666,7397.638630099826,40242.8826437717,baseline
2025-10-23 17:00:00,65323.25735243056,15002.856998697916,9237.873004014757,41082.527349717886,baseline
2025-10-23 18:00:00,63796.25342230903,8134.222682562934,11956.212761501736,43705.81797824436,baseline
2025-10-23 19:00:00,62252.12298828125,1193.5537539566888,14197.41439670139,46861.154837623166,baseline
2025-10-23 20:00:00,61765.06136935764,0.5007492328404138,17140.200217013888,44624.36040311091,baseline
2025-10-23 21:00:00,60271.60472873264,0.2060424244569407,18658.56753255208,41612.831153756095,baseline
2025-10-23 22:00:00,58440.81628689236,0.2866345107886526,19607.02770182292,38833.50195055865,baseline
2025-10-23 23:00:00,55755.57199869792,0.3206387460397349,17980.871901041668,37774.3794589102,baseline
2025-10-24 00:00:00,52172.54789713542,0.3696996046106021,16062.627329644098,36109.55086788671,baseline
2025-10-24 01:00:00,49370.76317057292,0.3632689750360118,15549.1469140625,33821.25298753538,baseline
2025-10-24 02:00:00,47628.13043402778,0.3470963528917895,16667.301961805555,30960.48137586933,baseline
2025-10-24 03:00:00,47011.31861762153,0.373422453386916,17147.25548611111,29863.689709057035,baseline
2025-10-24 04:00:00,46643.27868489584,0.3262325371305147,17747.59255859375,28895.359893764955,baseline
2025-10-24 05:00:00,46574.56299913194,0.334747129480044,19068.241545138888,27505.986706863576,baseline
2025-10-24 06:00:00,46919.11785373264,0.3985608629551199,19434.837092013888,27483.8822008558,baseline
2025-10-24 07:00:00,49028.078930121526,0.4116354668802685,20072.52878472222,28955.138509932425,baseline
2025-10-24 08:00:00,49971.99618272569,68.49950832211309,20272.003522135416,29631.49315226816,baseline
2025-10-24 09:00:00,51217.72343532986,2856.2239431084527,19024.404466145832,29337.095026075574,baseline
2025-10-24 10:00:00,53776.98075086805,7736.698971354167,17555.521844618055,28484.759934895832,baseline
2025-10-24 11:00:00,56601.82752170139,10304.75037109375,17665.308836805554,28631.76831380208,baseline
2025-10-24 12:00:00,58111.14480685764,11919.03755750868,17322.394957682292,28869.712291666663,baseline
2025-10-24 13:00:00,59325.09075737847,11652.75032877604,15966.7876171875,31705.55281141493,baseline
2025-10-24 14:00:00,60694.42592013889,11570.020162760416,15144.041149088542,33980.364608289936,baseline
2025-10-24 15:00:00,62327.15917317708,11149.444928385416,14860.125728081595,36317.588516710064,baseline
2025-10-24 16:00:00,62385.261755642365,9849.793498263887,15437.862265625,37097.60599175347,baseline
2025-10-24 17:00:00,63125.96741970486,8925.111725802952,15172.144850260416,39028.71084364149,baseline
2025-10-24 18:00:00,62042.090991753474,6356.85700764974,13985.30318250868,41699.93080159505,baseline
2025-10-24 19:00:00,60293.17889973959,1453.585016471015,14546.965414496528,44292.62846877204,baseline
2025-10-24 20:00:00,59632.67824652778,6.985228115066679,14225.561001519098,45400.132016893614,baseline
2025-10-24 21:00:00,58567.65327473958,0.2318006696055332,13453.961161024306,45113.46031304567,baseline
2025-10-24 22:00:00,56459.835668402775,0.2288464859873056,10171.775913628471,46287.83090828831,baseline
2025-10-24 23:00:00,54376.26036892361,0.3097592226043343,11000.950545518665,43375.00006418234,baseline
2025-10-25 00:00:00,51821.69931423611,0.335453025996685,10144.644405381943,41676.71945582817,baseline
2025-10-25 01:00:00,49878.64744140625,0.3188347570432557,10182.26615342882,39696.06245322038,baseline
2025-10-25 02:00:00,47429.50154513889,0.3165633745657073,9815.472974175347,37613.712007588976,baseline
2025-10-25 03:00:00,45886.023843315976,0.3155468498998218,7690.4451703559025,38195.26312611017,baseline
2025-10-25 04:00:00,44793.67999565973,0.3033350766367382,6483.011761067708,38310.36489951538,baseline
2025-10-25 05:00:00,44297.83730685764,0.2954503304097387,6398.088676215278,37899.45318031195,baseline
2025-10-25 06:00:00,43550.18893229167,0.3129740547471576,5913.003306749132,37636.87265148779,baseline
2025-10-25 07:00:00,43833.10626302083,0.3098072622550858,5377.9396755642365,38454.85678019434,baseline
2025-10-25 08:00:00,44384.28159505208,23.21632721483708,3609.672662489149,40751.3926053481,baseline
2025-10-25 09:00:00,45860.046903211805,2363.6674433051217,2861.227621527778,40635.15183837891,baseline
2025-10-25 10:00:00,49778.61863498264,8325.089026150174,3258.13824734158,38195.39136149088,baseline
2025-10-25 11:00:00,52602.58944661458,11673.328796657986,4858.532864583333,36070.72778537327,baseline
2025-10-25 12:00:00,54864.10997395834,13132.242452256944,6762.343292643229,34969.52422905817,baseline
2025-10-25 13:00:00,55229.23009331597,14185.752899305557,7929.429135199653,33114.04805881076,baseline
2025-10-25 14:00:00,55274.77224609375,15744.405457899304,6852.319603949652,32678.047184244795,baseline
2025-10-25 15:00:00,55694.77600911458,15975.290938585067,6025.34666015625,33694.13841037326,baseline
2025-10-25 16:00:00,56381.87148003472,14532.960808376736,6270.285135091146,35578.62553656684,baseline
2025-10-25 17:00:00,56336.69667317708,11876.98584092882,5724.410280490451,38735.30055175781,baseline
2025-10-25 18:00:00,55355.77697482639,8219.169632161458,4886.001106770834,42250.6062358941,baseline
2025-10-25 19:00:00,54010.39146484375,1814.2368716133965,3831.981129286025,48364.17346394433,baseline
2025-10-25 20:00:00,53611.41044487847,3.1656643895473744,3972.05938015408,49636.18540033484,baseline
2025-10-25 21:00:00,52613.53422309028,0.0968544322500626,3726.160652669271,48887.27671598875,baseline
2025-10-25 22:00:00,51498.78981336806,0.1837249557839499,3574.742542046441,47923.86354636584,baseline
2025-10-25 23:00:00,49574.18013671875,0.2547048275338279,3424.5491099717883,46149.37632191943,baseline
2025-10-26 00:00:00,47977.44426215278,0.2561286835703585,3015.3760465494797,44961.81208691973,baseline
2025-10-26 01:00:00,45949.15109157986,0.3732884239157041,2995.35916937934,42953.41863377661,baseline
2025-10-26 02:00:00,44472.57909939236,0.3366535595721668,2903.6433694118923,41568.59907642089,baseline
2025-10-26 03:00:00,43647.25473090278,0.3389223038487964,2855.111198187934,40791.804610411,baseline
2025-10-26 04:00:00,42897.55839192709,0.3511992731028133,3137.371856282552,39759.83533637144,baseline
2025-10-26 05:00:00,42291.740759548615,0.3346750491195255,3246.243924153646,39045.16216034585,baseline
2025-10-26 06:00:00,42035.52191189236,0.3480151219831572,3702.3009231228298,38332.87297364755,baseline
2025-10-26 07:00:00,42438.14105034722,0.3450837038622962,3956.690401204427,38481.105565438935,baseline
2025-10-26 08:00:00,42930.580907118056,16.404049545890754,3692.01048828125,39222.16636929091,baseline
2025-10-26 09:00:00,44618.34366970486,2939.9474779086645,3562.554120279948,38115.84207151625,baseline
2025-10-26 10:00:00,47692.79345486111,11156.957709960938,2669.8657360839843,33865.970008816184,baseline
2025-10-26 11:00:00,49954.545909288194,15731.149448784725,1645.8510164388022,32577.545444064668,baseline
2025-10-26 12:00:00,52203.24021484375,18479.93562282986,1430.2845199924045,32293.02007202148,baseline
2025-10-26 13:00:00,54171.63157118056,20114.021605902777,1376.9767249891493,32680.633240288636,baseline
2025-10-26 14:00:00,55893.00438802083,22251.67102647569,1319.504341905382,32321.829019639757,baseline
2025-10-26 15:00:00,56678.12950520834,23398.056770833333,1522.5203869628906,31757.552347412115,baseline
2025-10-26 16:00:00,58076.05081380208,23579.15614149305,1846.3822569444444,32650.51241536458,baseline
2025-10-26 17:00:00,59200.70955512152,23293.62657118056,2200.0761214192707,33707.006862521695,baseline
2025-10-26 18:00:00,59149.91927300347,15750.765422092014,2182.9876700846357,41216.166180826825,baseline
2025-10-26 19:00:00,57051.57376736112,2649.03371357388,2803.461218261719,51599.07883552551,baseline
2025-10-26 20:00:00,55877.27577256945,2.0886676049853365,5252.317651909722,50622.86945305474,baseline
2025-10-26 21:00:00,54967.55505425347,0.0624588611349463,8461.434729275174,46506.05786611716,baseline
2025-10-26 22:00:00,53457.847580295136,0.2693559362118443,10184.152484809028,43273.42573954989,baseline
2025-10-26 23:00:00,50784.52312934028,0.3211391239033805,10720.726126302085,40063.47586391429,baseline
2025-10-27 00:00:00,48150.56853081597,0.3187562384208043,11248.396879340278,36901.85289523727,baseline
2025-10-27 01:00:00,46267.77605251736,0.3206127512786123,11550.485798611113,34716.96964115497,baseline
2025-10-27 02:00:00,44613.97517578125,0.3276275541716151,11454.42970703125,33159.21784119583,baseline
2025-10-27 03:00:00,43399.270496961806,0.3711118662688467,11008.384932725694,32390.514452369844,baseline
2025-10-27 04:00:00,42759.61583767361,0.4131505426433351,11140.750766059027,31618.451921071945,baseline
2025-10-27 05:00:00,42810.74303602431,0.3950804842511813,10581.917859157986,32228.43009638207,baseline
2025-10-27 06:00:00,44345.82306857639,0.4139215815398428,10949.941457248264,33395.46768974659,baseline
2025-10-27 07:00:00,46642.77317708333,0.3799697365694576,11225.856244574652,35416.53696277211,baseline
2025-10-27 08:00:00,48330.628205295136,57.92694135202302,11121.379701605903,37151.32156233721,baseline
2025-10-27 09:00:00,49518.71587022569,4121.891039767796,9746.780720486113,35650.04410997179,baseline
2025-10-27 10:00:00,53289.44114583333,13174.357125651042,8127.009870876736,31988.074149305558,baseline
2025-10-27 11:00:00,55741.26822916666,17809.8059125434,6487.655151909722,31443.80716471354,baseline
2025-10-27 12:00:00,57662.93364149306,20873.034594184028,5331.633381076389,31458.26566623264,baseline
2025-10-27 13:00:00,58185.35360243056,23172.809092881944,4168.306623806424,30844.23788574219,baseline
2025-10-27 14:00:00,59836.40228081597,23647.20766710069,3108.719629177517,33080.47498453776,baseline
2025-10-27 15:00:00,62417.24521267361,23831.02413845486,2546.93802734375,36039.283046875,baseline
2025-10-27 16:00:00,64445.17318793403,24180.81891059028,2624.2641137695314,37640.09016357422,baseline
2025-10-27 17:00:00,66081.97027777777,23219.788782552085,3431.6051608615453,39430.57633436415,baseline
2025-10-27 18:00:00,65230.30838107639,15380.154478624132,4499.058771701389,45351.09513075087,baseline
2025-10-27 19:00:00,61308.13490885417,2583.862961177826,5939.402603624132,52784.86934405221,baseline
2025-10-27 20:00:00,60221.04202690972,1.7899530315895875,9187.076051974826,51032.17602190331,baseline
2025-10-27 21:00:00,60342.23891059028,0.2309396394424968,13623.770221354169,46718.237749596665,baseline
2025-10-27 22:00:00,58645.9708203125,0.3124748403330644,15937.554548611111,42708.103796861054,baseline
2025-10-27 23:00:00,55587.29317057291,0.384229618344042,17458.171189236113,38128.73775171846,baseline
2025-10-28 00:00:00,53049.16449001736,0.3930875817934672,18073.10048828125,34975.670914154325,baseline
2025-10-28 01:00:00,50205.408448350696,0.40049460493856,17632.75515625,32572.25279749576,baseline
2025-10-28 02:00:00,48230.38969184028,0.3856564220454958,16812.984127604166,31417.019907814065,baseline
2025-10-28 03:00:00,47021.22784071181,0.4065006228950288,16363.225745442707,30657.5955946462,baseline
2025-10-28 04:00:00,46074.1537890625,0.3956905271278487,16063.339475911458,30010.41862262391,baseline
2025-10-28 05:00:00,46351.86558376736,0.4066372166739569,17074.482313368055,29276.97663318263,baseline
2025-10-28 06:00:00,47541.57695529514,0.4205190351936552,18236.06021267361,29305.096223586334,baseline
2025-10-28 07:00:00,50125.76234375,0.4115982461637921,20134.580093315973,29990.770652187864,baseline
2025-10-28 08:00:00,51938.64921657986,38.29595982942316,22783.42033203125,29116.93292471919,baseline
2025-10-28 09:00:00,52702.61164930555,3499.448876037597,22501.6802734375,26701.48249983045,baseline
2025-10-28 10:00:00,55966.64981119792,10056.870020073784,21710.451000434023,24199.328790690102,baseline
2025-10-28 11:00:00,58476.24437717014,11835.554506293403,22293.918509114585,24346.77136176215,baseline
2025-10-28 12:00:00,59157.071605902776,12030.813713107638,21246.152452256945,25880.105440538195,baseline
2025-10-28 13:00:00,60983.22940321181,13341.83466688368,20355.50433376736,27285.89040256077,baseline
2025-10-28 14:00:00,61697.70074869792,13763.926185980905,19309.9050390625,28623.86952365452,baseline
2025-10-28 15:00:00,62495.43168185764,14029.942374131944,17853.721864149305,30611.76744357639,baseline
2025-10-28 16:00:00,62717.97646050347,13831.13740342882,17224.750414496528,31662.088642578125,baseline
2025-10-28 17:00:00,62098.448502604166,12728.74191189236,17923.941475694446,31445.76511501736,baseline
2025-10-28 18:00:00,60459.981089409725,9244.647903103298,19043.139440104165,32172.19374620226,baseline
2025-10-28 19:00:00,58370.277428385416,1874.8860810979209,21184.144390190973,35311.24695709652,baseline
2025-10-28 20:00:00,57510.356171875,0.9960698996091054,22617.85621310764,34891.50388886775,baseline
2025-10-28 21:00:00,55824.44062065972,0.298367128951682,23870.99307074653,31953.14918278424,baseline
2025-10-28 22:00:00,52931.227671440975,0.2026033314896954,23656.449012586807,29274.57605552268,baseline
2025-10-28 23:00:00,49706.11504991319,0.2361694892330302,23617.813524305555,26088.065356118404,baseline
2025-10-29 00:00:00,47157.29712456597,0.1871529842788974,24742.08723470052,22415.02273688117,baseline
2025-10-29 01:00:00,44523.20600368924,0.1881263701783286,25116.392747395832,19406.625129923224,baseline
2025-10-29 02:00:00,42909.79811306424,0.1974627720978524,24599.735240885417,18309.86540940672,baseline
2025-10-29 03:00:00,41968.00476128472,0.2242501760274171,23920.28956705729,18047.4909440514,baseline
2025-10-29 04:00:00,41560.5422905816,0.249190939122604,23731.2437375217,17829.04936212077,baseline
2025-10-29 05:00:00,41724.842921006944,0.2739822376602225,23900.53551432292,17824.033424446367,baseline
2025-10-29 06:00:00,42763.75908528646,0.2530521064086093,23886.52944173177,18876.97659144828,baseline
2025-10-29 07:00:00,45236.368352864585,0.2266882400545809,24037.459194878476,21198.682469746054,baseline
2025-10-29 08:00:00,46415.02032226563,105.45891598564056,23919.09813368056,22390.46327259943,baseline
2025-10-29 09:00:00,48419.65527560764,7001.1526649983725,22887.421884765627,18531.080725843643,baseline
2025-10-29 10:00:00,51676.98253472222,16530.75431749132,20601.9597265625,14544.2684906684,baseline
2025-10-29 11:00:00,50990.95262369792,15797.941278211803,21522.10512369792,13670.906221788187,baseline
2025-10-29 12:00:00,50049.33482313368,15110.614833170574,21780.1171484375,13158.602841525608,baseline
2025-10-29 13:00:00,49019.5324717882,15006.932850477431,21070.25773654514,12942.34188476562,baseline
2025-10-29 14:00:00,48547.29720594618,15256.333046061198,20622.06971625434,12668.89444363064,baseline
2025-10-29 15:00:00,48106.58477430556,15305.490367838542,20312.03113932292,12489.063267144098,baseline
2025-10-29 16:00:00,48227.69238498264,15548.00134765625,19955.86599175347,12723.82504557292,baseline
2025-10-29 17:00:00,48414.96966796875,14798.708082411023,19594.964743381075,14021.296842176647,baseline
2025-10-29 18:00:00,48666.66851888021,12419.414594184029,19068.99591362847,17178.258011067708,baseline
2025-10-29 19:00:00,48469.99512369792,2573.7158463075425,16647.767490234375,29248.511787156,baseline
2025-10-29 20:00:00,49515.62700954861,1.1707953321354256,13078.5410422092,36435.91517200728,baseline
2025-10-29 21:00:00,49321.91433051216,0.2731154379579756,12316.012291666666,37005.62892340753,baseline
2025-10-29 22:00:00,48544.18963107639,0.2861167074243227,11455.919383680555,37087.98413068841,baseline
2025-10-29 23:00:00,46044.37567165799,0.3575811346703105,10402.800812445746,35641.21727807757,baseline
2025-10-30 00:00:00,44013.65442491319,0.3929719465639856,9111.87668402778,34901.38476893885,baseline
2025-10-30 01:00:00,42736.113052300345,0.3887001164009174,8160.763359646267,34574.96099253768,baseline
2025-10-30 02:00:00,41831.82454427084,0.3772487354112996,7389.045788845486,34442.40150668994,baseline
2025-10-30 03:00:00,41613.86115017361,0.4032485591537422,6558.068119710287,35055.38978190417,baseline
2025-10-30 04:00:00,41255.15734809028,0.4127969620211257,5563.666296115452,35691.078255012806,baseline
2025-10-30 05:00:00,41525.319748263886,0.4394421366022693,4746.077052137587,36778.803253989696,baseline
2025-10-30 06:00:00,43459.05199435764,0.4122528158376614,3979.530300157335,39479.10944138446,baseline
2025-10-30 07:00:00,46713.67904079861,0.4019625684950086,3741.377219780816,42971.8998584493,baseline
2025-10-30 08:00:00,48278.14336805556,90.52331375198231,3686.61317437066,44501.00687993292,baseline
2025-10-30 09:00:00,49081.15111979167,7456.681016031901,3345.964645182292,38278.50545857748,baseline
2025-10-30 10:00:00,50472.58927734375,23674.65653862847,2219.442229682075,24578.490509033207,baseline
2025-10-30 11:00:00,49533.90424262153,27707.25520182292,1454.8485492621528,20371.80049153646,baseline
2025-10-30 12:00:00,49305.88569661458,27639.747996961807,2361.467932874892,19304.669766777886,baseline
2025-10-30 13:00:00,49404.761330295136,26896.50840060764,2901.8773342556424,19606.37559543185,baseline
2025-10-30 14:00:00,48523.16523328993,26574.36837673611,2545.156201239692,19403.640655314128,baseline
2025-10-30 15:00:00,48524.12102864583,26875.46174045139,2079.161541748047,19569.497746446395,baseline
2025-10-30 16:00:00,49037.36998046875,27368.978908962672,1710.3212930636937,19958.069778442383,baseline
2025-10-30 17:00:00,49540.11245985243,26661.911408962675,1640.886521030002,21237.31452985976,baseline
2025-10-30 18:00:00,49258.809390190974,17227.808786621095,1575.062670288086,30455.93793328179,baseline
2025-10-30 19:00:00,49140.37550672743,2713.666346350776,1985.776260002984,44440.93290037367,baseline
2025-10-30 20:00:00,49595.53525390625,213.4355751715766,3105.5374012586803,46276.562277476,baseline
2025-10-30 21:00:00,48700.653636067706,210.50590816921655,4686.504662136502,43803.64306576199,baseline
2025-10-30 22:00:00,48020.22340169271,98.21751112964418,6590.65131998698,41331.35457057608,baseline
2025-10-30 23:00:00,46924.7921375868,0.3067897332708041,7984.192122938368,38940.29322491516,baseline
2025-10-31 00:00:00,44797.13880208333,0.3267121126088831,8348.822491319444,36447.98959865128,baseline
2025-10-31 01:00:00,43682.446820746525,0.2897907333241569,7933.741543782552,35748.415486230646,baseline
2025-10-31 02:00:00,43586.05391276041,0.2846848392486572,8235.850837131076,35349.91839079009,baseline
2025-10-31 03:00:00,42970.273178168405,0.3004066702640718,7621.614719102647,35348.358052395495,baseline
2025-10-31 04:00:00,42149.19741970486,0.3245537202556928,6456.919705403646,35691.95316058096,baseline
2025-10-31 05:00:00,42683.06548611111,0.329147264311711,5506.804929741754,37175.93140910505,baseline
2025-10-31 06:00:00,44269.5471484375,0.3551153880688879,4989.057107747396,39280.13492530204,baseline
2025-10-31 07:00:00,46498.79720377604,0.3574444393316904,4728.153460828993,41770.28629850772,baseline
2025-10-31 08:00:00,48126.44755859375,83.74147153907352,5011.692580295139,43031.01350675953,baseline
2025-10-31 09:00:00,49518.03415364584,7174.0804930284285,6045.177256537543,36298.776404079865,baseline
2025-10-31 10:00:00,51234.97046440972,23050.993037109376,5370.33123155382,22813.646195746525,baseline
2025-10-31 11:00:00,50377.86692057292,27203.25336642795,4367.020874565972,18807.592679578996,baseline
2025-10-31 12:00:00,50240.38868489584,26469.704672309028,5932.94065483941,17837.743357747397,baseline
2025-10-31 13:00:00,50259.57799045139,25653.85671875,7190.026368815104,17415.694902886287,baseline
2025-10-31 14:00:00,50230.352814670136,24372.226493055558,8707.112567274306,17151.013754340274,baseline
2025-10-31 15:00:00,49775.52077365451,23428.92883843316,10091.09211452908,16255.499820692276,baseline
2025-10-31 16:00:00,49481.08360894097,22488.422584635417,10610.48894205729,16382.17208224826,baseline
2025-10-31 17:00:00,49997.00560112847,21488.66349826389,11154.812194010416,17353.52990885416,baseline
2025-10-31 18:00:00,49736.088038194444,14599.265680881075,12090.0601953125,23046.762162000865,baseline
2025-10-31 19:00:00,48312.32647026909,2144.549206592772,11789.424900173612,34378.35236350271,baseline
2025-10-31 20:00:00,47336.92184787327,0.3959644042783313,15643.512365451388,31693.0135180176,baseline
2025-10-31 21:00:00,46925.87591579861,0.1587179859230915,20770.38501519097,26155.33218262172,baseline
2025-10-31 22:00:00,46471.79988715277,0.3322998765607675,23078.8978656684,23392.56972160781,baseline
2025-10-31 23:00:00,45397.18389539931,0.2859278383768267,23465.04551378038,21931.85245378055,baseline
2025-11-01 00:00:00,43536.3566547309,0.3730901948693725,23313.29799750434,20222.68556703169,baseline
2025-11-01 01:00:00,42019.34439236111,0.4152642591463195,23052.30891493056,18966.62021317141,baseline
2025-11-01 02:00:00,41784.20679253472,0.4159753505057759,22376.510913628477,19407.279903555744,baseline
2025-11-01 03:00:00,40955.20987196181,0.4158789069122738,21332.314929470485,19622.47906358441,baseline
2025-11-01 04:00:00,40146.88542209201,0.3979268160545163,19631.520758463543,20514.966736812414,baseline
2025-11-01 05:00:00,40168.081484375,0.4628717413793007,16147.314887695313,24020.303724938305,baseline
2025-11-01 06:00:00,40484.836022135416,0.4545526355339421,14332.57685953776,26151.80460996212,baseline
2025-11-01 07:00:00,41160.69326063368,0.450261472331153,13695.53646484375,27464.7065343176,baseline
2025-11-01 08:00:00,42365.77851779514,52.44898937503497,14486.696611328123,27826.632917091974,baseline
2025-11-01 09:00:00,43946.600286458335,3279.573354831272,14182.91138563368,26484.115545993383,baseline
2025-11-01 10:00:00,46516.83129340278,12952.414294162329,12131.640657552083,21432.776341688368,baseline
2025-11-01 11:00:00,48197.77507052951,15673.87919514974,11360.14221110026,21163.75366427951,baseline
2025-11-01 12:00:00,49226.35103298611,16244.492693142362,11659.693592393663,21322.16474745009,baseline
2025-11-01 13:00:00,49988.47531901042,16712.624114583334,11289.220895182292,21986.630309244792,baseline
2025-11-01 14:00:00,49575.89001519097,16780.49809027778,9845.361829427084,22950.03009548611,baseline
2025-11-01 15:00:00,49421.12189561632,17457.38624782986,8240.231913791233,23723.503733995225,baseline
2025-11-01 16:00:00,49967.47676215278,17641.443062065973,7563.742141384549,24762.291558702254,baseline
2025-11-01 17:00:00,50216.14327690972,15705.482544487848,7383.437627495659,27127.22310492621,baseline
2025-11-01 18:00:00,49073.49470052083,9792.683074001736,7330.664136827257,31950.14748969184,baseline
2025-11-01 19:00:00,48615.94431532118,1650.4264720111423,6795.4999730088975,40170.01787030115,baseline
2025-11-01 20:00:00,47601.780855034725,0.4699529171983401,6089.936605360243,41511.37429675728,baseline
2025-11-01 21:00:00,46314.58815104167,0.0333274304690874,6009.8651133897565,40304.68971022144,baseline
2025-11-01 22:00:00,45892.47959092882,0.0478458899259567,7278.304354519314,38614.12739051959,baseline
2025-11-01 23:00:00,44917.30414171007,0.1420228679747217,7804.783577880859,37112.37854096123,baseline
2025-11-02 00:00:00,43508.21600477431,0.2852306325733661,8564.604895426432,34943.3258787153,baseline
2025-11-02 01:00:00,42862.30937282986,0.2907581183562676,9134.998746202256,33727.01986850925,baseline
2025-11-02 01:00:00,42862.30937282986,0.3068081289198663,9134.998746202256,33727.003818498684,baseline
2025-11-02 01:00:00,42182.71348198785,0.2907581183562676,9859.250699869792,32323.1720239997,baseline
2025-11-02 01:00:00,42182.71348198785,0.3068081289198663,9859.250699869792,32323.155973989135,baseline
2025-11-02 02:00:00,40784.65986979166,0.3093588359902302,10345.525445963542,30438.82506499213,baseline
2025-11-02 03:00:00,39977.21381727431,0.3030406341039472,9989.946494954427,29986.96428168577,baseline
2025-11-02 04:00:00,39721.30250759549,0.3045092704064316,9403.06112467448,30317.9368736506,baseline
2025-11-02 05:00:00,39541.53417209201,0.3260428551501698,9372.28886827257,30168.91926096429,baseline
2025-11-02 06:00:00,40264.271089409725,0.3158634831425216,9664.357926703558,30599.597299223024,baseline
2025-11-02 07:00:00,41135.858860677086,49.77551875954701,10290.613861762153,30795.469480155385,baseline
2025-11-02 08:00:00,42421.85832465278,5900.28224073622,11030.385278862846,25491.19080505371,baseline
2025-11-02 09:00:00,46111.43651801215,20484.99685763889,9528.93111219618,16097.508548177084,baseline
2025-11-02 10:00:00,47897.90060329861,25756.61440755208,8473.440972222223,13667.84522352431,baseline
2025-11-02 11:00:00,46954.100110677085,23761.75894097222,9709.249245876736,13483.091923828128,baseline
2025-11-02 12:00:00,46524.77054904514,23357.953627387156,9572.102518174914,13594.714403483078,baseline
2025-11-02 13:00:00,47292.22908854167,24562.001803385418,9272.12482421875,13458.102460937494,baseline
2025-11-02 14:00:00,47341.18313693576,24809.661209309896,8986.506391059027,13545.01553656684,baseline
2025-11-02 15:00:00,47953.97497829861,25491.449353298613,8847.49879720052,13615.026827799476,baseline
2025-11-02 16:00:00,48821.76155273437,24803.383881293405,8687.275228407118,15331.102443033851,baseline
2025-11-02 17:00:00,48996.52756835937,15829.183346896702,9555.364627549914,23611.97959391276,baseline
2025-11-02 18:00:00,48467.75435112848,2089.4112550523546,9855.875477430556,36522.46761864556,baseline
2025-11-02 19:00:00,49527.4069390191,0.2645572338770661,14819.883834906685,34707.25854687854,baseline
2025-11-02 20:00:00,49322.17349175347,0.5026199303153488,20000.64685546875,29321.024016354408,baseline
2025-11-02 21:00:00,48742.12526475694,0.7972793271475368,23084.925750868057,25656.402234561738,baseline
2025-11-02 22:00:00,47213.61282552083,0.9739937081601884,23701.972339409724,23510.666492402943,baseline
2025-11-02 23:00:00,45132.71449435764,0.8991859396961001,23553.377111545135,21578.43819687281,baseline
2025-11-03 00:00:00,43168.04162651909,0.9324850244820118,23281.426364474828,19885.682777019785,baseline
2025-11-03 01:00:00,42065.09858723958,0.8297457601626714,23287.42193359375,18776.846907885672,baseline
2025-11-03 02:00:00,41612.40852864584,0.9191807704501682,23159.43761935764,18452.051728517745,baseline
2025-11-03 03:00:00,40973.42481119792,0.822872745576832,22350.19813639323,18622.403802059114,baseline
2025-11-03 04:00:00,40730.80181640625,0.6047597418891059,21716.54038845486,19013.656668209504,baseline
2025-11-03 05:00:00,41081.625703125,0.4893131044507026,20336.68007703993,20744.456312980616,baseline
2025-11-03 06:00:00,43056.43183376736,0.4935861467487282,18664.47138617621,24391.4668614444,baseline
2025-11-03 07:00:00,46002.21995117187,50.62299010349645,17820.228537326388,28131.368423741987,baseline
2025-11-03 08:00:00,47808.53947916667,6432.404710727268,17570.445506727432,23805.68926171197,baseline
2025-11-03 09:00:00,51583.90715277778,21142.106398654512,13969.009169921876,16472.79158420139,baseline
2025-11-03 10:00:00,50884.510481770834,24737.124325629346,11343.826026204428,14803.56012993706,baseline
2025-11-03 11:00:00,49187.1794780816,25296.04780707465,9951.122604166669,13940.009066840275,baseline
2025-11-03 12:00:00,48914.3894672309,25762.913533528645,7679.962502848307,15471.51343085395,baseline
2025-11-03 13:00:00,49359.2875390625,25477.859211154515,6874.057913140191,17007.370414767793,baseline
2025-11-03 14:00:00,50410.8600640191,25607.963929036458,7453.968374701606,17348.927760281033,baseline
2025-11-03 15:00:00,51887.80390190972,25939.88916015625,8910.504427625869,17037.4103141276,baseline
2025-11-03 16:00:00,52680.71955837674,24555.11130859375,10797.92827907986,17327.679970703124,baseline
2025-11-03 17:00:00,52765.57796223959,15267.416698676216,12347.61699001736,25150.54427354601,baseline
2025-11-03 18:00:00,52014.22807725694,2002.339975063801,13767.294991319444,36244.5931108737,baseline
2025-11-03 19:00:00,52711.87397460938,0.4018511922491921,18747.18112955729,33964.29099385984,baseline
2025-11-03 20:00:00,51651.745131293406,1.1026024686627918,23375.77965711805,28274.86287170669,baseline
2025-11-03 21:00:00,50398.5367686632,1.2306182738807467,24492.34365451389,25904.962495875425,baseline
2025-11-03 22:00:00,48661.573342013886,1.1738390697373284,24035.744288194444,24624.655214749702,baseline
2025-11-03 23:00:00,46414.47740234375,0.9741358045074676,23958.440418836806,22455.06284770244,baseline
2025-11-04 00:00:00,44454.55781684028,0.8842785078452693,23884.97869900173,20568.6948393307,baseline
2025-11-04 01:00:00,42655.47895724826,1.1409327353371514,23703.71410753038,18950.623916982546,baseline
2025-11-04 02:00:00,41806.59152126736,0.9357387444708084,23415.916451822915,18389.739330699977,baseline
2025-11-04 03:00:00,41493.986516927085,0.7815721678733826,23272.992797309027,18220.212147450184,baseline
2025-11-04 04:00:00,41114.21349934896,0.9843737716144986,23090.312470160592,18022.916655416757,baseline
2025-11-04 05:00:00,41265.50637044271,1.0251072095500098,22444.428502604165,18820.052760628994,baseline
2025-11-04 06:00:00,43101.25029079861,1.1224344408512117,22326.18922960069,20773.938626757063,baseline
2025-11-04 07:00:00,45770.907550998265,46.09853934248289,21922.634016927084,23802.1749947287,baseline
2025-11-04 08:00:00,47168.18071180556,5380.961627502442,20853.80833767361,20933.410746629503,baseline
2025-11-04 09:00:00,49687.74520182292,17662.574366319444,16588.93827311198,15436.232562391488,baseline
2025-11-04 10:00:00,50866.85885199653,21353.89016547309,15552.26085720486,13960.707829318577,baseline
2025-11-04 11:00:00,51188.27095703125,20946.34741210937,16861.370574001736,13380.552970920144,baseline
2025-11-04 12:00:00,50300.1657671441,20689.473096788195,16142.162234157986,13468.530436197914,baseline
2025-11-04 13:00:00,50612.967736545135,21315.12293674045,15572.17670437283,13725.66809543185,baseline
2025-11-04 14:00:00,51908.26292317709,22162.021050347223,15456.640070529516,14289.601802300347,baseline
2025-11-04 15:00:00,52937.38453993056,22660.32878417969,15506.871366644966,14770.184389105903,baseline
2025-11-04 16:00:00,54038.84022352431,21642.073563368056,15918.681924913197,16478.08473524305,baseline
2025-11-04 17:00:00,54245.09680772569,13333.198401963977,17374.404125434026,23537.49428032769,baseline
2025-11-04 18:00:00,53722.350556640624,1790.6648286738662,18886.22462402344,33045.46110394332,baseline
2025-11-04 19:00:00,53688.506985677086,0.557703760912021,23164.82713107639,30523.122150839787,baseline
2025-11-04 20:00:00,52809.12121636285,0.8948277647627725,25350.082723524305,27458.143665073778,baseline
2025-11-04 21:00:00,51585.28920572917,1.0834705614381366,26077.9999609375,25506.205774230228,baseline
2025-11-04 22:00:00,49855.14984157986,1.4202067970236143,26081.217275390623,23772.512359392214,baseline
2025-11-04 23:00:00,47738.68404730903,1.393206533855862,26036.73878255208,21700.55205822309,baseline
2025-11-05 00:00:00,45570.481796875,1.141953643725978,25695.7085422092,19873.631301022077,baseline
2025-11-05 01:00:00,43860.323485243054,0.8216134853164355,25453.53606987847,18405.965801879265,baseline
2025-11-05 02:00:00,43033.58124565972,0.8002810472581121,25019.65012369792,18013.130840914546,baseline
2025-11-05 03:00:00,42945.93933159722,0.9006671859489547,25039.49765842014,17905.54100599113,baseline
2025-11-05 04:00:00,42060.10785590278,0.7994113745292027,24526.62257595486,17532.68586857339,baseline
2025-11-05 05:00:00,41839.980377604166,0.7525635692477226,23317.400961371528,18521.82685266339,baseline
2025-11-05 06:00:00,43496.73548177083,0.7199699590603511,21992.91904947917,21503.096462332607,baseline
2025-11-05 07:00:00,46293.544652777775,28.556135680360928,20855.77142144097,25409.217095656444,baseline
2025-11-05 08:00:00,48010.42540798611,5544.61438293457,19180.88531467014,23284.9257103814,baseline
2025-11-05 09:00:00,51733.8533984375,20526.999204644097,13360.366731770831,17846.487462022575,baseline
2025-11-05 10:00:00,51644.44251736111,25766.20559244792,9282.93861111111,16595.29831380208,baseline
2025-11-05 11:00:00,51176.37549913194,25811.05819444445,7220.628530273438,18144.688774414062,baseline
2025-11-05 12:00:00,52201.32819010417,25422.693326822915,5135.6458707682295,21642.988992513023,baseline
2025-11-05 13:00:00,53561.49354600695,25094.17464192708,4572.748357747396,23894.57054633247,baseline
2025-11-05 14:00:00,55434.70180989584,25239.74970052083,4177.092997775608,26017.8591115994,baseline
2025-11-05 15:00:00,57095.52500434028,25707.913804253472,4365.192168511285,27022.41903157552,baseline
2025-11-05 16:00:00,58520.27757378472,24696.89425998264,5099.931882595486,28723.45143120659,baseline
2025-11-05 17:00:00,58440.55197482639,14684.289458007812,5954.553453233507,37801.70906358508,baseline
2025-11-05 18:00:00,55931.96200954861,1726.5387696323792,7386.7220046657985,46818.70123525043,baseline
2025-11-05 19:00:00,56087.82490451389,0.2859669033437967,10972.588444010416,45114.950493600125,baseline
2025-11-05 20:00:00,55511.270920138886,0.3371157756282223,14532.75810329861,40978.17570106465,baseline
2025-11-05 21:00:00,53928.18680121528,0.3278268970052401,15508.461959635417,38419.39701468286,baseline
2025-11-05 22:00:00,52335.37030381944,0.4063434359927972,15772.120575086805,36562.84338529665,baseline
2025-11-05 23:00:00,49851.25144097222,0.5115284172362752,14398.501751302085,35452.2381612529,baseline
2025-11-06 00:00:00,46810.958671875,0.5268224189016554,12030.08560872396,34780.346240732135,baseline
2025-11-06 01:00:00,44729.863211805554,0.5543338223629528,9893.912078993057,34835.396798990136,baseline
2025-11-06 02:00:00,43038.60309461805,0.5464451064334975,7524.552273763021,35513.5043757486,baseline
2025-11-06 03:00:00,41892.59338975694,0.5352530135711034,6129.713200412327,35762.34493633104,baseline
2025-11-06 04:00:00,41813.18361111111,0.49049172103405,5638.820667860243,36173.87245152984,baseline
2025-11-06 05:00:00,42341.63364583333,0.5213014904326863,5549.551011827257,36791.561332515645,baseline
2025-11-06 06:00:00,43928.923624131945,0.5555566072132853,5635.099918077257,38293.26814944748,baseline
2025-11-06 07:00:00,45911.87037326389,24.4052112858163,6052.583432074653,39834.88172990342,baseline
2025-11-06 08:00:00,47555.49420138889,4934.093775634766,6052.968062065972,36568.43236368815,baseline
2025-11-06 09:00:00,52039.80837239583,19764.36792860243,4445.059543185764,27830.38090060764,baseline
2025-11-06 10:00:00,52761.87534288195,25049.24854383681,3262.060993652344,24450.5658053928,baseline
2025-11-06 11:00:00,53241.797087673614,24992.855190972223,4080.2469346788193,24168.69496202257,baseline
2025-11-06 12:00:00,53805.15015625,23826.4062109375,5181.480428059896,24797.2635172526,baseline
2025-11-06 13:00:00,55113.97137586806,23124.808936631944,6418.795606011285,25570.36683322483,baseline
2025-11-06 14:00:00,57582.34255642361,24066.14788628472,7764.416930338541,25751.777739800345,baseline
2025-11-06 15:00:00,59363.46273871528,24216.72398220486,9944.510308159724,25202.228448350696,baseline
2025-11-06 16:00:00,60319.80843315972,22671.08178059896,11724.24679578993,25924.479856770835,baseline
2025-11-06 17:00:00,59628.46526475695,13467.36571750217,14203.523565538197,31957.57598171658,baseline
2025-11-06 18:00:00,58089.49932942708,1560.194640018675,14156.761405707466,42372.54328370094,baseline
2025-11-06 19:00:00,57220.08853298611,3.3716323051518864,17900.63411295573,39316.08278772523,baseline
2025-11-06 20:00:00,56207.28806206597,0.9944465534554588,22283.982096354168,33922.31151915835,baseline
2025-11-06 21:00:00,54904.841714409726,1.0817565193772316,24815.352865125868,30088.407092764483,baseline
2025-11-06 22:00:00,53230.276627604166,1.2725822466943,25257.806406792533,27971.19763856494,baseline
2025-11-06 23:00:00,50850.50307400174,1.0014768521156576,25015.26375596788,25834.237841181744,baseline
2025-11-07 00:00:00,48268.587310112845,0.798766050885121,24632.57383897569,23635.214705086262,baseline
2025-11-07 01:00:00,45967.22865125868,0.5784397964345084,23903.114717881945,22063.5354935803,baseline
2025-11-07 02:00:00,44554.38864040799,0.4661198885656065,23620.077125108503,20933.84539541092,baseline
2025-11-07 03:00:00,43603.05730360243,0.50213577689396,22883.497396918403,20719.057770907133,baseline
2025-11-07 04:00:00,42446.60362304688,0.4630690996845563,21432.173614908854,21013.96693903833,baseline
2025-11-07 05:00:00,42796.87142795139,0.556719910800457,20759.214430881075,22037.100277159512,baseline
2025-11-07 06:00:00,43890.05586914063,0.5935589493976698,20427.97689127604,23461.48541891519,baseline
2025-11-07 07:00:00,46346.75430121528,21.892316487166617,21642.352043185765,24682.509941542343,baseline
2025-11-07 08:00:00,48354.77718098959,4378.02003338284,21771.042562391493,22205.714585215253,baseline
2025-11-07 09:00:00,52249.32267469618,16897.36740342882,16295.842377115883,19056.11289415148,baseline
2025-11-07 10:00:00,53096.10425998264,20334.02046278212,14984.38809516059,17777.695702039935,baseline
2025-11-07 11:00:00,53821.09306749132,21340.54739420573,14906.126570366754,17574.419102918837,baseline
2025-11-07 12:00:00,55350.50121853298,22169.641892361116,13678.795419650609,19502.06390652126,baseline
2025-11-07 13:00:00,57125.79034939236,22859.137565646703,11557.586106499566,22709.06667724609,baseline
2025-11-07 14:00:00,59428.5171234809,24060.697295464408,8993.963911675348,26373.85591634115,baseline
2025-11-07 15:00:00,60987.704073350695,25050.89403049045,7282.491530354818,28654.318512505422,baseline
2025-11-07 16:00:00,61857.83396701389,24003.746041666665,6027.650754123264,31826.43717122396,baseline
2025-11-07 17:00:00,61043.68380750868,13723.593983018663,5015.750463460287,42304.33936102973,baseline
2025-11-07 18:00:00,57186.52632161458,1478.1385350516107,4604.73376180013,51103.65402476284,baseline
2025-11-07 19:00:00,55597.64391059028,1.3569220872140593,5809.925443522136,49786.36154498093,baseline
2025-11-07 20:00:00,53403.15183919271,0.3529618124498261,7019.670755615234,46383.12812176503,baseline
2025-11-07 21:00:00,52785.45929036458,0.4364238495628039,7806.948952094184,44978.07391442084,baseline
2025-11-07 22:00:00,51674.45266059028,0.514676416888833,9110.7011976454,42563.23678652799,baseline
2025-11-07 23:00:00,49620.66828667535,0.5402660196522872,9964.270753038194,39655.8572676175,baseline
2025-11-08 00:00:00,47675.478840060765,0.559758648880654,10712.315730251736,36962.60335116015,baseline
2025-11-08 01:00:00,44846.20935221354,0.6400959415319893,10764.865661621094,34080.70359465091,baseline
2025-11-08 02:00:00,43146.46865993924,0.7025338635676437,10648.279949273005,32497.486176802668,baseline
2025-11-08 03:00:00,41995.78363498264,0.7849652825130357,10372.411550835504,31622.587118864623,baseline
2025-11-08 04:00:00,41741.88329861111,0.8219942618078656,10281.85314263238,31459.208161716924,baseline
2025-11-08 05:00:00,41964.94137586805,0.7278215043412315,11061.944507378472,30902.26904698524,baseline
2025-11-08 06:00:00,41885.97673068576,0.6037993451787366,10662.023819173177,31223.349112167405,baseline
2025-11-08 07:00:00,42715.74521267361,15.855691768825054,10779.568854166666,31920.32066673812,baseline
2025-11-08 08:00:00,44302.12384331597,3979.408775583903,10870.177998046876,29452.5370696852,baseline
2025-11-08 09:00:00,50411.62904079861,17989.466755642363,9792.43843451606,22629.723850640185,baseline
2025-11-08 10:00:00,52026.95153862847,23267.62513888889,7078.607312282986,21680.719087456597,baseline
2025-11-08 11:00:00,52576.32362413195,23230.96703125,7396.897911783854,21948.45868109809,baseline
2025-11-08 12:00:00,53667.58170138889,23546.573508572048,7291.8316617838545,22829.176531032987,baseline
2025-11-08 13:00:00,54981.49691514757,23969.512017144098,6999.178939073351,24012.80595893012,baseline
2025-11-08 14:00:00,57311.90736762153,24164.11932074653,7313.855038519965,25833.93300835503,baseline
2025-11-08 15:00:00,59177.3373828125,23860.37303059896,9064.82680759006,26252.137544623474,baseline
2025-11-08 16:00:00,60427.75863498264,21718.606671006943,11465.062774793836,27244.08918918186,baseline
2025-11-08 17:00:00,59577.58751519097,12416.34271375868,14211.50180908203,32949.742992350264,baseline
2025-11-08 18:00:00,57204.95380859375,1291.2331800719764,17174.109353298612,38739.61127522317,baseline
2025-11-08 19:00:00,55066.81882595486,0.7111637290732729,18811.84179199219,36254.265870233605,baseline
2025-11-08 20:00:00,54388.15254557291,0.9422515819138952,22597.654518771706,31789.555775219294,baseline
2025-11-08 21:00:00,53265.11073676215,0.8947107205622726,23877.507268880207,29386.70875716138,baseline
2025-11-08 22:00:00,52001.362404513886,0.9501845257149802,24177.59854763455,27822.813672353623,baseline
2025-11-08 23:00:00,50013.37710720486,0.7724080013400979,23708.988002929687,26303.616696273835,baseline
2025-11-09 00:00:00,47789.297303602434,0.8844603174262576,22909.87543891059,24878.53740437442,baseline
2025-11-09 01:00:00,45834.69311957465,0.8718018026153247,22485.01944715712,23348.80187061492,baseline
2025-11-09 02:00:00,44335.2722547743,0.8130463623503844,22146.53178493924,22187.92742347272,baseline
2025-11-09 03:00:00,43252.69837782118,0.8632868744764063,21737.220613606773,21514.61447733993,baseline
2025-11-09 04:00:00,42413.161673177085,0.6840608710381719,21281.07169921875,21131.405913087296,baseline
2025-11-09 05:00:00,41886.07724283854,0.5869703397485945,21288.416518554688,20597.073753944103,baseline
2025-11-09 06:00:00,42037.5432530382,0.5329963326454162,22067.35740017361,19969.65285653194,baseline
2025-11-09 07:00:00,42475.05123046875,14.583544368644556,23034.726733940974,19425.740952159133,baseline
2025-11-09 08:00:00,43965.81071506076,3670.8949910142687,23281.65353407118,17013.26218997531,baseline
2025-11-09 09:00:00,47160.72666341146,11907.453877766928,20452.900632595487,14800.372153049044,baseline
2025-11-09 10:00:00,49302.14083875868,13028.336758897569,21909.08229112413,14364.721788736975,baseline
2025-11-09 11:00:00,49578.16080295139,12856.262171766492,22695.92509982639,14025.973531358504,baseline
2025-11-09 12:00:00,48376.24467013889,13079.27476969401,21101.855630425347,14195.114270019534,baseline
2025-11-09 13:00:00,48178.45860243055,14144.278072916666,19741.025833333333,14293.15469618055,baseline
2025-11-09 14:00:00,47979.40976888021,15166.809961208768,18236.15441243489,14576.445395236544,baseline
2025-11-09 15:00:00,48288.882408854166,16329.59453016493,17059.976569010418,14899.311309678822,baseline
2025-11-09 16:00:00,48719.535607638885,16671.61208984375,16324.204118923612,15723.719398871524,baseline
2025-11-09 17:00:00,48842.98963107639,12257.273038194444,16625.385876736113,19960.33071614583,baseline
2025-11-09 18:00:00,49352.842082248266,1367.901230926779,13927.095190972224,34057.84566034927,baseline
2025-11-09 19:00:00,50253.4811078559,0.1936617017516659,12534.35083658854,37718.93660956561,baseline
2025-11-09 20:00:00,50353.786328125,0.2272690459589163,14141.362058376735,36212.19700070231,baseline
2025-11-09 21:00:00,49950.45936848958,0.2319239528166751,15015.07491563585,34935.152528900915,baseline
2025-11-09 22:00:00,48931.00400390625,0.2932287472817633,14608.496426052518,34322.21434910645,baseline
2025-11-09 23:00:00,47164.72523220486,0.5318398193518321,12698.94519965278,34465.24819273273,baseline
2025-11-10 00:00:00,45547.78150499132,0.5611816832754347,10539.784232313368,35007.43609099468,baseline
2025-11-10 01:00:00,44400.07590060764,0.6267779875795046,9279.434076063368,35120.01504655669,baseline
2025-11-10 02:00:00,43727.17779947917,0.5265138299928771,8258.051068793402,35468.600216855775,baseline
2025-11-10 03:00:00,43301.690241970486,0.5210224953624937,7730.927547607422,35570.2416718677,baseline
2025-11-10 04:00:00,43331.73925238715,0.5261901541302602,7387.552415635851,35943.66064659717,baseline
2025-11-10 05:00:00,44113.78707573785,0.5723984825114409,6986.420994194878,37126.79368306046,baseline
2025-11-10 06:00:00,46645.73345269097,0.5983291954464383,6714.832814670139,39930.30230882538,baseline
2025-11-10 07:00:00,50384.05319552952,25.99237525415917,6231.588831380208,44126.47198889515,baseline
2025-11-10 08:00:00,51998.41765407986,5396.530943874783,5885.887759874132,40715.99895033095,baseline
2025-11-10 09:00:00,54200.86611545139,20854.00266303168,5106.616395806207,28240.2470566135,baseline
2025-11-10 10:00:00,53737.53156032986,27518.872083875867,5133.306579318576,21085.352897135417,baseline
2025-11-10 11:00:00,51513.10961480035,26989.935737847223,5675.509567599826,18847.6643093533,baseline
2025-11-10 12:00:00,50437.13299696181,26402.770693359376,5947.127177734375,18087.235125868057,baseline
2025-11-10 13:00:00,50114.72413736979,26050.520093858508,6159.808366834853,17904.39567667643,baseline
2025-11-10 14:00:00,50004.10605143229,26428.21351888021,5780.960351969401,17794.932180582677,baseline
2025-11-10 15:00:00,49404.51851019965,25700.62461968316,5617.768086751302,18086.125803765197,baseline
2025-11-10 16:00:00,48779.66531792535,22817.516713867182,6157.859390597873,19804.289213460288,baseline
2025-11-10 17:00:00,49016.423512369794,14321.231163736978,7361.255839029948,27333.936509602867,baseline
2025-11-10 18:00:00,50604.48236111111,1481.1709541884727,8111.571225043403,41011.74018187924,baseline
2025-11-10 19:00:00,52260.71670355903,0.4818227135803964,12537.1386203342,39723.09626051124,baseline
2025-11-10 20:00:00,52577.34989583334,0.8310108272234599,18087.38281684028,34489.13606816584,baseline
2025-11-10 21:00:00,52578.66157118056,1.077713904513253,21064.50996744792,31513.073889828127,baseline
2025-11-10 22:00:00,51636.94513888889,1.08457299609979,22438.175655381943,29197.68491051085,baseline
2025-11-10 23:00:00,49740.07261935764,1.05562887057662,22803.1572124566,26935.859778030463,baseline
2025-11-11 00:00:00,48207.808567708336,1.2030519604351786,23189.588304578992,25017.01721116891,baseline
2025-11-11 01:00:00,47002.61775607639,1.1566802411609225,23251.05838704427,23750.40268879096,baseline
2025-11-11 02:00:00,46373.553259548615,1.131929533614053,23269.68096354167,23102.74036647333,baseline
2025-11-11 03:00:00,46383.582556423615,1.105110912654135,23365.536449652776,23016.940995858185,baseline
2025-11-11 04:00:00,46263.78134548611,1.1217142652802998,23222.52633897569,23040.133292245137,baseline
2025-11-11 05:00:00,47290.66143663194,1.1110687443945142,22883.72436577691,24405.82600211064,baseline
2025-11-11 06:00:00,49354.43913628472,1.15480675081412,22562.486274414063,26790.798055119845,baseline
2025-11-11 07:00:00,52649.303970269095,20.54701810712616,22381.425283203123,30247.331668958846,baseline
2025-11-11 08:00:00,53673.36145616319,4496.889698944092,21575.35881944445,27601.11293777465,baseline
2025-11-11 09:00:00,53845.88497395833,16885.56168077257,18244.44653157552,18715.876761610238,baseline
2025-11-11 10:00:00,53213.05723415798,20468.47635145399,16979.975989583334,15764.60489312066,baseline
2025-11-11 11:00:00,51886.61113498264,19699.23913140191,18269.938779296877,13917.433224283855,baseline
2025-11-11 12:00:00,51198.8419032118,18341.04410644531,19149.276758355038,13708.521038411454,baseline
2025-11-11 13:00:00,50829.99226128472,17233.773928493923,19725.245493164064,13870.972839626738,baseline
2025-11-11 14:00:00,50258.59293077257,16475.036955837673,19910.050393880207,13873.505581054684,baseline
2025-11-11 15:00:00,50368.61091905382,15803.378497721356,20742.97990993924,13822.252511393228,baseline
2025-11-11 16:00:00,50062.27245551215,14598.885591362849,21231.15193359375,14232.234930555554,baseline
2025-11-11 17:00:00,49631.91214192708,10111.100769042969,21739.58052137587,17781.230851508244,baseline
2025-11-11 18:00:00,50613.8078624132,1253.935469313595,22628.843830837675,26731.028562261927,baseline
2025-11-11 19:00:00,51460.215729166666,1.5042196315858098,25086.90983452691,26371.801675008173,baseline
2025-11-11 20:00:00,51053.09642361111,1.5829406807488866,26427.863114149302,24623.65036878105,baseline
2025-11-11 21:00:00,50642.60711914062,1.3584265621172058,26915.986586371528,23725.262106206977,baseline
2025-11-11 22:00:00,49680.83668077257,0.6585237417618434,27042.49636664497,22637.681790385843,baseline
2025-11-11 23:00:00,47823.05555881077,0.6506863839179278,26974.07348687066,20848.33138555619,baseline
2025-11-12 00:00:00,45585.24859917535,0.5205299083226257,26185.26303982205,19399.46502944498,baseline
2025-11-12 01:00:00,44330.35505425347,0.5302008430494203,25170.181187065973,19159.64366634445,baseline
2025-11-12 02:00:00,43389.97031684028,0.517390237847964,23861.713897569443,19527.739029032982,baseline
2025-11-12 03:00:00,42697.785833333335,0.5370294172234006,22335.17918185764,20362.069622058472,baseline
2025-11-12 04:00:00,42523.07994357639,0.5399511103497611,20392.967569444445,22129.5724230216,baseline
2025-11-12 05:00:00,42976.49225260417,0.5971962811218368,18824.915173611116,24150.97988271193,baseline
2025-11-12 06:00:00,44833.251996527775,0.5917371947566669,16560.684582248265,28271.975677084756,baseline
2025-11-12 07:00:00,47880.97489149305,13.880824864539836,14165.798417697482,33701.29564893103,baseline
2025-11-12 08:00:00,48690.539019097225,3943.15619688246,11922.242161458333,32825.14066075643,baseline
2025-11-12 09:00:00,51074.25660373264,18442.47830295139,7862.356282552083,24769.42201822917,baseline
2025-11-12 10:00:00,51742.39699652778,24947.95423828125,5708.815606011285,21085.627152235244,baseline
2025-11-12 11:00:00,51845.73615017361,24615.323216145836,6378.595296223958,20851.81763780382,baseline
2025-11-12 12:00:00,51411.73418402778,23332.288036024307,6195.168498263889,21884.277649739583,baseline
2025-11-12 13:00:00,51598.019190538194,23205.87796657986,5970.074338107639,22422.06688585069,baseline
2025-11-12 14:00:00,52313.05001302083,23490.4203125,6091.620359157986,22731.00934136285,baseline
2025-11-12 15:00:00,53174.18873914931,24034.90109592014,6458.37655219184,22680.911091037327,baseline
2025-11-12 16:00:00,54001.88540798611,22766.70415201823,7313.6254359266495,23921.555820041234,baseline
2025-11-12 17:00:00,54037.68756076389,12523.877357855905,8356.932449001735,33156.87775390625,baseline
2025-11-12 18:00:00,53798.08713107639,1174.4021359699302,9225.451242404512,43398.23375270195,baseline
2025-11-12 19:00:00,54053.90329427084,1.4582234695222642,11845.912535807292,42206.532534994025,baseline
2025-11-12 20:00:00,53388.39555555556,0.5501694068312645,15058.598055555556,38329.24733059317,baseline
2025-11-12 21:00:00,52590.40572048611,0.6151186902986633,17845.423661024306,34744.366940771506,baseline
2025-11-12 22:00:00,51340.70666232639,0.8028929885228475,20407.619631076388,30932.28413826148,baseline
2025-11-12 23:00:00,49414.49372395833,0.8766708823707369,21893.792502170138,27519.82455090582,baseline
2025-11-13 00:00:00,47591.020607638886,0.8283269449075064,22377.41281684028,25212.7794638537,baseline
2025-11-13 01:00:00,45761.159440104166,0.8634982213046816,22663.175440538194,23097.120501344667,baseline
2025-11-13 02:00:00,44810.93293836805,0.9157106644577452,22550.05488715278,22259.962340550817,baseline
2025-11-13 03:00:00,43297.41608181423,0.7468130923807621,21704.470546875,21592.198721846853,baseline
2025-11-13 04:00:00,42285.12025607639,0.7629123170508278,21166.25638454861,21118.10095921073,baseline
2025-11-13 05:00:00,42584.35009982639,0.7874617730908924,20699.59998480903,21883.96265324427,baseline
2025-11-13 06:00:00,44070.624092881946,0.8240130130449931,19643.148561197915,24426.651518670988,baseline
2025-11-13 07:00:00,46732.5203515625,8.212696065505346,18025.236206597223,28699.071448899776,baseline
2025-11-13 08:00:00,47650.77880642361,3393.799282124837,15960.27833875868,28296.70118554009,baseline
2025-11-13 09:00:00,49790.35305989583,16805.274908854168,11920.196375868056,21064.88177517361,baseline
2025-11-13 10:00:00,52002.37691623264,23756.587180989583,8796.446384548612,19449.34335069444,baseline
2025-11-13 11:00:00,53707.14698676216,24016.349315321186,9233.916314019098,20456.881357421877,baseline
2025-11-13 12:00:00,54737.93223524305,22740.92868326823,9274.084672309027,22722.9188796658,baseline
2025-11-13 13:00:00,55523.14481336805,22311.310970052084,9425.974249131945,23785.859594184025,baseline
2025-11-13 14:00:00,56324.22526475695,22217.750401475696,10605.642897135416,23500.83196614584,baseline
2025-11-13 15:00:00,57582.08141059028,21931.13114800347,12084.17633029514,23566.773932291668,baseline
2025-11-13 16:00:00,58528.609609375,20773.07414496528,13201.343468967014,24554.191995442707,baseline
2025-11-13 17:00:00,57923.30530381944,11586.51119140625,13651.97173828125,32684.822374131934,baseline
2025-11-13 18:00:00,56609.91824652778,984.0159462197952,13592.274560546875,42033.62773976111,baseline
2025-11-13 19:00:00,56475.18879774305,0.4909366035461426,17087.50949652778,39387.18836461173,baseline
2025-11-13 20:00:00,55460.62159288194,0.6513153905669848,20636.40253255208,34823.5677449393,baseline
2025-11-13 21:00:00,54665.03125868055,0.9995377550853624,22693.329928385418,31970.70179254005,baseline
2025-11-13 22:00:00,53566.2347124566,1.117980215350787,23779.158037109373,29785.95869513188,baseline
2025-11-13 23:00:00,51329.334813368056,0.8573195381628143,24062.16181423611,27266.315679593783,baseline
2025-11-14 00:00:00,49165.86636284722,0.9014853917227852,23778.57076171875,25386.394115736748,baseline
2025-11-14 01:00:00,47507.07438802083,0.7709582873847749,23207.33211371528,24298.97131601817,baseline
2025-11-14 02:00:00,46179.26594184028,0.7740192815992567,23061.358153211804,23117.133769346878,baseline
2025-11-14 03:00:00,45060.74729166667,0.8163065424892637,22770.497569444444,22289.43341567973,baseline
2025-11-14 04:00:00,43902.12086371528,0.8710672708352407,22115.575260416663,21785.67453602778,baseline
2025-11-14 05:00:00,44053.49677951389,0.8100500507487192,21680.96576388889,22371.720965574248,baseline
2025-11-14 06:00:00,44969.60974826389,0.8385103773408465,20981.395980902777,23987.37525698377,baseline
2025-11-14 07:00:00,47249.13612413195,7.973141350944837,20333.625911458334,26907.53707132267,baseline
2025-11-14 08:00:00,48423.86747829861,3137.610086932712,19415.74826605903,25870.50912530687,baseline
2025-11-14 09:00:00,51308.70581597222,15756.845968967014,14721.62427734375,20830.235569661458,baseline
2025-11-14 10:00:00,53231.78088107639,21763.278734809028,11411.429950086806,20057.072196180558,baseline
2025-11-14 11:00:00,54079.31819878472,21650.291827256944,9319.84552408854,23109.180847439235,baseline
2025-11-14 12:00:00,55051.086885850695,21770.05614583333,7787.629018554688,25493.401721462677,baseline
2025-11-14 13:00:00,57040.49842881945,22541.68956597222,7608.617009548611,26890.191853298613,baseline
2025-11-14 14:00:00,59041.400074869794,23281.767925347223,9426.552875434028,26333.079274088544,baseline
2025-11-14 15:00:00,60145.91151475695,24187.023447265627,11431.374777560764,24527.513289930557,baseline
2025-11-14 16:00:00,60283.61506510417,22467.238678385416,13307.495961371527,24508.880425347223,baseline
2025-11-14 17:00:00,59662.15468532986,12328.177570529511,13933.636828342014,33400.34028645833,baseline
2025-11-14 18:00:00,57903.11360894097,1072.220660624024,14195.218705512152,42635.6742428048,baseline
2025-11-14 19:00:00,57141.91458550347,0.4715553209516737,18571.095376519097,38570.34765366343,baseline
2025-11-14 20:00:00,55734.93292534722,0.8926238634851243,23023.572335611974,32710.46796587176,baseline
2025-11-14 21:00:00,54763.70444444445,1.2458272958464092,25233.83792751736,29528.62068963124,baseline
2025-11-14 22:00:00,53288.49851128472,1.2380303500758276,25661.796825086807,27625.46365584784,baseline
2025-11-14 23:00:00,51248.91103081597,0.8542206944028536,25341.27908203125,25906.77772809032,baseline
2025-11-15 00:00:00,49106.45813368056,0.5619654844204585,25023.635075954862,24082.261092241275,baseline
2025-11-15 01:00:00,47039.154366319446,0.5499768489599228,24251.498467881946,22787.10592158854,baseline
2025-11-15 02:00:00,45657.92514322917,0.637091386185752,23736.641371527778,21920.6466803152,baseline
2025-11-15 03:00:00,44779.36155924479,0.717850213398536,23277.16056857639,21501.483140455,baseline
2025-11-15 04:00:00,43788.26779947917,0.634297472635905,22436.945642361112,21350.68785964542,baseline
2025-11-15 05:00:00,42985.170069444444,0.6464321287141905,21704.59402126736,21279.92961604837,baseline
2025-11-15 06:00:00,43191.28785590278,0.6229090020722813,21091.61008246528,22099.05486443543,baseline
2025-11-15 07:00:00,43967.74521918403,6.760244632164637,20123.205030381945,23837.77994416992,baseline
2025-11-15 08:00:00,45142.451983506944,2941.8154557885064,19612.323133680555,22588.313394037883,baseline
2025-11-15 09:00:00,50036.50318793403,14380.399302300348,15967.506514756944,19688.59737087674,baseline
2025-11-15 10:00:00,54153.974037543405,21048.91267361111,14553.963095703126,18551.098268229165,baseline
2025-11-15 11:00:00,54605.00277886285,22054.67733940972,14172.36022922092,18377.965210232207,baseline
2025-11-15 12:00:00,54820.57480360243,21599.585842556426,14309.56962890625,18911.41933213976,baseline
2025-11-15 13:00:00,56693.00308268229,22031.699919162325,14162.02793592665,20499.27522759332,baseline
2025-11-15 14:00:00,58909.76257378472,22611.521174045138,13943.440340711806,22354.801059027777,baseline
2025-11-15 15:00:00,60127.68329427084,23313.592107204862,13261.086292317708,23553.004894748265,baseline
2025-11-15 16:00:00,60822.00016059028,22071.320614149303,12090.89865234375,26659.780894097225,baseline
2025-11-15 17:00:00,59869.91790364583,11576.039576280382,10958.910769314236,37334.96755805121,baseline
2025-11-15 18:00:00,58173.91213975695,976.8273806562192,11403.969752604167,45793.11500649656,baseline
2025-11-15 19:00:00,56940.84478298611,0.4353227984574106,14163.880462239584,42776.52899794807,baseline
2025-11-15 20:00:00,55188.25342013889,0.5138307346900304,17179.41558485243,38008.324004551774,baseline
2025-11-15 21:00:00,53668.90654079861,0.5401718042294185,18422.018372395836,35246.347996598546,baseline
2025-11-15 22:00:00,52195.020234375,0.5432226599918472,18686.4148828125,33508.06212890251,baseline
2025-11-15 23:00:00,50454.688871527775,0.5501584134168095,18347.456881510418,32106.68183160394,baseline
2025-11-16 00:00:00,48660.11016493056,0.5371498229437405,17751.871946614585,30907.70106849303,baseline
2025-11-16 01:00:00,47064.30789496528,0.5625029218859142,15938.019712456597,31125.725679586794,baseline
2025-11-16 02:00:00,45183.76128038194,0.5796025584472551,14508.576910807293,30674.604767016204,baseline
2025-11-16 03:00:00,44021.033828125,0.6405831820434994,13815.4350390625,30204.95820588046,baseline
2025-11-16 04:00:00,43331.82307291667,0.630740658375952,12596.043049045138,30735.149283213155,baseline
2025-11-16 05:00:00,42828.01801649306,0.6080711668067508,10313.545971137151,32513.86397418909,baseline
2025-11-16 06:00:00,42569.718667534726,0.4788793251249525,8707.421963975694,33861.817824233905,baseline
2025-11-16 07:00:00,43068.03987304687,4.31917999499374,7867.869516059028,35195.85117699285,baseline
2025-11-16 08:00:00,44011.1238671875,2493.89661245558,7238.256016981337,34278.971237750586,baseline
2025-11-16 09:00:00,48306.25649739584,13367.166914605035,5509.732242838541,29429.357339952257,baseline
2025-11-16 10:00:00,52583.61143554688,20134.926666666663,4216.572568223742,28232.112200656466,baseline
2025-11-16 11:00:00,54517.41263780382,21745.959553493925,4079.990482720269,28691.462601589625,baseline
2025-11-16 12:00:00,54036.08939236112,22208.31749782986,3811.885104437934,28015.88679009332,baseline
2025-11-16 13:00:00,55998.14739583333,21534.074140625,2893.503986545139,31570.56926866319,baseline
2025-11-16 14:00:00,58085.40081597222,22194.582393663197,2235.640840115017,33655.17758219401,baseline
2025-11-16 15:00:00,59938.30774739583,22967.198758680555,2576.922161187066,34394.18682752821,baseline
2025-11-16 16:00:00,61121.18000868055,21162.02130642361,3567.913953993056,36391.24474826388,baseline
2025-11-16 17:00:00,60300.58421006944,10714.370253634985,4398.945777994792,45187.26817843967,baseline
2025-11-16 18:00:00,58987.0453125,786.3740590765824,5422.581124131944,52778.09012929147,baseline
2025-11-16 19:00:00,58582.33586371528,0.2998111469050248,7447.160298936632,51134.87575363174,baseline
2025-11-16 20:00:00,57157.039578993055,0.3172661724686623,9194.946572265624,47961.77574055496,baseline
2025-11-16 21:00:00,55577.90758680556,0.3680649012989468,10193.931056857638,45383.60846504662,baseline
2025-11-16 22:00:00,54132.72813476562,0.4932039760549863,11320.537677137589,42811.69725365198,baseline
2025-11-16 23:00:00,52010.941458333335,0.4465732123785548,13560.057552083334,38450.437333037626,baseline
2025-11-17 00:00:00,49075.89697482639,0.4731727567315101,14682.448639322916,34392.97516274674,baseline
2025-11-17 01:00:00,46910.74032986111,0.5533085369070371,14843.894405381943,32066.292615942257,baseline
2025-11-17 02:00:00,45956.28800347223,0.5582789031995667,15107.029113498264,30848.700611070763,baseline
2025-11-17 03:00:00,45488.65452690972,0.5867168193062147,15104.191593153211,30383.8762169372,baseline
2025-11-17 04:00:00,45152.00852430556,0.6478718727164798,14934.523471137152,30216.83718129569,baseline
2025-11-17 05:00:00,45642.35086805555,0.694361574517356,14815.735163845486,30825.92134263555,baseline
2025-11-17 06:00:00,46625.848203125,0.8360176380806499,14320.67829861111,32304.33388687581,baseline
2025-11-17 07:00:00,49290.15546440972,5.010880266361767,14749.564194878472,34535.580389264884,baseline
2025-11-17 08:00:00,50701.7217578125,1484.9931040149263,14812.314771050347,34404.41388274723,baseline
2025-11-17 09:00:00,53782.92903862847,10688.06254503038,12495.359422471787,30599.5070711263,baseline
2025-11-17 10:00:00,55547.45323350695,16425.08232747396,10103.709377170138,29018.661528862845,baseline
2025-11-17 11:00:00,58952.8106141493,18599.4750656467,11265.101672634548,29088.233875868056,baseline
2025-11-17 12:00:00,61284.9834375,19363.314889322915,13088.009736328126,28833.65881184896,baseline
2025-11-17 13:00:00,62736.24737738715,19787.461027560763,14667.397560492622,28281.388789333767,baseline
2025-11-17 14:00:00,64044.271089409725,20648.05567057292,15545.35642361111,27850.85899522569,baseline
2025-11-17 15:00:00,65198.25639322917,20304.274485677084,16732.95151692708,28161.030390625005,baseline
2025-11-17 16:00:00,65312.69726996528,18081.90777777778,17634.332528211806,29596.45696397569,baseline
2025-11-17 17:00:00,64496.464887152775,9669.901078559027,17759.688975694444,37066.8748328993,baseline
2025-11-17 18:00:00,62787.6648828125,849.1508589174681,15681.82892469618,46256.68509919885,baseline
2025-11-17 19:00:00,62161.54264756945,0.4821662647359901,16210.11095811632,45950.94952318839,baseline
2025-11-17 20:00:00,60702.55961805556,0.5966739465461837,17522.545234375,43179.417709734014,baseline
2025-11-17 21:00:00,58996.47291232639,0.7238429608941078,18784.85207248264,40210.89699688286,baseline
2025-11-17 22:00:00,57164.51083333333,0.6373409951395459,19869.511946614584,37294.36154572361,baseline
2025-11-17 23:00:00,54549.70892795139,0.5446565658185217,19637.21630642361,34911.94796496196,baseline
2025-11-18 00:00:00,51735.87404513889,0.5301420144902336,18724.380718315973,33010.963184808425,baseline
2025-11-18 01:00:00,49889.47910590278,0.5594035788708263,17948.925164930555,31939.99453739335,baseline
2025-11-18 02:00:00,48718.24094184028,0.5720520252320501,17269.826664496526,31447.84222531852,baseline
2025-11-18 03:00:00,47540.70904947917,0.5777371045284801,15315.638994140623,32224.492318234017,baseline
2025-11-18 04:00:00,46784.56078993056,0.5489843158506685,14612.850115559895,32171.16169005481,baseline
2025-11-18 05:00:00,46568.07977864584,0.5666146352556016,12886.983131510417,33680.53003250016,baseline
2025-11-18 06:00:00,47769.978125,0.6380335020025572,11338.064779730905,36431.275311767095,baseline
2025-11-18 07:00:00,50310.46466579861,3.3520149055454467,9795.316963975694,40511.795686917365,baseline
2025-11-18 08:00:00,51516.5359375,2042.4279139497544,9070.168838975696,40403.93918457455,baseline
2025-11-18 09:00:00,56046.35481336805,12592.41520453559,6889.7653803168405,36564.17422851562,baseline
2025-11-18 10:00:00,58533.13482638889,17748.30377387153,6075.562347547743,34709.26870496961,baseline
2025-11-18 11:00:00,59187.58023003472,18032.559051649307,5246.191453993056,35908.82972439236,baseline
2025-11-18 12:00:00,60023.31213975694,17942.41144748264,3999.2430290391712,38081.657663235135,baseline
2025-11-18 13:00:00,61834.10536458333,18568.76474392361,3905.1206426323774,39360.219978027344,baseline
2025-11-18 14:00:00,63424.30805989583,19234.36102864583,4174.072504882813,40015.87452636719,baseline
2025-11-18 15:00:00,64522.13923177083,18077.2719140625,4458.5868522135415,41986.28046549478,baseline
2025-11-18 16:00:00,63925.58049587673,14798.09087999132,5078.056619059244,44049.43299682617,baseline
2025-11-18 17:00:00,61459.438953993056,6413.681685384115,5332.4937141927085,49713.26355441623,baseline
2025-11-18 18:00:00,60139.271527777775,409.3248957108789,5870.422882486979,53859.52374957992,baseline
2025-11-18 19:00:00,60103.964448784725,0.8311470009220971,6497.926237521701,53605.2070642621,baseline
2025-11-18 20:00:00,58807.42452473958,0.3343297027713722,7284.435584309896,51522.65461072692,baseline
2025-11-18 21:00:00,57517.84541666666,0.3530844494038158,8020.712481011285,49496.77985120597,baseline
2025-11-18 22:00:00,57069.13699001736,0.4425122192170885,9262.978266059028,47805.71621173911,baseline
2025-11-18 23:00:00,55168.283350694444,0.4494964072108269,10120.21947265625,45047.614381630985,baseline
2025-11-19 00:00:00,52160.18006510416,0.4732364128364457,10050.292019314236,42109.41480937709,baseline
2025-11-19 01:00:00,50290.26246202257,5.703426280924016,9688.279602864584,40596.27943287706,baseline
2025-11-19 02:00:00,49494.0243077257,0.5098684260249138,9957.863452690972,39535.6509866087,baseline
2025-11-19 03:00:00,48370.77,0.5076902656091584,9385.133704155816,38985.128605578575,baseline
2025-11-19 04:00:00,47690.46057725694,0.5211641824245453,8630.86183078342,39059.077582291095,baseline
2025-11-19 05:00:00,47284.71032986111,0.515763341486454,7733.710405815972,39550.48416070365,baseline
2025-11-19 06:00:00,47993.992256944446,0.5184559345576498,7330.02506781684,40663.44873319305,baseline
2025-11-19 07:00:00,50179.527692057294,1.192959331712789,7009.263994411893,43169.07073831369,baseline
2025-11-19 08:00:00,51311.55329427083,856.1060846932729,6681.091892361111,43774.35531721645,baseline
2025-11-19 09:00:00,52780.79295898438,4822.257042236328,5528.800659450955,42429.73525729709,baseline
2025-11-19 10:00:00,55653.15039279514,9274.176359320749,5019.334713541667,41359.63931993273,baseline
2025-11-19 11:00:00,58618.38716362848,12852.130595703124,5437.651138780382,40328.60542914497,baseline
2025-11-19 12:00:00,61349.91743272569,14943.33373372396,6126.439055989584,40280.14464301215,baseline
2025-11-19 13:00:00,62725.79451063368,15462.034965820312,6460.929598795573,40802.8299460178,baseline
2025-11-19 14:00:00,63680.22320963542,15188.586961805557,7222.855185546875,41268.781062282986,baseline
2025-11-19 15:00:00,63749.21528211806,12879.357171766493,7349.045681694878,43520.81242865669,baseline
2025-11-19 16:00:00,62605.237613932295,8127.157226426866,8297.676464029948,46180.40392347548,baseline
2025-11-19 17:00:00,61497.409463975695,3122.2421133083767,8890.917026909723,49484.2503237576,baseline
2025-11-19 18:00:00,61317.43927951389,303.1491312837104,8678.536364746094,52335.75378348409,baseline
2025-11-19 19:00:00,60887.29843641493,0.2583426607482963,9024.087715386284,51862.952378367896,baseline
2025-11-19 20:00:00,59005.26009114584,0.3542498268518183,9564.723125,49440.18271631898,baseline
2025-11-19 21:00:00,58468.53897352431,0.5418938199182352,10179.680359157986,48288.316720546405,baseline
2025-11-19 22:00:00,57395.62461805555,0.4275323568118943,10882.3495320638,46512.84755363494,baseline
2025-11-19 23:00:00,55418.13069010417,0.4503226475583182,11671.527901475694,43746.15246598092,baseline
2025-11-20 00:00:00,52726.43258355035,0.4122423016776641,11555.283753797745,41170.73658745093,baseline
2025-11-20 01:00:00,50195.50951497396,0.3964608476559321,11147.61093017578,39047.50212395052,baseline
2025-11-20 02:00:00,48659.52705403646,0.3947753368732002,10791.411248101129,37867.721030598455,baseline
2025-11-20 03:00:00,47554.05749023437,0.3978265542454189,10365.07782280816,37188.58184087197,baseline
2025-11-20 04:00:00,47017.46148871528,0.3781077825691964,10794.251937934028,36222.83144299868,baseline
2025-11-20 05:00:00,47283.56534288194,0.3482665614949332,10381.277941623264,36901.93913469718,baseline
2025-11-20 06:00:00,48865.425282118056,0.3148782568176587,11417.324128689235,37447.786275172,baseline
2025-11-20 07:00:00,50600.68503363715,2.1320834361927377,13428.224666341146,37170.32828385981,baseline
2025-11-20 08:00:00,51682.58771701389,986.8414612812468,13957.128878038196,36738.61737769445,baseline
2025-11-20 09:00:00,53798.72749348958,4419.226102701823,14297.518465711806,35081.98292507595,baseline
2025-11-20 10:00:00,55597.21464192709,6220.537960205078,16216.295253363714,33160.38142835829,baseline
2025-11-20 11:00:00,57090.34628038194,7763.876755099826,17045.893548177082,32280.575977105036,baseline
2025-11-20 12:00:00,59180.64271484375,9473.49546766493,17395.46173828125,32311.68550889757,baseline
2025-11-20 13:00:00,60743.00004557292,10900.988113064235,17532.746065538195,32309.265866970487,baseline
2025-11-20 14:00:00,60146.65561740451,12103.731719021269,17867.814626193576,30175.109272189668,baseline
2025-11-20 15:00:00,59584.29682508681,11481.958353949653,19044.57048936632,29057.767981770838,baseline
2025-11-20 16:00:00,59386.30243272569,8573.514089898003,21016.283959418404,29796.504383409287,baseline
2025-11-20 17:00:00,58811.43668294271,4469.462802530925,21200.09673014323,33141.87715026856,baseline
2025-11-20 18:00:00,58145.44229600694,380.691258289665,16332.731496310764,41432.01954140651,baseline
2025-11-20 19:00:00,57643.9963671875,0.3993904422885841,12222.43601345486,45421.16096329036,baseline
2025-11-20 20:00:00,56444.85943359375,0.503224676085843,10194.223721788194,46250.13248712947,baseline
2025-11-20 21:00:00,55206.49422743056,0.4530239739351802,10176.491181640626,45029.550021816,baseline
2025-11-20 22:00:00,53814.78388237847,0.4345569578806559,10637.873264973958,43176.47606044663,baseline
2025-11-20 23:00:00,51808.11732638889,0.3937800209058655,12578.046097005208,39229.67744936277,baseline
2025-11-21 00:00:00,50025.38387586806,0.4137200071414311,13536.78158094618,36488.18857491473,baseline
2025-11-21 01:00:00,48306.03308159722,0.4079030143138435,14090.26824435764,34215.35693422527,baseline
2025-11-21 02:00:00,47240.50505750868,0.3894005307637982,14667.842400716148,32572.273256261768,baseline
2025-11-21 03:00:00,46814.39347981771,0.3971981615159247,16450.225093858506,30363.771187797684,baseline
2025-11-21 04:00:00,46203.795911458335,0.4537305096536875,16850.67837565104,29352.66380529764,baseline
2025-11-21 05:00:00,45931.42733506944,0.5812237668285767,15965.93415201823,29964.911959284385,baseline
2025-11-21 06:00:00,46766.941323784726,0.6078450151946809,15457.449265407986,31308.884213361547,baseline
2025-11-21 07:00:00,49092.5620811632,1.3165658681260215,14568.406675889755,34522.83883940531,baseline
2025-11-21 08:00:00,50306.84740885417,1339.892586552302,14420.432741970486,34546.522080331386,baseline
2025-11-21 09:00:00,52904.35815212673,10014.108736979166,12598.570164930556,30291.679250217014,baseline
2025-11-21 10:00:00,55416.58442708333,15146.164558376737,10396.130904947917,29874.28896375868,baseline
2025-11-21 11:00:00,57465.45161241319,16764.964501953124,9842.870616319444,30857.616494140624,baseline
2025-11-21 12:00:00,57403.485500217015,18162.942544487847,9201.883778211806,30038.65917751736,baseline
2025-11-21 13:00:00,57769.98601671007,19852.135323350696,9271.621807725694,28646.22888563368,baseline
2025-11-21 14:00:00,58898.99468641493,21042.01365722656,9001.157102050782,28855.823927137582,baseline
2025-11-21 15:00:00,59961.48947265625,21621.26431206597,8728.796570095486,29611.42859049479,baseline
2025-11-21 16:00:00,60054.92578776042,20477.46611328125,8007.336900499132,31570.122773980034,baseline
2025-11-21 17:00:00,59105.47504882813,10908.028399522567,7263.9187502712675,40933.52789903429,baseline
2025-11-21 18:00:00,57563.20358832465,970.2118836945956,6501.444400906033,50091.54730372402,baseline
2025-11-21 19:00:00,56514.68121527778,1.88979606292314,6557.933104112413,49954.85831510244,baseline
2025-11-21 20:00:00,54882.44595486111,0.2298841756747828,7067.951794162326,47814.26427652312,baseline
2025-11-21 21:00:00,53504.65999565972,0.3824806664966874,7282.464332546658,46221.81318244657,baseline
2025-11-21 22:00:00,51755.472098524304,0.4026345182210207,6855.252008463542,44899.81745554254,baseline
2025-11-21 23:00:00,50657.0214561632,0.4014672814144028,7193.452309027778,43463.167679854,baseline
2025-11-22 00:00:00,49131.90982421875,0.4076285896946987,7100.899506022135,42030.60268960692,baseline
2025-11-22 01:00:00,46995.96453776042,0.3913413016994794,6343.5101318359375,40652.06306462278,baseline
2025-11-22 02:00:00,45552.95152560764,0.3836934477090835,5967.499097222222,39585.06873493771,baseline
2025-11-22 03:00:00,44672.12267361111,0.3937895364148749,6101.346358506945,38570.38252556775,baseline
2025-11-22 04:00:00,43885.57287326389,0.3979261085059907,5799.42389594184,38085.75105121354,baseline
2025-11-22 05:00:00,43548.33914171007,0.3919056974599759,5335.951159532335,38211.996076480274,baseline
2025-11-22 06:00:00,43939.55213541666,0.3788138351009951,4750.27007297092,39188.90324861064,baseline
2025-11-22 07:00:00,44717.565890842016,4.779303451006611,4246.700732286241,40466.08585510477,baseline
2025-11-22 08:00:00,45672.09283854167,2141.7997716501022,3830.094582044813,39700.19848484676,baseline
2025-11-22 09:00:00,48741.28629340278,13203.71754720052,2666.0382315741645,32871.530514628095,baseline
2025-11-22 10:00:00,52213.881175130206,20929.171017252604,1472.8959923977322,29811.81416547987,baseline
2025-11-22 11:00:00,52923.291803385415,21828.039929470488,1480.3738815307618,29614.877992384165,baseline
2025-11-22 12:00:00,52916.72119140625,22215.750137803818,1303.552701856825,29397.418351745608,baseline
2025-11-22 13:00:00,53112.225478515626,22408.653362087676,1123.0244452582465,29580.547671169705,baseline
2025-11-22 14:00:00,53838.816705729165,22276.478257378472,1322.7304523383243,30239.607996012368,baseline
2025-11-22 15:00:00,55316.32318467882,22568.30191894531,1567.1227913750542,31180.89847435845,baseline
2025-11-22 16:00:00,54959.57559461806,20829.686588541663,2414.0389569769964,31715.850049099397,baseline
2025-11-22 17:00:00,52928.45612955729,9899.124301215275,2858.104394666884,40171.22743367513,baseline
2025-11-22 18:00:00,51748.42241970486,614.4303302795274,3736.170572374132,47397.8215170512,baseline
2025-11-22 19:00:00,51461.81463758681,0.1500963679618305,5656.223717990451,45805.4408232284,baseline
2025-11-22 20:00:00,50058.79359266493,0.2555685417768028,7041.222118598091,43017.315905525065,baseline
2025-11-22 21:00:00,49282.43059136285,0.2641447540869315,8150.481433919271,41131.68501268949,baseline
2025-11-22 22:00:00,48448.90546440972,0.3668294568690989,8697.807725694445,39750.7309092584,baseline
2025-11-22 23:00:00,47241.50352213542,0.4462053615103165,9084.746925726997,38156.310391046914,baseline
2025-11-23 00:00:00,46106.40190972222,0.396567850973871,9536.521391059028,36569.48395081222,baseline
2025-11-23 01:00:00,44939.63206163194,0.4318130496475432,10142.9457421875,34796.2545063948,baseline
2025-11-23 02:00:00,43909.13845811632,0.4357954641514354,10668.567199707031,33240.13546294514,baseline
2025-11-23 03:00:00,43063.3665093316,0.43588888588051,10828.442165256076,32234.48845518964,baseline
2025-11-23 04:00:00,42197.828828125,0.4219225038422478,10699.379411892362,31498.0274937288,baseline
2025-11-23 05:00:00,41876.00016493056,0.4304956761830383,10955.676370713976,30919.893298540395,baseline
2025-11-23 06:00:00,42013.20259114583,0.4113443194826444,11916.815139973958,30095.976106852395,baseline
2025-11-23 07:00:00,42517.042061631946,2.8135225680801605,12566.156614583331,29948.071924480533,baseline
2025-11-23 08:00:00,43492.7185405816,1329.1134278700088,13206.545296223958,28957.059816487632,baseline
2025-11-23 09:00:00,46761.778715277775,8991.807294921875,13575.820756293402,24194.150664062498,baseline
2025-11-23 10:00:00,49110.768880208336,13579.631035970053,13639.102357584636,21892.035486653647,baseline
2025-11-23 11:00:00,49519.00629123264,13875.77762424045,14063.034394802517,21580.19427218967,baseline
2025-11-23 12:00:00,49107.02839409722,13441.323371310764,14155.636360677085,21510.068662109377,baseline
2025-11-23 13:00:00,49332.56838107639,13151.440532769097,14691.63300564236,21489.494842664928,baseline
2025-11-23 14:00:00,50036.671655815975,13592.981706000432,15546.322735731335,20897.367214084203,baseline
2025-11-23 15:00:00,50083.62921440973,13498.6064453125,15670.02804904514,20914.994720052084,baseline
2025-11-23 16:00:00,50197.3575531684,11176.053727484808,15381.752430826822,23639.55139485677,baseline
2025-11-23 17:00:00,49944.43463541667,5156.433692355686,15094.40582248264,29693.595120578346,baseline
2025-11-23 18:00:00,50906.39780598958,366.4177417410745,15336.87242892795,35203.10763532056,baseline
2025-11-23 19:00:00,51056.3887109375,0.3357767236563894,14805.788225911458,36250.264708302384,baseline
2025-11-23 20:00:00,50546.54709092882,0.525762080848217,13349.053060980905,37196.968267867065,baseline
2025-11-23 21:00:00,49871.19236979167,0.6605088822046916,12032.44683702257,37838.08502388689,baseline
2025-11-23 22:00:00,48983.7040625,0.711672317120764,11686.90941514757,37296.08297503532,baseline
2025-11-23 23:00:00,47473.97377712674,0.6709482815696134,11540.5833460829,35932.71948276227,baseline
2025-11-24 00:00:00,45749.10420355903,0.6389577108621597,11417.25112874349,34331.214117104675,baseline
2025-11-24 01:00:00,44284.8543250868,0.6634449521534973,11118.468817274306,33165.72206286034,baseline
2025-11-24 02:00:00,43064.366171875,0.6924757806460062,11042.285888671877,32021.38780742248,baseline
2025-11-24 03:00:00,42630.3123687066,0.7135293631090058,11420.051547851564,31209.547291491923,baseline
2025-11-24 04:00:00,42964.88317274306,0.6864192934168709,11781.04242404514,31183.154329404504,baseline
2025-11-24 05:00:00,43671.04656901042,0.6456503266758389,12286.423546006945,31383.9773726768,baseline
2025-11-24 06:00:00,44500.98270290799,0.6535545182393657,12880.733573404948,31619.5955749848,baseline
2025-11-24 07:00:00,46136.23918511285,1.9670036362442704,12879.193486328126,33255.07869514848,baseline
2025-11-24 08:00:00,47986.21914496528,821.955300210317,13064.514290364585,34099.74955439038,baseline
2025-11-24 09:00:00,50228.84950520833,5953.703572048611,12321.503564453124,31953.642368706594,baseline
2025-11-24 10:00:00,51922.26006293403,10786.875467393664,11121.13041531033,30014.25418023004,baseline
2025-11-24 11:00:00,54730.56532443577,12765.87471110026,12029.165094129774,29935.52551920573,baseline
2025-11-24 12:00:00,56136.616848958336,12736.334143880207,12743.811205512153,30656.47149956597,baseline
2025-11-24 13:00:00,56744.82114800347,12451.645695529514,12883.991027560764,31409.1844249132,baseline
2025-11-24 14:00:00,57498.57685221354,13174.308995225694,13039.919600694444,31284.3482562934,baseline
2025-11-24 15:00:00,57719.33421766493,13499.754226345483,12917.208885362414,31302.371105957038,baseline
2025-11-24 16:00:00,57114.3090125868,13766.193590494791,12699.602805989583,30648.51261610243,baseline
2025-11-24 17:00:00,55092.4496983507,8600.17633368598,11675.801099989148,34816.47226467557,baseline
2025-11-24 18:00:00,54562.11637044271,844.8857570637928,8421.620251600478,45295.61036177844,baseline
2025-11-24 19:00:00,54480.10826063368,0.6530265392197503,7678.403397216797,46801.05183687766,baseline
2025-11-24 20:00:00,53446.13482421875,1.3806463317076365,7313.746920301649,46131.0072575854,baseline
2025-11-24 21:00:00,52298.4444672309,0.6799635134471788,6653.344180365669,45644.42032335179,baseline
2025-11-24 22:00:00,50440.87214952257,0.8576015062961313,5945.491744384765,44494.52280363151,baseline
2025-11-24 23:00:00,48757.21108723959,0.9185151977009244,5329.128337673611,43427.16423436828,baseline
2025-11-25 00:00:00,47187.38209418403,0.9147923689915074,4835.412425808377,42351.05487600666,baseline
2025-11-25 01:00:00,46008.72060980903,0.9043757768306468,4591.28219523112,41416.53403880107,baseline
2025-11-25 02:00:00,45575.14798177083,0.9351814640065034,4144.621202799479,41429.591597507344,baseline
2025-11-25 03:00:00,44595.14130750868,0.8833668824864759,3575.142225070529,41019.11571555567,baseline
2025-11-25 04:00:00,43668.2606640625,0.8754972089661492,3199.3414116753474,40468.04375517819,baseline
2025-11-25 05:00:00,44155.40728732639,0.9034485299719704,2942.7007733832465,41211.803065413165,baseline
2025-11-25 06:00:00,44697.44393337674,0.9098661074539026,2733.667653198242,41962.86641407104,baseline
2025-11-25 07:00:00,46373.060277777775,1.2063876399066713,2337.688439941406,44034.16545019647,baseline
2025-11-25 08:00:00,47440.87964735243,1821.9855770100487,1977.979128519694,43640.91494182269,baseline
2025-11-25 09:00:00,50643.83003472223,13131.336136067708,2096.925357055664,35415.568541598856,baseline
2025-11-25 10:00:00,52637.2937391493,21312.24041449653,1897.520674302843,29427.53265034993,baseline
2025-11-25 11:00:00,52956.60405598959,22440.357682291666,2051.546370578342,28464.70000311958,baseline
2025-11-25 12:00:00,53623.35299262153,22112.712470703125,2000.171841668023,29510.46868025038,baseline
2025-11-25 13:00:00,54830.36717013889,22243.86848144531,2799.270996907552,29787.227691786025,baseline
2025-11-25 14:00:00,57118.536162109376,23391.575016818577,3421.642299194336,30305.318846096463,baseline
2025-11-25 15:00:00,58066.82155056424,23682.745930989586,4346.764580213759,30037.31103936089,baseline
2025-11-25 16:00:00,58299.37576822917,21582.13688368056,5926.935694444444,30790.30319010417,baseline
2025-11-25 17:00:00,56032.79132378472,10652.479080132378,8698.233317328559,36682.07892632379,baseline
2025-11-25 18:00:00,53969.57877170139,868.0307161286887,11659.183763292102,41442.3642922806,baseline
2025-11-25 19:00:00,53947.51507378472,0.5043202593591478,14611.588630642362,39335.422122883,baseline
2025-11-25 20:00:00,53338.61109157986,0.7620308435294363,18068.61849283854,35269.230567897794,baseline
2025-11-25 21:00:00,52462.46996527778,1.0712940938605202,20353.30473307292,32108.093938111,baseline
2025-11-25 22:00:00,51257.483658854166,1.1935367702775532,21041.73714192708,30214.552980156805,baseline
2025-11-25 23:00:00,49798.609105902775,1.1074811942047542,21654.799758029512,28142.701866679057,baseline
2025-11-26 00:00:00,48047.08623263889,0.8289607538779576,21110.867146267363,26935.390125617647,baseline
2025-11-26 01:00:00,46261.1695811632,0.847436805135674,20863.20514594184,25397.11699841622,baseline
2025-11-26 02:00:00,44914.90288953993,0.8851624567806721,20696.27908203125,24217.7386450519,baseline
2025-11-26 03:00:00,44090.97841796875,0.7490723634759585,20768.9256374783,23321.30370812697,baseline
2025-11-26 04:00:00,43410.256664496526,0.7862649946908156,20360.547723524305,23048.92267597753,baseline
2025-11-26 05:00:00,43579.41275824653,0.640877462261253,18822.75160373264,24756.02027705163,baseline
2025-11-26 06:00:00,44725.49387478299,0.6483345821499824,17986.297936197916,26738.54760400292,baseline
2025-11-26 07:00:00,46323.66937282986,0.7735800837890969,16876.86055121528,29446.035241530797,baseline
2025-11-26 08:00:00,48144.01023654514,1897.4507051727508,15057.053846842447,31189.50568452994,baseline
2025-11-26 09:00:00,50300.18705078125,14132.952606608073,11666.409760199653,24500.82468397352,baseline
2025-11-26 10:00:00,51968.727240668406,20947.27097330729,10086.508907063802,20934.947360297312,baseline
2025-11-26 11:00:00,51117.52856770833,20914.960703125,7732.192459174262,22470.375405409068,baseline
2025-11-26 12:00:00,50943.30730577257,21090.69715494792,6318.623286946615,23533.98686387804,baseline
2025-11-26 13:00:00,50636.12798177084,21643.002279730903,5773.811844889323,23219.31385715061,baseline
2025-11-26 14:00:00,50903.88650282118,21870.566416015627,5231.563749050564,23801.75633775499,baseline
2025-11-26 15:00:00,51772.66064670139,22773.65749565972,5082.547472059462,23916.45567898221,baseline
2025-11-26 16:00:00,51233.00325086805,21502.53754123264,5282.164908854166,24448.30080078125,baseline
2025-11-26 17:00:00,50120.82443684896,10744.901228027344,5344.325162760417,34031.598046061205,baseline
2025-11-26 18:00:00,50443.93117730035,764.1848137172725,5529.81212483724,44149.93423874584,baseline
2025-11-26 19:00:00,51009.62584852431,0.5577971943385072,6585.0260770670575,44424.04197426292,baseline
2025-11-26 20:00:00,50453.859947916666,0.5376150718662474,8245.37940592448,42207.942926920325,baseline
2025-11-26 21:00:00,50129.1206749132,0.595383386876848,10305.787043728298,39822.73824779802,baseline
2025-11-26 22:00:00,49428.19815538194,0.5640015131235123,10623.17646999783,38804.45768387099,baseline
2025-11-26 23:00:00,48436.14413411458,0.5609879693720076,10208.129730902778,38227.45341524243,baseline
2025-11-27 00:00:00,47078.90674587674,0.5595023493799899,10219.961691623264,36858.385551904095,baseline
2025-11-27 01:00:00,45426.55439019097,0.6225970133807924,9322.95686767578,36102.97492550181,baseline
2025-11-27 02:00:00,44828.35058159722,0.5771421358982722,8625.076016710069,36202.697422751255,baseline
2025-11-27 03:00:00,44369.61946180555,0.573559938751989,8602.122969292535,35766.92293257426,baseline
2025-11-27 04:00:00,43398.04765190972,0.6285309793220626,8147.593948025174,35249.82517290523,baseline
2025-11-27 05:00:00,43278.1211968316,0.710854862663481,7620.411719156901,35656.99862281203,baseline
2025-11-27 06:00:00,43711.03799479167,0.7839285395046075,7112.038958062066,36598.215108190096,baseline
2025-11-27 07:00:00,44793.43895182292,1.019176121883922,6886.549861382378,37905.86991431865,baseline
2025-11-27 08:00:00,45980.96744574653,1053.3566799243292,7250.328823649089,37677.28194217311,baseline
2025-11-27 09:00:00,48759.3816547309,10555.272480197482,6423.498656684028,31780.610517849396,baseline
2025-11-27 10:00:00,49242.34804904514,18240.34924207899,3991.810972018772,27010.187834947377,baseline
2025-11-27 11:00:00,49936.010698784725,20820.6983078342,3406.087429945204,25709.22496100532,baseline
2025-11-27 12:00:00,50285.28837565104,21981.365865342883,3130.5300754801438,25173.392434828016,baseline
2025-11-27 13:00:00,49456.052202690975,22218.846456163195,2865.1692879231773,24372.0364586046,baseline
2025-11-27 14:00:00,49557.1993641493,22488.68335069445,2739.827731933594,24328.688281521263,baseline
2025-11-27 15:00:00,50948.154444444444,23088.588504774307,3584.469551595052,24275.09638807509,baseline
2025-11-27 16:00:00,49737.162608506944,21077.284504123265,4698.068597954644,23961.80950642904,baseline
2025-11-27 17:00:00,46421.26558810764,9513.836347113716,5687.615227864583,31219.814013129337,baseline
2025-11-27 18:00:00,46496.200656467016,514.9539559639825,6778.315781385633,39202.9309191174,baseline
2025-11-27 19:00:00,46447.52028645833,17.413146438598634,10090.481207139755,36339.62593287998,baseline
2025-11-27 20:00:00,46167.50569878472,17.47145362854004,13782.154036458332,32367.880208697847,baseline
2025-11-27 21:00:00,46191.03127387153,17.11289468857977,16406.042336154514,29767.876043028435,baseline
2025-11-27 22:00:00,45589.86526909722,0.9206624772648015,17512.757466362847,28076.187140257112,baseline
2025-11-27 23:00:00,44894.43865017361,0.7287086039616002,17308.67500434028,27585.034937229368,baseline
2025-11-28 00:00:00,43987.91726345486,0.6079726544353697,16981.95653049045,27005.352760309976,baseline
2025-11-28 01:00:00,43142.47529622396,0.5944394613305728,16637.16869140625,26504.71216535638,baseline
2025-11-28 02:00:00,42420.893654513886,0.5859440092576874,16804.212931857637,25616.09477864699,baseline
2025-11-28 03:00:00,42307.62590169271,0.5866310545967685,17639.00703233507,24668.03223830304,baseline
2025-11-28 04:00:00,42346.51171006945,0.6147113724384043,19649.55060872396,22696.34638997305,baseline
2025-11-28 05:00:00,42549.16160807292,0.7009409934944577,20664.17276529948,21884.287901779942,baseline
2025-11-28 06:00:00,43575.51513563368,0.9106295028328896,21860.129742296005,21714.47476383484,baseline
2025-11-28 07:00:00,45052.23771267361,1.4692772883176803,22720.736137152777,22330.03229823252,baseline
2025-11-28 08:00:00,46016.167265625,953.8410342025757,23320.79371744792,21741.53251397451,baseline
2025-11-28 09:00:00,47860.65777777778,5893.861357150608,22977.07472005208,18989.72170057509,baseline
2025-11-28 10:00:00,49911.14986762153,10963.791215277775,22952.143864474827,15995.21478786892,baseline
2025-11-28 11:00:00,51191.90898546007,12969.541506618923,23793.61195638021,14428.755522460931,baseline
2025-11-28 12:00:00,50479.57485460069,12881.07250298394,23662.822069769965,13935.680281846784,baseline
2025-11-28 13:00:00,49529.80579101563,11271.764312879774,23830.063305121526,14427.97817301433,baseline
2025-11-28 14:00:00,48870.98822048611,10324.344673394096,23765.01527180989,14781.62827528212,baseline
2025-11-28 15:00:00,48455.80202039931,8432.061441379123,25175.96899142795,14847.77158759223,baseline
2025-11-28 16:00:00,48245.04104275173,5091.8819780815975,26440.194815538194,16712.964249131943,baseline
2025-11-28 17:00:00,48586.31161024306,2395.496060655382,26228.23105251736,19962.584497070315,baseline
2025-11-28 18:00:00,49479.67709201389,247.647629127668,26790.732037760416,22441.29742512581,baseline
2025-11-28 19:00:00,49869.93716579861,0.5619982121967607,27165.9232562934,22703.45191129301,baseline
2025-11-28 20:00:00,49316.39375542535,0.625136236415969,27548.679709743923,21767.08890944501,baseline
2025-11-28 21:00:00,48933.20293077257,0.5141306349055634,27549.80859049479,21382.88020964287,baseline
2025-11-28 22:00:00,48189.97143446181,0.5811477261450556,27179.48513888889,21009.90514784677,baseline
2025-11-28 23:00:00,47259.739366319445,0.6627424701386028,27085.15545355903,20173.92117029028,baseline
2025-11-29 00:00:00,46182.98675564236,0.703798201729854,27063.65851236979,19118.624445070844,baseline
2025-11-29 01:00:00,44703.68452039931,0.6180180554588636,26193.850108506944,18509.216393836905,baseline
2025-11-29 02:00:00,43718.447863498266,0.5774185554186503,25462.53118543837,18255.33925950448,baseline
2025-11-29 03:00:00,42940.85614366319,0.4905518984794617,25088.052111545137,17852.31348021958,baseline
2025-11-29 04:00:00,42265.6382421875,0.4463490767611398,23679.7360422092,18585.45585090154,baseline
2025-11-29 05:00:00,42182.35634657118,0.547743571764893,23296.16310275608,18885.645500243336,baseline
2025-11-29 06:00:00,42847.94517144097,0.6473136043217447,23355.518618164064,19491.77923967259,baseline
2025-11-29 07:00:00,43601.86284071181,0.5629456051190694,22683.225282118052,20918.07461298864,baseline
2025-11-29 08:00:00,44700.06938151042,256.5282354979383,22035.237673068576,22408.303472943902,baseline
2025-11-29 09:00:00,46805.5225672743,4546.98489461263,20736.45583550347,21522.081837158203,baseline
2025-11-29 10:00:00,49774.32673394097,10171.014921061198,18891.056954752603,20712.25485812717,baseline
2025-11-29 11:00:00,49756.639555121525,12254.386388888888,17622.502914496527,19879.75025173611,baseline
2025-11-29 12:00:00,50093.68371527778,12818.878553331164,16809.694005533853,20465.111156412764,baseline
2025-11-29 13:00:00,50862.06844618056,12911.44162217882,17202.899581163194,20747.727242838544,baseline
2025-11-29 14:00:00,50537.13185763889,13909.29186577691,16479.57582736545,20148.26416449653,baseline
2025-11-29 15:00:00,50677.52861545139,14021.266843532989,15842.37892795139,20813.88284396701,baseline
2025-11-29 16:00:00,50855.805653211806,12518.457032335067,16748.377587890624,21588.971032986112,baseline
2025-11-29 17:00:00,50712.81764539931,7269.948174099392,19638.20347439236,23804.665996907555,baseline
2025-11-29 18:00:00,51135.87042534722,599.5144662306541,21682.575625,28853.780334116567,baseline
2025-11-29 19:00:00,51108.23213324653,0.5663294388188256,23291.853565538197,27815.81223826952,baseline
2025-11-29 20:00:00,50666.18512152778,0.807399429248439,24220.109481336807,26445.26824076172,baseline
2025-11-29 21:00:00,50743.7257562934,0.818093743738201,25007.950064019096,25734.957598530567,baseline
2025-11-29 22:00:00,50212.91217013889,0.8148033772077825,25338.526937934028,24873.57042882765,baseline
2025-11-29 23:00:00,49291.40301649306,0.775076084335645,25701.942944878472,23588.68499553025,baseline
2025-11-30 00:00:00,48285.93105794271,0.8406624970833461,25129.510403103297,23155.57999234233,baseline
2025-11-30 01:00:00,47270.7106640625,0.8412617333398925,24354.487491319444,22915.381911009717,baseline
2025-11-30 02:00:00,46286.79461588542,0.8482764415442944,23350.47662868924,22935.469710754634,baseline
2025-11-30 03:00:00,45082.96677951389,0.7219615138570468,22157.40373697917,22924.841081020862,baseline
2025-11-30 04:00:00,44733.90324869792,0.5531517930494414,21103.756690538197,23629.593406366675,baseline
2025-11-30 05:00:00,45443.29076931423,0.4431071495595906,20635.42232421875,24807.42533794592,baseline
2025-11-30 06:00:00,45684.77266493056,0.4398291802323527,19711.187846679688,25973.144989070635,baseline
2025-11-30 07:00:00,46580.12877170139,0.4869075744681888,18752.137641059027,27827.504223067896,baseline
2025-11-30 08:00:00,47756.16843207465,459.0055124413305,17568.247696940103,29728.915222693216,baseline
2025-11-30 09:00:00,50116.26484049479,4557.5323993598095,16948.32220106337,28610.41024007161,baseline
2025-11-30 10:00:00,51948.32671766493,8486.262814670139,15666.537053493925,27795.52684950087,baseline
2025-11-30 11:00:00,52509.41609375,10527.059393988717,13535.874468858508,28446.482230902777,baseline
2025-11-30 12:00:00,52416.73553602431,12216.474238552517,11536.284947374132,28663.976350097662,baseline
2025-11-30 13:00:00,52069.540609809024,12565.987180175782,10561.845384385852,28941.70804524739,baseline
2025-11-30 14:00:00,51494.32715820312,12706.065341796875,9796.094528808591,28992.16728759765,baseline
2025-11-30 15:00:00,51179.44253038194,10149.209525282118,9248.056040581598,31782.17696451823,baseline
2025-11-30 16:00:00,51491.99079861112,5753.756384548611,8765.253008897569,36972.98140516493,baseline
2025-11-30 17:00:00,52436.51913411458,1907.8732829793291,8315.17826171875,42213.467589416505,baseline
2025-11-30 18:00:00,54342.97180989583,90.44408307358624,7836.025646158854,46416.50208066339,baseline
2025-11-30 19:00:00,55352.054756944446,0.2478562486254506,8001.3686908637155,47350.43820983211,baseline
2025-11-30 20:00:00,55285.10364583333,0.4280520624336269,7783.440798882379,47501.23479488852,baseline
2025-11-30 21:00:00,54497.8534375,0.435749180689454,7594.376066080729,46903.04162223858,baseline
2025-11-30 22:00:00,53400.926336805554,0.450762080417739,7500.630316840277,45899.84525788486,baseline
2025-11-30 23:00:00,51588.546590711805,0.4518015773097674,6841.450643988716,44746.64414514578,baseline
2025-12-01 00:00:00,50157.727439236114,0.4573912165231175,6044.719462890625,44112.55058512896,baseline
2025-12-01 01:00:00,49583.333740234375,0.7554220718973212,5714.553756781684,43868.02456138079,baseline
2025-12-01 02:00:00,48873.23396809896,0.531645752572351,5159.137673746744,43713.56464859964,baseline
2025-12-01 03:00:00,48108.45422743056,0.6447021468811565,4434.759782714844,43673.04974256883,baseline
2025-12-01 04:00:00,47540.56058810764,1.0253497333659063,3902.410944281684,43637.12429409259,baseline
2025-12-01 05:00:00,47869.1677734375,0.8308696774476104,3704.422250773112,44163.91465298694,baseline
2025-12-01 06:00:00,49546.76123263889,0.6364459604024887,3383.4355455186637,46162.689241159824,baseline
2025-12-01 07:00:00,52491.422662760415,0.4738435242325067,3334.9190224880645,49156.02979674812,baseline
2025-12-01 08:00:00,53805.95151367188,113.7432919192314,2638.632920396593,51053.57530135605,baseline
2025-12-01 09:00:00,54718.3807562934,2951.930810716417,2160.185647854275,49606.26429772271,baseline
2025-12-01 10:00:00,56198.45877387153,6537.12275282118,1897.66150648329,47763.67451456706,baseline
2025-12-01 11:00:00,57224.27017144097,8065.265501980251,1685.4218106079102,47473.58285885281,baseline
2025-12-01 12:00:00,58436.31105794271,9754.799077148438,1998.6584901597764,46682.853490634494,baseline
2025-12-01 13:00:00,59118.41092773437,10475.47453423394,2954.0514879692923,45688.88490553114,baseline
2025-12-01 14:00:00,59490.00008680556,10426.246557074654,3919.836200900608,45143.9173288303,baseline
2025-12-01 15:00:00,59431.94495442708,9990.8792835829,4421.593509385851,45019.47216145833,baseline
2025-12-01 16:00:00,58238.89641059028,9303.861984592017,6033.699344211154,42901.33508178711,baseline
2025-12-01 17:00:00,58452.69997178819,5623.902060818143,6891.237400580512,45937.560510389536,baseline
2025-12-01 18:00:00,59091.72804578993,554.8924498447941,5917.595448676216,52619.24014726892,baseline
2025-12-01 19:00:00,59128.99904622396,0.32016209922317,5990.477852376303,53138.20103174843,baseline
2025-12-01 20:00:00,58296.70682942709,0.9840763557536736,5773.886539171007,52521.83621390033,baseline
2025-12-01 21:00:00,57088.96184136285,0.5661670106152693,5446.176080322266,51642.21959402997,baseline
2025-12-01 22:00:00,55736.64443250868,0.6425492205553585,4934.070453965929,50801.93142932219,baseline
2025-12-01 23:00:00,54106.53228081597,0.5105138836635483,4433.515813802083,49672.50595313023,baseline
2025-12-02 00:00:00,53391.62122395833,0.5201707038283349,4244.984641384549,49146.11641186995,baseline
2025-12-02 01:00:00,52604.97636393229,0.5138906025141478,4252.662721761068,48351.79975156871,baseline
2025-12-02 02:00:00,52603.104994574656,0.5326038351655007,4358.345821126302,48244.22656961319,baseline
2025-12-02 03:00:00,53089.21658637153,0.5011036863757504,5081.58849975586,48007.126982929294,baseline
2025-12-02 04:00:00,53522.9144390191,0.5488164424068398,5833.65141547309,47688.7142071036,baseline
2025-12-02 05:00:00,53338.69372178819,0.7849895023637348,5757.678418104384,47580.23031418145,baseline
2025-12-02 06:00:00,55686.8204296875,0.5764161334766282,6249.7451907009545,49436.49882285306,baseline
2025-12-02 07:00:00,59251.02481987848,0.587422843211227,6758.378768853082,52492.05862818218,baseline
2025-12-02 08:00:00,60798.42617404514,1439.2369218038189,7329.088169894749,52030.10108234658,baseline
2025-12-02 09:00:00,62192.92449327257,14398.90720594618,7371.238444552951,40422.77884277344,baseline
2025-12-02 10:00:00,60949.31289930556,23911.80751519097,6640.319793158637,30397.18559095595,baseline
2025-12-02 11:00:00,58159.850703125,23751.297706163197,7782.406520182291,26626.14647677951,baseline
2025-12-02 12:00:00,55906.172078993055,22567.52550726997,9689.184150661891,23649.462421061195,baseline
2025-12-02 13:00:00,56283.40860134549,21973.155451931423,11594.76476264106,22715.488386773,baseline
2025-12-02 14:00:00,55177.24446614584,19940.759370117183,13190.221955566409,22046.263140462244,baseline
2025-12-02 15:00:00,53376.69608072917,18456.269514431424,13438.712038574218,21481.714527723525,baseline
2025-12-02 16:00:00,51786.5908452691,15931.591393229166,13956.93449951172,21898.064952528213,baseline
2025-12-02 17:00:00,52274.33873046875,9315.576034342448,16079.950865885416,26878.811830240884,baseline
2025-12-02 18:00:00,54733.32741644965,751.7500290638209,18436.725474175342,35544.851913210485,baseline
2025-12-02 19:00:00,56938.58526475694,0.8112488438023461,20891.76508029514,36046.008935618,baseline
2025-12-02 20:00:00,57504.5010015191,1.1427588569455676,21808.823841145837,35694.53440151632,baseline
2025-12-02 21:00:00,57461.852439236114,0.6578284147878488,22101.31470865885,35359.87990216247,baseline
2025-12-02 22:00:00,56483.20524631076,0.684182006302807,21578.90782118056,34903.6132431239,baseline
2025-12-02 23:00:00,54854.19335503472,0.6975818128883838,21867.98150607639,32985.514267145445,baseline
2025-12-03 00:00:00,53085.78752929688,0.7048421525789632,22243.661412217883,30841.42127492641,baseline
2025-12-03 01:00:00,52088.780735677086,0.6725010437435573,22040.801204427084,30047.30703020626,baseline
2025-12-03 02:00:00,51799.673040364585,0.6544411771827274,21905.85939453125,29893.159204656156,baseline
2025-12-03 03:00:00,51749.9373936632,0.6500110536151462,21798.756087239584,29950.53129537,baseline
2025-12-03 04:00:00,51526.35659939236,0.6443635577625698,21606.26534939236,29919.44688644224,baseline
2025-12-03 05:00:00,51887.59922309028,0.6383742023176617,20753.93703125,31133.02381763796,baseline
2025-12-03 06:00:00,53886.86707248264,0.6318784009748035,19652.129010416666,34234.106183665,baseline
2025-12-03 07:00:00,57101.9129796007,0.6611489318476783,18765.01409939236,38336.23773127649,baseline
2025-12-03 08:00:00,58030.17486111111,379.2167730163866,17070.454793836805,40580.50329425792,baseline
2025-12-03 09:00:00,57223.59278211805,4408.600602484809,13124.12066297743,39690.87151665581,baseline
2025-12-03 10:00:00,56438.867144097225,10037.54384548611,9667.51242404514,36733.81087456598,baseline
2025-12-03 11:00:00,55638.07106553819,12364.906358506943,7776.307247178819,35496.85745985243,baseline
2025-12-03 12:00:00,54231.29619574653,12334.91250325521,5854.116048177083,36042.26764431424,baseline
2025-12-03 13:00:00,53300.500859375,12365.86445095486,4060.7098787434898,36873.92652967665,baseline
2025-12-03 14:00:00,52921.480199652775,12067.332464192708,3450.0569137912325,37404.09082166883,baseline
2025-12-03 15:00:00,52815.17712890625,11061.315716145831,3619.136023763021,38134.725388997394,baseline
2025-12-03 16:00:00,52827.7696983507,8870.92997938368,4812.367651367187,39144.47206759983,baseline
2025-12-03 17:00:00,52473.38083767361,4302.622188042535,7237.023765190972,40933.734884440106,baseline
2025-12-03 18:00:00,53486.48648654514,372.9527606284618,10420.521121961803,42693.01260395487,baseline
2025-12-03 19:00:00,54496.42721354167,0.5653999370667669,13908.39052842882,40587.47128517578,baseline
2025-12-03 20:00:00,54155.67372612847,0.5674988199273745,16265.909833984377,37889.19639332417,baseline
2025-12-03 21:00:00,53798.8077842882,0.8267716274989976,17478.94713324653,36319.03387941417,baseline
2025-12-03 22:00:00,52823.042292751736,0.5422527484430207,18685.88902126736,34136.61101873593,baseline
2025-12-03 23:00:00,50981.80227430556,0.5437618857622146,19287.10378472222,31694.154727697573,baseline
2025-12-04 00:00:00,49421.38093315972,0.5536944924791654,20334.871597222223,29085.95564144502,baseline
2025-12-04 01:00:00,47848.42664496528,0.5436396644843949,21182.668498263887,26665.214507036908,baseline
2025-12-04 02:00:00,47557.503470052085,0.547785167462296,21508.16453125,26048.791153634626,baseline
2025-12-04 03:00:00,48356.1699891493,0.5262374515334766,22437.603756510416,25918.039995187355,baseline
2025-12-04 04:00:00,47314.81194878472,0.5059624471598201,21327.964622395837,25986.341363941727,baseline
2025-12-04 05:00:00,47335.5282139757,0.5044851941863696,19219.71538845486,28115.30834032665,baseline
2025-12-04 06:00:00,49049.15935763889,0.5121790611743927,16598.03115234375,32450.61602623397,baseline
2025-12-04 07:00:00,52323.14767144097,0.9484046006533836,14234.193038194444,38088.00622864588,baseline
2025-12-04 08:00:00,53723.742680121526,47.13363074249691,11322.963682725696,42353.64536665333,baseline
2025-12-04 09:00:00,54121.27059678819,793.5373169623481,8594.902193467882,44732.83108635796,baseline
2025-12-04 10:00:00,55462.69869791667,2032.5270917426212,6905.193998480902,46524.977607693145,baseline
2025-12-04 11:00:00,56515.41576822917,3465.3972561306423,6897.445358615451,46152.57315348308,baseline
2025-12-04 12:00:00,57884.05393880208,4956.631093207466,7439.291516384548,45488.13132921007,baseline
2025-12-04 13:00:00,57603.75200737847,6524.927231445313,8552.346974826389,42526.47780110677,baseline
2025-12-04 14:00:00,57040.34071180556,6231.968907335069,8867.305572916666,41941.06623155382,baseline
2025-12-04 15:00:00,56417.377310112846,5601.277255316841,9090.717690700954,41725.38236409505,baseline
2025-12-04 16:00:00,56094.0262217882,4379.178409559462,8317.102981228298,43397.74483100044,baseline
2025-12-04 17:00:00,56934.5473936632,2028.0038812934029,6878.794797634549,48027.74871473525,baseline
2025-12-04 18:00:00,58346.56669270834,198.70569005966183,5729.6058349609375,52418.25516768773,baseline
2025-12-04 19:00:00,58221.306677517365,9.755854602439536,5319.841538085938,52891.70928482899,baseline
2025-12-04 20:00:00,58181.50011501736,0.3349556683666176,5682.230482855903,52498.934676493096,baseline
2025-12-04 21:00:00,57709.67706380208,0.5509390066232946,6657.5406640625,51051.58546073296,baseline
2025-12-04 22:00:00,56972.15509114583,0.4243851766155825,6969.847122395833,50001.88358357338,baseline
2025-12-04 23:00:00,55608.85853515625,0.3047072576151954,7088.655657552084,48519.89817034656,baseline
2025-12-05 00:00:00,54011.80255642361,0.2971621751123005,8167.63408203125,45843.87131221725,baseline
2025-12-05 01:00:00,50860.95087456597,0.3395119239721033,9911.182365451388,40949.42899719061,baseline
2025-12-05 02:00:00,49777.027867838544,0.2881863602085246,10895.091798502604,38881.64788297573,baseline
2025-12-05 03:00:00,49451.04834635417,0.2774007839461168,10904.079621310764,38546.69132425946,baseline
2025-12-05 04:00:00,49502.02133246528,0.2917215456234084,12244.898483072917,37256.83112784674,baseline
2025-12-05 05:00:00,50760.315842013886,0.3122603757182757,13247.87375108507,37512.129830553095,baseline
2025-12-05 06:00:00,53135.44204427084,0.2948209685583909,13284.272133246528,39850.87509005575,baseline
2025-12-05 07:00:00,56701.58947482639,0.3022978265417946,12637.78992296007,44063.49725403978,baseline
2025-12-05 08:00:00,58432.520104166666,439.7836428840624,11633.38173611111,46359.35472517149,baseline
2025-12-05 09:00:00,58096.56593858507,5110.165786675348,11208.70141357422,41777.6987383355,baseline
2025-12-05 10:00:00,57311.82496961806,10333.884704318576,8281.223540039062,38696.71672526042,baseline
2025-12-05 11:00:00,56145.22147135417,12141.35650499132,6595.125487196181,37408.73947916667,baseline
2025-12-05 12:00:00,54711.08515950521,13722.454836697048,5186.550265299479,35802.08005750868,baseline
2025-12-05 13:00:00,53584.02179253472,13514.468166232638,4224.482808702257,35845.07081759983,baseline
2025-12-05 14:00:00,52598.792235243054,12356.767016059028,4195.3340492079,36046.691169976126,baseline
2025-12-05 15:00:00,51915.52365526575,10902.59919813368,4233.866078016493,36779.05837911558,baseline
2025-12-05 16:00:00,51831.89989583333,8493.081876085069,4369.570639105903,38969.24738064236,baseline
2025-12-05 17:00:00,52502.99016493056,4630.623398166233,4054.3368413628473,43818.02992540148,baseline
2025-12-05 18:00:00,54362.15940104167,372.9333118671758,4385.464255642361,49603.76183353213,baseline
2025-12-05 19:00:00,55103.34666232639,0.1366320974379778,5917.828564453125,49185.38146577583,baseline
2025-12-05 20:00:00,54709.5953515625,0.1409952964550919,8220.908562825522,46488.54579344053,baseline
2025-12-05 21:00:00,54419.68475694444,0.160310626692242,9671.23199435764,44748.29245196012,baseline
2025-12-05 22:00:00,53648.4294921875,0.2020655640214681,10369.99056857639,43278.23685804709,baseline
2025-12-05 23:00:00,52175.32016059028,0.14773527847396,9687.809224175347,42487.36320113646,baseline
2025-12-06 00:00:00,50448.556549479166,0.1612929615461164,7901.578606770833,42546.81664974679,baseline
2025-12-06 01:00:00,49256.355078125,0.1717361159622669,6713.937406684027,42542.24593532501,baseline
2025-12-06 02:00:00,48277.64785807292,0.2154035961710744,5382.988430447049,42894.4440240297,baseline
2025-12-06 03:00:00,47873.912825520834,0.2638671964738104,4044.1705037434895,43829.47845458087,baseline
2025-12-06 04:00:00,47738.45597873264,0.2698365794287787,3855.4275919596353,43882.758550193576,baseline
2025-12-06 05:00:00,48011.76336805556,0.2609142235169808,3997.36604031033,44014.13641352172,baseline
2025-12-06 06:00:00,49000.85326388889,0.4024458193530639,4605.8428141276045,44394.60800394193,baseline
2025-12-06 07:00:00,50515.19941189236,0.548505229163501,5121.3663943142365,45393.28451234896,baseline
2025-12-06 08:00:00,51523.381256510416,594.3867187478808,5300.096314561632,45628.8982232009,baseline
2025-12-06 09:00:00,52233.08792317708,8913.819583062066,5051.5572721354165,38267.7110679796,baseline
2025-12-06 10:00:00,52540.1844639757,18052.82439778646,3483.382611219618,31003.97745496962,baseline
2025-12-06 11:00:00,51346.37829427084,19104.81847439236,3113.984586588542,29127.575233289936,baseline
2025-12-06 12:00:00,50316.76765407986,18899.21506076389,5230.570480957032,26186.982112358943,baseline
2025-12-06 13:00:00,49768.42945746528,18973.73060546875,9817.860620117188,20976.838231879345,baseline
2025-12-06 14:00:00,49565.47792317708,19114.767569444444,13293.850447048611,17156.859906684025,baseline
2025-12-06 15:00:00,49101.79354817709,19414.51697265625,13922.043283420138,15765.233292100696,baseline
2025-12-06 16:00:00,48959.50415798611,17136.66687391493,14840.859684244791,16981.97759982639,baseline
2025-12-06 17:00:00,48999.88251953125,9675.635285915798,14693.973637152778,24630.27359646268,baseline
2025-12-06 18:00:00,49713.92068359375,707.3561232847306,13581.571984592014,35424.992575717006,baseline
2025-12-06 19:00:00,50360.96124348958,0.2887665231360329,15439.087613932292,34921.58486303416,baseline
2025-12-06 20:00:00,49868.31437282986,0.4406151103973388,17995.315045572916,31872.558712146547,baseline
2025-12-06 21:00:00,49658.26419487847,0.5954009130265978,18497.75375,31159.915043965448,baseline
2025-12-06 22:00:00,49138.23877170139,0.5454875078135066,18131.924503038197,31005.768781155384,baseline
2025-12-06 23:00:00,48048.84944878472,0.5120638656616211,18112.94329861111,29935.394086307948,baseline
2025-12-07 00:00:00,46474.104735243054,0.3833255312509007,17550.781453993055,28922.93995571875,baseline
2025-12-07 01:00:00,44954.56459201389,0.3386521207955148,16426.835460069444,28527.39047982365,baseline
2025-12-07 02:00:00,43870.98690538194,0.3750468527939584,16545.893894314235,27324.717964214917,baseline
2025-12-07 03:00:00,43236.35960720486,0.4573793806963496,17237.666106770834,25998.23612105333,baseline
2025-12-07 04:00:00,43143.25669921875,0.5420943819814258,17319.770980902777,25822.943623933992,baseline
2025-12-07 05:00:00,43363.81194661458,0.4072892361879349,16534.424520399305,26828.980136979088,baseline
2025-12-07 06:00:00,43823.91706814237,0.3888378110859129,15404.718823784722,28418.80940654656,baseline
2025-12-07 07:00:00,44743.80564236111,0.4864332466655307,15327.174584418402,29416.144624696044,baseline
2025-12-07 08:00:00,45781.45270833333,379.530553714633,15629.152185329862,29772.769969288835,baseline
2025-12-07 09:00:00,47119.00103081597,6016.463532172309,15312.815483940973,25789.72201470269,baseline
2025-12-07 10:00:00,48728.87413411459,12387.136432291669,14949.051333550347,21392.68636827257,baseline
2025-12-07 11:00:00,49496.363901909725,13498.478782552083,16217.3515234375,19780.53359592014,baseline
2025-12-07 12:00:00,50101.7834765625,13480.943277994793,16924.083161892362,19696.75703667535,baseline
2025-12-07 13:00:00,50649.46935329861,14340.78632595486,16293.414133029512,20015.26889431424,baseline
2025-12-07 14:00:00,50878.00750651042,15435.960936414933,14919.194446614583,20522.8521234809,baseline
2025-12-07 15:00:00,50727.25121310764,16822.26041341146,12610.681124131945,21294.309675564236,baseline
2025-12-07 16:00:00,50447.98501519097,16289.8954296875,10989.44023871528,23168.649346788192,baseline
2025-12-07 17:00:00,50604.92344618055,9084.764495713976,9562.237255859374,31957.921694607205,baseline
2025-12-07 18:00:00,51861.48461371528,789.0370578717192,8233.160839301216,42839.286716542345,baseline
2025-12-07 19:00:00,53144.86363932292,0.3044345896111594,9074.929089626736,44069.63011510657,baseline
2025-12-07 20:00:00,53318.658127170136,0.3352597062455283,10509.905184461806,42808.41768300209,baseline
2025-12-07 21:00:00,53114.74014539931,0.3794783548514048,11464.256758897567,41650.10390814689,baseline
2025-12-07 22:00:00,52557.01573567709,0.4059663638803694,11925.08327690972,40631.526492403485,baseline
2025-12-07 23:00:00,50998.3538671875,0.3481180205610063,11386.374972873264,39611.63077629368,baseline
2025-12-08 00:00:00,49303.35062717014,0.3569134682085779,11527.77121310764,37775.22250059429,baseline
2025-12-08 01:00:00,48151.18133680556,0.354012119339572,10587.01249782986,37563.81482685636,baseline
2025-12-08 02:00:00,47548.8842719184,0.3789525199515952,10324.45206515842,37224.05325424003,baseline
2025-12-08 03:00:00,47662.50450086805,0.3720312238401836,9678.364446614583,37983.76802302963,baseline
2025-12-08 04:00:00,48370.56955295139,0.3873454248242908,9813.634721137152,38556.54748638941,baseline
2025-12-08 05:00:00,49895.9855078125,0.3818340010444323,9983.699644097222,39911.90402971424,baseline
2025-12-08 06:00:00,52939.52349609375,0.377500203748544,10006.567582465275,42932.57841342472,baseline
2025-12-08 07:00:00,57234.55211371528,0.3983831218878428,10053.109887152776,47181.04384344061,baseline
2025-12-08 08:00:00,58654.90629123264,1213.371332880391,9850.686203342017,47590.84875501024,baseline
2025-12-08 09:00:00,58049.89164496528,12469.027975802952,8184.791896158854,37396.07177300347,baseline
2025-12-08 10:00:00,56635.179322916665,23378.484756944443,5831.891309678819,27424.8032562934,baseline
2025-12-08 11:00:00,54768.1538780382,24772.03359157986,5095.433130425347,24900.68715603299,baseline
2025-12-08 12:00:00,52796.13086588542,24017.196046006942,5517.544286024306,23261.390533854166,baseline
2025-12-08 13:00:00,51469.03666015625,23536.864928385417,6402.866285807292,21529.30544596354,baseline
2025-12-08 14:00:00,50540.90901041667,23914.095266927085,7161.978305121528,19464.835438368056,baseline
2025-12-08 15:00:00,49933.89272135417,24493.10870876736,7440.481285807292,18000.302726779515,baseline
2025-12-08 16:00:00,49840.47426215278,22485.723118489583,7789.776839735243,19564.97430392795,baseline
2025-12-08 17:00:00,50298.80693142361,12138.327483181423,8396.723633355035,29763.755814887158,baseline
2025-12-08 18:00:00,52225.80408854166,844.19912036154,8648.16494140625,42733.44002677388,baseline
2025-12-08 19:00:00,54385.45211805555,4.411422931419478,12688.271202256945,41692.769492867184,baseline
2025-12-08 20:00:00,55268.2475672743,0.4611936964591344,15875.852227647569,39391.934145930274,baseline
2025-12-08 21:00:00,55528.29453776042,0.9801045166783864,18412.26279947917,37115.051633764575,baseline
2025-12-08 22:00:00,55122.10255642361,0.9406425459517374,19797.139759114583,35324.02215476308,baseline
2025-12-08 23:00:00,53508.38486328125,0.733646359509892,19985.010128038197,33522.64108888355,baseline
2025-12-09 00:00:00,51924.153771701385,0.6402170688907305,20057.197921006944,31866.31563362555,baseline
2025-12-09 01:00:00,50739.22356336805,0.6812347262104352,19821.50312934028,30917.03919930157,baseline
2025-12-09 02:00:00,50283.72910373264,0.5094926695194509,20187.528611653644,30095.69099940947,baseline
2025-12-09 03:00:00,50284.67911458333,0.5323403470052613,19963.863283420134,30320.28349081619,baseline
2025-12-09 04:00:00,50633.901627604166,0.4254504678315586,19861.26519314236,30772.210983993973,baseline
2025-12-09 05:00:00,52258.406775173615,0.615746288895607,19767.529921875,32490.26110700972,baseline
2025-12-09 06:00:00,55124.64779947917,0.7714033911625544,19980.157016059027,35143.719380028975,baseline
2025-12-09 07:00:00,59228.87803385417,0.6049090264240901,19507.307699652774,39720.96542517497,baseline
2025-12-09 08:00:00,60387.2947265625,1151.1288934788438,18929.387489149307,40306.77834393435,baseline
2025-12-09 09:00:00,58661.838871527776,12737.693327907986,16807.614488932293,29116.531054687497,baseline
2025-12-09 10:00:00,55883.068020833336,21803.036822916667,12426.515848524306,21653.515349392364,baseline
2025-12-09 11:00:00,53683.47950086805,23275.895258246528,11315.419616970486,19092.16462565104,baseline
2025-12-09 12:00:00,51721.68650390625,23280.59974663629,11401.799530436198,17039.28722683376,baseline
2025-12-09 13:00:00,50356.32503038194,22332.57724392361,12008.8180078125,16014.929778645834,baseline
2025-12-09 14:00:00,49549.276154513886,21278.302925347223,13405.50754123264,14865.465687934024,baseline
2025-12-09 15:00:00,49056.88440972223,20059.633784722224,15094.900946180556,13902.349678819446,baseline
2025-12-09 16:00:00,49108.88123263889,18398.44204644097,16271.395006510416,14439.044179687502,baseline
2025-12-09 17:00:00,49731.05989149305,10239.918610297307,17894.37314236111,21596.768138834632,baseline
2025-12-09 18:00:00,51500.10876736111,814.0124531486299,19228.685703125,31457.41061108748,baseline
2025-12-09 19:00:00,53008.0260546875,1.4729513815045356,21865.671842447915,31140.88126085808,baseline
2025-12-09 20:00:00,53308.17230034722,0.3746326675100459,24607.01922309028,28700.778444589432,baseline
2025-12-09 21:00:00,53141.69632378472,0.3973491538729932,25998.560787760416,27142.738186870432,baseline
2025-12-09 22:00:00,52400.73480034722,0.4657201237810983,26624.27404079861,25775.99503942483,baseline
2025-12-09 23:00:00,50452.18172743056,0.3606517646006412,26644.704891493056,23807.1161841729,baseline
2025-12-10 00:00:00,48331.8452452257,0.3560333846095535,26329.30690483941,22002.18230700168,baseline
2025-12-10 01:00:00,47031.86822048611,0.3448457654068867,25844.560792100696,21186.962582620006,baseline
2025-12-10 02:00:00,46127.73760850694,0.2561290637734864,24599.84131347656,21527.640165966604,baseline
2025-12-10 03:00:00,45656.52524956597,0.1495500786105791,22392.06097873264,23264.314720754723,baseline
2025-12-10 04:00:00,45935.376126302086,0.1546794659644365,20677.275963541662,25257.94548329445,baseline
2025-12-10 05:00:00,46991.70019748264,0.2319877715408802,20543.5191015625,26447.9491081486,baseline
2025-12-10 06:00:00,49650.19020833333,0.8110970585710473,23043.492625868057,26605.886485406707,baseline
2025-12-10 07:00:00,53476.89637369791,0.3336317768858539,24413.92794270833,29062.63479921269,baseline
2025-12-10 08:00:00,54517.00177734375,975.7779308048222,23907.812513020832,29633.411333518092,baseline
2025-12-10 09:00:00,53330.72535590278,11009.207975802952,21836.073229166668,20485.44415093316,baseline
2025-12-10 10:00:00,51793.67457465278,17983.701653645832,19731.22689453125,14078.746026475705,baseline
2025-12-10 11:00:00,50631.775010850695,17505.23175998264,19821.3365234375,13305.206727430552,baseline
2025-12-10 12:00:00,49854.92681423611,16311.43995985243,19264.999850260418,14278.487004123264,baseline
2025-12-10 13:00:00,49440.0258875868,17549.97476128472,16968.62887044271,14921.422255859376,baseline
2025-12-10 14:00:00,49441.238854166666,19219.53914279514,14493.318853081597,15728.38085828993,baseline
2025-12-10 15:00:00,49474.94976779514,21850.432337239585,10850.29074652778,16774.226684027773,baseline
2025-12-10 16:00:00,49423.12491536458,21337.82866970486,7391.74983452691,20693.54641113281,baseline
2025-12-10 17:00:00,49808.607610677085,11274.797946506076,5363.888521050348,33169.921143120664,baseline
2025-12-10 18:00:00,51188.67319444445,796.7090521338913,4645.08136610243,45746.88277620813,baseline
2025-12-10 19:00:00,52288.79066189236,0.195126043094529,5522.239826388889,46766.355709460375,baseline
2025-12-10 20:00:00,52205.03802083333,0.1985980151428116,6586.649475368924,45618.18994744926,baseline
2025-12-10 21:00:00,51979.87635199653,0.2298210150831275,7579.372507052952,44400.27402392849,baseline
2025-12-10 22:00:00,51248.965112847225,75.56895437028673,7837.183884006076,43336.21227447086,baseline
2025-12-10 23:00:00,49717.49549913195,56.42749110210273,7741.844249674479,41919.223758355365,baseline
2025-12-11 00:00:00,47847.618969184026,0.249493569980065,8283.83803873698,39563.53143687706,baseline
2025-12-11 01:00:00,46495.29946831597,0.245614344742563,9253.074507378473,37241.97934659275,baseline
2025-12-11 02:00:00,45873.91041449653,0.2411030640039179,10397.12203016493,35476.5472812676,baseline
2025-12-11 03:00:00,45809.53666883681,0.3542558115886317,11316.290933159722,34492.8914798655,baseline
2025-12-11 04:00:00,46537.59054036458,0.3829408774773279,14020.507999131944,32516.69960035516,baseline
2025-12-11 05:00:00,48163.55544921875,0.4099907705850071,16956.839273003472,31206.306185444693,baseline
2025-12-11 06:00:00,51364.89378689236,0.6641710742314657,18845.90453342014,32518.32508239799,baseline
2025-12-11 07:00:00,55571.33415798611,0.8435066480769051,20868.266360677084,34702.224290660946,baseline
2025-12-11 08:00:00,57321.896215277775,1166.6925541839337,21859.07966579861,34296.12399529523,baseline
2025-12-11 09:00:00,56001.905828993054,12588.575666232638,19435.523621961805,23977.80654079861,baseline
2025-12-11 10:00:00,54070.3501063368,21259.69068576389,15235.451207682292,17575.20821289062,baseline
2025-12-11 11:00:00,52378.98171006944,22581.613684895838,14045.247429470486,15752.12059570312,baseline
2025-12-11 12:00:00,50932.53957248264,22184.38121961805,13862.443062065971,14885.71529079861,baseline
2025-12-11 13:00:00,49566.009377170136,21921.35687717014,12736.03376953125,14908.618730468748,baseline
2025-12-11 14:00:00,49258.65692274306,22215.68824869792,12299.403255208334,14743.565418836806,baseline
2025-12-11 15:00:00,49028.0245594618,23036.582554253477,11651.40679904514,14340.035206163191,baseline
2025-12-11 16:00:00,48957.63794704861,21441.15005642361,11314.77269639757,16201.715194227432,baseline
2025-12-11 17:00:00,49632.61463975695,11624.740927734376,12015.52767686632,25992.346035156253,baseline
2025-12-11 18:00:00,50527.96346571181,841.2573339161277,13558.396725260416,36128.30940653526,baseline
2025-12-11 19:00:00,52105.84211805555,0.6808170190122392,19000.512003038195,33104.649297998345,baseline
2025-12-11 20:00:00,52285.20860026042,1.0580454627010558,22255.7023046875,30028.448250110217,baseline
2025-12-11 21:00:00,52214.910776909725,0.8041374907559818,23525.945421006945,28688.161218412024,baseline
2025-12-11 22:00:00,51452.9850390625,0.7368405655026435,23777.368986545134,27674.87921195186,baseline
2025-12-11 23:00:00,49771.453344184025,0.6913701398173968,24733.65896701389,25037.10300703032,baseline
2025-12-12 00:00:00,47939.14558376736,0.8806529598434766,25369.66611111111,22568.59881969641,baseline
2025-12-12 01:00:00,46463.25000651042,0.643246578640408,24752.949346788195,21709.65741314358,baseline
2025-12-12 02:00:00,45632.71603732639,0.4964649162358708,23696.520496961806,21935.69907544835,baseline
2025-12-12 03:00:00,44827.33217447917,0.7652764702174398,21946.709403211804,22879.857494797147,baseline
2025-12-12 04:00:00,44734.057916666665,3.4426150281561747,20219.13809461805,24511.477207020453,baseline
2025-12-12 05:00:00,45580.56381076389,0.4653261387348175,17982.846924913196,27597.25155971196,baseline
2025-12-12 06:00:00,47693.705698784725,0.4741853517625067,16644.804446614584,31048.427066818374,baseline
2025-12-12 07:00:00,50869.27905815972,0.307437827711304,15390.329891493056,35478.64172883896,baseline
2025-12-12 08:00:00,52042.930989583336,354.6624982299159,13677.219561631944,38011.04892972147,baseline
2025-12-12 09:00:00,51330.62951388889,6173.732739800347,11726.656586371528,33430.24018771701,baseline
2025-12-12 10:00:00,51004.15322482639,13694.170609809027,8766.06965983073,28543.912955186635,baseline
2025-12-12 11:00:00,50443.07996527778,16769.337390407985,8667.36447157118,25006.37810329861,baseline
2025-12-12 12:00:00,50507.99935329861,18334.447907986112,9984.539141710067,22189.01230360243,baseline
2025-12-12 13:00:00,50301.70406684028,18603.908582899305,9709.277994791666,21988.517489149308,baseline
2025-12-12 14:00:00,50227.546875,19177.145885416667,8854.75038845486,22195.650601128476,baseline
2025-12-12 15:00:00,50321.08275173611,19717.822337239584,8452.636123046876,22150.62429144965,baseline
2025-12-12 16:00:00,50576.07289496528,18669.636527777777,8188.2965901692705,23718.13977701823,baseline
2025-12-12 17:00:00,50966.4193359375,9855.538713378906,8059.780753038194,33051.0998695204,baseline
2025-12-12 18:00:00,51602.502478298615,744.1279970202264,9232.365123697917,41626.00935758047,baseline
2025-12-12 19:00:00,51726.8220703125,0.2414702511413229,11703.352488064236,40023.22811199712,baseline
2025-12-12 20:00:00,50783.16149305556,0.2814083104994562,13336.33767578125,37446.54240896381,baseline
2025-12-12 21:00:00,50171.18762152778,0.2704145016604,13445.91826063368,36724.99894639244,baseline
2025-12-12 22:00:00,49545.56503472223,0.2843941284633345,12462.425717230904,37082.85492336286,baseline
2025-12-12 23:00:00,48199.55769965277,0.3047581657932864,11113.700454644097,37085.55248684288,baseline
2025-12-13 00:00:00,46705.80880208333,0.3081832263949844,9412.824504123264,37292.67611473367,baseline
2025-12-13 01:00:00,45347.83052517361,0.3071753174066544,8121.083978949653,37226.43937090655,baseline
2025-12-13 02:00:00,44083.025314670136,0.3199040771027406,6663.373351236979,37419.33205935606,baseline
2025-12-13 03:00:00,43370.31620876736,0.3131039429207642,5322.526389431424,38047.476715393015,baseline
2025-12-13 04:00:00,43135.85690104167,0.3133180280774831,4069.285250108507,39066.25833290508,baseline
2025-12-13 05:00:00,43350.13403645833,0.3268335606488917,3280.6115342881944,40069.195668609485,baseline
2025-12-13 06:00:00,44200.18782118055,0.3325283015602164,2946.5792027452258,41253.27609013377,baseline
2025-12-13 07:00:00,45610.05777994792,0.3371937213672532,3204.992571885851,42404.7280143407,baseline
2025-12-13 08:00:00,46938.58040798611,214.17090010662875,3401.4962985568577,43322.91320932262,baseline
2025-12-13 09:00:00,48110.372938368055,4740.27816040039,3462.744732530382,39907.35004543728,baseline
2025-12-13 10:00:00,49566.41289930556,11276.28154079861,3101.0640562608505,35189.0673022461,baseline
2025-12-13 11:00:00,50377.47830078125,13381.751335720486,3461.30575249566,33534.42121256511,baseline
2025-12-13 12:00:00,50562.43024739583,14524.696531032989,4088.125644802517,31949.608071560328,baseline
2025-12-13 13:00:00,50517.11762803819,15837.034599609377,4750.004608832465,29930.07841959635,baseline
2025-12-13 14:00:00,50593.28001736111,15893.71456922743,5449.023713107639,29250.54173502604,baseline
2025-12-13 15:00:00,50835.90895399306,16632.551675347222,5436.646902669271,28766.710375976563,baseline
2025-12-13 16:00:00,51162.752717013886,16282.66131184896,4589.413307834201,30290.678097330725,baseline
2025-12-13 17:00:00,51422.25234157986,8201.326304253473,5707.336765407986,37513.589271918405,baseline
2025-12-13 18:00:00,51751.11395616319,567.9434321177337,8343.142684461805,42840.02783958365,baseline
2025-12-13 19:00:00,51557.33182291667,0.6328276281555494,11226.102953559028,40330.596041729485,baseline
2025-12-13 20:00:00,50267.59884982639,0.6955572478638755,13750.95930013021,36515.94399244832,baseline
2025-12-13 21:00:00,49834.1231922743,0.9695063130723104,17464.650748697917,32368.502937263314,baseline
2025-12-13 22:00:00,49763.82244357639,1.0789089316791958,19894.270828993056,29868.472705651657,baseline
2025-12-13 23:00:00,48874.459066840274,1.131901634004381,21184.022977430555,27689.304187775717,baseline
2025-12-14 00:00:00,47522.54411892361,0.9311858196391,22316.82302951389,25204.78990359008,baseline
2025-12-14 01:00:00,46340.786595052086,0.8179743325710297,22324.57575520833,24015.39286551118,baseline
2025-12-14 02:00:00,45577.656236979165,0.7731778400805261,22102.64315972222,23474.23989941686,baseline
2025-12-14 03:00:00,45409.24592881944,0.8136273687415653,22228.652421875,23179.779879575704,baseline
2025-12-14 04:00:00,45535.09287543403,0.7853381544020441,22146.946158854167,23387.36137842546,baseline
2025-12-14 05:00:00,46051.64555989584,0.7801687320073446,21769.238096788195,24281.627294375638,baseline
2025-12-14 06:00:00,46806.15883680555,0.6724233777655495,20287.337875434027,26518.14853799376,baseline
2025-12-14 07:00:00,48386.4934092882,0.6307711243629456,19009.157328559028,29376.705309604804,baseline
2025-12-14 08:00:00,50505.84050564236,137.61490749077666,17796.715859375,32571.50973877658,baseline
2025-12-14 09:00:00,52501.9548046875,2125.959827067057,16640.573092447918,33735.42188517252,baseline
2025-12-14 10:00:00,53766.20181206597,5392.285538194445,15246.092466362848,33127.82380750868,baseline
2025-12-14 11:00:00,54761.44362847223,8675.690600043403,12822.935417751736,33262.817610677084,baseline
2025-12-14 12:00:00,55097.74872829861,11217.601043836805,11748.792163628472,32131.35552083333,baseline
2025-12-14 13:00:00,54481.54032769097,12376.109213324651,10483.982435980904,31621.44867838541,baseline
2025-12-14 14:00:00,53507.683157552085,12552.576101345488,9310.123076171874,31644.983980034725,baseline
2025-12-14 15:00:00,52723.403899739584,12123.333646918403,8440.43777560764,32159.63247721354,baseline
2025-12-14 16:00:00,52623.775442708335,11368.007644314235,7456.552600368924,33799.21519802518,baseline
2025-12-14 17:00:00,53295.35093315972,5641.307017686632,7058.994153103298,40595.04976236979,baseline
2025-12-14 18:00:00,55582.38531684028,299.39057678485085,6923.18182671441,48359.81291334102,baseline
2025-12-14 19:00:00,57274.21423394097,0.2462649129248327,7331.845876736111,49942.12209229193,baseline
2025-12-14 20:00:00,57380.91970486111,0.2800364817761712,7570.658523220486,49809.98114515885,baseline
2025-12-14 21:00:00,56785.71260199653,0.2950054917898443,7566.385974392361,49219.03162211238,baseline
2025-12-14 22:00:00,56353.30074435764,0.2925833957476748,7274.566087782118,49078.44207317977,baseline
2025-12-14 23:00:00,55143.42847439236,0.2471076211664411,7135.778154296875,48007.40321247432,baseline
2025-12-15 00:00:00,54013.25943359375,0.265845605664783,6944.487415364583,47068.5061726235,baseline
2025-12-15 01:00:00,53177.71288628472,0.3032318461024099,6760.645085177952,46416.76456926067,baseline
2025-12-15 02:00:00,52758.43929904514,0.2488205066571633,6224.030620659722,46534.15985787876,baseline
2025-12-15 03:00:00,52754.22704861111,0.2703684462358554,6446.220316297743,46307.73636386713,baseline
2025-12-15 04:00:00,53079.32424045139,0.2543817161106401,6671.378543294271,46407.69131544101,baseline
2025-12-15 05:00:00,54560.51852864584,0.2627187968045473,7233.435267469618,47326.82054237941,baseline
2025-12-15 06:00:00,57601.76143880208,0.2865072910529044,7673.212680121528,49928.262251389504,baseline
2025-12-15 07:00:00,61476.203016493055,0.3616456255068381,7942.426976996528,53533.41439387102,baseline
2025-12-15 08:00:00,63113.90536024306,996.9993501750628,8833.00154296875,53283.90446709925,baseline
2025-12-15 09:00:00,62924.71525824653,9458.570169813367,8214.613674045138,45251.53141438802,baseline
2025-12-15 10:00:00,61494.919077690975,16894.046204427083,8531.962875434028,36068.90999782986,baseline
2025-12-15 11:00:00,59360.400755208335,18687.09624782986,9017.987884114584,31655.31662326389,baseline
2025-12-15 12:00:00,56854.717810329865,19649.359609375,9462.592233072915,27742.765967881947,baseline
2025-12-15 13:00:00,54896.13546657986,19972.045,9029.401630859376,25894.68883572049,baseline
2025-12-15 14:00:00,53367.508617621526,20287.362608506945,8932.790064019096,24147.355945095485,baseline
2025-12-15 15:00:00,52195.90943142361,19773.940494791663,9531.287517361112,22890.681419270837,baseline
2025-12-15 16:00:00,51785.75080295139,15995.03508029514,10265.203687065972,25525.51203559028,baseline
2025-12-15 17:00:00,52563.14990234375,5884.921344401042,10805.747782118056,35872.48077582465,baseline
2025-12-15 18:00:00,55409.25705295139,326.96251232160154,11780.166511501737,43302.12802912806,baseline
2025-12-15 19:00:00,57518.79150390625,0.5543837761754791,14640.280574001736,42877.956546128335,baseline
2025-12-15 20:00:00,57964.816328125,0.9065251805384954,17598.33354926215,40365.57625368232,baseline
2025-12-15 21:00:00,57926.37419270833,0.8010907138056226,19618.95289496528,38306.62020702925,baseline
2025-12-15 22:00:00,57003.24936197917,0.541583191872471,20344.33957465278,36658.36820413452,baseline
2025-12-15 23:00:00,54779.29782118055,0.4123094788938761,20965.788111979167,33813.097399722494,baseline
2025-12-16 00:00:00,52523.62293402778,0.4519296217378643,20576.215850694443,31946.9551537116,baseline
2025-12-16 01:00:00,50767.29754774306,0.2636728222792347,20058.938372395834,30708.095502524942,baseline
2025-12-16 02:00:00,49943.65887803819,0.3095344363856647,19217.87273763021,30725.4766059716,baseline
2025-12-16 03:00:00,49645.43898654514,0.2206811640328831,18013.8130078125,31631.405297568606,baseline
2025-12-16 04:00:00,49684.551625434025,0.2594581736293104,16963.54939236111,32720.742774899285,baseline
2025-12-16 05:00:00,50754.47713975694,0.2717834250132243,16208.80888671875,34545.39646961318,baseline
2025-12-16 06:00:00,53273.79428385416,0.3619391200898422,16262.966493055555,37010.46585167852,baseline
2025-12-16 07:00:00,56637.14291666666,0.5036763426661491,16298.287272135416,40338.35196818858,baseline
2025-12-16 08:00:00,57712.85328559028,266.1297099806865,16413.126359592014,41033.59721601758,baseline
2025-12-16 09:00:00,57237.25914930556,4601.540399848091,16758.80140190972,35876.917347547744,baseline
2025-12-16 10:00:00,56411.77671006945,11955.761343315971,14767.473567708334,29688.541799045142,baseline
2025-12-16 11:00:00,55332.70317274306,14642.71216688368,13502.705258246528,27187.28574761285,baseline
2025-12-16 12:00:00,54058.2417296007,15485.375870225696,13277.706256510415,25295.159602864587,baseline
2025-12-16 13:00:00,52901.54989800348,15183.725747612849,13653.00636935764,24064.817781032987,baseline
2025-12-16 14:00:00,52128.38025390625,14164.31294813368,14363.819128689236,23600.248177083336,baseline
2025-12-16 15:00:00,51618.94287760417,12857.01910047743,14070.94995985243,24690.97381727431,baseline
2025-12-16 16:00:00,51479.808253038194,11217.306614583333,14429.174578993056,25833.327059461808,baseline
2025-12-16 17:00:00,51757.65351779514,6548.335751139323,15049.678255208331,30159.63951144748,baseline
2025-12-16 18:00:00,53117.64018663194,704.8386319733494,15872.028060980903,36540.77349367769,baseline
2025-12-16 19:00:00,53569.29583333333,0.5746218644082546,17586.65550998264,35982.06570148628,baseline
2025-12-16 20:00:00,53239.39026475694,0.6859719726774428,17730.705032552083,35507.99926023218,baseline
2025-12-16 21:00:00,52627.7430078125,0.5646150609519747,17831.214618055557,34795.96377469599,baseline
2025-12-16 22:00:00,51300.69483072917,0.5228553709222211,17817.183585069444,33482.9883902888,baseline
2025-12-16 23:00:00,48783.64849392361,0.5221682381464375,16911.160882161457,31871.965443524008,baseline
2025-12-17 00:00:00,46392.70122721354,0.500544501932131,15324.557736816409,31067.6429458952,baseline
2025-12-17 01:00:00,44550.30097222222,0.5193402442832787,14163.25335828993,30386.528273688004,baseline
2025-12-17 02:00:00,43235.77650173611,0.5359935421910551,12693.015580240886,30542.22492795303,baseline
2025-12-17 03:00:00,42291.37005208333,0.5340591948893335,11214.660346137152,31076.17564675129,baseline
2025-12-17 04:00:00,42295.6447265625,0.4996902490986718,9976.15154513889,32318.993491174515,baseline
2025-12-17 05:00:00,42720.73321614583,0.5037948937548531,8451.087031792535,34269.14238945954,baseline
2025-12-17 06:00:00,43975.9090625,0.5022168057494694,6972.155685221354,37003.2511604729,baseline
2025-12-17 07:00:00,47059.4481640625,0.5152220296197467,6158.350995008681,40900.5819470242,baseline
2025-12-17 08:00:00,48980.12442708333,54.81789360963636,4856.10533203125,44069.20120144245,baseline
2025-12-17 09:00:00,49702.43706163194,3167.170368008084,3879.520984971788,42655.74570865207,baseline
2025-12-17 10:00:00,50633.64556423611,8671.304154730902,2568.4995081922743,39393.84190131293,baseline
2025-12-17 11:00:00,50894.12664496528,10588.383649088542,1415.2983260091146,38890.44466986762,baseline
2025-12-17 12:00:00,50782.75717447917,11417.136047092014,1231.6066006130643,38134.01452677409,baseline
2025-12-17 13:00:00,50374.0259375,11986.421804470488,1713.9888711208766,36673.61526190864,baseline
2025-12-17 14:00:00,49898.097074652775,11984.195151909722,3115.0566379123266,34798.84528483073,baseline
2025-12-17 15:00:00,49594.50470920139,11165.687092013888,5378.989711914062,33049.82790527344,baseline
2025-12-17 16:00:00,49447.53076822917,10171.467944878472,6337.893318142361,32938.16950520834,baseline
2025-12-17 17:00:00,49707.72769965278,6478.279169379341,7504.383551974826,35725.064978298615,baseline
2025-12-17 18:00:00,50329.21492621528,757.0758436454336,9814.08161892361,39758.05746364623,baseline
2025-12-17 19:00:00,50796.20129774306,0.4982410214179092,14596.689331597225,36199.013725124416,baseline
2025-12-17 20:00:00,50878.37624131944,0.448765908860498,18825.970857204866,32051.95661820572,baseline
2025-12-17 21:00:00,50598.91059027778,0.4331265530155764,20073.089325086807,30525.38813863796,baseline
2025-12-17 22:00:00,49923.19684027778,0.5546285459233655,22142.13173394097,27780.51047779088,baseline
2025-12-17 23:00:00,48134.766293402776,0.6209430806504356,22617.10852213541,25517.03682818671,baseline
2025-12-18 00:00:00,46106.27650173611,0.515426769124137,22742.215091145838,23363.54598382115,baseline
2025-12-18 01:00:00,44376.67180989583,0.5115427294373512,22605.141436631944,21771.01883053445,baseline
2025-12-18 02:00:00,43285.94874565972,0.5749671849608421,21909.452469618056,21375.9213088567,baseline
2025-12-18 03:00:00,42679.79454427084,0.7554079140557183,21630.94623046875,21048.09290588803,baseline
2025-12-18 04:00:00,42653.10328125,0.6097489580677615,21070.67340277778,21581.82012951415,baseline
2025-12-18 05:00:00,43166.64626736111,0.5151864098012447,20804.86850043403,22361.26258051728,baseline
2025-12-18 06:00:00,45059.50541666667,0.4434815754327509,21175.934932725693,23883.12700236554,baseline
2025-12-18 07:00:00,48030.00170138889,0.4410904910167058,20655.081584201387,27374.47902669648,baseline
2025-12-18 08:00:00,49365.50507378472,301.4615478533341,20930.08933810764,28133.954187823747,baseline
2025-12-18 09:00:00,49575.04920138889,6250.453537462023,19752.807439236112,23571.788224690757,baseline
2025-12-18 10:00:00,49776.89271701389,12720.959921875,17373.09236111111,19682.84043402778,baseline
2025-12-18 11:00:00,49687.46923177083,14956.514874131944,17612.22092013889,17118.7334375,baseline
2025-12-18 12:00:00,49847.37616319444,17168.38050998264,18417.21515842014,14261.780494791668,baseline
2025-12-18 13:00:00,50080.63603298611,17496.131178385418,18451.21610894097,14133.288745659724,baseline
2025-12-18 14:00:00,50587.824461805554,17863.773435329862,18297.46580078125,14426.585225694442,baseline
2025-12-18 15:00:00,50999.575,17614.147291666668,17173.030536024307,16212.397172309022,baseline
2025-12-18 16:00:00,51353.70622612848,16023.349507378472,16198.471681857638,19131.885036892363,baseline
2025-12-18 17:00:00,51572.35350043403,10075.227829589843,16177.943742404514,25319.181928439677,baseline
2025-12-18 18:00:00,52139.43246310764,894.9062417009142,12923.876773003472,38320.64944840325,baseline
2025-12-18 19:00:00,52889.17752387153,0.2550493211133612,12617.996528862846,40270.925945687566,baseline
2025-12-18 20:00:00,52435.33638671875,0.2550236015187369,13356.53070203993,39078.5506610773,baseline
2025-12-18 21:00:00,51947.36843098958,0.2865439578808016,13005.869300130207,38941.21258690149,baseline
2025-12-18 22:00:00,50905.8803125,0.2886543276740445,11324.891220703124,39580.7004374692,baseline
2025-12-18 23:00:00,48988.141139322914,0.2881727781560685,10699.53578233507,38288.317184209685,baseline
2025-12-19 00:00:00,47179.0366514757,0.3167838045623567,10607.002961154514,36571.71690651662,baseline
2025-12-19 01:00:00,45725.86742838542,0.30272895740966,11037.834931640626,34687.72976778739,baseline
2025-12-19 02:00:00,45160.13078125,0.3246919737756252,11770.53958875868,33389.266500517544,baseline
2025-12-19 03:00:00,44964.80868489584,0.3222436478154526,13370.118893229166,31594.36754801885,baseline
2025-12-19 04:00:00,45412.36340928819,0.296692353081372,14841.939559461804,30570.127157473304,baseline
2025-12-19 05:00:00,46709.172400173615,0.2910482049981753,15628.92417860243,31079.957173366187,baseline
2025-12-19 06:00:00,49406.48558376736,0.2818133208321201,17909.96931423611,31496.23445621042,baseline
2025-12-19 07:00:00,53300.56146484375,0.2650462660565972,19593.821497395835,33706.474921181856,baseline
2025-12-19 08:00:00,55590.49747829861,863.3437886809061,22116.666069878476,32610.48761973923,baseline
2025-12-19 09:00:00,55288.19518446181,11061.166291775173,21470.437897135416,22756.590995551214,baseline
2025-12-19 10:00:00,53984.443984375,19281.02243272569,18638.887560763887,16064.533990885422,baseline
2025-12-19 11:00:00,52637.037667100696,19981.829644097223,18797.77991753472,13857.428105468753,baseline
2025-12-19 12:00:00,51376.7547764757,19487.28798394097,19036.60801432292,12852.858778211805,baseline
2025-12-19 13:00:00,50392.42462239583,18382.588485243057,18467.28754123264,13542.548595920132,baseline
2025-12-19 14:00:00,49995.356536458334,18042.06123046875,17995.55240234375,13957.742903645834,baseline
2025-12-19 15:00:00,49767.83091362847,17740.172918836804,17808.811417100693,14218.84657769098,baseline
2025-12-19 16:00:00,49680.93233506945,17280.4372515191,17819.790043402776,14580.705040147572,baseline
2025-12-19 17:00:00,49843.47646050347,10215.352526041666,18905.083257378472,20723.040677083336,baseline
2025-12-19 18:00:00,51288.54755425347,1015.198867331677,21758.881239149305,28514.467447772488,baseline
2025-12-19 19:00:00,52171.66543185764,0.7180294663707415,23740.514635416668,28430.4327669746,baseline
2025-12-19 20:00:00,51807.77300564236,0.5057347180777126,24807.43828776042,26999.828983163865,baseline
2025-12-19 21:00:00,51520.83605034722,0.4958860714568032,25374.431987847223,26145.90817642854,baseline
2025-12-19 22:00:00,51060.39938151042,0.5203957157995965,26036.38159939236,25023.497386402258,baseline
2025-12-19 23:00:00,49740.135553385415,0.5160524323251512,25972.77466579861,23766.84483515448,baseline
2025-12-20 00:00:00,48356.80968315972,0.5082933429876964,25763.88276909722,22592.418620719516,baseline
2025-12-20 01:00:00,47063.98609592014,0.5081579283210966,25806.787131076388,21256.69080691543,baseline
2025-12-20 02:00:00,46028.01680989583,0.5512909999489785,25931.371866319445,20096.09365257644,baseline
2025-12-20 03:00:00,45349.42154730903,0.5262393932541212,25535.61070746528,19813.284600450497,baseline
2025-12-20 04:00:00,44928.55033203125,0.5133194047543738,25090.565970052085,19837.47104257441,baseline
2025-12-20 05:00:00,45077.078081597225,0.5249285858538416,24825.773919270832,20250.779233740537,baseline
2025-12-20 06:00:00,45746.645062934025,0.5267271308766471,24736.90031032986,21009.21802547329,baseline
2025-12-20 07:00:00,47084.65830729167,0.5410254677799013,25495.593543836807,21588.52373798708,baseline
2025-12-20 08:00:00,48177.04460720486,391.378183087541,25294.15152126736,22491.514902849955,baseline
2025-12-20 09:00:00,49135.06771701389,6858.111404351129,22739.78370008681,19537.172612575952,baseline
2025-12-20 10:00:00,49521.95262369792,14702.64541341146,18346.139678819443,16473.167531467014,baseline
2025-12-20 11:00:00,49114.9616688368,17490.979186197917,16383.642428385416,15240.340054253473,baseline
2025-12-20 12:00:00,48913.13246961805,17976.759973958335,16579.002683376737,14357.36981228298,baseline
2025-12-20 13:00:00,48868.201985677086,17268.585815972223,17688.79820746528,13910.817962239584,baseline
2025-12-20 14:00:00,48889.59148654514,17012.258654513887,17291.63806857639,14585.694763454863,baseline
2025-12-20 15:00:00,49439.8028797743,16216.4428515625,16602.916869574652,16620.44315863715,baseline
2025-12-20 16:00:00,50190.26385416667,15291.782000868056,16473.312261284722,18425.169592013888,baseline
2025-12-20 17:00:00,50758.11945095486,9698.645205349392,16476.2403125,24583.233933105468,baseline
2025-12-20 18:00:00,50847.659249131946,971.4517304727268,16684.327535807293,33191.879982851926,baseline
2025-12-20 19:00:00,50775.71320746528,0.3177237289481693,19533.595672743057,31241.79981099327,baseline
2025-12-20 20:00:00,49731.12340711806,0.3291798184315364,20027.799275173613,29702.994952126013,baseline
2025-12-20 21:00:00,49778.54568793403,0.3403710993131001,22737.69923828125,27040.506078553462,baseline
2025-12-20 22:00:00,49136.08236111111,0.3447642215092977,23736.301762152776,25399.435834736825,baseline
2025-12-20 23:00:00,48103.487925347225,0.3374445854624112,23296.111927083333,24807.03855367843,baseline
2025-12-21 00:00:00,46518.74372395833,0.3363434285091029,21242.99201388889,25275.415366640933,baseline
2025-12-21 01:00:00,44859.12464626736,0.3460884946419133,18459.07793185764,26399.70062591508,baseline
2025-12-21 02:00:00,43522.94356011285,0.3661836124087373,17268.150290256075,26254.427086244366,baseline
2025-12-21 03:00:00,42739.35604817709,0.3291097565326425,16302.696258680557,26436.33067974,baseline
2025-12-21 04:00:00,42532.40244574653,0.4199051116738054,16591.611791449654,25940.3707491852,baseline
2025-12-21 05:00:00,42421.78806206597,0.4391064217686653,16133.427702907986,26287.921252736214,baseline
2025-12-21 06:00:00,42707.794845920136,0.4191734838485718,14764.043312717014,27943.332359719272,baseline
2025-12-21 07:00:00,43481.8253016493,0.5251874234278997,11886.99861002604,31594.30150419984,baseline
2025-12-21 08:00:00,44781.352013888885,180.3857109594842,9818.60523654514,34782.36106638426,baseline
2025-12-21 09:00:00,46297.60071614583,5022.708484700521,8167.886565212673,33107.00566623264,baseline
2025-12-21 10:00:00,47779.00849826389,12277.96705295139,4846.827695041233,30654.213750271265,baseline
2025-12-21 11:00:00,48478.45405598958,14232.861796875,3425.6335812717016,30819.95867784288,baseline
2025-12-21 12:00:00,49133.50563802083,15125.02462782118,2446.408639051649,31562.072371148,baseline
2025-12-21 13:00:00,49611.95366319444,15773.223444010417,1529.2844078233506,32309.445811360674,baseline
2025-12-21 14:00:00,50124.94142144097,16766.234149305557,1288.7436283365885,32069.963643798823,baseline
2025-12-21 15:00:00,50468.02720920139,16379.924700520833,1279.940371636285,32808.16213704427,baseline
2025-12-21 16:00:00,50872.59665364584,15342.40008029514,1571.6346316189235,33958.56194173177,baseline
2025-12-21 17:00:00,51140.21719184028,9105.670868055557,2560.4288475206163,39474.1174762641,baseline
2025-12-21 18:00:00,51750.15238932292,957.2088746156296,4221.97543375651,46570.96808095078,baseline
2025-12-21 19:00:00,52069.1577452257,0.3710653509861893,5830.362809787326,46238.42387008738,baseline
2025-12-21 20:00:00,51555.84852864583,0.3748608997960885,6763.015346679687,44792.45832106635,baseline
2025-12-21 21:00:00,50915.37743706597,0.4002212917142444,7619.566500108507,43295.41071566576,baseline
2025-12-21 22:00:00,50016.14373263889,0.3639161434935198,9000.402330729166,41015.37748576624,baseline
2025-12-21 23:00:00,48242.067845052086,0.3950489723020129,11097.610339626735,37144.06245645304,baseline
2025-12-22 00:00:00,46261.45343532986,0.4900603588091002,13604.383315972222,32656.58005899883,baseline
2025-12-22 01:00:00,44698.115316840274,0.8624615080820189,15249.490093315972,29447.76276201622,baseline
2025-12-22 02:00:00,43626.511338975695,0.4976705614725749,15859.99207465278,27766.021593761445,baseline
2025-12-22 03:00:00,42933.772000868055,0.4026360018385781,16330.191345486111,26603.178019380102,baseline
2025-12-22 04:00:00,42820.20323567709,0.4198671682841248,16777.93256076389,26041.850807744915,baseline
2025-12-22 05:00:00,43370.59834635416,0.4922070540322197,16856.600360243057,26513.505779057075,baseline
2025-12-22 06:00:00,44687.72603732639,0.557686018149058,16197.636235894097,28489.532115414146,baseline
2025-12-22 07:00:00,46672.716673177085,0.4588698221246401,16212.87384657118,30459.38395678378,baseline
2025-12-22 08:00:00,48414.56080729167,123.53295510119862,16146.262672526042,32144.765179664428,baseline
2025-12-22 09:00:00,49425.95024305556,4373.888853759766,15442.465202907986,29609.596186387807,baseline
2025-12-22 10:00:00,50201.19400390625,11742.476713324651,12296.936988932292,26161.7803016493,baseline
2025-12-22 11:00:00,50811.867799479165,15136.949263237848,11477.49970811632,24197.418828124995,baseline
2025-12-22 12:00:00,51965.5863563368,17126.892543402777,13499.266499565972,21339.42731336805,baseline
2025-12-22 13:00:00,52674.26420355903,18431.204123263888,14520.788056640626,19722.272023654517,baseline
2025-12-22 14:00:00,53317.15051866319,18013.233604600693,15372.535240885416,19931.38167317709,baseline
2025-12-22 15:00:00,53681.5492860243,17437.503997395834,15772.04869140625,20471.99659722222,baseline
2025-12-22 16:00:00,54057.94362196181,16431.671552734377,16565.204839409722,21061.06722981771,baseline
2025-12-22 17:00:00,54053.945388454864,10146.5190625,18020.6986436632,25886.72768229167,baseline
2025-12-22 18:00:00,54411.9240234375,1027.3281115585896,20200.38921875,33184.20669312892,baseline
2025-12-22 19:00:00,55136.70550998264,0.4875461106499036,23487.991039496526,31648.226924375464,baseline
2025-12-22 20:00:00,54506.88544921875,0.571490692794323,25155.52774956597,29350.786208959988,baseline
2025-12-22 21:00:00,53589.26924479166,0.5094282765852081,25139.89705078125,28448.86276573383,baseline
2025-12-22 22:00:00,52595.83025390625,0.4758505216903156,25044.090390625,27551.26401275956,baseline
2025-12-22 23:00:00,50813.0266015625,0.4898598236838976,25090.592367621528,25721.94437411729,baseline
2025-12-23 00:00:00,48657.40698784722,0.235376033021344,24581.023253038195,24076.148358776005,baseline
2025-12-23 01:00:00,46708.20732421875,0.2727714375158151,24393.362289496527,22314.572263284703,baseline
2025-12-23 02:00:00,45341.74639539931,0.4234468096743027,24603.87488498264,20737.448063606997,baseline
2025-12-23 03:00:00,44352.78398654514,0.3607294198870658,23981.61972873264,20370.80352839261,baseline
2025-12-23 04:00:00,43846.318917100696,0.2773134765442874,22990.60432508681,20855.437278537345,baseline
2025-12-23 05:00:00,44052.88542751736,0.3699078477422396,22363.514680989585,21689.00083868003,baseline
2025-12-23 06:00:00,45137.49400390625,0.3660746860835287,21811.098196614585,23326.02973260558,baseline
2025-12-23 07:00:00,46683.44253689236,0.329534605509705,21327.79492621528,25355.318076071577,baseline
2025-12-23 08:00:00,48040.73975260417,152.2047712595264,20171.415811631945,27717.119169712696,baseline
2025-12-23 09:00:00,49121.58030815972,4624.205513373481,18758.86216579861,25738.512628987628,baseline
2025-12-23 10:00:00,50637.4969032118,13154.646729600694,15106.007504340278,22376.84266927083,baseline
2025-12-23 11:00:00,52254.75122395833,16966.77980143229,14323.014125434029,20964.957297092013,baseline
2025-12-23 12:00:00,53429.25028862847,17919.815516493054,14674.825304904514,20834.609467230905,baseline
2025-12-23 13:00:00,54394.30503689236,18527.87008246528,14540.753930121527,21325.68102430555,baseline
2025-12-23 14:00:00,55336.33541449653,18035.0689453125,13900.161625434028,23401.10484375,baseline
2025-12-23 15:00:00,56100.73797743056,18063.419155815973,13085.523169487848,24951.79565212674,baseline
2025-12-23 16:00:00,56431.70517578125,17949.094971788196,13100.113549262152,25382.4966547309,baseline
2025-12-23 17:00:00,56054.46303385417,11230.571774631077,13382.426571180556,31441.46468804253,baseline
2025-12-23 18:00:00,54913.46136501736,1079.2394513954057,13013.216222873263,40821.00569074869,baseline
2025-12-23 19:00:00,53786.26595486111,0.3593780517578125,16388.38308159722,37397.52349521213,baseline
2025-12-23 20:00:00,53743.586197916666,0.3952767537037531,20965.874184027776,32777.31673713519,baseline
2025-12-23 21:00:00,53187.0496875,0.4687344545125961,23777.12535807292,29409.455594972573,baseline
2025-12-23 22:00:00,52243.68605251736,0.890297423336241,24848.893433159723,27393.902321934303,baseline
2025-12-23 23:00:00,50608.42831814236,0.4737467194265789,24713.562063802085,25894.392507620847,baseline
2025-12-24 00:00:00,48431.83778645833,0.5644766294956207,24176.82527994792,24254.44802988092,baseline
2025-12-24 01:00:00,46334.41785807291,0.501151001950105,23622.89137369792,22711.025333373047,baseline
2025-12-24 02:00:00,44557.07208333333,0.468078516556157,22870.955631510416,21685.64837330636,baseline
2025-12-24 03:00:00,43234.32103081597,0.4957741215825081,21678.4415234375,21555.383733256884,baseline
2025-12-24 04:00:00,42591.18789279514,0.4715515792038706,19745.534344618056,22845.18199659788,baseline
2025-12-24 05:00:00,42502.951145833336,0.4847843633757697,17610.78537326389,24891.68098820607,baseline
2025-12-24 06:00:00,42962.96337456597,0.4450352383322186,16595.897421875,26366.62091745264,baseline
2025-12-24 07:00:00,44207.46802951389,0.4718316622575124,16676.23855251736,27530.757645334277,baseline
2025-12-24 08:00:00,45415.33465711806,107.04510171294211,17074.66669704861,28233.622858356503,baseline
2025-12-24 09:00:00,46550.96683159722,2585.8345629204646,15868.090227864584,28097.04204081217,baseline
2025-12-24 10:00:00,48283.72150173611,7971.272388780382,13566.286500651042,26746.162612304684,baseline
2025-12-24 11:00:00,50117.42333767361,13514.20248155382,15183.808098958334,21419.41275716145,baseline
2025-12-24 12:00:00,51785.41947265625,16777.002957899305,16113.447608506944,18894.968906250004,baseline
2025-12-24 13:00:00,52953.78215494792,18732.78117621528,15181.103446180556,19039.897532552088,baseline
2025-12-24 14:00:00,54227.44388237847,19219.63769748264,14314.108742404514,20693.69744249132,baseline
2025-12-24 15:00:00,55225.19317708333,19712.13758029514,13840.089189453123,21672.966407335065,baseline
2025-12-24 16:00:00,55639.61328125,17915.02933702257,13638.220873480905,24086.363070746527,baseline
2025-12-24 17:00:00,55124.681328125,9332.494879014755,13354.290284288194,32437.89616482205,baseline
2025-12-24 18:00:00,54444.23852213542,854.0370372533632,13739.474417317708,39850.72706756435,baseline
2025-12-24 19:00:00,53690.86890407986,0.2266602235039075,17412.519653862848,36278.12258999351,baseline
2025-12-24 20:00:00,51969.525219184026,0.2581251495083173,21267.279587673613,30701.987506360907,baseline
2025-12-24 21:00:00,50656.06638454861,0.3146323530541526,23585.401753472222,27070.349998723337,baseline
2025-12-24 22:00:00,49562.259609375,0.2477051556441519,23880.6321484375,25681.379755781854,baseline
2025-12-24 23:00:00,48106.65398871528,0.2747489743431409,23686.222328559023,24420.156911181908,baseline
2025-12-25 00:00:00,46491.49229166667,0.3090835537347529,23696.08828125,22795.094926862937,baseline
2025-12-25 01:00:00,44835.870023871525,0.3247350019547674,23491.823621961805,21343.721666907764,baseline
2025-12-25 02:00:00,43438.583821614586,0.385994517389271,22798.291341145832,20639.906485951364,baseline
2025-12-25 03:00:00,42389.15921875,0.3997136760916975,21722.827042100693,20665.93246297321,baseline
2025-12-25 04:00:00,41668.05571180556,0.3308079443044133,20862.58418185764,20805.140722003616,baseline
2025-12-25 05:00:00,41331.65669270833,0.3233678100506464,19955.59105685764,21375.74226804064,baseline
2025-12-25 06:00:00,41386.200375434026,0.3838593501845995,19020.23624565972,22365.58027042412,baseline
2025-12-25 07:00:00,42034.09167751736,0.4155999555521541,17846.923854166667,24186.752223395142,baseline
2025-12-25 08:00:00,42814.55744791667,124.70160935334032,16970.779711371528,25719.0761271918,baseline
2025-12-25 09:00:00,44059.68524739584,3427.7119504123266,15774.036959635416,24857.93633734809,baseline
2025-12-25 10:00:00,45788.09720269097,9826.041720377603,12767.154720052084,23194.900762261284,baseline
2025-12-25 11:00:00,47449.15543402778,14329.864690755208,10921.522177734376,22197.768565538197,baseline
2025-12-25 12:00:00,48817.45370876736,16304.068793402776,10467.826613498264,22045.55830186632,baseline
2025-12-25 13:00:00,49986.41574001736,17226.577007378473,9633.895378689236,23125.943353949653,baseline
2025-12-25 14:00:00,51004.28072916667,16732.774930555555,9719.799520399303,24551.70627821181,baseline
2025-12-25 15:00:00,51814.10356336806,16736.566963975696,10743.61217013889,24333.92442925347,baseline
2025-12-25 16:00:00,52346.65538628472,15727.494152560765,12024.099764539931,24595.061469184024,baseline
2025-12-25 17:00:00,52185.05498263889,9778.653355034725,12598.370070529514,29808.031557074653,baseline
2025-12-25 18:00:00,51686.47675998264,988.2060492364566,14084.945131293403,36613.32557945278,baseline
2025-12-25 19:00:00,51431.31240451389,0.1522572901431057,18195.087962239584,33236.072184984165,baseline
2025-12-25 20:00:00,50340.05401475694,0.142015943887333,21978.98217013889,28360.929828674165,baseline
2025-12-25 21:00:00,49467.40016927083,0.1695219034246272,23826.30465060764,25640.925996759768,baseline
2025-12-25 22:00:00,48679.71285373264,0.1764899241634541,23869.80917751736,24809.72718629111,baseline
2025-12-25 23:00:00,47473.80814670139,0.2342601571190688,23289.31240668403,24184.261479860244,baseline
2025-12-26 00:00:00,45855.20604600695,0.2599906744394037,22893.315145399305,22961.630909933203,baseline
2025-12-26 01:00:00,44220.70615234375,0.2691102602415615,21733.45564236111,22486.9813997224,baseline
2025-12-26 02:00:00,42954.60858072917,0.3254378177060021,20119.36814670139,22834.914996210075,baseline
2025-12-26 03:00:00,42088.15844618056,0.3153437041656838,18879.76545138889,23208.0776510875,baseline
2025-12-26 04:00:00,41702.40303168403,0.2961223720345232,17998.555716145835,23703.55119316616,baseline
2025-12-26 05:00:00,41727.94773220486,0.2711512741032574,17573.219754774305,24154.456826156453,baseline
2025-12-26 06:00:00,42426.161015625,0.2964863629308011,16918.300247395833,25507.56428186624,baseline
2025-12-26 07:00:00,43607.90288628472,0.3155986504173941,16014.70428059896,27592.883007035343,baseline
2025-12-26 08:00:00,44567.11804470486,271.4799209225177,14731.37794921875,29564.26017456359,baseline
2025-12-26 09:00:00,45540.35824652778,5860.433356933594,12585.28421766493,27094.640671929257,baseline
2025-12-26 10:00:00,47516.23461371528,14338.601280381945,7863.42988172743,25314.203451605903,baseline
2025-12-26 11:00:00,49700.99570095486,18263.63943359375,5354.599851888021,26082.756415473086,baseline
2025-12-26 12:00:00,51556.880455729166,20427.69659722222,5437.739795464409,25691.444063042534,baseline
2025-12-26 13:00:00,53205.99458116319,20819.792213541667,5394.853461371527,26991.34890625,baseline
2025-12-26 14:00:00,54973.69953993055,20988.67746744792,5492.319799262153,28492.70227322048,baseline
2025-12-26 15:00:00,56526.24999782986,21653.73562934028,6199.55255750868,28672.9618109809,baseline
2025-12-26 16:00:00,57395.40640407986,20980.561846788198,7269.848855251736,29144.99570203993,baseline
2025-12-26 17:00:00,57327.09511501736,11997.719254557293,7873.681265733507,37455.69459472656,baseline
2025-12-26 18:00:00,56589.587734375,1209.7519066831635,7693.146628146701,47686.68919954514,baseline
2025-12-26 19:00:00,55790.96372395833,0.2517193812628587,9606.62191297743,46184.09009159964,baseline
2025-12-26 20:00:00,54048.02923177083,0.2638889468378491,13152.94986328125,40894.81547954274,baseline
2025-12-26 21:00:00,52825.74281901042,0.2999429417815473,15826.389760199652,36999.053115868985,baseline
2025-12-26 22:00:00,51792.45449001736,0.3146050491597917,17792.588719618056,33999.551165350145,baseline
2025-12-26 23:00:00,50071.35079861112,0.3329897526072131,20034.880857204866,30036.136951653647,baseline
2025-12-27 00:00:00,48084.51192057291,0.3673059692730506,21608.542022569443,26475.6025920342,baseline
2025-12-27 01:00:00,46156.76853515625,0.2350958483335044,22789.293018663197,23367.24042064472,baseline
2025-12-27 02:00:00,44695.95187717014,0.2924570519642697,23794.630540364586,20901.028879753598,baseline
2025-12-27 03:00:00,43729.21312717014,0.2384414888173341,24001.55812282986,19727.416562851457,baseline
2025-12-27 04:00:00,43123.1030186632,0.2634293941739533,23702.96909939236,19419.870489876663,baseline
2025-12-27 05:00:00,42708.660390625,0.2823713032984071,22904.198628472222,19804.17939084948,baseline
2025-12-27 06:00:00,42925.057044270834,0.280545542753405,22299.154207899304,20625.62229082877,baseline
2025-12-27 07:00:00,43547.07262369792,0.317206044147412,21891.68004340278,21655.07537425099,baseline
2025-12-27 08:00:00,44173.99874782986,176.43683033269312,21234.035221354166,22763.52669614301,baseline
2025-12-27 09:00:00,45583.84080512153,4893.514423556858,19840.337408854168,20849.988972710504,baseline
2025-12-27 10:00:00,47538.80089192709,12611.001929253473,16436.35693684896,18491.442025824654,baseline
2025-12-27 11:00:00,49600.550711805554,15399.857728949652,16839.41714409722,17361.27583875868,baseline
2025-12-27 12:00:00,51439.21498480903,17073.056264105904,17568.401358506944,16797.75736219618,baseline
2025-12-27 13:00:00,52802.17919921875,17436.727526041668,18306.251790364586,17059.1998828125,baseline
2025-12-27 14:00:00,54138.518704427086,17633.32517578125,19482.48220920139,17022.711319444446,baseline
2025-12-27 15:00:00,55302.7598328993,17181.40105902778,20795.47660373264,17325.882170138888,baseline
2025-12-27 16:00:00,55911.88442274305,15561.4585546875,21663.522562934028,18686.903305121523,baseline
2025-12-27 17:00:00,55760.92830295139,8706.330827094183,23525.524392361112,23529.07308349609,baseline
2025-12-27 18:00:00,55356.64778211805,940.1550925746892,23936.092350260416,30480.400339282947,baseline
2025-12-27 19:00:00,55234.709212239584,0.3400977360539966,25781.60872395833,29452.7603905452,baseline
2025-12-27 20:00:00,54090.77421223959,0.416849332054456,27152.32684027778,26938.030522629757,baseline
2025-12-27 21:00:00,52847.61701171875,0.4946973324815432,27199.136710069444,25647.985604316826,baseline
2025-12-27 22:00:00,51812.02921006944,0.4518160710069868,26502.042454427083,25309.534939571357,baseline
2025-12-27 23:00:00,50321.669526909725,0.4113254592484898,26383.45337456597,23937.804826884505,baseline
2025-12-28 00:00:00,48464.15220052083,0.3757760840654373,25965.41772569445,22498.35869874232,baseline
2025-12-28 01:00:00,46689.53975477431,0.3927787448631392,25025.98247395833,21663.164502071108,baseline
2025-12-28 02:00:00,45128.75685763889,0.422203605208132,24286.269225260417,20842.06542877326,baseline
2025-12-28 03:00:00,44068.01724392361,0.4331092761291398,23180.18856336805,20887.39557127943,baseline
2025-12-28 04:00:00,43355.581690538194,0.4576628985007604,21175.95023220486,22179.173795434832,baseline
2025-12-28 05:00:00,42764.52221571181,0.4460264724493026,19158.09097005208,23605.985219187274,baseline
2025-12-28 06:00:00,42754.29671006944,0.450388906399409,18212.652115885416,24541.19420527763,baseline
2025-12-28 07:00:00,43461.76302517361,0.6031145244836807,16888.058268229168,26573.10164241996,baseline
2025-12-28 08:00:00,44031.54438585069,239.1918178290791,15202.158639322915,28590.193928698696,baseline
2025-12-28 09:00:00,45152.27873046875,5473.509192165799,14033.762840711806,25645.006697591147,baseline
2025-12-28 10:00:00,47146.61271050348,13330.801498480903,13214.605500217014,20601.20571180556,baseline
2025-12-28 11:00:00,49207.90540147569,15165.14920138889,15817.82560221354,18224.93059787326,baseline
2025-12-28 12:00:00,50960.52887586805,16694.540846354168,17014.778663194444,17251.20936631944,baseline
2025-12-28 13:00:00,52673.036312934026,18061.12846137153,16470.85714735243,18141.050704210065,baseline
2025-12-28 14:00:00,53830.031171875,18622.688734809028,15921.886442057292,19285.455995008684,baseline
2025-12-28 15:00:00,54572.3200390625,19040.968878038195,16295.55453016493,19235.79663085937,baseline
2025-12-28 16:00:00,54721.74098741319,16379.281396484375,17479.768372395833,20862.691218532986,baseline
2025-12-28 17:00:00,54139.34558159722,8623.733962131077,19489.57444878472,26026.03717068142,baseline
2025-12-28 18:00:00,54019.1818467882,859.4305035883519,22659.43891276041,30500.31243043943,baseline
2025-12-28 19:00:00,54236.749459635415,0.4586800349917677,23643.091946614582,30593.19883298584,baseline
2025-12-28 20:00:00,53119.40503689236,0.37636393075188,23992.08324869792,29126.945424263697,baseline
2025-12-28 21:00:00,52078.75848307292,0.4526616954803467,23561.82964626736,28516.47617511008,baseline
2025-12-28 22:00:00,50836.041532118055,0.3363568833139208,22218.47386935764,28617.2313058771,baseline
2025-12-28 23:00:00,49047.19278862848,0.3764139031039344,20811.20663845486,28235.60973627051,baseline
2025-12-29 00:00:00,47192.7404405382,0.4496413739025592,19924.257762586807,27268.033036577486,baseline
2025-12-29 01:00:00,45341.22495876736,0.397299536632167,19710.8357421875,25629.991917043222,baseline
2025-12-29 02:00:00,44523.6717046441,0.423256331053045,19142.201298828124,25381.04714948492,baseline
2025-12-29 03:00:00,44414.67345269097,0.2864041864871979,16879.550030381943,27534.83701812254,baseline
2025-12-29 04:00:00,44624.83585286458,0.5355421801904837,14932.606493055557,29691.69381762884,baseline
2025-12-29 05:00:00,45682.41236545139,0.3386864783863226,14286.849939236112,31395.22373973689,baseline
2025-12-29 06:00:00,47705.84223741319,0.3607626361979378,14623.450655381945,33082.03081939505,baseline
2025-12-29 07:00:00,50741.16739583333,0.3751005849573347,14810.601087239584,35930.19120800879,baseline
2025-12-29 08:00:00,53508.63346788195,172.63923602653875,15431.368426649306,37904.6258052061,baseline
2025-12-29 09:00:00,55213.66892361111,3138.954572753906,14946.40172092014,37128.31262993706,baseline
2025-12-29 10:00:00,56534.67834418403,7861.433989257813,14708.767273220486,33964.47708170573,baseline
2025-12-29 11:00:00,56952.60052083333,9710.658387586804,16768.002080078124,30473.9400531684,baseline
2025-12-29 12:00:00,57037.58821614584,10485.481011284724,16234.292328559028,30317.814876302087,baseline
2025-12-29 13:00:00,56965.35501519097,10256.66216796875,14271.8481640625,32436.844683159725,baseline
2025-12-29 14:00:00,56773.45868923611,9247.121239149306,13310.873136935765,34215.46431315104,baseline
2025-12-29 15:00:00,56485.01427300347,8038.704886610243,12007.1524609375,36439.156925455725,baseline
2025-12-29 16:00:00,56724.01498046875,6516.876714409722,10959.839214409722,39247.29905164931,baseline
2025-12-29 17:00:00,57311.52654296875,2933.1218718804253,9478.174382595484,44900.23028849284,baseline
2025-12-29 18:00:00,58741.15455295139,232.8747478781475,7813.0796305338545,50695.200174539386,baseline
2025-12-29 19:00:00,59782.49499782986,0.3930573604007562,7129.588840603298,52652.51309986616,baseline
2025-12-29 20:00:00,59306.12873263889,0.3059193962481287,7295.893784179688,52009.92902906296,baseline
2025-12-29 21:00:00,58882.204906684026,0.3071775249143441,7112.525631510417,51769.372097648695,baseline
2025-12-29 22:00:00,57707.61561631945,0.3114609441161156,7093.764597439236,50613.53955793609,baseline
2025-12-29 23:00:00,55840.05857421875,0.3304503699143727,7294.276611328125,48545.45151252071,baseline
2025-12-30 00:00:00,54079.66871744792,0.3267141046292252,8135.296815863715,45944.04518747957,baseline
2025-12-30 01:00:00,52636.62442491319,0.3602777686549557,8850.209402126737,43786.0547450178,baseline
2025-12-30 02:00:00,51814.66283854167,0.2954916524431771,9172.170739474826,42642.1966074144,baseline
2025-12-30 03:00:00,51644.42692708333,0.2889794082774056,9334.144537760416,42309.99340991464,baseline
2025-12-30 04:00:00,52049.01870659722,0.3129748052855333,9490.168961588544,42558.53677020339,baseline
2025-12-30 05:00:00,53120.01773871528,0.5116134859952661,8744.312495659722,44375.19362956956,baseline
2025-12-30 06:00:00,55055.92457899306,0.419964967717727,8149.781301540798,46905.723312484544,baseline
2025-12-30 07:00:00,57525.04231987847,0.3152303980456458,6991.14448404948,50533.582605430944,baseline
2025-12-30 08:00:00,59479.20098307292,476.4467665352424,5763.610501844618,53239.143714693055,baseline
2025-12-30 09:00:00,59567.88900824653,10115.32697048611,5418.1833203125,44034.37871744792,baseline
2025-12-30 10:00:00,58173.17040581597,22510.23461371528,4253.524197319878,31409.411594780817,baseline
2025-12-30 11:00:00,56234.56071180556,24121.79340060764,3032.295101182726,29080.472210015192,baseline
2025-12-30 12:00:00,54047.62314236111,23821.538721788194,3386.2396459960937,26839.84477457682,baseline
2025-12-30 13:00:00,52285.801328125,23502.954262152776,3986.966183810764,24795.880882161466,baseline
2025-12-30 14:00:00,51017.1525390625,23935.981393229165,4268.1404543728295,22813.03069146051,baseline
2025-12-30 15:00:00,50196.38611111111,24885.09289279514,3579.083394639757,21732.20982367621,baseline
2025-12-30 16:00:00,49862.24674913195,24426.69420355903,3144.840314398872,22290.71223117405,baseline
2025-12-30 17:00:00,50201.79072482639,14044.628843858509,3437.729070095486,32719.432810872397,baseline
2025-12-30 18:00:00,52444.26116970486,1317.1087714533012,4213.274086914063,46913.878311337496,baseline
2025-12-30 19:00:00,54665.71701388889,0.3446262128982279,6193.562570529514,48471.80981714648,baseline
2025-12-30 20:00:00,55192.302339409725,0.3460293904278013,8630.748696831597,46561.2076131877,baseline
2025-12-30 21:00:00,55663.84302517361,0.3615075116025077,9867.343935546874,45796.13758211514,baseline
2025-12-30 22:00:00,55464.12688151042,0.345056604511208,10387.782492404514,45075.99933250139,baseline
2025-12-30 23:00:00,54362.457057291664,0.3517404529286755,11429.582191840278,42932.52312499846,baseline
2025-12-31 00:00:00,53189.19713107639,0.3333575405677159,12031.177113715275,41157.68665982055,baseline
2025-12-31 01:00:00,52393.8700108507,0.3300080165432559,11567.82767686632,40825.71232596784,baseline
2025-12-31 02:00:00,51857.199270833335,0.3394593707720438,10843.46179796007,41013.39801350249,baseline
2025-12-31 03:00:00,51634.05146918403,0.3444727072947555,9459.297725694443,42174.409270782286,baseline
2025-12-31 04:00:00,51900.253203125,0.337530992395348,8254.249518229166,43645.66615390344,baseline
2025-12-31 05:00:00,52819.36925998264,0.4011415150761604,7429.554214952257,45389.413903515306,baseline
2025-12-31 06:00:00,54754.88213324653,0.335348019765483,6621.111176215278,48133.43560901149,baseline
2025-12-31 07:00:00,57145.928355034725,0.3448872878154119,5897.3178304036455,51248.26563734326,baseline
2025-12-31 08:00:00,58814.42225043403,572.2720659806662,5392.232416449653,52849.91776800371,baseline
2025-12-31 09:00:00,58154.36908854167,10343.47008734809,4634.935191514757,43175.96380967882,baseline
2025-12-31 10:00:00,55954.71672526042,24413.17117838541,3168.898889702691,28372.646657172318,baseline
2025-12-31 11:00:00,53617.20782986111,25679.151312934027,1979.421353081597,25958.635163845483,baseline
2025-12-31 12:00:00,51385.15446614583,24743.0306640625,2167.431405436198,24474.692396647137,baseline
2025-12-31 13:00:00,49656.44122612848,24037.73550130208,3372.8457923719616,22245.85993245443,baseline
2025-12-31 14:00:00,48726.82737630208,24087.646473524303,4408.1528325737845,20231.028070203996,baseline
2025-12-31 15:00:00,48058.85150607639,24943.13474609375,4629.490246853298,18486.22651312934,baseline
2025-12-31 16:00:00,48036.83053168403,24432.38598307292,4351.16994249132,19253.27460611979,baseline
2025-12-31 17:00:00,48402.35705512153,14627.15517686632,4393.011020507813,29382.1908577474,baseline
2025-12-31 18:00:00,49624.52018663195,1717.374823022286,4899.465,43007.68036360966,baseline
2025-12-31 19:00:00,50885.12306640625,0.288741743101014,7328.147792426215,43556.68653223693,baseline
2025-12-31 20:00:00,49773.488765190974,0.2529211883578036,9979.253995225694,39793.98184877692,baseline
2025-12-31 21:00:00,49002.5126280382,0.261823697404729,13073.831037326388,35928.419767014406,baseline
2025-12-31 22:00:00,48230.283255208335,0.2529435410930051,15597.708151041666,32632.322160625576,baseline
2025-12-31 23:00:00,47374.19031467014,0.2747091737058427,17978.649136284723,29395.266469211707,baseline
